candidate,block,seed,date,ic_base,ic_aug,delta
mraw,0,20260801,2024-01-02,-0.1371773621482261,-0.1371773621482261,0.0
mraw,0,20260801,2024-01-03,-0.08361934463044954,-0.08361934463044954,0.0
mraw,0,20260801,2024-01-04,0.019113520500574105,0.019113520500574105,0.0
mraw,0,20260801,2024-01-05,-0.12005405325010447,-0.12005405325010447,0.0
mraw,0,20260801,2024-01-08,-0.07016554575778294,-0.07016554575778294,0.0
mraw,0,20260801,2024-01-09,-0.1260860239679082,-0.1260860239679082,0.0
mraw,0,20260801,2024-01-10,-0.13862764105357317,-0.13862764105357317,0.0
mraw,0,20260801,2024-01-11,0.10043381795848934,0.10043381795848934,0.0
mraw,0,20260801,2024-01-12,0.08107527740823195,0.08107527740823195,0.0
mraw,0,20260801,2024-01-15,-0.030141826503354542,-0.030141826503354542,0.0
mraw,0,20260801,2024-01-16,0.02119599066099722,0.02119599066099722,0.0
mraw,0,20260801,2024-01-17,0.07184040051390873,0.07184040051390873,0.0
mraw,0,20260801,2024-01-18,0.07777677580076821,0.07777677580076821,0.0
mraw,0,20260801,2024-01-19,-0.10329250433665398,-0.10329250433665398,0.0
mraw,0,20260801,2024-01-22,-0.02375253729374212,-0.02375253729374212,0.0
mraw,0,20260801,2024-01-23,0.22227149531032522,0.22227149531032522,0.0
mraw,0,20260801,2024-01-24,-0.05099817867912731,-0.05099817867912731,0.0
mraw,0,20260801,2024-01-25,0.07529267136602465,0.07529267136602465,0.0
mraw,0,20260801,2024-01-26,-0.10290828447875539,-0.10290828447875539,0.0
mraw,0,20260801,2024-01-29,-0.06950293902610832,-0.06950293902610832,0.0
mraw,0,20260811,2024-01-02,-0.1726691158434732,-0.1726691158434732,0.0
mraw,0,20260811,2024-01-03,-0.11872271172510211,-0.11872271172510211,0.0
mraw,0,20260811,2024-01-04,-0.02488513902680393,-0.02488513902680393,0.0
mraw,0,20260811,2024-01-05,-0.08170988031736957,-0.08170988031736957,0.0
mraw,0,20260811,2024-01-08,-0.07398568651947869,-0.07398568651947869,0.0
mraw,0,20260811,2024-01-09,-0.1320543396497057,-0.1320543396497057,0.0
mraw,0,20260811,2024-01-10,-0.1723022625449341,-0.1723022625449341,0.0
mraw,0,20260811,2024-01-11,0.08745202108127749,0.08745202108127749,0.0
mraw,0,20260811,2024-01-12,0.055193539468011685,0.055193539468011685,0.0
mraw,0,20260811,2024-01-15,0.02567595279206543,0.02567595279206543,0.0
mraw,0,20260811,2024-01-16,-0.015268923009898768,-0.015268923009898768,0.0
mraw,0,20260811,2024-01-17,0.06996851444709236,0.06996851444709236,0.0
mraw,0,20260811,2024-01-18,0.11742930895445455,0.11742930895445455,0.0
mraw,0,20260811,2024-01-19,-0.09831747904665873,-0.09831747904665873,0.0
mraw,0,20260811,2024-01-22,-0.03087139998821881,-0.03087139998821881,0.0
mraw,0,20260811,2024-01-23,0.18689964609980766,0.18689964609980766,0.0
mraw,0,20260811,2024-01-24,-0.03131955754754535,-0.03131955754754535,0.0
mraw,0,20260811,2024-01-25,0.08010861114796143,0.08010861114796143,0.0
mraw,0,20260811,2024-01-26,-0.08729621341476164,-0.08729621341476164,0.0
mraw,0,20260811,2024-01-29,-0.05564724568355933,-0.05564724568355933,0.0
mraw,0,20260821,2024-01-02,-0.11233009159405835,-0.11233009159405835,0.0
mraw,0,20260821,2024-01-03,-0.06912990816687202,-0.06912990816687202,0.0
mraw,0,20260821,2024-01-04,-0.013617271270933918,-0.013617271270933918,0.0
mraw,0,20260821,2024-01-05,-0.037406004149829884,-0.037406004149829884,0.0
mraw,0,20260821,2024-01-08,-0.04277776961527023,-0.04277776961527023,0.0
mraw,0,20260821,2024-01-09,-0.08735348021777158,-0.08735348021777158,0.0
mraw,0,20260821,2024-01-10,-0.1489837972567182,-0.1489837972567182,0.0
mraw,0,20260821,2024-01-11,0.13484488941951245,0.13484488941951245,0.0
mraw,0,20260821,2024-01-12,0.07806931222336722,0.07806931222336722,0.0
mraw,0,20260821,2024-01-15,-0.02888081360208977,-0.02888081360208977,0.0
mraw,0,20260821,2024-01-16,0.0018246343468281444,0.0018246343468281444,0.0
mraw,0,20260821,2024-01-17,0.07224997319824497,0.07224997319824497,0.0
mraw,0,20260821,2024-01-18,0.0907422879474448,0.0907422879474448,0.0
mraw,0,20260821,2024-01-19,-0.06818668794060667,-0.06818668794060667,0.0
mraw,0,20260821,2024-01-22,-0.0761244651464464,-0.0761244651464464,0.0
mraw,0,20260821,2024-01-23,0.24413038133325848,0.24413038133325848,0.0
mraw,0,20260821,2024-01-24,-0.019548810926222196,-0.019548810926222196,0.0
mraw,0,20260821,2024-01-25,0.1695936187944951,0.1695936187944951,0.0
mraw,0,20260821,2024-01-26,-0.08617746419196874,-0.08617746419196874,0.0
mraw,0,20260821,2024-01-29,-0.08594381397757105,-0.08594381397757105,0.0
mraw,1,20260801,2024-01-30,0.3717098228442984,0.37178508697081736,7.526412651898129e-05
mraw,1,20260801,2024-01-31,-0.0018655016635490634,-0.10285962358229424,-0.10099412191874517
mraw,1,20260801,2024-02-01,0.4306614367909213,0.43443192112146806,0.003770484330546775
mraw,1,20260801,2024-02-02,0.23200560684287128,0.3067891224629534,0.07478351562008215
mraw,1,20260801,2024-02-05,-0.12365331753995669,-0.13092718010129303,-0.0072738625613363445
mraw,1,20260801,2024-02-06,0.03967129628677051,0.04229602374616143,0.0026247274593909214
mraw,1,20260801,2024-02-07,-0.47040014697636034,-0.43791246807217526,0.03248767890418508
mraw,1,20260801,2024-02-08,0.11406543112141057,0.08492040987062026,-0.029145021250790312
mraw,1,20260801,2024-02-19,-0.042970508029059766,-0.052396841224890335,-0.009426333195830569
mraw,1,20260801,2024-02-20,-0.14535910954853393,-0.13712392140525512,0.00823518814327881
mraw,1,20260801,2024-02-21,-0.24318728500508094,-0.23407330043875207,0.009113984566328864
mraw,1,20260801,2024-02-22,-0.3123497482179691,-0.2747760194730272,0.037573728744941914
mraw,1,20260801,2024-02-23,-0.31378668658330244,-0.3076111679414882,0.006175518641814259
mraw,1,20260801,2024-02-26,-0.46759446045569586,-0.4531574610658545,0.014436999389841332
mraw,1,20260801,2024-02-27,0.5283216509261958,0.45918947709786706,-0.0691321738283287
mraw,1,20260801,2024-02-28,-0.19831512026457396,-0.2428452101305665,-0.04453008986599255
mraw,1,20260801,2024-02-29,-0.24132101471119632,-0.22250392404315356,0.01881709066804277
mraw,1,20260801,2024-03-01,0.01288866452297718,-0.014028018182757002,-0.026916682705734184
mraw,1,20260801,2024-03-04,0.1850750733290301,0.20957762783435394,0.024502554505323848
mraw,1,20260801,2024-03-05,0.0325287721337844,0.03728648272054072,0.004757710586756322
mraw,1,20260811,2024-01-30,0.37698867971805794,0.3931692969176793,0.016180617199621383
mraw,1,20260811,2024-01-31,-0.053218458232612766,-0.07413521683231347,-0.020916758599700706
mraw,1,20260811,2024-02-01,0.3962302342237612,0.3873174948417799,-0.008912739381981283
mraw,1,20260811,2024-02-02,0.21046490988816785,0.24005826694037807,0.029593357052210223
mraw,1,20260811,2024-02-05,-0.13538552734876783,-0.08696814636150964,0.04841738098725819
mraw,1,20260811,2024-02-06,0.044438602570080435,0.03211512032773022,-0.012323482242350213
mraw,1,20260811,2024-02-07,-0.4136821291228967,-0.41573568059339916,-0.002053551470502457
mraw,1,20260811,2024-02-08,0.07894431337448649,0.08143964711885132,0.002495333744364836
mraw,1,20260811,2024-02-19,-0.06165929005601085,-0.06626068922132244,-0.004601399165311597
mraw,1,20260811,2024-02-20,-0.13089433416767823,-0.15331804501609841,-0.02242371084842018
mraw,1,20260811,2024-02-21,-0.24097498051511,-0.264465395204503,-0.02349041468939303
mraw,1,20260811,2024-02-22,-0.28964420615702835,-0.25786230716284353,0.03178189899418482
mraw,1,20260811,2024-02-23,-0.2999450898362711,-0.2961858734409982,0.0037592163952728797
mraw,1,20260811,2024-02-26,-0.4531425810499924,-0.44961032928461203,0.0035322517653803565
mraw,1,20260811,2024-02-27,0.42767978435929627,0.4272430619055417,-0.00043672245375458996
mraw,1,20260811,2024-02-28,-0.32559448136231595,-0.22098156561101268,0.10461291575130327
mraw,1,20260811,2024-02-29,-0.25461985671236814,-0.26808619601858447,-0.013466339306216324
mraw,1,20260811,2024-03-01,0.00998485170899002,0.013472327520548099,0.003487475811558078
mraw,1,20260811,2024-03-04,0.20305089016389952,0.22747806600317522,0.0244271758392757
mraw,1,20260811,2024-03-05,0.05558244569345847,0.002090775069549307,-0.053491670623909165
mraw,1,20260821,2024-01-30,0.3513137785585432,0.3936474137213937,0.04233363516285055
mraw,1,20260821,2024-01-31,-0.0289584044708045,-0.03390235708514391,-0.004943952614339407
mraw,1,20260821,2024-02-01,0.3790459237535128,0.37685518166556076,-0.002190742087952058
mraw,1,20260821,2024-02-02,0.24275824421744857,0.1952467516495563,-0.04751149256789228
mraw,1,20260821,2024-02-05,-0.14814430236584622,-0.1061280289126917,0.04201627345315452
mraw,1,20260821,2024-02-06,0.03862956891377378,0.05735597759518137,0.01872640868140759
mraw,1,20260821,2024-02-07,-0.41095271851019216,-0.4094378599500808,0.001514858560111354
mraw,1,20260821,2024-02-08,0.103642349002679,0.09170228809668295,-0.011940060905996058
mraw,1,20260821,2024-02-19,-0.05794659394136372,-0.05459594714253054,0.003350646798833179
mraw,1,20260821,2024-02-20,-0.13394529363032825,-0.14521564919762975,-0.011270355567301493
mraw,1,20260821,2024-02-21,-0.24706254242733058,-0.22719526077369326,0.019867281653637325
mraw,1,20260821,2024-02-22,-0.2816463128042114,-0.2636504467302642,0.017995866073947153
mraw,1,20260821,2024-02-23,-0.3117209602072701,-0.30664984435955267,0.005071115847717411
mraw,1,20260821,2024-02-26,-0.48552398556856974,-0.47158754271232156,0.013936442856248177
mraw,1,20260821,2024-02-27,0.5043641060343066,0.4449369302894709,-0.05942717574483569
mraw,1,20260821,2024-02-28,-0.33361297962136915,-0.250094843597689,0.08351813602368013
mraw,1,20260821,2024-02-29,-0.24021524448534132,-0.24840092748678044,-0.008185683001439126
mraw,1,20260821,2024-03-01,0.01960260701683913,0.0067375047763515725,-0.012865102240487557
mraw,1,20260821,2024-03-04,0.19845113552032628,0.1999350326320867,0.0014838971117604183
mraw,1,20260821,2024-03-05,0.035339716072240145,0.02578509505433846,-0.009554621017901686
mraw,2,20260801,2024-03-06,-0.020842499435723947,-0.030289038017449605,-0.009446538581725658
mraw,2,20260801,2024-03-07,0.2929037463031804,0.2767347642062095,-0.016168982096970874
mraw,2,20260801,2024-03-08,-0.1164690271109594,-0.11816881173800639,-0.0016997846270469935
mraw,2,20260801,2024-03-11,-0.2767038081288073,-0.30863885846961403,-0.03193505034080674
mraw,2,20260801,2024-03-12,-0.009477733706044992,0.003000348631782257,0.012478082337827249
mraw,2,20260801,2024-03-13,0.1466360949639537,0.11532040463534078,-0.03131569032861291
mraw,2,20260801,2024-03-14,-0.12022526152599859,-0.1055877290092117,0.014637532516786886
mraw,2,20260801,2024-03-15,-0.051085968620679593,-0.05948263794464432,-0.008396669323964726
mraw,2,20260801,2024-03-18,0.01923108498987025,0.027688305500825232,0.008457220510954981
mraw,2,20260801,2024-03-19,-0.16487314994437396,-0.14524498855935666,0.0196281613850173
mraw,2,20260801,2024-03-20,0.108356561555292,0.13301464937780538,0.024658087822513386
mraw,2,20260801,2024-03-21,0.1657099345584384,0.17962597395130386,0.013916039392865454
mraw,2,20260801,2024-03-22,0.21432431424730264,0.1809354409620386,-0.03338887328526405
mraw,2,20260801,2024-03-25,-0.12951858269763564,-0.1382029993225696,-0.008684416624933966
mraw,2,20260801,2024-03-26,0.13084541665882327,0.23445333603733687,0.1036079193785136
mraw,2,20260801,2024-03-27,0.0600810703418705,0.01940002095996854,-0.04068104938190196
mraw,2,20260801,2024-03-28,0.06217322892524058,0.09939065533086612,0.03721742640562554
mraw,2,20260801,2024-03-29,-0.09490379594130216,-0.15100934169037483,-0.05610554574907267
mraw,2,20260801,2024-04-01,0.2089149469648875,0.18952809812738397,-0.019386848837503523
mraw,2,20260801,2024-04-02,0.257606349606879,0.17720314410387447,-0.08040320550300453
mraw,2,20260811,2024-03-06,-0.0530041852463979,-0.06778029963270633,-0.014776114386308437
mraw,2,20260811,2024-03-07,0.2563999228305906,0.27391948411381384,0.01751956128322324
mraw,2,20260811,2024-03-08,-0.09680979235053967,-0.15639312380072823,-0.059583331450188556
mraw,2,20260811,2024-03-11,-0.2602622418878226,-0.2752573026701599,-0.01499506078233731
mraw,2,20260811,2024-03-12,-0.03142871119622003,-0.014513536701724958,0.016915174494495075
mraw,2,20260811,2024-03-13,0.13008966597619662,0.09739420231581436,-0.03269546366038226
mraw,2,20260811,2024-03-14,-0.11754872043184417,-0.07824939211875552,0.03929932831308865
mraw,2,20260811,2024-03-15,-0.059262159002820974,-0.02615286712185825,0.033109291880962725
mraw,2,20260811,2024-03-18,0.0033877722970779753,0.019644168829855216,0.016256396532777242
mraw,2,20260811,2024-03-19,-0.10175140209792584,-0.11218027699599267,-0.010428874898066834
mraw,2,20260811,2024-03-20,0.08681556187840433,0.14558843073870673,0.05877286886030239
mraw,2,20260811,2024-03-21,0.17694204343961603,0.16037527159086873,-0.016566771848747303
mraw,2,20260811,2024-03-22,0.19063993837223595,0.16796488288416295,-0.022675055488072998
mraw,2,20260811,2024-03-25,-0.09498992109600447,-0.101180907426488,-0.006190986330483525
mraw,2,20260811,2024-03-26,0.2278945729866666,0.17224257516076877,-0.05565199782589783
mraw,2,20260811,2024-03-27,-0.001865221399341501,0.03469817364780759,0.03656339504714909
mraw,2,20260811,2024-03-28,0.06434089269427187,0.07680474786485843,0.012463855170586555
mraw,2,20260811,2024-03-29,-0.043784735012904946,-0.12332376961266446,-0.07953903459975951
mraw,2,20260811,2024-04-01,0.24075254751879505,0.25905852283160813,0.018305975312813083
mraw,2,20260811,2024-04-02,0.22811868213260125,0.22189829211213669,-0.006220390020464567
mraw,2,20260821,2024-03-06,-0.0059257173507174235,-0.04176293230166978,-0.03583721495095236
mraw,2,20260821,2024-03-07,0.27985727836710256,0.2990830396450864,0.019225761277983866
mraw,2,20260821,2024-03-08,-0.09745234490437887,-0.19022902429642718,-0.09277667939204831
mraw,2,20260821,2024-03-11,-0.23453265543082907,-0.26900010136153396,-0.03446744593070489
mraw,2,20260821,2024-03-12,-0.02186553850156917,-0.019910461902820437,0.001955076598748731
mraw,2,20260821,2024-03-13,0.1650680631124854,0.07771384030726636,-0.08735422280521904
mraw,2,20260821,2024-03-14,-0.12750951116397852,-0.0817425788189584,0.04576693234502012
mraw,2,20260821,2024-03-15,-0.02333575455443554,-0.04275040101896435,-0.019414646464528812
mraw,2,20260821,2024-03-18,0.0016594034940871159,0.023068577822266952,0.021409174328179837
mraw,2,20260821,2024-03-19,-0.16646218383022915,-0.07252366567462334,0.0939385181556058
mraw,2,20260821,2024-03-20,0.14804419945636904,0.11537405248948598,-0.03267014696688306
mraw,2,20260821,2024-03-21,0.17572017738565893,0.17504921425776973,-0.0006709631278891959
mraw,2,20260821,2024-03-22,0.21254012495692748,0.20251765553459875,-0.010022469422328734
mraw,2,20260821,2024-03-25,-0.08095090974528384,-0.13329732141306347,-0.05234641166777963
mraw,2,20260821,2024-03-26,0.15243018786245238,0.2258735608140785,0.07344337295162612
mraw,2,20260821,2024-03-27,0.024986667122218458,0.003630836403543994,-0.021355830718674463
mraw,2,20260821,2024-03-28,0.0749719222227237,0.07635524900963526,0.0013833267869115679
mraw,2,20260821,2024-03-29,-0.1083697511624342,-0.10098291913300363,0.007386832029430579
mraw,2,20260821,2024-04-01,0.1764695770552978,0.24207647118525083,0.06560689412995302
mraw,2,20260821,2024-04-02,0.3130846082048401,0.335648408311464,0.0225638001066239
mraw,3,20260801,2024-04-03,0.27892740781197695,0.27468276907534805,-0.004244638736628892
mraw,3,20260801,2024-04-08,-0.11153506579088455,-0.13289817441025145,-0.021363108619366897
mraw,3,20260801,2024-04-09,0.3002290812240042,0.28760878487153885,-0.012620296352465366
mraw,3,20260801,2024-04-10,0.16846605809881382,0.1504163174466027,-0.018049740652211127
mraw,3,20260801,2024-04-11,0.026069577215184016,-0.02852996910904361,-0.05459954632422763
mraw,3,20260801,2024-04-12,-0.08715224050293649,-0.1574105286071351,-0.0702582881041986
mraw,3,20260801,2024-04-15,-0.3441574379758924,-0.37767902112910196,-0.03352158315320958
mraw,3,20260801,2024-04-16,0.2229856203991118,0.27303063169884956,0.05004501129973776
mraw,3,20260801,2024-04-17,0.029268496806525972,0.06279338949878553,0.033524892692259556
mraw,3,20260801,2024-04-18,-0.2512624436468125,-0.25563581806634217,-0.004373374419529674
mraw,3,20260801,2024-04-19,0.1806579857955563,0.16711791913336985,-0.013540066662186462
mraw,3,20260801,2024-04-22,-0.2133012180349899,-0.22389612707502704,-0.010594909040037154
mraw,3,20260801,2024-04-23,-0.15092594920857214,-0.11831704029263182,0.032608908915940316
mraw,3,20260801,2024-04-24,0.03333483324864244,0.04463995260217863,0.011305119353536189
mraw,3,20260801,2024-04-25,-0.14889329008040644,-0.047683420547129686,0.10120986953327676
mraw,3,20260801,2024-04-26,-0.1489209961590117,-0.08611552475454942,0.06280547140446227
mraw,3,20260801,2024-04-29,0.16701812536648458,0.1765365502814031,0.009518424914918527
mraw,3,20260801,2024-04-30,0.016260216620308215,0.011959586848652145,-0.004300629771656071
mraw,3,20260801,2024-05-06,-0.0894071103381472,-0.09985571138407584,-0.010448601045928638
mraw,3,20260801,2024-05-07,0.24426103258807488,0.25303863963126055,0.00877760704318567
mraw,3,20260811,2024-04-03,0.2769513720204593,0.2926874720679699,0.015736100047510637
mraw,3,20260811,2024-04-08,-0.12334833258328609,-0.09627911736200594,0.027069215221280155
mraw,3,20260811,2024-04-09,0.30460396913245563,0.2825641571400547,-0.02203981199240096
mraw,3,20260811,2024-04-10,0.13678857488298674,0.1849071825330717,0.048118607650084966
mraw,3,20260811,2024-04-11,-0.018005897679498614,0.06079934533455957,0.07880524301405818
mraw,3,20260811,2024-04-12,-0.07048156647952959,-0.05383062648929561,0.01665093999023398
mraw,3,20260811,2024-04-15,-0.3796757994613391,-0.3047024298924424,0.07497336956889672
mraw,3,20260811,2024-04-16,0.24428955593996068,0.265642199534632,0.02135264359467129
mraw,3,20260811,2024-04-17,-0.0015703630458956883,0.05827737547237322,0.05984773851826891
mraw,3,20260811,2024-04-18,-0.2493768130455303,-0.2833551243116196,-0.03397831126608927
mraw,3,20260811,2024-04-19,0.2070216016654281,0.19642749587541442,-0.010594105790013686
mraw,3,20260811,2024-04-22,-0.26358281399500205,-0.21247991711726463,0.05110289687773742
mraw,3,20260811,2024-04-23,-0.07934242297631847,-0.06130278914460548,0.01803963383171299
mraw,3,20260811,2024-04-24,0.04530468278997828,0.011201788428503187,-0.034102894361475095
mraw,3,20260811,2024-04-25,-0.12242090690784004,-0.03545036106629808,0.08697054584154196
mraw,3,20260811,2024-04-26,-0.0965165104704017,-0.08333834510084541,0.013178165369556294
mraw,3,20260811,2024-04-29,0.1694492275006369,0.15643779658333884,-0.013011430917298061
mraw,3,20260811,2024-04-30,0.029740948792897143,0.08205962163184508,0.052318672838947936
mraw,3,20260811,2024-05-06,-0.09729434437816491,-0.07112006497197877,0.026174279406186135
mraw,3,20260811,2024-05-07,0.2681193309591032,0.23686932992465287,-0.0312500010344503
mraw,3,20260821,2024-04-03,0.2881639222315933,0.3167919971122166,0.0286280748806233
mraw,3,20260821,2024-04-08,-0.11413014206999308,-0.10965911036021687,0.00447103170977621
mraw,3,20260821,2024-04-09,0.2904714406636921,0.31986775268049705,0.029396312016804926
mraw,3,20260821,2024-04-10,0.18576796000074247,0.09709659475896053,-0.08867136524178194
mraw,3,20260821,2024-04-11,-0.05723849322638928,-0.006535032903401366,0.05070346032298791
mraw,3,20260821,2024-04-12,-0.1648078150419753,-0.154273813334316,0.010534001707659307
mraw,3,20260821,2024-04-15,-0.41545315124928645,-0.40373669756446845,0.011716453684817996
mraw,3,20260821,2024-04-16,0.3268720211935852,0.34216312809025845,0.015291106896673234
mraw,3,20260821,2024-04-17,-0.008678274410768272,0.0731420365505137,0.08182031096128196
mraw,3,20260821,2024-04-18,-0.27309394532050896,-0.29319745628240457,-0.02010351096189561
mraw,3,20260821,2024-04-19,0.15798974068637647,0.19792372361825075,0.03993398293187428
mraw,3,20260821,2024-04-22,-0.15700936881535577,-0.2175942766492289,-0.06058490783387313
mraw,3,20260821,2024-04-23,-0.1157987219802538,-0.08288058832457275,0.03291813365568105
mraw,3,20260821,2024-04-24,0.04113604727374598,0.029117384853380283,-0.012018662420365697
mraw,3,20260821,2024-04-25,-0.12144686583444676,-0.1394356776581175,-0.01798881182367075
mraw,3,20260821,2024-04-26,-0.1029431602788985,-0.09740328773860585,0.005539872540292645
mraw,3,20260821,2024-04-29,0.1561357020228369,0.20292944875731075,0.04679374673447387
mraw,3,20260821,2024-04-30,0.11251732500195201,0.0366904994428675,-0.07582682555908452
mraw,3,20260821,2024-05-06,-0.1307534459124001,-0.11020791858003742,0.020545527332362673
mraw,3,20260821,2024-05-07,0.2542231015868572,0.2734573656307292,0.019234264043872018
mraw,4,20260801,2024-05-08,0.015795679024996668,0.04341473718427596,0.02761905815927929
mraw,4,20260801,2024-05-09,-0.010244804252728931,-0.08036787986350376,-0.07012307561077483
mraw,4,20260801,2024-05-10,0.10293671720227081,0.11545327195106611,0.012516554748795303
mraw,4,20260801,2024-05-13,0.08935178111668099,0.10666241106802153,0.017310629951340542
mraw,4,20260801,2024-05-14,0.10425798049723761,0.07568288251144638,-0.028575097985791234
mraw,4,20260801,2024-05-15,0.0914011353829293,0.08537302243868897,-0.006028112944240327
mraw,4,20260801,2024-05-16,0.022903776998142285,0.0022291063281175264,-0.020674670670024757
mraw,4,20260801,2024-05-17,0.09023162711986116,0.09241834599655699,0.002186718876695831
mraw,4,20260801,2024-05-20,0.12020739656752275,0.10321251049326116,-0.016994886074261584
mraw,4,20260801,2024-05-21,-0.010348468499321726,0.0030716927681459063,0.013420161267467631
mraw,4,20260801,2024-05-22,0.06447118570099078,0.09899980658610259,0.03452862088511181
mraw,4,20260801,2024-05-23,0.16472701175231197,0.18790860875718501,0.023181597004873045
mraw,4,20260801,2024-05-24,0.02093033325540887,-0.009340198957084662,-0.030270532212493532
mraw,4,20260801,2024-05-27,0.0034406655193963834,0.008610161319512342,0.005169495800115958
mraw,4,20260801,2024-05-28,-0.01807739762850931,-0.04243163380269231,-0.024354236174183003
mraw,4,20260801,2024-05-29,0.07218912298227345,0.07589070797607202,0.003701584993798565
mraw,4,20260801,2024-05-30,-0.06693736389066388,-0.14208517466730944,-0.07514781077664556
mraw,4,20260801,2024-05-31,0.09731905442878001,0.07598020579066396,-0.021338848638116054
mraw,4,20260801,2024-06-03,0.11582652228895875,0.15959590101446727,0.043769378725508526
mraw,4,20260801,2024-06-04,-0.05476116187289479,-0.04412985362866666,0.01063130824422813
mraw,4,20260811,2024-05-08,0.053770921105585,0.0456551498532214,-0.008115771252363596
mraw,4,20260811,2024-05-09,0.0160538872260516,-0.07525985492742687,-0.09131374215347847
mraw,4,20260811,2024-05-10,0.0550382501203998,0.045562870654970805,-0.009475379465428993
mraw,4,20260811,2024-05-13,0.08437914847789525,0.042062253577634615,-0.04231689490026064
mraw,4,20260811,2024-05-14,0.08129056794191523,0.0935150311446158,0.01222446320270057
mraw,4,20260811,2024-05-15,0.04657202766334529,0.07976842106447019,0.033196393401124895
mraw,4,20260811,2024-05-16,0.004454505513170859,-0.01176179603029471,-0.016216301543465567
mraw,4,20260811,2024-05-17,0.08595038087656233,0.09016286829766072,0.004212487421098393
mraw,4,20260811,2024-05-20,0.10102888214563868,0.0769485656565237,-0.02408031648911499
mraw,4,20260811,2024-05-21,-0.0372912684578928,0.05952412706775247,0.09681539552564528
mraw,4,20260811,2024-05-22,0.08034567112291574,0.11278800483087918,0.03244233370796344
mraw,4,20260811,2024-05-23,0.17984857794475032,0.19315123636562226,0.013302658420871943
mraw,4,20260811,2024-05-24,0.0065467026170423406,0.05878702565855847,0.05224032304151613
mraw,4,20260811,2024-05-27,-0.003918903835973098,-0.014628019046585436,-0.010709115210612338
mraw,4,20260811,2024-05-28,-0.06815518477571213,0.024810519508959634,0.09296570428467177
mraw,4,20260811,2024-05-29,0.11247078083052094,0.032048162620735884,-0.08042261820978505
mraw,4,20260811,2024-05-30,-0.12924504449117596,-0.10989515447807241,0.019349890013103554
mraw,4,20260811,2024-05-31,0.14559302543367783,0.11682204960074631,-0.02877097583293152
mraw,4,20260811,2024-06-03,0.1507995219421856,0.15977987244142658,0.00898035049924098
mraw,4,20260811,2024-06-04,-0.05356916968763372,-0.06312350550155663,-0.009554335813922905
mraw,4,20260821,2024-05-08,0.06868552111733466,0.04513037566394541,-0.023555145453389242
mraw,4,20260821,2024-05-09,0.021071869666907602,-0.015609921515756511,-0.03668179118266411
mraw,4,20260821,2024-05-10,0.07472262016818648,0.07646453207498419,0.0017419119067977051
mraw,4,20260821,2024-05-13,0.09668643991797046,0.06729579421203812,-0.029390645705932347
mraw,4,20260821,2024-05-14,0.0709853396846546,0.09036944412656318,0.01938410444190858
mraw,4,20260821,2024-05-15,0.11819775693402391,0.0411659661443958,-0.07703179078962812
mraw,4,20260821,2024-05-16,0.010679942154936103,-0.03928494410044485,-0.04996488625538095
mraw,4,20260821,2024-05-17,0.1344142679892398,0.09159805705053763,-0.04281621093870218
mraw,4,20260821,2024-05-20,0.09513015259747937,0.07824670157123526,-0.016883451026244112
mraw,4,20260821,2024-05-21,-0.05077173782156988,-0.03337852419174644,0.01739321362982344
mraw,4,20260821,2024-05-22,0.03825285099846157,0.07090476307140457,0.032651912072943004
mraw,4,20260821,2024-05-23,0.16143474036002783,0.17575417133658922,0.014319430976561381
mraw,4,20260821,2024-05-24,0.020663406462819275,0.034479186504500325,0.01381578004168105
mraw,4,20260821,2024-05-27,0.008002961687094808,0.0028844389769583974,-0.00511852271013641
mraw,4,20260821,2024-05-28,-0.03009154487800368,-0.01785149542556341,0.012240049452440272
mraw,4,20260821,2024-05-29,0.05090115499706906,0.009070303610584057,-0.041830851386485006
mraw,4,20260821,2024-05-30,-0.13627528015657914,-0.16341104138712265,-0.02713576123054351
mraw,4,20260821,2024-05-31,0.14488155623547783,0.1222805059003108,-0.02260105033516703
mraw,4,20260821,2024-06-03,0.14898230460507741,0.17368076746646585,0.024698462861388437
mraw,4,20260821,2024-06-04,0.028574607320470985,-0.055885947028416746,-0.08446055434888773
mraw,5,20260801,2024-06-05,0.14801108255659579,0.1678493556279286,0.019838273071332818
mraw,5,20260801,2024-06-06,0.05177511674545439,0.15264375456441928,0.10086863781896489
mraw,5,20260801,2024-06-07,0.03963129530847607,0.013672449583345852,-0.025958845725130214
mraw,5,20260801,2024-06-11,-0.15323867696374813,-0.139626691364531,0.013611985599217113
mraw,5,20260801,2024-06-12,-0.13447404392679382,-0.11505803964412728,0.019416004282666544
mraw,5,20260801,2024-06-13,0.02275477813476889,0.023935394065100913,0.0011806159303320227
mraw,5,20260801,2024-06-14,-0.043630422276145324,-0.07926553458080075,-0.03563511230465543
mraw,5,20260801,2024-06-17,0.029194793189241963,0.013616837195999128,-0.015577955993242834
mraw,5,20260801,2024-06-18,-0.02283859366740059,-0.02999172334418751,-0.007153129676786919
mraw,5,20260801,2024-06-19,-0.043942657475781306,-0.033315304608113806,0.0106273528676675
mraw,5,20260801,2024-06-20,0.14763868295228663,0.10246903097241356,-0.04516965197987308
mraw,5,20260801,2024-06-21,0.20148926666377914,0.2490185435520876,0.047529276888308464
mraw,5,20260801,2024-06-24,0.27182873292612425,0.2438613272135488,-0.027967405712575444
mraw,5,20260801,2024-06-25,-0.04661562475991304,-0.023708839841953062,0.022906784917959975
mraw,5,20260801,2024-06-26,-0.005250852892432842,-0.04079150897131681,-0.035540656078883966
mraw,5,20260801,2024-06-27,0.1539569697171419,0.17201479469180167,0.01805782497465977
mraw,5,20260801,2024-06-28,0.14114041189946047,0.12371939080070428,-0.017421021098756193
mraw,5,20260801,2024-07-01,-0.09929073300332406,-0.07197705644659856,0.027313676556725494
mraw,5,20260801,2024-07-02,0.03980234131026008,0.04822060943556277,0.008418268125302691
mraw,5,20260801,2024-07-03,-0.04657680372895277,-0.0517526995615449,-0.005175895832592127
mraw,5,20260811,2024-06-05,0.0992157514116977,0.16460354755834442,0.06538779614664672
mraw,5,20260811,2024-06-06,0.10237051175702715,0.09966622599447965,-0.002704285762547498
mraw,5,20260811,2024-06-07,-0.029368560129282274,0.05519879661033136,0.08456735673961363
mraw,5,20260811,2024-06-11,-0.1076091320571599,-0.14522376727064243,-0.03761463521348253
mraw,5,20260811,2024-06-12,-0.14416386549995153,-0.11700133235169581,0.027162533148255716
mraw,5,20260811,2024-06-13,0.0005266413430500211,0.022275512124859724,0.021748870781809704
mraw,5,20260811,2024-06-14,-0.046804578565751674,-0.06966763989002407,-0.022863061324272398
mraw,5,20260811,2024-06-17,0.025339065825279197,0.01845314195864614,-0.006885923866633056
mraw,5,20260811,2024-06-18,-0.022503667027020717,0.015414359472261724,0.03791802649928244
mraw,5,20260811,2024-06-19,-0.03315897438940781,-0.04190776062896046,-0.00874878623955265
mraw,5,20260811,2024-06-20,0.08236826831970263,0.10044678677646363,0.018078518456760992
mraw,5,20260811,2024-06-21,0.18557676425554534,0.20112931542305393,0.015552551167508588
mraw,5,20260811,2024-06-24,0.22746265236800742,0.19248163838402488,-0.03498101398398254
mraw,5,20260811,2024-06-25,0.026714516221310082,0.017705280451286824,-0.009009235770023258
mraw,5,20260811,2024-06-26,-0.018389293030727043,0.01575129488777509,0.034140587918502135
mraw,5,20260811,2024-06-27,0.1480145126747152,0.12959965966632106,-0.018414853008394128
mraw,5,20260811,2024-06-28,0.15435915755904178,0.12273645022185432,-0.03162270733718746
mraw,5,20260811,2024-07-01,-0.07073589144044491,-0.1044514199808533,-0.03371552854040839
mraw,5,20260811,2024-07-02,-0.0021132724301655614,0.010299524975741003,0.012412797405906565
mraw,5,20260811,2024-07-03,-0.07879544831842203,-0.06297251564727231,0.015822932671149717
mraw,5,20260821,2024-06-05,0.13676306296155505,0.09298198762374875,-0.0437810753378063
mraw,5,20260821,2024-06-06,0.11941899714630952,0.13578318223993632,0.016364185093626804
mraw,5,20260821,2024-06-07,-0.0044102117466243715,-0.029422470255954975,-0.025012258509330604
mraw,5,20260821,2024-06-11,-0.14632796237394455,-0.13590641030514933,0.01042155206879522
mraw,5,20260821,2024-06-12,-0.09893991580452363,-0.15030345721437716,-0.051363541409853525
mraw,5,20260821,2024-06-13,0.014994834577797291,0.03927455439370115,0.02427971981590386
mraw,5,20260821,2024-06-14,-0.05929625191355223,-0.058735710645699636,0.000560541267852592
mraw,5,20260821,2024-06-17,0.013999770523247202,0.020296720348494446,0.006296949825247243
mraw,5,20260821,2024-06-18,-0.005671348843621349,-0.02216170237318416,-0.01649035352956281
mraw,5,20260821,2024-06-19,0.0028312959609832753,-0.014577500393924213,-0.01740879635490749
mraw,5,20260821,2024-06-20,0.0886657769723677,0.10195041635412197,0.013284639381754268
mraw,5,20260821,2024-06-21,0.20848964186775237,0.20009749772715166,-0.008392144140600716
mraw,5,20260821,2024-06-24,0.20867611394908375,0.20252332501341525,-0.006152788935668507
mraw,5,20260821,2024-06-25,0.03449954325898709,-0.04209902193863329,-0.07659856519762037
mraw,5,20260821,2024-06-26,-0.015651485605650255,-0.013840908517829072,0.0018105770878211833
mraw,5,20260821,2024-06-27,0.13570422218058376,0.1959973411570059,0.060293118976422144
mraw,5,20260821,2024-06-28,0.16900106704561868,0.16568437755118234,-0.0033166894944363368
mraw,5,20260821,2024-07-01,-0.07316310015649333,-0.07812831987982531,-0.0049652197233319845
mraw,5,20260821,2024-07-02,0.004361805032419983,-0.016095948442074154,-0.020457753474494137
mraw,5,20260821,2024-07-03,-0.010353573005814489,-0.07414770794660422,-0.06379413494078973
mraw,6,20260801,2024-07-04,-0.10358953213224194,-0.10520278194150537,-0.0016132498092634312
mraw,6,20260801,2024-07-05,0.1947603744806607,0.19283424516488948,-0.0019261293157712134
mraw,6,20260801,2024-07-08,-0.0931093716948134,-0.08171194194272523,0.01139742975208817
mraw,6,20260801,2024-07-09,-0.10029329474308457,-0.15166251365467343,-0.051369218911588854
mraw,6,20260801,2024-07-10,0.05814888714479956,0.03659258993666526,-0.021556297208134297
mraw,6,20260801,2024-07-11,0.05147358709906404,0.01652734520963921,-0.03494624188942483
mraw,6,20260801,2024-07-12,0.15690448900993964,0.128262387499157,-0.02864210151078264
mraw,6,20260801,2024-07-15,-0.04961358318000089,-0.08164528760020152,-0.03203170442020063
mraw,6,20260801,2024-07-16,0.1883436071131171,0.1731167657667995,-0.015226841346317604
mraw,6,20260801,2024-07-17,0.037740697372682194,0.020195923956105595,-0.0175447734165766
mraw,6,20260801,2024-07-18,-0.119767592356685,-0.16175302271542957,-0.04198543035874458
mraw,6,20260801,2024-07-19,-0.11990289967913378,-0.17819631381780113,-0.05829341413866734
mraw,6,20260801,2024-07-22,0.12034594771933795,0.1241648108184063,0.0038188630990683564
mraw,6,20260801,2024-07-23,0.3028064890246513,0.3131341675461167,0.010327678521465433
mraw,6,20260801,2024-07-24,-0.05153689211456706,-0.09158253709028126,-0.0400456449757142
mraw,6,20260801,2024-07-25,-0.050402155268572765,0.010967555151083372,0.06136971041965614
mraw,6,20260801,2024-07-26,0.02213286256658602,0.008741118684803333,-0.013391743881782688
mraw,6,20260801,2024-07-29,0.0011920675404071585,-0.009917799357805339,-0.011109866898212497
mraw,6,20260801,2024-07-30,-0.2546251565290898,-0.20431002777107263,0.050315128758017164
mraw,6,20260801,2024-07-31,0.13174542343195678,0.13645036002346814,0.0047049365915113606
mraw,6,20260811,2024-07-04,-0.11636349985446488,-0.13979623513081454,-0.02343273527634966
mraw,6,20260811,2024-07-05,0.16297584358429576,0.18465306266637935,0.021677219082083587
mraw,6,20260811,2024-07-08,-0.03256920980329233,-0.056155550881561524,-0.023586341078269193
mraw,6,20260811,2024-07-09,-0.04334266918832494,-0.09768974004529414,-0.0543470708569692
mraw,6,20260811,2024-07-10,0.017601920220439323,0.0657067105185887,0.048104790298149375
mraw,6,20260811,2024-07-11,7.470514921707722e-05,0.0034822963046553445,0.0034075911554382675
mraw,6,20260811,2024-07-12,0.16962515973532885,0.14686533204576147,-0.022759827689567386
mraw,6,20260811,2024-07-15,-0.05806234177914051,-0.09173615404811214,-0.03367381226897163
mraw,6,20260811,2024-07-16,0.18477738195845805,0.20197183398920182,0.017194452030743768
mraw,6,20260811,2024-07-17,0.05412504915966168,0.06391318508183468,0.009788135922172994
mraw,6,20260811,2024-07-18,-0.1568654608311914,-0.19710752852367208,-0.040242067692480676
mraw,6,20260811,2024-07-19,-0.11018982473101377,-0.12056581454976494,-0.010375989818751166
mraw,6,20260811,2024-07-22,0.0926428141405697,0.11265215763821732,0.020009343497647616
mraw,6,20260811,2024-07-23,0.28326888741996836,0.2877329494588484,0.004464062038880057
mraw,6,20260811,2024-07-24,-0.06924764097452772,-0.08712531001878689,-0.017877669044259165
mraw,6,20260811,2024-07-25,-0.05834912554362379,-0.03762213691907446,0.020726988624549324
mraw,6,20260811,2024-07-26,-0.005935667322927698,0.008900084442940787,0.014835751765868484
mraw,6,20260811,2024-07-29,-0.006699628071048955,-0.043528263268960726,-0.03682863519791177
mraw,6,20260811,2024-07-30,-0.2034363391716333,-0.21457852666640678,-0.01114218749477347
mraw,6,20260811,2024-07-31,0.1375460291933448,0.1468741476776902,0.009328118484345393
mraw,6,20260821,2024-07-04,-0.12035923702878885,-0.07707326284845838,0.04328597418033048
mraw,6,20260821,2024-07-05,0.21358664727112853,0.1732550066783135,-0.04033164059281502
mraw,6,20260821,2024-07-08,-0.11696192110525006,-0.06542883854393598,0.05153308256131407
mraw,6,20260821,2024-07-09,-0.09195353271712953,-0.0441484247481993,0.04780510796893023
mraw,6,20260821,2024-07-10,0.026392288561091007,0.046626462114851795,0.02023417355376079
mraw,6,20260821,2024-07-11,0.03575635913996552,0.06238895246717941,0.02663259332721389
mraw,6,20260821,2024-07-12,0.18163371660842276,0.17892186568616558,-0.002711850922257175
mraw,6,20260821,2024-07-15,-0.049593439675828854,-0.015907524452901448,0.03368591522292741
mraw,6,20260821,2024-07-16,0.19400042764748288,0.22063912328701382,0.026638695639530946
mraw,6,20260821,2024-07-17,0.04334340785269815,0.09186579482288194,0.048522386970183795
mraw,6,20260821,2024-07-18,-0.19556450699254269,-0.1485543038901648,0.047010203102377884
mraw,6,20260821,2024-07-19,-0.13494385605572987,-0.10359429321782665,0.031349562837903217
mraw,6,20260821,2024-07-22,0.12855123622640338,0.1288729395756187,0.00032170334921532984
mraw,6,20260821,2024-07-23,0.2628675448516582,0.2748637257977043,0.011996180946046098
mraw,6,20260821,2024-07-24,-0.01851826516615109,-0.05749334650658364,-0.03897508134043255
mraw,6,20260821,2024-07-25,-0.010954758466863529,-0.04855603437619093,-0.0376012759093274
mraw,6,20260821,2024-07-26,0.030611462898573798,-0.0331550176457424,-0.06376648054431619
mraw,6,20260821,2024-07-29,0.01260325469141126,0.0009771268063752767,-0.011626127885035982
mraw,6,20260821,2024-07-30,-0.1877275322173364,-0.20992813946384872,-0.02220060724651232
mraw,6,20260821,2024-07-31,0.12321617967705527,0.12386411427186049,0.0006479345948052218
mraw,7,20260801,2024-08-01,0.042656310168442665,4.469572994698972e-05,-0.042611614438495676
mraw,7,20260801,2024-08-02,0.13134213121505445,0.14015504365218476,0.00881291243713031
mraw,7,20260801,2024-08-05,-0.12210529419357886,-0.0625059698913446,0.05959932430223426
mraw,7,20260801,2024-08-06,0.02602358991706484,0.028754551470524636,0.002730961553459796
mraw,7,20260801,2024-08-07,0.13401523583158761,0.1769060364719269,0.04289080064033929
mraw,7,20260801,2024-08-08,0.10999361344112937,0.0812111496567889,-0.028782463784340476
mraw,7,20260801,2024-08-09,-0.058371334102914174,-0.04456531158947373,0.013806022513440444
mraw,7,20260801,2024-08-12,0.13894586368322512,0.12391350772152612,-0.015032355961698995
mraw,7,20260801,2024-08-13,0.07543328218508252,0.08885219824723663,0.013418916062154104
mraw,7,20260801,2024-08-14,0.12058221453562103,0.10940414288388858,-0.011178071651732444
mraw,7,20260801,2024-08-15,-0.07501323382202614,-0.03286915192948184,0.0421440818925443
mraw,7,20260801,2024-08-16,0.14895117207135156,0.1554696774231659,0.0065185053518143354
mraw,7,20260801,2024-08-19,0.08124154255997676,0.04343770356694088,-0.03780383899303588
mraw,7,20260801,2024-08-20,-0.012410530925526225,-0.06380499912933245,-0.05139446820380622
mraw,7,20260801,2024-08-21,-0.02686681511954677,-0.043335621051497165,-0.016468805931950395
mraw,7,20260801,2024-08-22,0.07957043051802785,0.069251835534231,-0.01031859498379685
mraw,7,20260801,2024-08-23,0.10822368179662267,0.12727954402546798,0.01905586222884531
mraw,7,20260801,2024-08-26,-0.1274104772478069,-0.13629794269346188,-0.008887465445654968
mraw,7,20260801,2024-08-27,-0.03843861604528903,-0.020307451724580292,0.01813116432070874
mraw,7,20260801,2024-08-28,0.184594119608389,0.1939994690887486,0.009405349480359593
mraw,7,20260811,2024-08-01,0.011810328962400125,0.004017547918750393,-0.007792781043649732
mraw,7,20260811,2024-08-02,0.10300437075997179,0.12151926368052682,0.018514892920555026
mraw,7,20260811,2024-08-05,-0.10557918884435204,-0.06878332271526505,0.03679586612908699
mraw,7,20260811,2024-08-06,0.02851799027834451,0.027548943701383898,-0.0009690465769606124
mraw,7,20260811,2024-08-07,0.13350049537460879,0.1954521879539831,0.0619516925793743
mraw,7,20260811,2024-08-08,0.10771569314925623,0.09229976080828058,-0.015415932340975658
mraw,7,20260811,2024-08-09,-0.0493494369088335,-0.04367724353086281,0.0056721933779706885
mraw,7,20260811,2024-08-12,0.028839312847410817,0.11361934180202228,0.08478002895461147
mraw,7,20260811,2024-08-13,0.0985357646077055,0.12054240424793612,0.022006639640230627
mraw,7,20260811,2024-08-14,0.08518185622589919,0.1165740285135097,0.031392172287610515
mraw,7,20260811,2024-08-15,0.019228698724105882,-0.02364479786409872,-0.0428734965882046
mraw,7,20260811,2024-08-16,0.11258349919073875,0.14609940609789032,0.033515906907151574
mraw,7,20260811,2024-08-19,0.04225600636723889,0.026144196733343145,-0.016111809633895746
mraw,7,20260811,2024-08-20,-0.0874538773118847,-0.002078215545636417,0.08537566176624828
mraw,7,20260811,2024-08-21,-0.00539325273351389,0.010178813153428161,0.01557206588694205
mraw,7,20260811,2024-08-22,0.04368688003109351,0.09291942359122744,0.049232543560133936
mraw,7,20260811,2024-08-23,0.11378511006361249,0.06787112985319374,-0.045913980210418745
mraw,7,20260811,2024-08-26,-0.09248506747865821,-0.050647298587669566,0.04183776889098865
mraw,7,20260811,2024-08-27,-0.055563990474014925,-0.08178910239901424,-0.026225111924999316
mraw,7,20260811,2024-08-28,0.1422407488300178,0.15651089969663257,0.014270150866614761
mraw,7,20260821,2024-08-01,0.05550062900915452,0.029757547545058993,-0.025743081464095527
mraw,7,20260821,2024-08-02,0.11652826374781028,0.13390742866569375,0.017379164917883466
mraw,7,20260821,2024-08-05,-0.06107884471109043,-0.05156108857077589,0.00951775614031454
mraw,7,20260821,2024-08-06,0.012852094508440565,0.020492177603248812,0.007640083094808247
mraw,7,20260821,2024-08-07,0.169187579527073,0.17565537561279637,0.006467796085723371
mraw,7,20260821,2024-08-08,0.1281720904093298,0.15591925715242394,0.02774716674309413
mraw,7,20260821,2024-08-09,-0.08034405882927736,-0.05399922083785285,0.026344837991424515
mraw,7,20260821,2024-08-12,0.10238668394063802,0.11560941409455816,0.013222730153920143
mraw,7,20260821,2024-08-13,0.16704680601170976,0.10898024336187527,-0.058066562649834494
mraw,7,20260821,2024-08-14,0.08179548328313893,0.08548120201564793,0.0036857187325090024
mraw,7,20260821,2024-08-15,-0.006615181779058482,-0.028077356437712815,-0.021462174658654333
mraw,7,20260821,2024-08-16,0.0541997907351531,0.1292582834338838,0.07505849269873069
mraw,7,20260821,2024-08-19,0.014352699118685914,0.07376436901028194,0.059411669891596026
mraw,7,20260821,2024-08-20,0.001114594882059307,-0.041539172616044936,-0.04265376749810424
mraw,7,20260821,2024-08-21,-0.1093322652879163,-0.05660580059505155,0.05272646469286475
mraw,7,20260821,2024-08-22,0.05083288690579067,0.061343176929051134,0.010510290023260462
mraw,7,20260821,2024-08-23,0.061265669978362386,0.09414651208510413,0.03288084210674175
mraw,7,20260821,2024-08-26,-0.10918779230834547,-0.1129122798904274,-0.0037244875820819368
mraw,7,20260821,2024-08-27,-0.06793427013619821,-0.03284345901670128,0.03509081111949693
mraw,7,20260821,2024-08-28,0.09017116133247963,0.22039299826707998,0.13022183693460035
mraw,8,20260801,2024-08-29,-0.1315838102979464,-0.16670788923823288,-0.03512407894028646
mraw,8,20260801,2024-08-30,0.32227039197065227,0.32894674588041,0.006676353909757737
mraw,8,20260801,2024-09-02,-0.15273483016748385,-0.10943000468457331,0.043304825482910536
mraw,8,20260801,2024-09-03,-0.056085069791922765,-0.09016857833171682,-0.034083508539794055
mraw,8,20260801,2024-09-04,0.015031031414199548,0.06446768899307731,0.04943665757887776
mraw,8,20260801,2024-09-05,0.18852645621556063,0.16205688164629503,-0.026469574569265603
mraw,8,20260801,2024-09-06,-0.017337717490694533,0.012049027359818746,0.029386744850513277
mraw,8,20260801,2024-09-09,-0.05110037678933581,-0.018130738788636042,0.03296963800069977
mraw,8,20260801,2024-09-10,-0.08321998614313907,-0.06246897412049735,0.020751012022641714
mraw,8,20260801,2024-09-11,0.20156536252170834,0.10698595658997127,-0.09457940593173707
mraw,8,20260801,2024-09-12,0.2298357773230284,0.24333934721144052,0.013503569888412115
mraw,8,20260801,2024-09-13,-0.055370525019081844,-0.025530100619541543,0.0298404243995403
mraw,8,20260801,2024-09-18,0.19026624896739125,0.2110736955953666,0.020807446627975346
mraw,8,20260801,2024-09-19,0.13619724116396062,0.15217104644995763,0.01597380528599701
mraw,8,20260801,2024-09-20,0.08059292638737854,0.03615969536846739,-0.044433231018911154
mraw,8,20260801,2024-09-23,-0.1239130260391118,-0.13721813686100534,-0.013305110821893534
mraw,8,20260801,2024-09-24,0.07652949570004781,0.09249900158756763,0.015969505887519816
mraw,8,20260801,2024-09-25,0.04348859861977783,0.004998665358569278,-0.03848993326120855
mraw,8,20260801,2024-09-26,-0.2504457902587967,-0.18376287076445133,0.06668291949434538
mraw,8,20260801,2024-09-27,-0.27053128618343714,-0.19692499472870337,0.07360629145473377
mraw,8,20260811,2024-08-29,-0.05298177792339902,-0.12839620876745692,-0.0754144308440579
mraw,8,20260811,2024-08-30,0.35675220414084363,0.35787405081420537,0.0011218466733617372
mraw,8,20260811,2024-09-02,-0.10447539066385,-0.115566341882933,-0.01109095121908299
mraw,8,20260811,2024-09-03,-0.06123303672361964,-0.03386443462707725,0.02736860209654239
mraw,8,20260811,2024-09-04,0.014672736415459976,0.01792581427662559,0.003253077861165613
mraw,8,20260811,2024-09-05,0.202766544813117,0.1919796227253963,-0.010786922087720724
mraw,8,20260811,2024-09-06,-0.023906167798317536,0.05869322229596395,0.0825993900942815
mraw,8,20260811,2024-09-09,-0.012358883043906551,0.046067723285583305,0.05842660632948986
mraw,8,20260811,2024-09-10,-0.10053377415256222,-0.09530450671427887,0.00522926743828335
mraw,8,20260811,2024-09-11,0.20686475300969376,0.1558152450435567,-0.05104950796613705
mraw,8,20260811,2024-09-12,0.27422828220404943,0.2322784481562879,-0.041949834047761536
mraw,8,20260811,2024-09-13,-0.026251788943977047,-0.0028762694502056964,0.02337551949377135
mraw,8,20260811,2024-09-18,0.20674442414863992,0.19906728030341408,-0.007677143845225831
mraw,8,20260811,2024-09-19,0.16339822005924445,0.1679613012627795,0.0045630812035350465
mraw,8,20260811,2024-09-20,0.043570220188419675,0.06375676271930948,0.020186542530889806
mraw,8,20260811,2024-09-23,-0.1593223174850627,-0.13113071007961188,0.02819160740545082
mraw,8,20260811,2024-09-24,0.10234343289184082,0.11014523665207737,0.00780180376023655
mraw,8,20260811,2024-09-25,-0.007745036302678937,-0.0013253054207274144,0.0064197308819515225
mraw,8,20260811,2024-09-26,-0.20463945629640504,-0.14566576992317629,0.05897368637322875
mraw,8,20260811,2024-09-27,-0.19217107443451265,-0.17559946049369493,0.016571613940817714
mraw,8,20260821,2024-08-29,-0.12074909949972026,-0.10001102951916326,0.02073806998055701
mraw,8,20260821,2024-08-30,0.36223795721339846,0.36929591203251155,0.007057954819113088
mraw,8,20260821,2024-09-02,-0.11665122965296101,-0.11224063154010278,0.004410598112858238
mraw,8,20260821,2024-09-03,-0.05472013310895224,-0.041341209454268994,0.013378923654683246
mraw,8,20260821,2024-09-04,0.061890237871923666,0.054767353217592456,-0.00712288465433121
mraw,8,20260821,2024-09-05,0.13717814315466137,0.17041114255696016,0.03323299940229879
mraw,8,20260821,2024-09-06,0.016762944786535002,0.054545262979848345,0.03778231819331335
mraw,8,20260821,2024-09-09,-0.01932391483009256,-0.037700160326726614,-0.018376245496634053
mraw,8,20260821,2024-09-10,-0.07681134580146465,-0.08760029805996417,-0.010788952258499518
mraw,8,20260821,2024-09-11,0.15309983732151108,0.20664758351527113,0.05354774619376004
mraw,8,20260821,2024-09-12,0.24167130381365814,0.2536613249894728,0.011990021175814658
mraw,8,20260821,2024-09-13,-0.052758361863528475,-0.06850416802936143,-0.01574580616583296
mraw,8,20260821,2024-09-18,0.20569052087521397,0.211845039991164,0.0061545191159500245
mraw,8,20260821,2024-09-19,0.08725782249696307,0.1312834454134163,0.04402562291645323
mraw,8,20260821,2024-09-20,0.05741138957265593,0.04529674588142579,-0.012114643691230137
mraw,8,20260821,2024-09-23,-0.12113843094821287,-0.16471020348716778,-0.0435717725389549
mraw,8,20260821,2024-09-24,0.12015657286068526,0.09842522671060806,-0.0217313461500772
mraw,8,20260821,2024-09-25,0.03614816675083485,0.015289480390323018,-0.02085868636051183
mraw,8,20260821,2024-09-26,-0.25445197307732087,-0.21825914347711597,0.036192829600204895
mraw,8,20260821,2024-09-27,-0.20777204909020394,-0.17506905979144435,0.03270298929875959
mraw,9,20260801,2024-09-30,0.007953139681167431,0.0892069409452986,0.08125380126413118
mraw,9,20260801,2024-10-08,0.001750381949925504,0.0013346954868507812,-0.00041568646307472285
mraw,9,20260801,2024-10-09,-0.13214319150424805,-0.18444875147258183,-0.052305559968333776
mraw,9,20260801,2024-10-10,-0.09161437008795813,-0.08271308494633828,0.00890128514161985
mraw,9,20260801,2024-10-11,-0.11959112537582887,-0.11081851454995761,0.00877261082587126
mraw,9,20260801,2024-10-14,0.01203857053055489,-0.013008303701022848,-0.02504687423157774
mraw,9,20260801,2024-10-15,0.12127770202485132,0.14891195003227772,0.027634248007426407
mraw,9,20260801,2024-10-16,-0.0639187969026824,-0.06454008570849401,-0.0006212888058116095
mraw,9,20260801,2024-10-17,-0.36933605089662974,-0.31660654109392167,0.052729509802708074
mraw,9,20260801,2024-10-18,0.05456027811885871,0.09275692320443361,0.0381966450855749
mraw,9,20260801,2024-10-21,0.18456358200400014,0.2064979163718794,0.021934334367879255
mraw,9,20260801,2024-10-22,0.035767860532654815,0.08596487157757358,0.05019701104491877
mraw,9,20260801,2024-10-23,0.007974021900176757,0.06235145511591076,0.054377433215734
mraw,9,20260801,2024-10-24,0.10667490838057375,0.13834584397642016,0.03167093559584641
mraw,9,20260801,2024-10-25,0.16251014185455712,0.14516845859016048,-0.01734168326439664
mraw,9,20260801,2024-10-28,0.00474836613861985,-0.005791383687533117,-0.010539749826152967
mraw,9,20260801,2024-10-29,0.07189341122033638,0.07446959208081923,0.002576180860482849
mraw,9,20260801,2024-10-30,-0.0984666201636106,-0.07400069001450513,0.024465930149105475
mraw,9,20260801,2024-10-31,0.36533432440816876,0.40157135538956545,0.03623703098139669
mraw,9,20260801,2024-11-01,-0.1714001682873176,-0.17853286197359822,-0.007132693686280611
mraw,9,20260811,2024-09-30,0.03897894222935456,0.06729944553182202,0.028320503302467458
mraw,9,20260811,2024-10-08,-0.006644857402371189,0.0031980275626027257,0.009842884964973915
mraw,9,20260811,2024-10-09,-0.1740648740235754,-0.21926836468973063,-0.04520349066615523
mraw,9,20260811,2024-10-10,-0.04160821873164066,-0.14143856525740658,-0.09983034652576592
mraw,9,20260811,2024-10-11,-0.12371507728557038,-0.10343094638059876,0.020284130904971623
mraw,9,20260811,2024-10-14,-0.0017272580848005455,-0.018483010308993842,-0.016755752224193298
mraw,9,20260811,2024-10-15,0.14345605292324354,0.16669845120808957,0.023242398284846033
mraw,9,20260811,2024-10-16,-0.07612983274039643,-0.035491960033073734,0.0406378727073227
mraw,9,20260811,2024-10-17,-0.32860784561550044,-0.2814224685211931,0.04718537709430731
mraw,9,20260811,2024-10-18,0.09415766553589054,0.10950258672140786,0.015344921185517321
mraw,9,20260811,2024-10-21,0.17833975683496966,0.23947547355136395,0.061135716716394284
mraw,9,20260811,2024-10-22,-0.011617085315451673,-0.0034818249947857235,0.008135260320665949
mraw,9,20260811,2024-10-23,0.033836896833742316,0.029358525117100777,-0.00447837171664154
mraw,9,20260811,2024-10-24,0.13043206226311668,0.1705161342312075,0.04008407196809083
mraw,9,20260811,2024-10-25,0.14859788839226676,0.14317345029996248,-0.005424438092304279
mraw,9,20260811,2024-10-28,-0.006178584976402235,-0.08082724743205202,-0.07464866245564979
mraw,9,20260811,2024-10-29,0.031621605663521596,0.045973300852391964,0.014351695188870368
mraw,9,20260811,2024-10-30,-0.08870363226034739,-0.08436568413050581,0.004337948129841576
mraw,9,20260811,2024-10-31,0.3636068334550148,0.3362332362858636,-0.02737359716915122
mraw,9,20260811,2024-11-01,-0.14429911103425755,-0.1544086285559494,-0.010109517521691841
mraw,9,20260821,2024-09-30,0.021714857875517617,0.0470048044910543,0.02528994661553668
mraw,9,20260821,2024-10-08,-0.030354315814708016,-0.04635372963805512,-0.015999413823347103
mraw,9,20260821,2024-10-09,-0.0932594826750466,-0.1779201032444212,-0.0846606205693746
mraw,9,20260821,2024-10-10,-0.10125157998537271,-0.09413426467588987,0.007117315309482841
mraw,9,20260821,2024-10-11,-0.08813365904039519,-0.1032723120763381,-0.015138653035942903
mraw,9,20260821,2024-10-14,0.02346820632612554,-0.03442443555029445,-0.057892641876419994
mraw,9,20260821,2024-10-15,0.08627332041414046,0.10841816726887692,0.022144846854736458
mraw,9,20260821,2024-10-16,-0.10427221524106776,-0.08824357245191737,0.016028642789150394
mraw,9,20260821,2024-10-17,-0.31326524505095343,-0.29307017461491774,0.02019507043603569
mraw,9,20260821,2024-10-18,0.08551836631140462,0.10344124701451081,0.017922880703106187
mraw,9,20260821,2024-10-21,0.203265220207238,0.19799631569667633,-0.005268904510561667
mraw,9,20260821,2024-10-22,0.02345158889350242,0.00828020784113547,-0.01517138105236695
mraw,9,20260821,2024-10-23,-0.02440195764007119,-0.003959377113213605,0.020442580526857584
mraw,9,20260821,2024-10-24,0.1605832881581691,0.14150866090593409,-0.01907462725223502
mraw,9,20260821,2024-10-25,0.13121537031877867,0.15351138131307626,0.022296010994297594
mraw,9,20260821,2024-10-28,-0.058472990135703465,0.035733070770225785,0.09420606090592926
mraw,9,20260821,2024-10-29,0.0656837204838923,0.06308904442408868,-0.0025946760598036245
mraw,9,20260821,2024-10-30,-0.11673486155401337,-0.09389384657284709,0.02284101498116628
mraw,9,20260821,2024-10-31,0.35184905640465475,0.35005386802689875,-0.0017951883777559963
mraw,9,20260821,2024-11-01,-0.1498103208106429,-0.15945326188142725,-0.009642941070784339
mraw,10,20260801,2024-11-04,-0.22206206852442562,-0.2262207039271393,-0.00415863540271369
mraw,10,20260801,2024-11-05,0.08810496312623507,0.10109170832618075,0.012986745199945679
mraw,10,20260801,2024-11-06,0.2313005524855237,0.22602857991282432,-0.005271972572699374
mraw,10,20260801,2024-11-07,-0.0026090851730441707,0.0394356889264152,0.04204477409945937
mraw,10,20260801,2024-11-08,-0.27797504543964774,-0.26876590664760663,0.009209138792041105
mraw,10,20260801,2024-11-11,0.3157198042623728,0.2717713822586678,-0.04394842200370497
mraw,10,20260801,2024-11-12,-0.03523082537732564,-0.008244510955621592,0.02698631442170405
mraw,10,20260801,2024-11-13,0.15512616516841343,0.1358529342271746,-0.01927323094123884
mraw,10,20260801,2024-11-14,0.1954439639583331,0.22560729614216962,0.030163332183836516
mraw,10,20260801,2024-11-15,0.3073478236094735,0.37067565401389996,0.06332783040442647
mraw,10,20260801,2024-11-18,-0.20342094372969283,-0.18453622134786496,0.018884722381827868
mraw,10,20260801,2024-11-19,0.04002761049612209,0.08754166659117277,0.047514056095050675
mraw,10,20260801,2024-11-20,0.027871081871460122,0.03623698998417603,0.008365908112715908
mraw,10,20260801,2024-11-21,0.07916934324461666,0.11099532831685238,0.03182598507223572
mraw,10,20260801,2024-11-22,-0.00406180763241046,0.07380363850873901,0.07786544614114947
mraw,10,20260801,2024-11-25,0.13101702353075897,0.07007041405582055,-0.06094660947493842
mraw,10,20260801,2024-11-26,-0.26549836764649815,-0.3043819322270978,-0.03888356458059966
mraw,10,20260801,2024-11-27,0.1303167855714039,0.18548893913546474,0.055172153564060855
mraw,10,20260801,2024-11-28,-0.1203575913988847,-0.10812304343716624,0.012234547961718467
mraw,10,20260801,2024-11-29,0.022536728289906872,0.007758733182089572,-0.014777995107817299
mraw,10,20260811,2024-11-04,-0.17881352894125457,-0.23933672609781892,-0.060523197156564346
mraw,10,20260811,2024-11-05,0.10700831278366649,0.07565924478240334,-0.03134906800126315
mraw,10,20260811,2024-11-06,0.2375530623757602,0.2619279112096757,0.02437484883391547
mraw,10,20260811,2024-11-07,-0.011707391680031733,0.003183407086781661,0.014890798766813394
mraw,10,20260811,2024-11-08,-0.28405273925759494,-0.27994614288568065,0.004106596371914295
mraw,10,20260811,2024-11-11,0.34016186231554824,0.3732692887326648,0.03310742641711656
mraw,10,20260811,2024-11-12,0.005017426669984257,0.0223914638701448,0.017374037200160543
mraw,10,20260811,2024-11-13,0.20830108808895348,0.23668287088504372,0.028381782796090244
mraw,10,20260811,2024-11-14,0.25212559112430993,0.33856253630933425,0.08643694518502432
mraw,10,20260811,2024-11-15,0.3215653749174346,0.3644771000669124,0.04291172514947783
mraw,10,20260811,2024-11-18,-0.18722338598698235,-0.2210364370494406,-0.033813051062458244
mraw,10,20260811,2024-11-19,0.09337483767855827,0.07119317064720089,-0.022181667031357377
mraw,10,20260811,2024-11-20,0.048608546301356755,0.05577647287527642,0.007167926573919667
mraw,10,20260811,2024-11-21,0.11242116388812318,0.1483205234492176,0.03589935956109441
mraw,10,20260811,2024-11-22,0.030589087900594603,0.07470861245808243,0.04411952455748783
mraw,10,20260811,2024-11-25,0.1383446443731428,0.14529913828425325,0.006954493911110443
mraw,10,20260811,2024-11-26,-0.30303128212278474,-0.3708305297540231,-0.06779924763123835
mraw,10,20260811,2024-11-27,0.1516137459040099,0.18240256967226115,0.03078882376825126
mraw,10,20260811,2024-11-28,-0.13483663012341401,-0.19970627177683442,-0.0648696416534204
mraw,10,20260811,2024-11-29,0.03830038707236699,0.006308362717909799,-0.031992024354457194
mraw,10,20260821,2024-11-04,-0.20282742818263488,-0.18396535933102703,0.01886206885160785
mraw,10,20260821,2024-11-05,0.09296478207361376,0.09751019118447314,0.0045454091108593775
mraw,10,20260821,2024-11-06,0.2303335844465677,0.2703127897686045,0.039979205322036804
mraw,10,20260821,2024-11-07,0.026314195452579046,-0.007427499169682792,-0.033741694622261835
mraw,10,20260821,2024-11-08,-0.28383012482901443,-0.3290524592849876,-0.04522233445597318
mraw,10,20260821,2024-11-11,0.3494349457912133,0.308461254823073,-0.0409736909681403
mraw,10,20260821,2024-11-12,-0.01112539513703867,0.029514932119838532,0.040640327256877204
mraw,10,20260821,2024-11-13,0.2285994083733004,0.20845729160446033,-0.020142116768840063
mraw,10,20260821,2024-11-14,0.3472541645697408,0.25718621021643934,-0.09006795435330145
mraw,10,20260821,2024-11-15,0.36530188646404577,0.3357509041577195,-0.029550982306326246
mraw,10,20260821,2024-11-18,-0.2580820824905383,-0.22824014532901804,0.029841937161520282
mraw,10,20260821,2024-11-19,0.03736106154216557,0.10302378702671673,0.06566272548455115
mraw,10,20260821,2024-11-20,0.0484947765464415,0.06771212680571152,0.019217350259270023
mraw,10,20260821,2024-11-21,0.12995557721104678,0.08478475543280092,-0.04517082177824586
mraw,10,20260821,2024-11-22,0.04407152992376311,0.07943738289711946,0.03536585297335635
mraw,10,20260821,2024-11-25,0.13005685484109794,0.05592850915535017,-0.07412834568574778
mraw,10,20260821,2024-11-26,-0.33503110197850905,-0.32712817166574243,0.00790293031276662
mraw,10,20260821,2024-11-27,0.16662831799438632,0.1513042604091972,-0.015324057585189121
mraw,10,20260821,2024-11-28,-0.1611082618718331,-0.14891088998900232,0.012197371882830793
mraw,10,20260821,2024-11-29,-0.014795707137910043,-0.004563067752653228,0.010232639385256814
mraw,11,20260801,2024-12-02,0.040034763883830336,0.1114181072423918,0.07138334335856147
mraw,11,20260801,2024-12-03,-0.13856755583668978,-0.11155708999226549,0.027010465844424292
mraw,11,20260801,2024-12-04,0.22200408142853376,0.20342668755513005,-0.018577393873403708
mraw,11,20260801,2024-12-05,0.19489335042435266,0.24215472294133583,0.047261372516983174
mraw,11,20260801,2024-12-06,-0.027445246736596294,0.012582826942113635,0.04002807367870993
mraw,11,20260801,2024-12-09,0.026932016345352174,0.02234019883057925,-0.004591817514772924
mraw,11,20260801,2024-12-10,0.08490004705542344,0.039026060032451584,-0.04587398702297185
mraw,11,20260801,2024-12-11,0.06170222336290852,0.06059932254230577,-0.0011029008206027563
mraw,11,20260801,2024-12-12,-0.027786301081178393,-0.0483093304160753,-0.020523029334896904
mraw,11,20260801,2024-12-13,-0.15676252111501285,-0.1429593354922707,0.013803185622742159
mraw,11,20260801,2024-12-16,-0.05571987875324885,-0.024275741172733366,0.03144413758051549
mraw,11,20260801,2024-12-17,-0.01242048337093266,0.04198715614535803,0.05440763951629069
mraw,11,20260801,2024-12-18,0.09710577885077577,0.15619266083910932,0.05908688198833355
mraw,11,20260801,2024-12-19,0.08967912053583929,0.163720700385922,0.07404157985008272
mraw,11,20260801,2024-12-20,-0.12430549808354556,-0.17193628635025343,-0.04763078826670787
mraw,11,20260801,2024-12-23,-0.12929660295198636,-0.11325693860045269,0.016039664351533672
mraw,11,20260801,2024-12-24,-0.2501632795532242,-0.22390606998203577,0.026257209571188433
mraw,11,20260801,2024-12-25,0.10984970611871768,0.031758007033630735,-0.07809169908508695
mraw,11,20260801,2024-12-26,0.2547871434181636,0.27202445055389196,0.017237307135728352
mraw,11,20260801,2024-12-27,-0.0542492168142767,-0.12639609704863616,-0.07214688023435947
mraw,11,20260811,2024-12-02,0.048941605060569736,0.09408154152229017,0.04513993646172044
mraw,11,20260811,2024-12-03,-0.14583954345838634,-0.15079451605544456,-0.00495497259705821
mraw,11,20260811,2024-12-04,0.26086020983153196,0.1804064241858623,-0.08045378564566966
mraw,11,20260811,2024-12-05,0.22263978700978376,0.22886804869038185,0.006228261680598091
mraw,11,20260811,2024-12-06,-0.014616340407084422,0.020180885780051085,0.03479722618713551
mraw,11,20260811,2024-12-09,0.032353970857119656,0.002624691152254127,-0.029729279704865528
mraw,11,20260811,2024-12-10,0.05281434418883218,0.0596797072124286,0.006865363023596423
mraw,11,20260811,2024-12-11,0.053646700329859354,0.07129395346774492,0.017647253137885566
mraw,11,20260811,2024-12-12,-0.04802260680061255,-0.021647422335950826,0.026375184464661725
mraw,11,20260811,2024-12-13,-0.15241754125303814,-0.1387616245296734,0.013655916723364747
mraw,11,20260811,2024-12-16,-0.09131237451857349,-0.0021103235762483957,0.0892020509423251
mraw,11,20260811,2024-12-17,0.01718407333071562,0.02246559138539666,0.00528151805468104
mraw,11,20260811,2024-12-18,0.1292118334028841,0.12998268607533964,0.0007708526724555242
mraw,11,20260811,2024-12-19,0.1603088085752062,0.1595281644355616,-0.0007806441396446262
mraw,11,20260811,2024-12-20,-0.17048518398787446,-0.17775128482693806,-0.007266100839063594
mraw,11,20260811,2024-12-23,-0.14937981087070795,-0.1332418114570392,0.016137999413668752
mraw,11,20260811,2024-12-24,-0.19694023599079777,-0.2344901316406341,-0.03754989564983632
mraw,11,20260811,2024-12-25,0.08627813047235777,0.056877113902321426,-0.029401016570036347
mraw,11,20260811,2024-12-26,0.2520910155563038,0.2852749459705543,0.033183930414250495
mraw,11,20260811,2024-12-27,-0.050393900572616286,-0.054681655836481796,-0.00428775526386551
mraw,11,20260821,2024-12-02,0.07879468066753896,0.07543883174217529,-0.003355848925363669
mraw,11,20260821,2024-12-03,-0.10321095887673994,-0.1615063783014455,-0.05829541942470558
mraw,11,20260821,2024-12-04,0.16549432219580776,0.23155978697926025,0.06606546478345249
mraw,11,20260821,2024-12-05,0.22108669960348176,0.19264433259551467,-0.028442367007967095
mraw,11,20260821,2024-12-06,-0.0034858456532352857,-0.03617251794104521,-0.03268667228780992
mraw,11,20260821,2024-12-09,0.02040946251176489,0.03374989653362642,0.013340434021861532
mraw,11,20260821,2024-12-10,0.052985128512810106,0.055372353041376006,0.0023872245285658997
mraw,11,20260821,2024-12-11,0.041930649383228734,0.05729594213271233,0.015365292749483596
mraw,11,20260821,2024-12-12,-0.03326202163637327,-0.031090230469632534,0.002171791166740735
mraw,11,20260821,2024-12-13,-0.10927684847272631,-0.1253164752558842,-0.0160396267831579
mraw,11,20260821,2024-12-16,-0.046874512297708615,-0.019609607824323763,0.02726490447338485
mraw,11,20260821,2024-12-17,0.006326024287133427,0.00534821332426134,-0.0009778109628720867
mraw,11,20260821,2024-12-18,0.138903987604262,0.18036798414390762,0.04146399653964561
mraw,11,20260821,2024-12-19,0.1266049398470792,0.14172931869588176,0.01512437884880255
mraw,11,20260821,2024-12-20,-0.1543296523568201,-0.1442305962456892,0.010099056111130905
mraw,11,20260821,2024-12-23,-0.1432985543662134,-0.17626110048088794,-0.03296254611467456
mraw,11,20260821,2024-12-24,-0.2453562953706945,-0.2559864184642039,-0.010630123093509386
mraw,11,20260821,2024-12-25,0.07008821912081796,0.04543717680015408,-0.024651042320663882
mraw,11,20260821,2024-12-26,0.28523208724811794,0.2401713382631324,-0.04506074898498555
mraw,11,20260821,2024-12-27,-0.021119051396699534,-0.06490673845266806,-0.04378768705596853
mraw,12,20260801,2024-12-30,0.006945525435372033,-0.02691238624048685,-0.03385791167585888
mraw,12,20260811,2024-12-30,-0.024585413725574094,-0.07000246294417303,-0.04541704921859894
mraw,12,20260821,2024-12-30,-0.012752142299846381,0.0067684445276860504,0.01952058682753243
noise_control,0,20260801,2024-01-02,-0.1371773621482261,-0.1468208446032541,-0.009643482455027996
noise_control,0,20260801,2024-01-03,-0.08361934463044954,-0.08073368967642965,0.0028856549540198922
noise_control,0,20260801,2024-01-04,0.019113520500574105,0.02472859743676106,0.0056150769361869544
noise_control,0,20260801,2024-01-05,-0.12005405325010447,-0.07268402963112798,0.04737002361897649
noise_control,0,20260801,2024-01-08,-0.07016554575778294,-0.08249641025812507,-0.012330864500342126
noise_control,0,20260801,2024-01-09,-0.1260860239679082,-0.07355415478889966,0.052531869179008525
noise_control,0,20260801,2024-01-10,-0.13862764105357317,-0.20888242891307354,-0.07025478785950037
noise_control,0,20260801,2024-01-11,0.10043381795848934,0.12292387109291464,0.0224900531344253
noise_control,0,20260801,2024-01-12,0.08107527740823195,0.0916694444774688,0.010594167069236854
noise_control,0,20260801,2024-01-15,-0.030141826503354542,-0.006663017111851519,0.023478809391503024
noise_control,0,20260801,2024-01-16,0.02119599066099722,0.02059507107342678,-0.0006009195875704386
noise_control,0,20260801,2024-01-17,0.07184040051390873,0.08101558452538936,0.009175184011480625
noise_control,0,20260801,2024-01-18,0.07777677580076821,0.12712390460824638,0.04934712880747817
noise_control,0,20260801,2024-01-19,-0.10329250433665398,-0.08912491944963238,0.014167584887021592
noise_control,0,20260801,2024-01-22,-0.02375253729374212,-0.0015724088081661267,0.022180128485575996
noise_control,0,20260801,2024-01-23,0.22227149531032522,0.19435682386419975,-0.027914671446125472
noise_control,0,20260801,2024-01-24,-0.05099817867912731,-0.07155009519226271,-0.020551916513135406
noise_control,0,20260801,2024-01-25,0.07529267136602465,0.09499815579361857,0.019705484427593928
noise_control,0,20260801,2024-01-26,-0.10290828447875539,-0.07300791179764791,0.02990037268110747
noise_control,0,20260801,2024-01-29,-0.06950293902610832,-0.06127839154463939,0.008224547481468933
noise_control,0,20260811,2024-01-02,-0.1726691158434732,-0.11128070978335407,0.061388406060119124
noise_control,0,20260811,2024-01-03,-0.11872271172510211,-0.05117603895777513,0.06754667276732698
noise_control,0,20260811,2024-01-04,-0.02488513902680393,0.009456532948988875,0.034341671975792805
noise_control,0,20260811,2024-01-05,-0.08170988031736957,-0.04885746404246708,0.03285241627490249
noise_control,0,20260811,2024-01-08,-0.07398568651947869,-0.049551183783057534,0.024434502736421157
noise_control,0,20260811,2024-01-09,-0.1320543396497057,-0.11920248382530108,0.012851855824404623
noise_control,0,20260811,2024-01-10,-0.1723022625449341,-0.14189088079855122,0.030411381746382887
noise_control,0,20260811,2024-01-11,0.08745202108127749,0.12709532749682897,0.039643306415551485
noise_control,0,20260811,2024-01-12,0.055193539468011685,0.07651482637947518,0.021321286911463497
noise_control,0,20260811,2024-01-15,0.02567595279206543,0.0203701320197507,-0.005305820772314729
noise_control,0,20260811,2024-01-16,-0.015268923009898768,-0.04125393339627268,-0.025985010386373915
noise_control,0,20260811,2024-01-17,0.06996851444709236,0.1212280259910518,0.05125951154395944
noise_control,0,20260811,2024-01-18,0.11742930895445455,0.07425415729743948,-0.043175151657015076
noise_control,0,20260811,2024-01-19,-0.09831747904665873,-0.08814584414957331,0.010171634897085419
noise_control,0,20260811,2024-01-22,-0.03087139998821881,-0.05661201298023061,-0.0257406129920118
noise_control,0,20260811,2024-01-23,0.18689964609980766,0.22780979495408524,0.04091014885427757
noise_control,0,20260811,2024-01-24,-0.03131955754754535,-0.04774702553580249,-0.016427467988257144
noise_control,0,20260811,2024-01-25,0.08010861114796143,0.2137748308833498,0.1336662197353884
noise_control,0,20260811,2024-01-26,-0.08729621341476164,-0.06626790643082202,0.02102830698393962
noise_control,0,20260811,2024-01-29,-0.05564724568355933,-0.05243735520255197,0.003209890481007359
noise_control,0,20260821,2024-01-02,-0.11233009159405835,-0.11209347756170199,0.0002366140323563637
noise_control,0,20260821,2024-01-03,-0.06912990816687202,-0.11668167784103427,-0.04755176967416225
noise_control,0,20260821,2024-01-04,-0.013617271270933918,0.009534948611680591,0.02315221988261451
noise_control,0,20260821,2024-01-05,-0.037406004149829884,-0.08208505125211417,-0.044679047102284285
noise_control,0,20260821,2024-01-08,-0.04277776961527023,-0.05710628855790267,-0.014328518942632436
noise_control,0,20260821,2024-01-09,-0.08735348021777158,-0.051765966014266036,0.03558751420350554
noise_control,0,20260821,2024-01-10,-0.1489837972567182,-0.1925308560872818,-0.04354705883056359
noise_control,0,20260821,2024-01-11,0.13484488941951245,0.09767290743478062,-0.03717198198473183
noise_control,0,20260821,2024-01-12,0.07806931222336722,0.09109630681063545,0.013026994587268234
noise_control,0,20260821,2024-01-15,-0.02888081360208977,-0.010271033493544274,0.018609780108545495
noise_control,0,20260821,2024-01-16,0.0018246343468281444,0.016594372775895167,0.014769738429067023
noise_control,0,20260821,2024-01-17,0.07224997319824497,0.05616697538679206,-0.016082997811452913
noise_control,0,20260821,2024-01-18,0.0907422879474448,0.11178347831477674,0.021041190367331944
noise_control,0,20260821,2024-01-19,-0.06818668794060667,-0.048763432379466926,0.019423255561139746
noise_control,0,20260821,2024-01-22,-0.0761244651464464,-0.019203352950789437,0.05692111219565696
noise_control,0,20260821,2024-01-23,0.24413038133325848,0.2248362060828723,-0.01929417525038618
noise_control,0,20260821,2024-01-24,-0.019548810926222196,-0.0140617542456976,0.005487056680524596
noise_control,0,20260821,2024-01-25,0.1695936187944951,0.12464048544408246,-0.04495313335041265
noise_control,0,20260821,2024-01-26,-0.08617746419196874,-0.04414393224931814,0.0420335319426506
noise_control,0,20260821,2024-01-29,-0.08594381397757105,-0.03679003535889224,0.049153778618678805
noise_control,1,20260801,2024-01-30,0.3717098228442984,0.2800404987481433,-0.09166932409615508
noise_control,1,20260801,2024-01-31,-0.0018655016635490634,-0.040396962356583375,-0.038531460693034314
noise_control,1,20260801,2024-02-01,0.4306614367909213,0.39576449789454954,-0.03489693889637174
noise_control,1,20260801,2024-02-02,0.23200560684287128,0.2565206978518823,0.02451509100901103
noise_control,1,20260801,2024-02-05,-0.12365331753995669,-0.13537495533632457,-0.011721637796367881
noise_control,1,20260801,2024-02-06,0.03967129628677051,0.05624885013598733,0.016577553849216817
noise_control,1,20260801,2024-02-07,-0.47040014697636034,-0.4246933057317878,0.04570684124457253
noise_control,1,20260801,2024-02-08,0.11406543112141057,0.0978732299783659,-0.016192201143044677
noise_control,1,20260801,2024-02-19,-0.042970508029059766,-0.045480479400805636,-0.00250997137174587
noise_control,1,20260801,2024-02-20,-0.14535910954853393,-0.14190622710277986,0.003452882445754063
noise_control,1,20260801,2024-02-21,-0.24318728500508094,-0.2684376203138095,-0.025250335308728583
noise_control,1,20260801,2024-02-22,-0.3123497482179691,-0.2898558726730833,0.0224938755448858
noise_control,1,20260801,2024-02-23,-0.31378668658330244,-0.28589894249703196,0.027887744086270483
noise_control,1,20260801,2024-02-26,-0.46759446045569586,-0.5041434934169651,-0.03654903296126921
noise_control,1,20260801,2024-02-27,0.5283216509261958,0.5039034555556907,-0.024418195370505047
noise_control,1,20260801,2024-02-28,-0.19831512026457396,-0.30815575140042406,-0.1098406311358501
noise_control,1,20260801,2024-02-29,-0.24132101471119632,-0.2455715340887066,-0.004250519377510281
noise_control,1,20260801,2024-03-01,0.01288866452297718,0.04175128455867151,0.02886262003569433
noise_control,1,20260801,2024-03-04,0.1850750733290301,0.17423814957363906,-0.010836923755391026
noise_control,1,20260801,2024-03-05,0.0325287721337844,0.012702608767768945,-0.019826163366015455
noise_control,1,20260811,2024-01-30,0.37698867971805794,0.34668651678011514,-0.0303021629379428
noise_control,1,20260811,2024-01-31,-0.053218458232612766,-0.03117200166945932,0.022046456563153446
noise_control,1,20260811,2024-02-01,0.3962302342237612,0.40658385552968845,0.010353621305927263
noise_control,1,20260811,2024-02-02,0.21046490988816785,0.23340154625450668,0.02293663636633883
noise_control,1,20260811,2024-02-05,-0.13538552734876783,-0.11144156916672868,0.02394395818203915
noise_control,1,20260811,2024-02-06,0.044438602570080435,0.0652725200291847,0.020833917459104262
noise_control,1,20260811,2024-02-07,-0.4136821291228967,-0.39461376689736005,0.01906836222553665
noise_control,1,20260811,2024-02-08,0.07894431337448649,0.08789545902625034,0.008951145651763859
noise_control,1,20260811,2024-02-19,-0.06165929005601085,-0.07026813957451995,-0.008608849518509105
noise_control,1,20260811,2024-02-20,-0.13089433416767823,-0.13049025717930549,0.00040407698837274797
noise_control,1,20260811,2024-02-21,-0.24097498051511,-0.2226471756454967,0.0183278048696133
noise_control,1,20260811,2024-02-22,-0.28964420615702835,-0.2515092935312451,0.038134912625783224
noise_control,1,20260811,2024-02-23,-0.2999450898362711,-0.28305789071476584,0.01688719912150527
noise_control,1,20260811,2024-02-26,-0.4531425810499924,-0.4430286222685123,0.010113958781480081
noise_control,1,20260811,2024-02-27,0.42767978435929627,0.42217875064372223,-0.005501033715574033
noise_control,1,20260811,2024-02-28,-0.32559448136231595,-0.19761377954219303,0.12798070182012292
noise_control,1,20260811,2024-02-29,-0.25461985671236814,-0.2333262780374819,0.021293578674886238
noise_control,1,20260811,2024-03-01,0.00998485170899002,0.013670401895273738,0.003685550186283717
noise_control,1,20260811,2024-03-04,0.20305089016389952,0.19547027918138815,-0.0075806109825113654
noise_control,1,20260811,2024-03-05,0.05558244569345847,0.01108493610102764,-0.04449750959243083
noise_control,1,20260821,2024-01-30,0.3513137785585432,0.34577228324328835,-0.00554149531525483
noise_control,1,20260821,2024-01-31,-0.0289584044708045,-0.05036233481707724,-0.02140393034627274
noise_control,1,20260821,2024-02-01,0.3790459237535128,0.4058127215845249,0.0267667978310121
noise_control,1,20260821,2024-02-02,0.24275824421744857,0.2069381557057447,-0.035820088511703874
noise_control,1,20260821,2024-02-05,-0.14814430236584622,-0.14047593334017575,0.007668369025670474
noise_control,1,20260821,2024-02-06,0.03862956891377378,0.05789996831216117,0.019270399398387386
noise_control,1,20260821,2024-02-07,-0.41095271851019216,-0.40723127222094707,0.0037214462892450895
noise_control,1,20260821,2024-02-08,0.103642349002679,0.08116831318939068,-0.02247403581328833
noise_control,1,20260821,2024-02-19,-0.05794659394136372,-0.06433668005911933,-0.006390086117755607
noise_control,1,20260821,2024-02-20,-0.13394529363032825,-0.13800853956903208,-0.00406324593870383
noise_control,1,20260821,2024-02-21,-0.24706254242733058,-0.24122466285911698,0.005837879568213605
noise_control,1,20260821,2024-02-22,-0.2816463128042114,-0.2974855937342964,-0.01583928093008502
noise_control,1,20260821,2024-02-23,-0.3117209602072701,-0.3136508855345377,-0.001929925327267601
noise_control,1,20260821,2024-02-26,-0.48552398556856974,-0.4726309978246448,0.012892987743924944
noise_control,1,20260821,2024-02-27,0.5043641060343066,0.47841911307745894,-0.025944992956847657
noise_control,1,20260821,2024-02-28,-0.33361297962136915,-0.26692190292956014,0.06669107669180901
noise_control,1,20260821,2024-02-29,-0.24021524448534132,-0.24536344501333696,-0.005148200527995639
noise_control,1,20260821,2024-03-01,0.01960260701683913,0.002821215823726855,-0.016781391193112272
noise_control,1,20260821,2024-03-04,0.19845113552032628,0.1956155344648683,-0.0028356010554579925
noise_control,1,20260821,2024-03-05,0.035339716072240145,0.026954770361821808,-0.008384945710418337
noise_control,2,20260801,2024-03-06,-0.020842499435723947,-0.038028532063493915,-0.01718603262776997
noise_control,2,20260801,2024-03-07,0.2929037463031804,0.299543335410996,0.006639589107815591
noise_control,2,20260801,2024-03-08,-0.1164690271109594,-0.14567513578533647,-0.029206108674377076
noise_control,2,20260801,2024-03-11,-0.2767038081288073,-0.21914148469139338,0.05756232343741391
noise_control,2,20260801,2024-03-12,-0.009477733706044992,0.014385302992545982,0.023863036698590974
noise_control,2,20260801,2024-03-13,0.1466360949639537,0.1061393868794847,-0.040496708084468994
noise_control,2,20260801,2024-03-14,-0.12022526152599859,-0.10665957674327946,0.013565684782719134
noise_control,2,20260801,2024-03-15,-0.051085968620679593,-0.049120031389421476,0.0019659372312581178
noise_control,2,20260801,2024-03-18,0.01923108498987025,-0.0012749701978654526,-0.020506055187735704
noise_control,2,20260801,2024-03-19,-0.16487314994437396,-0.15811135570806548,0.006761794236308488
noise_control,2,20260801,2024-03-20,0.108356561555292,0.10831990658931191,-3.6654965980084664e-05
noise_control,2,20260801,2024-03-21,0.1657099345584384,0.1930530185221689,0.027343083963730502
noise_control,2,20260801,2024-03-22,0.21432431424730264,0.2557691265106629,0.041444812263360276
noise_control,2,20260801,2024-03-25,-0.12951858269763564,-0.14494270976342472,-0.015424127065789078
noise_control,2,20260801,2024-03-26,0.13084541665882327,0.23502627665324807,0.10418085999442481
noise_control,2,20260801,2024-03-27,0.0600810703418705,0.017934395145824483,-0.042146675196046014
noise_control,2,20260801,2024-03-28,0.06217322892524058,0.06536755921567233,0.0031943302904317503
noise_control,2,20260801,2024-03-29,-0.09490379594130216,-0.08801483299224784,0.00688896294905432
noise_control,2,20260801,2024-04-01,0.2089149469648875,0.28135155127845507,0.07243660431356758
noise_control,2,20260801,2024-04-02,0.257606349606879,0.2625259869479529,0.004919637341073924
noise_control,2,20260811,2024-03-06,-0.0530041852463979,-0.050554566891035865,0.002449618355362032
noise_control,2,20260811,2024-03-07,0.2563999228305906,0.27744543237757974,0.02104550954698914
noise_control,2,20260811,2024-03-08,-0.09680979235053967,-0.10542669629832394,-0.008616903947784263
noise_control,2,20260811,2024-03-11,-0.2602622418878226,-0.266395145793624,-0.006132903905801401
noise_control,2,20260811,2024-03-12,-0.03142871119622003,-0.03794215673535044,-0.006513445539130407
noise_control,2,20260811,2024-03-13,0.13008966597619662,0.07569405094601549,-0.05439561503018113
noise_control,2,20260811,2024-03-14,-0.11754872043184417,-0.09817885123207336,0.01936986919977081
noise_control,2,20260811,2024-03-15,-0.059262159002820974,-0.07009059622983757,-0.010828437227016596
noise_control,2,20260811,2024-03-18,0.0033877722970779753,0.03202230775655453,0.028634535459476553
noise_control,2,20260811,2024-03-19,-0.10175140209792584,-0.14440822450282384,-0.042656822404898
noise_control,2,20260811,2024-03-20,0.08681556187840433,0.06682472705350921,-0.019990834824895123
noise_control,2,20260811,2024-03-21,0.17694204343961603,0.16378127931636852,-0.013160764123247515
noise_control,2,20260811,2024-03-22,0.19063993837223595,0.20671816211546404,0.016078223743228093
noise_control,2,20260811,2024-03-25,-0.09498992109600447,-0.1442357064291246,-0.049245785333120115
noise_control,2,20260811,2024-03-26,0.2278945729866666,0.17491410803266663,-0.05298046495399997
noise_control,2,20260811,2024-03-27,-0.001865221399341501,-0.014040199697533999,-0.012174978298192498
noise_control,2,20260811,2024-03-28,0.06434089269427187,0.08785579806128757,0.023514905367015698
noise_control,2,20260811,2024-03-29,-0.043784735012904946,-0.04237216994763779,0.0014125650652671573
noise_control,2,20260811,2024-04-01,0.24075254751879505,0.24179437269939033,0.001041825180595285
noise_control,2,20260811,2024-04-02,0.22811868213260125,0.2499482543086,0.021829572175998735
noise_control,2,20260821,2024-03-06,-0.0059257173507174235,-0.05324931549202652,-0.0473235981413091
noise_control,2,20260821,2024-03-07,0.27985727836710256,0.28021950889121866,0.0003622305241161028
noise_control,2,20260821,2024-03-08,-0.09745234490437887,-0.14844078596630636,-0.050988441061927486
noise_control,2,20260821,2024-03-11,-0.23453265543082907,-0.23887134732995396,-0.004338691899124891
noise_control,2,20260821,2024-03-12,-0.02186553850156917,-0.01398206611203968,0.00788347238952949
noise_control,2,20260821,2024-03-13,0.1650680631124854,0.09200365384156203,-0.07306440927092336
noise_control,2,20260821,2024-03-14,-0.12750951116397852,-0.0995557427209174,0.02795376844306112
noise_control,2,20260821,2024-03-15,-0.02333575455443554,-0.033317235130139,-0.009981480575703458
noise_control,2,20260821,2024-03-18,0.0016594034940871159,-0.009740986875764305,-0.01140039036985142
noise_control,2,20260821,2024-03-19,-0.16646218383022915,-0.12166260294367132,0.04479958088655783
noise_control,2,20260821,2024-03-20,0.14804419945636904,0.14025101408005014,-0.007793185376318901
noise_control,2,20260821,2024-03-21,0.17572017738565893,0.18668713382111524,0.01096695643545631
noise_control,2,20260821,2024-03-22,0.21254012495692748,0.24095631677499268,0.028416191818065206
noise_control,2,20260821,2024-03-25,-0.08095090974528384,-0.13384895561948135,-0.05289804587419751
noise_control,2,20260821,2024-03-26,0.15243018786245238,0.10829936642181921,-0.04413082144063317
noise_control,2,20260821,2024-03-27,0.024986667122218458,0.056154936766881325,0.031168269644662867
noise_control,2,20260821,2024-03-28,0.0749719222227237,0.06724101111586563,-0.007730911106858071
noise_control,2,20260821,2024-03-29,-0.1083697511624342,-0.06169558987947226,0.046674161282961944
noise_control,2,20260821,2024-04-01,0.1764695770552978,0.20592419061025122,0.029454613554953407
noise_control,2,20260821,2024-04-02,0.3130846082048401,0.27062336858088243,-0.04246123962395765
noise_control,3,20260801,2024-04-03,0.27892740781197695,0.2978008422300106,0.01887343441803363
noise_control,3,20260801,2024-04-08,-0.11153506579088455,-0.13474789773701362,-0.023212831946129067
noise_control,3,20260801,2024-04-09,0.3002290812240042,0.25804202439077295,-0.04218705683323126
noise_control,3,20260801,2024-04-10,0.16846605809881382,0.1563813993368883,-0.01208465876192552
noise_control,3,20260801,2024-04-11,0.026069577215184016,0.016543863423375382,-0.009525713791808634
noise_control,3,20260801,2024-04-12,-0.08715224050293649,-0.09202177068861786,-0.00486953018568137
noise_control,3,20260801,2024-04-15,-0.3441574379758924,-0.33866271555805655,0.005494722417835829
noise_control,3,20260801,2024-04-16,0.2229856203991118,0.24896906311081615,0.025983442711704358
noise_control,3,20260801,2024-04-17,0.029268496806525972,0.057514457304506106,0.028245960497980133
noise_control,3,20260801,2024-04-18,-0.2512624436468125,-0.26290982525303125,-0.011647381606218754
noise_control,3,20260801,2024-04-19,0.1806579857955563,0.21316790876640734,0.032509922970851035
noise_control,3,20260801,2024-04-22,-0.2133012180349899,-0.1964531010973175,0.01684811693767238
noise_control,3,20260801,2024-04-23,-0.15092594920857214,-0.09459052607498294,0.05633542313358919
noise_control,3,20260801,2024-04-24,0.03333483324864244,0.05194083913080759,0.01860600588216515
noise_control,3,20260801,2024-04-25,-0.14889329008040644,-0.10311917363732988,0.045774116443076565
noise_control,3,20260801,2024-04-26,-0.1489209961590117,-0.1358146911905007,0.013106304968510979
noise_control,3,20260801,2024-04-29,0.16701812536648458,0.19018649170375077,0.023168366337266183
noise_control,3,20260801,2024-04-30,0.016260216620308215,0.09598205526451607,0.07972183864420786
noise_control,3,20260801,2024-05-06,-0.0894071103381472,-0.11218251503104186,-0.022775404692894657
noise_control,3,20260801,2024-05-07,0.24426103258807488,0.2376073603709868,-0.006653672217088097
noise_control,3,20260811,2024-04-03,0.2769513720204593,0.3060421087253601,0.02909073670490081
noise_control,3,20260811,2024-04-08,-0.12334833258328609,-0.08469823149006625,0.03865010109321984
noise_control,3,20260811,2024-04-09,0.30460396913245563,0.31318396248721025,0.008579993354754623
noise_control,3,20260811,2024-04-10,0.13678857488298674,0.16316014039554858,0.02637156551256184
noise_control,3,20260811,2024-04-11,-0.018005897679498614,-0.012958549177067121,0.005047348502431492
noise_control,3,20260811,2024-04-12,-0.07048156647952959,-0.09679857071841982,-0.026317004238890232
noise_control,3,20260811,2024-04-15,-0.3796757994613391,-0.4129061422743799,-0.03323034281304077
noise_control,3,20260811,2024-04-16,0.24428955593996068,0.29252762324302534,0.04823806730306465
noise_control,3,20260811,2024-04-17,-0.0015703630458956883,-0.03817002877805403,-0.036599665732158344
noise_control,3,20260811,2024-04-18,-0.2493768130455303,-0.30005187243985026,-0.05067505939431996
noise_control,3,20260811,2024-04-19,0.2070216016654281,0.1927693496059024,-0.01425225205952571
noise_control,3,20260811,2024-04-22,-0.26358281399500205,-0.21630117860870757,0.047281635386294485
noise_control,3,20260811,2024-04-23,-0.07934242297631847,-0.1272454793988781,-0.047903056422559626
noise_control,3,20260811,2024-04-24,0.04530468278997828,0.03208857924284548,-0.013216103547132804
noise_control,3,20260811,2024-04-25,-0.12242090690784004,-0.1041638947886126,0.018257012119227436
noise_control,3,20260811,2024-04-26,-0.0965165104704017,-0.0795819143155173,0.016934596154884407
noise_control,3,20260811,2024-04-29,0.1694492275006369,0.18060605596439874,0.011156828463761842
noise_control,3,20260811,2024-04-30,0.029740948792897143,0.02811440776529639,-0.0016265410276007537
noise_control,3,20260811,2024-05-06,-0.09729434437816491,-0.07699937966985965,0.02029496470830526
noise_control,3,20260811,2024-05-07,0.2681193309591032,0.24360067720429057,-0.024518653754812603
noise_control,3,20260821,2024-04-03,0.2881639222315933,0.3131901889102712,0.02502626667867791
noise_control,3,20260821,2024-04-08,-0.11413014206999308,-0.09649243620696282,0.017637705863030262
noise_control,3,20260821,2024-04-09,0.2904714406636921,0.2733912961715135,-0.01708014449217865
noise_control,3,20260821,2024-04-10,0.18576796000074247,0.14817145718721816,-0.03759650281352431
noise_control,3,20260821,2024-04-11,-0.05723849322638928,-0.06748734310175519,-0.010248849875365916
noise_control,3,20260821,2024-04-12,-0.1648078150419753,-0.2023841562078135,-0.03757634116583819
noise_control,3,20260821,2024-04-15,-0.41545315124928645,-0.44158484377110374,-0.026131692521817296
noise_control,3,20260821,2024-04-16,0.3268720211935852,0.29193933459296634,-0.03493268660061888
noise_control,3,20260821,2024-04-17,-0.008678274410768272,0.04795992291816957,0.056638197328937843
noise_control,3,20260821,2024-04-18,-0.27309394532050896,-0.26457518721416023,0.008518758106348723
noise_control,3,20260821,2024-04-19,0.15798974068637647,0.19373844039312738,0.0357486997067509
noise_control,3,20260821,2024-04-22,-0.15700936881535577,-0.19592291734055653,-0.038913548525200764
noise_control,3,20260821,2024-04-23,-0.1157987219802538,-0.11376834599105981,0.0020303759891939915
noise_control,3,20260821,2024-04-24,0.04113604727374598,0.10308294284913817,0.061946895575392194
noise_control,3,20260821,2024-04-25,-0.12144686583444676,-0.08180121614494061,0.03964564968950615
noise_control,3,20260821,2024-04-26,-0.1029431602788985,-0.12037608915024656,-0.017432928871348063
noise_control,3,20260821,2024-04-29,0.1561357020228369,0.17263385119611782,0.016498149173280935
noise_control,3,20260821,2024-04-30,0.11251732500195201,0.08901990262725215,-0.02349742237469986
noise_control,3,20260821,2024-05-06,-0.1307534459124001,-0.09561018728530554,0.035143258627094554
noise_control,3,20260821,2024-05-07,0.2542231015868572,0.29108520562977175,0.03686210404291457
noise_control,4,20260801,2024-05-08,0.015795679024996668,0.016336280692687742,0.0005406016676910742
noise_control,4,20260801,2024-05-09,-0.010244804252728931,-0.050956192684089095,-0.040711388431360164
noise_control,4,20260801,2024-05-10,0.10293671720227081,0.10417179765530273,0.001235080453031917
noise_control,4,20260801,2024-05-13,0.08935178111668099,0.13209578887290394,0.042744007756222946
noise_control,4,20260801,2024-05-14,0.10425798049723761,0.06566838907032259,-0.038589591426915024
noise_control,4,20260801,2024-05-15,0.0914011353829293,0.08875041466958976,-0.0026507207133395355
noise_control,4,20260801,2024-05-16,0.022903776998142285,-0.0026477667527064234,-0.02555154375084871
noise_control,4,20260801,2024-05-17,0.09023162711986116,0.09444093947814879,0.0042093123582876285
noise_control,4,20260801,2024-05-20,0.12020739656752275,0.09059972423125195,-0.02960767233627079
noise_control,4,20260801,2024-05-21,-0.010348468499321726,-0.006069067136921445,0.004279401362400281
noise_control,4,20260801,2024-05-22,0.06447118570099078,0.0805211512534093,0.016049965552418527
noise_control,4,20260801,2024-05-23,0.16472701175231197,0.20008855711801535,0.03536154536570338
noise_control,4,20260801,2024-05-24,0.02093033325540887,0.002524649730375279,-0.018405683525033592
noise_control,4,20260801,2024-05-27,0.0034406655193963834,0.002868846146245645,-0.0005718193731507385
noise_control,4,20260801,2024-05-28,-0.01807739762850931,-0.04624986031408643,-0.028172462685577118
noise_control,4,20260801,2024-05-29,0.07218912298227345,0.07620007584092034,0.004010952858646888
noise_control,4,20260801,2024-05-30,-0.06693736389066388,-0.12708097984577071,-0.06014361595510684
noise_control,4,20260801,2024-05-31,0.09731905442878001,0.14639737894332708,0.049078324514547064
noise_control,4,20260801,2024-06-03,0.11582652228895875,0.19115397255366467,0.07532745026470593
noise_control,4,20260801,2024-06-04,-0.05476116187289479,-0.04028894230170706,0.014472219571187724
noise_control,4,20260811,2024-05-08,0.053770921105585,0.05874464902602704,0.004973727920442039
noise_control,4,20260811,2024-05-09,0.0160538872260516,-0.006949099679289958,-0.023002986905341558
noise_control,4,20260811,2024-05-10,0.0550382501203998,0.10400114269395912,0.04896289257355932
noise_control,4,20260811,2024-05-13,0.08437914847789525,0.07818921261921014,-0.006189935858685117
noise_control,4,20260811,2024-05-14,0.08129056794191523,0.08132379391831539,3.322597640015301e-05
noise_control,4,20260811,2024-05-15,0.04657202766334529,0.0949879603802251,0.04841593271687981
noise_control,4,20260811,2024-05-16,0.004454505513170859,0.003976657179432052,-0.0004778483337388069
noise_control,4,20260811,2024-05-17,0.08595038087656233,0.10375009687825078,0.017799716001688448
noise_control,4,20260811,2024-05-20,0.10102888214563868,0.0975513673970799,-0.0034775147485587854
noise_control,4,20260811,2024-05-21,-0.0372912684578928,-0.033376345613677603,0.003914922844215199
noise_control,4,20260811,2024-05-22,0.08034567112291574,0.11313190592683774,0.032786234803921996
noise_control,4,20260811,2024-05-23,0.17984857794475032,0.1836148990568447,0.0037663211120943785
noise_control,4,20260811,2024-05-24,0.0065467026170423406,0.043316772536120644,0.0367700699190783
noise_control,4,20260811,2024-05-27,-0.003918903835973098,-0.004607582177390998,-0.0006886783414179008
noise_control,4,20260811,2024-05-28,-0.06815518477571213,0.005308599152259553,0.07346378392797168
noise_control,4,20260811,2024-05-29,0.11247078083052094,0.03388691844402527,-0.07858386238649567
noise_control,4,20260811,2024-05-30,-0.12924504449117596,-0.16265859908646016,-0.033413554595284195
noise_control,4,20260811,2024-05-31,0.14559302543367783,0.15371248928983505,0.008119463856157222
noise_control,4,20260811,2024-06-03,0.1507995219421856,0.1710612722132021,0.02026175027101651
noise_control,4,20260811,2024-06-04,-0.05356916968763372,-0.059944052835713316,-0.006374883148079595
noise_control,4,20260821,2024-05-08,0.06868552111733466,0.03765116994649989,-0.031034351170834765
noise_control,4,20260821,2024-05-09,0.021071869666907602,0.026077779841661947,0.005005910174754345
noise_control,4,20260821,2024-05-10,0.07472262016818648,0.12636552442546778,0.0516429042572813
noise_control,4,20260821,2024-05-13,0.09668643991797046,0.06158720448487758,-0.03509923543309288
noise_control,4,20260821,2024-05-14,0.0709853396846546,0.07840518587615632,0.007419846191501711
noise_control,4,20260821,2024-05-15,0.11819775693402391,0.04308349162986452,-0.07511426530415939
noise_control,4,20260821,2024-05-16,0.010679942154936103,-0.0010595929627052753,-0.011739535117641378
noise_control,4,20260821,2024-05-17,0.1344142679892398,0.09848490108439212,-0.03592936690484769
noise_control,4,20260821,2024-05-20,0.09513015259747937,0.07822370952866449,-0.016906443068814878
noise_control,4,20260821,2024-05-21,-0.05077173782156988,0.00019664375248414976,0.05096838157405403
noise_control,4,20260821,2024-05-22,0.03825285099846157,0.10963737851594035,0.07138452751747879
noise_control,4,20260821,2024-05-23,0.16143474036002783,0.20421948788194041,0.04278474752191258
noise_control,4,20260821,2024-05-24,0.020663406462819275,0.057533511489926886,0.03687010502710761
noise_control,4,20260821,2024-05-27,0.008002961687094808,0.01462537109385923,0.006622409406764422
noise_control,4,20260821,2024-05-28,-0.03009154487800368,-0.050294870327101886,-0.020203325449098204
noise_control,4,20260821,2024-05-29,0.05090115499706906,0.06719258748890432,0.016291432491835255
noise_control,4,20260821,2024-05-30,-0.13627528015657914,-0.15563623487624031,-0.019360954719661178
noise_control,4,20260821,2024-05-31,0.14488155623547783,0.1285603255866797,-0.01632123064879812
noise_control,4,20260821,2024-06-03,0.14898230460507741,0.11466036992041255,-0.034321934684664865
noise_control,4,20260821,2024-06-04,0.028574607320470985,-0.09388691069051604,-0.12246151801098702
noise_control,5,20260801,2024-06-05,0.14801108255659579,0.1582412620169856,0.010230179460389816
noise_control,5,20260801,2024-06-06,0.05177511674545439,0.10191503791646397,0.050139921171009585
noise_control,5,20260801,2024-06-07,0.03963129530847607,-0.05632045441216706,-0.09595174972064313
noise_control,5,20260801,2024-06-11,-0.15323867696374813,-0.1463450211270985,0.006893655836649637
noise_control,5,20260801,2024-06-12,-0.13447404392679382,-0.12309564416047665,0.011378399766317174
noise_control,5,20260801,2024-06-13,0.02275477813476889,0.06350895710358993,0.04075417896882104
noise_control,5,20260801,2024-06-14,-0.043630422276145324,-0.06661444969658871,-0.022984027420443386
noise_control,5,20260801,2024-06-17,0.029194793189241963,0.002752785541163056,-0.026442007648078907
noise_control,5,20260801,2024-06-18,-0.02283859366740059,0.016453615459319604,0.0392922091267202
noise_control,5,20260801,2024-06-19,-0.043942657475781306,-0.04223620108844869,0.0017064563873326194
noise_control,5,20260801,2024-06-20,0.14763868295228663,0.08355087789674526,-0.06408780505554137
noise_control,5,20260801,2024-06-21,0.20148926666377914,0.22618670491880796,0.02469743825502882
noise_control,5,20260801,2024-06-24,0.27182873292612425,0.22866054404761527,-0.043168188878508984
noise_control,5,20260801,2024-06-25,-0.04661562475991304,-0.03607865414877206,0.010536970611140978
noise_control,5,20260801,2024-06-26,-0.005250852892432842,-0.030659329225058988,-0.025408476332626145
noise_control,5,20260801,2024-06-27,0.1539569697171419,0.16616280882394094,0.012205839106799038
noise_control,5,20260801,2024-06-28,0.14114041189946047,0.0954838808947307,-0.04565653100472977
noise_control,5,20260801,2024-07-01,-0.09929073300332406,-0.09205255271582874,0.007238180287495316
noise_control,5,20260801,2024-07-02,0.03980234131026008,0.009936895313039587,-0.02986544599722049
noise_control,5,20260801,2024-07-03,-0.04657680372895277,-0.08691960130900653,-0.040342797580053755
noise_control,5,20260811,2024-06-05,0.0992157514116977,0.12568903545471835,0.026473284043020656
noise_control,5,20260811,2024-06-06,0.10237051175702715,0.0940989928488696,-0.00827151890815754
noise_control,5,20260811,2024-06-07,-0.029368560129282274,0.0772512980173167,0.10661985814659897
noise_control,5,20260811,2024-06-11,-0.1076091320571599,-0.12329033958486231,-0.015681207527702412
noise_control,5,20260811,2024-06-12,-0.14416386549995153,-0.11459318640758857,0.029570679092362953
noise_control,5,20260811,2024-06-13,0.0005266413430500211,0.028361828154586353,0.027835186811536333
noise_control,5,20260811,2024-06-14,-0.046804578565751674,-0.058053750595053646,-0.011249172029301972
noise_control,5,20260811,2024-06-17,0.025339065825279197,-0.006355366027717977,-0.031694431852997175
noise_control,5,20260811,2024-06-18,-0.022503667027020717,-0.027331870258547306,-0.004828203231526589
noise_control,5,20260811,2024-06-19,-0.03315897438940781,-0.03237851129753989,0.0007804630918679251
noise_control,5,20260811,2024-06-20,0.08236826831970263,0.10998075858069814,0.027612490260995506
noise_control,5,20260811,2024-06-21,0.18557676425554534,0.2210949041879518,0.03551813993240646
noise_control,5,20260811,2024-06-24,0.22746265236800742,0.1733110625690706,-0.054151589798936806
noise_control,5,20260811,2024-06-25,0.026714516221310082,0.05284544458184821,0.026130928360538125
noise_control,5,20260811,2024-06-26,-0.018389293030727043,0.03147540024666022,0.04986469327738727
noise_control,5,20260811,2024-06-27,0.1480145126747152,0.13135082123780015,-0.01666369143691504
noise_control,5,20260811,2024-06-28,0.15435915755904178,0.11165998795988605,-0.042699169599155734
noise_control,5,20260811,2024-07-01,-0.07073589144044491,-0.11369296659872948,-0.04295707515828456
noise_control,5,20260811,2024-07-02,-0.0021132724301655614,0.0023632585048364006,0.004476530935001962
noise_control,5,20260811,2024-07-03,-0.07879544831842203,-0.09766261991010244,-0.018867171591680415
noise_control,5,20260821,2024-06-05,0.13676306296155505,0.13071140385041535,-0.006051659111139696
noise_control,5,20260821,2024-06-06,0.11941899714630952,0.15493384204893287,0.035514844902623355
noise_control,5,20260821,2024-06-07,-0.0044102117466243715,-0.04389026171483494,-0.03948004996821057
noise_control,5,20260821,2024-06-11,-0.14632796237394455,-0.16335659409185105,-0.0170286317179065
noise_control,5,20260821,2024-06-12,-0.09893991580452363,-0.07545522553987999,0.023484690264643643
noise_control,5,20260821,2024-06-13,0.014994834577797291,0.017216907415568056,0.0022220728377707645
noise_control,5,20260821,2024-06-14,-0.05929625191355223,-0.015054472238523518,0.04424177967502871
noise_control,5,20260821,2024-06-17,0.013999770523247202,0.04405312468826412,0.030053354165016914
noise_control,5,20260821,2024-06-18,-0.005671348843621349,0.0011958502864662453,0.006867199130087594
noise_control,5,20260821,2024-06-19,0.0028312959609832753,-0.004302996019891775,-0.0071342919808750505
noise_control,5,20260821,2024-06-20,0.0886657769723677,0.145612382579435,0.05694660560706731
noise_control,5,20260821,2024-06-21,0.20848964186775237,0.21597284473245232,0.007483202864699945
noise_control,5,20260821,2024-06-24,0.20867611394908375,0.2060749337125915,-0.002601180236492251
noise_control,5,20260821,2024-06-25,0.03449954325898709,-0.02922796467837678,-0.06372750793736387
noise_control,5,20260821,2024-06-26,-0.015651485605650255,0.007001616627523317,0.022653102233173572
noise_control,5,20260821,2024-06-27,0.13570422218058376,0.15787108625594118,0.022166864075357423
noise_control,5,20260821,2024-06-28,0.16900106704561868,0.15854535266302805,-0.01045571438259063
noise_control,5,20260821,2024-07-01,-0.07316310015649333,-0.004259235019735238,0.06890386513675809
noise_control,5,20260821,2024-07-02,0.004361805032419983,0.022542571617957315,0.01818076658553733
noise_control,5,20260821,2024-07-03,-0.010353573005814489,-0.04932042336400616,-0.03896685035819167
noise_control,6,20260801,2024-07-04,-0.10358953213224194,-0.1008699357559428,0.0027195963762991354
noise_control,6,20260801,2024-07-05,0.1947603744806607,0.1585493010169287,-0.03621107346373198
noise_control,6,20260801,2024-07-08,-0.0931093716948134,-0.06590482397665035,0.027204547718163052
noise_control,6,20260801,2024-07-09,-0.10029329474308457,-0.09323078581474761,0.007062508928336958
noise_control,6,20260801,2024-07-10,0.05814888714479956,0.048376433079262635,-0.009772454065536923
noise_control,6,20260801,2024-07-11,0.05147358709906404,0.043883380240868027,-0.007590206858196016
noise_control,6,20260801,2024-07-12,0.15690448900993964,0.1652536476474052,0.008349158637465548
noise_control,6,20260801,2024-07-15,-0.04961358318000089,-0.021956612135551116,0.027656971044449776
noise_control,6,20260801,2024-07-16,0.1883436071131171,0.17218939436085487,-0.016154212752262226
noise_control,6,20260801,2024-07-17,0.037740697372682194,0.004811530377064987,-0.03292916699561721
noise_control,6,20260801,2024-07-18,-0.119767592356685,-0.157549251420632,-0.03778165906394701
noise_control,6,20260801,2024-07-19,-0.11990289967913378,-0.1373266443946097,-0.01742374471547592
noise_control,6,20260801,2024-07-22,0.12034594771933795,0.13836641168857172,0.018020463969233777
noise_control,6,20260801,2024-07-23,0.3028064890246513,0.27923794535190555,-0.023568543672745745
noise_control,6,20260801,2024-07-24,-0.05153689211456706,-0.07771735088510304,-0.02618045877053598
noise_control,6,20260801,2024-07-25,-0.050402155268572765,-0.006596316472677404,0.04380583879589536
noise_control,6,20260801,2024-07-26,0.02213286256658602,0.029765283369155744,0.007632420802569723
noise_control,6,20260801,2024-07-29,0.0011920675404071585,-0.027284863381749253,-0.02847693092215641
noise_control,6,20260801,2024-07-30,-0.2546251565290898,-0.24569511916825862,0.008930037360831172
noise_control,6,20260801,2024-07-31,0.13174542343195678,0.13532878945383278,0.0035833660218760055
noise_control,6,20260811,2024-07-04,-0.11636349985446488,-0.1203293933486487,-0.003965893494183817
noise_control,6,20260811,2024-07-05,0.16297584358429576,0.15651206656295558,-0.0064637770213401835
noise_control,6,20260811,2024-07-08,-0.03256920980329233,-0.009806113553940897,0.022763096249351432
noise_control,6,20260811,2024-07-09,-0.04334266918832494,-0.13444854748977858,-0.09110587830145364
noise_control,6,20260811,2024-07-10,0.017601920220439323,0.05813633349064115,0.040534413270201824
noise_control,6,20260811,2024-07-11,7.470514921707722e-05,0.0008152869696398144,0.0007405818204227373
noise_control,6,20260811,2024-07-12,0.16962515973532885,0.17798194930320635,0.008356789567877498
noise_control,6,20260811,2024-07-15,-0.05806234177914051,-0.07359865882426571,-0.015536317045125196
noise_control,6,20260811,2024-07-16,0.18477738195845805,0.1790281980221607,-0.005749183936297364
noise_control,6,20260811,2024-07-17,0.05412504915966168,0.06807931241771924,0.013954263258057556
noise_control,6,20260811,2024-07-18,-0.1568654608311914,-0.16393283423101715,-0.007067373399825744
noise_control,6,20260811,2024-07-19,-0.11018982473101377,-0.12230665273550716,-0.012116828004493388
noise_control,6,20260811,2024-07-22,0.0926428141405697,0.11362946677151249,0.020986652630942793
noise_control,6,20260811,2024-07-23,0.28326888741996836,0.24653015621305477,-0.036738731206913594
noise_control,6,20260811,2024-07-24,-0.06924764097452772,-0.0968817474065385,-0.02763410643201078
noise_control,6,20260811,2024-07-25,-0.05834912554362379,-0.02387478582130487,0.03447433972231892
noise_control,6,20260811,2024-07-26,-0.005935667322927698,-0.026170520387769517,-0.02023485306484182
noise_control,6,20260811,2024-07-29,-0.006699628071048955,-0.031526785891575544,-0.02482715782052659
noise_control,6,20260811,2024-07-30,-0.2034363391716333,-0.24079830852850803,-0.03736196935687472
noise_control,6,20260811,2024-07-31,0.1375460291933448,0.13420467596977512,-0.003341353223569682
noise_control,6,20260821,2024-07-04,-0.12035923702878885,-0.11777096127042455,0.002588275758364303
noise_control,6,20260821,2024-07-05,0.21358664727112853,0.13989741912099096,-0.07368922815013756
noise_control,6,20260821,2024-07-08,-0.11696192110525006,-0.10838587239276268,0.008576048712487377
noise_control,6,20260821,2024-07-09,-0.09195353271712953,-0.055842959911555724,0.0361105728055738
noise_control,6,20260821,2024-07-10,0.026392288561091007,0.06032390100753256,0.03393161244644155
noise_control,6,20260821,2024-07-11,0.03575635913996552,0.035050364485622744,-0.0007059946543427759
noise_control,6,20260821,2024-07-12,0.18163371660842276,0.12755472101087934,-0.05407899559754342
noise_control,6,20260821,2024-07-15,-0.049593439675828854,-0.06241035356584928,-0.012816913890020425
noise_control,6,20260821,2024-07-16,0.19400042764748288,0.19216694761652955,-0.0018334800309533217
noise_control,6,20260821,2024-07-17,0.04334340785269815,0.06541322199297775,0.0220698141402796
noise_control,6,20260821,2024-07-18,-0.19556450699254269,-0.10392010028975118,0.0916444067027915
noise_control,6,20260821,2024-07-19,-0.13494385605572987,-0.12189809125857208,0.013045764797157786
noise_control,6,20260821,2024-07-22,0.12855123622640338,0.11143697538900582,-0.01711426083739756
noise_control,6,20260821,2024-07-23,0.2628675448516582,0.2598184596932179,-0.0030490851584403234
noise_control,6,20260821,2024-07-24,-0.01851826516615109,-0.04366513228017186,-0.025146867114020772
noise_control,6,20260821,2024-07-25,-0.010954758466863529,-0.030290198225081947,-0.019335439758218418
noise_control,6,20260821,2024-07-26,0.030611462898573798,0.036194200282379387,0.005582737383805589
noise_control,6,20260821,2024-07-29,0.01260325469141126,-0.04094159809636261,-0.053544852787773864
noise_control,6,20260821,2024-07-30,-0.1877275322173364,-0.20611314115399126,-0.018385608936654863
noise_control,6,20260821,2024-07-31,0.12321617967705527,0.12105836542576946,-0.0021578142512858056
noise_control,7,20260801,2024-08-01,0.042656310168442665,-0.000526806566137589,-0.04318311673458025
noise_control,7,20260801,2024-08-02,0.13134213121505445,0.12693604128419356,-0.00440608993086089
noise_control,7,20260801,2024-08-05,-0.12210529419357886,-0.09436216595567251,0.027743128237906353
noise_control,7,20260801,2024-08-06,0.02602358991706484,0.03126843569237699,0.005244845775312153
noise_control,7,20260801,2024-08-07,0.13401523583158761,0.1533744025867018,0.019359166755114177
noise_control,7,20260801,2024-08-08,0.10999361344112937,0.10934386817942016,-0.000649745261709217
noise_control,7,20260801,2024-08-09,-0.058371334102914174,-0.08845591020584033,-0.030084576102926155
noise_control,7,20260801,2024-08-12,0.13894586368322512,0.08578532364108293,-0.053160540042142185
noise_control,7,20260801,2024-08-13,0.07543328218508252,0.07758785655011097,0.0021545743650284443
noise_control,7,20260801,2024-08-14,0.12058221453562103,0.08653378994130721,-0.034048424594313814
noise_control,7,20260801,2024-08-15,-0.07501323382202614,0.03024314107084558,0.10525637489287172
noise_control,7,20260801,2024-08-16,0.14895117207135156,0.10723036181450984,-0.04172081025684171
noise_control,7,20260801,2024-08-19,0.08124154255997676,0.0887700379931557,0.007528495433178947
noise_control,7,20260801,2024-08-20,-0.012410530925526225,-0.057633724832398384,-0.045223193906872156
noise_control,7,20260801,2024-08-21,-0.02686681511954677,-0.042752157473409755,-0.015885342353862984
noise_control,7,20260801,2024-08-22,0.07957043051802785,0.07816817946882622,-0.001402251049201636
noise_control,7,20260801,2024-08-23,0.10822368179662267,0.14309621274855172,0.03487253095192905
noise_control,7,20260801,2024-08-26,-0.1274104772478069,-0.11080816467149411,0.016602312576312797
noise_control,7,20260801,2024-08-27,-0.03843861604528903,-0.027584671296318804,0.010853944748970227
noise_control,7,20260801,2024-08-28,0.184594119608389,0.14443598957806197,-0.04015813003032703
noise_control,7,20260811,2024-08-01,0.011810328962400125,0.04350700638207203,0.0316966774196719
noise_control,7,20260811,2024-08-02,0.10300437075997179,0.07137442852733969,-0.0316299422326321
noise_control,7,20260811,2024-08-05,-0.10557918884435204,-0.09559978073027946,0.00997940811407258
noise_control,7,20260811,2024-08-06,0.02851799027834451,0.02352590188136287,-0.004992088396981641
noise_control,7,20260811,2024-08-07,0.13350049537460879,0.1368007860329652,0.0033002906583564084
noise_control,7,20260811,2024-08-08,0.10771569314925623,0.15096935371232958,0.04325366056307335
noise_control,7,20260811,2024-08-09,-0.0493494369088335,-0.11042498303872961,-0.06107554612989611
noise_control,7,20260811,2024-08-12,0.028839312847410817,0.11198655282496006,0.08314723997754925
noise_control,7,20260811,2024-08-13,0.0985357646077055,0.12425589649120929,0.02572013188350379
noise_control,7,20260811,2024-08-14,0.08518185622589919,0.032609481340935366,-0.05257237488496382
noise_control,7,20260811,2024-08-15,0.019228698724105882,-0.04417784200838891,-0.0634065407324948
noise_control,7,20260811,2024-08-16,0.11258349919073875,0.1374568676207278,0.024873368429989065
noise_control,7,20260811,2024-08-19,0.04225600636723889,0.06067831780744034,0.01842231144020145
noise_control,7,20260811,2024-08-20,-0.0874538773118847,-0.0583873200524376,0.029066557259447096
noise_control,7,20260811,2024-08-21,-0.00539325273351389,0.00934497995698146,0.014738232690495349
noise_control,7,20260811,2024-08-22,0.04368688003109351,0.024625575786942636,-0.01906130424415087
noise_control,7,20260811,2024-08-23,0.11378511006361249,0.12410814477995585,0.010323034716343368
noise_control,7,20260811,2024-08-26,-0.09248506747865821,-0.10367637462535437,-0.011191307146696153
noise_control,7,20260811,2024-08-27,-0.055563990474014925,-0.03681240805146994,0.018751582422544988
noise_control,7,20260811,2024-08-28,0.1422407488300178,0.1266014645074001,-0.015639284322617714
noise_control,7,20260821,2024-08-01,0.05550062900915452,0.0948553161025371,0.03935468709338258
noise_control,7,20260821,2024-08-02,0.11652826374781028,0.12170984831926417,0.005181584571453887
noise_control,7,20260821,2024-08-05,-0.06107884471109043,-0.0659770236155064,-0.004898178904415976
noise_control,7,20260821,2024-08-06,0.012852094508440565,0.006868091125118861,-0.005984003383321704
noise_control,7,20260821,2024-08-07,0.169187579527073,0.17583077670571798,0.006643197178644977
noise_control,7,20260821,2024-08-08,0.1281720904093298,0.11151147042888382,-0.01666061998044599
noise_control,7,20260821,2024-08-09,-0.08034405882927736,-0.0584555449555669,0.021888513873710463
noise_control,7,20260821,2024-08-12,0.10238668394063802,0.07429544473015859,-0.02809123921047943
noise_control,7,20260821,2024-08-13,0.16704680601170976,0.09540530090230746,-0.0716415051094023
noise_control,7,20260821,2024-08-14,0.08179548328313893,0.07499421165339519,-0.006801271629743741
noise_control,7,20260821,2024-08-15,-0.006615181779058482,-0.04362219921247773,-0.03700701743341925
noise_control,7,20260821,2024-08-16,0.0541997907351531,0.11688312981025971,0.0626833390751066
noise_control,7,20260821,2024-08-19,0.014352699118685914,0.08281982889213696,0.06846712977345104
noise_control,7,20260821,2024-08-20,0.001114594882059307,-0.08879930880097993,-0.08991390368303924
noise_control,7,20260821,2024-08-21,-0.1093322652879163,-0.027705631275010894,0.0816266340129054
noise_control,7,20260821,2024-08-22,0.05083288690579067,0.05609533189176773,0.005262444985977055
noise_control,7,20260821,2024-08-23,0.061265669978362386,0.10625506045250381,0.044989390474141425
noise_control,7,20260821,2024-08-26,-0.10918779230834547,-0.0739397072979675,0.03524808501037796
noise_control,7,20260821,2024-08-27,-0.06793427013619821,-0.03791571690255555,0.030018553233642657
noise_control,7,20260821,2024-08-28,0.09017116133247963,0.15063823829405074,0.06046707696157111
noise_control,8,20260801,2024-08-29,-0.1315838102979464,-0.1384911482821797,-0.006907337984233292
noise_control,8,20260801,2024-08-30,0.32227039197065227,0.29819377459605007,-0.024076617374602205
noise_control,8,20260801,2024-09-02,-0.15273483016748385,-0.1399662065616013,0.012768623605882545
noise_control,8,20260801,2024-09-03,-0.056085069791922765,-0.0474513554910296,0.008633714300893165
noise_control,8,20260801,2024-09-04,0.015031031414199548,0.0338966665409202,0.018865635126720653
noise_control,8,20260801,2024-09-05,0.18852645621556063,0.20618164127323316,0.017655185057672523
noise_control,8,20260801,2024-09-06,-0.017337717490694533,0.04597950617720036,0.0633172236678949
noise_control,8,20260801,2024-09-09,-0.05110037678933581,-0.014326626868840304,0.03677374992049551
noise_control,8,20260801,2024-09-10,-0.08321998614313907,-0.12168399075938992,-0.03846400461625085
noise_control,8,20260801,2024-09-11,0.20156536252170834,0.0935435831073459,-0.10802177941436245
noise_control,8,20260801,2024-09-12,0.2298357773230284,0.24024009346623185,0.010404316143203446
noise_control,8,20260801,2024-09-13,-0.055370525019081844,-0.05130210609081834,0.004068418928263505
noise_control,8,20260801,2024-09-18,0.19026624896739125,0.19146661269572365,0.0012003637283324042
noise_control,8,20260801,2024-09-19,0.13619724116396062,0.1336723856325418,-0.002524855531418818
noise_control,8,20260801,2024-09-20,0.08059292638737854,0.047603496438412454,-0.03298942994896609
noise_control,8,20260801,2024-09-23,-0.1239130260391118,-0.15992660815824253,-0.03601358211913072
noise_control,8,20260801,2024-09-24,0.07652949570004781,0.05732631154285748,-0.019203184157190335
noise_control,8,20260801,2024-09-25,0.04348859861977783,0.04722668662700819,0.0037380880072303627
noise_control,8,20260801,2024-09-26,-0.2504457902587967,-0.25934289340166844,-0.008897103142871732
noise_control,8,20260801,2024-09-27,-0.27053128618343714,-0.21596444193693248,0.05456684424650465
noise_control,8,20260811,2024-08-29,-0.05298177792339902,-0.10020746385997688,-0.04722568593657786
noise_control,8,20260811,2024-08-30,0.35675220414084363,0.36050952109453355,0.0037573169536899154
noise_control,8,20260811,2024-09-02,-0.10447539066385,-0.13574454519514492,-0.03126915453129492
noise_control,8,20260811,2024-09-03,-0.06123303672361964,-0.08571336139446167,-0.024480324670842032
noise_control,8,20260811,2024-09-04,0.014672736415459976,-0.0005697654903425063,-0.015242501905802482
noise_control,8,20260811,2024-09-05,0.202766544813117,0.2217062655483932,0.018939720735276194
noise_control,8,20260811,2024-09-06,-0.023906167798317536,0.017695863607609517,0.041602031405927054
noise_control,8,20260811,2024-09-09,-0.012358883043906551,-0.001618900609820154,0.010739982434086397
noise_control,8,20260811,2024-09-10,-0.10053377415256222,-0.10035542785000011,0.00017834630256211015
noise_control,8,20260811,2024-09-11,0.20686475300969376,0.16319982989743573,-0.04366492311225803
noise_control,8,20260811,2024-09-12,0.27422828220404943,0.29759197782217733,0.0233636956181279
noise_control,8,20260811,2024-09-13,-0.026251788943977047,-0.04359402871077285,-0.017342239766795803
noise_control,8,20260811,2024-09-18,0.20674442414863992,0.13592397218015903,-0.07082045196848089
noise_control,8,20260811,2024-09-19,0.16339822005924445,0.11512100753039134,-0.048277212528853114
noise_control,8,20260811,2024-09-20,0.043570220188419675,0.08409421483808228,0.04052399464966261
noise_control,8,20260811,2024-09-23,-0.1593223174850627,-0.14636226104755976,0.012960056437502948
noise_control,8,20260811,2024-09-24,0.10234343289184082,0.059629553621882665,-0.042713879269958156
noise_control,8,20260811,2024-09-25,-0.007745036302678937,-0.025112744920862618,-0.01736770861818368
noise_control,8,20260811,2024-09-26,-0.20463945629640504,-0.23366985770615542,-0.029030401409750384
noise_control,8,20260811,2024-09-27,-0.19217107443451265,-0.23812907728291086,-0.04595800284839821
noise_control,8,20260821,2024-08-29,-0.12074909949972026,-0.0740779885253301,0.04667111097439017
noise_control,8,20260821,2024-08-30,0.36223795721339846,0.3960513677907882,0.033813410577389735
noise_control,8,20260821,2024-09-02,-0.11665122965296101,-0.17003209160206068,-0.05338086194909966
noise_control,8,20260821,2024-09-03,-0.05472013310895224,-0.046241132633462786,0.008479000475489454
noise_control,8,20260821,2024-09-04,0.061890237871923666,0.006351278968011203,-0.055538958903912465
noise_control,8,20260821,2024-09-05,0.13717814315466137,0.22844515034937704,0.09126700719471567
noise_control,8,20260821,2024-09-06,0.016762944786535002,-0.013156515936106417,-0.02991946072264142
noise_control,8,20260821,2024-09-09,-0.01932391483009256,-0.002044115155938703,0.01727979967415386
noise_control,8,20260821,2024-09-10,-0.07681134580146465,-0.0844673182102356,-0.0076559724087709585
noise_control,8,20260821,2024-09-11,0.15309983732151108,0.061572636937972255,-0.09152720038353883
noise_control,8,20260821,2024-09-12,0.24167130381365814,0.2669736440296863,0.025302340216028174
noise_control,8,20260821,2024-09-13,-0.052758361863528475,-0.027436337331656912,0.025322024531871563
noise_control,8,20260821,2024-09-18,0.20569052087521397,0.16973705320366367,-0.035953467671550304
noise_control,8,20260821,2024-09-19,0.08725782249696307,0.14599692598495584,0.05873910348799277
noise_control,8,20260821,2024-09-20,0.05741138957265593,0.1073956452701206,0.049984255697464675
noise_control,8,20260821,2024-09-23,-0.12113843094821287,-0.1430603313692101,-0.021921900420997217
noise_control,8,20260821,2024-09-24,0.12015657286068526,0.07450888253908641,-0.04564769032159885
noise_control,8,20260821,2024-09-25,0.03614816675083485,-0.04093410188135732,-0.07708226863219217
noise_control,8,20260821,2024-09-26,-0.25445197307732087,-0.22419240957553635,0.03025956350178452
noise_control,8,20260821,2024-09-27,-0.20777204909020394,-0.24835847882663906,-0.040586429736435115
noise_control,9,20260801,2024-09-30,0.007953139681167431,0.049993239951342076,0.04204010027017464
noise_control,9,20260801,2024-10-08,0.001750381949925504,-0.027481446614331707,-0.029231828564257212
noise_control,9,20260801,2024-10-09,-0.13214319150424805,-0.15741936084652286,-0.025276169342274807
noise_control,9,20260801,2024-10-10,-0.09161437008795813,-0.08219545841473581,0.009418911673222313
noise_control,9,20260801,2024-10-11,-0.11959112537582887,-0.07116923850262945,0.04842188687319943
noise_control,9,20260801,2024-10-14,0.01203857053055489,-0.021096343463287013,-0.0331349139938419
noise_control,9,20260801,2024-10-15,0.12127770202485132,0.1717415657792681,0.05046386375441679
noise_control,9,20260801,2024-10-16,-0.0639187969026824,-0.08983609451741854,-0.025917297614736143
noise_control,9,20260801,2024-10-17,-0.36933605089662974,-0.31302683476247695,0.056309216134152795
noise_control,9,20260801,2024-10-18,0.05456027811885871,0.16105663157753994,0.10649635345868122
noise_control,9,20260801,2024-10-21,0.18456358200400014,0.14803904386894814,-0.03652453813505199
noise_control,9,20260801,2024-10-22,0.035767860532654815,0.030760479937221797,-0.005007380595433018
noise_control,9,20260801,2024-10-23,0.007974021900176757,0.003146376111214324,-0.004827645788962434
noise_control,9,20260801,2024-10-24,0.10667490838057375,0.1591347691067103,0.05245986072613654
noise_control,9,20260801,2024-10-25,0.16251014185455712,0.14519105807652236,-0.01731908377803476
noise_control,9,20260801,2024-10-28,0.00474836613861985,-0.03553876087747967,-0.040287127016099517
noise_control,9,20260801,2024-10-29,0.07189341122033638,0.074300322374764,0.002406911154427621
noise_control,9,20260801,2024-10-30,-0.0984666201636106,-0.09839470513028607,7.191503332452942e-05
noise_control,9,20260801,2024-10-31,0.36533432440816876,0.33612911741813833,-0.02920520699003043
noise_control,9,20260801,2024-11-01,-0.1714001682873176,-0.17902510557567652,-0.007624937288358918
noise_control,9,20260811,2024-09-30,0.03897894222935456,0.029884438821268743,-0.009094503408085815
noise_control,9,20260811,2024-10-08,-0.006644857402371189,-0.02582761677196525,-0.01918275936959406
noise_control,9,20260811,2024-10-09,-0.1740648740235754,-0.08182631126071219,0.09223856276286321
noise_control,9,20260811,2024-10-10,-0.04160821873164066,-0.06768172550913212,-0.026073506777491463
noise_control,9,20260811,2024-10-11,-0.12371507728557038,-0.07811429982325999,0.04560077746231039
noise_control,9,20260811,2024-10-14,-0.0017272580848005455,-0.0550201744093517,-0.05329291632455116
noise_control,9,20260811,2024-10-15,0.14345605292324354,0.14389740149832075,0.00044134857507721614
noise_control,9,20260811,2024-10-16,-0.07612983274039643,-0.07265087822819227,0.0034789545122041604
noise_control,9,20260811,2024-10-17,-0.32860784561550044,-0.30637091870881844,0.022236926906681997
noise_control,9,20260811,2024-10-18,0.09415766553589054,0.1486579730534579,0.05450030751756736
noise_control,9,20260811,2024-10-21,0.17833975683496966,0.17317624369417328,-0.005163513140796383
noise_control,9,20260811,2024-10-22,-0.011617085315451673,-0.0034415272541179803,0.008175558061333693
noise_control,9,20260811,2024-10-23,0.033836896833742316,0.002801242889067324,-0.031035653944674994
noise_control,9,20260811,2024-10-24,0.13043206226311668,0.16949874295133713,0.039066680688220445
noise_control,9,20260811,2024-10-25,0.14859788839226676,0.1109182851004293,-0.03767960329183746
noise_control,9,20260811,2024-10-28,-0.006178584976402235,-0.03618065776214956,-0.030002072785747323
noise_control,9,20260811,2024-10-29,0.031621605663521596,0.07873380394797865,0.04711219828445705
noise_control,9,20260811,2024-10-30,-0.08870363226034739,-0.0996079468730309,-0.010904314612683513
noise_control,9,20260811,2024-10-31,0.3636068334550148,0.3390085418265269,-0.024598291628487923
noise_control,9,20260811,2024-11-01,-0.14429911103425755,-0.14075583453672413,0.0035432764975334152
noise_control,9,20260821,2024-09-30,0.021714857875517617,0.026344854148608574,0.004629996273090957
noise_control,9,20260821,2024-10-08,-0.030354315814708016,-0.03703104525258465,-0.006676729437876637
noise_control,9,20260821,2024-10-09,-0.0932594826750466,-0.14739240606603277,-0.05413292339098616
noise_control,9,20260821,2024-10-10,-0.10125157998537271,-0.14146846928811804,-0.040216889302745334
noise_control,9,20260821,2024-10-11,-0.08813365904039519,-0.08121856177723573,0.0069150972631594615
noise_control,9,20260821,2024-10-14,0.02346820632612554,-0.04494066624338512,-0.06840887256951067
noise_control,9,20260821,2024-10-15,0.08627332041414046,0.13120295095745113,0.04492963054331067
noise_control,9,20260821,2024-10-16,-0.10427221524106776,-0.05796780318424329,0.04630441205682447
noise_control,9,20260821,2024-10-17,-0.31326524505095343,-0.3415516072774523,-0.028286362226498885
noise_control,9,20260821,2024-10-18,0.08551836631140462,0.11218476208471297,0.026666395773308343
noise_control,9,20260821,2024-10-21,0.203265220207238,0.17440962452847325,-0.02885559567876475
noise_control,9,20260821,2024-10-22,0.02345158889350242,0.028434039939960336,0.004982451046457916
noise_control,9,20260821,2024-10-23,-0.02440195764007119,-0.005818250631583492,0.018583707008487698
noise_control,9,20260821,2024-10-24,0.1605832881581691,0.13832742156996172,-0.022255866588207385
noise_control,9,20260821,2024-10-25,0.13121537031877867,0.1493060418487321,0.018090671529953445
noise_control,9,20260821,2024-10-28,-0.058472990135703465,-0.025203570336694448,0.03326941979900902
noise_control,9,20260821,2024-10-29,0.0656837204838923,0.039903452897496326,-0.025780267586395976
noise_control,9,20260821,2024-10-30,-0.11673486155401337,-0.13128505829723042,-0.014550196743217045
noise_control,9,20260821,2024-10-31,0.35184905640465475,0.38894512672110126,0.03709607031644652
noise_control,9,20260821,2024-11-01,-0.1498103208106429,-0.22850315834097662,-0.07869283753033371
noise_control,10,20260801,2024-11-04,-0.22206206852442562,-0.23735155176990813,-0.015289483245482516
noise_control,10,20260801,2024-11-05,0.08810496312623507,0.11258673018338253,0.024481767057147455
noise_control,10,20260801,2024-11-06,0.2313005524855237,0.23577108048779474,0.004470528002271046
noise_control,10,20260801,2024-11-07,-0.0026090851730441707,0.004719698739433843,0.0073287839124780135
noise_control,10,20260801,2024-11-08,-0.27797504543964774,-0.29513646296588114,-0.017161417526233402
noise_control,10,20260801,2024-11-11,0.3157198042623728,0.2976479410917112,-0.018071863170661562
noise_control,10,20260801,2024-11-12,-0.03523082537732564,-0.010922838438337284,0.02430798693898836
noise_control,10,20260801,2024-11-13,0.15512616516841343,0.21304710235280686,0.05792093718439342
noise_control,10,20260801,2024-11-14,0.1954439639583331,0.2888990425133588,0.09345507855502569
noise_control,10,20260801,2024-11-15,0.3073478236094735,0.3481091715283377,0.04076134791886421
noise_control,10,20260801,2024-11-18,-0.20342094372969283,-0.2230888517509381,-0.019667908021245267
noise_control,10,20260801,2024-11-19,0.04002761049612209,0.0890665402863416,0.04903892979021951
noise_control,10,20260801,2024-11-20,0.027871081871460122,0.06221637742118421,0.034345295549724084
noise_control,10,20260801,2024-11-21,0.07916934324461666,0.14557143441972148,0.06640209117510482
noise_control,10,20260801,2024-11-22,-0.00406180763241046,0.08678700594208946,0.09084881357449992
noise_control,10,20260801,2024-11-25,0.13101702353075897,0.10965572121819371,-0.021361302312565264
noise_control,10,20260801,2024-11-26,-0.26549836764649815,-0.33360273975312044,-0.06810437210662229
noise_control,10,20260801,2024-11-27,0.1303167855714039,0.18949594760444272,0.05917916203303883
noise_control,10,20260801,2024-11-28,-0.1203575913988847,-0.1545833380259406,-0.034225746627055895
noise_control,10,20260801,2024-11-29,0.022536728289906872,0.03508195160424435,0.012545223314337477
noise_control,10,20260811,2024-11-04,-0.17881352894125457,-0.2285019061605581,-0.049688377219303526
noise_control,10,20260811,2024-11-05,0.10700831278366649,0.12486696775966939,0.017858654976002905
noise_control,10,20260811,2024-11-06,0.2375530623757602,0.21873714496852284,-0.01881591740723737
noise_control,10,20260811,2024-11-07,-0.011707391680031733,-0.003177310571569674,0.008530081108462059
noise_control,10,20260811,2024-11-08,-0.28405273925759494,-0.29135140802553017,-0.007298668767935224
noise_control,10,20260811,2024-11-11,0.34016186231554824,0.3048392717914113,-0.03532259052413694
noise_control,10,20260811,2024-11-12,0.005017426669984257,0.007626368055862555,0.002608941385878298
noise_control,10,20260811,2024-11-13,0.20830108808895348,0.15531454740488665,-0.05298654068406683
noise_control,10,20260811,2024-11-14,0.25212559112430993,0.2442005610877716,-0.007925030036538327
noise_control,10,20260811,2024-11-15,0.3215653749174346,0.273788498089113,-0.0477768768283216
noise_control,10,20260811,2024-11-18,-0.18722338598698235,-0.180015777997907,0.007207607989075354
noise_control,10,20260811,2024-11-19,0.09337483767855827,0.08879795457866983,-0.004576883099888435
noise_control,10,20260811,2024-11-20,0.048608546301356755,0.08191736764275526,0.0333088213413985
noise_control,10,20260811,2024-11-21,0.11242116388812318,0.1518944453876796,0.03947328149955642
noise_control,10,20260811,2024-11-22,0.030589087900594603,0.019894930694146457,-0.010694157206448146
noise_control,10,20260811,2024-11-25,0.1383446443731428,0.10645227888126077,-0.03189236549188204
noise_control,10,20260811,2024-11-26,-0.30303128212278474,-0.32543197502306775,-0.022400692900283015
noise_control,10,20260811,2024-11-27,0.1516137459040099,0.17207110060282557,0.020457354698815683
noise_control,10,20260811,2024-11-28,-0.13483663012341401,-0.14116740555732346,-0.006330775433909447
noise_control,10,20260811,2024-11-29,0.03830038707236699,-0.00527870696852443,-0.04357909404089142
noise_control,10,20260821,2024-11-04,-0.20282742818263488,-0.18310583728231233,0.01972159090032255
noise_control,10,20260821,2024-11-05,0.09296478207361376,0.09860889317702826,0.0056441111034144925
noise_control,10,20260821,2024-11-06,0.2303335844465677,0.26786825525867614,0.03753467081210843
noise_control,10,20260821,2024-11-07,0.026314195452579046,-0.011961737087445069,-0.038275932540024114
noise_control,10,20260821,2024-11-08,-0.28383012482901443,-0.2649571053633826,0.018873019465631857
noise_control,10,20260821,2024-11-11,0.3494349457912133,0.34921267606705025,-0.00022226972416306
noise_control,10,20260821,2024-11-12,-0.01112539513703867,0.03692305539821063,0.048048450535249296
noise_control,10,20260821,2024-11-13,0.2285994083733004,0.16588969683138907,-0.06270971154191132
noise_control,10,20260821,2024-11-14,0.3472541645697408,0.23176158273132497,-0.11549258183841582
noise_control,10,20260821,2024-11-15,0.36530188646404577,0.30800942444240736,-0.0572924620216384
noise_control,10,20260821,2024-11-18,-0.2580820824905383,-0.18393699607871097,0.07414508641182735
noise_control,10,20260821,2024-11-19,0.03736106154216557,0.06018818867736756,0.02282712713520199
noise_control,10,20260821,2024-11-20,0.0484947765464415,0.05547442890646258,0.006979652360021078
noise_control,10,20260821,2024-11-21,0.12995557721104678,0.10552790029174666,-0.024427676919300118
noise_control,10,20260821,2024-11-22,0.04407152992376311,0.01657995892301233,-0.027491571000750784
noise_control,10,20260821,2024-11-25,0.13005685484109794,0.05757859696303377,-0.07247825787806417
noise_control,10,20260821,2024-11-26,-0.33503110197850905,-0.3082574102650932,0.02677369171341587
noise_control,10,20260821,2024-11-27,0.16662831799438632,0.17548407096447516,0.008855752970088837
noise_control,10,20260821,2024-11-28,-0.1611082618718331,-0.1195438516721285,0.04156441019970461
noise_control,10,20260821,2024-11-29,-0.014795707137910043,0.0516645517780861,0.06646025891599613
noise_control,11,20260801,2024-12-02,0.040034763883830336,0.09631724009214938,0.05628247620831905
noise_control,11,20260801,2024-12-03,-0.13856755583668978,-0.1368959825745141,0.0016715732621756796
noise_control,11,20260801,2024-12-04,0.22200408142853376,0.21540438881728816,-0.0065996926112456
noise_control,11,20260801,2024-12-05,0.19489335042435266,0.23588414311342812,0.04099079268907546
noise_control,11,20260801,2024-12-06,-0.027445246736596294,0.02290275312596846,0.05034799986256475
noise_control,11,20260801,2024-12-09,0.026932016345352174,0.05370786450314636,0.026775848157794185
noise_control,11,20260801,2024-12-10,0.08490004705542344,0.03508680055967478,-0.049813246495748656
noise_control,11,20260801,2024-12-11,0.06170222336290852,0.06767307394315535,0.005970850580246823
noise_control,11,20260801,2024-12-12,-0.027786301081178393,-0.05086986907228055,-0.023083567991102154
noise_control,11,20260801,2024-12-13,-0.15676252111501285,-0.17370906192899252,-0.01694654081397967
noise_control,11,20260801,2024-12-16,-0.05571987875324885,-0.01586628757453273,0.03985359117871612
noise_control,11,20260801,2024-12-17,-0.01242048337093266,0.03067880386931853,0.043099287240251194
noise_control,11,20260801,2024-12-18,0.09710577885077577,0.19469919799752267,0.0975934191467469
noise_control,11,20260801,2024-12-19,0.08967912053583929,0.16930948876519222,0.07963036822935293
noise_control,11,20260801,2024-12-20,-0.12430549808354556,-0.09618116906438096,0.028124329019164604
noise_control,11,20260801,2024-12-23,-0.12929660295198636,-0.0753302155062445,0.053966387445741865
noise_control,11,20260801,2024-12-24,-0.2501632795532242,-0.21962360372978007,0.030539675823444135
noise_control,11,20260801,2024-12-25,0.10984970611871768,0.03217483937100689,-0.07767486674771079
noise_control,11,20260801,2024-12-26,0.2547871434181636,0.3089541449156187,0.05416700149745507
noise_control,11,20260801,2024-12-27,-0.0542492168142767,-0.06556024047739012,-0.011311023663113422
noise_control,11,20260811,2024-12-02,0.048941605060569736,0.0713357678994012,0.022394162838831465
noise_control,11,20260811,2024-12-03,-0.14583954345838634,-0.19848551947919124,-0.0526459760208049
noise_control,11,20260811,2024-12-04,0.26086020983153196,0.19574376233899538,-0.06511644749253659
noise_control,11,20260811,2024-12-05,0.22263978700978376,0.24527974981956396,0.0226399628097802
noise_control,11,20260811,2024-12-06,-0.014616340407084422,-0.011334765905532087,0.003281574501552335
noise_control,11,20260811,2024-12-09,0.032353970857119656,-0.004118338946125158,-0.03647230980324481
noise_control,11,20260811,2024-12-10,0.05281434418883218,0.050834694433435794,-0.0019796497553963843
noise_control,11,20260811,2024-12-11,0.053646700329859354,0.06397176362945618,0.010325063299596829
noise_control,11,20260811,2024-12-12,-0.04802260680061255,0.0018928910064895926,0.049915497807102145
noise_control,11,20260811,2024-12-13,-0.15241754125303814,-0.10868594569723312,0.04373159555580501
noise_control,11,20260811,2024-12-16,-0.09131237451857349,-0.0014078964578606143,0.08990447806071288
noise_control,11,20260811,2024-12-17,0.01718407333071562,0.03330040060746702,0.016116327276751403
noise_control,11,20260811,2024-12-18,0.1292118334028841,0.13127506625964003,0.0020632328567559144
noise_control,11,20260811,2024-12-19,0.1603088085752062,0.1375127646902688,-0.022796043884937417
noise_control,11,20260811,2024-12-20,-0.17048518398787446,-0.1571022883163191,0.013382895671555373
noise_control,11,20260811,2024-12-23,-0.14937981087070795,-0.13160598148300454,0.017773829387703416
noise_control,11,20260811,2024-12-24,-0.19694023599079777,-0.24026109423115322,-0.04332085824035545
noise_control,11,20260811,2024-12-25,0.08627813047235777,0.07641745562726715,-0.009860674845090622
noise_control,11,20260811,2024-12-26,0.2520910155563038,0.2920209415755195,0.03992992601921569
noise_control,11,20260811,2024-12-27,-0.050393900572616286,-0.0889873668921523,-0.03859346631953601
noise_control,11,20260821,2024-12-02,0.07879468066753896,0.10164649554275983,0.022851814875220866
noise_control,11,20260821,2024-12-03,-0.10321095887673994,-0.1253596596654531,-0.022148700788713158
noise_control,11,20260821,2024-12-04,0.16549432219580776,0.20311451649896334,0.03762019430315558
noise_control,11,20260821,2024-12-05,0.22108669960348176,0.24510006119406733,0.024013361590585564
noise_control,11,20260821,2024-12-06,-0.0034858456532352857,-0.0037913133754655893,-0.0003054677222303036
noise_control,11,20260821,2024-12-09,0.02040946251176489,0.06428954921174991,0.04388008669998502
noise_control,11,20260821,2024-12-10,0.052985128512810106,0.0346293836919548,-0.018355744820855308
noise_control,11,20260821,2024-12-11,0.041930649383228734,0.05762270533859883,0.0156920559553701
noise_control,11,20260821,2024-12-12,-0.03326202163637327,-0.036568177700541486,-0.003306156064168217
noise_control,11,20260821,2024-12-13,-0.10927684847272631,-0.15339245593476564,-0.044115607462039325
noise_control,11,20260821,2024-12-16,-0.046874512297708615,0.00543105879440576,0.052305571092114374
noise_control,11,20260821,2024-12-17,0.006326024287133427,0.0054805414715814,-0.0008454828155520268
noise_control,11,20260821,2024-12-18,0.138903987604262,0.17691267121959733,0.038008683615335326
noise_control,11,20260821,2024-12-19,0.1266049398470792,0.12539060049460724,-0.001214339352471977
noise_control,11,20260821,2024-12-20,-0.1543296523568201,-0.12744849571199401,0.0268811566448261
noise_control,11,20260821,2024-12-23,-0.1432985543662134,-0.09749944417293495,0.04579911019327844
noise_control,11,20260821,2024-12-24,-0.2453562953706945,-0.2411195878362435,0.0042367075344510174
noise_control,11,20260821,2024-12-25,0.07008821912081796,0.029838548851659076,-0.040249670269158884
noise_control,11,20260821,2024-12-26,0.28523208724811794,0.28641468890262095,0.0011826016545030127
noise_control,11,20260821,2024-12-27,-0.021119051396699534,-0.06534566775336846,-0.04422661635666893
noise_control,12,20260801,2024-12-30,0.006945525435372033,0.005085426658347835,-0.0018600987770241977
noise_control,12,20260811,2024-12-30,-0.024585413725574094,-0.0011374822947678082,0.023447931430806285
noise_control,12,20260821,2024-12-30,-0.012752142299846381,0.05916068813237552,0.07191283043222191
