date,age,block,experiment,arm,label,seed,with_ic,without_ic,effect_ic
2024-01-02,1,1,E10,e10_remove_book_and_trade,E10 拿掉盘口+成交（11通道）,20260801,0.05623915738651624,0.050436198622834646,0.005802958763681594
2024-01-03,2,1,E10,e10_remove_book_and_trade,E10 拿掉盘口+成交（11通道）,20260801,0.06834481081009443,0.036118959963853677,0.03222585084624075
2024-01-04,3,1,E10,e10_remove_book_and_trade,E10 拿掉盘口+成交（11通道）,20260801,0.0343444899747264,0.0351517406182042,-0.0008072506434777943
2024-01-05,4,1,E10,e10_remove_book_and_trade,E10 拿掉盘口+成交（11通道）,20260801,0.05971130371448168,0.08974093553983932,-0.030029631825357637
2024-01-08,5,1,E10,e10_remove_book_and_trade,E10 拿掉盘口+成交（11通道）,20260801,0.03918983933000605,0.03613977608884787,0.0030500632411581755
2024-01-09,6,1,E10,e10_remove_book_and_trade,E10 拿掉盘口+成交（11通道）,20260801,0.017842233848987213,0.04492436949732139,-0.027082135648334178
2024-01-10,7,1,E10,e10_remove_book_and_trade,E10 拿掉盘口+成交（11通道）,20260801,-0.009745467261687365,0.011795916582567541,-0.021541383844254906
2024-01-11,8,1,E10,e10_remove_book_and_trade,E10 拿掉盘口+成交（11通道）,20260801,0.0690119093021269,0.04508235640049102,0.023929552901635884
2024-01-12,9,1,E10,e10_remove_book_and_trade,E10 拿掉盘口+成交（11通道）,20260801,0.0475904788193886,0.009320240541687806,0.03827023827770079
2024-01-15,10,1,E10,e10_remove_book_and_trade,E10 拿掉盘口+成交（11通道）,20260801,0.005053687500926055,-0.02623191411155331,0.03128560161247937
2024-01-16,11,1,E10,e10_remove_book_and_trade,E10 拿掉盘口+成交（11通道）,20260801,0.03145184061817328,0.04494429098437114,-0.01349245036619786
2024-01-17,12,1,E10,e10_remove_book_and_trade,E10 拿掉盘口+成交（11通道）,20260801,-0.03844685315603391,-0.04590309792133219,0.007456244765298277
2024-01-18,13,1,E10,e10_remove_book_and_trade,E10 拿掉盘口+成交（11通道）,20260801,0.0917383686550465,0.07549557089996853,0.016242797755077976
2024-01-19,14,1,E10,e10_remove_book_and_trade,E10 拿掉盘口+成交（11通道）,20260801,-0.007669573380996225,-0.025175251403708312,0.017505678022712086
2024-01-22,15,1,E10,e10_remove_book_and_trade,E10 拿掉盘口+成交（11通道）,20260801,0.04860695036630243,0.04603234165075409,0.002574608715548342
2024-01-23,16,1,E10,e10_remove_book_and_trade,E10 拿掉盘口+成交（11通道）,20260801,0.04781292944936678,0.04322957051177171,0.004583358937595067
2024-01-24,17,1,E10,e10_remove_book_and_trade,E10 拿掉盘口+成交（11通道）,20260801,0.0617317279169231,0.060615774797622125,0.0011159531193009747
2024-01-25,18,1,E10,e10_remove_book_and_trade,E10 拿掉盘口+成交（11通道）,20260801,0.11369041251183745,0.126484562073636,-0.012794149561798557
2024-01-26,19,1,E10,e10_remove_book_and_trade,E10 拿掉盘口+成交（11通道）,20260801,0.054697122697122694,0.016682896682896683,0.03801422601422601
2024-01-29,20,1,E10,e10_remove_book_and_trade,E10 拿掉盘口+成交（11通道）,20260801,0.009628857628857629,0.02063964863964864,-0.011010791010791011
2024-01-30,21,1,E10,e10_remove_book_and_trade,E10 拿掉盘口+成交（11通道）,20260801,0.04168339768339768,0.028623088623088627,0.013060309060309055
2024-01-31,22,1,E10,e10_remove_book_and_trade,E10 拿掉盘口+成交（11通道）,20260801,0.004211281548420613,0.037054223674201976,-0.032842942125781364
2024-02-01,23,1,E10,e10_remove_book_and_trade,E10 拿掉盘口+成交（11通道）,20260801,-0.0032077247588269625,0.0212173897344238,-0.02442511449325076
2024-02-02,24,1,E10,e10_remove_book_and_trade,E10 拿掉盘口+成交（11通道）,20260801,-0.011102878429531733,0.005133799129791113,-0.016236677559322846
2024-02-05,25,1,E10,e10_remove_book_and_trade,E10 拿掉盘口+成交（11通道）,20260801,0.09698109843581491,0.1702439927976527,-0.07326289436183779
2024-02-06,26,1,E10,e10_remove_book_and_trade,E10 拿掉盘口+成交（11通道）,20260801,0.009810057839488014,-0.02883558492209168,0.038645642761579696
2024-02-07,27,1,E10,e10_remove_book_and_trade,E10 拿掉盘口+成交（11通道）,20260801,0.033469293469293476,0.019063723063723066,0.01440557040557041
2024-02-08,28,1,E10,e10_remove_book_and_trade,E10 拿掉盘口+成交（11通道）,20260801,-0.05330383826330737,0.010326736512617772,-0.06363057477592514
2024-02-19,29,1,E10,e10_remove_book_and_trade,E10 拿掉盘口+成交（11通道）,20260801,0.035852930004105873,0.05553320286519514,-0.019680272861089268
2024-02-20,30,1,E10,e10_remove_book_and_trade,E10 拿掉盘口+成交（11通道）,20260801,0.015380361611067038,0.0661829411756853,-0.050802579564618255
2024-02-21,31,1,E10,e10_remove_book_and_trade,E10 拿掉盘口+成交（11通道）,20260801,0.017231905916788685,-0.004974727481990765,0.02220663339877945
2024-02-22,32,1,E10,e10_remove_book_and_trade,E10 拿掉盘口+成交（11通道）,20260801,0.06786985666397685,0.06199444291078874,0.005875413753188112
2024-02-23,33,1,E10,e10_remove_book_and_trade,E10 拿掉盘口+成交（11通道）,20260801,0.10331365481651834,0.08484267164056704,0.018470983175951305
2024-02-26,34,1,E10,e10_remove_book_and_trade,E10 拿掉盘口+成交（11通道）,20260801,0.05538363771593955,0.045206379477617756,0.010177258238321794
2024-02-27,35,1,E10,e10_remove_book_and_trade,E10 拿掉盘口+成交（11通道）,20260801,0.03632605232605233,0.02734957534957535,0.00897647697647698
2024-02-28,36,1,E10,e10_remove_book_and_trade,E10 拿掉盘口+成交（11通道）,20260801,0.04203432028652621,0.025369393521609884,0.016664926764916328
2024-02-29,37,1,E10,e10_remove_book_and_trade,E10 拿掉盘口+成交（11通道）,20260801,0.10532923218818983,0.07097159306935161,0.034357639118838226
2024-03-01,38,1,E10,e10_remove_book_and_trade,E10 拿掉盘口+成交（11通道）,20260801,-0.03404069804069804,0.007798387798387799,-0.04183908583908584
2024-03-04,39,1,E10,e10_remove_book_and_trade,E10 拿掉盘口+成交（11通道）,20260801,0.0944320529647599,0.0331618032333897,0.0612702497313702
2024-03-05,40,1,E10,e10_remove_book_and_trade,E10 拿掉盘口+成交（11通道）,20260801,0.09498544398163812,0.09385064107166508,0.0011348029099730456
2024-03-06,41,1,E10,e10_remove_book_and_trade,E10 拿掉盘口+成交（11通道）,20260801,0.051161027621161925,0.013665612495533531,0.037495415125628394
2024-03-07,42,1,E10,e10_remove_book_and_trade,E10 拿掉盘口+成交（11通道）,20260801,0.07321872921159794,0.02529271259107375,0.04792601662052419
2024-03-08,43,1,E10,e10_remove_book_and_trade,E10 拿掉盘口+成交（11通道）,20260801,0.09440372670769856,0.13761791946636645,-0.04321419275866789
2024-03-11,44,1,E10,e10_remove_book_and_trade,E10 拿掉盘口+成交（11通道）,20260801,0.030675713519411976,0.027188431769931923,0.0034872817494800527
2024-03-12,45,1,E10,e10_remove_book_and_trade,E10 拿掉盘口+成交（11通道）,20260801,0.03505972293940628,0.03580919799152436,-0.0007494750521180732
2024-03-13,46,1,E10,e10_remove_book_and_trade,E10 拿掉盘口+成交（11通道）,20260801,0.06656943010332585,0.05168118978918326,0.014888240314142584
2024-03-14,47,1,E10,e10_remove_book_and_trade,E10 拿掉盘口+成交（11通道）,20260801,0.030362595155294703,0.03265037808637913,-0.0022877829310844235
2024-03-15,48,1,E10,e10_remove_book_and_trade,E10 拿掉盘口+成交（11通道）,20260801,0.03519290786384831,0.07023650802886024,-0.03504360016501193
2024-03-18,49,1,E10,e10_remove_book_and_trade,E10 拿掉盘口+成交（11通道）,20260801,0.08933655863020533,0.07469490456523079,0.014641654064974544
2024-03-19,50,1,E10,e10_remove_book_and_trade,E10 拿掉盘口+成交（11通道）,20260801,0.04230468391511516,0.0011853436227355003,0.04111934029237966
2024-03-20,51,1,E10,e10_remove_book_and_trade,E10 拿掉盘口+成交（11通道）,20260801,0.03331142559677677,0.056123193669622796,-0.022811768072846024
2024-03-21,52,1,E10,e10_remove_book_and_trade,E10 拿掉盘口+成交（11通道）,20260801,0.0010043770043770043,-0.013626349626349626,0.01463072663072663
2024-03-22,53,1,E10,e10_remove_book_and_trade,E10 拿掉盘口+成交（11通道）,20260801,0.06610161282191927,0.03242000446791066,0.033681608354008616
2024-03-25,54,1,E10,e10_remove_book_and_trade,E10 拿掉盘口+成交（11通道）,20260801,-0.0222816755116428,0.01209384018913718,-0.03437551570077998
2024-03-26,55,1,E10,e10_remove_book_and_trade,E10 拿掉盘口+成交（11通道）,20260801,0.03509493520022001,0.06772491792809268,-0.032629982727872674
2024-03-27,56,1,E10,e10_remove_book_and_trade,E10 拿掉盘口+成交（11通道）,20260801,0.0005002026292549241,-0.017709172278139312,0.018209374907394237
2024-03-28,57,1,E10,e10_remove_book_and_trade,E10 拿掉盘口+成交（11通道）,20260801,0.06613794832050066,0.05441954621539127,0.011718402105109382
2024-03-29,58,1,E10,e10_remove_book_and_trade,E10 拿掉盘口+成交（11通道）,20260801,0.1108555718394731,0.05061264580124259,0.06024292603823051
2024-04-01,59,1,E10,e10_remove_book_and_trade,E10 拿掉盘口+成交（11通道）,20260801,0.09514229741766608,0.049512846860234605,0.04562945055743148
2024-04-02,60,1,E10,e10_remove_book_and_trade,E10 拿掉盘口+成交（11通道）,20260801,-0.015230641282867847,-0.003960006573611775,-0.011270634709256072
2024-04-03,61,2,E10,e10_remove_book_and_trade,E10 拿掉盘口+成交（11通道）,20260801,0.0384801584484585,0.020687440196982352,0.017792718251476148
2024-04-08,62,2,E10,e10_remove_book_and_trade,E10 拿掉盘口+成交（11通道）,20260801,0.07315299978650783,0.0572781533401669,0.015874846446340928
2024-04-09,63,2,E10,e10_remove_book_and_trade,E10 拿掉盘口+成交（11通道）,20260801,0.02276506083335602,-0.013732477773675209,0.03649753860703123
2024-04-10,64,2,E10,e10_remove_book_and_trade,E10 拿掉盘口+成交（11通道）,20260801,0.01565920017595379,0.014256038726488012,0.0014031614494657788
2024-04-11,65,2,E10,e10_remove_book_and_trade,E10 拿掉盘口+成交（11通道）,20260801,0.09619091396236898,0.00914289369146733,0.08704802027090165
2024-04-12,66,2,E10,e10_remove_book_and_trade,E10 拿掉盘口+成交（11通道）,20260801,-0.007052599073756873,-0.03788389399754569,0.030831294923788815
2024-04-15,67,2,E10,e10_remove_book_and_trade,E10 拿掉盘口+成交（11通道）,20260801,-0.029822417822417825,-0.018645618645618648,-0.011176799176799177
2024-04-16,68,2,E10,e10_remove_book_and_trade,E10 拿掉盘口+成交（11通道）,20260801,-0.03818430218430219,0.06560987360987361,-0.1037941757941758
2024-04-17,69,2,E10,e10_remove_book_and_trade,E10 拿掉盘口+成交（11通道）,20260801,0.017733186371581094,-0.014339174855385158,0.03207236122696625
2024-04-18,70,2,E10,e10_remove_book_and_trade,E10 拿掉盘口+成交（11通道）,20260801,-0.012737139946899617,-0.012695235894435745,-4.190405246387238e-05
2024-04-19,71,2,E10,e10_remove_book_and_trade,E10 拿掉盘口+成交（11通道）,20260801,0.07713171375961672,0.07417499462549444,0.0029567191341222793
2024-04-22,72,2,E10,e10_remove_book_and_trade,E10 拿掉盘口+成交（11通道）,20260801,0.09815889204842575,0.04204372456634812,0.05611516748207763
2024-04-23,73,2,E10,e10_remove_book_and_trade,E10 拿掉盘口+成交（11通道）,20260801,0.10518459993713405,0.06447938344036087,0.04070521649677318
2024-04-24,74,2,E10,e10_remove_book_and_trade,E10 拿掉盘口+成交（11通道）,20260801,0.005794622469385762,0.023014251485423607,-0.017219629016037845
2024-04-25,75,2,E10,e10_remove_book_and_trade,E10 拿掉盘口+成交（11通道）,20260801,0.05616149754577061,0.05313706017219363,0.0030244373735769797
2024-04-26,76,2,E10,e10_remove_book_and_trade,E10 拿掉盘口+成交（11通道）,20260801,0.04678343389265131,0.09732745905523163,-0.05054402516258032
2024-04-29,77,2,E10,e10_remove_book_and_trade,E10 拿掉盘口+成交（11通道）,20260801,0.07590576945905676,0.06755841696590927,0.008347352493147497
2024-04-30,78,2,E10,e10_remove_book_and_trade,E10 拿掉盘口+成交（11通道）,20260801,-0.0016033034975209963,-0.035569914209913234,0.03396661071239224
2024-05-06,79,2,E10,e10_remove_book_and_trade,E10 拿掉盘口+成交（11通道）,20260801,0.06007279756566719,0.010556527160341472,0.04951627040532572
2024-05-07,80,2,E10,e10_remove_book_and_trade,E10 拿掉盘口+成交（11通道）,20260801,0.01859703797564209,-0.0018072240631630352,0.020404262038805125
2024-05-08,81,2,E10,e10_remove_book_and_trade,E10 拿掉盘口+成交（11通道）,20260801,0.01632610576303421,0.04054352573340992,-0.02421741997037571
2024-05-09,82,2,E10,e10_remove_book_and_trade,E10 拿掉盘口+成交（11通道）,20260801,0.0660671140005791,0.049130730519666724,0.01693638348091238
2024-05-10,83,2,E10,e10_remove_book_and_trade,E10 拿掉盘口+成交（11通道）,20260801,0.0549726162153797,0.051155290854996815,0.0038173253603828866
2024-05-13,84,2,E10,e10_remove_book_and_trade,E10 拿掉盘口+成交（11通道）,20260801,0.024054306985931348,0.03325408392733699,-0.00919977694140564
2024-05-14,85,2,E10,e10_remove_book_and_trade,E10 拿掉盘口+成交（11通道）,20260801,0.1261433883191736,0.05874705474993964,0.06739633356923397
2024-05-15,86,2,E10,e10_remove_book_and_trade,E10 拿掉盘口+成交（11通道）,20260801,0.040076538314956875,0.042989842900278796,-0.0029133045853219214
2024-05-16,87,2,E10,e10_remove_book_and_trade,E10 拿掉盘口+成交（11通道）,20260801,0.024151586139206743,0.00922755996737533,0.014924026171831412
2024-05-17,88,2,E10,e10_remove_book_and_trade,E10 拿掉盘口+成交（11通道）,20260801,-0.0032562138358714302,-0.012540991427331385,0.009284777591459955
2024-05-20,89,2,E10,e10_remove_book_and_trade,E10 拿掉盘口+成交（11通道）,20260801,0.04989127654282078,0.021695225176839892,0.028196051365980888
2024-05-21,90,2,E10,e10_remove_book_and_trade,E10 拿掉盘口+成交（11通道）,20260801,0.0798887646483871,0.0496659751092047,0.030222789539182393
2024-05-22,91,2,E10,e10_remove_book_and_trade,E10 拿掉盘口+成交（11通道）,20260801,0.03943645307787426,0.030131633087972235,0.009304819989902024
2024-05-23,92,2,E10,e10_remove_book_and_trade,E10 拿掉盘口+成交（11通道）,20260801,0.12859316982542013,0.07128304806281274,0.057310121762607386
2024-05-24,93,2,E10,e10_remove_book_and_trade,E10 拿掉盘口+成交（11通道）,20260801,0.06076712348222722,0.07304461614187041,-0.012277492659643188
2024-05-27,94,2,E10,e10_remove_book_and_trade,E10 拿掉盘口+成交（11通道）,20260801,0.04135444448241208,0.000325155392714685,0.04102928908969739
2024-05-28,95,2,E10,e10_remove_book_and_trade,E10 拿掉盘口+成交（11通道）,20260801,0.031348778910144585,0.04372737734437308,-0.012378598434228498
2024-05-29,96,2,E10,e10_remove_book_and_trade,E10 拿掉盘口+成交（11通道）,20260801,0.06151450135191297,0.03791993158189422,0.023594569770018753
2024-05-30,97,2,E10,e10_remove_book_and_trade,E10 拿掉盘口+成交（11通道）,20260801,0.0894468170958682,0.062014981397671996,0.027431835698196204
2024-05-31,98,2,E10,e10_remove_book_and_trade,E10 拿掉盘口+成交（11通道）,20260801,-0.010940540965485539,-0.10154465756341524,0.0906041165979297
2024-06-03,99,2,E10,e10_remove_book_and_trade,E10 拿掉盘口+成交（11通道）,20260801,-0.02186725680591361,-0.02888138564398333,0.007014128838069719
2024-06-04,100,2,E10,e10_remove_book_and_trade,E10 拿掉盘口+成交（11通道）,20260801,3.677827146723704e-05,0.005033444172971283,-0.004996665901504046
2024-06-05,101,2,E10,e10_remove_book_and_trade,E10 拿掉盘口+成交（11通道）,20260801,0.02644347621705523,-0.05165024779891996,0.0780937240159752
2024-06-06,102,2,E10,e10_remove_book_and_trade,E10 拿掉盘口+成交（11通道）,20260801,0.10766846670815293,0.11041126941113999,-0.00274280270298706
2024-06-07,103,2,E10,e10_remove_book_and_trade,E10 拿掉盘口+成交（11通道）,20260801,-0.035922376622330984,-0.02236341342224923,-0.013558963200081754
2024-06-11,104,2,E10,e10_remove_book_and_trade,E10 拿掉盘口+成交（11通道）,20260801,0.04000969600001429,0.048939490343255516,-0.008929794343241225
2024-06-12,105,2,E10,e10_remove_book_and_trade,E10 拿掉盘口+成交（11通道）,20260801,0.08975502321416269,-0.0028814928972399835,0.09263651611140268
2024-06-13,106,2,E10,e10_remove_book_and_trade,E10 拿掉盘口+成交（11通道）,20260801,0.05477237349936748,0.05852750580006905,-0.003755132300701576
2024-06-14,107,2,E10,e10_remove_book_and_trade,E10 拿掉盘口+成交（11通道）,20260801,0.0455190502546502,0.00489777070930629,0.04062127954534391
2024-06-17,108,2,E10,e10_remove_book_and_trade,E10 拿掉盘口+成交（11通道）,20260801,0.017818094691508055,0.05955149920815319,-0.04173340451664513
2024-06-18,109,2,E10,e10_remove_book_and_trade,E10 拿掉盘口+成交（11通道）,20260801,0.03542227152853834,0.028695880781968424,0.006726390746569919
2024-06-19,110,2,E10,e10_remove_book_and_trade,E10 拿掉盘口+成交（11通道）,20260801,0.09843037472566586,0.05902036719742829,0.03941000752823757
2024-06-20,111,2,E10,e10_remove_book_and_trade,E10 拿掉盘口+成交（11通道）,20260801,0.019715848242342265,-0.052866266777355626,0.07258211501969788
2024-06-21,112,2,E10,e10_remove_book_and_trade,E10 拿掉盘口+成交（11通道）,20260801,-0.0134065729055709,0.04720926537760204,-0.06061583828317294
2024-06-24,113,2,E10,e10_remove_book_and_trade,E10 拿掉盘口+成交（11通道）,20260801,0.05134425115775667,0.06469851263901459,-0.013354261481257922
2024-06-25,114,2,E10,e10_remove_book_and_trade,E10 拿掉盘口+成交（11通道）,20260801,0.07609481448210179,0.03656685153058926,0.03952796295151253
2024-06-26,115,2,E10,e10_remove_book_and_trade,E10 拿掉盘口+成交（11通道）,20260801,-0.006802487960944229,0.005689703817390092,-0.01249219177833432
2024-06-27,116,2,E10,e10_remove_book_and_trade,E10 拿掉盘口+成交（11通道）,20260801,0.033824157452411255,-0.015770181554555555,0.04959433900696681
2024-06-28,117,2,E10,e10_remove_book_and_trade,E10 拿掉盘口+成交（11通道）,20260801,0.05508426099144635,0.0788450861468384,-0.023760825155392046
2024-07-01,118,2,E10,e10_remove_book_and_trade,E10 拿掉盘口+成交（11通道）,20260801,0.04822730758783248,0.1075846623162977,-0.05935735472846521
2024-07-02,119,2,E10,e10_remove_book_and_trade,E10 拿掉盘口+成交（11通道）,20260801,0.06367545189327925,0.09476493347536415,-0.031089481582084896
2024-07-03,120,2,E10,e10_remove_book_and_trade,E10 拿掉盘口+成交（11通道）,20260801,0.01881469256118659,0.006691063849567386,0.012123628711619205
2024-07-04,121,3,E10,e10_remove_book_and_trade,E10 拿掉盘口+成交（11通道）,20260801,0.03427298124018839,0.07013987744868187,-0.03586689620849348
2024-07-05,122,3,E10,e10_remove_book_and_trade,E10 拿掉盘口+成交（11通道）,20260801,-0.005522119313702479,-0.04777510576708973,0.04225298645338725
2024-07-08,123,3,E10,e10_remove_book_and_trade,E10 拿掉盘口+成交（11通道）,20260801,-0.021030264986793588,-0.0061550248383255984,-0.01487524014846799
2024-07-09,124,3,E10,e10_remove_book_and_trade,E10 拿掉盘口+成交（11通道）,20260801,-0.06675454211726756,-0.049032732130928514,-0.017721809986339043
2024-07-10,125,3,E10,e10_remove_book_and_trade,E10 拿掉盘口+成交（11通道）,20260801,0.09030541287880557,0.06996565154208667,0.0203397613367189
2024-07-11,126,3,E10,e10_remove_book_and_trade,E10 拿掉盘口+成交（11通道）,20260801,-0.003931226489254572,0.07171996873036934,-0.07565119521962392
2024-07-12,127,3,E10,e10_remove_book_and_trade,E10 拿掉盘口+成交（11通道）,20260801,0.03199725769841537,0.019646152343494972,0.012351105354920396
2024-07-15,128,3,E10,e10_remove_book_and_trade,E10 拿掉盘口+成交（11通道）,20260801,-0.005659908620627728,-0.03299534226501627,0.027335433644388542
2024-07-16,129,3,E10,e10_remove_book_and_trade,E10 拿掉盘口+成交（11通道）,20260801,0.039559881952519374,0.06388524876134921,-0.024325366808829837
2024-07-17,130,3,E10,e10_remove_book_and_trade,E10 拿掉盘口+成交（11通道）,20260801,0.0009516415554258651,0.010342022263928906,-0.009390380708503041
2024-07-18,131,3,E10,e10_remove_book_and_trade,E10 拿掉盘口+成交（11通道）,20260801,0.003524426146030447,-0.024423591227247916,0.027948017373278365
2024-07-19,132,3,E10,e10_remove_book_and_trade,E10 拿掉盘口+成交（11通道）,20260801,0.055344768192537766,0.0019267841693542459,0.05341798402318352
2024-07-22,133,3,E10,e10_remove_book_and_trade,E10 拿掉盘口+成交（11通道）,20260801,-0.006080746282692156,0.06455877385632613,-0.0706395201390183
2024-07-23,134,3,E10,e10_remove_book_and_trade,E10 拿掉盘口+成交（11通道）,20260801,0.030654705583524428,0.03185610478496705,-0.0012013992014426253
2024-07-24,135,3,E10,e10_remove_book_and_trade,E10 拿掉盘口+成交（11通道）,20260801,-0.0020424222198563912,0.08871434888907304,-0.09075677110892942
2024-07-25,136,3,E10,e10_remove_book_and_trade,E10 拿掉盘口+成交（11通道）,20260801,0.07752897039924253,0.062307041996041035,0.015221928403201496
2024-07-26,137,3,E10,e10_remove_book_and_trade,E10 拿掉盘口+成交（11通道）,20260801,0.08536548876565171,0.0843055400267282,0.0010599487389235107
2024-07-29,138,3,E10,e10_remove_book_and_trade,E10 拿掉盘口+成交（11通道）,20260801,0.037371313844541815,0.06697400674771145,-0.029602692903169636
2024-07-30,139,3,E10,e10_remove_book_and_trade,E10 拿掉盘口+成交（11通道）,20260801,0.01236007512748583,-0.011262619133931466,0.023622694261417297
2024-07-31,140,3,E10,e10_remove_book_and_trade,E10 拿掉盘口+成交（11通道）,20260801,0.07169332566967926,0.06864174822781303,0.003051577441866224
2024-08-01,141,3,E10,e10_remove_book_and_trade,E10 拿掉盘口+成交（11通道）,20260801,0.04556266221544118,0.04955211030049893,-0.003989448085057745
2024-08-02,142,3,E10,e10_remove_book_and_trade,E10 拿掉盘口+成交（11通道）,20260801,0.03617808298498122,0.05454337757943896,-0.018365294594457737
2024-08-05,143,3,E10,e10_remove_book_and_trade,E10 拿掉盘口+成交（11通道）,20260801,0.03093495058016427,0.025360016175248478,0.005574934404915792
2024-08-06,144,3,E10,e10_remove_book_and_trade,E10 拿掉盘口+成交（11通道）,20260801,0.03466632733326423,0.018220232832078336,0.016446094501185896
2024-08-07,145,3,E10,e10_remove_book_and_trade,E10 拿掉盘口+成交（11通道）,20260801,0.017684931479066485,0.0432955883175278,-0.025610656838461313
2024-08-08,146,3,E10,e10_remove_book_and_trade,E10 拿掉盘口+成交（11通道）,20260801,0.12595463076089408,0.10366385508004376,0.02229077568085032
2024-08-09,147,3,E10,e10_remove_book_and_trade,E10 拿掉盘口+成交（11通道）,20260801,0.012831181293706747,0.022860700703154827,-0.01002951940944808
2024-08-12,148,3,E10,e10_remove_book_and_trade,E10 拿掉盘口+成交（11通道）,20260801,0.06280202884351609,0.09816985120394474,-0.03536782236042865
2024-08-13,149,3,E10,e10_remove_book_and_trade,E10 拿掉盘口+成交（11通道）,20260801,0.07830430870736253,0.05677089151618223,0.0215334171911803
2024-08-14,150,3,E10,e10_remove_book_and_trade,E10 拿掉盘口+成交（11通道）,20260801,0.024021232592139324,0.03215247437211412,-0.008131241779974794
2024-08-15,151,3,E10,e10_remove_book_and_trade,E10 拿掉盘口+成交（11通道）,20260801,0.025686366500897416,0.013865149214782109,0.011821217286115307
2024-08-16,152,3,E10,e10_remove_book_and_trade,E10 拿掉盘口+成交（11通道）,20260801,0.06933421164674317,0.06599351739349478,0.0033406942532483858
2024-08-19,153,3,E10,e10_remove_book_and_trade,E10 拿掉盘口+成交（11通道）,20260801,0.06435641271839901,0.041775376704686784,0.022581036013712225
2024-08-20,154,3,E10,e10_remove_book_and_trade,E10 拿掉盘口+成交（11通道）,20260801,0.05254874798629441,0.01571806518049179,0.036830682805802616
2024-08-21,155,3,E10,e10_remove_book_and_trade,E10 拿掉盘口+成交（11通道）,20260801,0.054159846718008935,0.029735180776635364,0.02442466594137357
2024-08-22,156,3,E10,e10_remove_book_and_trade,E10 拿掉盘口+成交（11通道）,20260801,-0.005845860063847217,-0.028388411308755995,0.022542551244908778
2024-08-23,157,3,E10,e10_remove_book_and_trade,E10 拿掉盘口+成交（11通道）,20260801,0.07837594330751038,0.14244043939354875,-0.06406449608603837
2024-08-26,158,3,E10,e10_remove_book_and_trade,E10 拿掉盘口+成交（11通道）,20260801,0.026021802393465562,-0.0038433764890637933,0.029865178882529354
2024-08-27,159,3,E10,e10_remove_book_and_trade,E10 拿掉盘口+成交（11通道）,20260801,-0.0022286244760018068,0.017204599114309722,-0.01943322359031153
2024-08-28,160,3,E10,e10_remove_book_and_trade,E10 拿掉盘口+成交（11通道）,20260801,0.00733514581926546,-0.013501064392134672,0.02083621021140013
2024-08-29,161,3,E10,e10_remove_book_and_trade,E10 拿掉盘口+成交（11通道）,20260801,-0.025208893284519966,-3.483003493452504e-05,-0.025174063249585443
2024-08-30,162,3,E10,e10_remove_book_and_trade,E10 拿掉盘口+成交（11通道）,20260801,0.009824722414205778,0.03772178798509533,-0.027897065570889553
2024-09-02,163,3,E10,e10_remove_book_and_trade,E10 拿掉盘口+成交（11通道）,20260801,0.034395779427652824,0.010246180553565975,0.02414959887408685
2024-09-03,164,3,E10,e10_remove_book_and_trade,E10 拿掉盘口+成交（11通道）,20260801,-0.10545449825086034,-0.06611600704191362,-0.039338491208946724
2024-09-04,165,3,E10,e10_remove_book_and_trade,E10 拿掉盘口+成交（11通道）,20260801,0.06948626557376804,0.08742922516427915,-0.017942959590511107
2024-09-05,166,3,E10,e10_remove_book_and_trade,E10 拿掉盘口+成交（11通道）,20260801,0.003611619611619612,0.04383546783546784,-0.040223848223848224
2024-09-06,167,3,E10,e10_remove_book_and_trade,E10 拿掉盘口+成交（11通道）,20260801,-0.0004937769204003639,0.05718613659497997,-0.05767991351538033
2024-09-09,168,3,E10,e10_remove_book_and_trade,E10 拿掉盘口+成交（11通道）,20260801,0.060950353715843356,0.03395181772046969,0.026998535995373663
2024-09-10,169,3,E10,e10_remove_book_and_trade,E10 拿掉盘口+成交（11通道）,20260801,-0.03624551319211171,-0.059957871094667305,0.023712357902555596
2024-09-11,170,3,E10,e10_remove_book_and_trade,E10 拿掉盘口+成交（11通道）,20260801,0.07402482347976726,0.11714524482466093,-0.043120421344893675
2024-09-12,171,3,E10,e10_remove_book_and_trade,E10 拿掉盘口+成交（11通道）,20260801,0.045589488020454684,-0.009060764716265261,0.054650252736719945
2024-09-13,172,3,E10,e10_remove_book_and_trade,E10 拿掉盘口+成交（11通道）,20260801,0.009073951284819548,-0.002479596261040386,0.011553547545859934
2024-09-18,173,3,E10,e10_remove_book_and_trade,E10 拿掉盘口+成交（11通道）,20260801,0.11988105082820502,0.10290611401997493,0.01697493680823009
2024-09-19,174,3,E10,e10_remove_book_and_trade,E10 拿掉盘口+成交（11通道）,20260801,0.05427321362692019,-0.01743416622098821,0.0717073798479084
2024-09-20,175,3,E10,e10_remove_book_and_trade,E10 拿掉盘口+成交（11通道）,20260801,0.03057491512526361,-0.05734625237848494,0.08792116750374855
2024-09-23,176,3,E10,e10_remove_book_and_trade,E10 拿掉盘口+成交（11通道）,20260801,0.04715083115083115,0.023751383751383755,0.023399447399447396
2024-09-24,177,3,E10,e10_remove_book_and_trade,E10 拿掉盘口+成交（11通道）,20260801,0.10896229827608023,0.10809337645568849,0.0008689218203917354
2024-09-25,178,3,E10,e10_remove_book_and_trade,E10 拿掉盘口+成交（11通道）,20260801,0.07822673422673423,-0.0047113487113487115,0.08293808293808294
2024-09-26,179,3,E10,e10_remove_book_and_trade,E10 拿掉盘口+成交（11通道）,20260801,-0.05525659925659926,-0.1054884934884935,0.05023189423189424
2024-09-27,180,3,E10,e10_remove_book_and_trade,E10 拿掉盘口+成交（11通道）,20260801,0.10126339726339725,0.03963783963783964,0.06162555762555761
2024-09-30,181,4,E10,e10_remove_book_and_trade,E10 拿掉盘口+成交（11通道）,20260801,-0.039999304598392633,-0.10648006782545962,0.06648076322706697
2024-10-08,182,4,E10,e10_remove_book_and_trade,E10 拿掉盘口+成交（11通道）,20260801,0.05871728906959281,0.016574116673561377,0.042143172396031436
2024-10-09,183,4,E10,e10_remove_book_and_trade,E10 拿掉盘口+成交（11通道）,20260801,0.058385556137122846,0.05280454238867868,0.0055810137484441635
2024-10-10,184,4,E10,e10_remove_book_and_trade,E10 拿掉盘口+成交（11通道）,20260801,-0.011746487781727245,0.03849189860737431,-0.05023838638910155
2024-10-11,185,4,E10,e10_remove_book_and_trade,E10 拿掉盘口+成交（11通道）,20260801,0.04176475201534053,0.026700752860957376,0.015063999154383154
2024-10-14,186,4,E10,e10_remove_book_and_trade,E10 拿掉盘口+成交（11通道）,20260801,-0.012760968760968763,-0.015244863244863245,0.002483894483894482
2024-10-15,187,4,E10,e10_remove_book_and_trade,E10 拿掉盘口+成交（11通道）,20260801,-0.007634143657046089,0.008181614206159048,-0.01581575786320514
2024-10-16,188,4,E10,e10_remove_book_and_trade,E10 拿掉盘口+成交（11通道）,20260801,0.0964470430257253,0.06494335733301748,0.03150368569270781
2024-10-17,189,4,E10,e10_remove_book_and_trade,E10 拿掉盘口+成交（11通道）,20260801,0.0385127853304206,0.049664229359620136,-0.011151444029199535
2024-10-18,190,4,E10,e10_remove_book_and_trade,E10 拿掉盘口+成交（11通道）,20260801,-0.0389210706540246,-0.008129206819318753,-0.03079186383470585
2024-10-21,191,4,E10,e10_remove_book_and_trade,E10 拿掉盘口+成交（11通道）,20260801,0.03794288254160061,0.0400521430483143,-0.0021092605067136935
2024-10-22,192,4,E10,e10_remove_book_and_trade,E10 拿掉盘口+成交（11通道）,20260801,0.03383545586475682,0.051356168093603174,-0.017520712228846352
2024-10-23,193,4,E10,e10_remove_book_and_trade,E10 拿掉盘口+成交（11通道）,20260801,0.1007460073229023,0.09080803970189169,0.00993796762101061
2024-10-24,194,4,E10,e10_remove_book_and_trade,E10 拿掉盘口+成交（11通道）,20260801,-0.01866249295803774,0.04586140713174922,-0.06452390008978696
2024-10-25,195,4,E10,e10_remove_book_and_trade,E10 拿掉盘口+成交（11通道）,20260801,0.04127909738107632,0.12359873139791548,-0.08231963401683917
2024-10-28,196,4,E10,e10_remove_book_and_trade,E10 拿掉盘口+成交（11通道）,20260801,0.08061736082509399,0.05533475081867858,0.025282610006415414
2024-10-29,197,4,E10,e10_remove_book_and_trade,E10 拿掉盘口+成交（11通道）,20260801,0.030532309864695066,0.05164929835289786,-0.021116988488202794
2024-10-30,198,4,E10,e10_remove_book_and_trade,E10 拿掉盘口+成交（11通道）,20260801,-0.01163787936425343,0.012640097658638464,-0.024277977022891896
2024-10-31,199,4,E10,e10_remove_book_and_trade,E10 拿掉盘口+成交（11通道）,20260801,0.05478453035069857,0.028143337895871846,0.026641192454826726
2024-11-01,200,4,E10,e10_remove_book_and_trade,E10 拿掉盘口+成交（11通道）,20260801,0.0008406848768598413,0.02781729226408084,-0.026976607387220998
2024-11-04,201,4,E10,e10_remove_book_and_trade,E10 拿掉盘口+成交（11通道）,20260801,0.03579057004612135,0.04584035027033217,-0.010049780224210818
2024-11-05,202,4,E10,e10_remove_book_and_trade,E10 拿掉盘口+成交（11通道）,20260801,0.0165192056714391,0.03938902723863342,-0.022869821567194318
2024-11-06,203,4,E10,e10_remove_book_and_trade,E10 拿掉盘口+成交（11通道）,20260801,0.12339332573838714,0.0706513133515241,0.052742012386863046
2024-11-07,204,4,E10,e10_remove_book_and_trade,E10 拿掉盘口+成交（11通道）,20260801,0.1250183117945021,0.08519444630567471,0.03982386548882738
2024-11-08,205,4,E10,e10_remove_book_and_trade,E10 拿掉盘口+成交（11通道）,20260801,-0.005981017371679149,-0.0471770517130483,0.04119603434136915
2024-11-11,206,4,E10,e10_remove_book_and_trade,E10 拿掉盘口+成交（11通道）,20260801,0.04061108250411664,0.03576984826511706,0.004841234238999577
2024-11-12,207,4,E10,e10_remove_book_and_trade,E10 拿掉盘口+成交（11通道）,20260801,0.13494282204125804,0.024204068377018204,0.11073875366423984
2024-11-13,208,4,E10,e10_remove_book_and_trade,E10 拿掉盘口+成交（11通道）,20260801,0.12185131297562679,0.10484584703604906,0.017005465939577732
2024-11-14,209,4,E10,e10_remove_book_and_trade,E10 拿掉盘口+成交（11通道）,20260801,-0.0380682811643027,-0.033519341537584645,-0.004548939626718054
2024-11-15,210,4,E10,e10_remove_book_and_trade,E10 拿掉盘口+成交（11通道）,20260801,0.13979846822714037,0.14635678608374944,-0.006558317856609069
2024-11-18,211,4,E10,e10_remove_book_and_trade,E10 拿掉盘口+成交（11通道）,20260801,-0.014523244774974844,-0.022729988642329634,0.00820674386735479
2024-11-19,212,4,E10,e10_remove_book_and_trade,E10 拿掉盘口+成交（11通道）,20260801,-0.007798213821608464,0.007221661243326227,-0.015019875064934692
2024-11-20,213,4,E10,e10_remove_book_and_trade,E10 拿掉盘口+成交（11通道）,20260801,0.1032373123397946,0.026841460127986185,0.07639585221180842
2024-11-21,214,4,E10,e10_remove_book_and_trade,E10 拿掉盘口+成交（11通道）,20260801,0.0004019704043822269,-0.002616176631873692,0.003018147036255919
2024-11-22,215,4,E10,e10_remove_book_and_trade,E10 拿掉盘口+成交（11通道）,20260801,0.08437514538764715,0.08838690544754832,-0.0040117600599011705
2024-11-25,216,4,E10,e10_remove_book_and_trade,E10 拿掉盘口+成交（11通道）,20260801,0.1384368329727012,0.10966443117919707,0.02877240179350414
2024-11-26,217,4,E10,e10_remove_book_and_trade,E10 拿掉盘口+成交（11通道）,20260801,-0.036637593725815557,0.008050449295289974,-0.04468804302110553
2024-11-27,218,4,E10,e10_remove_book_and_trade,E10 拿掉盘口+成交（11通道）,20260801,0.04413536245084091,0.02305914172811088,0.021076220722730032
2024-11-28,219,4,E10,e10_remove_book_and_trade,E10 拿掉盘口+成交（11通道）,20260801,0.08413914664398153,0.033624501826248834,0.0505146448177327
2024-11-29,220,4,E10,e10_remove_book_and_trade,E10 拿掉盘口+成交（11通道）,20260801,0.04407743739976054,0.03604708912850182,0.008030348271258723
2024-12-02,221,4,E10,e10_remove_book_and_trade,E10 拿掉盘口+成交（11通道）,20260801,0.03555937473920267,0.0509673033269413,-0.01540792858773863
2024-12-03,222,4,E10,e10_remove_book_and_trade,E10 拿掉盘口+成交（11通道）,20260801,0.016476003255471945,0.012194419014538615,0.00428158424093333
2024-12-04,223,4,E10,e10_remove_book_and_trade,E10 拿掉盘口+成交（11通道）,20260801,0.04984981743900443,0.025027436829412348,0.02482238060959208
2024-12-05,224,4,E10,e10_remove_book_and_trade,E10 拿掉盘口+成交（11通道）,20260801,0.19447107847107847,0.17053812253812256,0.023932955932955913
2024-12-06,225,4,E10,e10_remove_book_and_trade,E10 拿掉盘口+成交（11通道）,20260801,-0.030730806730806734,-0.005024057024057025,-0.02570674970674971
2024-12-09,226,4,E10,e10_remove_book_and_trade,E10 拿掉盘口+成交（11通道）,20260801,0.047304407304407305,0.03871649071649071,0.008587916587916591
2024-12-10,227,4,E10,e10_remove_book_and_trade,E10 拿掉盘口+成交（11通道）,20260801,-0.0010517350548902601,0.042677856805890375,-0.04372959186078063
2024-12-11,228,4,E10,e10_remove_book_and_trade,E10 拿掉盘口+成交（11通道）,20260801,0.037939097870685494,0.035519146828421375,0.0024199510422641193
2024-12-12,229,4,E10,e10_remove_book_and_trade,E10 拿掉盘口+成交（11通道）,20260801,-0.0052378418789728615,-0.04465187423956438,0.039414032360591524
2024-12-13,230,4,E10,e10_remove_book_and_trade,E10 拿掉盘口+成交（11通道）,20260801,0.13995607922093042,0.09987250937607829,0.04008356984485213
2024-12-16,231,4,E10,e10_remove_book_and_trade,E10 拿掉盘口+成交（11通道）,20260801,0.0725755717524053,0.007328363635769899,0.0652472081166354
2024-12-17,232,4,E10,e10_remove_book_and_trade,E10 拿掉盘口+成交（11通道）,20260801,-0.006245846430484793,0.03352468363199417,-0.039770530062478965
2024-12-18,233,4,E10,e10_remove_book_and_trade,E10 拿掉盘口+成交（11通道）,20260801,0.016211625657296377,-0.04327380209521199,0.05948542775250837
2024-12-19,234,4,E10,e10_remove_book_and_trade,E10 拿掉盘口+成交（11通道）,20260801,-0.0699373165001869,-0.08065651799719814,0.010719201497011235
2024-12-20,235,4,E10,e10_remove_book_and_trade,E10 拿掉盘口+成交（11通道）,20260801,0.013903724356060677,-0.0038252599748202776,0.017728984330880954
2024-12-23,236,4,E10,e10_remove_book_and_trade,E10 拿掉盘口+成交（11通道）,20260801,-0.01929863706908025,-0.019057329561754988,-0.0002413075073252613
2024-12-24,237,4,E10,e10_remove_book_and_trade,E10 拿掉盘口+成交（11通道）,20260801,0.04966995262515398,0.05637214671814194,-0.006702194092987959
2024-12-25,238,4,E10,e10_remove_book_and_trade,E10 拿掉盘口+成交（11通道）,20260801,-0.08385769812772557,-0.09158613929178183,0.007728441164056257
2024-12-26,239,4,E10,e10_remove_book_and_trade,E10 拿掉盘口+成交（11通道）,20260801,0.15693177801304709,0.1659783723952914,-0.00904659438224431
2024-12-27,240,4,E10,e10_remove_book_and_trade,E10 拿掉盘口+成交（11通道）,20260801,0.04306808689862159,0.03747211510324146,0.005595971795380135
2024-01-02,1,1,E10,e10_remove_book_and_trade,E10 拿掉盘口+成交（11通道）,20260812,0.03921237621538497,0.048264775141544494,-0.009052398926159527
2024-01-03,2,1,E10,e10_remove_book_and_trade,E10 拿掉盘口+成交（11通道）,20260812,0.059839500639173364,0.021671540656316893,0.03816795998285647
2024-01-04,3,1,E10,e10_remove_book_and_trade,E10 拿掉盘口+成交（11通道）,20260812,0.04326919223073046,0.05097040900280763,-0.00770121677207717
2024-01-05,4,1,E10,e10_remove_book_and_trade,E10 拿掉盘口+成交（11通道）,20260812,0.06702756489045973,0.10416460708178811,-0.03713704219132838
2024-01-08,5,1,E10,e10_remove_book_and_trade,E10 拿掉盘口+成交（11通道）,20260812,0.01657592461876746,0.04895630167969931,-0.03238037706093185
2024-01-09,6,1,E10,e10_remove_book_and_trade,E10 拿掉盘口+成交（11通道）,20260812,-0.0026269248209412916,0.03566457805899138,-0.038291502879932666
2024-01-10,7,1,E10,e10_remove_book_and_trade,E10 拿掉盘口+成交（11通道）,20260812,-0.008727304773895115,0.0038350636589117113,-0.012562368432806826
2024-01-11,8,1,E10,e10_remove_book_and_trade,E10 拿掉盘口+成交（11通道）,20260812,0.057164975172638084,0.056308986700922804,0.0008559884717152799
2024-01-12,9,1,E10,e10_remove_book_and_trade,E10 拿掉盘口+成交（11通道）,20260812,0.050746304818873225,0.0016601616027678188,0.0490861432161054
2024-01-15,10,1,E10,e10_remove_book_and_trade,E10 拿掉盘口+成交（11通道）,20260812,0.020487090509954738,-0.02882059325119131,0.04930768376114605
2024-01-16,11,1,E10,e10_remove_book_and_trade,E10 拿掉盘口+成交（11通道）,20260812,-0.002790879055408113,0.0479107042914658,-0.05070158334687391
2024-01-17,12,1,E10,e10_remove_book_and_trade,E10 拿掉盘口+成交（11通道）,20260812,-0.014319976784547838,-0.028747195150457795,0.014427218365909957
2024-01-18,13,1,E10,e10_remove_book_and_trade,E10 拿掉盘口+成交（11通道）,20260812,0.08409150460374916,0.0617687369100055,0.02232276769374366
2024-01-19,14,1,E10,e10_remove_book_and_trade,E10 拿掉盘口+成交（11通道）,20260812,0.003951639013763262,0.0018189772939271936,0.0021326617198360685
2024-01-22,15,1,E10,e10_remove_book_and_trade,E10 拿掉盘口+成交（11通道）,20260812,0.021745100136385385,0.06426107566877111,-0.04251597553238572
2024-01-23,16,1,E10,e10_remove_book_and_trade,E10 拿掉盘口+成交（11通道）,20260812,0.03220251934621506,0.03747423397831238,-0.005271714632097316
2024-01-24,17,1,E10,e10_remove_book_and_trade,E10 拿掉盘口+成交（11通道）,20260812,0.05482862499311087,0.06582180601927144,-0.010993181026160571
2024-01-25,18,1,E10,e10_remove_book_and_trade,E10 拿掉盘口+成交（11通道）,20260812,0.09475238843753192,0.12255788191135507,-0.027805493473823148
2024-01-26,19,1,E10,e10_remove_book_and_trade,E10 拿掉盘口+成交（11通道）,20260812,0.05034029034029034,0.00594022194022194,0.0444000684000684
2024-01-29,20,1,E10,e10_remove_book_and_trade,E10 拿掉盘口+成交（11通道）,20260812,0.03254986454986455,0.0018076698076698076,0.03074219474219474
2024-01-30,21,1,E10,e10_remove_book_and_trade,E10 拿掉盘口+成交（11通道）,20260812,0.04598514998514999,0.03133435933435934,0.014650790650790654
2024-01-31,22,1,E10,e10_remove_book_and_trade,E10 拿掉盘口+成交（11通道）,20260812,0.023158949224543663,0.0199528552586511,0.003206093965892564
2024-02-01,23,1,E10,e10_remove_book_and_trade,E10 拿掉盘口+成交（11通道）,20260812,-0.007579098136212363,0.028053524466350115,-0.035632622602562475
2024-02-02,24,1,E10,e10_remove_book_and_trade,E10 拿掉盘口+成交（11通道）,20260812,0.016063598668809086,0.002135658704796981,0.013927939964012105
2024-02-05,25,1,E10,e10_remove_book_and_trade,E10 拿掉盘口+成交（11通道）,20260812,0.0808563220691669,0.18111552383225668,-0.10025920176308978
2024-02-06,26,1,E10,e10_remove_book_and_trade,E10 拿掉盘口+成交（11通道）,20260812,0.0006322746341714581,-0.021286227350086034,0.02191850198425749
2024-02-07,27,1,E10,e10_remove_book_and_trade,E10 拿掉盘口+成交（11通道）,20260812,0.0493918573918574,0.00846976446976447,0.04092209292209293
2024-02-08,28,1,E10,e10_remove_book_and_trade,E10 拿掉盘口+成交（11通道）,20260812,-0.06777446699440742,-0.017569787886044075,-0.05020467910836335
2024-02-19,29,1,E10,e10_remove_book_and_trade,E10 拿掉盘口+成交（11通道）,20260812,0.01314224593078071,0.03255669451009624,-0.01941444857931553
2024-02-20,30,1,E10,e10_remove_book_and_trade,E10 拿掉盘口+成交（11通道）,20260812,0.01486851309154079,0.06805530307613263,-0.05318678998459184
2024-02-21,31,1,E10,e10_remove_book_and_trade,E10 拿掉盘口+成交（11通道）,20260812,-0.0026159739344251295,-0.030028221162448437,0.02741224722802331
2024-02-22,32,1,E10,e10_remove_book_and_trade,E10 拿掉盘口+成交（11通道）,20260812,0.06369311773058932,0.05686082238897754,0.006832295341611776
2024-02-23,33,1,E10,e10_remove_book_and_trade,E10 拿掉盘口+成交（11通道）,20260812,0.09469904707480742,0.09143018861935312,0.0032688584554542988
2024-02-26,34,1,E10,e10_remove_book_and_trade,E10 拿掉盘口+成交（11通道）,20260812,0.04319000544914549,0.03367608387814038,0.009513921571005106
2024-02-27,35,1,E10,e10_remove_book_and_trade,E10 拿掉盘口+成交（11通道）,20260812,0.024526884526884528,0.028949404949404955,-0.004422520422520428
2024-02-28,36,1,E10,e10_remove_book_and_trade,E10 拿掉盘口+成交（11通道）,20260812,0.03189995609135583,0.01792618203373913,0.013973774057616704
2024-02-29,37,1,E10,e10_remove_book_and_trade,E10 拿掉盘口+成交（11通道）,20260812,0.08534144310351387,0.07988437025488726,0.005457072848626607
2024-03-01,38,1,E10,e10_remove_book_and_trade,E10 拿掉盘口+成交（11通道）,20260812,0.011143823143823145,0.01445911445911446,-0.0033152913152913153
2024-03-04,39,1,E10,e10_remove_book_and_trade,E10 拿掉盘口+成交（11通道）,20260812,0.09864530427855527,0.050307839461617876,0.04833746481693739
2024-03-05,40,1,E10,e10_remove_book_and_trade,E10 拿掉盘口+成交（11通道）,20260812,0.09281216913674141,0.06830541576587625,0.024506753370865164
2024-03-06,41,1,E10,e10_remove_book_and_trade,E10 拿掉盘口+成交（11通道）,20260812,0.03230650124903696,0.03998368101468841,-0.007677179765651451
2024-03-07,42,1,E10,e10_remove_book_and_trade,E10 拿掉盘口+成交（11通道）,20260812,0.09461578668603622,0.05001631173785145,0.044599474948184774
2024-03-08,43,1,E10,e10_remove_book_and_trade,E10 拿掉盘口+成交（11通道）,20260812,0.08247615395415388,0.13800661968545455,-0.055530465731300674
2024-03-11,44,1,E10,e10_remove_book_and_trade,E10 拿掉盘口+成交（11通道）,20260812,0.03953444823850124,0.03191914363624668,0.007615304602254562
2024-03-12,45,1,E10,e10_remove_book_and_trade,E10 拿掉盘口+成交（11通道）,20260812,0.053819118759654144,0.030473336181392717,0.023345782578261427
2024-03-13,46,1,E10,e10_remove_book_and_trade,E10 拿掉盘口+成交（11通道）,20260812,0.08111696481341818,0.04445012949103368,0.0366668353223845
2024-03-14,47,1,E10,e10_remove_book_and_trade,E10 拿掉盘口+成交（11通道）,20260812,0.032722010846336136,0.015953926973888716,0.01676808387244742
2024-03-15,48,1,E10,e10_remove_book_and_trade,E10 拿掉盘口+成交（11通道）,20260812,0.05473360861597459,0.07357237060612688,-0.018838761990152296
2024-03-18,49,1,E10,e10_remove_book_and_trade,E10 拿掉盘口+成交（11通道）,20260812,0.1158270125513228,0.055770858046690235,0.060056154504632565
2024-03-19,50,1,E10,e10_remove_book_and_trade,E10 拿掉盘口+成交（11通道）,20260812,0.013845804954907925,0.0035436048511952828,0.010302200103712642
2024-03-20,51,1,E10,e10_remove_book_and_trade,E10 拿掉盘口+成交（11通道）,20260812,0.029589805385391812,0.05732789368026738,-0.02773808829487557
2024-03-21,52,1,E10,e10_remove_book_and_trade,E10 拿掉盘口+成交（11通道）,20260812,-0.01303977703977704,-0.020181428181428183,0.007141651141651143
2024-03-22,53,1,E10,e10_remove_book_and_trade,E10 拿掉盘口+成交（11通道）,20260812,0.06695172409283573,0.031134184545609712,0.03581753954722602
2024-03-25,54,1,E10,e10_remove_book_and_trade,E10 拿掉盘口+成交（11通道）,20260812,-0.026343327620368086,0.014751700186558954,-0.04109502780692704
2024-03-26,55,1,E10,e10_remove_book_and_trade,E10 拿掉盘口+成交（11通道）,20260812,0.039129711247100386,0.07663327086317069,-0.037503559616070305
2024-03-27,56,1,E10,e10_remove_book_and_trade,E10 拿掉盘口+成交（11通道）,20260812,0.016429808668699853,-0.020399557662644216,0.036829366331344066
2024-03-28,57,1,E10,e10_remove_book_and_trade,E10 拿掉盘口+成交（11通道）,20260812,0.08487176767253606,0.06086385287236006,0.024007914800175993
2024-03-29,58,1,E10,e10_remove_book_and_trade,E10 拿掉盘口+成交（11通道）,20260812,0.11502327226973867,0.03668294099396635,0.07834033127577232
2024-04-01,59,1,E10,e10_remove_book_and_trade,E10 拿掉盘口+成交（11通道）,20260812,0.07972982834065026,0.05939869781375751,0.020331130526892748
2024-04-02,60,1,E10,e10_remove_book_and_trade,E10 拿掉盘口+成交（11通道）,20260812,-0.021911520373128594,-0.00875067852612826,-0.013160841847000334
2024-04-03,61,2,E10,e10_remove_book_and_trade,E10 拿掉盘口+成交（11通道）,20260812,0.01914420809355689,0.02382570247443404,-0.004681494380877151
2024-04-08,62,2,E10,e10_remove_book_and_trade,E10 拿掉盘口+成交（11通道）,20260812,0.06916361365350379,0.0314289865604301,0.037734627093073694
2024-04-09,63,2,E10,e10_remove_book_and_trade,E10 拿掉盘口+成交（11通道）,20260812,0.023145635215072125,-0.01638185243099799,0.039527487646070114
2024-04-10,64,2,E10,e10_remove_book_and_trade,E10 拿掉盘口+成交（11通道）,20260812,0.034323665456346436,0.018028776623726265,0.01629488883262017
2024-04-11,65,2,E10,e10_remove_book_and_trade,E10 拿掉盘口+成交（11通道）,20260812,0.1126618194215288,0.0050157293166730845,0.10764609010485571
2024-04-12,66,2,E10,e10_remove_book_and_trade,E10 拿掉盘口+成交（11通道）,20260812,0.0037055257166422936,-0.02309597316526109,0.026801498881903384
2024-04-15,67,2,E10,e10_remove_book_and_trade,E10 拿掉盘口+成交（11通道）,20260812,-0.00827018027018027,-0.010471006471006471,0.0022008262008262006
2024-04-16,68,2,E10,e10_remove_book_and_trade,E10 拿掉盘口+成交（11通道）,20260812,-0.06606257406257406,0.04910947310947312,-0.11517204717204718
2024-04-17,69,2,E10,e10_remove_book_and_trade,E10 拿掉盘口+成交（11通道）,20260812,0.0125968150503004,-0.02253646134777397,0.03513327639807437
2024-04-18,70,2,E10,e10_remove_book_and_trade,E10 拿掉盘口+成交（11通道）,20260812,-0.015595969526154344,-0.004385561490723125,-0.011210408035431219
2024-04-19,71,2,E10,e10_remove_book_and_trade,E10 拿掉盘口+成交（11通道）,20260812,0.09312851071622152,0.06269293845451487,0.03043557226170665
2024-04-22,72,2,E10,e10_remove_book_and_trade,E10 拿掉盘口+成交（11通道）,20260812,0.07775954242511511,0.04608201684693795,0.031677525578177164
2024-04-23,73,2,E10,e10_remove_book_and_trade,E10 拿掉盘口+成交（11通道）,20260812,0.10055126001645004,0.0810708167384302,0.019480443278019843
2024-04-24,74,2,E10,e10_remove_book_and_trade,E10 拿掉盘口+成交（11通道）,20260812,-0.0019160423582193402,0.005359921220697053,-0.007275963578916393
2024-04-25,75,2,E10,e10_remove_book_and_trade,E10 拿掉盘口+成交（11通道）,20260812,0.04434348741217242,0.04148198988632112,0.0028614975258513045
2024-04-26,76,2,E10,e10_remove_book_and_trade,E10 拿掉盘口+成交（11通道）,20260812,0.02354845127725978,0.11349568449567497,-0.08994723321841519
2024-04-29,77,2,E10,e10_remove_book_and_trade,E10 拿掉盘口+成交（11通道）,20260812,0.09269172828147526,0.029830220610341004,0.06286150767113426
2024-04-30,78,2,E10,e10_remove_book_and_trade,E10 拿掉盘口+成交（11通道）,20260812,-0.013164395373707704,-0.016392360410731794,0.0032279650370240897
2024-05-06,79,2,E10,e10_remove_book_and_trade,E10 拿掉盘口+成交（11通道）,20260812,0.06156916004194355,0.016661218581919875,0.04490794146002368
2024-05-07,80,2,E10,e10_remove_book_and_trade,E10 拿掉盘口+成交（11通道）,20260812,0.012129995763689528,-0.009472091358308482,0.021602087121998008
2024-05-08,81,2,E10,e10_remove_book_and_trade,E10 拿掉盘口+成交（11通道）,20260812,0.016469323129558355,0.03253248257796363,-0.016063159448405275
2024-05-09,82,2,E10,e10_remove_book_and_trade,E10 拿掉盘口+成交（11通道）,20260812,0.04954265346961375,0.03404395618918264,0.015498697280431108
2024-05-10,83,2,E10,e10_remove_book_and_trade,E10 拿掉盘口+成交（11通道）,20260812,0.06915005436605076,0.06496532534595531,0.004184729020095451
2024-05-13,84,2,E10,e10_remove_book_and_trade,E10 拿掉盘口+成交（11通道）,20260812,0.060478978463078086,0.02256354531778456,0.037915433145293526
2024-05-14,85,2,E10,e10_remove_book_and_trade,E10 拿掉盘口+成交（11通道）,20260812,0.11947300520876815,0.07407765748559136,0.045395347723176785
2024-05-15,86,2,E10,e10_remove_book_and_trade,E10 拿掉盘口+成交（11通道）,20260812,0.003088640271692064,0.04356067836260773,-0.040472038090915666
2024-05-16,87,2,E10,e10_remove_book_and_trade,E10 拿掉盘口+成交（11通道）,20260812,0.040337765360799006,0.02319095088313048,0.017146814477668526
2024-05-17,88,2,E10,e10_remove_book_and_trade,E10 拿掉盘口+成交（11通道）,20260812,2.0927336202231617e-05,-0.007435101671512322,0.007456029007714553
2024-05-20,89,2,E10,e10_remove_book_and_trade,E10 拿掉盘口+成交（11通道）,20260812,0.06013156479656538,0.015257392261597516,0.044874172534967866
2024-05-21,90,2,E10,e10_remove_book_and_trade,E10 拿掉盘口+成交（11通道）,20260812,0.10056046762317532,0.05719337414842909,0.04336709347474623
2024-05-22,91,2,E10,e10_remove_book_and_trade,E10 拿掉盘口+成交（11通道）,20260812,0.06320443384072098,0.02001910758482592,0.043185326255895065
2024-05-23,92,2,E10,e10_remove_book_and_trade,E10 拿掉盘口+成交（11通道）,20260812,0.11862380060972767,0.06286741109955497,0.0557563895101727
2024-05-24,93,2,E10,e10_remove_book_and_trade,E10 拿掉盘口+成交（11通道）,20260812,0.05428354933792816,0.059162135632354035,-0.004878586294425877
2024-05-27,94,2,E10,e10_remove_book_and_trade,E10 拿掉盘口+成交（11通道）,20260812,0.04244786912726049,-0.007403031600199239,0.049850900727459735
2024-05-28,95,2,E10,e10_remove_book_and_trade,E10 拿掉盘口+成交（11通道）,20260812,0.01713064295819619,0.04139167964158022,-0.02426103668338403
2024-05-29,96,2,E10,e10_remove_book_and_trade,E10 拿掉盘口+成交（11通道）,20260812,0.08321942306734996,0.04813728646986642,0.03508213659748354
2024-05-30,97,2,E10,e10_remove_book_and_trade,E10 拿掉盘口+成交（11通道）,20260812,0.10523765704778822,0.08782319412683164,0.01741446292095658
2024-05-31,98,2,E10,e10_remove_book_and_trade,E10 拿掉盘口+成交（11通道）,20260812,0.007861500574107333,-0.11823585725853651,0.12609735783264384
2024-06-03,99,2,E10,e10_remove_book_and_trade,E10 拿掉盘口+成交（11通道）,20260812,-0.0029094310890332713,-0.020042986936241163,0.017133555847207892
2024-06-04,100,2,E10,e10_remove_book_and_trade,E10 拿掉盘口+成交（11通道）,20260812,0.0036542076856616165,-0.026772305999009698,0.030426513684671315
2024-06-05,101,2,E10,e10_remove_book_and_trade,E10 拿掉盘口+成交（11通道）,20260812,0.02624916045822677,-0.04331893549454727,0.06956809595277404
2024-06-06,102,2,E10,e10_remove_book_and_trade,E10 拿掉盘口+成交（11通道）,20260812,0.10769826114767693,0.08750861694456194,0.02018964420311499
2024-06-07,103,2,E10,e10_remove_book_and_trade,E10 拿掉盘口+成交（11通道）,20260812,-0.017566061882388236,-0.03236115028824463,0.014795088405856392
2024-06-11,104,2,E10,e10_remove_book_and_trade,E10 拿掉盘口+成交（11通道）,20260812,0.024482200781954268,0.044897341475404064,-0.020415140693449796
2024-06-12,105,2,E10,e10_remove_book_and_trade,E10 拿掉盘口+成交（11通道）,20260812,0.0952015622814183,-0.01993663729461745,0.11513819957603574
2024-06-13,106,2,E10,e10_remove_book_and_trade,E10 拿掉盘口+成交（11通道）,20260812,0.03395019090024041,0.06855602048618219,-0.03460582958594178
2024-06-14,107,2,E10,e10_remove_book_and_trade,E10 拿掉盘口+成交（11通道）,20260812,0.053949124034135224,0.01865820038980428,0.035290923644330945
2024-06-17,108,2,E10,e10_remove_book_and_trade,E10 拿掉盘口+成交（11通道）,20260812,0.006658539974493707,0.055497485135239624,-0.04883894516074592
2024-06-18,109,2,E10,e10_remove_book_and_trade,E10 拿掉盘口+成交（11通道）,20260812,0.03476021286449351,0.015691035738108844,0.019069177126384666
2024-06-19,110,2,E10,e10_remove_book_and_trade,E10 拿掉盘口+成交（11通道）,20260812,0.09413523441764013,0.055366063532161724,0.038769170885478405
2024-06-20,111,2,E10,e10_remove_book_and_trade,E10 拿掉盘口+成交（11通道）,20260812,0.021305941513699876,-0.04328784764231946,0.06459378915601934
2024-06-21,112,2,E10,e10_remove_book_and_trade,E10 拿掉盘口+成交（11通道）,20260812,0.007414576901550849,0.05828992519573681,-0.05087534829418596
2024-06-24,113,2,E10,e10_remove_book_and_trade,E10 拿掉盘口+成交（11通道）,20260812,0.02620236938502134,0.05327449652558204,-0.0270721271405607
2024-06-25,114,2,E10,e10_remove_book_and_trade,E10 拿掉盘口+成交（11通道）,20260812,0.06089479878945518,0.020649713904234035,0.04024508488522115
2024-06-26,115,2,E10,e10_remove_book_and_trade,E10 拿掉盘口+成交（11通道）,20260812,0.001314141816879131,0.015480414514921954,-0.014166272698042822
2024-06-27,116,2,E10,e10_remove_book_and_trade,E10 拿掉盘口+成交（11通道）,20260812,0.006672376247812148,-0.018467451775151286,0.025139828022963433
2024-06-28,117,2,E10,e10_remove_book_and_trade,E10 拿掉盘口+成交（11通道）,20260812,0.039791966701876895,0.062016162641820735,-0.02222419593994384
2024-07-01,118,2,E10,e10_remove_book_and_trade,E10 拿掉盘口+成交（11通道）,20260812,0.006751957625902725,0.1057520516369701,-0.09900009401106738
2024-07-02,119,2,E10,e10_remove_book_and_trade,E10 拿掉盘口+成交（11通道）,20260812,0.05285922298945027,0.08451001948964451,-0.03165079650019424
2024-07-03,120,2,E10,e10_remove_book_and_trade,E10 拿掉盘口+成交（11通道）,20260812,0.024530285944443155,0.009467276953109081,0.015063008991334073
2024-07-04,121,3,E10,e10_remove_book_and_trade,E10 拿掉盘口+成交（11通道）,20260812,0.04151777901306956,0.068440755041331,-0.026922976028261443
2024-07-05,122,3,E10,e10_remove_book_and_trade,E10 拿掉盘口+成交（11通道）,20260812,0.02751801500899697,-0.04191893697304518,0.06943695198204215
2024-07-08,123,3,E10,e10_remove_book_and_trade,E10 拿掉盘口+成交（11通道）,20260812,-0.022769190305766972,-0.0076326347305136965,-0.015136555575253275
2024-07-09,124,3,E10,e10_remove_book_and_trade,E10 拿掉盘口+成交（11通道）,20260812,-0.04857886343257084,-0.036319726540167414,-0.012259136892403426
2024-07-10,125,3,E10,e10_remove_book_and_trade,E10 拿掉盘口+成交（11通道）,20260812,0.07966393133404102,0.08277189512136211,-0.0031079637873210886
2024-07-11,126,3,E10,e10_remove_book_and_trade,E10 拿掉盘口+成交（11通道）,20260812,-0.002438781885123338,0.08458486589195739,-0.08702364777708073
2024-07-12,127,3,E10,e10_remove_book_and_trade,E10 拿掉盘口+成交（11通道）,20260812,0.03189580553875357,0.040446926311898716,-0.008551120773145147
2024-07-15,128,3,E10,e10_remove_book_and_trade,E10 拿掉盘口+成交（11通道）,20260812,-0.009778173701196822,-0.015173950163596914,0.005395776462400092
2024-07-16,129,3,E10,e10_remove_book_and_trade,E10 拿掉盘口+成交（11通道）,20260812,0.0602540195101173,0.09333926361275939,-0.03308524410264209
2024-07-17,130,3,E10,e10_remove_book_and_trade,E10 拿掉盘口+成交（11通道）,20260812,0.043132371667139194,0.000689539779927778,0.042442831887211416
2024-07-18,131,3,E10,e10_remove_book_and_trade,E10 拿掉盘口+成交（11通道）,20260812,0.02736464114275493,0.001756164846138192,0.02560847629661674
2024-07-19,132,3,E10,e10_remove_book_and_trade,E10 拿掉盘口+成交（11通道）,20260812,0.02948691985498893,-0.007249939894954825,0.03673685974994376
2024-07-22,133,3,E10,e10_remove_book_and_trade,E10 拿掉盘口+成交（11通道）,20260812,-0.015782223535930263,0.08179067568078975,-0.09757289921672002
2024-07-23,134,3,E10,e10_remove_book_and_trade,E10 拿掉盘口+成交（11通道）,20260812,0.0446726513128202,0.048691532464376734,-0.004018881151556533
2024-07-24,135,3,E10,e10_remove_book_and_trade,E10 拿掉盘口+成交（11通道）,20260812,0.006587420555765034,0.08386543035228732,-0.07727800979652229
2024-07-25,136,3,E10,e10_remove_book_and_trade,E10 拿掉盘口+成交（11通道）,20260812,0.0636210999125561,0.050664092159899296,0.012957007752656804
2024-07-26,137,3,E10,e10_remove_book_and_trade,E10 拿掉盘口+成交（11通道）,20260812,0.047925708989671835,0.07205789271001262,-0.02413218372034078
2024-07-29,138,3,E10,e10_remove_book_and_trade,E10 拿掉盘口+成交（11通道）,20260812,0.02729294564447321,0.05519234804854297,-0.02789940240406976
2024-07-30,139,3,E10,e10_remove_book_and_trade,E10 拿掉盘口+成交（11通道）,20260812,0.05729282850738181,-0.0040686145278323324,0.06136144303521414
2024-07-31,140,3,E10,e10_remove_book_and_trade,E10 拿掉盘口+成交（11通道）,20260812,0.09839001488445738,0.0717594268745835,0.026630588009873876
2024-08-01,141,3,E10,e10_remove_book_and_trade,E10 拿掉盘口+成交（11通道）,20260812,0.030497429882767234,0.043849558488540726,-0.013352128605773492
2024-08-02,142,3,E10,e10_remove_book_and_trade,E10 拿掉盘口+成交（11通道）,20260812,0.0377251826949085,0.060517089816422745,-0.022791907121514243
2024-08-05,143,3,E10,e10_remove_book_and_trade,E10 拿掉盘口+成交（11通道）,20260812,0.011592846323935342,0.03724141814995122,-0.025648571826015883
2024-08-06,144,3,E10,e10_remove_book_and_trade,E10 拿掉盘口+成交（11通道）,20260812,0.04791655594801228,0.01651271641178098,0.0314038395362313
2024-08-07,145,3,E10,e10_remove_book_and_trade,E10 拿掉盘口+成交（11通道）,20260812,0.03864380467364176,0.06318737872769727,-0.02454357405405551
2024-08-08,146,3,E10,e10_remove_book_and_trade,E10 拿掉盘口+成交（11通道）,20260812,0.12693630839045664,0.12208280697956447,0.004853501410892164
2024-08-09,147,3,E10,e10_remove_book_and_trade,E10 拿掉盘口+成交（11通道）,20260812,0.010642943365625296,0.022824610549806897,-0.0121816671841816
2024-08-12,148,3,E10,e10_remove_book_and_trade,E10 拿掉盘口+成交（11通道）,20260812,0.08419826079216734,0.10864419798361381,-0.02444593719144647
2024-08-13,149,3,E10,e10_remove_book_and_trade,E10 拿掉盘口+成交（11通道）,20260812,0.057625103612815726,0.05047825730640002,0.007146846306415704
2024-08-14,150,3,E10,e10_remove_book_and_trade,E10 拿掉盘口+成交（11通道）,20260812,0.010744299829917795,0.05577623934081714,-0.045031939510899344
2024-08-15,151,3,E10,e10_remove_book_and_trade,E10 拿掉盘口+成交（11通道）,20260812,0.014781883683727338,0.02117976722956923,-0.0063978835458418926
2024-08-16,152,3,E10,e10_remove_book_and_trade,E10 拿掉盘口+成交（11通道）,20260812,0.07682085049911572,0.05400237288451461,0.02281847761460111
2024-08-19,153,3,E10,e10_remove_book_and_trade,E10 拿掉盘口+成交（11通道）,20260812,0.0661273239154806,0.03798675440366245,0.028140569511818148
2024-08-20,154,3,E10,e10_remove_book_and_trade,E10 拿掉盘口+成交（11通道）,20260812,0.05282524109595216,0.01954708913294497,0.03327815196300719
2024-08-21,155,3,E10,e10_remove_book_and_trade,E10 拿掉盘口+成交（11通道）,20260812,0.06642673927798586,0.026145260904487277,0.040281478373498575
2024-08-22,156,3,E10,e10_remove_book_and_trade,E10 拿掉盘口+成交（11通道）,20260812,-0.02027415251747196,-0.04609966016416197,0.025825507646690008
2024-08-23,157,3,E10,e10_remove_book_and_trade,E10 拿掉盘口+成交（11通道）,20260812,0.04472783273897413,0.13136557980163188,-0.08663774706265776
2024-08-26,158,3,E10,e10_remove_book_and_trade,E10 拿掉盘口+成交（11通道）,20260812,0.04733718728983542,-0.003816952458200525,0.05115413974803595
2024-08-27,159,3,E10,e10_remove_book_and_trade,E10 拿掉盘口+成交（11通道）,20260812,0.009072778079856502,0.019989382208203756,-0.010916604128347255
2024-08-28,160,3,E10,e10_remove_book_and_trade,E10 拿掉盘口+成交（11通道）,20260812,0.015997163052975848,-0.011532822293988592,0.02752998534696444
2024-08-29,161,3,E10,e10_remove_book_and_trade,E10 拿掉盘口+成交（11通道）,20260812,-0.004131406143800363,0.000163986164478123,-0.0042953923082784855
2024-08-30,162,3,E10,e10_remove_book_and_trade,E10 拿掉盘口+成交（11通道）,20260812,-0.0066465190453102,0.023788681216002135,-0.030435200261312335
2024-09-02,163,3,E10,e10_remove_book_and_trade,E10 拿掉盘口+成交（11通道）,20260812,0.03273422771625457,-0.01093936726754829,0.043673594983802855
2024-09-03,164,3,E10,e10_remove_book_and_trade,E10 拿掉盘口+成交（11通道）,20260812,-0.07557582264663397,-0.07438938043866458,-0.0011864422079693876
2024-09-04,165,3,E10,e10_remove_book_and_trade,E10 拿掉盘口+成交（11通道）,20260812,0.07734696604194023,0.08085404538927357,-0.003507079347333339
2024-09-05,166,3,E10,e10_remove_book_and_trade,E10 拿掉盘口+成交（11通道）,20260812,0.009104409104409105,0.04850194850194851,-0.0393975393975394
2024-09-06,167,3,E10,e10_remove_book_and_trade,E10 拿掉盘口+成交（11通道）,20260812,-0.014770509532235283,0.06586833277859688,-0.08063884231083217
2024-09-09,168,3,E10,e10_remove_book_and_trade,E10 拿掉盘口+成交（11通道）,20260812,0.06771163522762716,0.042084934756362775,0.025626700471264384
2024-09-10,169,3,E10,e10_remove_book_and_trade,E10 拿掉盘口+成交（11通道）,20260812,-0.030543207496330667,-0.04630979795418158,0.015766590457850914
2024-09-11,170,3,E10,e10_remove_book_and_trade,E10 拿掉盘口+成交（11通道）,20260812,0.058754842967374654,0.10523464454494753,-0.04647980157757288
2024-09-12,171,3,E10,e10_remove_book_and_trade,E10 拿掉盘口+成交（11通道）,20260812,0.03397637521146654,-0.0018144999798094706,0.035790875191276016
2024-09-13,172,3,E10,e10_remove_book_and_trade,E10 拿掉盘口+成交（11通道）,20260812,0.03906919023035028,0.016408182586418102,0.022661007643932175
2024-09-18,173,3,E10,e10_remove_book_and_trade,E10 拿掉盘口+成交（11通道）,20260812,0.10422249147852115,0.08877458036223554,0.015447911116285615
2024-09-19,174,3,E10,e10_remove_book_and_trade,E10 拿掉盘口+成交（11通道）,20260812,0.06475516939178297,0.012552750879338916,0.05220241851244405
2024-09-20,175,3,E10,e10_remove_book_and_trade,E10 拿掉盘口+成交（11通道）,20260812,-0.009619473792624324,-0.044285625082766344,0.03466615129014202
2024-09-23,176,3,E10,e10_remove_book_and_trade,E10 拿掉盘口+成交（11通道）,20260812,0.048031500031500036,0.006623682623682624,0.04140781740781741
2024-09-24,177,3,E10,e10_remove_book_and_trade,E10 拿掉盘口+成交（11通道）,20260812,0.0978859090710382,0.11419299523439351,-0.016307086163355314
2024-09-25,178,3,E10,e10_remove_book_and_trade,E10 拿掉盘口+成交（11通道）,20260812,0.053582789582789586,-0.051265323265323265,0.10484811284811285
2024-09-26,179,3,E10,e10_remove_book_and_trade,E10 拿掉盘口+成交（11通道）,20260812,-0.06145891345891345,-0.08086661686661688,0.019407703407703425
2024-09-27,180,3,E10,e10_remove_book_and_trade,E10 拿掉盘口+成交（11通道）,20260812,0.09243356043356044,0.008831768831768833,0.0836017916017916
2024-09-30,181,4,E10,e10_remove_book_and_trade,E10 拿掉盘口+成交（11通道）,20260812,0.027071476024066017,-0.06663432159023264,0.09370579761429865
2024-10-08,182,4,E10,e10_remove_book_and_trade,E10 拿掉盘口+成交（11通道）,20260812,0.17114408817095272,0.056017478353583235,0.1151266098173695
2024-10-09,183,4,E10,e10_remove_book_and_trade,E10 拿掉盘口+成交（11通道）,20260812,0.07321896941553853,0.046510589905907625,0.026708379509630904
2024-10-10,184,4,E10,e10_remove_book_and_trade,E10 拿掉盘口+成交（11通道）,20260812,-0.008362238387325102,0.04337868150881756,-0.05174091989614266
2024-10-11,185,4,E10,e10_remove_book_and_trade,E10 拿掉盘口+成交（11通道）,20260812,0.050759289063844804,0.03423035243573455,0.016528936628110252
2024-10-14,186,4,E10,e10_remove_book_and_trade,E10 拿掉盘口+成交（11通道）,20260812,-0.013770217770217773,-0.005090813090813091,-0.008679404679404682
2024-10-15,187,4,E10,e10_remove_book_and_trade,E10 拿掉盘口+成交（11通道）,20260812,-0.02910433119164419,-0.010305856336773906,-0.018798474854870285
2024-10-16,188,4,E10,e10_remove_book_and_trade,E10 拿掉盘口+成交（11通道）,20260812,0.07781659828349788,0.06871523712752856,0.009101361155969323
2024-10-17,189,4,E10,e10_remove_book_and_trade,E10 拿掉盘口+成交（11通道）,20260812,0.01568889129610572,0.03337804738606341,-0.01768915608995769
2024-10-18,190,4,E10,e10_remove_book_and_trade,E10 拿掉盘口+成交（11通道）,20260812,-0.040796563673776945,0.00011921401673621326,-0.04091577769051316
2024-10-21,191,4,E10,e10_remove_book_and_trade,E10 拿掉盘口+成交（11通道）,20260812,0.021249659678038327,0.03463177609663536,-0.013382116418597035
2024-10-22,192,4,E10,e10_remove_book_and_trade,E10 拿掉盘口+成交（11通道）,20260812,0.0075082532213646335,0.06465848619550589,-0.057150232974141256
2024-10-23,193,4,E10,e10_remove_book_and_trade,E10 拿掉盘口+成交（11通道）,20260812,0.08630956784109155,0.08373558395818263,0.0025739838829089146
2024-10-24,194,4,E10,e10_remove_book_and_trade,E10 拿掉盘口+成交（11通道）,20260812,-0.04484720701728388,0.04223035450703719,-0.08707756152432107
2024-10-25,195,4,E10,e10_remove_book_and_trade,E10 拿掉盘口+成交（11通道）,20260812,0.021508869068537724,0.09107318723086258,-0.06956431816232486
2024-10-28,196,4,E10,e10_remove_book_and_trade,E10 拿掉盘口+成交（11通道）,20260812,0.07479476921915938,0.05404172285090508,0.0207530463682543
2024-10-29,197,4,E10,e10_remove_book_and_trade,E10 拿掉盘口+成交（11通道）,20260812,0.03535979788703217,0.04176470572209122,-0.006404907835059051
2024-10-30,198,4,E10,e10_remove_book_and_trade,E10 拿掉盘口+成交（11通道）,20260812,-0.0042697737131962964,0.011869082039154233,-0.01613885575235053
2024-10-31,199,4,E10,e10_remove_book_and_trade,E10 拿掉盘口+成交（11通道）,20260812,0.06573420153059392,0.035058778428080056,0.030675423102513866
2024-11-01,200,4,E10,e10_remove_book_and_trade,E10 拿掉盘口+成交（11通道）,20260812,0.010344809248797616,0.01707703668006356,-0.006732227431265945
2024-11-04,201,4,E10,e10_remove_book_and_trade,E10 拿掉盘口+成交（11通道）,20260812,0.031619197659354656,0.022750987871119024,0.008868209788235631
2024-11-05,202,4,E10,e10_remove_book_and_trade,E10 拿掉盘口+成交（11通道）,20260812,0.007263613848712464,0.023124673879989323,-0.01586106003127686
2024-11-06,203,4,E10,e10_remove_book_and_trade,E10 拿掉盘口+成交（11通道）,20260812,0.084457571153758,0.05887136111153926,0.02558621004221874
2024-11-07,204,4,E10,e10_remove_book_and_trade,E10 拿掉盘口+成交（11通道）,20260812,0.10113556380182924,0.07338114433384571,0.02775441946798353
2024-11-08,205,4,E10,e10_remove_book_and_trade,E10 拿掉盘口+成交（11通道）,20260812,0.0026976768642287103,-0.0504338029727879,0.05313147983701661
2024-11-11,206,4,E10,e10_remove_book_and_trade,E10 拿掉盘口+成交（11通道）,20260812,0.034942147148229394,0.02288417574042457,0.012057971407804825
2024-11-12,207,4,E10,e10_remove_book_and_trade,E10 拿掉盘口+成交（11通道）,20260812,0.1201259653081502,0.008098288056271247,0.11202767725187895
2024-11-13,208,4,E10,e10_remove_book_and_trade,E10 拿掉盘口+成交（11通道）,20260812,0.13996053733764158,0.09918291164805514,0.04077762568958644
2024-11-14,209,4,E10,e10_remove_book_and_trade,E10 拿掉盘口+成交（11通道）,20260812,-0.024676888030475845,-0.02798568845607758,0.003308800425601735
2024-11-15,210,4,E10,e10_remove_book_and_trade,E10 拿掉盘口+成交（11通道）,20260812,0.13008366321256223,0.14163681760408753,-0.011553154391525294
2024-11-18,211,4,E10,e10_remove_book_and_trade,E10 拿掉盘口+成交（11通道）,20260812,-0.010876648256733576,-0.009530851550132405,-0.0013457967066011715
2024-11-19,212,4,E10,e10_remove_book_and_trade,E10 拿掉盘口+成交（11通道）,20260812,-0.01847268052809857,3.281403291247501e-05,-0.018505494561011044
2024-11-20,213,4,E10,e10_remove_book_and_trade,E10 拿掉盘口+成交（11通道）,20260812,0.09693135691239047,0.03838364738355755,0.05854770952883292
2024-11-21,214,4,E10,e10_remove_book_and_trade,E10 拿掉盘口+成交（11通道）,20260812,-0.005271971303603132,0.001538449547680245,-0.0068104208512833764
2024-11-22,215,4,E10,e10_remove_book_and_trade,E10 拿掉盘口+成交（11通道）,20260812,0.08700460004865526,0.0955829047298996,-0.008578304681244334
2024-11-25,216,4,E10,e10_remove_book_and_trade,E10 拿掉盘口+成交（11通道）,20260812,0.13041277810612054,0.11217152194953238,0.018241256156588156
2024-11-26,217,4,E10,e10_remove_book_and_trade,E10 拿掉盘口+成交（11通道）,20260812,-0.018996166621508277,0.005157672733801974,-0.02415383935531025
2024-11-27,218,4,E10,e10_remove_book_and_trade,E10 拿掉盘口+成交（11通道）,20260812,0.03549521036767959,0.016655149888155515,0.018840060479524072
2024-11-28,219,4,E10,e10_remove_book_and_trade,E10 拿掉盘口+成交（11通道）,20260812,0.06561312600680476,0.029452139628852472,0.03616098637795229
2024-11-29,220,4,E10,e10_remove_book_and_trade,E10 拿掉盘口+成交（11通道）,20260812,0.033143572137879315,0.03376573077870272,-0.0006221586408234059
2024-12-02,221,4,E10,e10_remove_book_and_trade,E10 拿掉盘口+成交（11通道）,20260812,0.038910251018128915,0.06725975179816521,-0.028349500780036292
2024-12-03,222,4,E10,e10_remove_book_and_trade,E10 拿掉盘口+成交（11通道）,20260812,0.02585835967259877,0.03296672664207365,-0.007108366969474884
2024-12-04,223,4,E10,e10_remove_book_and_trade,E10 拿掉盘口+成交（11通道）,20260812,0.024451370211868932,0.0294891196123363,-0.005037749400467369
2024-12-05,224,4,E10,e10_remove_book_and_trade,E10 拿掉盘口+成交（11通道）,20260812,0.18247226647226647,0.1797596877596878,0.0027125787125786838
2024-12-06,225,4,E10,e10_remove_book_and_trade,E10 拿掉盘口+成交（11通道）,20260812,-0.029016377016377014,-0.031872871872871876,0.0028564948564948622
2024-12-09,226,4,E10,e10_remove_book_and_trade,E10 拿掉盘口+成交（11通道）,20260812,0.04035052035052036,0.03456238656238656,0.005788133788133795
2024-12-10,227,4,E10,e10_remove_book_and_trade,E10 拿掉盘口+成交（11通道）,20260812,-0.0041955402081268285,0.044608172741997264,-0.04880371295012409
2024-12-11,228,4,E10,e10_remove_book_and_trade,E10 拿掉盘口+成交（11通道）,20260812,0.030226158385553793,0.0223932913562054,0.007832867029348392
2024-12-12,229,4,E10,e10_remove_book_and_trade,E10 拿掉盘口+成交（11通道）,20260812,-0.014473746323447093,-0.044875207849537295,0.030401461526090204
2024-12-13,230,4,E10,e10_remove_book_and_trade,E10 拿掉盘口+成交（11通道）,20260812,0.14363077509594366,0.08955420397226584,0.05407657112367782
2024-12-16,231,4,E10,e10_remove_book_and_trade,E10 拿掉盘口+成交（11通道）,20260812,0.06590219685005476,0.013223340706501304,0.05267885614355346
2024-12-17,232,4,E10,e10_remove_book_and_trade,E10 拿掉盘口+成交（11通道）,20260812,-0.01177400059553265,0.005069394650184507,-0.01684339524571716
2024-12-18,233,4,E10,e10_remove_book_and_trade,E10 拿掉盘口+成交（11通道）,20260812,0.034546709258441055,-0.01923397529812868,0.05378068455656973
2024-12-19,234,4,E10,e10_remove_book_and_trade,E10 拿掉盘口+成交（11通道）,20260812,-0.030037304646712063,-0.08243500839949361,0.05239770375278155
2024-12-20,235,4,E10,e10_remove_book_and_trade,E10 拿掉盘口+成交（11通道）,20260812,0.032032657840242125,-0.0023955053222540356,0.03442816316249616
2024-12-23,236,4,E10,e10_remove_book_and_trade,E10 拿掉盘口+成交（11通道）,20260812,-0.00037134244829754187,-0.01667304889111264,0.0163017064428151
2024-12-24,237,4,E10,e10_remove_book_and_trade,E10 拿掉盘口+成交（11通道）,20260812,0.04562600991935731,0.02792517099779971,0.017700838921557598
2024-12-25,238,4,E10,e10_remove_book_and_trade,E10 拿掉盘口+成交（11通道）,20260812,-0.08403254727220652,-0.09478290595815356,0.010750358685947037
2024-12-26,239,4,E10,e10_remove_book_and_trade,E10 拿掉盘口+成交（11通道）,20260812,0.12748858197685198,0.1575248603499517,-0.030036278373099717
2024-12-27,240,4,E10,e10_remove_book_and_trade,E10 拿掉盘口+成交（11通道）,20260812,0.07471943886695961,0.024322109321958205,0.05039732954500141
2024-01-02,1,1,E10,e10_remove_book_and_trade,E10 拿掉盘口+成交（11通道）,20260823,0.04850785668144289,0.04278716421823799,0.0057206924632048975
2024-01-03,2,1,E10,e10_remove_book_and_trade,E10 拿掉盘口+成交（11通道）,20260823,0.052235645131125226,0.039216474525651926,0.0130191706054733
2024-01-04,3,1,E10,e10_remove_book_and_trade,E10 拿掉盘口+成交（11通道）,20260823,0.07166066745725753,0.05568680360326323,0.015973863853994304
2024-01-05,4,1,E10,e10_remove_book_and_trade,E10 拿掉盘口+成交（11通道）,20260823,0.044443820574748015,0.09462943884479474,-0.05018561827004673
2024-01-08,5,1,E10,e10_remove_book_and_trade,E10 拿掉盘口+成交（11通道）,20260823,0.03781255992010828,0.036868080776408844,0.0009444791436994324
2024-01-09,6,1,E10,e10_remove_book_and_trade,E10 拿掉盘口+成交（11通道）,20260823,0.007993354032099463,0.050918300268770665,-0.0429249462366712
2024-01-10,7,1,E10,e10_remove_book_and_trade,E10 拿掉盘口+成交（11通道）,20260823,0.007887787872000626,-0.0055473230742803265,0.013435110946280953
2024-01-11,8,1,E10,e10_remove_book_and_trade,E10 拿掉盘口+成交（11通道）,20260823,0.07271597302971858,0.04317448010083613,0.029541492928882446
2024-01-12,9,1,E10,e10_remove_book_and_trade,E10 拿掉盘口+成交（11通道）,20260823,0.03004850735786587,0.021380099181693646,0.008668408176172225
2024-01-15,10,1,E10,e10_remove_book_and_trade,E10 拿掉盘口+成交（11通道）,20260823,0.0036890060385161446,-0.03939728531628526,0.0430862913548014
2024-01-16,11,1,E10,e10_remove_book_and_trade,E10 拿掉盘口+成交（11通道）,20260823,0.024468516612805184,0.04696476436356195,-0.022496247750756766
2024-01-17,12,1,E10,e10_remove_book_and_trade,E10 拿掉盘口+成交（11通道）,20260823,-0.01301091334444506,-0.04726479519255691,0.03425388184811185
2024-01-18,13,1,E10,e10_remove_book_and_trade,E10 拿掉盘口+成交（11通道）,20260823,0.0719486800443023,0.06424772581116733,0.007700954233134966
2024-01-19,14,1,E10,e10_remove_book_and_trade,E10 拿掉盘口+成交（11通道）,20260823,0.0166278864034375,-0.005209096872423526,0.021836983275861026
2024-01-22,15,1,E10,e10_remove_book_and_trade,E10 拿掉盘口+成交（11通道）,20260823,0.03569726292972225,0.070487083333139,-0.034789820403416744
2024-01-23,16,1,E10,e10_remove_book_and_trade,E10 拿掉盘口+成交（11通道）,20260823,0.027400825840274094,0.049774046891224166,-0.022373221050950073
2024-01-24,17,1,E10,e10_remove_book_and_trade,E10 拿掉盘口+成交（11通道）,20260823,0.06890798711471108,0.09251847879603424,-0.023610491681323162
2024-01-25,18,1,E10,e10_remove_book_and_trade,E10 拿掉盘口+成交（11通道）,20260823,0.07850633921671972,0.12436229982403806,-0.045855960607318336
2024-01-26,19,1,E10,e10_remove_book_and_trade,E10 拿掉盘口+成交（11通道）,20260823,0.06336177936177938,0.007759411759411761,0.055602367602367614
2024-01-29,20,1,E10,e10_remove_book_and_trade,E10 拿掉盘口+成交（11通道）,20260823,0.05272319272319273,0.030042258042258047,0.022680934680934683
2024-01-30,21,1,E10,e10_remove_book_and_trade,E10 拿掉盘口+成交（11通道）,20260823,0.04284423084423084,0.03306849306849307,0.009775737775737772
2024-01-31,22,1,E10,e10_remove_book_and_trade,E10 拿掉盘口+成交（11通道）,20260823,0.015778512453691544,0.014247341958612181,0.001531170495079363
2024-02-01,23,1,E10,e10_remove_book_and_trade,E10 拿掉盘口+成交（11通道）,20260823,0.0010852937105442113,0.018932495621874375,-0.017847201911330164
2024-02-02,24,1,E10,e10_remove_book_and_trade,E10 拿掉盘口+成交（11通道）,20260823,0.030329969247804914,0.009761492955881733,0.020568476291923182
2024-02-05,25,1,E10,e10_remove_book_and_trade,E10 拿掉盘口+成交（11通道）,20260823,0.1179716697412448,0.19258044346915013,-0.07460877372790532
2024-02-06,26,1,E10,e10_remove_book_and_trade,E10 拿掉盘口+成交（11通道）,20260823,0.02831988440484406,0.007960693984576068,0.020359190420267993
2024-02-07,27,1,E10,e10_remove_book_and_trade,E10 拿掉盘口+成交（11通道）,20260823,0.0606927606927607,0.029153693153693153,0.031539067539067545
2024-02-08,28,1,E10,e10_remove_book_and_trade,E10 拿掉盘口+成交（11通道）,20260823,-0.052718249667178176,0.03021253275635835,-0.08293078242353652
2024-02-19,29,1,E10,e10_remove_book_and_trade,E10 拿掉盘口+成交（11通道）,20260823,0.04170191620403125,0.03270374266596728,0.008998173538063967
2024-02-20,30,1,E10,e10_remove_book_and_trade,E10 拿掉盘口+成交（11通道）,20260823,0.005857853945721755,0.05971511461084133,-0.053857260665119575
2024-02-21,31,1,E10,e10_remove_book_and_trade,E10 拿掉盘口+成交（11通道）,20260823,0.01128998898014486,-0.022206549398653113,0.03349653837879797
2024-02-22,32,1,E10,e10_remove_book_and_trade,E10 拿掉盘口+成交（11通道）,20260823,0.06390502608235721,0.06683089493930015,-0.0029258688569429453
2024-02-23,33,1,E10,e10_remove_book_and_trade,E10 拿掉盘口+成交（11通道）,20260823,0.1115952321043087,0.0966946617948304,0.014900570309478306
2024-02-26,34,1,E10,e10_remove_book_and_trade,E10 拿掉盘口+成交（11通道）,20260823,0.043327033586995786,0.036626982846744746,0.00670005074025104
2024-02-27,35,1,E10,e10_remove_book_and_trade,E10 拿掉盘口+成交（11通道）,20260823,0.01132826332826333,0.03504717504717505,-0.023718911718911717
2024-02-28,36,1,E10,e10_remove_book_and_trade,E10 拿掉盘口+成交（11通道）,20260823,0.025137325288149243,0.005037713067939347,0.020099612220209895
2024-02-29,37,1,E10,e10_remove_book_and_trade,E10 拿掉盘口+成交（11通道）,20260823,0.0978801328395699,0.0766531321996834,0.0212270006398865
2024-03-01,38,1,E10,e10_remove_book_and_trade,E10 拿掉盘口+成交（11通道）,20260823,-0.00879023679023679,0.010349950349950352,-0.019140187140187143
2024-03-04,39,1,E10,e10_remove_book_and_trade,E10 拿掉盘口+成交（11通道）,20260823,0.08848901590184075,0.046272865859455475,0.04221615004238527
2024-03-05,40,1,E10,e10_remove_book_and_trade,E10 拿掉盘口+成交（11通道）,20260823,0.113980084514072,0.07341389101413566,0.04056619349993634
2024-03-06,41,1,E10,e10_remove_book_and_trade,E10 拿掉盘口+成交（11通道）,20260823,0.030829158454699013,0.044312491154591224,-0.01348333269989221
2024-03-07,42,1,E10,e10_remove_book_and_trade,E10 拿掉盘口+成交（11通道）,20260823,0.09796382729818155,0.018792331656922824,0.07917149564125872
2024-03-08,43,1,E10,e10_remove_book_and_trade,E10 拿掉盘口+成交（11通道）,20260823,0.07859268143879267,0.14994027098826507,-0.0713475895494724
2024-03-11,44,1,E10,e10_remove_book_and_trade,E10 拿掉盘口+成交（11通道）,20260823,0.010572589286975187,0.025284960683941354,-0.014712371396966167
2024-03-12,45,1,E10,e10_remove_book_and_trade,E10 拿掉盘口+成交（11通道）,20260823,0.07888849295514745,0.028417524512633394,0.05047096844251406
2024-03-13,46,1,E10,e10_remove_book_and_trade,E10 拿掉盘口+成交（11通道）,20260823,0.07208128537379577,0.04310928497545779,0.02897200039833798
2024-03-14,47,1,E10,e10_remove_book_and_trade,E10 拿掉盘口+成交（11通道）,20260823,0.031017839623422024,0.033979318340959234,-0.0029614787175372102
2024-03-15,48,1,E10,e10_remove_book_and_trade,E10 拿掉盘口+成交（11通道）,20260823,0.03662849446740808,0.08232791609175552,-0.04569942162434744
2024-03-18,49,1,E10,e10_remove_book_and_trade,E10 拿掉盘口+成交（11通道）,20260823,0.09632079115544465,0.04880333554663294,0.04751745560881171
2024-03-19,50,1,E10,e10_remove_book_and_trade,E10 拿掉盘口+成交（11通道）,20260823,0.048297234118916794,0.014909798411515041,0.033387435707401755
2024-03-20,51,1,E10,e10_remove_book_and_trade,E10 拿掉盘口+成交（11通道）,20260823,0.037252304174104,0.06629872465258628,-0.029046420478482278
2024-03-21,52,1,E10,e10_remove_book_and_trade,E10 拿掉盘口+成交（11通道）,20260823,0.000651996651996652,-0.020924816924816927,0.02157681357681358
2024-03-22,53,1,E10,e10_remove_book_and_trade,E10 拿掉盘口+成交（11通道）,20260823,0.06461747460313245,0.055397566819369186,0.009219907783763269
2024-03-25,54,1,E10,e10_remove_book_and_trade,E10 拿掉盘口+成交（11通道）,20260823,-0.02492458948658575,0.010242087404100755,-0.035166676890686505
2024-03-26,55,1,E10,e10_remove_book_and_trade,E10 拿掉盘口+成交（11通道）,20260823,0.034281724384569556,0.05994028212010297,-0.02565855773553341
2024-03-27,56,1,E10,e10_remove_book_and_trade,E10 拿掉盘口+成交（11通道）,20260823,0.01823593094080173,-0.011871014933737182,0.03010694587453891
2024-03-28,57,1,E10,e10_remove_book_and_trade,E10 拿掉盘口+成交（11通道）,20260823,0.07436635082044044,0.03465412179770783,0.0397122290227326
2024-03-29,58,1,E10,e10_remove_book_and_trade,E10 拿掉盘口+成交（11通道）,20260823,0.12112495475582716,0.049427032540935695,0.07169792221489146
2024-04-01,59,1,E10,e10_remove_book_and_trade,E10 拿掉盘口+成交（11通道）,20260823,0.09640708681905275,0.06596884909348517,0.03043823772556757
2024-04-02,60,1,E10,e10_remove_book_and_trade,E10 拿掉盘口+成交（11通道）,20260823,-0.011529871139588603,-0.008634662333541356,-0.002895208806047248
2024-04-03,61,2,E10,e10_remove_book_and_trade,E10 拿掉盘口+成交（11通道）,20260823,0.03409574847250742,0.04866989433706919,-0.014574145864561773
2024-04-08,62,2,E10,e10_remove_book_and_trade,E10 拿掉盘口+成交（11通道）,20260823,0.08146755640038848,0.04720687890632658,0.034260677494061906
2024-04-09,63,2,E10,e10_remove_book_and_trade,E10 拿掉盘口+成交（11通道）,20260823,0.045912112049848394,-0.016133446181846523,0.062045558231694914
2024-04-10,64,2,E10,e10_remove_book_and_trade,E10 拿掉盘口+成交（11通道）,20260823,0.02054541922341807,0.021140889838539217,-0.0005954706151211457
2024-04-11,65,2,E10,e10_remove_book_and_trade,E10 拿掉盘口+成交（11通道）,20260823,0.1235916110071079,0.01693524595136074,0.10665636505574716
2024-04-12,66,2,E10,e10_remove_book_and_trade,E10 拿掉盘口+成交（11通道）,20260823,0.017240009291729322,-0.0390024931195006,0.056242502411229925
2024-04-15,67,2,E10,e10_remove_book_and_trade,E10 拿掉盘口+成交（11通道）,20260823,0.028336252336252338,-0.02130870930870931,0.04964496164496165
2024-04-16,68,2,E10,e10_remove_book_and_trade,E10 拿掉盘口+成交（11通道）,20260823,-0.05806777006777007,0.06943407343407343,-0.12750184350184351
2024-04-17,69,2,E10,e10_remove_book_and_trade,E10 拿掉盘口+成交（11通道）,20260823,0.020367969101216004,-0.03220169136095227,0.05256966046216828
2024-04-18,70,2,E10,e10_remove_book_and_trade,E10 拿掉盘口+成交（11通道）,20260823,-0.024305652430677616,-0.016601858785527727,-0.007703793645149889
2024-04-19,71,2,E10,e10_remove_book_and_trade,E10 拿掉盘口+成交（11通道）,20260823,0.06895390909114377,0.0666311506290198,0.002322758462123972
2024-04-22,72,2,E10,e10_remove_book_and_trade,E10 拿掉盘口+成交（11通道）,20260823,0.0953692490914042,0.04905936400292594,0.04630988508847827
2024-04-23,73,2,E10,e10_remove_book_and_trade,E10 拿掉盘口+成交（11通道）,20260823,0.09732040710524721,0.08179425779703105,0.015526149308216164
2024-04-24,74,2,E10,e10_remove_book_and_trade,E10 拿掉盘口+成交（11通道）,20260823,0.015857776136162835,0.01601519608636841,-0.00015741995020557634
2024-04-25,75,2,E10,e10_remove_book_and_trade,E10 拿掉盘口+成交（11通道）,20260823,0.03746361581992724,0.05619311490230861,-0.01872949908238137
2024-04-26,76,2,E10,e10_remove_book_and_trade,E10 拿掉盘口+成交（11通道）,20260823,0.024112513068795048,0.10411958718453461,-0.08000707411573957
2024-04-29,77,2,E10,e10_remove_book_and_trade,E10 拿掉盘口+成交（11通道）,20260823,0.1081171406173312,0.052892571674187226,0.055224568943143974
2024-04-30,78,2,E10,e10_remove_book_and_trade,E10 拿掉盘口+成交（11通道）,20260823,0.0077856111160042405,-0.01405427768135789,0.02183988879736213
2024-05-06,79,2,E10,e10_remove_book_and_trade,E10 拿掉盘口+成交（11通道）,20260823,0.0794880233634923,-0.004309340501706082,0.08379736386519838
2024-05-07,80,2,E10,e10_remove_book_and_trade,E10 拿掉盘口+成交（11通道）,20260823,0.02462535288181574,0.0018818477853058903,0.022743505096509853
2024-05-08,81,2,E10,e10_remove_book_and_trade,E10 拿掉盘口+成交（11通道）,20260823,0.03198239741935762,0.03365068896742848,-0.0016682915480708618
2024-05-09,82,2,E10,e10_remove_book_and_trade,E10 拿掉盘口+成交（11通道）,20260823,0.05123833313760655,0.06154228049543267,-0.010303947357826124
2024-05-10,83,2,E10,e10_remove_book_and_trade,E10 拿掉盘口+成交（11通道）,20260823,0.05859816927776049,0.054058655433774104,0.004539513843986383
2024-05-13,84,2,E10,e10_remove_book_and_trade,E10 拿掉盘口+成交（11通道）,20260823,0.05772544468264788,0.041139896769565754,0.01658554791308213
2024-05-14,85,2,E10,e10_remove_book_and_trade,E10 拿掉盘口+成交（11通道）,20260823,0.13134115579897357,0.0737803780948245,0.057560777704149066
2024-05-15,86,2,E10,e10_remove_book_and_trade,E10 拿掉盘口+成交（11通道）,20260823,0.013938191080289587,0.050829613874259744,-0.03689142279397016
2024-05-16,87,2,E10,e10_remove_book_and_trade,E10 拿掉盘口+成交（11通道）,20260823,0.05055990185895209,0.016280777773454554,0.034279124085497534
2024-05-17,88,2,E10,e10_remove_book_and_trade,E10 拿掉盘口+成交（11通道）,20260823,-0.018663411297892073,-0.007399548740958199,-0.011263862556933874
2024-05-20,89,2,E10,e10_remove_book_and_trade,E10 拿掉盘口+成交（11通道）,20260823,0.05794271754082212,0.023231401512035493,0.03471131602878663
2024-05-21,90,2,E10,e10_remove_book_and_trade,E10 拿掉盘口+成交（11通道）,20260823,0.08699042922841772,0.07309959300091651,0.013890836227501216
2024-05-22,91,2,E10,e10_remove_book_and_trade,E10 拿掉盘口+成交（11通道）,20260823,0.045471550390142904,0.020865755849021703,0.0246057945411212
2024-05-23,92,2,E10,e10_remove_book_and_trade,E10 拿掉盘口+成交（11通道）,20260823,0.10478434847909748,0.08062300222608948,0.024161346253008004
2024-05-24,93,2,E10,e10_remove_book_and_trade,E10 拿掉盘口+成交（11通道）,20260823,0.06988727424141232,0.072148252790762,-0.0022609785493496737
2024-05-27,94,2,E10,e10_remove_book_and_trade,E10 拿掉盘口+成交（11通道）,20260823,0.053559367155663444,0.013176893919851978,0.04038247323581147
2024-05-28,95,2,E10,e10_remove_book_and_trade,E10 拿掉盘口+成交（11通道）,20260823,0.01854588076194089,0.0504473424486208,-0.03190146168667991
2024-05-29,96,2,E10,e10_remove_book_and_trade,E10 拿掉盘口+成交（11通道）,20260823,0.04996199154823234,0.03726465278693058,0.01269733876130176
2024-05-30,97,2,E10,e10_remove_book_and_trade,E10 拿掉盘口+成交（11通道）,20260823,0.0958672996806341,0.08468496114058374,0.011182338540050352
2024-05-31,98,2,E10,e10_remove_book_and_trade,E10 拿掉盘口+成交（11通道）,20260823,0.016318920110455035,-0.12923386841333065,0.14555278852378567
2024-06-03,99,2,E10,e10_remove_book_and_trade,E10 拿掉盘口+成交（11通道）,20260823,-0.014711531924502612,-0.019834317176742985,0.005122785252240374
2024-06-04,100,2,E10,e10_remove_book_and_trade,E10 拿掉盘口+成交（11通道）,20260823,0.0149481369934297,-0.008425024940322049,0.02337316193375175
2024-06-05,101,2,E10,e10_remove_book_and_trade,E10 拿掉盘口+成交（11通道）,20260823,0.055382538521649004,-0.05368159958303721,0.10906413810468621
2024-06-06,102,2,E10,e10_remove_book_and_trade,E10 拿掉盘口+成交（11通道）,20260823,0.10502148186031254,0.11747826781297556,-0.012456785952663016
2024-06-07,103,2,E10,e10_remove_book_and_trade,E10 拿掉盘口+成交（11通道）,20260823,-0.010034315939603564,-0.03485680285629208,0.024822486916688515
2024-06-11,104,2,E10,e10_remove_book_and_trade,E10 拿掉盘口+成交（11通道）,20260823,0.020808667960344404,0.053241507849719524,-0.03243283988937512
2024-06-12,105,2,E10,e10_remove_book_and_trade,E10 拿掉盘口+成交（11通道）,20260823,0.09758868502579467,-0.023549719542821753,0.12113840456861642
2024-06-13,106,2,E10,e10_remove_book_and_trade,E10 拿掉盘口+成交（11通道）,20260823,0.013052024666335593,0.08223168379792284,-0.06917965913158725
2024-06-14,107,2,E10,e10_remove_book_and_trade,E10 拿掉盘口+成交（11通道）,20260823,0.04682612272006519,0.028423215000904535,0.018402907719160658
2024-06-17,108,2,E10,e10_remove_book_and_trade,E10 拿掉盘口+成交（11通道）,20260823,0.018724660049543075,0.09616411805386077,-0.0774394580043177
2024-06-18,109,2,E10,e10_remove_book_and_trade,E10 拿掉盘口+成交（11通道）,20260823,0.06045482463618912,0.01464524668918243,0.045809577947006686
2024-06-19,110,2,E10,e10_remove_book_and_trade,E10 拿掉盘口+成交（11通道）,20260823,0.09268676096482126,0.041978610104545934,0.050708150860275324
2024-06-20,111,2,E10,e10_remove_book_and_trade,E10 拿掉盘口+成交（11通道）,20260823,0.02688904225269028,-0.04670824436108519,0.07359728661377547
2024-06-21,112,2,E10,e10_remove_book_and_trade,E10 拿掉盘口+成交（11通道）,20260823,0.006369892939031214,0.04330449487563715,-0.036934601936605936
2024-06-24,113,2,E10,e10_remove_book_and_trade,E10 拿掉盘口+成交（11通道）,20260823,0.02360949528729337,0.07635813516053824,-0.05274863987324487
2024-06-25,114,2,E10,e10_remove_book_and_trade,E10 拿掉盘口+成交（11通道）,20260823,0.06292848779519546,0.04652331102602596,0.0164051767691695
2024-06-26,115,2,E10,e10_remove_book_and_trade,E10 拿掉盘口+成交（11通道）,20260823,-0.00946743350766749,0.014462312228997217,-0.023929745736664707
2024-06-27,116,2,E10,e10_remove_book_and_trade,E10 拿掉盘口+成交（11通道）,20260823,0.034073870258461716,-0.005323485370553828,0.03939735562901554
2024-06-28,117,2,E10,e10_remove_book_and_trade,E10 拿掉盘口+成交（11通道）,20260823,0.039746614724812786,0.08250009682280285,-0.04275348209799006
2024-07-01,118,2,E10,e10_remove_book_and_trade,E10 拿掉盘口+成交（11通道）,20260823,0.004331702382510817,0.12369241343790226,-0.11936071105539144
2024-07-02,119,2,E10,e10_remove_book_and_trade,E10 拿掉盘口+成交（11通道）,20260823,0.020739903778050444,0.0950873441176018,-0.07434744033955135
2024-07-03,120,2,E10,e10_remove_book_and_trade,E10 拿掉盘口+成交（11通道）,20260823,0.0325640231367481,-0.00016456937998862215,0.032728592516736724
2024-07-04,121,3,E10,e10_remove_book_and_trade,E10 拿掉盘口+成交（11通道）,20260823,0.04346631322134786,0.08086751567581785,-0.037401202454469984
2024-07-05,122,3,E10,e10_remove_book_and_trade,E10 拿掉盘口+成交（11通道）,20260823,0.014098888467625942,-0.03546362394458587,0.04956251241221181
2024-07-08,123,3,E10,e10_remove_book_and_trade,E10 拿掉盘口+成交（11通道）,20260823,-0.008145107128913769,0.004330992367088439,-0.012476099496002209
2024-07-09,124,3,E10,e10_remove_book_and_trade,E10 拿掉盘口+成交（11通道）,20260823,-0.04810144011747217,-0.040340248063694954,-0.007761192053777219
2024-07-10,125,3,E10,e10_remove_book_and_trade,E10 拿掉盘口+成交（11通道）,20260823,0.06740301867650085,0.0675990864948788,-0.00019606781837794296
2024-07-11,126,3,E10,e10_remove_book_and_trade,E10 拿掉盘口+成交（11通道）,20260823,-0.014111029278763948,0.06303501174419703,-0.07714604102296098
2024-07-12,127,3,E10,e10_remove_book_and_trade,E10 拿掉盘口+成交（11通道）,20260823,0.04437633491465431,0.039537888963385635,0.004838445951268672
2024-07-15,128,3,E10,e10_remove_book_and_trade,E10 拿掉盘口+成交（11通道）,20260823,0.0007269622309734273,-0.006706519509251211,0.007433481740224638
2024-07-16,129,3,E10,e10_remove_book_and_trade,E10 拿掉盘口+成交（11通道）,20260823,0.03945834781369333,0.07145699373544424,-0.03199864592175091
2024-07-17,130,3,E10,e10_remove_book_and_trade,E10 拿掉盘口+成交（11通道）,20260823,0.02024646578871216,0.002045669891336839,0.018200795897375322
2024-07-18,131,3,E10,e10_remove_book_and_trade,E10 拿掉盘口+成交（11通道）,20260823,0.032494931886182965,-0.009898937358229718,0.042393869244412685
2024-07-19,132,3,E10,e10_remove_book_and_trade,E10 拿掉盘口+成交（11通道）,20260823,0.049598839898598875,0.013885024573517896,0.03571381532508098
2024-07-22,133,3,E10,e10_remove_book_and_trade,E10 拿掉盘口+成交（11通道）,20260823,-0.024861023503921813,0.10333273352098944,-0.12819375702491126
2024-07-23,134,3,E10,e10_remove_book_and_trade,E10 拿掉盘口+成交（11通道）,20260823,0.02829967727660377,0.013512158560839723,0.014787518715764046
2024-07-24,135,3,E10,e10_remove_book_and_trade,E10 拿掉盘口+成交（11通道）,20260823,0.0011594118042515507,0.08166754102828416,-0.08050812922403261
2024-07-25,136,3,E10,e10_remove_book_and_trade,E10 拿掉盘口+成交（11通道）,20260823,0.0849902139209967,0.06927443785525501,0.01571577606574169
2024-07-26,137,3,E10,e10_remove_book_and_trade,E10 拿掉盘口+成交（11通道）,20260823,0.02231564526169694,0.09065392070664316,-0.06833827544494622
2024-07-29,138,3,E10,e10_remove_book_and_trade,E10 拿掉盘口+成交（11通道）,20260823,0.005419054316326229,0.07961056792907333,-0.07419151361274709
2024-07-30,139,3,E10,e10_remove_book_and_trade,E10 拿掉盘口+成交（11通道）,20260823,0.04413057688970632,0.0007634030273827884,0.043367173862323534
2024-07-31,140,3,E10,e10_remove_book_and_trade,E10 拿掉盘口+成交（11通道）,20260823,0.08201745236487441,0.0957750153767957,-0.013757563011921284
2024-08-01,141,3,E10,e10_remove_book_and_trade,E10 拿掉盘口+成交（11通道）,20260823,0.025914784327942284,0.058671388481151485,-0.032756604153209204
2024-08-02,142,3,E10,e10_remove_book_and_trade,E10 拿掉盘口+成交（11通道）,20260823,0.031214971907053222,0.05330468552723386,-0.022089713620180636
2024-08-05,143,3,E10,e10_remove_book_and_trade,E10 拿掉盘口+成交（11通道）,20260823,0.03552904036759669,0.027971850152408183,0.007557190215188504
2024-08-06,144,3,E10,e10_remove_book_and_trade,E10 拿掉盘口+成交（11通道）,20260823,0.04925818464158269,0.010905166422612758,0.038353018218969935
2024-08-07,145,3,E10,e10_remove_book_and_trade,E10 拿掉盘口+成交（11通道）,20260823,0.028639011728578738,0.05300869031852622,-0.024369678589947485
2024-08-08,146,3,E10,e10_remove_book_and_trade,E10 拿掉盘口+成交（11通道）,20260823,0.11814359558897698,0.12895265503454012,-0.010809059445563138
2024-08-09,147,3,E10,e10_remove_book_and_trade,E10 拿掉盘口+成交（11通道）,20260823,0.03193545779187105,0.040237889220632775,-0.008302431428761727
2024-08-12,148,3,E10,e10_remove_book_and_trade,E10 拿掉盘口+成交（11通道）,20260823,0.08001414535914579,0.11917386005669785,-0.039159714697552056
2024-08-13,149,3,E10,e10_remove_book_and_trade,E10 拿掉盘口+成交（11通道）,20260823,0.06371803776744502,0.045557157570437455,0.01816088019700756
2024-08-14,150,3,E10,e10_remove_book_and_trade,E10 拿掉盘口+成交（11通道）,20260823,0.020735116688501695,0.04660939478332684,-0.025874278094825145
2024-08-15,151,3,E10,e10_remove_book_and_trade,E10 拿掉盘口+成交（11通道）,20260823,0.0255551490969489,0.017599832197710715,0.007955316899238184
2024-08-16,152,3,E10,e10_remove_book_and_trade,E10 拿掉盘口+成交（11通道）,20260823,0.0750260111129519,0.06477174019389716,0.010254270919054745
2024-08-19,153,3,E10,e10_remove_book_and_trade,E10 拿掉盘口+成交（11通道）,20260823,0.06021597567572375,0.03475403670630762,0.025461938969416134
2024-08-20,154,3,E10,e10_remove_book_and_trade,E10 拿掉盘口+成交（11通道）,20260823,0.07437967959316427,0.02413721537467238,0.05024246421849189
2024-08-21,155,3,E10,e10_remove_book_and_trade,E10 拿掉盘口+成交（11通道）,20260823,0.05428006317021056,0.018922452324151875,0.03535761084605868
2024-08-22,156,3,E10,e10_remove_book_and_trade,E10 拿掉盘口+成交（11通道）,20260823,0.0033094117156057387,-0.03924122837991986,0.0425506400955256
2024-08-23,157,3,E10,e10_remove_book_and_trade,E10 拿掉盘口+成交（11通道）,20260823,0.059881926302657956,0.15356725274830177,-0.09368532644564381
2024-08-26,158,3,E10,e10_remove_book_and_trade,E10 拿掉盘口+成交（11通道）,20260823,0.04637369416447544,-0.018252285318669507,0.06462597948314494
2024-08-27,159,3,E10,e10_remove_book_and_trade,E10 拿掉盘口+成交（11通道）,20260823,0.008997243995938136,0.0126012019999355,-0.003603958003997364
2024-08-28,160,3,E10,e10_remove_book_and_trade,E10 拿掉盘口+成交（11通道）,20260823,0.033962562204091384,-0.01633360141161914,0.05029616361571053
2024-08-29,161,3,E10,e10_remove_book_and_trade,E10 拿掉盘口+成交（11通道）,20260823,-0.008865806892404314,-0.006566280585979428,-0.002299526306424886
2024-08-30,162,3,E10,e10_remove_book_and_trade,E10 拿掉盘口+成交（11通道）,20260823,-0.02530315482134416,0.03384831587921489,-0.05915147070055905
2024-09-02,163,3,E10,e10_remove_book_and_trade,E10 拿掉盘口+成交（11通道）,20260823,0.049135910609987954,-0.00532349948320447,0.054459410093192426
2024-09-03,164,3,E10,e10_remove_book_and_trade,E10 拿掉盘口+成交（11通道）,20260823,-0.08453350331688102,-0.08808879193327444,0.003555288616393426
2024-09-04,165,3,E10,e10_remove_book_and_trade,E10 拿掉盘口+成交（11通道）,20260823,0.06684237803482206,0.09298713280809899,-0.026144754773276935
2024-09-05,166,3,E10,e10_remove_book_and_trade,E10 拿掉盘口+成交（11通道）,20260823,0.01039019839019839,0.046269742269742266,-0.035879543879543875
2024-09-06,167,3,E10,e10_remove_book_and_trade,E10 拿掉盘口+成交（11通道）,20260823,-0.008009354929440578,0.07216703051937183,-0.0801763854488124
2024-09-09,168,3,E10,e10_remove_book_and_trade,E10 拿掉盘口+成交（11通道）,20260823,0.07917608796463423,0.04009234454259504,0.039083743422039185
2024-09-10,169,3,E10,e10_remove_book_and_trade,E10 拿掉盘口+成交（11通道）,20260823,-0.008338372800764762,-0.0543446417065561,0.046006268905791334
2024-09-11,170,3,E10,e10_remove_book_and_trade,E10 拿掉盘口+成交（11通道）,20260823,0.05516588403539824,0.12468918180350876,-0.06952329776811052
2024-09-12,171,3,E10,e10_remove_book_and_trade,E10 拿掉盘口+成交（11通道）,20260823,0.041706237803308656,0.01773805976746648,0.023968178035842176
2024-09-13,172,3,E10,e10_remove_book_and_trade,E10 拿掉盘口+成交（11通道）,20260823,0.03907586424019306,0.0015631505974794712,0.037512713642713594
2024-09-18,173,3,E10,e10_remove_book_and_trade,E10 拿掉盘口+成交（11通道）,20260823,0.08763777710265754,0.1215933027253801,-0.03395552562272257
2024-09-19,174,3,E10,e10_remove_book_and_trade,E10 拿掉盘口+成交（11通道）,20260823,0.03455736997428883,0.020804197289515367,0.013753172684773461
2024-09-20,175,3,E10,e10_remove_book_and_trade,E10 拿掉盘口+成交（11通道）,20260823,0.030508111057257065,-0.021655876045681817,0.05216398710293888
2024-09-23,176,3,E10,e10_remove_book_and_trade,E10 拿掉盘口+成交（11通道）,20260823,0.04225759825759826,0.03556715956715957,0.006690438690438692
2024-09-24,177,3,E10,e10_remove_book_and_trade,E10 拿掉盘口+成交（11通道）,20260823,0.08478356162161244,0.12156721468338764,-0.03678365306177521
2024-09-25,178,3,E10,e10_remove_book_and_trade,E10 拿掉盘口+成交（11通道）,20260823,0.0602845082845083,-0.04453476853476854,0.10481927681927683
2024-09-26,179,3,E10,e10_remove_book_and_trade,E10 拿掉盘口+成交（11通道）,20260823,-0.05352876552876553,-0.09810813810813812,0.04457937257937259
2024-09-27,180,3,E10,e10_remove_book_and_trade,E10 拿掉盘口+成交（11通道）,20260823,0.08466661266661268,0.030012450012450013,0.054654162654162675
2024-09-30,181,4,E10,e10_remove_book_and_trade,E10 拿掉盘口+成交（11通道）,20260823,0.003020497143478558,-0.0630569871298333,0.06607748427331187
2024-10-08,182,4,E10,e10_remove_book_and_trade,E10 拿掉盘口+成交（11通道）,20260823,0.14752496841011822,0.01578994588468556,0.13173502252543268
2024-10-09,183,4,E10,e10_remove_book_and_trade,E10 拿掉盘口+成交（11通道）,20260823,0.050304819813964424,0.048022351463022035,0.002282468350942389
2024-10-10,184,4,E10,e10_remove_book_and_trade,E10 拿掉盘口+成交（11通道）,20260823,-0.025360981437064386,0.028338742423758653,-0.05369972386082304
2024-10-11,185,4,E10,e10_remove_book_and_trade,E10 拿掉盘口+成交（11通道）,20260823,0.03128080346848829,0.045261663533233513,-0.01398086006474522
2024-10-14,186,4,E10,e10_remove_book_and_trade,E10 拿掉盘口+成交（11通道）,20260823,-0.017353325353325354,-0.020691908691908692,0.0033385833385833376
2024-10-15,187,4,E10,e10_remove_book_and_trade,E10 拿掉盘口+成交（11通道）,20260823,-0.0008590148615919063,0.0020282900343749047,-0.002887304895966811
2024-10-16,188,4,E10,e10_remove_book_and_trade,E10 拿掉盘口+成交（11通道）,20260823,0.11384659252967211,0.07489307134242977,0.03895352118724234
2024-10-17,189,4,E10,e10_remove_book_and_trade,E10 拿掉盘口+成交（11通道）,20260823,0.037350677330637246,0.04155715635475154,-0.004206479024114293
2024-10-18,190,4,E10,e10_remove_book_and_trade,E10 拿掉盘口+成交（11通道）,20260823,-0.03348717504813308,-0.016630958949976363,-0.01685621609815672
2024-10-21,191,4,E10,e10_remove_book_and_trade,E10 拿掉盘口+成交（11通道）,20260823,0.03161504669610123,0.04320579649641708,-0.011590749800315846
2024-10-22,192,4,E10,e10_remove_book_and_trade,E10 拿掉盘口+成交（11通道）,20260823,0.007529760026459109,0.055774539894636065,-0.048244779868176955
2024-10-23,193,4,E10,e10_remove_book_and_trade,E10 拿掉盘口+成交（11通道）,20260823,0.06394432384516198,0.0792964534998065,-0.015352129654644525
2024-10-24,194,4,E10,e10_remove_book_and_trade,E10 拿掉盘口+成交（11通道）,20260823,-0.030483479663062234,0.034748249664872215,-0.06523172932793445
2024-10-25,195,4,E10,e10_remove_book_and_trade,E10 拿掉盘口+成交（11通道）,20260823,-0.0056179781893535815,0.08885219767778843,-0.09447017586714201
2024-10-28,196,4,E10,e10_remove_book_and_trade,E10 拿掉盘口+成交（11通道）,20260823,0.06274839929283597,0.07135050546151812,-0.00860210616868215
2024-10-29,197,4,E10,e10_remove_book_and_trade,E10 拿掉盘口+成交（11通道）,20260823,0.026815440568121542,0.054640997954877,-0.02782555738675546
2024-10-30,198,4,E10,e10_remove_book_and_trade,E10 拿掉盘口+成交（11通道）,20260823,-0.006719267755058455,0.029821964010858713,-0.03654123176591717
2024-10-31,199,4,E10,e10_remove_book_and_trade,E10 拿掉盘口+成交（11通道）,20260823,0.06388032559942904,0.022813230201022043,0.04106709539840699
2024-11-01,200,4,E10,e10_remove_book_and_trade,E10 拿掉盘口+成交（11通道）,20260823,-0.031146277617282905,0.014199555392839715,-0.04534583301012262
2024-11-04,201,4,E10,e10_remove_book_and_trade,E10 拿掉盘口+成交（11通道）,20260823,0.029671422415891578,0.046277186486361505,-0.016605764070469927
2024-11-05,202,4,E10,e10_remove_book_and_trade,E10 拿掉盘口+成交（11通道）,20260823,0.003017731219432764,0.036168251986662396,-0.03315052076722963
2024-11-06,203,4,E10,e10_remove_book_and_trade,E10 拿掉盘口+成交（11通道）,20260823,0.0737966005045914,0.08507375951137748,-0.01127715900678608
2024-11-07,204,4,E10,e10_remove_book_and_trade,E10 拿掉盘口+成交（11通道）,20260823,0.09498319319891704,0.0649551912248423,0.030028001974074736
2024-11-08,205,4,E10,e10_remove_book_and_trade,E10 拿掉盘口+成交（11通道）,20260823,0.005544549287065541,-0.04896462178661884,0.05450917107368438
2024-11-11,206,4,E10,e10_remove_book_and_trade,E10 拿掉盘口+成交（11通道）,20260823,0.020537018573905455,0.029567462062506666,-0.00903044348860121
2024-11-12,207,4,E10,e10_remove_book_and_trade,E10 拿掉盘口+成交（11通道）,20260823,0.11141952894585636,0.022838666749088632,0.08858086219676772
2024-11-13,208,4,E10,e10_remove_book_and_trade,E10 拿掉盘口+成交（11通道）,20260823,0.13470137213412775,0.09931687193783818,0.03538450019628957
2024-11-14,209,4,E10,e10_remove_book_and_trade,E10 拿掉盘口+成交（11通道）,20260823,0.011485714010120898,-0.02978022393985715,0.04126593794997804
2024-11-15,210,4,E10,e10_remove_book_and_trade,E10 拿掉盘口+成交（11通道）,20260823,0.12495265643886166,0.14827354453132555,-0.02332088809246388
2024-11-18,211,4,E10,e10_remove_book_and_trade,E10 拿掉盘口+成交（11通道）,20260823,-0.018762281432307744,-0.03838387308180248,0.019621591649494736
2024-11-19,212,4,E10,e10_remove_book_and_trade,E10 拿掉盘口+成交（11通道）,20260823,-0.01243290647020519,-0.0029706989796110766,-0.009462207490594112
2024-11-20,213,4,E10,e10_remove_book_and_trade,E10 拿掉盘口+成交（11通道）,20260823,0.10712275614853359,0.03685458709761223,0.07026816905092136
2024-11-21,214,4,E10,e10_remove_book_and_trade,E10 拿掉盘口+成交（11通道）,20260823,0.00900992106398059,0.015757551852097162,-0.006747630788116571
2024-11-22,215,4,E10,e10_remove_book_and_trade,E10 拿掉盘口+成交（11通道）,20260823,0.05004839064897134,0.08915257822240917,-0.03910418757343783
2024-11-25,216,4,E10,e10_remove_book_and_trade,E10 拿掉盘口+成交（11通道）,20260823,0.11474848879708074,0.12371108270074706,-0.008962593903666313
2024-11-26,217,4,E10,e10_remove_book_and_trade,E10 拿掉盘口+成交（11通道）,20260823,-0.018436326216615367,-0.014161409992124849,-0.004274916224490518
2024-11-27,218,4,E10,e10_remove_book_and_trade,E10 拿掉盘口+成交（11通道）,20260823,0.0603690086266088,0.030348134894969445,0.030020873731639357
2024-11-28,219,4,E10,e10_remove_book_and_trade,E10 拿掉盘口+成交（11通道）,20260823,0.06826835667796681,0.043735921998337535,0.024532434679629275
2024-11-29,220,4,E10,e10_remove_book_and_trade,E10 拿掉盘口+成交（11通道）,20260823,0.04264795392739256,0.06283210071706376,-0.020184146789671197
2024-12-02,221,4,E10,e10_remove_book_and_trade,E10 拿掉盘口+成交（11通道）,20260823,0.031851466039590805,0.07997957717021234,-0.048128111130621536
2024-12-03,222,4,E10,e10_remove_book_and_trade,E10 拿掉盘口+成交（11通道）,20260823,0.04278879732785447,0.034840660718923264,0.007948136608931206
2024-12-04,223,4,E10,e10_remove_book_and_trade,E10 拿掉盘口+成交（11通道）,20260823,0.039947856824102616,0.047282006686311294,-0.007334149862208678
2024-12-05,224,4,E10,e10_remove_book_and_trade,E10 拿掉盘口+成交（11通道）,20260823,0.15435263835263838,0.19563272763272765,-0.04128008928008928
2024-12-06,225,4,E10,e10_remove_book_and_trade,E10 拿掉盘口+成交（11通道）,20260823,-0.020059892059892063,-0.045812421812421816,0.025752529752529753
2024-12-09,226,4,E10,e10_remove_book_and_trade,E10 拿掉盘口+成交（11通道）,20260823,0.04462695262695263,0.032862416862416866,0.011764535764535768
2024-12-10,227,4,E10,e10_remove_book_and_trade,E10 拿掉盘口+成交（11通道）,20260823,0.005032673047771067,0.05922937140705953,-0.05419669835928846
2024-12-11,228,4,E10,e10_remove_book_and_trade,E10 拿掉盘口+成交（11通道）,20260823,0.02567098191182343,0.023659944798425016,0.002011037113398416
2024-12-12,229,4,E10,e10_remove_book_and_trade,E10 拿掉盘口+成交（11通道）,20260823,-0.008832455385057905,-0.034571911136400214,0.02573945575134231
2024-12-13,230,4,E10,e10_remove_book_and_trade,E10 拿掉盘口+成交（11通道）,20260823,0.10101542219329418,0.10706566824165195,-0.006050246048357771
2024-12-16,231,4,E10,e10_remove_book_and_trade,E10 拿掉盘口+成交（11通道）,20260823,0.03247506948341178,0.00328206028860701,0.02919300919480477
2024-12-17,232,4,E10,e10_remove_book_and_trade,E10 拿掉盘口+成交（11通道）,20260823,-0.0032926476966893014,-0.007268430696859368,0.003975783000170067
2024-12-18,233,4,E10,e10_remove_book_and_trade,E10 拿掉盘口+成交（11通道）,20260823,0.04193859921668449,-0.020587027078387204,0.06252562629507169
2024-12-19,234,4,E10,e10_remove_book_and_trade,E10 拿掉盘口+成交（11通道）,20260823,-0.05670933892300004,-0.08466095028915797,0.02795161136615793
2024-12-20,235,4,E10,e10_remove_book_and_trade,E10 拿掉盘口+成交（11通道）,20260823,0.02968379508954466,-0.009175690870084722,0.03885948595962938
2024-12-23,236,4,E10,e10_remove_book_and_trade,E10 拿掉盘口+成交（11通道）,20260823,0.013064370404680727,-0.0026890920654738114,0.01575346247015454
2024-12-24,237,4,E10,e10_remove_book_and_trade,E10 拿掉盘口+成交（11通道）,20260823,0.047950025847457514,0.05887370593570065,-0.010923680088243133
2024-12-25,238,4,E10,e10_remove_book_and_trade,E10 拿掉盘口+成交（11通道）,20260823,-0.06681182576447647,-0.10100433881371504,0.034192513049238565
2024-12-26,239,4,E10,e10_remove_book_and_trade,E10 拿掉盘口+成交（11通道）,20260823,0.12045431426851214,0.1552019404036346,-0.03474762613512247
2024-12-27,240,4,E10,e10_remove_book_and_trade,E10 拿掉盘口+成交（11通道）,20260823,0.08202967090691042,0.056398717658313585,0.025630953248596836
2024-01-02,1,1,E10,e10_remove_trade,E10 拿掉成交结构（6通道）,20260801,0.05623915738651624,0.060365628479745886,-0.004126471093229646
2024-01-03,2,1,E10,e10_remove_trade,E10 拿掉成交结构（6通道）,20260801,0.06834481081009443,0.06400555144088126,0.004339259369213172
2024-01-04,3,1,E10,e10_remove_trade,E10 拿掉成交结构（6通道）,20260801,0.0343444899747264,0.018051247353630832,0.01629324262109557
2024-01-05,4,1,E10,e10_remove_trade,E10 拿掉成交结构（6通道）,20260801,0.05971130371448168,0.0765225565092043,-0.016811252794722613
2024-01-08,5,1,E10,e10_remove_trade,E10 拿掉成交结构（6通道）,20260801,0.03918983933000605,0.04687270754529088,-0.007682868215284834
2024-01-09,6,1,E10,e10_remove_trade,E10 拿掉成交结构（6通道）,20260801,0.017842233848987213,0.03782876335778917,-0.019986529508801955
2024-01-10,7,1,E10,e10_remove_trade,E10 拿掉成交结构（6通道）,20260801,-0.009745467261687365,-0.011469124849186363,0.0017236575874989973
2024-01-11,8,1,E10,e10_remove_trade,E10 拿掉成交结构（6通道）,20260801,0.0690119093021269,0.046230936135424214,0.02278097316670269
2024-01-12,9,1,E10,e10_remove_trade,E10 拿掉成交结构（6通道）,20260801,0.0475904788193886,0.050568525790412225,-0.0029780469710236276
2024-01-15,10,1,E10,e10_remove_trade,E10 拿掉成交结构（6通道）,20260801,0.005053687500926055,-0.01956264692825689,0.024616334429182946
2024-01-16,11,1,E10,e10_remove_trade,E10 拿掉成交结构（6通道）,20260801,0.03145184061817328,0.048069761143909435,-0.016617920525736157
2024-01-17,12,1,E10,e10_remove_trade,E10 拿掉成交结构（6通道）,20260801,-0.03844685315603391,-0.055682061738310654,0.017235208582276743
2024-01-18,13,1,E10,e10_remove_trade,E10 拿掉成交结构（6通道）,20260801,0.0917383686550465,0.07032680507928207,0.02141156357576443
2024-01-19,14,1,E10,e10_remove_trade,E10 拿掉成交结构（6通道）,20260801,-0.007669573380996225,-0.03576705362677306,0.02809748024577683
2024-01-22,15,1,E10,e10_remove_trade,E10 拿掉成交结构（6通道）,20260801,0.04860695036630243,0.020279562432365665,0.028327387933936764
2024-01-23,16,1,E10,e10_remove_trade,E10 拿掉成交结构（6通道）,20260801,0.04781292944936678,0.030024475557869343,0.017788453891497434
2024-01-24,17,1,E10,e10_remove_trade,E10 拿掉成交结构（6通道）,20260801,0.0617317279169231,0.05440933257256057,0.007322395344362527
2024-01-25,18,1,E10,e10_remove_trade,E10 拿掉成交结构（6通道）,20260801,0.11369041251183745,0.11687444788691498,-0.0031840353750775263
2024-01-26,19,1,E10,e10_remove_trade,E10 拿掉成交结构（6通道）,20260801,0.054697122697122694,0.057121329121329126,-0.002424206424206432
2024-01-29,20,1,E10,e10_remove_trade,E10 拿掉成交结构（6通道）,20260801,0.009628857628857629,0.01795207795207795,-0.008323220323220323
2024-01-30,21,1,E10,e10_remove_trade,E10 拿掉成交结构（6通道）,20260801,0.04168339768339768,0.016144600144600146,0.025538797538797536
2024-01-31,22,1,E10,e10_remove_trade,E10 拿掉成交结构（6通道）,20260801,0.004211281548420613,0.06426033039834417,-0.060049048849923556
2024-02-01,23,1,E10,e10_remove_trade,E10 拿掉成交结构（6通道）,20260801,-0.0032077247588269625,-0.0030517852521860533,-0.00015593950664090925
2024-02-02,24,1,E10,e10_remove_trade,E10 拿掉成交结构（6通道）,20260801,-0.011102878429531733,0.018710646518261747,-0.02981352494779348
2024-02-05,25,1,E10,e10_remove_trade,E10 拿掉成交结构（6通道）,20260801,0.09698109843581491,0.14116621128370446,-0.04418511284788955
2024-02-06,26,1,E10,e10_remove_trade,E10 拿掉成交结构（6通道）,20260801,0.009810057839488014,-0.031532179626776166,0.041342237466264184
2024-02-07,27,1,E10,e10_remove_trade,E10 拿掉成交结构（6通道）,20260801,0.033469293469293476,0.06701671901671902,-0.03354742554742554
2024-02-08,28,1,E10,e10_remove_trade,E10 拿掉成交结构（6通道）,20260801,-0.05330383826330737,-0.04002999475053467,-0.0132738435127727
2024-02-19,29,1,E10,e10_remove_trade,E10 拿掉成交结构（6通道）,20260801,0.035852930004105873,0.039511901882616066,-0.003658971878510192
2024-02-20,30,1,E10,e10_remove_trade,E10 拿掉成交结构（6通道）,20260801,0.015380361611067038,0.03038047283617993,-0.015000111225112892
2024-02-21,31,1,E10,e10_remove_trade,E10 拿掉成交结构（6通道）,20260801,0.017231905916788685,-0.012358164586681108,0.029590070503469793
2024-02-22,32,1,E10,e10_remove_trade,E10 拿掉成交结构（6通道）,20260801,0.06786985666397685,0.05806827639335146,0.009801580270625394
2024-02-23,33,1,E10,e10_remove_trade,E10 拿掉成交结构（6通道）,20260801,0.10331365481651834,0.12737482161189023,-0.02406116679537189
2024-02-26,34,1,E10,e10_remove_trade,E10 拿掉成交结构（6通道）,20260801,0.05538363771593955,0.06084019320523437,-0.005456555489294822
2024-02-27,35,1,E10,e10_remove_trade,E10 拿掉成交结构（6通道）,20260801,0.03632605232605233,0.037596913596913605,-0.001270861270861276
2024-02-28,36,1,E10,e10_remove_trade,E10 拿掉成交结构（6通道）,20260801,0.04203432028652621,0.021168411295421765,0.020865908991104447
2024-02-29,37,1,E10,e10_remove_trade,E10 拿掉成交结构（6通道）,20260801,0.10532923218818983,0.06219954606043233,0.043129686127757506
2024-03-01,38,1,E10,e10_remove_trade,E10 拿掉成交结构（6通道）,20260801,-0.03404069804069804,0.010841074841074841,-0.044881772881772884
2024-03-04,39,1,E10,e10_remove_trade,E10 拿掉成交结构（6通道）,20260801,0.0944320529647599,0.07373712227987059,0.020694930684889312
2024-03-05,40,1,E10,e10_remove_trade,E10 拿掉成交结构（6通道）,20260801,0.09498544398163812,0.06507476375303033,0.029910680228607794
2024-03-06,41,1,E10,e10_remove_trade,E10 拿掉成交结构（6通道）,20260801,0.051161027621161925,0.050151058238861596,0.0010099693823003297
2024-03-07,42,1,E10,e10_remove_trade,E10 拿掉成交结构（6通道）,20260801,0.07321872921159794,0.045502297224686385,0.02771643198691156
2024-03-08,43,1,E10,e10_remove_trade,E10 拿掉成交结构（6通道）,20260801,0.09440372670769856,0.09906342512084,-0.0046596984131414415
2024-03-11,44,1,E10,e10_remove_trade,E10 拿掉成交结构（6通道）,20260801,0.030675713519411976,0.05001937870223432,-0.019343665182822347
2024-03-12,45,1,E10,e10_remove_trade,E10 拿掉成交结构（6通道）,20260801,0.03505972293940628,0.01467214555730145,0.02038757738210483
2024-03-13,46,1,E10,e10_remove_trade,E10 拿掉成交结构（6通道）,20260801,0.06656943010332585,0.05048770312538917,0.016081726977936674
2024-03-14,47,1,E10,e10_remove_trade,E10 拿掉成交结构（6通道）,20260801,0.030362595155294703,0.019017062465448768,0.011345532689845936
2024-03-15,48,1,E10,e10_remove_trade,E10 拿掉成交结构（6通道）,20260801,0.03519290786384831,0.07461364887693947,-0.03942074101309116
2024-03-18,49,1,E10,e10_remove_trade,E10 拿掉成交结构（6通道）,20260801,0.08933655863020533,0.05678397157345247,0.03255258705675286
2024-03-19,50,1,E10,e10_remove_trade,E10 拿掉成交结构（6通道）,20260801,0.04230468391511516,0.012174514666911409,0.03013016924820375
2024-03-20,51,1,E10,e10_remove_trade,E10 拿掉成交结构（6通道）,20260801,0.03331142559677677,0.03424205715000104,-0.0009306315532242662
2024-03-21,52,1,E10,e10_remove_trade,E10 拿掉成交结构（6通道）,20260801,0.0010043770043770043,-0.020313284313284316,0.02131766131766132
2024-03-22,53,1,E10,e10_remove_trade,E10 拿掉成交结构（6通道）,20260801,0.06610161282191927,0.06096853314796453,0.005133079673954745
2024-03-25,54,1,E10,e10_remove_trade,E10 拿掉成交结构（6通道）,20260801,-0.0222816755116428,0.018503283828941227,-0.04078495934058403
2024-03-26,55,1,E10,e10_remove_trade,E10 拿掉成交结构（6通道）,20260801,0.03509493520022001,0.07289266911134712,-0.03779773391112711
2024-03-27,56,1,E10,e10_remove_trade,E10 拿掉成交结构（6通道）,20260801,0.0005002026292549241,-0.03265211307635933,0.033152315705614256
2024-03-28,57,1,E10,e10_remove_trade,E10 拿掉成交结构（6通道）,20260801,0.06613794832050066,0.059383819343485425,0.006754128977015231
2024-03-29,58,1,E10,e10_remove_trade,E10 拿掉成交结构（6通道）,20260801,0.1108555718394731,0.06364668765642911,0.04720888418304399
2024-04-01,59,1,E10,e10_remove_trade,E10 拿掉成交结构（6通道）,20260801,0.09514229741766608,0.06226452298909183,0.03287777442857425
2024-04-02,60,1,E10,e10_remove_trade,E10 拿掉成交结构（6通道）,20260801,-0.015230641282867847,0.016561443491999804,-0.031792084774867654
2024-04-03,61,2,E10,e10_remove_trade,E10 拿掉成交结构（6通道）,20260801,0.0384801584484585,0.0620779986123162,-0.0235978401638577
2024-04-08,62,2,E10,e10_remove_trade,E10 拿掉成交结构（6通道）,20260801,0.07315299978650783,0.07033672886885114,0.0028162709176566825
2024-04-09,63,2,E10,e10_remove_trade,E10 拿掉成交结构（6通道）,20260801,0.02276506083335602,0.007789633813002714,0.014975427020353305
2024-04-10,64,2,E10,e10_remove_trade,E10 拿掉成交结构（6通道）,20260801,0.01565920017595379,-0.011332433706404025,0.026991633882357816
2024-04-11,65,2,E10,e10_remove_trade,E10 拿掉成交结构（6通道）,20260801,0.09619091396236898,0.04191765243271166,0.05427326152965732
2024-04-12,66,2,E10,e10_remove_trade,E10 拿掉成交结构（6通道）,20260801,-0.007052599073756873,-0.035033279138378975,0.027980680064622104
2024-04-15,67,2,E10,e10_remove_trade,E10 拿掉成交结构（6通道）,20260801,-0.029822417822417825,0.003953211953211953,-0.03377562977562978
2024-04-16,68,2,E10,e10_remove_trade,E10 拿掉成交结构（6通道）,20260801,-0.03818430218430219,-0.018097086097086098,-0.02008721608721609
2024-04-17,69,2,E10,e10_remove_trade,E10 拿掉成交结构（6通道）,20260801,0.017733186371581094,-0.0008182868477451748,0.018551473219326268
2024-04-18,70,2,E10,e10_remove_trade,E10 拿掉成交结构（6通道）,20260801,-0.012737139946899617,-0.03038172803792447,0.01764458809102485
2024-04-19,71,2,E10,e10_remove_trade,E10 拿掉成交结构（6通道）,20260801,0.07713171375961672,0.08414082518927485,-0.007009111429658127
2024-04-22,72,2,E10,e10_remove_trade,E10 拿掉成交结构（6通道）,20260801,0.09815889204842575,0.07906457980845474,0.019094312239971004
2024-04-23,73,2,E10,e10_remove_trade,E10 拿掉成交结构（6通道）,20260801,0.10518459993713405,0.06026869674054163,0.04491590319659242
2024-04-24,74,2,E10,e10_remove_trade,E10 拿掉成交结构（6通道）,20260801,0.005794622469385762,0.002912642197425074,0.002881980271960688
2024-04-25,75,2,E10,e10_remove_trade,E10 拿掉成交结构（6通道）,20260801,0.05616149754577061,0.04405820686526531,0.012103290680505294
2024-04-26,76,2,E10,e10_remove_trade,E10 拿掉成交结构（6通道）,20260801,0.04678343389265131,0.07171694632561074,-0.024933512432959423
2024-04-29,77,2,E10,e10_remove_trade,E10 拿掉成交结构（6通道）,20260801,0.07590576945905676,0.05978933834307564,0.01611643111598112
2024-04-30,78,2,E10,e10_remove_trade,E10 拿掉成交结构（6通道）,20260801,-0.0016033034975209963,-0.009078227018324427,0.00747492352080343
2024-05-06,79,2,E10,e10_remove_trade,E10 拿掉成交结构（6通道）,20260801,0.06007279756566719,-0.013884962658716762,0.07395776022438395
2024-05-07,80,2,E10,e10_remove_trade,E10 拿掉成交结构（6通道）,20260801,0.01859703797564209,0.025034314951327023,-0.006437276975684931
2024-05-08,81,2,E10,e10_remove_trade,E10 拿掉成交结构（6通道）,20260801,0.01632610576303421,-0.0012743986548135228,0.01760050441784773
2024-05-09,82,2,E10,e10_remove_trade,E10 拿掉成交结构（6通道）,20260801,0.0660671140005791,0.0630380648749519,0.003029049125627209
2024-05-10,83,2,E10,e10_remove_trade,E10 拿掉成交结构（6通道）,20260801,0.0549726162153797,0.08748092342333084,-0.03250830720795114
2024-05-13,84,2,E10,e10_remove_trade,E10 拿掉成交结构（6通道）,20260801,0.024054306985931348,0.03959807671164432,-0.015543769725712975
2024-05-14,85,2,E10,e10_remove_trade,E10 拿掉成交结构（6通道）,20260801,0.1261433883191736,0.10640551239690765,0.019737875922265946
2024-05-15,86,2,E10,e10_remove_trade,E10 拿掉成交结构（6通道）,20260801,0.040076538314956875,0.05691987953213758,-0.016843341217180702
2024-05-16,87,2,E10,e10_remove_trade,E10 拿掉成交结构（6通道）,20260801,0.024151586139206743,-0.0007695850541241702,0.024921171193330913
2024-05-17,88,2,E10,e10_remove_trade,E10 拿掉成交结构（6通道）,20260801,-0.0032562138358714302,0.0023100652440943325,-0.005566279079965763
2024-05-20,89,2,E10,e10_remove_trade,E10 拿掉成交结构（6通道）,20260801,0.04989127654282078,0.029289970975227505,0.020601305567593275
2024-05-21,90,2,E10,e10_remove_trade,E10 拿掉成交结构（6通道）,20260801,0.0798887646483871,0.05100357557246893,0.028885189075918166
2024-05-22,91,2,E10,e10_remove_trade,E10 拿掉成交结构（6通道）,20260801,0.03943645307787426,0.027770797266767722,0.011665655811106537
2024-05-23,92,2,E10,e10_remove_trade,E10 拿掉成交结构（6通道）,20260801,0.12859316982542013,0.09951286200915449,0.029080307816265638
2024-05-24,93,2,E10,e10_remove_trade,E10 拿掉成交结构（6通道）,20260801,0.06076712348222722,0.064991692995101,-0.004224569512873783
2024-05-27,94,2,E10,e10_remove_trade,E10 拿掉成交结构（6通道）,20260801,0.04135444448241208,0.013409816922266666,0.027944627560145416
2024-05-28,95,2,E10,e10_remove_trade,E10 拿掉成交结构（6通道）,20260801,0.031348778910144585,0.015187005844965828,0.016161773065178756
2024-05-29,96,2,E10,e10_remove_trade,E10 拿掉成交结构（6通道）,20260801,0.06151450135191297,0.06722011514857121,-0.005705613796658238
2024-05-30,97,2,E10,e10_remove_trade,E10 拿掉成交结构（6通道）,20260801,0.0894468170958682,0.0389043502976648,0.0505424667982034
2024-05-31,98,2,E10,e10_remove_trade,E10 拿掉成交结构（6通道）,20260801,-0.010940540965485539,-0.05887612345663855,0.04793558249115301
2024-06-03,99,2,E10,e10_remove_trade,E10 拿掉成交结构（6通道）,20260801,-0.02186725680591361,-0.05197941978953933,0.030112162983625717
2024-06-04,100,2,E10,e10_remove_trade,E10 拿掉成交结构（6通道）,20260801,3.677827146723704e-05,0.020881022074502334,-0.020844243803035095
2024-06-05,101,2,E10,e10_remove_trade,E10 拿掉成交结构（6通道）,20260801,0.02644347621705523,-0.07018200868163238,0.09662548489868761
2024-06-06,102,2,E10,e10_remove_trade,E10 拿掉成交结构（6通道）,20260801,0.10766846670815293,0.0942567617253652,0.013411704982787723
2024-06-07,103,2,E10,e10_remove_trade,E10 拿掉成交结构（6通道）,20260801,-0.035922376622330984,-0.049562894255336803,0.01364051763300582
2024-06-11,104,2,E10,e10_remove_trade,E10 拿掉成交结构（6通道）,20260801,0.04000969600001429,0.004552161895870863,0.03545753410414343
2024-06-12,105,2,E10,e10_remove_trade,E10 拿掉成交结构（6通道）,20260801,0.08975502321416269,0.041161328255273064,0.04859369495888963
2024-06-13,106,2,E10,e10_remove_trade,E10 拿掉成交结构（6通道）,20260801,0.05477237349936748,0.04460864876644661,0.010163724732920869
2024-06-14,107,2,E10,e10_remove_trade,E10 拿掉成交结构（6通道）,20260801,0.0455190502546502,0.03996047169375339,0.00555857856089681
2024-06-17,108,2,E10,e10_remove_trade,E10 拿掉成交结构（6通道）,20260801,0.017818094691508055,0.020654262940088444,-0.002836168248580389
2024-06-18,109,2,E10,e10_remove_trade,E10 拿掉成交结构（6通道）,20260801,0.03542227152853834,0.009571785600500957,0.025850485928037386
2024-06-19,110,2,E10,e10_remove_trade,E10 拿掉成交结构（6通道）,20260801,0.09843037472566586,0.06317898936852634,0.03525138535713952
2024-06-20,111,2,E10,e10_remove_trade,E10 拿掉成交结构（6通道）,20260801,0.019715848242342265,-0.026112798991559133,0.0458286472339014
2024-06-21,112,2,E10,e10_remove_trade,E10 拿掉成交结构（6通道）,20260801,-0.0134065729055709,0.012124332749583248,-0.025530905655154146
2024-06-24,113,2,E10,e10_remove_trade,E10 拿掉成交结构（6通道）,20260801,0.05134425115775667,0.04548028749939798,0.005863963658358687
2024-06-25,114,2,E10,e10_remove_trade,E10 拿掉成交结构（6通道）,20260801,0.07609481448210179,0.04175912197295228,0.03433569250914951
2024-06-26,115,2,E10,e10_remove_trade,E10 拿掉成交结构（6通道）,20260801,-0.006802487960944229,0.014171081113745225,-0.020973569074689453
2024-06-27,116,2,E10,e10_remove_trade,E10 拿掉成交结构（6通道）,20260801,0.033824157452411255,0.013693058951395796,0.02013109850101546
2024-06-28,117,2,E10,e10_remove_trade,E10 拿掉成交结构（6通道）,20260801,0.05508426099144635,0.034442317055979756,0.020641943935466596
2024-07-01,118,2,E10,e10_remove_trade,E10 拿掉成交结构（6通道）,20260801,0.04822730758783248,0.08946572088881233,-0.04123841330097985
2024-07-02,119,2,E10,e10_remove_trade,E10 拿掉成交结构（6通道）,20260801,0.06367545189327925,0.07565357836470037,-0.011978126471421116
2024-07-03,120,2,E10,e10_remove_trade,E10 拿掉成交结构（6通道）,20260801,0.01881469256118659,-0.006487082311692949,0.02530177487287954
2024-07-04,121,3,E10,e10_remove_trade,E10 拿掉成交结构（6通道）,20260801,0.03427298124018839,0.035708302704250634,-0.0014353214640622433
2024-07-05,122,3,E10,e10_remove_trade,E10 拿掉成交结构（6通道）,20260801,-0.005522119313702479,-0.023857203897284053,0.018335084583581573
2024-07-08,123,3,E10,e10_remove_trade,E10 拿掉成交结构（6通道）,20260801,-0.021030264986793588,-0.035389915391021265,0.014359650404227677
2024-07-09,124,3,E10,e10_remove_trade,E10 拿掉成交结构（6通道）,20260801,-0.06675454211726756,-0.0687979322007378,0.0020433900834702368
2024-07-10,125,3,E10,e10_remove_trade,E10 拿掉成交结构（6通道）,20260801,0.09030541287880557,0.08727662847412408,0.0030287844046814894
2024-07-11,126,3,E10,e10_remove_trade,E10 拿掉成交结构（6通道）,20260801,-0.003931226489254572,0.06816432229433854,-0.07209554878359312
2024-07-12,127,3,E10,e10_remove_trade,E10 拿掉成交结构（6通道）,20260801,0.03199725769841537,0.013041410932460192,0.018955846765955176
2024-07-15,128,3,E10,e10_remove_trade,E10 拿掉成交结构（6通道）,20260801,-0.005659908620627728,-0.03143679402610912,0.02577688540548139
2024-07-16,129,3,E10,e10_remove_trade,E10 拿掉成交结构（6通道）,20260801,0.039559881952519374,0.0606155368183968,-0.021055654865877425
2024-07-17,130,3,E10,e10_remove_trade,E10 拿掉成交结构（6通道）,20260801,0.0009516415554258651,0.027475596374722782,-0.026523954819296917
2024-07-18,131,3,E10,e10_remove_trade,E10 拿掉成交结构（6通道）,20260801,0.003524426146030447,0.001351030223850157,0.0021733959221802903
2024-07-19,132,3,E10,e10_remove_trade,E10 拿掉成交结构（6通道）,20260801,0.055344768192537766,0.01267668817934784,0.042668080013189925
2024-07-22,133,3,E10,e10_remove_trade,E10 拿掉成交结构（6通道）,20260801,-0.006080746282692156,0.03450863414387215,-0.040589380426564306
2024-07-23,134,3,E10,e10_remove_trade,E10 拿掉成交结构（6通道）,20260801,0.030654705583524428,-0.0022011245746981095,0.032855830158222535
2024-07-24,135,3,E10,e10_remove_trade,E10 拿掉成交结构（6通道）,20260801,-0.0020424222198563912,0.09628988132097263,-0.09833230354082902
2024-07-25,136,3,E10,e10_remove_trade,E10 拿掉成交结构（6通道）,20260801,0.07752897039924253,0.01734515041806651,0.06018381998117602
2024-07-26,137,3,E10,e10_remove_trade,E10 拿掉成交结构（6通道）,20260801,0.08536548876565171,0.12729975300239474,-0.04193426423674303
2024-07-29,138,3,E10,e10_remove_trade,E10 拿掉成交结构（6通道）,20260801,0.037371313844541815,0.0670460533433568,-0.02967473949881498
2024-07-30,139,3,E10,e10_remove_trade,E10 拿掉成交结构（6通道）,20260801,0.01236007512748583,-0.021426913894483764,0.033786989021969596
2024-07-31,140,3,E10,e10_remove_trade,E10 拿掉成交结构（6通道）,20260801,0.07169332566967926,0.046650510639376475,0.025042815030302784
2024-08-01,141,3,E10,e10_remove_trade,E10 拿掉成交结构（6通道）,20260801,0.04556266221544118,0.028327224032274743,0.01723543818316644
2024-08-02,142,3,E10,e10_remove_trade,E10 拿掉成交结构（6通道）,20260801,0.03617808298498122,0.027179905120872434,0.008998177864108788
2024-08-05,143,3,E10,e10_remove_trade,E10 拿掉成交结构（6通道）,20260801,0.03093495058016427,0.05385748551174163,-0.022922534931577362
2024-08-06,144,3,E10,e10_remove_trade,E10 拿掉成交结构（6通道）,20260801,0.03466632733326423,-0.01293698939170475,0.04760331672496898
2024-08-07,145,3,E10,e10_remove_trade,E10 拿掉成交结构（6通道）,20260801,0.017684931479066485,0.06773533454423346,-0.050050403065166976
2024-08-08,146,3,E10,e10_remove_trade,E10 拿掉成交结构（6通道）,20260801,0.12595463076089408,0.12800372353362535,-0.0020490927727312702
2024-08-09,147,3,E10,e10_remove_trade,E10 拿掉成交结构（6通道）,20260801,0.012831181293706747,0.03737145338829304,-0.024540272094586296
2024-08-12,148,3,E10,e10_remove_trade,E10 拿掉成交结构（6通道）,20260801,0.06280202884351609,0.1004349231342435,-0.037632894290727414
2024-08-13,149,3,E10,e10_remove_trade,E10 拿掉成交结构（6通道）,20260801,0.07830430870736253,0.048251472517790495,0.030052836189572038
2024-08-14,150,3,E10,e10_remove_trade,E10 拿掉成交结构（6通道）,20260801,0.024021232592139324,0.026519388159959717,-0.0024981555678203933
2024-08-15,151,3,E10,e10_remove_trade,E10 拿掉成交结构（6通道）,20260801,0.025686366500897416,0.004514807881628399,0.021171558619269018
2024-08-16,152,3,E10,e10_remove_trade,E10 拿掉成交结构（6通道）,20260801,0.06933421164674317,0.05221347330741301,0.017120738339330158
2024-08-19,153,3,E10,e10_remove_trade,E10 拿掉成交结构（6通道）,20260801,0.06435641271839901,0.0373743825108908,0.02698203020750821
2024-08-20,154,3,E10,e10_remove_trade,E10 拿掉成交结构（6通道）,20260801,0.05254874798629441,-0.015000022011006899,0.0675487699973013
2024-08-21,155,3,E10,e10_remove_trade,E10 拿掉成交结构（6通道）,20260801,0.054159846718008935,0.03100844247357709,0.023151404244431843
2024-08-22,156,3,E10,e10_remove_trade,E10 拿掉成交结构（6通道）,20260801,-0.005845860063847217,-0.021295059226412567,0.01544919916256535
2024-08-23,157,3,E10,e10_remove_trade,E10 拿掉成交结构（6通道）,20260801,0.07837594330751038,0.11035624962377891,-0.031980306316268525
2024-08-26,158,3,E10,e10_remove_trade,E10 拿掉成交结构（6通道）,20260801,0.026021802393465562,-0.0037072363300520855,0.029729038723517648
2024-08-27,159,3,E10,e10_remove_trade,E10 拿掉成交结构（6通道）,20260801,-0.0022286244760018068,-0.00726721407387488,0.0050385895978730735
2024-08-28,160,3,E10,e10_remove_trade,E10 拿掉成交结构（6通道）,20260801,0.00733514581926546,-0.0007083007550486065,0.008043446574314066
2024-08-29,161,3,E10,e10_remove_trade,E10 拿掉成交结构（6通道）,20260801,-0.025208893284519966,-0.016177480226012668,-0.009031413058507298
2024-08-30,162,3,E10,e10_remove_trade,E10 拿掉成交结构（6通道）,20260801,0.009824722414205778,0.07134475562544108,-0.06152003321123531
2024-09-02,163,3,E10,e10_remove_trade,E10 拿掉成交结构（6通道）,20260801,0.034395779427652824,-0.004025134145888172,0.03842091357354099
2024-09-03,164,3,E10,e10_remove_trade,E10 拿掉成交结构（6通道）,20260801,-0.10545449825086034,-0.07371431918237532,-0.03174017906848502
2024-09-04,165,3,E10,e10_remove_trade,E10 拿掉成交结构（6通道）,20260801,0.06948626557376804,0.06511487841570933,0.004371387158058709
2024-09-05,166,3,E10,e10_remove_trade,E10 拿掉成交结构（6通道）,20260801,0.003611619611619612,0.01702799302799303,-0.013416373416373417
2024-09-06,167,3,E10,e10_remove_trade,E10 拿掉成交结构（6通道）,20260801,-0.0004937769204003639,0.053501685727162164,-0.053995462647562525
2024-09-09,168,3,E10,e10_remove_trade,E10 拿掉成交结构（6通道）,20260801,0.060950353715843356,0.06331898834739645,-0.002368634631553096
2024-09-10,169,3,E10,e10_remove_trade,E10 拿掉成交结构（6通道）,20260801,-0.03624551319211171,-0.03740874320991169,0.001163230017799985
2024-09-11,170,3,E10,e10_remove_trade,E10 拿掉成交结构（6通道）,20260801,0.07402482347976726,0.02379671448484213,0.05022810899492513
2024-09-12,171,3,E10,e10_remove_trade,E10 拿掉成交结构（6通道）,20260801,0.045589488020454684,0.024916838175861565,0.02067264984459312
2024-09-13,172,3,E10,e10_remove_trade,E10 拿掉成交结构（6通道）,20260801,0.009073951284819548,0.031852226517387026,-0.02277827523256748
2024-09-18,173,3,E10,e10_remove_trade,E10 拿掉成交结构（6通道）,20260801,0.11988105082820502,0.07213201392227184,0.047749036905933184
2024-09-19,174,3,E10,e10_remove_trade,E10 拿掉成交结构（6通道）,20260801,0.05427321362692019,-0.007593221420205979,0.06186643504712617
2024-09-20,175,3,E10,e10_remove_trade,E10 拿掉成交结构（6通道）,20260801,0.03057491512526361,-0.02152391791134844,0.05209883303661205
2024-09-23,176,3,E10,e10_remove_trade,E10 拿掉成交结构（6通道）,20260801,0.04715083115083115,0.0386904146904147,0.008460416460416453
2024-09-24,177,3,E10,e10_remove_trade,E10 拿掉成交结构（6通道）,20260801,0.10896229827608023,0.0944700719148573,0.014492226361222924
2024-09-25,178,3,E10,e10_remove_trade,E10 拿掉成交结构（6通道）,20260801,0.07822673422673423,0.027769347769347776,0.050457386457386455
2024-09-26,179,3,E10,e10_remove_trade,E10 拿掉成交结构（6通道）,20260801,-0.05525659925659926,-0.06252206652206652,0.007265467265467257
2024-09-27,180,3,E10,e10_remove_trade,E10 拿掉成交结构（6通道）,20260801,0.10126339726339725,0.11740528540528541,-0.01614188814188816
2024-09-30,181,4,E10,e10_remove_trade,E10 拿掉成交结构（6通道）,20260801,-0.039999304598392633,-0.12648606513966187,0.08648676054126925
2024-10-08,182,4,E10,e10_remove_trade,E10 拿掉成交结构（6通道）,20260801,0.05871728906959281,0.02504894519923887,0.03366834387035394
2024-10-09,183,4,E10,e10_remove_trade,E10 拿掉成交结构（6通道）,20260801,0.058385556137122846,0.05120483274097774,0.007180723396145103
2024-10-10,184,4,E10,e10_remove_trade,E10 拿掉成交结构（6通道）,20260801,-0.011746487781727245,0.024428274501559325,-0.036174762283286574
2024-10-11,185,4,E10,e10_remove_trade,E10 拿掉成交结构（6通道）,20260801,0.04176475201534053,0.05289728321466692,-0.01113253119932639
2024-10-14,186,4,E10,e10_remove_trade,E10 拿掉成交结构（6通道）,20260801,-0.012760968760968763,-0.007548583548583549,-0.005212385212385214
2024-10-15,187,4,E10,e10_remove_trade,E10 拿掉成交结构（6通道）,20260801,-0.007634143657046089,-0.005293529309409897,-0.002340614347636192
2024-10-16,188,4,E10,e10_remove_trade,E10 拿掉成交结构（6通道）,20260801,0.0964470430257253,0.07423901668445079,0.0222080263412745
2024-10-17,189,4,E10,e10_remove_trade,E10 拿掉成交结构（6通道）,20260801,0.0385127853304206,0.04285706548231598,-0.004344280151895377
2024-10-18,190,4,E10,e10_remove_trade,E10 拿掉成交结构（6通道）,20260801,-0.0389210706540246,-0.033928767910735,-0.0049923027432896006
2024-10-21,191,4,E10,e10_remove_trade,E10 拿掉成交结构（6通道）,20260801,0.03794288254160061,0.03874794813498895,-0.0008050655933883391
2024-10-22,192,4,E10,e10_remove_trade,E10 拿掉成交结构（6通道）,20260801,0.03383545586475682,0.025546879256193648,0.008288576608563174
2024-10-23,193,4,E10,e10_remove_trade,E10 拿掉成交结构（6通道）,20260801,0.1007460073229023,0.08367405143287383,0.017071955890028467
2024-10-24,194,4,E10,e10_remove_trade,E10 拿掉成交结构（6通道）,20260801,-0.01866249295803774,0.003360608918696093,-0.02202310187673383
2024-10-25,195,4,E10,e10_remove_trade,E10 拿掉成交结构（6通道）,20260801,0.04127909738107632,0.06900167648953101,-0.027722579108454694
2024-10-28,196,4,E10,e10_remove_trade,E10 拿掉成交结构（6通道）,20260801,0.08061736082509399,0.038204191591114635,0.04241316923397936
2024-10-29,197,4,E10,e10_remove_trade,E10 拿掉成交结构（6通道）,20260801,0.030532309864695066,0.0006857983751929327,0.029846511489502132
2024-10-30,198,4,E10,e10_remove_trade,E10 拿掉成交结构（6通道）,20260801,-0.01163787936425343,0.009953298393659313,-0.021591177757912743
2024-10-31,199,4,E10,e10_remove_trade,E10 拿掉成交结构（6通道）,20260801,0.05478453035069857,0.016655021855452777,0.038129508495245795
2024-11-01,200,4,E10,e10_remove_trade,E10 拿掉成交结构（6通道）,20260801,0.0008406848768598413,0.026960798708761148,-0.026120113831901305
2024-11-04,201,4,E10,e10_remove_trade,E10 拿掉成交结构（6通道）,20260801,0.03579057004612135,0.01878410215687444,0.01700646788924691
2024-11-05,202,4,E10,e10_remove_trade,E10 拿掉成交结构（6通道）,20260801,0.0165192056714391,-0.01439183684036347,0.030911042511802572
2024-11-06,203,4,E10,e10_remove_trade,E10 拿掉成交结构（6通道）,20260801,0.12339332573838714,0.06989526738542874,0.0534980583529584
2024-11-07,204,4,E10,e10_remove_trade,E10 拿掉成交结构（6通道）,20260801,0.1250183117945021,0.06874375094309194,0.05627456085141015
2024-11-08,205,4,E10,e10_remove_trade,E10 拿掉成交结构（6通道）,20260801,-0.005981017371679149,-0.013059286377609385,0.007078269005930235
2024-11-11,206,4,E10,e10_remove_trade,E10 拿掉成交结构（6通道）,20260801,0.04061108250411664,0.07828116530809114,-0.0376700828039745
2024-11-12,207,4,E10,e10_remove_trade,E10 拿掉成交结构（6通道）,20260801,0.13494282204125804,0.06612470637216274,0.0688181156690953
2024-11-13,208,4,E10,e10_remove_trade,E10 拿掉成交结构（6通道）,20260801,0.12185131297562679,0.1132023482219293,0.008648964753697488
2024-11-14,209,4,E10,e10_remove_trade,E10 拿掉成交结构（6通道）,20260801,-0.0380682811643027,-0.022046659576483517,-0.016021621587819182
2024-11-15,210,4,E10,e10_remove_trade,E10 拿掉成交结构（6通道）,20260801,0.13979846822714037,0.15674980037176395,-0.016951332144623577
2024-11-18,211,4,E10,e10_remove_trade,E10 拿掉成交结构（6通道）,20260801,-0.014523244774974844,-0.03634075981597284,0.021817515040997992
2024-11-19,212,4,E10,e10_remove_trade,E10 拿掉成交结构（6通道）,20260801,-0.007798213821608464,-0.02938678747494784,0.021588573653339375
2024-11-20,213,4,E10,e10_remove_trade,E10 拿掉成交结构（6通道）,20260801,0.1032373123397946,0.057058783302888036,0.04617852903690657
2024-11-21,214,4,E10,e10_remove_trade,E10 拿掉成交结构（6通道）,20260801,0.0004019704043822269,0.009996466056444853,-0.009594495652062626
2024-11-22,215,4,E10,e10_remove_trade,E10 拿掉成交结构（6通道）,20260801,0.08437514538764715,0.1273794329079861,-0.04300428752033894
2024-11-25,216,4,E10,e10_remove_trade,E10 拿掉成交结构（6通道）,20260801,0.1384368329727012,0.08039763483938694,0.05803919813331426
2024-11-26,217,4,E10,e10_remove_trade,E10 拿掉成交结构（6通道）,20260801,-0.036637593725815557,-0.021772163075533424,-0.014865430650282133
2024-11-27,218,4,E10,e10_remove_trade,E10 拿掉成交结构（6通道）,20260801,0.04413536245084091,0.04767216014168184,-0.0035367976908409274
2024-11-28,219,4,E10,e10_remove_trade,E10 拿掉成交结构（6通道）,20260801,0.08413914664398153,0.021873910005153464,0.06226523663882807
2024-11-29,220,4,E10,e10_remove_trade,E10 拿掉成交结构（6通道）,20260801,0.04407743739976054,0.0057851819587374205,0.03829225544102312
2024-12-02,221,4,E10,e10_remove_trade,E10 拿掉成交结构（6通道）,20260801,0.03555937473920267,0.060937996512033035,-0.025378621772830366
2024-12-03,222,4,E10,e10_remove_trade,E10 拿掉成交结构（6通道）,20260801,0.016476003255471945,0.026514603098263832,-0.010038599842791887
2024-12-04,223,4,E10,e10_remove_trade,E10 拿掉成交结构（6通道）,20260801,0.04984981743900443,0.013268696224042387,0.03658112121496204
2024-12-05,224,4,E10,e10_remove_trade,E10 拿掉成交结构（6通道）,20260801,0.19447107847107847,0.18438707238707241,0.010084006084006059
2024-12-06,225,4,E10,e10_remove_trade,E10 拿掉成交结构（6通道）,20260801,-0.030730806730806734,0.01713947313947314,-0.04787027987027988
2024-12-09,226,4,E10,e10_remove_trade,E10 拿掉成交结构（6通道）,20260801,0.047304407304407305,0.013526593526593527,0.033777813777813775
2024-12-10,227,4,E10,e10_remove_trade,E10 拿掉成交结构（6通道）,20260801,-0.0010517350548902601,0.018198690253286326,-0.019250425308176587
2024-12-11,228,4,E10,e10_remove_trade,E10 拿掉成交结构（6通道）,20260801,0.037939097870685494,0.033549646242029364,0.00438945162865613
2024-12-12,229,4,E10,e10_remove_trade,E10 拿掉成交结构（6通道）,20260801,-0.0052378418789728615,-0.018682319437770167,0.013444477558797305
2024-12-13,230,4,E10,e10_remove_trade,E10 拿掉成交结构（6通道）,20260801,0.13995607922093042,0.10085367111298615,0.03910240810794427
2024-12-16,231,4,E10,e10_remove_trade,E10 拿掉成交结构（6通道）,20260801,0.0725755717524053,0.07694156170552847,-0.004365989953123178
2024-12-17,232,4,E10,e10_remove_trade,E10 拿掉成交结构（6通道）,20260801,-0.006245846430484793,0.008233568918354145,-0.014479415348838938
2024-12-18,233,4,E10,e10_remove_trade,E10 拿掉成交结构（6通道）,20260801,0.016211625657296377,-0.011222540725488447,0.027434166382784824
2024-12-19,234,4,E10,e10_remove_trade,E10 拿掉成交结构（6通道）,20260801,-0.0699373165001869,-0.03972116687557214,-0.030216149624614767
2024-12-20,235,4,E10,e10_remove_trade,E10 拿掉成交结构（6通道）,20260801,0.013903724356060677,0.03762896725524378,-0.0237252428991831
2024-12-23,236,4,E10,e10_remove_trade,E10 拿掉成交结构（6通道）,20260801,-0.01929863706908025,-0.015131119529128219,-0.00416751753995203
2024-12-24,237,4,E10,e10_remove_trade,E10 拿掉成交结构（6通道）,20260801,0.04966995262515398,0.06244293451419464,-0.012772981889040656
2024-12-25,238,4,E10,e10_remove_trade,E10 拿掉成交结构（6通道）,20260801,-0.08385769812772557,-0.05990125842586294,-0.023956439701862633
2024-12-26,239,4,E10,e10_remove_trade,E10 拿掉成交结构（6通道）,20260801,0.15693177801304709,0.12401417051458047,0.03291760749846662
2024-12-27,240,4,E10,e10_remove_trade,E10 拿掉成交结构（6通道）,20260801,0.04306808689862159,0.05774567966714237,-0.014677592768520778
2024-01-02,1,1,E10,e10_remove_trade,E10 拿掉成交结构（6通道）,20260812,0.03921237621538497,0.04555091959336375,-0.006338543377978782
2024-01-03,2,1,E10,e10_remove_trade,E10 拿掉成交结构（6通道）,20260812,0.059839500639173364,0.03950501218548508,0.020334488453688286
2024-01-04,3,1,E10,e10_remove_trade,E10 拿掉成交结构（6通道）,20260812,0.04326919223073046,0.036393413024042906,0.0068757792066875545
2024-01-05,4,1,E10,e10_remove_trade,E10 拿掉成交结构（6通道）,20260812,0.06702756489045973,0.10226873065511827,-0.035241165764658536
2024-01-08,5,1,E10,e10_remove_trade,E10 拿掉成交结构（6通道）,20260812,0.01657592461876746,0.055178065034805115,-0.038602140416037656
2024-01-09,6,1,E10,e10_remove_trade,E10 拿掉成交结构（6通道）,20260812,-0.0026269248209412916,0.02475076303922234,-0.027377687860163633
2024-01-10,7,1,E10,e10_remove_trade,E10 拿掉成交结构（6通道）,20260812,-0.008727304773895115,-0.009463762701273882,0.0007364579273787669
2024-01-11,8,1,E10,e10_remove_trade,E10 拿掉成交结构（6通道）,20260812,0.057164975172638084,0.04774895153267916,0.009416023639958922
2024-01-12,9,1,E10,e10_remove_trade,E10 拿掉成交结构（6通道）,20260812,0.050746304818873225,0.052723942298132404,-0.0019776374792591783
2024-01-15,10,1,E10,e10_remove_trade,E10 拿掉成交结构（6通道）,20260812,0.020487090509954738,0.017335291074853945,0.0031517994351007925
2024-01-16,11,1,E10,e10_remove_trade,E10 拿掉成交结构（6通道）,20260812,-0.002790879055408113,0.014409118537375048,-0.01719999759278316
2024-01-17,12,1,E10,e10_remove_trade,E10 拿掉成交结构（6通道）,20260812,-0.014319976784547838,-0.03539031161801521,0.02107033483346737
2024-01-18,13,1,E10,e10_remove_trade,E10 拿掉成交结构（6通道）,20260812,0.08409150460374916,0.022152396860652544,0.06193910774309662
2024-01-19,14,1,E10,e10_remove_trade,E10 拿掉成交结构（6通道）,20260812,0.003951639013763262,0.016556909615025844,-0.012605270601262583
2024-01-22,15,1,E10,e10_remove_trade,E10 拿掉成交结构（6通道）,20260812,0.021745100136385385,0.046315628950327516,-0.02457052881394213
2024-01-23,16,1,E10,e10_remove_trade,E10 拿掉成交结构（6通道）,20260812,0.03220251934621506,-0.016289034623535568,0.048491553969750634
2024-01-24,17,1,E10,e10_remove_trade,E10 拿掉成交结构（6通道）,20260812,0.05482862499311087,0.048034752178856444,0.006793872814254427
2024-01-25,18,1,E10,e10_remove_trade,E10 拿掉成交结构（6通道）,20260812,0.09475238843753192,0.09258091413576916,0.0021714743017627602
2024-01-26,19,1,E10,e10_remove_trade,E10 拿掉成交结构（6通道）,20260812,0.05034029034029034,0.05953353553353554,-0.0091932451932452
2024-01-29,20,1,E10,e10_remove_trade,E10 拿掉成交结构（6通道）,20260812,0.03254986454986455,0.012057900057900058,0.02049196449196449
2024-01-30,21,1,E10,e10_remove_trade,E10 拿掉成交结构（6通道）,20260812,0.04598514998514999,0.03642616842616843,0.009558981558981564
2024-01-31,22,1,E10,e10_remove_trade,E10 拿掉成交结构（6通道）,20260812,0.023158949224543663,0.06187284665044345,-0.038713897425899785
2024-02-01,23,1,E10,e10_remove_trade,E10 拿掉成交结构（6通道）,20260812,-0.007579098136212363,-0.008746417760445815,0.0011673196242334523
2024-02-02,24,1,E10,e10_remove_trade,E10 拿掉成交结构（6通道）,20260812,0.016063598668809086,0.0013915879807663374,0.014672010688042749
2024-02-05,25,1,E10,e10_remove_trade,E10 拿掉成交结构（6通道）,20260812,0.0808563220691669,0.18422284898619173,-0.10336652691702483
2024-02-06,26,1,E10,e10_remove_trade,E10 拿掉成交结构（6通道）,20260812,0.0006322746341714581,-0.003296259306148084,0.003928533940319542
2024-02-07,27,1,E10,e10_remove_trade,E10 拿掉成交结构（6通道）,20260812,0.0493918573918574,0.027502623502623506,0.021889233889233892
2024-02-08,28,1,E10,e10_remove_trade,E10 拿掉成交结构（6通道）,20260812,-0.06777446699440742,-0.06278894791914899,-0.004985519075258432
2024-02-19,29,1,E10,e10_remove_trade,E10 拿掉成交结构（6通道）,20260812,0.01314224593078071,0.024207121659549004,-0.011064875728768294
2024-02-20,30,1,E10,e10_remove_trade,E10 拿掉成交结构（6通道）,20260812,0.01486851309154079,0.021053709369515013,-0.006185196277974222
2024-02-21,31,1,E10,e10_remove_trade,E10 拿掉成交结构（6通道）,20260812,-0.0026159739344251295,-0.010150335266105528,0.007534361331680398
2024-02-22,32,1,E10,e10_remove_trade,E10 拿掉成交结构（6通道）,20260812,0.06369311773058932,0.057627899662325996,0.006065218068263323
2024-02-23,33,1,E10,e10_remove_trade,E10 拿掉成交结构（6通道）,20260812,0.09469904707480742,0.08813470212760481,0.006564344947202608
2024-02-26,34,1,E10,e10_remove_trade,E10 拿掉成交结构（6通道）,20260812,0.04319000544914549,0.05255631487165276,-0.009366309422507269
2024-02-27,35,1,E10,e10_remove_trade,E10 拿掉成交结构（6通道）,20260812,0.024526884526884528,0.02307617907617908,0.0014507054507054487
2024-02-28,36,1,E10,e10_remove_trade,E10 拿掉成交结构（6通道）,20260812,0.03189995609135583,0.0352780014896695,-0.00337804539831367
2024-02-29,37,1,E10,e10_remove_trade,E10 拿掉成交结构（6通道）,20260812,0.08534144310351387,0.05736004198685456,0.02798140111665931
2024-03-01,38,1,E10,e10_remove_trade,E10 拿掉成交结构（6通道）,20260812,0.011143823143823145,0.019035619035619036,-0.00789179589179589
2024-03-04,39,1,E10,e10_remove_trade,E10 拿掉成交结构（6通道）,20260812,0.09864530427855527,0.07532391161834312,0.023321392660212145
2024-03-05,40,1,E10,e10_remove_trade,E10 拿掉成交结构（6通道）,20260812,0.09281216913674141,0.02838884518697287,0.06442332394976855
2024-03-06,41,1,E10,e10_remove_trade,E10 拿掉成交结构（6通道）,20260812,0.03230650124903696,0.02122324018381323,0.01108326106522373
2024-03-07,42,1,E10,e10_remove_trade,E10 拿掉成交结构（6通道）,20260812,0.09461578668603622,0.05673141567936829,0.03788437100666793
2024-03-08,43,1,E10,e10_remove_trade,E10 拿掉成交结构（6通道）,20260812,0.08247615395415388,0.10362393541384,-0.021147781459686127
2024-03-11,44,1,E10,e10_remove_trade,E10 拿掉成交结构（6通道）,20260812,0.03953444823850124,0.053237720100769256,-0.013703271862268017
2024-03-12,45,1,E10,e10_remove_trade,E10 拿掉成交结构（6通道）,20260812,0.053819118759654144,0.03950168869900387,0.014317430060650276
2024-03-13,46,1,E10,e10_remove_trade,E10 拿掉成交结构（6通道）,20260812,0.08111696481341818,0.03502050280255525,0.046096462010862926
2024-03-14,47,1,E10,e10_remove_trade,E10 拿掉成交结构（6通道）,20260812,0.032722010846336136,0.029410077441464923,0.0033119334048712125
2024-03-15,48,1,E10,e10_remove_trade,E10 拿掉成交结构（6通道）,20260812,0.05473360861597459,0.06469659059752153,-0.009962981981546944
2024-03-18,49,1,E10,e10_remove_trade,E10 拿掉成交结构（6通道）,20260812,0.1158270125513228,0.07298275998502868,0.04284425256629412
2024-03-19,50,1,E10,e10_remove_trade,E10 拿掉成交结构（6通道）,20260812,0.013845804954907925,0.004076969581371635,0.00976883537353629
2024-03-20,51,1,E10,e10_remove_trade,E10 拿掉成交结构（6通道）,20260812,0.029589805385391812,0.011795965687469372,0.01779383969792244
2024-03-21,52,1,E10,e10_remove_trade,E10 拿掉成交结构（6通道）,20260812,-0.01303977703977704,-0.011137379137379139,-0.0019023979023979013
2024-03-22,53,1,E10,e10_remove_trade,E10 拿掉成交结构（6通道）,20260812,0.06695172409283573,0.053597660128508466,0.013354063964327263
2024-03-25,54,1,E10,e10_remove_trade,E10 拿掉成交结构（6通道）,20260812,-0.026343327620368086,0.005907626885071585,-0.032250954505439675
2024-03-26,55,1,E10,e10_remove_trade,E10 拿掉成交结构（6通道）,20260812,0.039129711247100386,0.07412264034500828,-0.03499292909790789
2024-03-27,56,1,E10,e10_remove_trade,E10 拿掉成交结构（6通道）,20260812,0.016429808668699853,-0.03438792726001364,0.0508177359287135
2024-03-28,57,1,E10,e10_remove_trade,E10 拿掉成交结构（6通道）,20260812,0.08487176767253606,0.06231136036763529,0.022560407304900762
2024-03-29,58,1,E10,e10_remove_trade,E10 拿掉成交结构（6通道）,20260812,0.11502327226973867,0.06227389219714753,0.05274938007259114
2024-04-01,59,1,E10,e10_remove_trade,E10 拿掉成交结构（6通道）,20260812,0.07972982834065026,0.0608303894000718,0.01889943894057846
2024-04-02,60,1,E10,e10_remove_trade,E10 拿掉成交结构（6通道）,20260812,-0.021911520373128594,0.010571141548097272,-0.03248266192122587
2024-04-03,61,2,E10,e10_remove_trade,E10 拿掉成交结构（6通道）,20260812,0.01914420809355689,0.07063029626909847,-0.05148608817554158
2024-04-08,62,2,E10,e10_remove_trade,E10 拿掉成交结构（6通道）,20260812,0.06916361365350379,0.08662808974670104,-0.017464476093197248
2024-04-09,63,2,E10,e10_remove_trade,E10 拿掉成交结构（6通道）,20260812,0.023145635215072125,-0.0016773196823516414,0.024822954897423765
2024-04-10,64,2,E10,e10_remove_trade,E10 拿掉成交结构（6通道）,20260812,0.034323665456346436,-0.008091122358129402,0.042414787814475836
2024-04-11,65,2,E10,e10_remove_trade,E10 拿掉成交结构（6通道）,20260812,0.1126618194215288,0.059789823377212885,0.05287199604431591
2024-04-12,66,2,E10,e10_remove_trade,E10 拿掉成交结构（6通道）,20260812,0.0037055257166422936,-0.02475180082605623,0.028457326542698523
2024-04-15,67,2,E10,e10_remove_trade,E10 拿掉成交结构（6通道）,20260812,-0.00827018027018027,-0.0003999963999964,-0.00787018387018387
2024-04-16,68,2,E10,e10_remove_trade,E10 拿掉成交结构（6通道）,20260812,-0.06606257406257406,-0.034795726795726796,-0.03126684726684726
2024-04-17,69,2,E10,e10_remove_trade,E10 拿掉成交结构（6通道）,20260812,0.0125968150503004,-0.0008598008907537234,0.013456615941054123
2024-04-18,70,2,E10,e10_remove_trade,E10 拿掉成交结构（6通道）,20260812,-0.015595969526154344,-0.04024539238723254,0.0246494228610782
2024-04-19,71,2,E10,e10_remove_trade,E10 拿掉成交结构（6通道）,20260812,0.09312851071622152,0.06973219391612569,0.023396316800095837
2024-04-22,72,2,E10,e10_remove_trade,E10 拿掉成交结构（6通道）,20260812,0.07775954242511511,0.07781701048603126,-5.7468060916152086e-05
2024-04-23,73,2,E10,e10_remove_trade,E10 拿掉成交结构（6通道）,20260812,0.10055126001645004,0.09091800308458725,0.009633256931862788
2024-04-24,74,2,E10,e10_remove_trade,E10 拿掉成交结构（6通道）,20260812,-0.0019160423582193402,-0.011033713436996663,0.009117671078777322
2024-04-25,75,2,E10,e10_remove_trade,E10 拿掉成交结构（6通道）,20260812,0.04434348741217242,0.02968888490985845,0.014654602502313971
2024-04-26,76,2,E10,e10_remove_trade,E10 拿掉成交结构（6通道）,20260812,0.02354845127725978,0.05984662958424277,-0.036298178306982995
2024-04-29,77,2,E10,e10_remove_trade,E10 拿掉成交结构（6通道）,20260812,0.09269172828147526,0.04372863852547019,0.04896308975600507
2024-04-30,78,2,E10,e10_remove_trade,E10 拿掉成交结构（6通道）,20260812,-0.013164395373707704,-0.028155177157935644,0.01499078178422794
2024-05-06,79,2,E10,e10_remove_trade,E10 拿掉成交结构（6通道）,20260812,0.06156916004194355,0.01136694700569493,0.050202213036248625
2024-05-07,80,2,E10,e10_remove_trade,E10 拿掉成交结构（6通道）,20260812,0.012129995763689528,0.012514572726578,-0.00038457696288847314
2024-05-08,81,2,E10,e10_remove_trade,E10 拿掉成交结构（6通道）,20260812,0.016469323129558355,0.03174669478143491,-0.015277371651876554
2024-05-09,82,2,E10,e10_remove_trade,E10 拿掉成交结构（6通道）,20260812,0.04954265346961375,0.051518749830215996,-0.001976096360602246
2024-05-10,83,2,E10,e10_remove_trade,E10 拿掉成交结构（6通道）,20260812,0.06915005436605076,0.08512694579199657,-0.015976891425945813
2024-05-13,84,2,E10,e10_remove_trade,E10 拿掉成交结构（6通道）,20260812,0.060478978463078086,0.024821105867190184,0.0356578725958879
2024-05-14,85,2,E10,e10_remove_trade,E10 拿掉成交结构（6通道）,20260812,0.11947300520876815,0.1124158904855553,0.007057114723212854
2024-05-15,86,2,E10,e10_remove_trade,E10 拿掉成交结构（6通道）,20260812,0.003088640271692064,0.031263156288553265,-0.0281745160168612
2024-05-16,87,2,E10,e10_remove_trade,E10 拿掉成交结构（6通道）,20260812,0.040337765360799006,0.023240574077034247,0.01709719128376476
2024-05-17,88,2,E10,e10_remove_trade,E10 拿掉成交结构（6通道）,20260812,2.0927336202231617e-05,0.01791503720010578,-0.017894109863903548
2024-05-20,89,2,E10,e10_remove_trade,E10 拿掉成交结构（6通道）,20260812,0.06013156479656538,0.0714536943210101,-0.011322129524444724
2024-05-21,90,2,E10,e10_remove_trade,E10 拿掉成交结构（6通道）,20260812,0.10056046762317532,0.03433100099238852,0.0662294666307868
2024-05-22,91,2,E10,e10_remove_trade,E10 拿掉成交结构（6通道）,20260812,0.06320443384072098,0.041556278345824954,0.02164815549489603
2024-05-23,92,2,E10,e10_remove_trade,E10 拿掉成交结构（6通道）,20260812,0.11862380060972767,0.06464721714495873,0.05397658346476894
2024-05-24,93,2,E10,e10_remove_trade,E10 拿掉成交结构（6通道）,20260812,0.05428354933792816,0.0846006056919008,-0.030317056353972638
2024-05-27,94,2,E10,e10_remove_trade,E10 拿掉成交结构（6通道）,20260812,0.04244786912726049,0.017952117276912906,0.024495751850347587
2024-05-28,95,2,E10,e10_remove_trade,E10 拿掉成交结构（6通道）,20260812,0.01713064295819619,0.008387647143376755,0.008742995814819436
2024-05-29,96,2,E10,e10_remove_trade,E10 拿掉成交结构（6通道）,20260812,0.08321942306734996,0.0821456758541212,0.001073747213228754
2024-05-30,97,2,E10,e10_remove_trade,E10 拿掉成交结构（6通道）,20260812,0.10523765704778822,0.028090881164371834,0.07714677588341638
2024-05-31,98,2,E10,e10_remove_trade,E10 拿掉成交结构（6通道）,20260812,0.007861500574107333,-0.020202410356841585,0.02806391093094892
2024-06-03,99,2,E10,e10_remove_trade,E10 拿掉成交结构（6通道）,20260812,-0.0029094310890332713,-0.037946985096519,0.035037554007485726
2024-06-04,100,2,E10,e10_remove_trade,E10 拿掉成交结构（6通道）,20260812,0.0036542076856616165,0.008333046062820364,-0.004678838377158747
2024-06-05,101,2,E10,e10_remove_trade,E10 拿掉成交结构（6通道）,20260812,0.02624916045822677,-0.033921681254327304,0.060170841712554074
2024-06-06,102,2,E10,e10_remove_trade,E10 拿掉成交结构（6通道）,20260812,0.10769826114767693,0.06850197979553706,0.03919628135213987
2024-06-07,103,2,E10,e10_remove_trade,E10 拿掉成交结构（6通道）,20260812,-0.017566061882388236,-0.035585740494422216,0.01801967861203398
2024-06-11,104,2,E10,e10_remove_trade,E10 拿掉成交结构（6通道）,20260812,0.024482200781954268,-0.021070733760167954,0.045552934542122225
2024-06-12,105,2,E10,e10_remove_trade,E10 拿掉成交结构（6通道）,20260812,0.0952015622814183,0.057652479766446135,0.03754908251497216
2024-06-13,106,2,E10,e10_remove_trade,E10 拿掉成交结构（6通道）,20260812,0.03395019090024041,0.021147261197785712,0.012802929702454696
2024-06-14,107,2,E10,e10_remove_trade,E10 拿掉成交结构（6通道）,20260812,0.053949124034135224,0.07381108804926426,-0.019861964015129033
2024-06-17,108,2,E10,e10_remove_trade,E10 拿掉成交结构（6通道）,20260812,0.006658539974493707,-0.020424252595532922,0.027082792570026628
2024-06-18,109,2,E10,e10_remove_trade,E10 拿掉成交结构（6通道）,20260812,0.03476021286449351,-0.0036347496456538954,0.03839496251014741
2024-06-19,110,2,E10,e10_remove_trade,E10 拿掉成交结构（6通道）,20260812,0.09413523441764013,0.07988481212446656,0.014250422293173567
2024-06-20,111,2,E10,e10_remove_trade,E10 拿掉成交结构（6通道）,20260812,0.021305941513699876,-0.00860933973032024,0.02991528124402012
2024-06-21,112,2,E10,e10_remove_trade,E10 拿掉成交结构（6通道）,20260812,0.007414576901550849,0.04377130236448873,-0.03635672546293788
2024-06-24,113,2,E10,e10_remove_trade,E10 拿掉成交结构（6通道）,20260812,0.02620236938502134,0.027450926878769797,-0.0012485574937484561
2024-06-25,114,2,E10,e10_remove_trade,E10 拿掉成交结构（6通道）,20260812,0.06089479878945518,0.006158443030681311,0.05473635575877387
2024-06-26,115,2,E10,e10_remove_trade,E10 拿掉成交结构（6通道）,20260812,0.001314141816879131,0.021598735332507887,-0.020284593515628755
2024-06-27,116,2,E10,e10_remove_trade,E10 拿掉成交结构（6通道）,20260812,0.006672376247812148,0.015280745899027719,-0.00860836965121557
2024-06-28,117,2,E10,e10_remove_trade,E10 拿掉成交结构（6通道）,20260812,0.039791966701876895,0.033480892454091436,0.006311074247785459
2024-07-01,118,2,E10,e10_remove_trade,E10 拿掉成交结构（6通道）,20260812,0.006751957625902725,0.0663120484350893,-0.059560090809186575
2024-07-02,119,2,E10,e10_remove_trade,E10 拿掉成交结构（6通道）,20260812,0.05285922298945027,0.05825621609767463,-0.005396993108224363
2024-07-03,120,2,E10,e10_remove_trade,E10 拿掉成交结构（6通道）,20260812,0.024530285944443155,-0.0014295016545373127,0.025959787598980467
2024-07-04,121,3,E10,e10_remove_trade,E10 拿掉成交结构（6通道）,20260812,0.04151777901306956,0.027313378555762758,0.014204400457306799
2024-07-05,122,3,E10,e10_remove_trade,E10 拿掉成交结构（6通道）,20260812,0.02751801500899697,-0.009813681416887828,0.0373316964258848
2024-07-08,123,3,E10,e10_remove_trade,E10 拿掉成交结构（6通道）,20260812,-0.022769190305766972,-0.01845952588010286,-0.004309664425664113
2024-07-09,124,3,E10,e10_remove_trade,E10 拿掉成交结构（6通道）,20260812,-0.04857886343257084,-0.03735960810509908,-0.011219255327471762
2024-07-10,125,3,E10,e10_remove_trade,E10 拿掉成交结构（6通道）,20260812,0.07966393133404102,0.07049417407165713,0.009169757262383893
2024-07-11,126,3,E10,e10_remove_trade,E10 拿掉成交结构（6通道）,20260812,-0.002438781885123338,0.03404798768929891,-0.03648676957442225
2024-07-12,127,3,E10,e10_remove_trade,E10 拿掉成交结构（6通道）,20260812,0.03189580553875357,0.035845531052828304,-0.003949725514074735
2024-07-15,128,3,E10,e10_remove_trade,E10 拿掉成交结构（6通道）,20260812,-0.009778173701196822,0.005299409448280722,-0.015077583149477543
2024-07-16,129,3,E10,e10_remove_trade,E10 拿掉成交结构（6通道）,20260812,0.0602540195101173,0.04939883637990235,0.010855183130214954
2024-07-17,130,3,E10,e10_remove_trade,E10 拿掉成交结构（6通道）,20260812,0.043132371667139194,0.05034193908576026,-0.007209567418621068
2024-07-18,131,3,E10,e10_remove_trade,E10 拿掉成交结构（6通道）,20260812,0.02736464114275493,0.036481353230531026,-0.009116712087776094
2024-07-19,132,3,E10,e10_remove_trade,E10 拿掉成交结构（6通道）,20260812,0.02948691985498893,0.012402755216807436,0.017084164638181493
2024-07-22,133,3,E10,e10_remove_trade,E10 拿掉成交结构（6通道）,20260812,-0.015782223535930263,0.010918075599425644,-0.026700299135355907
2024-07-23,134,3,E10,e10_remove_trade,E10 拿掉成交结构（6通道）,20260812,0.0446726513128202,0.02048519218472779,0.02418745912809241
2024-07-24,135,3,E10,e10_remove_trade,E10 拿掉成交结构（6通道）,20260812,0.006587420555765034,0.07805873159794514,-0.07147131104218012
2024-07-25,136,3,E10,e10_remove_trade,E10 拿掉成交结构（6通道）,20260812,0.0636210999125561,0.00921621205991867,0.05440488785263743
2024-07-26,137,3,E10,e10_remove_trade,E10 拿掉成交结构（6通道）,20260812,0.047925708989671835,0.09829569236653585,-0.05036998337686401
2024-07-29,138,3,E10,e10_remove_trade,E10 拿掉成交结构（6通道）,20260812,0.02729294564447321,0.036078144050401266,-0.008785198405928056
2024-07-30,139,3,E10,e10_remove_trade,E10 拿掉成交结构（6通道）,20260812,0.05729282850738181,0.002423453768273373,0.05486937473910843
2024-07-31,140,3,E10,e10_remove_trade,E10 拿掉成交结构（6通道）,20260812,0.09839001488445738,0.03683517795936201,0.06155483692509537
2024-08-01,141,3,E10,e10_remove_trade,E10 拿掉成交结构（6通道）,20260812,0.030497429882767234,0.04517266026185935,-0.014675230379092116
2024-08-02,142,3,E10,e10_remove_trade,E10 拿掉成交结构（6通道）,20260812,0.0377251826949085,0.029655133883190972,0.00807004881171753
2024-08-05,143,3,E10,e10_remove_trade,E10 拿掉成交结构（6通道）,20260812,0.011592846323935342,0.03703546178882146,-0.025442615464886117
2024-08-06,144,3,E10,e10_remove_trade,E10 拿掉成交结构（6通道）,20260812,0.04791655594801228,-0.01964796628868795,0.06756452223670023
2024-08-07,145,3,E10,e10_remove_trade,E10 拿掉成交结构（6通道）,20260812,0.03864380467364176,0.0776565509473811,-0.03901274627373934
2024-08-08,146,3,E10,e10_remove_trade,E10 拿掉成交结构（6通道）,20260812,0.12693630839045664,0.0896934934290516,0.03724281496140504
2024-08-09,147,3,E10,e10_remove_trade,E10 拿掉成交结构（6通道）,20260812,0.010642943365625296,0.04015515168393097,-0.02951220831830567
2024-08-12,148,3,E10,e10_remove_trade,E10 拿掉成交结构（6通道）,20260812,0.08419826079216734,0.0909810360745817,-0.0067827752824143606
2024-08-13,149,3,E10,e10_remove_trade,E10 拿掉成交结构（6通道）,20260812,0.057625103612815726,0.021106757818116894,0.03651834579469883
2024-08-14,150,3,E10,e10_remove_trade,E10 拿掉成交结构（6通道）,20260812,0.010744299829917795,0.013401951573493455,-0.00265765174357566
2024-08-15,151,3,E10,e10_remove_trade,E10 拿掉成交结构（6通道）,20260812,0.014781883683727338,0.024137009360861012,-0.009355125677133674
2024-08-16,152,3,E10,e10_remove_trade,E10 拿掉成交结构（6通道）,20260812,0.07682085049911572,0.04655375603179262,0.030267094467323098
2024-08-19,153,3,E10,e10_remove_trade,E10 拿掉成交结构（6通道）,20260812,0.0661273239154806,0.06231713896958223,0.0038101849458983678
2024-08-20,154,3,E10,e10_remove_trade,E10 拿掉成交结构（6通道）,20260812,0.05282524109595216,-0.0013018778930687501,0.05412711898902091
2024-08-21,155,3,E10,e10_remove_trade,E10 拿掉成交结构（6通道）,20260812,0.06642673927798586,0.051635794701404246,0.01479094457658161
2024-08-22,156,3,E10,e10_remove_trade,E10 拿掉成交结构（6通道）,20260812,-0.02027415251747196,-0.024841948908084912,0.004567796390612951
2024-08-23,157,3,E10,e10_remove_trade,E10 拿掉成交结构（6通道）,20260812,0.04472783273897413,0.07882390233571264,-0.03409606959673851
2024-08-26,158,3,E10,e10_remove_trade,E10 拿掉成交结构（6通道）,20260812,0.04733718728983542,0.0072704844919259885,0.040066702797909436
2024-08-27,159,3,E10,e10_remove_trade,E10 拿掉成交结构（6通道）,20260812,0.009072778079856502,-0.01995935217484039,0.029032130254696892
2024-08-28,160,3,E10,e10_remove_trade,E10 拿掉成交结构（6通道）,20260812,0.015997163052975848,0.010869053586411147,0.0051281094665647006
2024-08-29,161,3,E10,e10_remove_trade,E10 拿掉成交结构（6通道）,20260812,-0.004131406143800363,-0.006153402171862379,0.002021996028062016
2024-08-30,162,3,E10,e10_remove_trade,E10 拿掉成交结构（6通道）,20260812,-0.0066465190453102,0.03380531983363909,-0.04045183887894929
2024-09-02,163,3,E10,e10_remove_trade,E10 拿掉成交结构（6通道）,20260812,0.03273422771625457,0.020328320938170576,0.01240590677808399
2024-09-03,164,3,E10,e10_remove_trade,E10 拿掉成交结构（6通道）,20260812,-0.07557582264663397,-0.04556668879962475,-0.03000913384700922
2024-09-04,165,3,E10,e10_remove_trade,E10 拿掉成交结构（6通道）,20260812,0.07734696604194023,0.04082574752996555,0.03652121851197468
2024-09-05,166,3,E10,e10_remove_trade,E10 拿掉成交结构（6通道）,20260812,0.009104409104409105,0.009097077097077097,7.332007332008783e-06
2024-09-06,167,3,E10,e10_remove_trade,E10 拿掉成交结构（6通道）,20260812,-0.014770509532235283,0.04471110534151705,-0.059481614873752336
2024-09-09,168,3,E10,e10_remove_trade,E10 拿掉成交结构（6通道）,20260812,0.06771163522762716,0.05541538956649814,0.012296245661129017
2024-09-10,169,3,E10,e10_remove_trade,E10 拿掉成交结构（6通道）,20260812,-0.030543207496330667,-0.012289224447018245,-0.018253983049312424
2024-09-11,170,3,E10,e10_remove_trade,E10 拿掉成交结构（6通道）,20260812,0.058754842967374654,0.017463605194177972,0.04129123777319668
2024-09-12,171,3,E10,e10_remove_trade,E10 拿掉成交结构（6通道）,20260812,0.03397637521146654,0.007473626380305754,0.02650274883116079
2024-09-13,172,3,E10,e10_remove_trade,E10 拿掉成交结构（6通道）,20260812,0.03906919023035028,0.06297978435197063,-0.023910594121620353
2024-09-18,173,3,E10,e10_remove_trade,E10 拿掉成交结构（6通道）,20260812,0.10422249147852115,0.0376504737167251,0.06657201776179605
2024-09-19,174,3,E10,e10_remove_trade,E10 拿掉成交结构（6通道）,20260812,0.06475516939178297,0.028599595013794533,0.036155574377988435
2024-09-20,175,3,E10,e10_remove_trade,E10 拿掉成交结构（6通道）,20260812,-0.009619473792624324,-0.028013896518146657,0.018394422725522334
2024-09-23,176,3,E10,e10_remove_trade,E10 拿掉成交结构（6通道）,20260812,0.048031500031500036,0.021435489435489438,0.0265960105960106
2024-09-24,177,3,E10,e10_remove_trade,E10 拿掉成交结构（6通道）,20260812,0.0978859090710382,0.08210438200872955,0.015781527062308648
2024-09-25,178,3,E10,e10_remove_trade,E10 拿掉成交结构（6通道）,20260812,0.053582789582789586,0.02943896943896944,0.024143820143820147
2024-09-26,179,3,E10,e10_remove_trade,E10 拿掉成交结构（6通道）,20260812,-0.06145891345891345,-0.055251163251163256,-0.006207750207750197
2024-09-27,180,3,E10,e10_remove_trade,E10 拿掉成交结构（6通道）,20260812,0.09243356043356044,0.11982075582075583,-0.02738719538719539
2024-09-30,181,4,E10,e10_remove_trade,E10 拿掉成交结构（6通道）,20260812,0.027071476024066017,-0.10947177090084016,0.1365432469249062
2024-10-08,182,4,E10,e10_remove_trade,E10 拿掉成交结构（6通道）,20260812,0.17114408817095272,0.017223875327218578,0.15392021284373414
2024-10-09,183,4,E10,e10_remove_trade,E10 拿掉成交结构（6通道）,20260812,0.07321896941553853,0.037328600448458475,0.035890368967080054
2024-10-10,184,4,E10,e10_remove_trade,E10 拿掉成交结构（6通道）,20260812,-0.008362238387325102,0.007238461260176643,-0.015600699647501746
2024-10-11,185,4,E10,e10_remove_trade,E10 拿掉成交结构（6通道）,20260812,0.050759289063844804,0.08703158155377105,-0.03627229248992625
2024-10-14,186,4,E10,e10_remove_trade,E10 拿掉成交结构（6通道）,20260812,-0.013770217770217773,0.015872031872031872,-0.029642249642249645
2024-10-15,187,4,E10,e10_remove_trade,E10 拿掉成交结构（6通道）,20260812,-0.02910433119164419,-0.010561612593297432,-0.01854271859834676
2024-10-16,188,4,E10,e10_remove_trade,E10 拿掉成交结构（6通道）,20260812,0.07781659828349788,0.0674799678848477,0.010336630398650182
2024-10-17,189,4,E10,e10_remove_trade,E10 拿掉成交结构（6通道）,20260812,0.01568889129610572,0.062296930196729786,-0.046608038900624066
2024-10-18,190,4,E10,e10_remove_trade,E10 拿掉成交结构（6通道）,20260812,-0.040796563673776945,-0.003636347426550049,-0.037160216247226895
2024-10-21,191,4,E10,e10_remove_trade,E10 拿掉成交结构（6通道）,20260812,0.021249659678038327,0.010115931008811028,0.0111337286692273
2024-10-22,192,4,E10,e10_remove_trade,E10 拿掉成交结构（6通道）,20260812,0.0075082532213646335,0.03230218303397563,-0.024793929812611
2024-10-23,193,4,E10,e10_remove_trade,E10 拿掉成交结构（6通道）,20260812,0.08630956784109155,0.06212725521398401,0.024182312627107537
2024-10-24,194,4,E10,e10_remove_trade,E10 拿掉成交结构（6通道）,20260812,-0.04484720701728388,-0.019789418191015887,-0.025057788826267996
2024-10-25,195,4,E10,e10_remove_trade,E10 拿掉成交结构（6通道）,20260812,0.021508869068537724,0.03639746920743015,-0.014888600138892427
2024-10-28,196,4,E10,e10_remove_trade,E10 拿掉成交结构（6通道）,20260812,0.07479476921915938,0.023151637574161128,0.05164313164499826
2024-10-29,197,4,E10,e10_remove_trade,E10 拿掉成交结构（6通道）,20260812,0.03535979788703217,-0.012514648834076467,0.04787444672110863
2024-10-30,198,4,E10,e10_remove_trade,E10 拿掉成交结构（6通道）,20260812,-0.0042697737131962964,-0.013260764839973484,0.008990991126777188
2024-10-31,199,4,E10,e10_remove_trade,E10 拿掉成交结构（6通道）,20260812,0.06573420153059392,0.03777358944780606,0.027960612082787863
2024-11-01,200,4,E10,e10_remove_trade,E10 拿掉成交结构（6通道）,20260812,0.010344809248797616,0.014675373073493871,-0.004330563824696255
2024-11-04,201,4,E10,e10_remove_trade,E10 拿掉成交结构（6通道）,20260812,0.031619197659354656,0.021739805893152345,0.009879391766202311
2024-11-05,202,4,E10,e10_remove_trade,E10 拿掉成交结构（6通道）,20260812,0.007263613848712464,0.007567491776356024,-0.00030387792764355933
2024-11-06,203,4,E10,e10_remove_trade,E10 拿掉成交结构（6通道）,20260812,0.084457571153758,0.05815434489496505,0.02630322625879295
2024-11-07,204,4,E10,e10_remove_trade,E10 拿掉成交结构（6通道）,20260812,0.10113556380182924,0.0724725648430984,0.02866299895873084
2024-11-08,205,4,E10,e10_remove_trade,E10 拿掉成交结构（6通道）,20260812,0.0026976768642287103,-0.004589624070924294,0.007287300935153004
2024-11-11,206,4,E10,e10_remove_trade,E10 拿掉成交结构（6通道）,20260812,0.034942147148229394,0.08341713270930443,-0.04847498556107503
2024-11-12,207,4,E10,e10_remove_trade,E10 拿掉成交结构（6通道）,20260812,0.1201259653081502,0.04718043785169063,0.07294552745645957
2024-11-13,208,4,E10,e10_remove_trade,E10 拿掉成交结构（6通道）,20260812,0.13996053733764158,0.11094213578250706,0.02901840155513452
2024-11-14,209,4,E10,e10_remove_trade,E10 拿掉成交结构（6通道）,20260812,-0.024676888030475845,-0.016222703870818554,-0.00845418415965729
2024-11-15,210,4,E10,e10_remove_trade,E10 拿掉成交结构（6通道）,20260812,0.13008366321256223,0.13890490331685865,-0.008821240104296413
2024-11-18,211,4,E10,e10_remove_trade,E10 拿掉成交结构（6通道）,20260812,-0.010876648256733576,-0.02690567337019789,0.016029025113464317
2024-11-19,212,4,E10,e10_remove_trade,E10 拿掉成交结构（6通道）,20260812,-0.01847268052809857,-0.04451753065108324,0.026044850122984672
2024-11-20,213,4,E10,e10_remove_trade,E10 拿掉成交结构（6通道）,20260812,0.09693135691239047,0.06867971467618186,0.0282516422362086
2024-11-21,214,4,E10,e10_remove_trade,E10 拿掉成交结构（6通道）,20260812,-0.005271971303603132,0.0018369498479715472,-0.007108921151574679
2024-11-22,215,4,E10,e10_remove_trade,E10 拿掉成交结构（6通道）,20260812,0.08700460004865526,0.10301778825400172,-0.01601318820534646
2024-11-25,216,4,E10,e10_remove_trade,E10 拿掉成交结构（6通道）,20260812,0.13041277810612054,0.07601934600137775,0.05439343210474279
2024-11-26,217,4,E10,e10_remove_trade,E10 拿掉成交结构（6通道）,20260812,-0.018996166621508277,0.022164744035607212,-0.04116091065711549
2024-11-27,218,4,E10,e10_remove_trade,E10 拿掉成交结构（6通道）,20260812,0.03549521036767959,0.0024778508570437708,0.033017359510635814
2024-11-28,219,4,E10,e10_remove_trade,E10 拿掉成交结构（6通道）,20260812,0.06561312600680476,0.034956341166079215,0.030656784840725544
2024-11-29,220,4,E10,e10_remove_trade,E10 拿掉成交结构（6通道）,20260812,0.033143572137879315,0.020716557338054067,0.012427014799825248
2024-12-02,221,4,E10,e10_remove_trade,E10 拿掉成交结构（6通道）,20260812,0.038910251018128915,0.05233334486290047,-0.013423093844771555
2024-12-03,222,4,E10,e10_remove_trade,E10 拿掉成交结构（6通道）,20260812,0.02585835967259877,0.03279452638363245,-0.00693616671103368
2024-12-04,223,4,E10,e10_remove_trade,E10 拿掉成交结构（6通道）,20260812,0.024451370211868932,0.006393342853663555,0.018058027358205376
2024-12-05,224,4,E10,e10_remove_trade,E10 拿掉成交结构（6通道）,20260812,0.18247226647226647,0.17713486513486515,0.005337401337401321
2024-12-06,225,4,E10,e10_remove_trade,E10 拿掉成交结构（6通道）,20260812,-0.029016377016377014,0.009671133671133673,-0.03868751068751069
2024-12-09,226,4,E10,e10_remove_trade,E10 拿掉成交结构（6通道）,20260812,0.04035052035052036,0.004757596757596758,0.0355929235929236
2024-12-10,227,4,E10,e10_remove_trade,E10 拿掉成交结构（6通道）,20260812,-0.0041955402081268285,-0.009482211510658147,0.005286671302531318
2024-12-11,228,4,E10,e10_remove_trade,E10 拿掉成交结构（6通道）,20260812,0.030226158385553793,0.03998487112344654,-0.00975871273789275
2024-12-12,229,4,E10,e10_remove_trade,E10 拿掉成交结构（6通道）,20260812,-0.014473746323447093,-0.02735318614530465,0.012879439821857555
2024-12-13,230,4,E10,e10_remove_trade,E10 拿掉成交结构（6通道）,20260812,0.14363077509594366,0.11826521958084403,0.025365555515099628
2024-12-16,231,4,E10,e10_remove_trade,E10 拿掉成交结构（6通道）,20260812,0.06590219685005476,0.09670151021499118,-0.030799313364936423
2024-12-17,232,4,E10,e10_remove_trade,E10 拿掉成交结构（6通道）,20260812,-0.01177400059553265,-0.021127553105698003,0.009353552510165352
2024-12-18,233,4,E10,e10_remove_trade,E10 拿掉成交结构（6通道）,20260812,0.034546709258441055,0.02119039480518197,0.013356314453259084
2024-12-19,234,4,E10,e10_remove_trade,E10 拿掉成交结构（6通道）,20260812,-0.030037304646712063,-0.004964504100216399,-0.025072800546495664
2024-12-20,235,4,E10,e10_remove_trade,E10 拿掉成交结构（6通道）,20260812,0.032032657840242125,0.053456370754100195,-0.02142371291385807
2024-12-23,236,4,E10,e10_remove_trade,E10 拿掉成交结构（6通道）,20260812,-0.00037134244829754187,-0.008927027655016701,0.00855568520671916
2024-12-24,237,4,E10,e10_remove_trade,E10 拿掉成交结构（6通道）,20260812,0.04562600991935731,0.06102494938805399,-0.015398939468696679
2024-12-25,238,4,E10,e10_remove_trade,E10 拿掉成交结构（6通道）,20260812,-0.08403254727220652,-0.07091127535656408,-0.01312127191564244
2024-12-26,239,4,E10,e10_remove_trade,E10 拿掉成交结构（6通道）,20260812,0.12748858197685198,0.09816598822884735,0.029322593748004624
2024-12-27,240,4,E10,e10_remove_trade,E10 拿掉成交结构（6通道）,20260812,0.07471943886695961,0.0984890236814914,-0.023769584814531786
2024-01-02,1,1,E10,e10_remove_trade,E10 拿掉成交结构（6通道）,20260823,0.04850785668144289,0.05659639340797838,-0.008088536726535492
2024-01-03,2,1,E10,e10_remove_trade,E10 拿掉成交结构（6通道）,20260823,0.052235645131125226,0.033767140100714015,0.01846850503041121
2024-01-04,3,1,E10,e10_remove_trade,E10 拿掉成交结构（6通道）,20260823,0.07166066745725753,0.04672588444335247,0.024934783013905067
2024-01-05,4,1,E10,e10_remove_trade,E10 拿掉成交结构（6通道）,20260823,0.044443820574748015,0.09207618940325034,-0.047632368828502324
2024-01-08,5,1,E10,e10_remove_trade,E10 拿掉成交结构（6通道）,20260823,0.03781255992010828,0.039943847118877315,-0.0021312871987690385
2024-01-09,6,1,E10,e10_remove_trade,E10 拿掉成交结构（6通道）,20260823,0.007993354032099463,0.027426807144090893,-0.01943345311199143
2024-01-10,7,1,E10,e10_remove_trade,E10 拿掉成交结构（6通道）,20260823,0.007887787872000626,-0.010971872067445603,0.01885965993944623
2024-01-11,8,1,E10,e10_remove_trade,E10 拿掉成交结构（6通道）,20260823,0.07271597302971858,0.05044436105776488,0.022271611971953695
2024-01-12,9,1,E10,e10_remove_trade,E10 拿掉成交结构（6通道）,20260823,0.03004850735786587,0.05345597713182103,-0.023407469773955157
2024-01-15,10,1,E10,e10_remove_trade,E10 拿掉成交结构（6通道）,20260823,0.0036890060385161446,-0.01380549235707978,0.017494498395595925
2024-01-16,11,1,E10,e10_remove_trade,E10 拿掉成交结构（6通道）,20260823,0.024468516612805184,0.03812628259522047,-0.013657765982415283
2024-01-17,12,1,E10,e10_remove_trade,E10 拿掉成交结构（6通道）,20260823,-0.01301091334444506,-0.048102326667201455,0.03509141332275639
2024-01-18,13,1,E10,e10_remove_trade,E10 拿掉成交结构（6通道）,20260823,0.0719486800443023,0.07212512910209926,-0.00017644905779695685
2024-01-19,14,1,E10,e10_remove_trade,E10 拿掉成交结构（6通道）,20260823,0.0166278864034375,-0.009697087869432557,0.026324974272870057
2024-01-22,15,1,E10,e10_remove_trade,E10 拿掉成交结构（6通道）,20260823,0.03569726292972225,0.032800351947142814,0.002896910982579437
2024-01-23,16,1,E10,e10_remove_trade,E10 拿掉成交结构（6通道）,20260823,0.027400825840274094,0.029655497359015306,-0.002254671518741213
2024-01-24,17,1,E10,e10_remove_trade,E10 拿掉成交结构（6通道）,20260823,0.06890798711471108,0.07200316221917172,-0.00309517510446064
2024-01-25,18,1,E10,e10_remove_trade,E10 拿掉成交结构（6通道）,20260823,0.07850633921671972,0.12175961706519431,-0.04325327784847459
2024-01-26,19,1,E10,e10_remove_trade,E10 拿掉成交结构（6通道）,20260823,0.06336177936177938,0.06052616452616453,0.0028356148356148483
2024-01-29,20,1,E10,e10_remove_trade,E10 拿掉成交结构（6通道）,20260823,0.05272319272319273,0.039032751032751035,0.013690441690441695
2024-01-30,21,1,E10,e10_remove_trade,E10 拿掉成交结构（6通道）,20260823,0.04284423084423084,0.025014097014097018,0.017830133830133824
2024-01-31,22,1,E10,e10_remove_trade,E10 拿掉成交结构（6通道）,20260823,0.015778512453691544,0.06494419063184,-0.04916567817814845
2024-02-01,23,1,E10,e10_remove_trade,E10 拿掉成交结构（6通道）,20260823,0.0010852937105442113,-0.004328151799093682,0.005413445509637894
2024-02-02,24,1,E10,e10_remove_trade,E10 拿掉成交结构（6通道）,20260823,0.030329969247804914,0.003956128473162541,0.026373840774642374
2024-02-05,25,1,E10,e10_remove_trade,E10 拿掉成交结构（6通道）,20260823,0.1179716697412448,0.16245959689649087,-0.04448792715524606
2024-02-06,26,1,E10,e10_remove_trade,E10 拿掉成交结构（6通道）,20260823,0.02831988440484406,0.020833904896406612,0.007485979508437449
2024-02-07,27,1,E10,e10_remove_trade,E10 拿掉成交结构（6通道）,20260823,0.0606927606927607,0.04462061662061662,0.01607214407214408
2024-02-08,28,1,E10,e10_remove_trade,E10 拿掉成交结构（6通道）,20260823,-0.052718249667178176,-0.03584886049413999,-0.016869389173038186
2024-02-19,29,1,E10,e10_remove_trade,E10 拿掉成交结构（6通道）,20260823,0.04170191620403125,0.01360351441972531,0.028098401784305938
2024-02-20,30,1,E10,e10_remove_trade,E10 拿掉成交结构（6通道）,20260823,0.005857853945721755,0.02582431421167893,-0.019966460265957175
2024-02-21,31,1,E10,e10_remove_trade,E10 拿掉成交结构（6通道）,20260823,0.01128998898014486,0.006152595253504042,0.005137393726640818
2024-02-22,32,1,E10,e10_remove_trade,E10 拿掉成交结构（6通道）,20260823,0.06390502608235721,0.06824351328424692,-0.004338487201889715
2024-02-23,33,1,E10,e10_remove_trade,E10 拿掉成交结构（6通道）,20260823,0.1115952321043087,0.11663160296888254,-0.005036370864573841
2024-02-26,34,1,E10,e10_remove_trade,E10 拿掉成交结构（6通道）,20260823,0.043327033586995786,0.05056821887162819,-0.007241185284632405
2024-02-27,35,1,E10,e10_remove_trade,E10 拿掉成交结构（6通道）,20260823,0.01132826332826333,0.03713412113412114,-0.025805857805857806
2024-02-28,36,1,E10,e10_remove_trade,E10 拿掉成交结构（6通道）,20260823,0.025137325288149243,0.00871678476908548,0.01642054051906376
2024-02-29,37,1,E10,e10_remove_trade,E10 拿掉成交结构（6通道）,20260823,0.0978801328395699,0.0642679766563128,0.033612156183257094
2024-03-01,38,1,E10,e10_remove_trade,E10 拿掉成交结构（6通道）,20260823,-0.00879023679023679,0.01673790473790474,-0.025528141528141528
2024-03-04,39,1,E10,e10_remove_trade,E10 拿掉成交结构（6通道）,20260823,0.08848901590184075,0.08317414293631477,0.005314872965525977
2024-03-05,40,1,E10,e10_remove_trade,E10 拿掉成交结构（6通道）,20260823,0.113980084514072,0.06296254460163726,0.05101753991243474
2024-03-06,41,1,E10,e10_remove_trade,E10 拿掉成交结构（6通道）,20260823,0.030829158454699013,0.04203692124404016,-0.011207762789341148
2024-03-07,42,1,E10,e10_remove_trade,E10 拿掉成交结构（6通道）,20260823,0.09796382729818155,0.05339019224723463,0.04457363505094692
2024-03-08,43,1,E10,e10_remove_trade,E10 拿掉成交结构（6通道）,20260823,0.07859268143879267,0.12983620186571512,-0.051243520426922456
2024-03-11,44,1,E10,e10_remove_trade,E10 拿掉成交结构（6通道）,20260823,0.010572589286975187,0.06970701720374738,-0.05913442791677219
2024-03-12,45,1,E10,e10_remove_trade,E10 拿掉成交结构（6通道）,20260823,0.07888849295514745,0.02235059082619651,0.05653790212895094
2024-03-13,46,1,E10,e10_remove_trade,E10 拿掉成交结构（6通道）,20260823,0.07208128537379577,0.05479753212609918,0.017283753247696584
2024-03-14,47,1,E10,e10_remove_trade,E10 拿掉成交结构（6通道）,20260823,0.031017839623422024,0.016271685636283926,0.014746153987138098
2024-03-15,48,1,E10,e10_remove_trade,E10 拿掉成交结构（6通道）,20260823,0.03662849446740808,0.053341038998762344,-0.016712544531354262
2024-03-18,49,1,E10,e10_remove_trade,E10 拿掉成交结构（6通道）,20260823,0.09632079115544465,0.03659192514403589,0.059728866011408754
2024-03-19,50,1,E10,e10_remove_trade,E10 拿掉成交结构（6通道）,20260823,0.048297234118916794,0.011827642192042966,0.03646959192687383
2024-03-20,51,1,E10,e10_remove_trade,E10 拿掉成交结构（6通道）,20260823,0.037252304174104,0.037683854894362254,-0.00043155072025825164
2024-03-21,52,1,E10,e10_remove_trade,E10 拿掉成交结构（6通道）,20260823,0.000651996651996652,-0.026356442356442356,0.02700843900843901
2024-03-22,53,1,E10,e10_remove_trade,E10 拿掉成交结构（6通道）,20260823,0.06461747460313245,0.06669014170177003,-0.0020726670986375706
2024-03-25,54,1,E10,e10_remove_trade,E10 拿掉成交结构（6通道）,20260823,-0.02492458948658575,0.012611412967566703,-0.03753600245415245
2024-03-26,55,1,E10,e10_remove_trade,E10 拿掉成交结构（6通道）,20260823,0.034281724384569556,0.05776947394278237,-0.02348774955821281
2024-03-27,56,1,E10,e10_remove_trade,E10 拿掉成交结构（6通道）,20260823,0.01823593094080173,-0.036474879885400116,0.05471081082620184
2024-03-28,57,1,E10,e10_remove_trade,E10 拿掉成交结构（6通道）,20260823,0.07436635082044044,0.04655049608666249,0.027815854733777942
2024-03-29,58,1,E10,e10_remove_trade,E10 拿掉成交结构（6通道）,20260823,0.12112495475582716,0.06254192448206586,0.0585830302737613
2024-04-01,59,1,E10,e10_remove_trade,E10 拿掉成交结构（6通道）,20260823,0.09640708681905275,0.054063575902442415,0.04234351091661033
2024-04-02,60,1,E10,e10_remove_trade,E10 拿掉成交结构（6通道）,20260823,-0.011529871139588603,0.024859001265947516,-0.03638887240553612
2024-04-03,61,2,E10,e10_remove_trade,E10 拿掉成交结构（6通道）,20260823,0.03409574847250742,0.06843774928065678,-0.034342000808149364
2024-04-08,62,2,E10,e10_remove_trade,E10 拿掉成交结构（6通道）,20260823,0.08146755640038848,0.07290290152740603,0.008564654872982455
2024-04-09,63,2,E10,e10_remove_trade,E10 拿掉成交结构（6通道）,20260823,0.045912112049848394,0.0050245310396046326,0.04088758101024376
2024-04-10,64,2,E10,e10_remove_trade,E10 拿掉成交结构（6通道）,20260823,0.02054541922341807,0.0032184033246106364,0.017327015898807436
2024-04-11,65,2,E10,e10_remove_trade,E10 拿掉成交结构（6通道）,20260823,0.1235916110071079,0.046278613055329924,0.07731299795177798
2024-04-12,66,2,E10,e10_remove_trade,E10 拿掉成交结构（6通道）,20260823,0.017240009291729322,-0.02792101600477905,0.04516102529650837
2024-04-15,67,2,E10,e10_remove_trade,E10 拿掉成交结构（6通道）,20260823,0.028336252336252338,0.012534492534492533,0.015801759801759803
2024-04-16,68,2,E10,e10_remove_trade,E10 拿掉成交结构（6通道）,20260823,-0.05806777006777007,-0.0020640860640860643,-0.05600368400368401
2024-04-17,69,2,E10,e10_remove_trade,E10 拿掉成交结构（6通道）,20260823,0.020367969101216004,-0.039445834865884946,0.059813803967100954
2024-04-18,70,2,E10,e10_remove_trade,E10 拿掉成交结构（6通道）,20260823,-0.024305652430677616,-0.038115305720363965,0.01380965328968635
2024-04-19,71,2,E10,e10_remove_trade,E10 拿掉成交结构（6通道）,20260823,0.06895390909114377,0.06665864265816134,0.002295266432982432
2024-04-22,72,2,E10,e10_remove_trade,E10 拿掉成交结构（6通道）,20260823,0.0953692490914042,0.06909945724542481,0.0262697918459794
2024-04-23,73,2,E10,e10_remove_trade,E10 拿掉成交结构（6通道）,20260823,0.09732040710524721,0.06607349097646928,0.031246916128777932
2024-04-24,74,2,E10,e10_remove_trade,E10 拿掉成交结构（6通道）,20260823,0.015857776136162835,0.009762010830616551,0.006095765305546284
2024-04-25,75,2,E10,e10_remove_trade,E10 拿掉成交结构（6通道）,20260823,0.03746361581992724,0.041222688931345966,-0.003759073111418723
2024-04-26,76,2,E10,e10_remove_trade,E10 拿掉成交结构（6通道）,20260823,0.024112513068795048,0.07619571493477868,-0.052083201865983635
2024-04-29,77,2,E10,e10_remove_trade,E10 拿掉成交结构（6通道）,20260823,0.1081171406173312,0.055946992063305175,0.052170148554026026
2024-04-30,78,2,E10,e10_remove_trade,E10 拿掉成交结构（6通道）,20260823,0.0077856111160042405,-0.009679405649444018,0.01746501676544826
2024-05-06,79,2,E10,e10_remove_trade,E10 拿掉成交结构（6通道）,20260823,0.0794880233634923,-0.012016739248536008,0.0915047626120283
2024-05-07,80,2,E10,e10_remove_trade,E10 拿掉成交结构（6通道）,20260823,0.02462535288181574,0.024278111852167134,0.0003472410296486081
2024-05-08,81,2,E10,e10_remove_trade,E10 拿掉成交结构（6通道）,20260823,0.03198239741935762,0.020778855132359945,0.011203542286997676
2024-05-09,82,2,E10,e10_remove_trade,E10 拿掉成交结构（6通道）,20260823,0.05123833313760655,0.06541888660707465,-0.014180553469468102
2024-05-10,83,2,E10,e10_remove_trade,E10 拿掉成交结构（6通道）,20260823,0.05859816927776049,0.07781323129508802,-0.019215062017327533
2024-05-13,84,2,E10,e10_remove_trade,E10 拿掉成交结构（6通道）,20260823,0.05772544468264788,0.03817847372705834,0.019546970955589542
2024-05-14,85,2,E10,e10_remove_trade,E10 拿掉成交结构（6通道）,20260823,0.13134115579897357,0.09752246261655541,0.03381869318241816
2024-05-15,86,2,E10,e10_remove_trade,E10 拿掉成交结构（6通道）,20260823,0.013938191080289587,0.030772842243201592,-0.016834651162912006
2024-05-16,87,2,E10,e10_remove_trade,E10 拿掉成交结构（6通道）,20260823,0.05055990185895209,0.0147176079305071,0.035842293928444985
2024-05-17,88,2,E10,e10_remove_trade,E10 拿掉成交结构（6通道）,20260823,-0.018663411297892073,-0.008462780557515998,-0.010200630740376075
2024-05-20,89,2,E10,e10_remove_trade,E10 拿掉成交结构（6通道）,20260823,0.05794271754082212,0.04761315461086437,0.01032956292995775
2024-05-21,90,2,E10,e10_remove_trade,E10 拿掉成交结构（6通道）,20260823,0.08699042922841772,0.05838163084143544,0.028608798386982284
2024-05-22,91,2,E10,e10_remove_trade,E10 拿掉成交结构（6通道）,20260823,0.045471550390142904,0.04251964653811596,0.002951903852026941
2024-05-23,92,2,E10,e10_remove_trade,E10 拿掉成交结构（6通道）,20260823,0.10478434847909748,0.08834350109234293,0.016440847386754553
2024-05-24,93,2,E10,e10_remove_trade,E10 拿掉成交结构（6通道）,20260823,0.06988727424141232,0.06524680985074122,0.0046404643906711035
2024-05-27,94,2,E10,e10_remove_trade,E10 拿掉成交结构（6通道）,20260823,0.053559367155663444,0.012385729546225585,0.04117363760943786
2024-05-28,95,2,E10,e10_remove_trade,E10 拿掉成交结构（6通道）,20260823,0.01854588076194089,0.020090491558296956,-0.0015446107963560662
2024-05-29,96,2,E10,e10_remove_trade,E10 拿掉成交结构（6通道）,20260823,0.04996199154823234,0.06898257541136528,-0.01902058386313294
2024-05-30,97,2,E10,e10_remove_trade,E10 拿掉成交结构（6通道）,20260823,0.0958672996806341,0.04624213522257318,0.049625164458060915
2024-05-31,98,2,E10,e10_remove_trade,E10 拿掉成交结构（6通道）,20260823,0.016318920110455035,-0.07883393088507429,0.09515285099552932
2024-06-03,99,2,E10,e10_remove_trade,E10 拿掉成交结构（6通道）,20260823,-0.014711531924502612,-0.025360401859446505,0.010648869934943893
2024-06-04,100,2,E10,e10_remove_trade,E10 拿掉成交结构（6通道）,20260823,0.0149481369934297,0.014181014563718846,0.000767122429710854
2024-06-05,101,2,E10,e10_remove_trade,E10 拿掉成交结构（6通道）,20260823,0.055382538521649004,-0.05347682921143877,0.10885936773308777
2024-06-06,102,2,E10,e10_remove_trade,E10 拿掉成交结构（6通道）,20260823,0.10502148186031254,0.08717053214761324,0.017850949712699307
2024-06-07,103,2,E10,e10_remove_trade,E10 拿掉成交结构（6通道）,20260823,-0.010034315939603564,-0.040753440064188934,0.03071912412458537
2024-06-11,104,2,E10,e10_remove_trade,E10 拿掉成交结构（6通道）,20260823,0.020808667960344404,0.010078227570821567,0.010730440389522837
2024-06-12,105,2,E10,e10_remove_trade,E10 拿掉成交结构（6通道）,20260823,0.09758868502579467,0.059425804305132564,0.0381628807206621
2024-06-13,106,2,E10,e10_remove_trade,E10 拿掉成交结构（6通道）,20260823,0.013052024666335593,0.07251586086359435,-0.05946383619725876
2024-06-14,107,2,E10,e10_remove_trade,E10 拿掉成交结构（6通道）,20260823,0.04682612272006519,0.07230858311030382,-0.025482460390238625
2024-06-17,108,2,E10,e10_remove_trade,E10 拿掉成交结构（6通道）,20260823,0.018724660049543075,0.009063007576386473,0.009661652473156602
2024-06-18,109,2,E10,e10_remove_trade,E10 拿掉成交结构（6通道）,20260823,0.06045482463618912,0.04170004182514195,0.01875478281104717
2024-06-19,110,2,E10,e10_remove_trade,E10 拿掉成交结构（6通道）,20260823,0.09268676096482126,0.0583234004983707,0.034363360466450554
2024-06-20,111,2,E10,e10_remove_trade,E10 拿掉成交结构（6通道）,20260823,0.02688904225269028,-0.005012686575724199,0.03190172882841448
2024-06-21,112,2,E10,e10_remove_trade,E10 拿掉成交结构（6通道）,20260823,0.006369892939031214,0.01940888383373353,-0.013038990894702314
2024-06-24,113,2,E10,e10_remove_trade,E10 拿掉成交结构（6通道）,20260823,0.02360949528729337,0.049247336071615,-0.02563784078432163
2024-06-25,114,2,E10,e10_remove_trade,E10 拿掉成交结构（6通道）,20260823,0.06292848779519546,0.04111914532102988,0.021809342474165577
2024-06-26,115,2,E10,e10_remove_trade,E10 拿掉成交结构（6通道）,20260823,-0.00946743350766749,0.03702303160409454,-0.04649046511176203
2024-06-27,116,2,E10,e10_remove_trade,E10 拿掉成交结构（6通道）,20260823,0.034073870258461716,0.0009853166384591527,0.03308855362000256
2024-06-28,117,2,E10,e10_remove_trade,E10 拿掉成交结构（6通道）,20260823,0.039746614724812786,0.04153438292047093,-0.0017877681956581445
2024-07-01,118,2,E10,e10_remove_trade,E10 拿掉成交结构（6通道）,20260823,0.004331702382510817,0.08980003562273042,-0.0854683332402196
2024-07-02,119,2,E10,e10_remove_trade,E10 拿掉成交结构（6通道）,20260823,0.020739903778050444,0.057656638461393274,-0.03691673468334283
2024-07-03,120,2,E10,e10_remove_trade,E10 拿掉成交结构（6通道）,20260823,0.0325640231367481,-0.007881089553768737,0.04044511269051684
2024-07-04,121,3,E10,e10_remove_trade,E10 拿掉成交结构（6通道）,20260823,0.04346631322134786,0.025403763035752897,0.018062550185594967
2024-07-05,122,3,E10,e10_remove_trade,E10 拿掉成交结构（6通道）,20260823,0.014098888467625942,0.001136134130122106,0.012962754337503836
2024-07-08,123,3,E10,e10_remove_trade,E10 拿掉成交结构（6通道）,20260823,-0.008145107128913769,-0.01663648036778037,0.008491373238866602
2024-07-09,124,3,E10,e10_remove_trade,E10 拿掉成交结构（6通道）,20260823,-0.04810144011747217,-0.050213869179801036,0.0021124290623288633
2024-07-10,125,3,E10,e10_remove_trade,E10 拿掉成交结构（6通道）,20260823,0.06740301867650085,0.0667298946263661,0.0006731240501347546
2024-07-11,126,3,E10,e10_remove_trade,E10 拿掉成交结构（6通道）,20260823,-0.014111029278763948,0.0524580241266546,-0.06656905340541855
2024-07-12,127,3,E10,e10_remove_trade,E10 拿掉成交结构（6通道）,20260823,0.04437633491465431,0.03110203777537289,0.013274297139281417
2024-07-15,128,3,E10,e10_remove_trade,E10 拿掉成交结构（6通道）,20260823,0.0007269622309734273,-0.017509446546128182,0.018236408777101608
2024-07-16,129,3,E10,e10_remove_trade,E10 拿掉成交结构（6通道）,20260823,0.03945834781369333,0.059215360460702034,-0.0197570126470087
2024-07-17,130,3,E10,e10_remove_trade,E10 拿掉成交结构（6通道）,20260823,0.02024646578871216,0.05640764973687494,-0.036161183948162784
2024-07-18,131,3,E10,e10_remove_trade,E10 拿掉成交结构（6通道）,20260823,0.032494931886182965,0.023911363150616274,0.00858356873556669
2024-07-19,132,3,E10,e10_remove_trade,E10 拿掉成交结构（6通道）,20260823,0.049598839898598875,0.016739705195223258,0.03285913470337562
2024-07-22,133,3,E10,e10_remove_trade,E10 拿掉成交结构（6通道）,20260823,-0.024861023503921813,0.050191719932532304,-0.07505274343645411
2024-07-23,134,3,E10,e10_remove_trade,E10 拿掉成交结构（6通道）,20260823,0.02829967727660377,0.018608045921971513,0.009691631354632257
2024-07-24,135,3,E10,e10_remove_trade,E10 拿掉成交结构（6通道）,20260823,0.0011594118042515507,0.08788212061150154,-0.08672270880724998
2024-07-25,136,3,E10,e10_remove_trade,E10 拿掉成交结构（6通道）,20260823,0.0849902139209967,0.03398171107932488,0.05100850284167183
2024-07-26,137,3,E10,e10_remove_trade,E10 拿掉成交结构（6通道）,20260823,0.02231564526169694,0.12227537867833353,-0.0999597334166366
2024-07-29,138,3,E10,e10_remove_trade,E10 拿掉成交结构（6通道）,20260823,0.005419054316326229,0.0767819701493508,-0.07136291583302456
2024-07-30,139,3,E10,e10_remove_trade,E10 拿掉成交结构（6通道）,20260823,0.04413057688970632,-0.024100193858508794,0.06823077074821511
2024-07-31,140,3,E10,e10_remove_trade,E10 拿掉成交结构（6通道）,20260823,0.08201745236487441,0.08945871165446104,-0.007441259289586624
2024-08-01,141,3,E10,e10_remove_trade,E10 拿掉成交结构（6通道）,20260823,0.025914784327942284,0.05434233470842953,-0.028427550380487245
2024-08-02,142,3,E10,e10_remove_trade,E10 拿掉成交结构（6通道）,20260823,0.031214971907053222,0.027051165811217852,0.00416380609583537
2024-08-05,143,3,E10,e10_remove_trade,E10 拿掉成交结构（6通道）,20260823,0.03552904036759669,0.042644276251262166,-0.007115235883665479
2024-08-06,144,3,E10,e10_remove_trade,E10 拿掉成交结构（6通道）,20260823,0.04925818464158269,-0.02620015006761519,0.07545833470919788
2024-08-07,145,3,E10,e10_remove_trade,E10 拿掉成交结构（6通道）,20260823,0.028639011728578738,0.07066443097304391,-0.04202541924446517
2024-08-08,146,3,E10,e10_remove_trade,E10 拿掉成交结构（6通道）,20260823,0.11814359558897698,0.10705890126441424,0.011084694324562744
2024-08-09,147,3,E10,e10_remove_trade,E10 拿掉成交结构（6通道）,20260823,0.03193545779187105,0.0671088524326317,-0.035173394640760657
2024-08-12,148,3,E10,e10_remove_trade,E10 拿掉成交结构（6通道）,20260823,0.08001414535914579,0.1003402581684396,-0.020326112809293806
2024-08-13,149,3,E10,e10_remove_trade,E10 拿掉成交结构（6通道）,20260823,0.06371803776744502,0.058455853186345004,0.0052621845811000115
2024-08-14,150,3,E10,e10_remove_trade,E10 拿掉成交结构（6通道）,20260823,0.020735116688501695,0.027248756835694946,-0.006513640147193252
2024-08-15,151,3,E10,e10_remove_trade,E10 拿掉成交结构（6通道）,20260823,0.0255551490969489,0.009659897415721309,0.01589525168122759
2024-08-16,152,3,E10,e10_remove_trade,E10 拿掉成交结构（6通道）,20260823,0.0750260111129519,0.04536805700375326,0.029657954109198643
2024-08-19,153,3,E10,e10_remove_trade,E10 拿掉成交结构（6通道）,20260823,0.06021597567572375,0.05824210600853993,0.001973869667183825
2024-08-20,154,3,E10,e10_remove_trade,E10 拿掉成交结构（6通道）,20260823,0.07437967959316427,0.0006787393104570627,0.07370094028270721
2024-08-21,155,3,E10,e10_remove_trade,E10 拿掉成交结构（6通道）,20260823,0.05428006317021056,0.03550401782689375,0.01877604534331681
2024-08-22,156,3,E10,e10_remove_trade,E10 拿掉成交结构（6通道）,20260823,0.0033094117156057387,-0.025448693947916677,0.028758105663522417
2024-08-23,157,3,E10,e10_remove_trade,E10 拿掉成交结构（6通道）,20260823,0.059881926302657956,0.1152944508696251,-0.055412524566967145
2024-08-26,158,3,E10,e10_remove_trade,E10 拿掉成交结构（6通道）,20260823,0.04637369416447544,0.0014030776387947018,0.04497061652568074
2024-08-27,159,3,E10,e10_remove_trade,E10 拿掉成交结构（6通道）,20260823,0.008997243995938136,-0.019733445923858544,0.02873068991979668
2024-08-28,160,3,E10,e10_remove_trade,E10 拿掉成交结构（6通道）,20260823,0.033962562204091384,-0.012020568813926383,0.045983131018017764
2024-08-29,161,3,E10,e10_remove_trade,E10 拿掉成交结构（6通道）,20260823,-0.008865806892404314,-0.01796068201456406,0.009094875122159746
2024-08-30,162,3,E10,e10_remove_trade,E10 拿掉成交结构（6通道）,20260823,-0.02530315482134416,0.06769387175550419,-0.09299702657684836
2024-09-02,163,3,E10,e10_remove_trade,E10 拿掉成交结构（6通道）,20260823,0.049135910609987954,0.002527838603673763,0.04660807200631419
2024-09-03,164,3,E10,e10_remove_trade,E10 拿掉成交结构（6通道）,20260823,-0.08453350331688102,-0.07922132743091972,-0.005312175885961293
2024-09-04,165,3,E10,e10_remove_trade,E10 拿掉成交结构（6通道）,20260823,0.06684237803482206,0.06388696384322756,0.0029554141915944937
2024-09-05,166,3,E10,e10_remove_trade,E10 拿掉成交结构（6通道）,20260823,0.01039019839019839,0.027165195165195166,-0.016774996774996775
2024-09-06,167,3,E10,e10_remove_trade,E10 拿掉成交结构（6通道）,20260823,-0.008009354929440578,0.05654043339138895,-0.06454978832082953
2024-09-09,168,3,E10,e10_remove_trade,E10 拿掉成交结构（6通道）,20260823,0.07917608796463423,0.06702659046654243,0.012149497498091799
2024-09-10,169,3,E10,e10_remove_trade,E10 拿掉成交结构（6通道）,20260823,-0.008338372800764762,-0.01950287536299023,0.011164502562225469
2024-09-11,170,3,E10,e10_remove_trade,E10 拿掉成交结构（6通道）,20260823,0.05516588403539824,0.045362082172997246,0.009803801862400992
2024-09-12,171,3,E10,e10_remove_trade,E10 拿掉成交结构（6通道）,20260823,0.041706237803308656,0.04392821943756707,-0.0022219816342584145
2024-09-13,172,3,E10,e10_remove_trade,E10 拿掉成交结构（6通道）,20260823,0.03907586424019306,0.03654492805312129,0.0025309361870717723
2024-09-18,173,3,E10,e10_remove_trade,E10 拿掉成交结构（6通道）,20260823,0.08763777710265754,0.07914669369453706,0.008491083408120478
2024-09-19,174,3,E10,e10_remove_trade,E10 拿掉成交结构（6通道）,20260823,0.03455736997428883,0.0494425703616321,-0.01488520038734327
2024-09-20,175,3,E10,e10_remove_trade,E10 拿掉成交结构（6通道）,20260823,0.030508111057257065,-0.04328910206830592,0.07379721312556298
2024-09-23,176,3,E10,e10_remove_trade,E10 拿掉成交结构（6通道）,20260823,0.04225759825759826,0.0333957933957934,0.008861804861804864
2024-09-24,177,3,E10,e10_remove_trade,E10 拿掉成交结构（6通道）,20260823,0.08478356162161244,0.1299647782762884,-0.045181216654675976
2024-09-25,178,3,E10,e10_remove_trade,E10 拿掉成交结构（6通道）,20260823,0.0602845082845083,0.009513081513081513,0.050771426771426785
2024-09-26,179,3,E10,e10_remove_trade,E10 拿掉成交结构（6通道）,20260823,-0.05352876552876553,-0.06575749775749776,0.012228732228732227
2024-09-27,180,3,E10,e10_remove_trade,E10 拿掉成交结构（6通道）,20260823,0.08466661266661268,0.13969579969579973,-0.05502918702918705
2024-09-30,181,4,E10,e10_remove_trade,E10 拿掉成交结构（6通道）,20260823,0.003020497143478558,-0.07803505655298144,0.08105555369646
2024-10-08,182,4,E10,e10_remove_trade,E10 拿掉成交结构（6通道）,20260823,0.14752496841011822,0.00604835408464421,0.141476614325474
2024-10-09,183,4,E10,e10_remove_trade,E10 拿掉成交结构（6通道）,20260823,0.050304819813964424,0.04991222140958807,0.0003925984043763528
2024-10-10,184,4,E10,e10_remove_trade,E10 拿掉成交结构（6通道）,20260823,-0.025360981437064386,0.011214779248423588,-0.03657576068548797
2024-10-11,185,4,E10,e10_remove_trade,E10 拿掉成交结构（6通道）,20260823,0.03128080346848829,0.0555130578461362,-0.024232254377647908
2024-10-14,186,4,E10,e10_remove_trade,E10 拿掉成交结构（6通道）,20260823,-0.017353325353325354,-0.013146673146673147,-0.0042066522066522075
2024-10-15,187,4,E10,e10_remove_trade,E10 拿掉成交结构（6通道）,20260823,-0.0008590148615919063,-0.009389517417685971,0.008530502556094065
2024-10-16,188,4,E10,e10_remove_trade,E10 拿掉成交结构（6通道）,20260823,0.11384659252967211,0.05945466581139382,0.05439192671827829
2024-10-17,189,4,E10,e10_remove_trade,E10 拿掉成交结构（6通道）,20260823,0.037350677330637246,0.04977240968423332,-0.012421732353596074
2024-10-18,190,4,E10,e10_remove_trade,E10 拿掉成交结构（6通道）,20260823,-0.03348717504813308,-0.01688954169746814,-0.016597633350664942
2024-10-21,191,4,E10,e10_remove_trade,E10 拿掉成交结构（6通道）,20260823,0.03161504669610123,0.024276964414991976,0.007338082281109257
2024-10-22,192,4,E10,e10_remove_trade,E10 拿掉成交结构（6通道）,20260823,0.007529760026459109,0.025625771746394264,-0.018096011719935155
2024-10-23,193,4,E10,e10_remove_trade,E10 拿掉成交结构（6通道）,20260823,0.06394432384516198,0.08318296827988711,-0.01923864443472513
2024-10-24,194,4,E10,e10_remove_trade,E10 拿掉成交结构（6通道）,20260823,-0.030483479663062234,-0.01915438493301643,-0.011329094730045803
2024-10-25,195,4,E10,e10_remove_trade,E10 拿掉成交结构（6通道）,20260823,-0.0056179781893535815,0.05446333606341385,-0.060081314252767436
2024-10-28,196,4,E10,e10_remove_trade,E10 拿掉成交结构（6通道）,20260823,0.06274839929283597,0.034692021139058206,0.028056378153777768
2024-10-29,197,4,E10,e10_remove_trade,E10 拿掉成交结构（6通道）,20260823,0.026815440568121542,-0.0031803404707951297,0.02999578103891667
2024-10-30,198,4,E10,e10_remove_trade,E10 拿掉成交结构（6通道）,20260823,-0.006719267755058455,0.010916082516435678,-0.017635350271494134
2024-10-31,199,4,E10,e10_remove_trade,E10 拿掉成交结构（6通道）,20260823,0.06388032559942904,0.030161464250792656,0.03371886134863638
2024-11-01,200,4,E10,e10_remove_trade,E10 拿掉成交结构（6通道）,20260823,-0.031146277617282905,0.022634351538784108,-0.05378062915606702
2024-11-04,201,4,E10,e10_remove_trade,E10 拿掉成交结构（6通道）,20260823,0.029671422415891578,0.0453490498677997,-0.015677627451908125
2024-11-05,202,4,E10,e10_remove_trade,E10 拿掉成交结构（6通道）,20260823,0.003017731219432764,0.012805210521057507,-0.009787479301624743
2024-11-06,203,4,E10,e10_remove_trade,E10 拿掉成交结构（6通道）,20260823,0.0737966005045914,0.074106967294087,-0.00031036678949560026
2024-11-07,204,4,E10,e10_remove_trade,E10 拿掉成交结构（6通道）,20260823,0.09498319319891704,0.06238903650110646,0.032594156697810586
2024-11-08,205,4,E10,e10_remove_trade,E10 拿掉成交结构（6通道）,20260823,0.005544549287065541,0.0013347681627808793,0.004209781124284662
2024-11-11,206,4,E10,e10_remove_trade,E10 拿掉成交结构（6通道）,20260823,0.020537018573905455,0.06227621537485186,-0.041739196800946406
2024-11-12,207,4,E10,e10_remove_trade,E10 拿掉成交结构（6通道）,20260823,0.11141952894585636,0.04492977423567884,0.06648975471017751
2024-11-13,208,4,E10,e10_remove_trade,E10 拿掉成交结构（6通道）,20260823,0.13470137213412775,0.10399403753874802,0.030707334595379734
2024-11-14,209,4,E10,e10_remove_trade,E10 拿掉成交结构（6通道）,20260823,0.011485714010120898,-0.02339578751178279,0.03488150152190369
2024-11-15,210,4,E10,e10_remove_trade,E10 拿掉成交结构（6通道）,20260823,0.12495265643886166,0.15124377930408497,-0.02629112286522331
2024-11-18,211,4,E10,e10_remove_trade,E10 拿掉成交结构（6通道）,20260823,-0.018762281432307744,-0.03898154289950196,0.020219261467194216
2024-11-19,212,4,E10,e10_remove_trade,E10 拿掉成交结构（6通道）,20260823,-0.01243290647020519,-0.03865257876853651,0.026219672298331324
2024-11-20,213,4,E10,e10_remove_trade,E10 拿掉成交结构（6通道）,20260823,0.10712275614853359,0.07345449781448324,0.03366825833405035
2024-11-21,214,4,E10,e10_remove_trade,E10 拿掉成交结构（6通道）,20260823,0.00900992106398059,0.018766212878810157,-0.009756291814829567
2024-11-22,215,4,E10,e10_remove_trade,E10 拿掉成交结构（6通道）,20260823,0.05004839064897134,0.12158095503992652,-0.07153256439095518
2024-11-25,216,4,E10,e10_remove_trade,E10 拿掉成交结构（6通道）,20260823,0.11474848879708074,0.09492516289230551,0.01982332590477523
2024-11-26,217,4,E10,e10_remove_trade,E10 拿掉成交结构（6通道）,20260823,-0.018436326216615367,-0.016870281204272093,-0.0015660450123432743
2024-11-27,218,4,E10,e10_remove_trade,E10 拿掉成交结构（6通道）,20260823,0.0603690086266088,0.0719934780063787,-0.011624469379769901
2024-11-28,219,4,E10,e10_remove_trade,E10 拿掉成交结构（6通道）,20260823,0.06826835667796681,0.03796297419075204,0.030305382487214767
2024-11-29,220,4,E10,e10_remove_trade,E10 拿掉成交结构（6通道）,20260823,0.04264795392739256,0.040554473771108004,0.0020934801562845565
2024-12-02,221,4,E10,e10_remove_trade,E10 拿掉成交结构（6通道）,20260823,0.031851466039590805,0.09529982287546256,-0.06344835683587174
2024-12-03,222,4,E10,e10_remove_trade,E10 拿掉成交结构（6通道）,20260823,0.04278879732785447,0.03024305704794643,0.01254574027990804
2024-12-04,223,4,E10,e10_remove_trade,E10 拿掉成交结构（6通道）,20260823,0.039947856824102616,0.032630038979401865,0.007317817844700751
2024-12-05,224,4,E10,e10_remove_trade,E10 拿掉成交结构（6通道）,20260823,0.15435263835263838,0.1826826266826267,-0.028329988329988315
2024-12-06,225,4,E10,e10_remove_trade,E10 拿掉成交结构（6通道）,20260823,-0.020059892059892063,-0.01199177999177999,-0.008068112068112072
2024-12-09,226,4,E10,e10_remove_trade,E10 拿掉成交结构（6通道）,20260823,0.04462695262695263,0.008416952416952417,0.03621000021000022
2024-12-10,227,4,E10,e10_remove_trade,E10 拿掉成交结构（6通道）,20260823,0.005032673047771067,0.022378294445429332,-0.017345621397658266
2024-12-11,228,4,E10,e10_remove_trade,E10 拿掉成交结构（6通道）,20260823,0.02567098191182343,0.023298537294391033,0.002372444617432398
2024-12-12,229,4,E10,e10_remove_trade,E10 拿掉成交结构（6通道）,20260823,-0.008832455385057905,-0.025644764276024884,0.01681230889096698
2024-12-13,230,4,E10,e10_remove_trade,E10 拿掉成交结构（6通道）,20260823,0.10101542219329418,0.11454891352627404,-0.01353349133297986
2024-12-16,231,4,E10,e10_remove_trade,E10 拿掉成交结构（6通道）,20260823,0.03247506948341178,0.05142790619304128,-0.0189528367096295
2024-12-17,232,4,E10,e10_remove_trade,E10 拿掉成交结构（6通道）,20260823,-0.0032926476966893014,-0.025694697776234145,0.022402050079544843
2024-12-18,233,4,E10,e10_remove_trade,E10 拿掉成交结构（6通道）,20260823,0.04193859921668449,0.020083865512443583,0.021854733704240906
2024-12-19,234,4,E10,e10_remove_trade,E10 拿掉成交结构（6通道）,20260823,-0.05670933892300004,-0.045035435810535214,-0.011673903112464828
2024-12-20,235,4,E10,e10_remove_trade,E10 拿掉成交结构（6通道）,20260823,0.02968379508954466,0.025801527527266353,0.0038822675622783055
2024-12-23,236,4,E10,e10_remove_trade,E10 拿掉成交结构（6通道）,20260823,0.013064370404680727,-0.01120325060955544,0.024267621014236167
2024-12-24,237,4,E10,e10_remove_trade,E10 拿掉成交结构（6通道）,20260823,0.047950025847457514,0.08420113859586194,-0.036251112748404424
2024-12-25,238,4,E10,e10_remove_trade,E10 拿掉成交结构（6通道）,20260823,-0.06681182576447647,-0.06879242823771768,0.001980602473241208
2024-12-26,239,4,E10,e10_remove_trade,E10 拿掉成交结构（6通道）,20260823,0.12045431426851214,0.11828170521621635,0.0021726090522957847
2024-12-27,240,4,E10,e10_remove_trade,E10 拿掉成交结构（6通道）,20260823,0.08202967090691042,0.0742141321046096,0.00781553880230082
2024-01-02,1,1,E10,e10_remove_book,E10 拿掉盘口（5通道）,20260801,0.05623915738651624,0.0444186015838734,0.011820555802642838
2024-01-03,2,1,E10,e10_remove_book,E10 拿掉盘口（5通道）,20260801,0.06834481081009443,0.044745465881019665,0.023599344929074763
2024-01-04,3,1,E10,e10_remove_book,E10 拿掉盘口（5通道）,20260801,0.0343444899747264,0.04170948108323505,-0.007364991108508648
2024-01-05,4,1,E10,e10_remove_book,E10 拿掉盘口（5通道）,20260801,0.05971130371448168,0.0617930996151121,-0.002081795900630415
2024-01-08,5,1,E10,e10_remove_book,E10 拿掉盘口（5通道）,20260801,0.03918983933000605,0.014926129747236712,0.024263709582769334
2024-01-09,6,1,E10,e10_remove_book,E10 拿掉盘口（5通道）,20260801,0.017842233848987213,-0.0008441812733272693,0.018686415122314483
2024-01-10,7,1,E10,e10_remove_book,E10 拿掉盘口（5通道）,20260801,-0.009745467261687365,-0.033316098863773166,0.0235706316020858
2024-01-11,8,1,E10,e10_remove_book,E10 拿掉盘口（5通道）,20260801,0.0690119093021269,0.04951810590863269,0.019493803393494213
2024-01-12,9,1,E10,e10_remove_book,E10 拿掉盘口（5通道）,20260801,0.0475904788193886,0.024681014196349264,0.022909464623039333
2024-01-15,10,1,E10,e10_remove_book,E10 拿掉盘口（5通道）,20260801,0.005053687500926055,0.008591875370282696,-0.0035381878693566404
2024-01-16,11,1,E10,e10_remove_book,E10 拿掉盘口（5通道）,20260801,0.03145184061817328,0.02266599264595256,0.008785847972220717
2024-01-17,12,1,E10,e10_remove_book,E10 拿掉盘口（5通道）,20260801,-0.03844685315603391,-0.062101770280789184,0.023654917124755273
2024-01-18,13,1,E10,e10_remove_book,E10 拿掉盘口（5通道）,20260801,0.0917383686550465,0.07828024034143523,0.013458128313611276
2024-01-19,14,1,E10,e10_remove_book,E10 拿掉盘口（5通道）,20260801,-0.007669573380996225,-0.008312504889659197,0.0006429315086629722
2024-01-22,15,1,E10,e10_remove_book,E10 拿掉盘口（5通道）,20260801,0.04860695036630243,0.06227781783202769,-0.01367086746572526
2024-01-23,16,1,E10,e10_remove_book,E10 拿掉盘口（5通道）,20260801,0.04781292944936678,0.07282080119891918,-0.0250078717495524
2024-01-24,17,1,E10,e10_remove_book,E10 拿掉盘口（5通道）,20260801,0.0617317279169231,0.04697898511992207,0.014752742797001027
2024-01-25,18,1,E10,e10_remove_book,E10 拿掉盘口（5通道）,20260801,0.11369041251183745,0.1091583917078954,0.0045320208039420495
2024-01-26,19,1,E10,e10_remove_book,E10 拿掉盘口（5通道）,20260801,0.054697122697122694,0.03163882363882364,0.02305829905829905
2024-01-29,20,1,E10,e10_remove_book,E10 拿掉盘口（5通道）,20260801,0.009628857628857629,0.03681930081930083,-0.027190443190443198
2024-01-30,21,1,E10,e10_remove_book,E10 拿掉盘口（5通道）,20260801,0.04168339768339768,0.043624675624675625,-0.0019412779412779427
2024-01-31,22,1,E10,e10_remove_book,E10 拿掉盘口（5通道）,20260801,0.004211281548420613,0.006206130164416828,-0.0019948486159962154
2024-02-01,23,1,E10,e10_remove_book,E10 拿掉盘口（5通道）,20260801,-0.0032077247588269625,0.002965017121329746,-0.006172741880156709
2024-02-02,24,1,E10,e10_remove_book,E10 拿掉盘口（5通道）,20260801,-0.011102878429531733,0.017759157955550737,-0.02886203638508247
2024-02-05,25,1,E10,e10_remove_book,E10 拿掉盘口（5通道）,20260801,0.09698109843581491,0.1333683213688462,-0.036387222933031274
2024-02-06,26,1,E10,e10_remove_book,E10 拿掉盘口（5通道）,20260801,0.009810057839488014,0.011374541408665034,-0.00156448356917702
2024-02-07,27,1,E10,e10_remove_book,E10 拿掉盘口（5通道）,20260801,0.033469293469293476,0.06337931137931138,-0.029910017910017905
2024-02-08,28,1,E10,e10_remove_book,E10 拿掉盘口（5通道）,20260801,-0.05330383826330737,-0.04548929830810569,-0.007814539955201677
2024-02-19,29,1,E10,e10_remove_book,E10 拿掉盘口（5通道）,20260801,0.035852930004105873,-0.006258102633588804,0.042111032637694674
2024-02-20,30,1,E10,e10_remove_book,E10 拿掉盘口（5通道）,20260801,0.015380361611067038,0.017687507952820574,-0.0023071463417535364
2024-02-21,31,1,E10,e10_remove_book,E10 拿掉盘口（5通道）,20260801,0.017231905916788685,0.006049431098345139,0.011182474818443547
2024-02-22,32,1,E10,e10_remove_book,E10 拿掉盘口（5通道）,20260801,0.06786985666397685,0.034305740947537446,0.033564115716439406
2024-02-23,33,1,E10,e10_remove_book,E10 拿掉盘口（5通道）,20260801,0.10331365481651834,0.07815712052816044,0.0251565342883579
2024-02-26,34,1,E10,e10_remove_book,E10 拿掉盘口（5通道）,20260801,0.05538363771593955,0.04689205117340348,0.008491586542536067
2024-02-27,35,1,E10,e10_remove_book,E10 拿掉盘口（5通道）,20260801,0.03632605232605233,0.023415959415959416,0.012910092910092912
2024-02-28,36,1,E10,e10_remove_book,E10 拿掉盘口（5通道）,20260801,0.04203432028652621,-0.003933717957320265,0.04596803824384648
2024-02-29,37,1,E10,e10_remove_book,E10 拿掉盘口（5通道）,20260801,0.10532923218818983,0.10689947615884607,-0.0015702439706562349
2024-03-01,38,1,E10,e10_remove_book,E10 拿掉盘口（5通道）,20260801,-0.03404069804069804,0.0025904305904305906,-0.036631128631128634
2024-03-04,39,1,E10,e10_remove_book,E10 拿掉盘口（5通道）,20260801,0.0944320529647599,0.10881472731924519,-0.014382674354485286
2024-03-05,40,1,E10,e10_remove_book,E10 拿掉盘口（5通道）,20260801,0.09498544398163812,0.10525316456595321,-0.01026772058431509
2024-03-06,41,1,E10,e10_remove_book,E10 拿掉盘口（5通道）,20260801,0.051161027621161925,0.045448742926606514,0.005712284694555411
2024-03-07,42,1,E10,e10_remove_book,E10 拿掉盘口（5通道）,20260801,0.07321872921159794,0.06029554757834902,0.012923181633248924
2024-03-08,43,1,E10,e10_remove_book,E10 拿掉盘口（5通道）,20260801,0.09440372670769856,0.1188517305611598,-0.024448003853461242
2024-03-11,44,1,E10,e10_remove_book,E10 拿掉盘口（5通道）,20260801,0.030675713519411976,0.02874902482116903,0.0019266886982429454
2024-03-12,45,1,E10,e10_remove_book,E10 拿掉盘口（5通道）,20260801,0.03505972293940628,0.03234829361878289,0.0027114293206233903
2024-03-13,46,1,E10,e10_remove_book,E10 拿掉盘口（5通道）,20260801,0.06656943010332585,0.0786620718290788,-0.012092641725752959
2024-03-14,47,1,E10,e10_remove_book,E10 拿掉盘口（5通道）,20260801,0.030362595155294703,0.02126057667585405,0.009102018479440654
2024-03-15,48,1,E10,e10_remove_book,E10 拿掉盘口（5通道）,20260801,0.03519290786384831,0.05970012069250365,-0.02450721282865534
2024-03-18,49,1,E10,e10_remove_book,E10 拿掉盘口（5通道）,20260801,0.08933655863020533,0.0732610824044606,0.016075476225744734
2024-03-19,50,1,E10,e10_remove_book,E10 拿掉盘口（5通道）,20260801,0.04230468391511516,0.0024078932964060867,0.03989679061870907
2024-03-20,51,1,E10,e10_remove_book,E10 拿掉盘口（5通道）,20260801,0.03331142559677677,0.03415623300676053,-0.0008448074099837583
2024-03-21,52,1,E10,e10_remove_book,E10 拿掉盘口（5通道）,20260801,0.0010043770043770043,0.004952152952152952,-0.003947775947775949
2024-03-22,53,1,E10,e10_remove_book,E10 拿掉盘口（5通道）,20260801,0.06610161282191927,0.05905583228847651,0.007045780533442764
2024-03-25,54,1,E10,e10_remove_book,E10 拿掉盘口（5通道）,20260801,-0.0222816755116428,-0.009400628138545915,-0.012881047373096883
2024-03-26,55,1,E10,e10_remove_book,E10 拿掉盘口（5通道）,20260801,0.03509493520022001,0.03916961728712614,-0.004074682086906131
2024-03-27,56,1,E10,e10_remove_book,E10 拿掉盘口（5通道）,20260801,0.0005002026292549241,0.022955536878066157,-0.022455334248811232
2024-03-28,57,1,E10,e10_remove_book,E10 拿掉盘口（5通道）,20260801,0.06613794832050066,0.04745493102094377,0.018683017299556882
2024-03-29,58,1,E10,e10_remove_book,E10 拿掉盘口（5通道）,20260801,0.1108555718394731,0.12439509623198754,-0.013539524392514435
2024-04-01,59,1,E10,e10_remove_book,E10 拿掉盘口（5通道）,20260801,0.09514229741766608,0.07054879816806878,0.024593499249597306
2024-04-02,60,1,E10,e10_remove_book,E10 拿掉盘口（5通道）,20260801,-0.015230641282867847,-0.03679520508004845,0.021564563797180605
2024-04-03,61,2,E10,e10_remove_book,E10 拿掉盘口（5通道）,20260801,0.0384801584484585,0.004049081518898378,0.03443107692956012
2024-04-08,62,2,E10,e10_remove_book,E10 拿掉盘口（5通道）,20260801,0.07315299978650783,0.05217684605521255,0.02097615373129528
2024-04-09,63,2,E10,e10_remove_book,E10 拿掉盘口（5通道）,20260801,0.02276506083335602,0.018858336914911924,0.003906723918444096
2024-04-10,64,2,E10,e10_remove_book,E10 拿掉盘口（5通道）,20260801,0.01565920017595379,0.030898477918127706,-0.015239277742173915
2024-04-11,65,2,E10,e10_remove_book,E10 拿掉盘口（5通道）,20260801,0.09619091396236898,0.08992312731851511,0.00626778664385387
2024-04-12,66,2,E10,e10_remove_book,E10 拿掉盘口（5通道）,20260801,-0.007052599073756873,-0.011026493059572538,0.003973893985815665
2024-04-15,67,2,E10,e10_remove_book,E10 拿掉盘口（5通道）,20260801,-0.029822417822417825,-0.04317954717954719,0.013357129357129363
2024-04-16,68,2,E10,e10_remove_book,E10 拿掉盘口（5通道）,20260801,-0.03818430218430219,-0.023951231951231954,-0.014233070233070234
2024-04-17,69,2,E10,e10_remove_book,E10 拿掉盘口（5通道）,20260801,0.017733186371581094,0.027826348828097404,-0.01009316245651631
2024-04-18,70,2,E10,e10_remove_book,E10 拿掉盘口（5通道）,20260801,-0.012737139946899617,-0.03947605942402765,0.02673891947712803
2024-04-19,71,2,E10,e10_remove_book,E10 拿掉盘口（5通道）,20260801,0.07713171375961672,0.10856511107901795,-0.03143339731940123
2024-04-22,72,2,E10,e10_remove_book,E10 拿掉盘口（5通道）,20260801,0.09815889204842575,0.075100087606093,0.023058804442332742
2024-04-23,73,2,E10,e10_remove_book,E10 拿掉盘口（5通道）,20260801,0.10518459993713405,0.11536814677681352,-0.010183546839679467
2024-04-24,74,2,E10,e10_remove_book,E10 拿掉盘口（5通道）,20260801,0.005794622469385762,0.03576630255534893,-0.02997168008596317
2024-04-25,75,2,E10,e10_remove_book,E10 拿掉盘口（5通道）,20260801,0.05616149754577061,0.06165235431993622,-0.005490856774165616
2024-04-26,76,2,E10,e10_remove_book,E10 拿掉盘口（5通道）,20260801,0.04678343389265131,0.06124958009032186,-0.014466146197670546
2024-04-29,77,2,E10,e10_remove_book,E10 拿掉盘口（5通道）,20260801,0.07590576945905676,0.052280211703351336,0.023625557755705427
2024-04-30,78,2,E10,e10_remove_book,E10 拿掉盘口（5通道）,20260801,-0.0016033034975209963,-0.011358488370588163,0.009755184873067166
2024-05-06,79,2,E10,e10_remove_book,E10 拿掉盘口（5通道）,20260801,0.06007279756566719,0.0672385904399818,-0.007165792874314611
2024-05-07,80,2,E10,e10_remove_book,E10 拿掉盘口（5通道）,20260801,0.01859703797564209,-0.017404189813272762,0.036001227788914854
2024-05-08,81,2,E10,e10_remove_book,E10 拿掉盘口（5通道）,20260801,0.01632610576303421,-0.0017609453246489693,0.01808705108768318
2024-05-09,82,2,E10,e10_remove_book,E10 拿掉盘口（5通道）,20260801,0.0660671140005791,0.046433215336778244,0.01963389866380086
2024-05-10,83,2,E10,e10_remove_book,E10 拿掉盘口（5通道）,20260801,0.0549726162153797,0.047982376283701555,0.006990239931678147
2024-05-13,84,2,E10,e10_remove_book,E10 拿掉盘口（5通道）,20260801,0.024054306985931348,0.02606075353272503,-0.002006446546793682
2024-05-14,85,2,E10,e10_remove_book,E10 拿掉盘口（5通道）,20260801,0.1261433883191736,0.10468030737828513,0.021463080940888474
2024-05-15,86,2,E10,e10_remove_book,E10 拿掉盘口（5通道）,20260801,0.040076538314956875,0.016753648302484953,0.02332289001247192
2024-05-16,87,2,E10,e10_remove_book,E10 拿掉盘口（5通道）,20260801,0.024151586139206743,0.03816054999182766,-0.014008963852620914
2024-05-17,88,2,E10,e10_remove_book,E10 拿掉盘口（5通道）,20260801,-0.0032562138358714302,0.001730818066714825,-0.004987031902586255
2024-05-20,89,2,E10,e10_remove_book,E10 拿掉盘口（5通道）,20260801,0.04989127654282078,0.001305704010167156,0.04858557253265362
2024-05-21,90,2,E10,e10_remove_book,E10 拿掉盘口（5通道）,20260801,0.0798887646483871,0.0877391942145349,-0.007850429566147801
2024-05-22,91,2,E10,e10_remove_book,E10 拿掉盘口（5通道）,20260801,0.03943645307787426,0.04840240313062165,-0.00896595005274739
2024-05-23,92,2,E10,e10_remove_book,E10 拿掉盘口（5通道）,20260801,0.12859316982542013,0.1336504079563467,-0.005057238130926567
2024-05-24,93,2,E10,e10_remove_book,E10 拿掉盘口（5通道）,20260801,0.06076712348222722,0.08449593989756946,-0.023728816415342233
2024-05-27,94,2,E10,e10_remove_book,E10 拿掉盘口（5通道）,20260801,0.04135444448241208,0.05437450108569568,-0.013020056603283599
2024-05-28,95,2,E10,e10_remove_book,E10 拿掉盘口（5通道）,20260801,0.031348778910144585,0.02498829120999229,0.006360487700152295
2024-05-29,96,2,E10,e10_remove_book,E10 拿掉盘口（5通道）,20260801,0.06151450135191297,0.08930314152337798,-0.027788640171465012
2024-05-30,97,2,E10,e10_remove_book,E10 拿掉盘口（5通道）,20260801,0.0894468170958682,0.12097230643666611,-0.03152548934079791
2024-05-31,98,2,E10,e10_remove_book,E10 拿掉盘口（5通道）,20260801,-0.010940540965485539,-0.049395214234421225,0.03845467326893569
2024-06-03,99,2,E10,e10_remove_book,E10 拿掉盘口（5通道）,20260801,-0.02186725680591361,-0.0013925582738069894,-0.020474698532106622
2024-06-04,100,2,E10,e10_remove_book,E10 拿掉盘口（5通道）,20260801,3.677827146723704e-05,0.0009627480656835558,-0.0009259697942163188
2024-06-05,101,2,E10,e10_remove_book,E10 拿掉盘口（5通道）,20260801,0.02644347621705523,0.008782085992045134,0.017661390225010093
2024-06-06,102,2,E10,e10_remove_book,E10 拿掉盘口（5通道）,20260801,0.10766846670815293,0.0944715883263901,0.013196878381762825
2024-06-07,103,2,E10,e10_remove_book,E10 拿掉盘口（5通道）,20260801,-0.035922376622330984,-0.010217748525062041,-0.025704628097268943
2024-06-11,104,2,E10,e10_remove_book,E10 拿掉盘口（5通道）,20260801,0.04000969600001429,0.026080309610452594,0.013929386389561697
2024-06-12,105,2,E10,e10_remove_book,E10 拿掉盘口（5通道）,20260801,0.08975502321416269,0.029631005621606983,0.06012401759255571
2024-06-13,106,2,E10,e10_remove_book,E10 拿掉盘口（5通道）,20260801,0.05477237349936748,0.047775805018091935,0.006996568481275542
2024-06-14,107,2,E10,e10_remove_book,E10 拿掉盘口（5通道）,20260801,0.0455190502546502,0.018132133537346738,0.027386916717303464
2024-06-17,108,2,E10,e10_remove_book,E10 拿掉盘口（5通道）,20260801,0.017818094691508055,0.05405190896976634,-0.03623381427825828
2024-06-18,109,2,E10,e10_remove_book,E10 拿掉盘口（5通道）,20260801,0.03542227152853834,0.008993301020280923,0.02642897050825742
2024-06-19,110,2,E10,e10_remove_book,E10 拿掉盘口（5通道）,20260801,0.09843037472566586,0.09968748998655247,-0.001257115260886607
2024-06-20,111,2,E10,e10_remove_book,E10 拿掉盘口（5通道）,20260801,0.019715848242342265,-0.012943431806446436,0.0326592800487887
2024-06-21,112,2,E10,e10_remove_book,E10 拿掉盘口（5通道）,20260801,-0.0134065729055709,0.026790253179030728,-0.04019682608460163
2024-06-24,113,2,E10,e10_remove_book,E10 拿掉盘口（5通道）,20260801,0.05134425115775667,0.026223932035345485,0.025120319122411184
2024-06-25,114,2,E10,e10_remove_book,E10 拿掉盘口（5通道）,20260801,0.07609481448210179,0.06500405033792524,0.011090764144176549
2024-06-26,115,2,E10,e10_remove_book,E10 拿掉盘口（5通道）,20260801,-0.006802487960944229,-0.023796416012150667,0.016993928051206437
2024-06-27,116,2,E10,e10_remove_book,E10 拿掉盘口（5通道）,20260801,0.033824157452411255,-0.00865116999528052,0.04247532744769177
2024-06-28,117,2,E10,e10_remove_book,E10 拿掉盘口（5通道）,20260801,0.05508426099144635,0.05621614668016333,-0.0011318856887169784
2024-07-01,118,2,E10,e10_remove_book,E10 拿掉盘口（5通道）,20260801,0.04822730758783248,0.051558695656598826,-0.0033313880687663444
2024-07-02,119,2,E10,e10_remove_book,E10 拿掉盘口（5通道）,20260801,0.06367545189327925,0.0719983333149944,-0.008322881421715153
2024-07-03,120,2,E10,e10_remove_book,E10 拿掉盘口（5通道）,20260801,0.01881469256118659,0.05909361100034068,-0.04027891843915409
2024-07-04,121,3,E10,e10_remove_book,E10 拿掉盘口（5通道）,20260801,0.03427298124018839,0.05268167726030088,-0.01840869602011249
2024-07-05,122,3,E10,e10_remove_book,E10 拿掉盘口（5通道）,20260801,-0.005522119313702479,-0.00025205967490536625,-0.005270059638797112
2024-07-08,123,3,E10,e10_remove_book,E10 拿掉盘口（5通道）,20260801,-0.021030264986793588,-0.008037384174202872,-0.012992880812590715
2024-07-09,124,3,E10,e10_remove_book,E10 拿掉盘口（5通道）,20260801,-0.06675454211726756,-0.06476004260773799,-0.001994499509529568
2024-07-10,125,3,E10,e10_remove_book,E10 拿掉盘口（5通道）,20260801,0.09030541287880557,0.07532378542034651,0.01498162745845906
2024-07-11,126,3,E10,e10_remove_book,E10 拿掉盘口（5通道）,20260801,-0.003931226489254572,0.013511993266363603,-0.017443219755618175
2024-07-12,127,3,E10,e10_remove_book,E10 拿掉盘口（5通道）,20260801,0.03199725769841537,0.01110727226869791,0.020889985429717456
2024-07-15,128,3,E10,e10_remove_book,E10 拿掉盘口（5通道）,20260801,-0.005659908620627728,-0.04197906131886867,0.036319152698240945
2024-07-16,129,3,E10,e10_remove_book,E10 拿掉盘口（5通道）,20260801,0.039559881952519374,0.0693039279457435,-0.029744045993224125
2024-07-17,130,3,E10,e10_remove_book,E10 拿掉盘口（5通道）,20260801,0.0009516415554258651,-0.019063476650275028,0.020015118205700892
2024-07-18,131,3,E10,e10_remove_book,E10 拿掉盘口（5通道）,20260801,0.003524426146030447,-0.025086071263383625,0.02861049740941407
2024-07-19,132,3,E10,e10_remove_book,E10 拿掉盘口（5通道）,20260801,0.055344768192537766,0.013717454766698362,0.041627313425839405
2024-07-22,133,3,E10,e10_remove_book,E10 拿掉盘口（5通道）,20260801,-0.006080746282692156,0.013363948209315768,-0.019444694492007926
2024-07-23,134,3,E10,e10_remove_book,E10 拿掉盘口（5通道）,20260801,0.030654705583524428,0.037798501908301856,-0.007143796324777428
2024-07-24,135,3,E10,e10_remove_book,E10 拿掉盘口（5通道）,20260801,-0.0020424222198563912,-0.019339954437623555,0.017297532217767163
2024-07-25,136,3,E10,e10_remove_book,E10 拿掉盘口（5通道）,20260801,0.07752897039924253,0.07701231212352944,0.0005166582757130944
2024-07-26,137,3,E10,e10_remove_book,E10 拿掉盘口（5通道）,20260801,0.08536548876565171,0.0537557650784059,0.031609723687245815
2024-07-29,138,3,E10,e10_remove_book,E10 拿掉盘口（5通道）,20260801,0.037371313844541815,0.010396783881142202,0.026974529963399614
2024-07-30,139,3,E10,e10_remove_book,E10 拿掉盘口（5通道）,20260801,0.01236007512748583,0.08120281074874112,-0.0688427356212553
2024-07-31,140,3,E10,e10_remove_book,E10 拿掉盘口（5通道）,20260801,0.07169332566967926,0.06094551676902532,0.010747808900653938
2024-08-01,141,3,E10,e10_remove_book,E10 拿掉盘口（5通道）,20260801,0.04556266221544118,0.022037898397610674,0.02352476381783051
2024-08-02,142,3,E10,e10_remove_book,E10 拿掉盘口（5通道）,20260801,0.03617808298498122,0.021890308150711885,0.014287774834269337
2024-08-05,143,3,E10,e10_remove_book,E10 拿掉盘口（5通道）,20260801,0.03093495058016427,0.037157287113609896,-0.006222336533445626
2024-08-06,144,3,E10,e10_remove_book,E10 拿掉盘口（5通道）,20260801,0.03466632733326423,0.06946086128037449,-0.034794533947110254
2024-08-07,145,3,E10,e10_remove_book,E10 拿掉盘口（5通道）,20260801,0.017684931479066485,0.03430243611314006,-0.016617504634073573
2024-08-08,146,3,E10,e10_remove_book,E10 拿掉盘口（5通道）,20260801,0.12595463076089408,0.14874941915989412,-0.022794788399000038
2024-08-09,147,3,E10,e10_remove_book,E10 拿掉盘口（5通道）,20260801,0.012831181293706747,0.013855969014838232,-0.0010247877211314853
2024-08-12,148,3,E10,e10_remove_book,E10 拿掉盘口（5通道）,20260801,0.06280202884351609,0.06312416014684173,-0.00032213130332564566
2024-08-13,149,3,E10,e10_remove_book,E10 拿掉盘口（5通道）,20260801,0.07830430870736253,0.05637221574412503,0.021932092963237504
2024-08-14,150,3,E10,e10_remove_book,E10 拿掉盘口（5通道）,20260801,0.024021232592139324,0.0031685715009340913,0.020852661091205232
2024-08-15,151,3,E10,e10_remove_book,E10 拿掉盘口（5通道）,20260801,0.025686366500897416,-0.0030971134807034222,0.02878347998160084
2024-08-16,152,3,E10,e10_remove_book,E10 拿掉盘口（5通道）,20260801,0.06933421164674317,0.09874981913898576,-0.02941560749224259
2024-08-19,153,3,E10,e10_remove_book,E10 拿掉盘口（5通道）,20260801,0.06435641271839901,0.029281343555824388,0.03507506916257462
2024-08-20,154,3,E10,e10_remove_book,E10 拿掉盘口（5通道）,20260801,0.05254874798629441,0.07134560342120758,-0.01879685543491317
2024-08-21,155,3,E10,e10_remove_book,E10 拿掉盘口（5通道）,20260801,0.054159846718008935,0.04508206024616261,0.009077786471846323
2024-08-22,156,3,E10,e10_remove_book,E10 拿掉盘口（5通道）,20260801,-0.005845860063847217,-0.04404404737535274,0.038198187311505524
2024-08-23,157,3,E10,e10_remove_book,E10 拿掉盘口（5通道）,20260801,0.07837594330751038,0.0789349653141837,-0.0005590220066733209
2024-08-26,158,3,E10,e10_remove_book,E10 拿掉盘口（5通道）,20260801,0.026021802393465562,0.03159936090805398,-0.005577558514588417
2024-08-27,159,3,E10,e10_remove_book,E10 拿掉盘口（5通道）,20260801,-0.0022286244760018068,0.03736849751640097,-0.03959712199240278
2024-08-28,160,3,E10,e10_remove_book,E10 拿掉盘口（5通道）,20260801,0.00733514581926546,-0.039040679617364564,0.046375825436630026
2024-08-29,161,3,E10,e10_remove_book,E10 拿掉盘口（5通道）,20260801,-0.025208893284519966,-0.004924708939483066,-0.0202841843450369
2024-08-30,162,3,E10,e10_remove_book,E10 拿掉盘口（5通道）,20260801,0.009824722414205778,-0.023188092579378174,0.03301281499358395
2024-09-02,163,3,E10,e10_remove_book,E10 拿掉盘口（5通道）,20260801,0.034395779427652824,0.017332307852277094,0.01706347157537573
2024-09-03,164,3,E10,e10_remove_book,E10 拿掉盘口（5通道）,20260801,-0.10545449825086034,-0.08414295059006224,-0.021311547660798097
2024-09-04,165,3,E10,e10_remove_book,E10 拿掉盘口（5通道）,20260801,0.06948626557376804,0.09629003172767421,-0.026803766153906172
2024-09-05,166,3,E10,e10_remove_book,E10 拿掉盘口（5通道）,20260801,0.003611619611619612,0.004080604080604081,-0.0004689844689844693
2024-09-06,167,3,E10,e10_remove_book,E10 拿掉盘口（5通道）,20260801,-0.0004937769204003639,-0.026253882937247595,0.02576010601684723
2024-09-09,168,3,E10,e10_remove_book,E10 拿掉盘口（5通道）,20260801,0.060950353715843356,0.01726177917783677,0.043688574538006585
2024-09-10,169,3,E10,e10_remove_book,E10 拿掉盘口（5通道）,20260801,-0.03624551319211171,-0.032262027433139905,-0.003983485758971804
2024-09-11,170,3,E10,e10_remove_book,E10 拿掉盘口（5通道）,20260801,0.07402482347976726,0.07415901388851152,-0.0001341904087442669
2024-09-12,171,3,E10,e10_remove_book,E10 拿掉盘口（5通道）,20260801,0.045589488020454684,0.017982729301409414,0.02760675871904527
2024-09-13,172,3,E10,e10_remove_book,E10 拿掉盘口（5通道）,20260801,0.009073951284819548,0.009231190715993872,-0.00015723943117432367
2024-09-18,173,3,E10,e10_remove_book,E10 拿掉盘口（5通道）,20260801,0.11988105082820502,0.07673168501870745,0.043149365809497575
2024-09-19,174,3,E10,e10_remove_book,E10 拿掉盘口（5通道）,20260801,0.05427321362692019,0.028873363425542257,0.025399850201377933
2024-09-20,175,3,E10,e10_remove_book,E10 拿掉盘口（5通道）,20260801,0.03057491512526361,0.005336909432973804,0.025238005692289806
2024-09-23,176,3,E10,e10_remove_book,E10 拿掉盘口（5通道）,20260801,0.04715083115083115,0.04951358551358551,-0.002362754362754363
2024-09-24,177,3,E10,e10_remove_book,E10 拿掉盘口（5通道）,20260801,0.10896229827608023,0.08280551347760039,0.02615678479847984
2024-09-25,178,3,E10,e10_remove_book,E10 拿掉盘口（5通道）,20260801,0.07822673422673423,0.015648843648843648,0.0625778905778906
2024-09-26,179,3,E10,e10_remove_book,E10 拿掉盘口（5通道）,20260801,-0.05525659925659926,-0.0428980388980389,-0.01235856035856036
2024-09-27,180,3,E10,e10_remove_book,E10 拿掉盘口（5通道）,20260801,0.10126339726339725,-0.0003542523542523543,0.1016176496176496
2024-09-30,181,4,E10,e10_remove_book,E10 拿掉盘口（5通道）,20260801,-0.039999304598392633,-0.04298422165772427,0.0029849170593316335
2024-10-08,182,4,E10,e10_remove_book,E10 拿掉盘口（5通道）,20260801,0.05871728906959281,0.07765142411733267,-0.01893413504773986
2024-10-09,183,4,E10,e10_remove_book,E10 拿掉盘口（5通道）,20260801,0.058385556137122846,0.07928291166139904,-0.020897355524276198
2024-10-10,184,4,E10,e10_remove_book,E10 拿掉盘口（5通道）,20260801,-0.011746487781727245,0.01576926381657161,-0.027515751598298856
2024-10-11,185,4,E10,e10_remove_book,E10 拿掉盘口（5通道）,20260801,0.04176475201534053,0.014471732558562954,0.027293019456777576
2024-10-14,186,4,E10,e10_remove_book,E10 拿掉盘口（5通道）,20260801,-0.012760968760968763,-0.01440840240840241,0.0016474336474336469
2024-10-15,187,4,E10,e10_remove_book,E10 拿掉盘口（5通道）,20260801,-0.007634143657046089,-0.026491172570646093,0.018857028913600006
2024-10-16,188,4,E10,e10_remove_book,E10 拿掉盘口（5通道）,20260801,0.0964470430257253,0.07828521675492807,0.018161826270797224
2024-10-17,189,4,E10,e10_remove_book,E10 拿掉盘口（5通道）,20260801,0.0385127853304206,0.02548413343202922,0.01302865189839138
2024-10-18,190,4,E10,e10_remove_book,E10 拿掉盘口（5通道）,20260801,-0.0389210706540246,-0.04633615231425333,0.00741508166022873
2024-10-21,191,4,E10,e10_remove_book,E10 拿掉盘口（5通道）,20260801,0.03794288254160061,0.059210113454979806,-0.021267230913379197
2024-10-22,192,4,E10,e10_remove_book,E10 拿掉盘口（5通道）,20260801,0.03383545586475682,0.02331993801826901,0.010515517846487812
2024-10-23,193,4,E10,e10_remove_book,E10 拿掉盘口（5通道）,20260801,0.1007460073229023,0.12062733888409419,-0.019881331561191887
2024-10-24,194,4,E10,e10_remove_book,E10 拿掉盘口（5通道）,20260801,-0.01866249295803774,-0.015016627618957269,-0.00364586533908047
2024-10-25,195,4,E10,e10_remove_book,E10 拿掉盘口（5通道）,20260801,0.04127909738107632,0.05520133394824405,-0.013922236567167734
2024-10-28,196,4,E10,e10_remove_book,E10 拿掉盘口（5通道）,20260801,0.08061736082509399,0.061340974198613035,0.019276386626480957
2024-10-29,197,4,E10,e10_remove_book,E10 拿掉盘口（5通道）,20260801,0.030532309864695066,0.038315867746634334,-0.007783557881939268
2024-10-30,198,4,E10,e10_remove_book,E10 拿掉盘口（5通道）,20260801,-0.01163787936425343,-0.001303367881975462,-0.010334511482277969
2024-10-31,199,4,E10,e10_remove_book,E10 拿掉盘口（5通道）,20260801,0.05478453035069857,0.05348783484980672,0.0012966955008918493
2024-11-01,200,4,E10,e10_remove_book,E10 拿掉盘口（5通道）,20260801,0.0008406848768598413,0.02127536051709336,-0.02043467564023352
2024-11-04,201,4,E10,e10_remove_book,E10 拿掉盘口（5通道）,20260801,0.03579057004612135,0.04546875880570621,-0.009678188759584858
2024-11-05,202,4,E10,e10_remove_book,E10 拿掉盘口（5通道）,20260801,0.0165192056714391,0.013494007733763582,0.003025197937675519
2024-11-06,203,4,E10,e10_remove_book,E10 拿掉盘口（5通道）,20260801,0.12339332573838714,0.10913266048584366,0.014260665252543478
2024-11-07,204,4,E10,e10_remove_book,E10 拿掉盘口（5通道）,20260801,0.1250183117945021,0.10380519021846511,0.021213121576036983
2024-11-08,205,4,E10,e10_remove_book,E10 拿掉盘口（5通道）,20260801,-0.005981017371679149,-0.018546969080637743,0.012565951708958594
2024-11-11,206,4,E10,e10_remove_book,E10 拿掉盘口（5通道）,20260801,0.04061108250411664,0.017580801738063694,0.023030280766052943
2024-11-12,207,4,E10,e10_remove_book,E10 拿掉盘口（5通道）,20260801,0.13494282204125804,0.1226005580748089,0.012342263966449149
2024-11-13,208,4,E10,e10_remove_book,E10 拿掉盘口（5通道）,20260801,0.12185131297562679,0.13922054752980256,-0.017369234554175772
2024-11-14,209,4,E10,e10_remove_book,E10 拿掉盘口（5通道）,20260801,-0.0380682811643027,-0.044166531622888666,0.006098250458585967
2024-11-15,210,4,E10,e10_remove_book,E10 拿掉盘口（5通道）,20260801,0.13979846822714037,0.17777914440827344,-0.03798067618113307
2024-11-18,211,4,E10,e10_remove_book,E10 拿掉盘口（5通道）,20260801,-0.014523244774974844,-0.013966654112830188,-0.000556590662144656
2024-11-19,212,4,E10,e10_remove_book,E10 拿掉盘口（5通道）,20260801,-0.007798213821608464,-0.04476624890054765,0.036968035078939185
2024-11-20,213,4,E10,e10_remove_book,E10 拿掉盘口（5通道）,20260801,0.1032373123397946,0.0666643176631631,0.03657299467663151
2024-11-21,214,4,E10,e10_remove_book,E10 拿掉盘口（5通道）,20260801,0.0004019704043822269,0.00463586266367784,-0.004233892259295613
2024-11-22,215,4,E10,e10_remove_book,E10 拿掉盘口（5通道）,20260801,0.08437514538764715,0.09110830420160385,-0.006733158813956697
2024-11-25,216,4,E10,e10_remove_book,E10 拿掉盘口（5通道）,20260801,0.1384368329727012,0.15914851385910872,-0.020711680886407513
2024-11-26,217,4,E10,e10_remove_book,E10 拿掉盘口（5通道）,20260801,-0.036637593725815557,-0.048625022108030005,0.011987428382214449
2024-11-27,218,4,E10,e10_remove_book,E10 拿掉盘口（5通道）,20260801,0.04413536245084091,0.03659868469959146,0.00753667775124945
2024-11-28,219,4,E10,e10_remove_book,E10 拿掉盘口（5通道）,20260801,0.08413914664398153,0.06684427924534493,0.0172948673986366
2024-11-29,220,4,E10,e10_remove_book,E10 拿掉盘口（5通道）,20260801,0.04407743739976054,0.0264954032902654,0.017582034109495142
2024-12-02,221,4,E10,e10_remove_book,E10 拿掉盘口（5通道）,20260801,0.03555937473920267,0.06547450544213895,-0.029915130702936284
2024-12-03,222,4,E10,e10_remove_book,E10 拿掉盘口（5通道）,20260801,0.016476003255471945,0.0239787686361163,-0.007502765380644354
2024-12-04,223,4,E10,e10_remove_book,E10 拿掉盘口（5通道）,20260801,0.04984981743900443,0.028641912704130492,0.021207904734873936
2024-12-05,224,4,E10,e10_remove_book,E10 拿掉盘口（5通道）,20260801,0.19447107847107847,0.1877161997161997,0.0067548787548787625
2024-12-06,225,4,E10,e10_remove_book,E10 拿掉盘口（5通道）,20260801,-0.030730806730806734,-0.038074010074010074,0.00734320334320334
2024-12-09,226,4,E10,e10_remove_book,E10 拿掉盘口（5通道）,20260801,0.047304407304407305,0.06397652797652797,-0.01667212067212067
2024-12-10,227,4,E10,e10_remove_book,E10 拿掉盘口（5通道）,20260801,-0.0010517350548902601,0.03127713137096277,-0.032328866425853024
2024-12-11,228,4,E10,e10_remove_book,E10 拿掉盘口（5通道）,20260801,0.037939097870685494,0.02466102204000821,0.013278075830677284
2024-12-12,229,4,E10,e10_remove_book,E10 拿掉盘口（5通道）,20260801,-0.0052378418789728615,-0.022000916141052505,0.016763074262079646
2024-12-13,230,4,E10,e10_remove_book,E10 拿掉盘口（5通道）,20260801,0.13995607922093042,0.13064031234878018,0.009315766872150244
2024-12-16,231,4,E10,e10_remove_book,E10 拿掉盘口（5通道）,20260801,0.0725755717524053,0.04322573732990042,0.029349834422504877
2024-12-17,232,4,E10,e10_remove_book,E10 拿掉盘口（5通道）,20260801,-0.006245846430484793,0.011204682947011801,-0.017450529377496596
2024-12-18,233,4,E10,e10_remove_book,E10 拿掉盘口（5通道）,20260801,0.016211625657296377,0.027695441226013667,-0.01148381556871729
2024-12-19,234,4,E10,e10_remove_book,E10 拿掉盘口（5通道）,20260801,-0.0699373165001869,-0.0688165990371006,-0.0011207174630862987
2024-12-20,235,4,E10,e10_remove_book,E10 拿掉盘口（5通道）,20260801,0.013903724356060677,0.03230871114926255,-0.018404986793201874
2024-12-23,236,4,E10,e10_remove_book,E10 拿掉盘口（5通道）,20260801,-0.01929863706908025,-0.015551931923541993,-0.0037467051455382563
2024-12-24,237,4,E10,e10_remove_book,E10 拿掉盘口（5通道）,20260801,0.04966995262515398,0.0482976777065295,0.0013722749186244818
2024-12-25,238,4,E10,e10_remove_book,E10 拿掉盘口（5通道）,20260801,-0.08385769812772557,-0.09635807395046296,0.012500375822737386
2024-12-26,239,4,E10,e10_remove_book,E10 拿掉盘口（5通道）,20260801,0.15693177801304709,0.15835194866280258,-0.0014201706497554978
2024-12-27,240,4,E10,e10_remove_book,E10 拿掉盘口（5通道）,20260801,0.04306808689862159,0.04027060351059192,0.0027974833880296743
2024-01-02,1,1,E10,e10_remove_book,E10 拿掉盘口（5通道）,20260812,0.03921237621538497,0.04432563121957253,-0.005113255004187564
2024-01-03,2,1,E10,e10_remove_book,E10 拿掉盘口（5通道）,20260812,0.059839500639173364,0.061577192631591705,-0.0017376919924183415
2024-01-04,3,1,E10,e10_remove_book,E10 拿掉盘口（5通道）,20260812,0.04326919223073046,0.047928822870462955,-0.004659630639732494
2024-01-05,4,1,E10,e10_remove_book,E10 拿掉盘口（5通道）,20260812,0.06702756489045973,0.0725039349363812,-0.005476370045921469
2024-01-08,5,1,E10,e10_remove_book,E10 拿掉盘口（5通道）,20260812,0.01657592461876746,0.052134019845932196,-0.035558095227164736
2024-01-09,6,1,E10,e10_remove_book,E10 拿掉盘口（5通道）,20260812,-0.0026269248209412916,0.005155436550720787,-0.0077823613716620785
2024-01-10,7,1,E10,e10_remove_book,E10 拿掉盘口（5通道）,20260812,-0.008727304773895115,0.0006788111001153458,-0.00940611587401046
2024-01-11,8,1,E10,e10_remove_book,E10 拿掉盘口（5通道）,20260812,0.057164975172638084,0.06921840643318257,-0.012053431260544485
2024-01-12,9,1,E10,e10_remove_book,E10 拿掉盘口（5通道）,20260812,0.050746304818873225,0.031429293318704005,0.01931701150016922
2024-01-15,10,1,E10,e10_remove_book,E10 拿掉盘口（5通道）,20260812,0.020487090509954738,0.007766290176709157,0.012720800333245581
2024-01-16,11,1,E10,e10_remove_book,E10 拿掉盘口（5通道）,20260812,-0.002790879055408113,0.012340873940072333,-0.015131752995480446
2024-01-17,12,1,E10,e10_remove_book,E10 拿掉盘口（5通道）,20260812,-0.014319976784547838,-0.033893479121791255,0.019573502337243417
2024-01-18,13,1,E10,e10_remove_book,E10 拿掉盘口（5通道）,20260812,0.08409150460374916,0.09192527707377288,-0.007833772470023717
2024-01-19,14,1,E10,e10_remove_book,E10 拿掉盘口（5通道）,20260812,0.003951639013763262,0.01954135297622271,-0.01558971396245945
2024-01-22,15,1,E10,e10_remove_book,E10 拿掉盘口（5通道）,20260812,0.021745100136385385,0.0509321052154174,-0.029187005079032012
2024-01-23,16,1,E10,e10_remove_book,E10 拿掉盘口（5通道）,20260812,0.03220251934621506,0.05169576421128,-0.019493244865064936
2024-01-24,17,1,E10,e10_remove_book,E10 拿掉盘口（5通道）,20260812,0.05482862499311087,0.07476560698990381,-0.01993698199679294
2024-01-25,18,1,E10,e10_remove_book,E10 拿掉盘口（5通道）,20260812,0.09475238843753192,0.07951240828315291,0.01523998015437901
2024-01-26,19,1,E10,e10_remove_book,E10 拿掉盘口（5通道）,20260812,0.05034029034029034,0.031086019086019087,0.019254271254271253
2024-01-29,20,1,E10,e10_remove_book,E10 拿掉盘口（5通道）,20260812,0.03254986454986455,0.049003321003321006,-0.016453456453456458
2024-01-30,21,1,E10,e10_remove_book,E10 拿掉盘口（5通道）,20260812,0.04598514998514999,0.016982800982800982,0.02900234900234901
2024-01-31,22,1,E10,e10_remove_book,E10 拿掉盘口（5通道）,20260812,0.023158949224543663,0.029820187817683055,-0.006661238593139392
2024-02-01,23,1,E10,e10_remove_book,E10 拿掉盘口（5通道）,20260812,-0.007579098136212363,-0.013613822239072737,0.006034724102860374
2024-02-02,24,1,E10,e10_remove_book,E10 拿掉盘口（5通道）,20260812,0.016063598668809086,0.020243670524231643,-0.004180071855422556
2024-02-05,25,1,E10,e10_remove_book,E10 拿掉盘口（5通道）,20260812,0.0808563220691669,0.1376632457281944,-0.05680692365902751
2024-02-06,26,1,E10,e10_remove_book,E10 拿掉盘口（5通道）,20260812,0.0006322746341714581,0.027226971308652224,-0.026594696674480767
2024-02-07,27,1,E10,e10_remove_book,E10 拿掉盘口（5通道）,20260812,0.0493918573918574,0.0665912465912466,-0.017199389199389202
2024-02-08,28,1,E10,e10_remove_book,E10 拿掉盘口（5通道）,20260812,-0.06777446699440742,-0.02067132904341297,-0.04710313795099445
2024-02-19,29,1,E10,e10_remove_book,E10 拿掉盘口（5通道）,20260812,0.01314224593078071,0.03986536225728407,-0.02672311632650336
2024-02-20,30,1,E10,e10_remove_book,E10 拿掉盘口（5通道）,20260812,0.01486851309154079,0.018403770679827243,-0.0035352575882864525
2024-02-21,31,1,E10,e10_remove_book,E10 拿掉盘口（5通道）,20260812,-0.0026159739344251295,-0.007628393473104753,0.005012419538679624
2024-02-22,32,1,E10,e10_remove_book,E10 拿掉盘口（5通道）,20260812,0.06369311773058932,0.06699713121525241,-0.003304013484663096
2024-02-23,33,1,E10,e10_remove_book,E10 拿掉盘口（5通道）,20260812,0.09469904707480742,0.1044597703786739,-0.009760723303866486
2024-02-26,34,1,E10,e10_remove_book,E10 拿掉盘口（5通道）,20260812,0.04319000544914549,0.06054665490993485,-0.01735664946078936
2024-02-27,35,1,E10,e10_remove_book,E10 拿掉盘口（5通道）,20260812,0.024526884526884528,0.03141886341886342,-0.0068919788919788935
2024-02-28,36,1,E10,e10_remove_book,E10 拿掉盘口（5通道）,20260812,0.03189995609135583,-0.013848985932079848,0.045748942023435685
2024-02-29,37,1,E10,e10_remove_book,E10 拿掉盘口（5通道）,20260812,0.08534144310351387,0.1072601906115427,-0.02191874750802883
2024-03-01,38,1,E10,e10_remove_book,E10 拿掉盘口（5通道）,20260812,0.011143823143823145,0.008320328320328321,0.0028234948234948237
2024-03-04,39,1,E10,e10_remove_book,E10 拿掉盘口（5通道）,20260812,0.09864530427855527,0.11056068995230926,-0.011915385673753998
2024-03-05,40,1,E10,e10_remove_book,E10 拿掉盘口（5通道）,20260812,0.09281216913674141,0.12009618091628652,-0.027284011779545106
2024-03-06,41,1,E10,e10_remove_book,E10 拿掉盘口（5通道）,20260812,0.03230650124903696,0.052127077942826255,-0.019820576693789296
2024-03-07,42,1,E10,e10_remove_book,E10 拿掉盘口（5通道）,20260812,0.09461578668603622,0.06456377429672375,0.030052012389312474
2024-03-08,43,1,E10,e10_remove_book,E10 拿掉盘口（5通道）,20260812,0.08247615395415388,0.11196108953515392,-0.029484935581000044
2024-03-11,44,1,E10,e10_remove_book,E10 拿掉盘口（5通道）,20260812,0.03953444823850124,0.04297593267609934,-0.0034414844375980982
2024-03-12,45,1,E10,e10_remove_book,E10 拿掉盘口（5通道）,20260812,0.053819118759654144,0.05223681875842403,0.001582300001230115
2024-03-13,46,1,E10,e10_remove_book,E10 拿掉盘口（5通道）,20260812,0.08111696481341818,0.06917151243418485,0.011945452379233334
2024-03-14,47,1,E10,e10_remove_book,E10 拿掉盘口（5通道）,20260812,0.032722010846336136,0.01998078577442599,0.012741225071910146
2024-03-15,48,1,E10,e10_remove_book,E10 拿掉盘口（5通道）,20260812,0.05473360861597459,0.04197448641356733,0.012759122202407255
2024-03-18,49,1,E10,e10_remove_book,E10 拿掉盘口（5通道）,20260812,0.1158270125513228,0.07989783640604974,0.035929176145273065
2024-03-19,50,1,E10,e10_remove_book,E10 拿掉盘口（5通道）,20260812,0.013845804954907925,0.036882140491652844,-0.023036335536744917
2024-03-20,51,1,E10,e10_remove_book,E10 拿掉盘口（5通道）,20260812,0.029589805385391812,0.036933547642099274,-0.007343742256707461
2024-03-21,52,1,E10,e10_remove_book,E10 拿掉盘口（5通道）,20260812,-0.01303977703977704,0.005315861315861316,-0.018355638355638356
2024-03-22,53,1,E10,e10_remove_book,E10 拿掉盘口（5通道）,20260812,0.06695172409283573,0.06512652136415743,0.0018252027286782962
2024-03-25,54,1,E10,e10_remove_book,E10 拿掉盘口（5通道）,20260812,-0.026343327620368086,0.0024677857115500234,-0.02881111333191811
2024-03-26,55,1,E10,e10_remove_book,E10 拿掉盘口（5通道）,20260812,0.039129711247100386,0.016652608702566532,0.022477102544533854
2024-03-27,56,1,E10,e10_remove_book,E10 拿掉盘口（5通道）,20260812,0.016429808668699853,0.030073543832519145,-0.013643735163819292
2024-03-28,57,1,E10,e10_remove_book,E10 拿掉盘口（5通道）,20260812,0.08487176767253606,0.04562805513378098,0.039243712538755075
2024-03-29,58,1,E10,e10_remove_book,E10 拿掉盘口（5通道）,20260812,0.11502327226973867,0.12113608476765836,-0.006112812497919687
2024-04-01,59,1,E10,e10_remove_book,E10 拿掉盘口（5通道）,20260812,0.07972982834065026,0.10323903638885291,-0.023509208048202654
2024-04-02,60,1,E10,e10_remove_book,E10 拿掉盘口（5通道）,20260812,-0.021911520373128594,-0.030543062701490736,0.008631542328362142
2024-04-03,61,2,E10,e10_remove_book,E10 拿掉盘口（5通道）,20260812,0.01914420809355689,0.04203758729723426,-0.02289337920367737
2024-04-08,62,2,E10,e10_remove_book,E10 拿掉盘口（5通道）,20260812,0.06916361365350379,0.03666732798735182,0.032496285666151974
2024-04-09,63,2,E10,e10_remove_book,E10 拿掉盘口（5通道）,20260812,0.023145635215072125,0.009682605711653528,0.013463029503418596
2024-04-10,64,2,E10,e10_remove_book,E10 拿掉盘口（5通道）,20260812,0.034323665456346436,0.04963287327075812,-0.015309207814411682
2024-04-11,65,2,E10,e10_remove_book,E10 拿掉盘口（5通道）,20260812,0.1126618194215288,0.11427012112632859,-0.0016083017047997944
2024-04-12,66,2,E10,e10_remove_book,E10 拿掉盘口（5通道）,20260812,0.0037055257166422936,0.007637779660693,-0.003932253944050707
2024-04-15,67,2,E10,e10_remove_book,E10 拿掉盘口（5通道）,20260812,-0.00827018027018027,-0.041875301875301876,0.03360512160512161
2024-04-16,68,2,E10,e10_remove_book,E10 拿掉盘口（5通道）,20260812,-0.06606257406257406,0.01714969714969715,-0.0832122712122712
2024-04-17,69,2,E10,e10_remove_book,E10 拿掉盘口（5通道）,20260812,0.0125968150503004,-0.011029505426567629,0.02362632047686803
2024-04-18,70,2,E10,e10_remove_book,E10 拿掉盘口（5通道）,20260812,-0.015595969526154344,-0.021864033373770478,0.006268063847616134
2024-04-19,71,2,E10,e10_remove_book,E10 拿掉盘口（5通道）,20260812,0.09312851071622152,0.06645551844284968,0.026672992273371846
2024-04-22,72,2,E10,e10_remove_book,E10 拿掉盘口（5通道）,20260812,0.07775954242511511,0.07295809733558331,0.0048014450895318
2024-04-23,73,2,E10,e10_remove_book,E10 拿掉盘口（5通道）,20260812,0.10055126001645004,0.12141897668970172,-0.020867716673251685
2024-04-24,74,2,E10,e10_remove_book,E10 拿掉盘口（5通道）,20260812,-0.0019160423582193402,0.02417348891749981,-0.026089531275719148
2024-04-25,75,2,E10,e10_remove_book,E10 拿掉盘口（5通道）,20260812,0.04434348741217242,0.055459782972983894,-0.011116295560811472
2024-04-26,76,2,E10,e10_remove_book,E10 拿掉盘口（5通道）,20260812,0.02354845127725978,0.06838558197510376,-0.04483713069784398
2024-04-29,77,2,E10,e10_remove_book,E10 拿掉盘口（5通道）,20260812,0.09269172828147526,0.06433853503728859,0.02835319324418667
2024-04-30,78,2,E10,e10_remove_book,E10 拿掉盘口（5通道）,20260812,-0.013164395373707704,-0.03932216531609432,0.02615776994238661
2024-05-06,79,2,E10,e10_remove_book,E10 拿掉盘口（5通道）,20260812,0.06156916004194355,0.07556131609378723,-0.01399215605184368
2024-05-07,80,2,E10,e10_remove_book,E10 拿掉盘口（5通道）,20260812,0.012129995763689528,-0.0078258980658792,0.01995589382956873
2024-05-08,81,2,E10,e10_remove_book,E10 拿掉盘口（5通道）,20260812,0.016469323129558355,0.005052898620381295,0.01141642450917706
2024-05-09,82,2,E10,e10_remove_book,E10 拿掉盘口（5通道）,20260812,0.04954265346961375,0.03613455181997089,0.013408101649642859
2024-05-10,83,2,E10,e10_remove_book,E10 拿掉盘口（5通道）,20260812,0.06915005436605076,0.05528480791393221,0.013865246452118549
2024-05-13,84,2,E10,e10_remove_book,E10 拿掉盘口（5通道）,20260812,0.060478978463078086,0.04926505492275765,0.011213923540320435
2024-05-14,85,2,E10,e10_remove_book,E10 拿掉盘口（5通道）,20260812,0.11947300520876815,0.09586672389226913,0.023606281316499014
2024-05-15,86,2,E10,e10_remove_book,E10 拿掉盘口（5通道）,20260812,0.003088640271692064,0.016523211413286425,-0.01343457114159436
2024-05-16,87,2,E10,e10_remove_book,E10 拿掉盘口（5通道）,20260812,0.040337765360799006,0.026316342893384595,0.014021422467414411
2024-05-17,88,2,E10,e10_remove_book,E10 拿掉盘口（5通道）,20260812,2.0927336202231617e-05,-0.02368708263824803,0.023708009974450262
2024-05-20,89,2,E10,e10_remove_book,E10 拿掉盘口（5通道）,20260812,0.06013156479656538,0.005228906517227046,0.05490265827933834
2024-05-21,90,2,E10,e10_remove_book,E10 拿掉盘口（5通道）,20260812,0.10056046762317532,0.09483106743760995,0.005729400185565364
2024-05-22,91,2,E10,e10_remove_book,E10 拿掉盘口（5通道）,20260812,0.06320443384072098,0.0438149579010116,0.019389475939709383
2024-05-23,92,2,E10,e10_remove_book,E10 拿掉盘口（5通道）,20260812,0.11862380060972767,0.12073789087432041,-0.0021140902645927356
2024-05-24,93,2,E10,e10_remove_book,E10 拿掉盘口（5通道）,20260812,0.05428354933792816,0.08617218137007852,-0.031888632032150366
2024-05-27,94,2,E10,e10_remove_book,E10 拿掉盘口（5通道）,20260812,0.04244786912726049,0.027284085498436045,0.015163783628824447
2024-05-28,95,2,E10,e10_remove_book,E10 拿掉盘口（5通道）,20260812,0.01713064295819619,0.05553944001750773,-0.038408797059311536
2024-05-29,96,2,E10,e10_remove_book,E10 拿掉盘口（5通道）,20260812,0.08321942306734996,0.03232364459862206,0.0508957784687279
2024-05-30,97,2,E10,e10_remove_book,E10 拿掉盘口（5通道）,20260812,0.10523765704778822,0.13018396122744216,-0.024946304179653947
2024-05-31,98,2,E10,e10_remove_book,E10 拿掉盘口（5通道）,20260812,0.007861500574107333,-0.05734420881063212,0.06520570938473945
2024-06-03,99,2,E10,e10_remove_book,E10 拿掉盘口（5通道）,20260812,-0.0029094310890332713,-0.005579377864844381,0.0026699467758111097
2024-06-04,100,2,E10,e10_remove_book,E10 拿掉盘口（5通道）,20260812,0.0036542076856616165,0.009166843822685017,-0.0055126361370234
2024-06-05,101,2,E10,e10_remove_book,E10 拿掉盘口（5通道）,20260812,0.02624916045822677,0.025036727184438144,0.001212433273788626
2024-06-06,102,2,E10,e10_remove_book,E10 拿掉盘口（5通道）,20260812,0.10769826114767693,0.10421437005073564,0.003483891096941291
2024-06-07,103,2,E10,e10_remove_book,E10 拿掉盘口（5通道）,20260812,-0.017566061882388236,-0.024754785449759616,0.00718872356737138
2024-06-11,104,2,E10,e10_remove_book,E10 拿掉盘口（5通道）,20260812,0.024482200781954268,0.01786365102025987,0.006618549761694396
2024-06-12,105,2,E10,e10_remove_book,E10 拿掉盘口（5通道）,20260812,0.0952015622814183,0.020778459129513243,0.07442310315190505
2024-06-13,106,2,E10,e10_remove_book,E10 拿掉盘口（5通道）,20260812,0.03395019090024041,0.06817945211075041,-0.03422926121051
2024-06-14,107,2,E10,e10_remove_book,E10 拿掉盘口（5通道）,20260812,0.053949124034135224,0.028679454175420876,0.025269669858714348
2024-06-17,108,2,E10,e10_remove_book,E10 拿掉盘口（5通道）,20260812,0.006658539974493707,0.05137548496048284,-0.04471694498598913
2024-06-18,109,2,E10,e10_remove_book,E10 拿掉盘口（5通道）,20260812,0.03476021286449351,0.046446274585613415,-0.011686061721119904
2024-06-19,110,2,E10,e10_remove_book,E10 拿掉盘口（5通道）,20260812,0.09413523441764013,0.07162785584273941,0.02250737857490072
2024-06-20,111,2,E10,e10_remove_book,E10 拿掉盘口（5通道）,20260812,0.021305941513699876,-0.030452451739179025,0.0517583932528789
2024-06-21,112,2,E10,e10_remove_book,E10 拿掉盘口（5通道）,20260812,0.007414576901550849,0.01638149572418109,-0.00896691882263024
2024-06-24,113,2,E10,e10_remove_book,E10 拿掉盘口（5通道）,20260812,0.02620236938502134,0.02380704960551576,0.0023953197795055815
2024-06-25,114,2,E10,e10_remove_book,E10 拿掉盘口（5通道）,20260812,0.06089479878945518,0.0337409053354183,0.027153893454036883
2024-06-26,115,2,E10,e10_remove_book,E10 拿掉盘口（5通道）,20260812,0.001314141816879131,-0.01945331533116255,0.020767457148041683
2024-06-27,116,2,E10,e10_remove_book,E10 拿掉盘口（5通道）,20260812,0.006672376247812148,0.00796918695387558,-0.0012968107060634324
2024-06-28,117,2,E10,e10_remove_book,E10 拿掉盘口（5通道）,20260812,0.039791966701876895,0.08015457634021513,-0.04036260963833823
2024-07-01,118,2,E10,e10_remove_book,E10 拿掉盘口（5通道）,20260812,0.006751957625902725,0.026024258405983942,-0.019272300780081218
2024-07-02,119,2,E10,e10_remove_book,E10 拿掉盘口（5通道）,20260812,0.05285922298945027,0.06297267083549243,-0.010113447846042165
2024-07-03,120,2,E10,e10_remove_book,E10 拿掉盘口（5通道）,20260812,0.024530285944443155,0.06883014117622717,-0.044299855231784015
2024-07-04,121,3,E10,e10_remove_book,E10 拿掉盘口（5通道）,20260812,0.04151777901306956,0.047801356800439364,-0.006283577787369807
2024-07-05,122,3,E10,e10_remove_book,E10 拿掉盘口（5通道）,20260812,0.02751801500899697,-0.005637713866170779,0.033155728875167746
2024-07-08,123,3,E10,e10_remove_book,E10 拿掉盘口（5通道）,20260812,-0.022769190305766972,-0.006636323778323299,-0.016132866527443675
2024-07-09,124,3,E10,e10_remove_book,E10 拿掉盘口（5通道）,20260812,-0.04857886343257084,-0.057940096409034275,0.009361232976463435
2024-07-10,125,3,E10,e10_remove_book,E10 拿掉盘口（5通道）,20260812,0.07966393133404102,0.07388284342436867,0.0057810879096723555
2024-07-11,126,3,E10,e10_remove_book,E10 拿掉盘口（5通道）,20260812,-0.002438781885123338,0.017653797102512896,-0.020092578987636233
2024-07-12,127,3,E10,e10_remove_book,E10 拿掉盘口（5通道）,20260812,0.03189580553875357,0.047782246040564455,-0.015886440501810886
2024-07-15,128,3,E10,e10_remove_book,E10 拿掉盘口（5通道）,20260812,-0.009778173701196822,-0.03457807704172057,0.024799903340523746
2024-07-16,129,3,E10,e10_remove_book,E10 拿掉盘口（5通道）,20260812,0.0602540195101173,0.03936556006135791,0.02088845944875939
2024-07-17,130,3,E10,e10_remove_book,E10 拿掉盘口（5通道）,20260812,0.043132371667139194,-0.011290905298065965,0.05442327696520516
2024-07-18,131,3,E10,e10_remove_book,E10 拿掉盘口（5通道）,20260812,0.02736464114275493,-0.005804981920254593,0.03316962306300952
2024-07-19,132,3,E10,e10_remove_book,E10 拿掉盘口（5通道）,20260812,0.02948691985498893,0.028263939739362726,0.001222980115626205
2024-07-22,133,3,E10,e10_remove_book,E10 拿掉盘口（5通道）,20260812,-0.015782223535930263,0.0008027477477746704,-0.016584971283704935
2024-07-23,134,3,E10,e10_remove_book,E10 拿掉盘口（5通道）,20260812,0.0446726513128202,0.02629406965646583,0.01837858165635437
2024-07-24,135,3,E10,e10_remove_book,E10 拿掉盘口（5通道）,20260812,0.006587420555765034,-0.020096579924410836,0.02668400048017587
2024-07-25,136,3,E10,e10_remove_book,E10 拿掉盘口（5通道）,20260812,0.0636210999125561,0.09719625210337968,-0.033575152190823576
2024-07-26,137,3,E10,e10_remove_book,E10 拿掉盘口（5通道）,20260812,0.047925708989671835,0.045916852610920704,0.002008856378751131
2024-07-29,138,3,E10,e10_remove_book,E10 拿掉盘口（5通道）,20260812,0.02729294564447321,0.006698317301206498,0.02059462834326671
2024-07-30,139,3,E10,e10_remove_book,E10 拿掉盘口（5通道）,20260812,0.05729282850738181,0.07015435351188243,-0.01286152500450062
2024-07-31,140,3,E10,e10_remove_book,E10 拿掉盘口（5通道）,20260812,0.09839001488445738,0.07448621358203929,0.023903801302418093
2024-08-01,141,3,E10,e10_remove_book,E10 拿掉盘口（5通道）,20260812,0.030497429882767234,0.018239694575864523,0.01225773530690271
2024-08-02,142,3,E10,e10_remove_book,E10 拿掉盘口（5通道）,20260812,0.0377251826949085,0.015148264892705498,0.022576917802203004
2024-08-05,143,3,E10,e10_remove_book,E10 拿掉盘口（5通道）,20260812,0.011592846323935342,0.037965213874951616,-0.026372367551016275
2024-08-06,144,3,E10,e10_remove_book,E10 拿掉盘口（5通道）,20260812,0.04791655594801228,0.06848436957589797,-0.020567813627885692
2024-08-07,145,3,E10,e10_remove_book,E10 拿掉盘口（5通道）,20260812,0.03864380467364176,0.011452304124255465,0.027191500549386294
2024-08-08,146,3,E10,e10_remove_book,E10 拿掉盘口（5通道）,20260812,0.12693630839045664,0.13909289064737299,-0.012156582256916348
2024-08-09,147,3,E10,e10_remove_book,E10 拿掉盘口（5通道）,20260812,0.010642943365625296,0.016876018881724127,-0.0062330755160988315
2024-08-12,148,3,E10,e10_remove_book,E10 拿掉盘口（5通道）,20260812,0.08419826079216734,0.05003923211833698,0.03415902867383036
2024-08-13,149,3,E10,e10_remove_book,E10 拿掉盘口（5通道）,20260812,0.057625103612815726,0.07441487186664868,-0.01678976825383295
2024-08-14,150,3,E10,e10_remove_book,E10 拿掉盘口（5通道）,20260812,0.010744299829917795,0.010962158980146687,-0.00021785915022889263
2024-08-15,151,3,E10,e10_remove_book,E10 拿掉盘口（5通道）,20260812,0.014781883683727338,0.0021704552592764917,0.012611428424450847
2024-08-16,152,3,E10,e10_remove_book,E10 拿掉盘口（5通道）,20260812,0.07682085049911572,0.08265599976457683,-0.005835149265461109
2024-08-19,153,3,E10,e10_remove_book,E10 拿掉盘口（5通道）,20260812,0.0661273239154806,0.02912117336511213,0.03700615055036846
2024-08-20,154,3,E10,e10_remove_book,E10 拿掉盘口（5通道）,20260812,0.05282524109595216,0.09097901540729836,-0.0381537743113462
2024-08-21,155,3,E10,e10_remove_book,E10 拿掉盘口（5通道）,20260812,0.06642673927798586,0.039488757510973166,0.02693798176701269
2024-08-22,156,3,E10,e10_remove_book,E10 拿掉盘口（5通道）,20260812,-0.02027415251747196,-0.02049969068767237,0.00022553817020041014
2024-08-23,157,3,E10,e10_remove_book,E10 拿掉盘口（5通道）,20260812,0.04472783273897413,0.09449410324340507,-0.04976627050443094
2024-08-26,158,3,E10,e10_remove_book,E10 拿掉盘口（5通道）,20260812,0.04733718728983542,0.009549359153651625,0.037787828136183796
2024-08-27,159,3,E10,e10_remove_book,E10 拿掉盘口（5通道）,20260812,0.009072778079856502,0.027755694836577135,-0.01868291675672063
2024-08-28,160,3,E10,e10_remove_book,E10 拿掉盘口（5通道）,20260812,0.015997163052975848,-0.012173838977312376,0.028171002030288224
2024-08-29,161,3,E10,e10_remove_book,E10 拿掉盘口（5通道）,20260812,-0.004131406143800363,-0.007455463477829868,0.0033240573340295055
2024-08-30,162,3,E10,e10_remove_book,E10 拿掉盘口（5通道）,20260812,-0.0066465190453102,-0.03029110410857041,0.02364458506326021
2024-09-02,163,3,E10,e10_remove_book,E10 拿掉盘口（5通道）,20260812,0.03273422771625457,0.047766559199556,-0.01503233148330143
2024-09-03,164,3,E10,e10_remove_book,E10 拿掉盘口（5通道）,20260812,-0.07557582264663397,-0.09010149567891686,0.014525673032282888
2024-09-04,165,3,E10,e10_remove_book,E10 拿掉盘口（5通道）,20260812,0.07734696604194023,0.09263168606343784,-0.015284720021497611
2024-09-05,166,3,E10,e10_remove_book,E10 拿掉盘口（5通道）,20260812,0.009104409104409105,-0.004277788277788278,0.013382197382197383
2024-09-06,167,3,E10,e10_remove_book,E10 拿掉盘口（5通道）,20260812,-0.014770509532235283,0.004228543882007375,-0.018999053414242656
2024-09-09,168,3,E10,e10_remove_book,E10 拿掉盘口（5通道）,20260812,0.06771163522762716,0.04598022908403479,0.02173140614359237
2024-09-10,169,3,E10,e10_remove_book,E10 拿掉盘口（5通道）,20260812,-0.030543207496330667,-0.02084780400837782,-0.009695403487952847
2024-09-11,170,3,E10,e10_remove_book,E10 拿掉盘口（5通道）,20260812,0.058754842967374654,0.08061166754330805,-0.021856824575933395
2024-09-12,171,3,E10,e10_remove_book,E10 拿掉盘口（5通道）,20260812,0.03397637521146654,0.011156403567278936,0.022819971644187607
2024-09-13,172,3,E10,e10_remove_book,E10 拿掉盘口（5通道）,20260812,0.03906919023035028,0.028133773949577924,0.010935416280772353
2024-09-18,173,3,E10,e10_remove_book,E10 拿掉盘口（5通道）,20260812,0.10422249147852115,0.11827916305331336,-0.014056671574792207
2024-09-19,174,3,E10,e10_remove_book,E10 拿掉盘口（5通道）,20260812,0.06475516939178297,0.04295540260493097,0.021799766786852
2024-09-20,175,3,E10,e10_remove_book,E10 拿掉盘口（5通道）,20260812,-0.009619473792624324,0.03811498480105454,-0.04773445859367886
2024-09-23,176,3,E10,e10_remove_book,E10 拿掉盘口（5通道）,20260812,0.048031500031500036,0.04091054891054892,0.0071209511209511175
2024-09-24,177,3,E10,e10_remove_book,E10 拿掉盘口（5通道）,20260812,0.0978859090710382,0.09837952410516199,-0.0004936150341237899
2024-09-25,178,3,E10,e10_remove_book,E10 拿掉盘口（5通道）,20260812,0.053582789582789586,0.03963266763266764,0.01395012195012195
2024-09-26,179,3,E10,e10_remove_book,E10 拿掉盘口（5通道）,20260812,-0.06145891345891345,-0.048194352194352204,-0.013264561264561249
2024-09-27,180,3,E10,e10_remove_book,E10 拿掉盘口（5通道）,20260812,0.09243356043356044,0.08896440496440497,0.003469155469155466
2024-09-30,181,4,E10,e10_remove_book,E10 拿掉盘口（5通道）,20260812,0.027071476024066017,0.021691785301092444,0.005379690722973573
2024-10-08,182,4,E10,e10_remove_book,E10 拿掉盘口（5通道）,20260812,0.17114408817095272,0.1399512147909221,0.031192873380030628
2024-10-09,183,4,E10,e10_remove_book,E10 拿掉盘口（5通道）,20260812,0.07321896941553853,0.05671591041738776,0.01650305899815077
2024-10-10,184,4,E10,e10_remove_book,E10 拿掉盘口（5通道）,20260812,-0.008362238387325102,0.022507882575406226,-0.030870120962731326
2024-10-11,185,4,E10,e10_remove_book,E10 拿掉盘口（5通道）,20260812,0.050759289063844804,0.06816677057577121,-0.017407481511926406
2024-10-14,186,4,E10,e10_remove_book,E10 拿掉盘口（5通道）,20260812,-0.013770217770217773,-0.022737082737082737,0.008966864966864965
2024-10-15,187,4,E10,e10_remove_book,E10 拿掉盘口（5通道）,20260812,-0.02910433119164419,-0.01477458281890657,-0.01432974837273762
2024-10-16,188,4,E10,e10_remove_book,E10 拿掉盘口（5通道）,20260812,0.07781659828349788,0.0909512834969912,-0.013134685213493327
2024-10-17,189,4,E10,e10_remove_book,E10 拿掉盘口（5通道）,20260812,0.01568889129610572,0.02344053873512791,-0.0077516474390221905
2024-10-18,190,4,E10,e10_remove_book,E10 拿掉盘口（5通道）,20260812,-0.040796563673776945,-0.02464139239170937,-0.016155171282067574
2024-10-21,191,4,E10,e10_remove_book,E10 拿掉盘口（5通道）,20260812,0.021249659678038327,0.052188138361629444,-0.030938478683591116
2024-10-22,192,4,E10,e10_remove_book,E10 拿掉盘口（5通道）,20260812,0.0075082532213646335,0.016238410473624555,-0.00873015725225992
2024-10-23,193,4,E10,e10_remove_book,E10 拿掉盘口（5通道）,20260812,0.08630956784109155,0.08012256115271606,0.00618700668837549
2024-10-24,194,4,E10,e10_remove_book,E10 拿掉盘口（5通道）,20260812,-0.04484720701728388,-0.014259815016058438,-0.030587392001225445
2024-10-25,195,4,E10,e10_remove_book,E10 拿掉盘口（5通道）,20260812,0.021508869068537724,0.04722268968017103,-0.025713820611633305
2024-10-28,196,4,E10,e10_remove_book,E10 拿掉盘口（5通道）,20260812,0.07479476921915938,0.055874913864885245,0.018919855354274137
2024-10-29,197,4,E10,e10_remove_book,E10 拿掉盘口（5通道）,20260812,0.03535979788703217,0.03899133137752182,-0.003631533490489655
2024-10-30,198,4,E10,e10_remove_book,E10 拿掉盘口（5通道）,20260812,-0.0042697737131962964,0.00884950979380066,-0.013119283506996957
2024-10-31,199,4,E10,e10_remove_book,E10 拿掉盘口（5通道）,20260812,0.06573420153059392,0.049402198086275835,0.016332003444318087
2024-11-01,200,4,E10,e10_remove_book,E10 拿掉盘口（5通道）,20260812,0.010344809248797616,0.008601725891193424,0.0017430833576041922
2024-11-04,201,4,E10,e10_remove_book,E10 拿掉盘口（5通道）,20260812,0.031619197659354656,0.040492139789629344,-0.008872942130274689
2024-11-05,202,4,E10,e10_remove_book,E10 拿掉盘口（5通道）,20260812,0.007263613848712464,0.011992883487140435,-0.004729269638427971
2024-11-06,203,4,E10,e10_remove_book,E10 拿掉盘口（5通道）,20260812,0.084457571153758,0.08199312556695865,0.0024644455867993548
2024-11-07,204,4,E10,e10_remove_book,E10 拿掉盘口（5通道）,20260812,0.10113556380182924,0.08664580852708097,0.014489755274748273
2024-11-08,205,4,E10,e10_remove_book,E10 拿掉盘口（5通道）,20260812,0.0026976768642287103,0.004691484128840385,-0.0019938072646116744
2024-11-11,206,4,E10,e10_remove_book,E10 拿掉盘口（5通道）,20260812,0.034942147148229394,0.02577939123815435,0.009162755910075045
2024-11-12,207,4,E10,e10_remove_book,E10 拿掉盘口（5通道）,20260812,0.1201259653081502,0.0974899382031493,0.0226360271050009
2024-11-13,208,4,E10,e10_remove_book,E10 拿掉盘口（5通道）,20260812,0.13996053733764158,0.12692688865930324,0.013033648678338339
2024-11-14,209,4,E10,e10_remove_book,E10 拿掉盘口（5通道）,20260812,-0.024676888030475845,-0.02393226849963794,-0.0007446195308379033
2024-11-15,210,4,E10,e10_remove_book,E10 拿掉盘口（5通道）,20260812,0.13008366321256223,0.17333680024715137,-0.043253137034589134
2024-11-18,211,4,E10,e10_remove_book,E10 拿掉盘口（5通道）,20260812,-0.010876648256733576,-0.015182834228112885,0.004306185971379309
2024-11-19,212,4,E10,e10_remove_book,E10 拿掉盘口（5通道）,20260812,-0.01847268052809857,-0.04724101738274043,0.028768336854641863
2024-11-20,213,4,E10,e10_remove_book,E10 拿掉盘口（5通道）,20260812,0.09693135691239047,0.0883074300196187,0.008623926892771763
2024-11-21,214,4,E10,e10_remove_book,E10 拿掉盘口（5通道）,20260812,-0.005271971303603132,0.011959956031715768,-0.0172319273353189
2024-11-22,215,4,E10,e10_remove_book,E10 拿掉盘口（5通道）,20260812,0.08700460004865526,0.05689626957902483,0.030108330469630434
2024-11-25,216,4,E10,e10_remove_book,E10 拿掉盘口（5通道）,20260812,0.13041277810612054,0.1329560549164414,-0.002543276810320877
2024-11-26,217,4,E10,e10_remove_book,E10 拿掉盘口（5通道）,20260812,-0.018996166621508277,-0.05769435602553068,0.0386981894040224
2024-11-27,218,4,E10,e10_remove_book,E10 拿掉盘口（5通道）,20260812,0.03549521036767959,0.06979521939624836,-0.03430000902856877
2024-11-28,219,4,E10,e10_remove_book,E10 拿掉盘口（5通道）,20260812,0.06561312600680476,0.05589249222784718,0.009720633778957578
2024-11-29,220,4,E10,e10_remove_book,E10 拿掉盘口（5通道）,20260812,0.033143572137879315,0.04249694577185416,-0.009353373633974843
2024-12-02,221,4,E10,e10_remove_book,E10 拿掉盘口（5通道）,20260812,0.038910251018128915,0.052232891693751775,-0.01332264067562286
2024-12-03,222,4,E10,e10_remove_book,E10 拿掉盘口（5通道）,20260812,0.02585835967259877,0.04951588521807441,-0.02365752554547564
2024-12-04,223,4,E10,e10_remove_book,E10 拿掉盘口（5通道）,20260812,0.024451370211868932,0.05722887134935023,-0.0327775011374813
2024-12-05,224,4,E10,e10_remove_book,E10 拿掉盘口（5通道）,20260812,0.18247226647226647,0.1815155775155775,0.0009566889566889614
2024-12-06,225,4,E10,e10_remove_book,E10 拿掉盘口（5通道）,20260812,-0.029016377016377014,-0.04638223038223039,0.017365853365853376
2024-12-09,226,4,E10,e10_remove_book,E10 拿掉盘口（5通道）,20260812,0.04035052035052036,0.03730878130878131,0.0030417390417390444
2024-12-10,227,4,E10,e10_remove_book,E10 拿掉盘口（5通道）,20260812,-0.0041955402081268285,-0.0034994375099358225,-0.000696102698191006
2024-12-11,228,4,E10,e10_remove_book,E10 拿掉盘口（5通道）,20260812,0.030226158385553793,0.027988433659973805,0.0022377247255799884
2024-12-12,229,4,E10,e10_remove_book,E10 拿掉盘口（5通道）,20260812,-0.014473746323447093,-0.01734275399246482,0.002869007669017728
2024-12-13,230,4,E10,e10_remove_book,E10 拿掉盘口（5通道）,20260812,0.14363077509594366,0.13690720972629958,0.00672356536964408
2024-12-16,231,4,E10,e10_remove_book,E10 拿掉盘口（5通道）,20260812,0.06590219685005476,0.03860245645915599,0.027299740390898768
2024-12-17,232,4,E10,e10_remove_book,E10 拿掉盘口（5通道）,20260812,-0.01177400059553265,-0.017480848961759617,0.005706848366226966
2024-12-18,233,4,E10,e10_remove_book,E10 拿掉盘口（5通道）,20260812,0.034546709258441055,0.052575633189413384,-0.01802892393097233
2024-12-19,234,4,E10,e10_remove_book,E10 拿掉盘口（5通道）,20260812,-0.030037304646712063,-0.09226444704994037,0.06222714240322831
2024-12-20,235,4,E10,e10_remove_book,E10 拿掉盘口（5通道）,20260812,0.032032657840242125,0.026928541376598593,0.005104116463643532
2024-12-23,236,4,E10,e10_remove_book,E10 拿掉盘口（5通道）,20260812,-0.00037134244829754187,-0.013508958160543337,0.013137615712245795
2024-12-24,237,4,E10,e10_remove_book,E10 拿掉盘口（5通道）,20260812,0.04562600991935731,0.04313204888861089,0.0024939610307464152
2024-12-25,238,4,E10,e10_remove_book,E10 拿掉盘口（5通道）,20260812,-0.08403254727220652,-0.07699785399314465,-0.0070346932790618655
2024-12-26,239,4,E10,e10_remove_book,E10 拿掉盘口（5通道）,20260812,0.12748858197685198,0.15839085985287288,-0.0309022778760209
2024-12-27,240,4,E10,e10_remove_book,E10 拿掉盘口（5通道）,20260812,0.07471943886695961,0.04547538667119549,0.029244052195764127
2024-01-02,1,1,E10,e10_remove_book,E10 拿掉盘口（5通道）,20260823,0.04850785668144289,0.03443507019170606,0.014072786489736831
2024-01-03,2,1,E10,e10_remove_book,E10 拿掉盘口（5通道）,20260823,0.052235645131125226,0.037891870042789495,0.01434377508833573
2024-01-04,3,1,E10,e10_remove_book,E10 拿掉盘口（5通道）,20260823,0.07166066745725753,0.04860551761150774,0.023055149845749794
2024-01-05,4,1,E10,e10_remove_book,E10 拿掉盘口（5通道）,20260823,0.044443820574748015,0.03286226449641621,0.011581556078331806
2024-01-08,5,1,E10,e10_remove_book,E10 拿掉盘口（5通道）,20260823,0.03781255992010828,0.02583496887197757,0.011977591048130707
2024-01-09,6,1,E10,e10_remove_book,E10 拿掉盘口（5通道）,20260823,0.007993354032099463,0.0012170412922296939,0.006776312739869769
2024-01-10,7,1,E10,e10_remove_book,E10 拿掉盘口（5通道）,20260823,0.007887787872000626,0.008574380300819551,-0.0006865924288189246
2024-01-11,8,1,E10,e10_remove_book,E10 拿掉盘口（5通道）,20260823,0.07271597302971858,0.06560738767814507,0.007108585351573507
2024-01-12,9,1,E10,e10_remove_book,E10 拿掉盘口（5通道）,20260823,0.03004850735786587,0.02847275483580602,0.00157575252205985
2024-01-15,10,1,E10,e10_remove_book,E10 拿掉盘口（5通道）,20260823,0.0036890060385161446,0.02410376569275371,-0.020414759654237568
2024-01-16,11,1,E10,e10_remove_book,E10 拿掉盘口（5通道）,20260823,0.024468516612805184,0.008810209006601791,0.015658307606203393
2024-01-17,12,1,E10,e10_remove_book,E10 拿掉盘口（5通道）,20260823,-0.01301091334444506,-0.06097113588927257,0.047960222544827506
2024-01-18,13,1,E10,e10_remove_book,E10 拿掉盘口（5通道）,20260823,0.0719486800443023,0.07666047169190712,-0.004711791647604824
2024-01-19,14,1,E10,e10_remove_book,E10 拿掉盘口（5通道）,20260823,0.0166278864034375,0.012944110443108439,0.0036837759603290613
2024-01-22,15,1,E10,e10_remove_book,E10 拿掉盘口（5通道）,20260823,0.03569726292972225,0.03582946126230631,-0.00013219833258405755
2024-01-23,16,1,E10,e10_remove_book,E10 拿掉盘口（5通道）,20260823,0.027400825840274094,0.04169094971739846,-0.014290123877124365
2024-01-24,17,1,E10,e10_remove_book,E10 拿掉盘口（5通道）,20260823,0.06890798711471108,0.0663572165562882,0.0025507705584228713
2024-01-25,18,1,E10,e10_remove_book,E10 拿掉盘口（5通道）,20260823,0.07850633921671972,0.05029632531410493,0.028210013902614788
2024-01-26,19,1,E10,e10_remove_book,E10 拿掉盘口（5通道）,20260823,0.06336177936177938,0.03383834183834184,0.029523437523437536
2024-01-29,20,1,E10,e10_remove_book,E10 拿掉盘口（5通道）,20260823,0.05272319272319273,0.03505360705360706,0.017669585669585673
2024-01-30,21,1,E10,e10_remove_book,E10 拿掉盘口（5通道）,20260823,0.04284423084423084,0.04035774435774436,0.002486486486486479
2024-01-31,22,1,E10,e10_remove_book,E10 拿掉盘口（5通道）,20260823,0.015778512453691544,0.014265016948762903,0.0015134955049286407
2024-02-01,23,1,E10,e10_remove_book,E10 拿掉盘口（5通道）,20260823,0.0010852937105442113,0.018623721918311097,-0.017538428207766885
2024-02-02,24,1,E10,e10_remove_book,E10 拿掉盘口（5通道）,20260823,0.030329969247804914,0.05616503878628127,-0.025835069538476356
2024-02-05,25,1,E10,e10_remove_book,E10 拿掉盘口（5通道）,20260823,0.1179716697412448,0.12845047637723353,-0.010478806635988727
2024-02-06,26,1,E10,e10_remove_book,E10 拿掉盘口（5通道）,20260823,0.02831988440484406,0.015385359431515509,0.012934524973328552
2024-02-07,27,1,E10,e10_remove_book,E10 拿掉盘口（5通道）,20260823,0.0606927606927607,0.07135125535125535,-0.010658494658494645
2024-02-08,28,1,E10,e10_remove_book,E10 拿掉盘口（5通道）,20260823,-0.052718249667178176,-0.05485430584168336,0.0021360561745051854
2024-02-19,29,1,E10,e10_remove_book,E10 拿掉盘口（5通道）,20260823,0.04170191620403125,0.006227958601636129,0.03547395760239512
2024-02-20,30,1,E10,e10_remove_book,E10 拿掉盘口（5通道）,20260823,0.005857853945721755,0.012895837089274649,-0.007037983143552894
2024-02-21,31,1,E10,e10_remove_book,E10 拿掉盘口（5通道）,20260823,0.01128998898014486,-0.023222416926518004,0.034512405906662866
2024-02-22,32,1,E10,e10_remove_book,E10 拿掉盘口（5通道）,20260823,0.06390502608235721,0.018040529947283643,0.04586449613507357
2024-02-23,33,1,E10,e10_remove_book,E10 拿掉盘口（5通道）,20260823,0.1115952321043087,0.1041647199765202,0.007430512127788502
2024-02-26,34,1,E10,e10_remove_book,E10 拿掉盘口（5通道）,20260823,0.043327033586995786,0.05345569177642592,-0.010128658189430137
2024-02-27,35,1,E10,e10_remove_book,E10 拿掉盘口（5通道）,20260823,0.01132826332826333,-0.004641364641364642,0.015969627969627972
2024-02-28,36,1,E10,e10_remove_book,E10 拿掉盘口（5通道）,20260823,0.025137325288149243,-0.03760044182604448,0.06273776711419372
2024-02-29,37,1,E10,e10_remove_book,E10 拿掉盘口（5通道）,20260823,0.0978801328395699,0.05283027630199848,0.04504985653757142
2024-03-01,38,1,E10,e10_remove_book,E10 拿掉盘口（5通道）,20260823,-0.00879023679023679,0.0026065586065586064,-0.011396795396795396
2024-03-04,39,1,E10,e10_remove_book,E10 拿掉盘口（5通道）,20260823,0.08848901590184075,0.09785414600316224,-0.009365130101321492
2024-03-05,40,1,E10,e10_remove_book,E10 拿掉盘口（5通道）,20260823,0.113980084514072,0.1090683758003486,0.0049117087137234006
2024-03-06,41,1,E10,e10_remove_book,E10 拿掉盘口（5通道）,20260823,0.030829158454699013,0.06417147589989605,-0.03334231744519704
2024-03-07,42,1,E10,e10_remove_book,E10 拿掉盘口（5通道）,20260823,0.09796382729818155,0.054330630100479164,0.04363319719770239
2024-03-08,43,1,E10,e10_remove_book,E10 拿掉盘口（5通道）,20260823,0.07859268143879267,0.12514849611302817,-0.0465558146742355
2024-03-11,44,1,E10,e10_remove_book,E10 拿掉盘口（5通道）,20260823,0.010572589286975187,0.017245696945358362,-0.006673107658383175
2024-03-12,45,1,E10,e10_remove_book,E10 拿掉盘口（5通道）,20260823,0.07888849295514745,0.0653992058060741,0.013489287149073353
2024-03-13,46,1,E10,e10_remove_book,E10 拿掉盘口（5通道）,20260823,0.07208128537379577,0.06937532556684407,0.002705959806951694
2024-03-14,47,1,E10,e10_remove_book,E10 拿掉盘口（5通道）,20260823,0.031017839623422024,0.015347133765982682,0.015670705857439342
2024-03-15,48,1,E10,e10_remove_book,E10 拿掉盘口（5通道）,20260823,0.03662849446740808,0.052273937296442,-0.01564544282903392
2024-03-18,49,1,E10,e10_remove_book,E10 拿掉盘口（5通道）,20260823,0.09632079115544465,0.07991464843138545,0.0164061427240592
2024-03-19,50,1,E10,e10_remove_book,E10 拿掉盘口（5通道）,20260823,0.048297234118916794,0.031714285416858896,0.016582948702057898
2024-03-20,51,1,E10,e10_remove_book,E10 拿掉盘口（5通道）,20260823,0.037252304174104,0.030063788176469194,0.007188515997634808
2024-03-21,52,1,E10,e10_remove_book,E10 拿掉盘口（5通道）,20260823,0.000651996651996652,0.007050655050655051,-0.006398658398658399
2024-03-22,53,1,E10,e10_remove_book,E10 拿掉盘口（5通道）,20260823,0.06461747460313245,0.06712040234500974,-0.002502927741877284
2024-03-25,54,1,E10,e10_remove_book,E10 拿掉盘口（5通道）,20260823,-0.02492458948658575,-0.011862203840756083,-0.013062385645829669
2024-03-26,55,1,E10,e10_remove_book,E10 拿掉盘口（5通道）,20260823,0.034281724384569556,0.013342357382384455,0.0209393670021851
2024-03-27,56,1,E10,e10_remove_book,E10 拿掉盘口（5通道）,20260823,0.01823593094080173,0.014363622069437042,0.0038723088713646867
2024-03-28,57,1,E10,e10_remove_book,E10 拿掉盘口（5通道）,20260823,0.07436635082044044,0.05741001530454585,0.016956335515894587
2024-03-29,58,1,E10,e10_remove_book,E10 拿掉盘口（5通道）,20260823,0.12112495475582716,0.1418812868198082,-0.02075633206398103
2024-04-01,59,1,E10,e10_remove_book,E10 拿掉盘口（5通道）,20260823,0.09640708681905275,0.0642099831446617,0.03219710367439105
2024-04-02,60,1,E10,e10_remove_book,E10 拿掉盘口（5通道）,20260823,-0.011529871139588603,-0.031433548179696826,0.019903677040108224
2024-04-03,61,2,E10,e10_remove_book,E10 拿掉盘口（5通道）,20260823,0.03409574847250742,0.019479380550396976,0.014616367922110442
2024-04-08,62,2,E10,e10_remove_book,E10 拿掉盘口（5通道）,20260823,0.08146755640038848,0.059470315611247014,0.02199724078914147
2024-04-09,63,2,E10,e10_remove_book,E10 拿掉盘口（5通道）,20260823,0.045912112049848394,0.021812205877642498,0.024099906172205896
2024-04-10,64,2,E10,e10_remove_book,E10 拿掉盘口（5通道）,20260823,0.02054541922341807,0.027008247899520096,-0.006462828676102025
2024-04-11,65,2,E10,e10_remove_book,E10 拿掉盘口（5通道）,20260823,0.1235916110071079,0.12392847536418412,-0.000336864357076222
2024-04-12,66,2,E10,e10_remove_book,E10 拿掉盘口（5通道）,20260823,0.017240009291729322,0.002145662152099139,0.015094347139630183
2024-04-15,67,2,E10,e10_remove_book,E10 拿掉盘口（5通道）,20260823,0.028336252336252338,0.006844590844590845,0.02149166149166149
2024-04-16,68,2,E10,e10_remove_book,E10 拿掉盘口（5通道）,20260823,-0.05806777006777007,-0.025703125703125704,-0.03236464436464437
2024-04-17,69,2,E10,e10_remove_book,E10 拿掉盘口（5通道）,20260823,0.020367969101216004,0.04679649048116417,-0.026428521379948163
2024-04-18,70,2,E10,e10_remove_book,E10 拿掉盘口（5通道）,20260823,-0.024305652430677616,-0.04545978291564965,0.021154130484972035
2024-04-19,71,2,E10,e10_remove_book,E10 拿掉盘口（5通道）,20260823,0.06895390909114377,0.06754095559341305,0.0014129534977307123
2024-04-22,72,2,E10,e10_remove_book,E10 拿掉盘口（5通道）,20260823,0.0953692490914042,0.08197319089158249,0.013396058199821717
2024-04-23,73,2,E10,e10_remove_book,E10 拿掉盘口（5通道）,20260823,0.09732040710524721,0.11754419913013406,-0.020223792024886847
2024-04-24,74,2,E10,e10_remove_book,E10 拿掉盘口（5通道）,20260823,0.015857776136162835,0.0426302950313036,-0.026772518895140762
2024-04-25,75,2,E10,e10_remove_book,E10 拿掉盘口（5通道）,20260823,0.03746361581992724,0.054995071815070885,-0.017531455995143642
2024-04-26,76,2,E10,e10_remove_book,E10 拿掉盘口（5通道）,20260823,0.024112513068795048,0.05594018414652953,-0.03182767107773448
2024-04-29,77,2,E10,e10_remove_book,E10 拿掉盘口（5通道）,20260823,0.1081171406173312,0.08111255848430277,0.027004582133028435
2024-04-30,78,2,E10,e10_remove_book,E10 拿掉盘口（5通道）,20260823,0.0077856111160042405,-0.009191143598124387,0.016976754714128628
2024-05-06,79,2,E10,e10_remove_book,E10 拿掉盘口（5通道）,20260823,0.0794880233634923,0.0802966317777133,-0.000808608414221007
2024-05-07,80,2,E10,e10_remove_book,E10 拿掉盘口（5通道）,20260823,0.02462535288181574,0.0031840317366987184,0.021441321145117022
2024-05-08,81,2,E10,e10_remove_book,E10 拿掉盘口（5通道）,20260823,0.03198239741935762,0.008329162880290085,0.023653234539067536
2024-05-09,82,2,E10,e10_remove_book,E10 拿掉盘口（5通道）,20260823,0.05123833313760655,0.03612989385533703,0.015108439282269522
2024-05-10,83,2,E10,e10_remove_book,E10 拿掉盘口（5通道）,20260823,0.05859816927776049,0.053495508004150184,0.0051026612736103025
2024-05-13,84,2,E10,e10_remove_book,E10 拿掉盘口（5通道）,20260823,0.05772544468264788,0.07386216700245644,-0.01613672231980856
2024-05-14,85,2,E10,e10_remove_book,E10 拿掉盘口（5通道）,20260823,0.13134115579897357,0.10696130895009347,0.024379846848880102
2024-05-15,86,2,E10,e10_remove_book,E10 拿掉盘口（5通道）,20260823,0.013938191080289587,0.01873968678546955,-0.004801495705179962
2024-05-16,87,2,E10,e10_remove_book,E10 拿掉盘口（5通道）,20260823,0.05055990185895209,0.06369627374783103,-0.013136371888878944
2024-05-17,88,2,E10,e10_remove_book,E10 拿掉盘口（5通道）,20260823,-0.018663411297892073,-0.006145822028753955,-0.012517589269138117
2024-05-20,89,2,E10,e10_remove_book,E10 拿掉盘口（5通道）,20260823,0.05794271754082212,0.0236249042447611,0.034317813296061025
2024-05-21,90,2,E10,e10_remove_book,E10 拿掉盘口（5通道）,20260823,0.08699042922841772,0.06682054082015725,0.020169888408260478
2024-05-22,91,2,E10,e10_remove_book,E10 拿掉盘口（5通道）,20260823,0.045471550390142904,0.03824764902549316,0.007223901364649746
2024-05-23,92,2,E10,e10_remove_book,E10 拿掉盘口（5通道）,20260823,0.10478434847909748,0.11139628174929457,-0.006611933270197087
2024-05-24,93,2,E10,e10_remove_book,E10 拿掉盘口（5通道）,20260823,0.06988727424141232,0.06910911728015305,0.0007781569612592687
2024-05-27,94,2,E10,e10_remove_book,E10 拿掉盘口（5通道）,20260823,0.053559367155663444,0.046694784386898835,0.0068645827687646085
2024-05-28,95,2,E10,e10_remove_book,E10 拿掉盘口（5通道）,20260823,0.01854588076194089,0.0282386842801325,-0.009692803518191611
2024-05-29,96,2,E10,e10_remove_book,E10 拿掉盘口（5通道）,20260823,0.04996199154823234,0.06072981949680296,-0.010767827948570619
2024-05-30,97,2,E10,e10_remove_book,E10 拿掉盘口（5通道）,20260823,0.0958672996806341,0.11005427299747791,-0.01418697331684382
2024-05-31,98,2,E10,e10_remove_book,E10 拿掉盘口（5通道）,20260823,0.016318920110455035,-0.03961263028042524,0.055931550390880276
2024-06-03,99,2,E10,e10_remove_book,E10 拿掉盘口（5通道）,20260823,-0.014711531924502612,-0.013744612878089717,-0.0009669190464128945
2024-06-04,100,2,E10,e10_remove_book,E10 拿掉盘口（5通道）,20260823,0.0149481369934297,0.01245900917380972,0.0024891278196199802
2024-06-05,101,2,E10,e10_remove_book,E10 拿掉盘口（5通道）,20260823,0.055382538521649004,0.030186698408448488,0.025195840113200516
2024-06-06,102,2,E10,e10_remove_book,E10 拿掉盘口（5通道）,20260823,0.10502148186031254,0.09726874656582642,0.007752735294486127
2024-06-07,103,2,E10,e10_remove_book,E10 拿掉盘口（5通道）,20260823,-0.010034315939603564,-0.00373493468066979,-0.0062993812589337735
2024-06-11,104,2,E10,e10_remove_book,E10 拿掉盘口（5通道）,20260823,0.020808667960344404,0.0109343478149844,0.009874320145360004
2024-06-12,105,2,E10,e10_remove_book,E10 拿掉盘口（5通道）,20260823,0.09758868502579467,-0.020427270243106897,0.11801595526890156
2024-06-13,106,2,E10,e10_remove_book,E10 拿掉盘口（5通道）,20260823,0.013052024666335593,0.023899725569201755,-0.010847700902866162
2024-06-14,107,2,E10,e10_remove_book,E10 拿掉盘口（5通道）,20260823,0.04682612272006519,0.01774829741031934,0.029077825309745852
2024-06-17,108,2,E10,e10_remove_book,E10 拿掉盘口（5通道）,20260823,0.018724660049543075,0.08016868809270469,-0.06144402804316162
2024-06-18,109,2,E10,e10_remove_book,E10 拿掉盘口（5通道）,20260823,0.06045482463618912,0.026292014370890415,0.0341628102652987
2024-06-19,110,2,E10,e10_remove_book,E10 拿掉盘口（5通道）,20260823,0.09268676096482126,0.09622261851128637,-0.0035358575464651126
2024-06-20,111,2,E10,e10_remove_book,E10 拿掉盘口（5通道）,20260823,0.02688904225269028,-0.01653019129877448,0.043419233551464764
2024-06-21,112,2,E10,e10_remove_book,E10 拿掉盘口（5通道）,20260823,0.006369892939031214,0.02260678714786931,-0.016236894208838094
2024-06-24,113,2,E10,e10_remove_book,E10 拿掉盘口（5通道）,20260823,0.02360949528729337,0.03629834168444829,-0.012688846397154917
2024-06-25,114,2,E10,e10_remove_book,E10 拿掉盘口（5通道）,20260823,0.06292848779519546,0.04798709746215282,0.014941390333042634
2024-06-26,115,2,E10,e10_remove_book,E10 拿掉盘口（5通道）,20260823,-0.00946743350766749,-0.014359975421713926,0.004892541914046436
2024-06-27,116,2,E10,e10_remove_book,E10 拿掉盘口（5通道）,20260823,0.034073870258461716,0.03128643767077079,0.002787432587690923
2024-06-28,117,2,E10,e10_remove_book,E10 拿掉盘口（5通道）,20260823,0.039746614724812786,0.07299812342654548,-0.03325150870173269
2024-07-01,118,2,E10,e10_remove_book,E10 拿掉盘口（5通道）,20260823,0.004331702382510817,-0.0007018190156033105,0.005033521398114128
2024-07-02,119,2,E10,e10_remove_book,E10 拿掉盘口（5通道）,20260823,0.020739903778050444,0.027027874188584253,-0.006287970410533809
2024-07-03,120,2,E10,e10_remove_book,E10 拿掉盘口（5通道）,20260823,0.0325640231367481,0.062045863872163924,-0.02948184073541582
2024-07-04,121,3,E10,e10_remove_book,E10 拿掉盘口（5通道）,20260823,0.04346631322134786,0.028199547518946,0.015266765702401864
2024-07-05,122,3,E10,e10_remove_book,E10 拿掉盘口（5通道）,20260823,0.014098888467625942,-0.012831067540486376,0.026929956008112318
2024-07-08,123,3,E10,e10_remove_book,E10 拿掉盘口（5通道）,20260823,-0.008145107128913769,-0.016462944103979058,0.00831783697506529
2024-07-09,124,3,E10,e10_remove_book,E10 拿掉盘口（5通道）,20260823,-0.04810144011747217,-0.04301266797859984,-0.005088772138872336
2024-07-10,125,3,E10,e10_remove_book,E10 拿掉盘口（5通道）,20260823,0.06740301867650085,0.06443306665341737,0.0029699520230834775
2024-07-11,126,3,E10,e10_remove_book,E10 拿掉盘口（5通道）,20260823,-0.014111029278763948,0.016495925605769617,-0.030606954884533563
2024-07-12,127,3,E10,e10_remove_book,E10 拿掉盘口（5通道）,20260823,0.04437633491465431,0.021887307461006582,0.022489027453647725
2024-07-15,128,3,E10,e10_remove_book,E10 拿掉盘口（5通道）,20260823,0.0007269622309734273,-0.04823617702206367,0.048963139253037094
2024-07-16,129,3,E10,e10_remove_book,E10 拿掉盘口（5通道）,20260823,0.03945834781369333,0.04958585452527108,-0.01012750671157775
2024-07-17,130,3,E10,e10_remove_book,E10 拿掉盘口（5通道）,20260823,0.02024646578871216,0.021383338728798093,-0.0011368729400859333
2024-07-18,131,3,E10,e10_remove_book,E10 拿掉盘口（5通道）,20260823,0.032494931886182965,0.022899395801153966,0.009595536085029
2024-07-19,132,3,E10,e10_remove_book,E10 拿掉盘口（5通道）,20260823,0.049598839898598875,0.007991415616287082,0.04160742428231179
2024-07-22,133,3,E10,e10_remove_book,E10 拿掉盘口（5通道）,20260823,-0.024861023503921813,-0.004065094313262908,-0.020795929190658907
2024-07-23,134,3,E10,e10_remove_book,E10 拿掉盘口（5通道）,20260823,0.02829967727660377,0.023961906288073587,0.0043377709885301825
2024-07-24,135,3,E10,e10_remove_book,E10 拿掉盘口（5通道）,20260823,0.0011594118042515507,-0.028473055263452025,0.029632467067703575
2024-07-25,136,3,E10,e10_remove_book,E10 拿掉盘口（5通道）,20260823,0.0849902139209967,0.07472683234399115,0.010263381577005556
2024-07-26,137,3,E10,e10_remove_book,E10 拿掉盘口（5通道）,20260823,0.02231564526169694,0.0017413038283366395,0.020574341433360302
2024-07-29,138,3,E10,e10_remove_book,E10 拿掉盘口（5通道）,20260823,0.005419054316326229,0.003008381280368635,0.0024106730359575936
2024-07-30,139,3,E10,e10_remove_book,E10 拿掉盘口（5通道）,20260823,0.04413057688970632,0.10609618759729597,-0.06196561070758965
2024-07-31,140,3,E10,e10_remove_book,E10 拿掉盘口（5通道）,20260823,0.08201745236487441,0.057486954971409605,0.024530497393464808
2024-08-01,141,3,E10,e10_remove_book,E10 拿掉盘口（5通道）,20260823,0.025914784327942284,0.02662348635815835,-0.0007087020302160643
2024-08-02,142,3,E10,e10_remove_book,E10 拿掉盘口（5通道）,20260823,0.031214971907053222,0.02561334678880305,0.0056016251182501725
2024-08-05,143,3,E10,e10_remove_book,E10 拿掉盘口（5通道）,20260823,0.03552904036759669,0.06269258838990573,-0.02716354802230904
2024-08-06,144,3,E10,e10_remove_book,E10 拿掉盘口（5通道）,20260823,0.04925818464158269,0.07231264715745758,-0.02305446251587489
2024-08-07,145,3,E10,e10_remove_book,E10 拿掉盘口（5通道）,20260823,0.028639011728578738,0.006355861406504229,0.022283150322074508
2024-08-08,146,3,E10,e10_remove_book,E10 拿掉盘口（5通道）,20260823,0.11814359558897698,0.13483170483315376,-0.016688109244176783
2024-08-09,147,3,E10,e10_remove_book,E10 拿掉盘口（5通道）,20260823,0.03193545779187105,0.010272661651797643,0.021662796140073406
2024-08-12,148,3,E10,e10_remove_book,E10 拿掉盘口（5通道）,20260823,0.08001414535914579,0.07790830107234258,0.0021058442868032157
2024-08-13,149,3,E10,e10_remove_book,E10 拿掉盘口（5通道）,20260823,0.06371803776744502,0.04489194343133309,0.018826094336111925
2024-08-14,150,3,E10,e10_remove_book,E10 拿掉盘口（5通道）,20260823,0.020735116688501695,-0.0036243298823361116,0.024359446570837807
2024-08-15,151,3,E10,e10_remove_book,E10 拿掉盘口（5通道）,20260823,0.0255551490969489,-0.03283886446225539,0.05839401355920429
2024-08-16,152,3,E10,e10_remove_book,E10 拿掉盘口（5通道）,20260823,0.0750260111129519,0.09126641799408582,-0.016240406881133915
2024-08-19,153,3,E10,e10_remove_book,E10 拿掉盘口（5通道）,20260823,0.06021597567572375,0.01491377353780767,0.04530220213791608
2024-08-20,154,3,E10,e10_remove_book,E10 拿掉盘口（5通道）,20260823,0.07437967959316427,0.08234349840196667,-0.007963818808802398
2024-08-21,155,3,E10,e10_remove_book,E10 拿掉盘口（5通道）,20260823,0.05428006317021056,0.058291318357313625,-0.0040112551871030674
2024-08-22,156,3,E10,e10_remove_book,E10 拿掉盘口（5通道）,20260823,0.0033094117156057387,-0.017144848770960806,0.020454260486566546
2024-08-23,157,3,E10,e10_remove_book,E10 拿掉盘口（5通道）,20260823,0.059881926302657956,0.0611977713442564,-0.001315845041598443
2024-08-26,158,3,E10,e10_remove_book,E10 拿掉盘口（5通道）,20260823,0.04637369416447544,0.018807681967372803,0.027566012197102637
2024-08-27,159,3,E10,e10_remove_book,E10 拿掉盘口（5通道）,20260823,0.008997243995938136,0.03462138246435613,-0.025624138468417993
2024-08-28,160,3,E10,e10_remove_book,E10 拿掉盘口（5通道）,20260823,0.033962562204091384,-0.027086704874427454,0.061049267078518835
2024-08-29,161,3,E10,e10_remove_book,E10 拿掉盘口（5通道）,20260823,-0.008865806892404314,0.0040433140554439985,-0.012909120947848313
2024-08-30,162,3,E10,e10_remove_book,E10 拿掉盘口（5通道）,20260823,-0.02530315482134416,-0.05537023069244464,0.030067075871100482
2024-09-02,163,3,E10,e10_remove_book,E10 拿掉盘口（5通道）,20260823,0.049135910609987954,0.02830505315420476,0.020830857455783194
2024-09-03,164,3,E10,e10_remove_book,E10 拿掉盘口（5通道）,20260823,-0.08453350331688102,-0.09784980209851799,0.013316298781636968
2024-09-04,165,3,E10,e10_remove_book,E10 拿掉盘口（5通道）,20260823,0.06684237803482206,0.10539091079402131,-0.038548532759199255
2024-09-05,166,3,E10,e10_remove_book,E10 拿掉盘口（5通道）,20260823,0.01039019839019839,-0.014451506451506453,0.024841704841704844
2024-09-06,167,3,E10,e10_remove_book,E10 拿掉盘口（5通道）,20260823,-0.008009354929440578,-0.03622197751777961,0.028212622588339037
2024-09-09,168,3,E10,e10_remove_book,E10 拿掉盘口（5通道）,20260823,0.07917608796463423,0.042602939331865854,0.03657314863276837
2024-09-10,169,3,E10,e10_remove_book,E10 拿掉盘口（5通道）,20260823,-0.008338372800764762,0.0078006389434304,-0.016139011744195162
2024-09-11,170,3,E10,e10_remove_book,E10 拿掉盘口（5通道）,20260823,0.05516588403539824,0.07192271707674676,-0.01675683304134852
2024-09-12,171,3,E10,e10_remove_book,E10 拿掉盘口（5通道）,20260823,0.041706237803308656,0.01928011092937295,0.022426126873935706
2024-09-13,172,3,E10,e10_remove_book,E10 拿掉盘口（5通道）,20260823,0.03907586424019306,0.03885811940328441,0.00021774483690865237
2024-09-18,173,3,E10,e10_remove_book,E10 拿掉盘口（5通道）,20260823,0.08763777710265754,0.07862144711256386,0.009016329990093677
2024-09-19,174,3,E10,e10_remove_book,E10 拿掉盘口（5通道）,20260823,0.03455736997428883,-0.0025710938669255023,0.03712846384121433
2024-09-20,175,3,E10,e10_remove_book,E10 拿掉盘口（5通道）,20260823,0.030508111057257065,0.02869243720890109,0.001815673848355976
2024-09-23,176,3,E10,e10_remove_book,E10 拿掉盘口（5通道）,20260823,0.04225759825759826,0.07523397923397923,-0.03297638097638097
2024-09-24,177,3,E10,e10_remove_book,E10 拿掉盘口（5通道）,20260823,0.08478356162161244,0.06446628305690166,0.020317278564710772
2024-09-25,178,3,E10,e10_remove_book,E10 拿掉盘口（5通道）,20260823,0.0602845082845083,0.0012860532860532862,0.05899845499845501
2024-09-26,179,3,E10,e10_remove_book,E10 拿掉盘口（5通道）,20260823,-0.05352876552876553,-0.04295797895797896,-0.01057078657078657
2024-09-27,180,3,E10,e10_remove_book,E10 拿掉盘口（5通道）,20260823,0.08466661266661268,-0.018629802629802628,0.10329641529641531
2024-09-30,181,4,E10,e10_remove_book,E10 拿掉盘口（5通道）,20260823,0.003020497143478558,0.010519200877919877,-0.007498703734441319
2024-10-08,182,4,E10,e10_remove_book,E10 拿掉盘口（5通道）,20260823,0.14752496841011822,0.14415310301802164,0.003371865392096579
2024-10-09,183,4,E10,e10_remove_book,E10 拿掉盘口（5通道）,20260823,0.050304819813964424,0.06551051547583098,-0.015205695661866553
2024-10-10,184,4,E10,e10_remove_book,E10 拿掉盘口（5通道）,20260823,-0.025360981437064386,-0.012039270075387886,-0.0133217113616765
2024-10-11,185,4,E10,e10_remove_book,E10 拿掉盘口（5通道）,20260823,0.03128080346848829,0.033356325556463506,-0.0020755220879752137
2024-10-14,186,4,E10,e10_remove_book,E10 拿掉盘口（5通道）,20260823,-0.017353325353325354,-0.02279212679212679,0.005438801438801436
2024-10-15,187,4,E10,e10_remove_book,E10 拿掉盘口（5通道）,20260823,-0.0008590148615919063,-0.030306906397827117,0.02944789153623521
2024-10-16,188,4,E10,e10_remove_book,E10 拿掉盘口（5通道）,20260823,0.11384659252967211,0.08162477811452679,0.03222181441514532
2024-10-17,189,4,E10,e10_remove_book,E10 拿掉盘口（5通道）,20260823,0.037350677330637246,0.008552913635077963,0.02879776369555928
2024-10-18,190,4,E10,e10_remove_book,E10 拿掉盘口（5通道）,20260823,-0.03348717504813308,-0.03153955603921713,-0.001947619008915949
2024-10-21,191,4,E10,e10_remove_book,E10 拿掉盘口（5通道）,20260823,0.03161504669610123,0.07926885866409063,-0.047653811967989394
2024-10-22,192,4,E10,e10_remove_book,E10 拿掉盘口（5通道）,20260823,0.007529760026459109,0.004599438214846811,0.002930321811612298
2024-10-23,193,4,E10,e10_remove_book,E10 拿掉盘口（5通道）,20260823,0.06394432384516198,0.10507692166260704,-0.04113259781744506
2024-10-24,194,4,E10,e10_remove_book,E10 拿掉盘口（5通道）,20260823,-0.030483479663062234,-0.012083191065028663,-0.01840028859803357
2024-10-25,195,4,E10,e10_remove_book,E10 拿掉盘口（5通道）,20260823,-0.0056179781893535815,0.01401818721762831,-0.019636165406981893
2024-10-28,196,4,E10,e10_remove_book,E10 拿掉盘口（5通道）,20260823,0.06274839929283597,0.05808693369144287,0.0046614656013931055
2024-10-29,197,4,E10,e10_remove_book,E10 拿掉盘口（5通道）,20260823,0.026815440568121542,0.04250762671739067,-0.015692186149269125
2024-10-30,198,4,E10,e10_remove_book,E10 拿掉盘口（5通道）,20260823,-0.006719267755058455,-0.002866036719708666,-0.003853231035349789
2024-10-31,199,4,E10,e10_remove_book,E10 拿掉盘口（5通道）,20260823,0.06388032559942904,0.051552534808671606,0.01232779079075743
2024-11-01,200,4,E10,e10_remove_book,E10 拿掉盘口（5通道）,20260823,-0.031146277617282905,0.001952483458578127,-0.03309876107586103
2024-11-04,201,4,E10,e10_remove_book,E10 拿掉盘口（5通道）,20260823,0.029671422415891578,0.025352399750276002,0.004319022665615575
2024-11-05,202,4,E10,e10_remove_book,E10 拿掉盘口（5通道）,20260823,0.003017731219432764,-0.017274279817294295,0.020292011036727058
2024-11-06,203,4,E10,e10_remove_book,E10 拿掉盘口（5通道）,20260823,0.0737966005045914,0.09984125014569382,-0.026044649641102424
2024-11-07,204,4,E10,e10_remove_book,E10 拿掉盘口（5通道）,20260823,0.09498319319891704,0.07529429621769645,0.01968889698122059
2024-11-08,205,4,E10,e10_remove_book,E10 拿掉盘口（5通道）,20260823,0.005544549287065541,-0.008810656581754471,0.014355205868820012
2024-11-11,206,4,E10,e10_remove_book,E10 拿掉盘口（5通道）,20260823,0.020537018573905455,0.001477897152649366,0.01905912142125609
2024-11-12,207,4,E10,e10_remove_book,E10 拿掉盘口（5通道）,20260823,0.11141952894585636,0.11511288107439753,-0.0036933521285411747
2024-11-13,208,4,E10,e10_remove_book,E10 拿掉盘口（5通道）,20260823,0.13470137213412775,0.12827600453044488,0.006425367603682869
2024-11-14,209,4,E10,e10_remove_book,E10 拿掉盘口（5通道）,20260823,0.011485714010120898,-0.007353160120078107,0.018838874130199006
2024-11-15,210,4,E10,e10_remove_book,E10 拿掉盘口（5通道）,20260823,0.12495265643886166,0.1539562974415988,-0.02900364100273714
2024-11-18,211,4,E10,e10_remove_book,E10 拿掉盘口（5通道）,20260823,-0.018762281432307744,-0.03547538341232244,0.016713101980014695
2024-11-19,212,4,E10,e10_remove_book,E10 拿掉盘口（5通道）,20260823,-0.01243290647020519,-0.026172992251511228,0.013740085781306038
2024-11-20,213,4,E10,e10_remove_book,E10 拿掉盘口（5通道）,20260823,0.10712275614853359,0.06077832686360612,0.04634442928492747
2024-11-21,214,4,E10,e10_remove_book,E10 拿掉盘口（5通道）,20260823,0.00900992106398059,0.0007947547995233283,0.008215166264457263
2024-11-22,215,4,E10,e10_remove_book,E10 拿掉盘口（5通道）,20260823,0.05004839064897134,0.06922399005467793,-0.019175599405706588
2024-11-25,216,4,E10,e10_remove_book,E10 拿掉盘口（5通道）,20260823,0.11474848879708074,0.1340806361591037,-0.01933214736202296
2024-11-26,217,4,E10,e10_remove_book,E10 拿掉盘口（5通道）,20260823,-0.018436326216615367,-0.05478832171723821,0.03635199550062284
2024-11-27,218,4,E10,e10_remove_book,E10 拿掉盘口（5通道）,20260823,0.0603690086266088,0.043026507988733795,0.017342500637875007
2024-11-28,219,4,E10,e10_remove_book,E10 拿掉盘口（5通道）,20260823,0.06826835667796681,0.061339921707961244,0.006928434970005566
2024-11-29,220,4,E10,e10_remove_book,E10 拿掉盘口（5通道）,20260823,0.04264795392739256,0.0292449421222904,0.013403011805102161
2024-12-02,221,4,E10,e10_remove_book,E10 拿掉盘口（5通道）,20260823,0.031851466039590805,0.029493169619301634,0.002358296420289171
2024-12-03,222,4,E10,e10_remove_book,E10 拿掉盘口（5通道）,20260823,0.04278879732785447,0.04335810411643833,-0.0005693067885838635
2024-12-04,223,4,E10,e10_remove_book,E10 拿掉盘口（5通道）,20260823,0.039947856824102616,0.057349105478241215,-0.0174012486541386
2024-12-05,224,4,E10,e10_remove_book,E10 拿掉盘口（5通道）,20260823,0.15435263835263838,0.13838233838233838,0.0159702999703
2024-12-06,225,4,E10,e10_remove_book,E10 拿掉盘口（5通道）,20260823,-0.020059892059892063,-0.03181300381300381,0.011753111753111747
2024-12-09,226,4,E10,e10_remove_book,E10 拿掉盘口（5通道）,20260823,0.04462695262695263,0.04333032733032734,0.0012966252966252964
2024-12-10,227,4,E10,e10_remove_book,E10 拿掉盘口（5通道）,20260823,0.005032673047771067,0.023928143999928434,-0.018895470952157368
2024-12-11,228,4,E10,e10_remove_book,E10 拿掉盘口（5通道）,20260823,0.02567098191182343,0.027642396235623153,-0.001971414323799721
2024-12-12,229,4,E10,e10_remove_book,E10 拿掉盘口（5通道）,20260823,-0.008832455385057905,-0.0004781487404229254,-0.00835430664463498
2024-12-13,230,4,E10,e10_remove_book,E10 拿掉盘口（5通道）,20260823,0.10101542219329418,0.1359405228965374,-0.03492510070324323
2024-12-16,231,4,E10,e10_remove_book,E10 拿掉盘口（5通道）,20260823,0.03247506948341178,0.023753640768344384,0.008721428715067394
2024-12-17,232,4,E10,e10_remove_book,E10 拿掉盘口（5通道）,20260823,-0.0032926476966893014,-0.005957294289113148,0.002664646592423846
2024-12-18,233,4,E10,e10_remove_book,E10 拿掉盘口（5通道）,20260823,0.04193859921668449,0.05308225347050475,-0.01114365425382026
2024-12-19,234,4,E10,e10_remove_book,E10 拿掉盘口（5通道）,20260823,-0.05670933892300004,-0.05945885947512296,0.002749520552122915
2024-12-20,235,4,E10,e10_remove_book,E10 拿掉盘口（5通道）,20260823,0.02968379508954466,0.05186932456349662,-0.02218552947395196
2024-12-23,236,4,E10,e10_remove_book,E10 拿掉盘口（5通道）,20260823,0.013064370404680727,0.003866980503455904,0.009197389901224822
2024-12-24,237,4,E10,e10_remove_book,E10 拿掉盘口（5通道）,20260823,0.047950025847457514,0.026415069208432767,0.021534956639024747
2024-12-25,238,4,E10,e10_remove_book,E10 拿掉盘口（5通道）,20260823,-0.06681182576447647,-0.08237543993358809,0.015563614169111617
2024-12-26,239,4,E10,e10_remove_book,E10 拿掉盘口（5通道）,20260823,0.12045431426851214,0.12173937039690481,-0.0012850561283926781
2024-12-27,240,4,E10,e10_remove_book,E10 拿掉盘口（5通道）,20260823,0.08202967090691042,0.07058697499561804,0.011442695911292378
2024-01-02,1,1,E11,e11_add_book_orders,E11 增加挂单笔数与四五档（+4通道）,20260801,0.05674357428556069,0.05623915738651624,0.0005044168990444506
2024-01-03,2,1,E11,e11_add_book_orders,E11 增加挂单笔数与四五档（+4通道）,20260801,0.06944959437405086,0.06834481081009443,0.0011047835639564352
2024-01-04,3,1,E11,e11_add_book_orders,E11 增加挂单笔数与四五档（+4通道）,20260801,0.032446078341895494,0.0343444899747264,-0.0018984116328309084
2024-01-05,4,1,E11,e11_add_book_orders,E11 增加挂单笔数与四五档（+4通道）,20260801,0.06456550961185148,0.05971130371448168,0.004854205897369797
2024-01-08,5,1,E11,e11_add_book_orders,E11 增加挂单笔数与四五档（+4通道）,20260801,0.0396174520351345,0.03918983933000605,0.0004276127051284495
2024-01-09,6,1,E11,e11_add_book_orders,E11 增加挂单笔数与四五档（+4通道）,20260801,0.0016153636598574628,0.017842233848987213,-0.01622687018912975
2024-01-10,7,1,E11,e11_add_book_orders,E11 增加挂单笔数与四五档（+4通道）,20260801,-0.005216589523187743,-0.009745467261687365,0.004528877738499622
2024-01-11,8,1,E11,e11_add_book_orders,E11 增加挂单笔数与四五档（+4通道）,20260801,0.0586770688149617,0.0690119093021269,-0.010334840487165202
2024-01-12,9,1,E11,e11_add_book_orders,E11 增加挂单笔数与四五档（+4通道）,20260801,0.03360907086725591,0.0475904788193886,-0.013981407952132686
2024-01-15,10,1,E11,e11_add_book_orders,E11 增加挂单笔数与四五档（+4通道）,20260801,0.0001317409736670798,0.005053687500926055,-0.004921946527258975
2024-01-16,11,1,E11,e11_add_book_orders,E11 增加挂单笔数与四五档（+4通道）,20260801,0.016750425776477878,0.03145184061817328,-0.0147014148416954
2024-01-17,12,1,E11,e11_add_book_orders,E11 增加挂单笔数与四五档（+4通道）,20260801,-0.011986978910142264,-0.03844685315603391,0.02645987424589165
2024-01-18,13,1,E11,e11_add_book_orders,E11 增加挂单笔数与四五档（+4通道）,20260801,0.09917600937948952,0.0917383686550465,0.007437640724443015
2024-01-19,14,1,E11,e11_add_book_orders,E11 增加挂单笔数与四五档（+4通道）,20260801,-0.00970234763821938,-0.007669573380996225,-0.0020327742572231553
2024-01-22,15,1,E11,e11_add_book_orders,E11 增加挂单笔数与四五档（+4通道）,20260801,0.036077958260032954,0.04860695036630243,-0.012528992106269475
2024-01-23,16,1,E11,e11_add_book_orders,E11 增加挂单笔数与四五档（+4通道）,20260801,0.06461830005126348,0.04781292944936678,0.016805370601896706
2024-01-24,17,1,E11,e11_add_book_orders,E11 增加挂单笔数与四五档（+4通道）,20260801,0.046085404223660434,0.0617317279169231,-0.015646323693262666
2024-01-25,18,1,E11,e11_add_book_orders,E11 增加挂单笔数与四五档（+4通道）,20260801,0.12341195881667656,0.11369041251183745,0.00972154630483911
2024-01-26,19,1,E11,e11_add_book_orders,E11 增加挂单笔数与四五档（+4通道）,20260801,0.05697755697755698,0.054697122697122694,0.0022804342804342848
2024-01-29,20,1,E11,e11_add_book_orders,E11 增加挂单笔数与四五档（+4通道）,20260801,0.014439578439578441,0.009628857628857629,0.004810720810720813
2024-01-30,21,1,E11,e11_add_book_orders,E11 增加挂单笔数与四五档（+4通道）,20260801,0.0391925911925912,0.04168339768339768,-0.002490806490806484
2024-01-31,22,1,E11,e11_add_book_orders,E11 增加挂单笔数与四五档（+4通道）,20260801,0.011258655787811536,0.004211281548420613,0.007047374239390923
2024-02-01,23,1,E11,e11_add_book_orders,E11 增加挂单笔数与四五档（+4通道）,20260801,-0.00873982198631497,-0.0032077247588269625,-0.005532097227488008
2024-02-02,24,1,E11,e11_add_book_orders,E11 增加挂单笔数与四五档（+4通道）,20260801,-0.014798702510125352,-0.011102878429531733,-0.003695824080593619
2024-02-05,25,1,E11,e11_add_book_orders,E11 增加挂单笔数与四五档（+4通道）,20260801,0.06980939885653985,0.09698109843581491,-0.027171699579275066
2024-02-06,26,1,E11,e11_add_book_orders,E11 增加挂单笔数与四五档（+4通道）,20260801,0.018593580649361393,0.009810057839488014,0.008783522809873379
2024-02-07,27,1,E11,e11_add_book_orders,E11 增加挂单笔数与四五档（+4通道）,20260801,0.0390928230928231,0.033469293469293476,0.005623529623529626
2024-02-08,28,1,E11,e11_add_book_orders,E11 增加挂单笔数与四五档（+4通道）,20260801,-0.025169839622896744,-0.05330383826330737,0.028133998640410624
2024-02-19,29,1,E11,e11_add_book_orders,E11 增加挂单笔数与四五档（+4通道）,20260801,0.02005535725867873,0.035852930004105873,-0.015797572745427143
2024-02-20,30,1,E11,e11_add_book_orders,E11 增加挂单笔数与四五档（+4通道）,20260801,0.019933166232163724,0.015380361611067038,0.004552804621096687
2024-02-21,31,1,E11,e11_add_book_orders,E11 增加挂单笔数与四五档（+4通道）,20260801,0.00019074628688243967,0.017231905916788685,-0.017041159629906245
2024-02-22,32,1,E11,e11_add_book_orders,E11 增加挂单笔数与四五档（+4通道）,20260801,0.0831677580584965,0.06786985666397685,0.015297901394519642
2024-02-23,33,1,E11,e11_add_book_orders,E11 增加挂单笔数与四五档（+4通道）,20260801,0.09214977560015022,0.10331365481651834,-0.01116387921636812
2024-02-26,34,1,E11,e11_add_book_orders,E11 增加挂单笔数与四五档（+4通道）,20260801,0.05875633710887513,0.05538363771593955,0.0033726993929355797
2024-02-27,35,1,E11,e11_add_book_orders,E11 增加挂单笔数与四五档（+4通道）,20260801,0.027445887445887447,0.03632605232605233,-0.008880164880164881
2024-02-28,36,1,E11,e11_add_book_orders,E11 增加挂单笔数与四五档（+4通道）,20260801,0.037247221470704805,0.04203432028652621,-0.004787098815821407
2024-02-29,37,1,E11,e11_add_book_orders,E11 增加挂单笔数与四五档（+4通道）,20260801,0.1158985634527009,0.10532923218818983,0.010569331264511067
2024-03-01,38,1,E11,e11_add_book_orders,E11 增加挂单笔数与四五档（+4通道）,20260801,-0.0288934608934609,-0.03404069804069804,0.005147237147237145
2024-03-04,39,1,E11,e11_add_book_orders,E11 增加挂单笔数与四五档（+4通道）,20260801,0.09972162842260163,0.0944320529647599,0.0052895754578417276
2024-03-05,40,1,E11,e11_add_book_orders,E11 增加挂单笔数与四五档（+4通道）,20260801,0.09542792422012394,0.09498544398163812,0.0004424802384858234
2024-03-06,41,1,E11,e11_add_book_orders,E11 增加挂单笔数与四五档（+4通道）,20260801,0.04967631468209657,0.051161027621161925,-0.0014847129390653524
2024-03-07,42,1,E11,e11_add_book_orders,E11 增加挂单笔数与四五档（+4通道）,20260801,0.09406397047379465,0.07321872921159794,0.02084524126219671
2024-03-08,43,1,E11,e11_add_book_orders,E11 增加挂单笔数与四五档（+4通道）,20260801,0.09778713562230276,0.09440372670769856,0.0033834089146042023
2024-03-11,44,1,E11,e11_add_book_orders,E11 增加挂单笔数与四五档（+4通道）,20260801,0.03411922001966348,0.030675713519411976,0.0034435065002515024
2024-03-12,45,1,E11,e11_add_book_orders,E11 增加挂单笔数与四五档（+4通道）,20260801,0.031756094105151504,0.03505972293940628,-0.0033036288342547793
2024-03-13,46,1,E11,e11_add_book_orders,E11 增加挂单笔数与四五档（+4通道）,20260801,0.08257622038395032,0.06656943010332585,0.016006790280624475
2024-03-14,47,1,E11,e11_add_book_orders,E11 增加挂单笔数与四五档（+4通道）,20260801,0.050465324525033564,0.030362595155294703,0.02010272936973886
2024-03-15,48,1,E11,e11_add_book_orders,E11 增加挂单笔数与四五档（+4通道）,20260801,0.04177676955997724,0.03519290786384831,0.006583861696128936
2024-03-18,49,1,E11,e11_add_book_orders,E11 增加挂单笔数与四五档（+4通道）,20260801,0.10749701399801391,0.08933655863020533,0.01816045536780858
2024-03-19,50,1,E11,e11_add_book_orders,E11 增加挂单笔数与四五档（+4通道）,20260801,0.055821226419262765,0.04230468391511516,0.013516542504147605
2024-03-20,51,1,E11,e11_add_book_orders,E11 增加挂单笔数与四五档（+4通道）,20260801,0.04633484333286389,0.03331142559677677,0.013023417736087117
2024-03-21,52,1,E11,e11_add_book_orders,E11 增加挂单笔数与四五档（+4通道）,20260801,0.001567045567045567,0.0010043770043770043,0.0005626685626685627
2024-03-22,53,1,E11,e11_add_book_orders,E11 增加挂单笔数与四五档（+4通道）,20260801,0.06980978036563021,0.06610161282191927,0.0037081675437109357
2024-03-25,54,1,E11,e11_add_book_orders,E11 增加挂单笔数与四五档（+4通道）,20260801,-0.028591189001151887,-0.0222816755116428,-0.006309513489509089
2024-03-26,55,1,E11,e11_add_book_orders,E11 增加挂单笔数与四五档（+4通道）,20260801,0.037488559601025276,0.03509493520022001,0.002393624400805268
2024-03-27,56,1,E11,e11_add_book_orders,E11 增加挂单笔数与四五档（+4通道）,20260801,0.010656637406050211,0.0005002026292549241,0.010156434776795287
2024-03-28,57,1,E11,e11_add_book_orders,E11 增加挂单笔数与四五档（+4通道）,20260801,0.054784622592515174,0.06613794832050066,-0.011353325727985482
2024-03-29,58,1,E11,e11_add_book_orders,E11 增加挂单笔数与四五档（+4通道）,20260801,0.11145788847973569,0.1108555718394731,0.0006023166402625846
2024-04-01,59,1,E11,e11_add_book_orders,E11 增加挂单笔数与四五档（+4通道）,20260801,0.09040116416449041,0.09514229741766608,-0.0047411332531756695
2024-04-02,60,1,E11,e11_add_book_orders,E11 增加挂单笔数与四五档（+4通道）,20260801,-0.031286355935357675,-0.015230641282867847,-0.016055714652489828
2024-04-03,61,2,E11,e11_add_book_orders,E11 增加挂单笔数与四五档（+4通道）,20260801,0.03436345683739393,0.0384801584484585,-0.004116701611064567
2024-04-08,62,2,E11,e11_add_book_orders,E11 增加挂单笔数与四五档（+4通道）,20260801,0.08375273676783535,0.07315299978650783,0.010599736981327518
2024-04-09,63,2,E11,e11_add_book_orders,E11 增加挂单笔数与四五档（+4通道）,20260801,0.03798341609736635,0.02276506083335602,0.01521835526401033
2024-04-10,64,2,E11,e11_add_book_orders,E11 增加挂单笔数与四五档（+4通道）,20260801,0.019898450555099437,0.01565920017595379,0.004239250379145645
2024-04-11,65,2,E11,e11_add_book_orders,E11 增加挂单笔数与四五档（+4通道）,20260801,0.06886563699757535,0.09619091396236898,-0.02732527696479363
2024-04-12,66,2,E11,e11_add_book_orders,E11 增加挂单笔数与四五档（+4通道）,20260801,-0.0019167079224580465,-0.007052599073756873,0.005135891151298826
2024-04-15,67,2,E11,e11_add_book_orders,E11 增加挂单笔数与四五档（+4通道）,20260801,-0.03516550716550716,-0.029822417822417825,-0.005343089343089337
2024-04-16,68,2,E11,e11_add_book_orders,E11 增加挂单笔数与四五档（+4通道）,20260801,-0.042295842295842295,-0.03818430218430219,-0.004111540111540107
2024-04-17,69,2,E11,e11_add_book_orders,E11 增加挂单笔数与四五档（+4通道）,20260801,-0.0013997954501880874,0.017733186371581094,-0.01913298182176918
2024-04-18,70,2,E11,e11_add_book_orders,E11 增加挂单笔数与四五档（+4通道）,20260801,-0.015500269406337789,-0.012737139946899617,-0.002763129459438171
2024-04-19,71,2,E11,e11_add_book_orders,E11 增加挂单笔数与四五档（+4通道）,20260801,0.07070097894303781,0.07713171375961672,-0.006430734816578909
2024-04-22,72,2,E11,e11_add_book_orders,E11 增加挂单笔数与四五档（+4通道）,20260801,0.10077904682578982,0.09815889204842575,0.0026201547773640754
2024-04-23,73,2,E11,e11_add_book_orders,E11 增加挂单笔数与四五档（+4通道）,20260801,0.11421075662948948,0.10518459993713405,0.00902615669235543
2024-04-24,74,2,E11,e11_add_book_orders,E11 增加挂单笔数与四五档（+4通道）,20260801,0.0022427859462788814,0.005794622469385762,-0.003551836523106881
2024-04-25,75,2,E11,e11_add_book_orders,E11 增加挂单笔数与四五档（+4通道）,20260801,0.04427794688958943,0.05616149754577061,-0.011883550656181179
2024-04-26,76,2,E11,e11_add_book_orders,E11 增加挂单笔数与四五档（+4通道）,20260801,0.05340878850666448,0.04678343389265131,0.006625354614013167
2024-04-29,77,2,E11,e11_add_book_orders,E11 增加挂单笔数与四五档（+4通道）,20260801,0.09045423378605838,0.07590576945905676,0.014548464327001617
2024-04-30,78,2,E11,e11_add_book_orders,E11 增加挂单笔数与四五档（+4通道）,20260801,-6.302096805762369e-05,-0.0016033034975209963,0.0015402825294633727
2024-05-06,79,2,E11,e11_add_book_orders,E11 增加挂单笔数与四五档（+4通道）,20260801,0.07064960553303976,0.06007279756566719,0.010576807967372565
2024-05-07,80,2,E11,e11_add_book_orders,E11 增加挂单笔数与四五档（+4通道）,20260801,0.027023819491908196,0.01859703797564209,0.008426781516266104
2024-05-08,81,2,E11,e11_add_book_orders,E11 增加挂单笔数与四五档（+4通道）,20260801,0.01461267889901532,0.01632610576303421,-0.00171342686401889
2024-05-09,82,2,E11,e11_add_book_orders,E11 增加挂单笔数与四五档（+4通道）,20260801,0.041111665265806875,0.0660671140005791,-0.024955448734772227
2024-05-10,83,2,E11,e11_add_book_orders,E11 增加挂单笔数与四五档（+4通道）,20260801,0.05497526386331918,0.0549726162153797,2.6476479394813013e-06
2024-05-13,84,2,E11,e11_add_book_orders,E11 增加挂单笔数与四五档（+4通道）,20260801,0.035083356404189525,0.024054306985931348,0.011029049418258177
2024-05-14,85,2,E11,e11_add_book_orders,E11 增加挂单笔数与四五档（+4通道）,20260801,0.13169871794728752,0.1261433883191736,0.00555532962811392
2024-05-15,86,2,E11,e11_add_book_orders,E11 增加挂单笔数与四五档（+4通道）,20260801,0.04943357230290569,0.040076538314956875,0.009357033987948814
2024-05-16,87,2,E11,e11_add_book_orders,E11 增加挂单笔数与四五档（+4通道）,20260801,0.02815942714709709,0.024151586139206743,0.004007841007890346
2024-05-17,88,2,E11,e11_add_book_orders,E11 增加挂单笔数与四五档（+4通道）,20260801,0.0024279693854379124,-0.0032562138358714302,0.005684183221309343
2024-05-20,89,2,E11,e11_add_book_orders,E11 增加挂单笔数与四五档（+4通道）,20260801,0.04179160066059905,0.04989127654282078,-0.008099675882221727
2024-05-21,90,2,E11,e11_add_book_orders,E11 增加挂单笔数与四五档（+4通道）,20260801,0.08875073707493923,0.0798887646483871,0.008861972426552137
2024-05-22,91,2,E11,e11_add_book_orders,E11 增加挂单笔数与四五档（+4通道）,20260801,0.05574011169095114,0.03943645307787426,0.01630365861307688
2024-05-23,92,2,E11,e11_add_book_orders,E11 增加挂单笔数与四五档（+4通道）,20260801,0.11575354929490943,0.12859316982542013,-0.0128396205305107
2024-05-24,93,2,E11,e11_add_book_orders,E11 增加挂单笔数与四五档（+4通道）,20260801,0.058874786141338994,0.06076712348222722,-0.0018923373408882282
2024-05-27,94,2,E11,e11_add_book_orders,E11 增加挂单笔数与四五档（+4通道）,20260801,0.02660047326684927,0.04135444448241208,-0.014753971215562808
2024-05-28,95,2,E11,e11_add_book_orders,E11 增加挂单笔数与四五档（+4通道）,20260801,0.03697052527339892,0.031348778910144585,0.005621746363254333
2024-05-29,96,2,E11,e11_add_book_orders,E11 增加挂单笔数与四五档（+4通道）,20260801,0.06607681937395583,0.06151450135191297,0.004562318022042863
2024-05-30,97,2,E11,e11_add_book_orders,E11 增加挂单笔数与四五档（+4通道）,20260801,0.09055869487909406,0.0894468170958682,0.0011118777832258564
2024-05-31,98,2,E11,e11_add_book_orders,E11 增加挂单笔数与四五档（+4通道）,20260801,-0.006143720780617443,-0.010940540965485539,0.004796820184868096
2024-06-03,99,2,E11,e11_add_book_orders,E11 增加挂单笔数与四五档（+4通道）,20260801,-0.011335741729638023,-0.02186725680591361,0.010531515076275588
2024-06-04,100,2,E11,e11_add_book_orders,E11 增加挂单笔数与四五档（+4通道）,20260801,0.03118309095760336,3.677827146723704e-05,0.031146312686136123
2024-06-05,101,2,E11,e11_add_book_orders,E11 增加挂单笔数与四五档（+4通道）,20260801,0.014907070579866455,0.02644347621705523,-0.011536405637188774
2024-06-06,102,2,E11,e11_add_book_orders,E11 增加挂单笔数与四五档（+4通道）,20260801,0.10716743602486911,0.10766846670815293,-0.000501030683283818
2024-06-07,103,2,E11,e11_add_book_orders,E11 增加挂单笔数与四五档（+4通道）,20260801,-0.028359031430315495,-0.035922376622330984,0.007563345192015489
2024-06-11,104,2,E11,e11_add_book_orders,E11 增加挂单笔数与四五档（+4通道）,20260801,0.06047411588062457,0.04000969600001429,0.020464419880610277
2024-06-12,105,2,E11,e11_add_book_orders,E11 增加挂单笔数与四五档（+4通道）,20260801,0.08579223853604225,0.08975502321416269,-0.003962784678120446
2024-06-13,106,2,E11,e11_add_book_orders,E11 增加挂单笔数与四五档（+4通道）,20260801,0.06672257784818447,0.05477237349936748,0.011950204348816995
2024-06-14,107,2,E11,e11_add_book_orders,E11 增加挂单笔数与四五档（+4通道）,20260801,0.039134428957391415,0.0455190502546502,-0.006384621297258787
2024-06-17,108,2,E11,e11_add_book_orders,E11 增加挂单笔数与四五档（+4通道）,20260801,0.0476537453853165,0.017818094691508055,0.029835650693808443
2024-06-18,109,2,E11,e11_add_book_orders,E11 增加挂单笔数与四五档（+4通道）,20260801,0.061462495646883136,0.03542227152853834,0.026040224118344793
2024-06-19,110,2,E11,e11_add_book_orders,E11 增加挂单笔数与四五档（+4通道）,20260801,0.07881015704658753,0.09843037472566586,-0.01962021767907833
2024-06-20,111,2,E11,e11_add_book_orders,E11 增加挂单笔数与四五档（+4通道）,20260801,0.02754161473547149,0.019715848242342265,0.007825766493129226
2024-06-21,112,2,E11,e11_add_book_orders,E11 增加挂单笔数与四五档（+4通道）,20260801,-0.028163474095337822,-0.0134065729055709,-0.014756901189766922
2024-06-24,113,2,E11,e11_add_book_orders,E11 增加挂单笔数与四五档（+4通道）,20260801,0.03540922388255314,0.05134425115775667,-0.01593502727520353
2024-06-25,114,2,E11,e11_add_book_orders,E11 增加挂单笔数与四五档（+4通道）,20260801,0.08883861443258473,0.07609481448210179,0.012743799950482942
2024-06-26,115,2,E11,e11_add_book_orders,E11 增加挂单笔数与四五档（+4通道）,20260801,-0.0006004742307509046,-0.006802487960944229,0.006202013730193324
2024-06-27,116,2,E11,e11_add_book_orders,E11 增加挂单笔数与四五档（+4通道）,20260801,0.02394562500338866,0.033824157452411255,-0.009878532449022596
2024-06-28,117,2,E11,e11_add_book_orders,E11 增加挂单笔数与四五档（+4通道）,20260801,0.07567616489383333,0.05508426099144635,0.02059190390238698
2024-07-01,118,2,E11,e11_add_book_orders,E11 增加挂单笔数与四五档（+4通道）,20260801,0.05116616230344247,0.04822730758783248,0.0029388547156099856
2024-07-02,119,2,E11,e11_add_book_orders,E11 增加挂单笔数与四五档（+4通道）,20260801,0.02996242848417125,0.06367545189327925,-0.033713023409108
2024-07-03,120,2,E11,e11_add_book_orders,E11 增加挂单笔数与四五档（+4通道）,20260801,0.00929151401476535,0.01881469256118659,-0.009523178546421242
2024-07-04,121,3,E11,e11_add_book_orders,E11 增加挂单笔数与四五档（+4通道）,20260801,0.038460522569479405,0.03427298124018839,0.004187541329291014
2024-07-05,122,3,E11,e11_add_book_orders,E11 增加挂单笔数与四五档（+4通道）,20260801,0.003128178278478879,-0.005522119313702479,0.008650297592181357
2024-07-08,123,3,E11,e11_add_book_orders,E11 增加挂单笔数与四五档（+4通道）,20260801,0.0007356454739586738,-0.021030264986793588,0.021765910460752262
2024-07-09,124,3,E11,e11_add_book_orders,E11 增加挂单笔数与四五档（+4通道）,20260801,-0.06576712584327814,-0.06675454211726756,0.0009874162739894193
2024-07-10,125,3,E11,e11_add_book_orders,E11 增加挂单笔数与四五档（+4通道）,20260801,0.10796479233415035,0.09030541287880557,0.01765937945534478
2024-07-11,126,3,E11,e11_add_book_orders,E11 增加挂单笔数与四五档（+4通道）,20260801,-0.0024184408993697397,-0.003931226489254572,0.0015127855898848324
2024-07-12,127,3,E11,e11_add_book_orders,E11 增加挂单笔数与四五档（+4通道）,20260801,0.028629404672973906,0.03199725769841537,-0.003367853025441462
2024-07-15,128,3,E11,e11_add_book_orders,E11 增加挂单笔数与四五档（+4通道）,20260801,0.0011443921441915523,-0.005659908620627728,0.00680430076481928
2024-07-16,129,3,E11,e11_add_book_orders,E11 增加挂单笔数与四五档（+4通道）,20260801,0.04843937166503306,0.039559881952519374,0.008879489712513684
2024-07-17,130,3,E11,e11_add_book_orders,E11 增加挂单笔数与四五档（+4通道）,20260801,0.013226771555344359,0.0009516415554258651,0.012275129999918494
2024-07-18,131,3,E11,e11_add_book_orders,E11 增加挂单笔数与四五档（+4通道）,20260801,-0.0037151384496031175,0.003524426146030447,-0.007239564595633565
2024-07-19,132,3,E11,e11_add_book_orders,E11 增加挂单笔数与四五档（+4通道）,20260801,0.039443793310609467,0.055344768192537766,-0.0159009748819283
2024-07-22,133,3,E11,e11_add_book_orders,E11 增加挂单笔数与四五档（+4通道）,20260801,-0.012062258239695044,-0.006080746282692156,-0.0059815119570028885
2024-07-23,134,3,E11,e11_add_book_orders,E11 增加挂单笔数与四五档（+4通道）,20260801,0.026216336108849953,0.030654705583524428,-0.004438369474674474
2024-07-24,135,3,E11,e11_add_book_orders,E11 增加挂单笔数与四五档（+4通道）,20260801,0.017913563676375126,-0.0020424222198563912,0.01995598589623152
2024-07-25,136,3,E11,e11_add_book_orders,E11 增加挂单笔数与四五档（+4通道）,20260801,0.08999032568032532,0.07752897039924253,0.01246135528108279
2024-07-26,137,3,E11,e11_add_book_orders,E11 增加挂单笔数与四五档（+4通道）,20260801,0.09488200552251079,0.08536548876565171,0.009516516756859078
2024-07-29,138,3,E11,e11_add_book_orders,E11 增加挂单笔数与四五档（+4通道）,20260801,0.04172611280213511,0.037371313844541815,0.004354798957593296
2024-07-30,139,3,E11,e11_add_book_orders,E11 增加挂单笔数与四五档（+4通道）,20260801,0.0023631651326043784,0.01236007512748583,-0.009996909994881453
2024-07-31,140,3,E11,e11_add_book_orders,E11 增加挂单笔数与四五档（+4通道）,20260801,0.06601678328845391,0.07169332566967926,-0.00567654238122535
2024-08-01,141,3,E11,e11_add_book_orders,E11 增加挂单笔数与四五档（+4通道）,20260801,0.031070841793065584,0.04556266221544118,-0.014491820422375599
2024-08-02,142,3,E11,e11_add_book_orders,E11 增加挂单笔数与四五档（+4通道）,20260801,0.023344001630891665,0.03617808298498122,-0.012834081354089557
2024-08-05,143,3,E11,e11_add_book_orders,E11 增加挂单笔数与四五档（+4通道）,20260801,0.005277939011441148,0.03093495058016427,-0.02565701156872312
2024-08-06,144,3,E11,e11_add_book_orders,E11 增加挂单笔数与四五档（+4通道）,20260801,0.037517737841530834,0.03466632733326423,0.002851410508266601
2024-08-07,145,3,E11,e11_add_book_orders,E11 增加挂单笔数与四五档（+4通道）,20260801,0.036451335925691025,0.017684931479066485,0.01876640444662454
2024-08-08,146,3,E11,e11_add_book_orders,E11 增加挂单笔数与四五档（+4通道）,20260801,0.14308483386835072,0.12595463076089408,0.017130203107456637
2024-08-09,147,3,E11,e11_add_book_orders,E11 增加挂单笔数与四五档（+4通道）,20260801,0.026877566762385736,0.012831181293706747,0.01404638546867899
2024-08-12,148,3,E11,e11_add_book_orders,E11 增加挂单笔数与四五档（+4通道）,20260801,0.06997704533028347,0.06280202884351609,0.007175016486767383
2024-08-13,149,3,E11,e11_add_book_orders,E11 增加挂单笔数与四五档（+4通道）,20260801,0.07776620385859218,0.07830430870736253,-0.0005381048487703571
2024-08-14,150,3,E11,e11_add_book_orders,E11 增加挂单笔数与四五档（+4通道）,20260801,0.01870036843387915,0.024021232592139324,-0.005320864158260174
2024-08-15,151,3,E11,e11_add_book_orders,E11 增加挂单笔数与四五档（+4通道）,20260801,0.03092728734761536,0.025686366500897416,0.005240920846717945
2024-08-16,152,3,E11,e11_add_book_orders,E11 增加挂单笔数与四五档（+4通道）,20260801,0.08034629267374312,0.06933421164674317,0.01101208102699995
2024-08-19,153,3,E11,e11_add_book_orders,E11 增加挂单笔数与四五档（+4通道）,20260801,0.056329650461071246,0.06435641271839901,-0.008026762257327763
2024-08-20,154,3,E11,e11_add_book_orders,E11 增加挂单笔数与四五档（+4通道）,20260801,0.03784547582809143,0.05254874798629441,-0.014703272158202975
2024-08-21,155,3,E11,e11_add_book_orders,E11 增加挂单笔数与四五档（+4通道）,20260801,0.07293994822315913,0.054159846718008935,0.0187801015051502
2024-08-22,156,3,E11,e11_add_book_orders,E11 增加挂单笔数与四五档（+4通道）,20260801,0.00951764217677524,-0.005845860063847217,0.015363502240622457
2024-08-23,157,3,E11,e11_add_book_orders,E11 增加挂单笔数与四五档（+4通道）,20260801,0.07059539039291432,0.07837594330751038,-0.007780552914596062
2024-08-26,158,3,E11,e11_add_book_orders,E11 增加挂单笔数与四五档（+4通道）,20260801,0.04546488510298644,0.026021802393465562,0.01944308270952088
2024-08-27,159,3,E11,e11_add_book_orders,E11 增加挂单笔数与四五档（+4通道）,20260801,-0.0017445019381416638,-0.0022286244760018068,0.00048412253786014295
2024-08-28,160,3,E11,e11_add_book_orders,E11 增加挂单笔数与四五档（+4通道）,20260801,0.017977105163594145,0.00733514581926546,0.010641959344328687
2024-08-29,161,3,E11,e11_add_book_orders,E11 增加挂单笔数与四五档（+4通道）,20260801,0.004978516993452546,-0.025208893284519966,0.03018741027797251
2024-08-30,162,3,E11,e11_add_book_orders,E11 增加挂单笔数与四五档（+4通道）,20260801,-0.0134338222398516,0.009824722414205778,-0.023258544654057377
2024-09-02,163,3,E11,e11_add_book_orders,E11 增加挂单笔数与四五档（+4通道）,20260801,0.0485962940541829,0.034395779427652824,0.014200514626530075
2024-09-03,164,3,E11,e11_add_book_orders,E11 增加挂单笔数与四五档（+4通道）,20260801,-0.0800284549329843,-0.10545449825086034,0.02542604331787604
2024-09-04,165,3,E11,e11_add_book_orders,E11 增加挂单笔数与四五档（+4通道）,20260801,0.09261134602082545,0.06948626557376804,0.02312508044705741
2024-09-05,166,3,E11,e11_add_book_orders,E11 增加挂单笔数与四五档（+4通道）,20260801,0.020981708981708983,0.003611619611619612,0.01737008937008937
2024-09-06,167,3,E11,e11_add_book_orders,E11 增加挂单笔数与四五档（+4通道）,20260801,-0.011147606779143199,-0.0004937769204003639,-0.010653829858742836
2024-09-09,168,3,E11,e11_add_book_orders,E11 增加挂单笔数与四五档（+4通道）,20260801,0.05667960897104592,0.060950353715843356,-0.004270744744797439
2024-09-10,169,3,E11,e11_add_book_orders,E11 增加挂单笔数与四五档（+4通道）,20260801,-0.05075062329280567,-0.03624551319211171,-0.014505110100693962
2024-09-11,170,3,E11,e11_add_book_orders,E11 增加挂单笔数与四五档（+4通道）,20260801,0.06291743364663459,0.07402482347976726,-0.01110738983313267
2024-09-12,171,3,E11,e11_add_book_orders,E11 增加挂单笔数与四五档（+4通道）,20260801,0.04818091728086314,0.045589488020454684,0.002591429260408458
2024-09-13,172,3,E11,e11_add_book_orders,E11 增加挂单笔数与四五档（+4通道）,20260801,0.011514002984383875,0.009073951284819548,0.002440051699564327
2024-09-18,173,3,E11,e11_add_book_orders,E11 增加挂单笔数与四五档（+4通道）,20260801,0.10074537362587456,0.11988105082820502,-0.01913567720233046
2024-09-19,174,3,E11,e11_add_book_orders,E11 增加挂单笔数与四五档（+4通道）,20260801,0.050411031818198254,0.05427321362692019,-0.003862181808721936
2024-09-20,175,3,E11,e11_add_book_orders,E11 增加挂单笔数与四五档（+4通道）,20260801,0.030564799114965513,0.03057491512526361,-1.0116010298096695e-05
2024-09-23,176,3,E11,e11_add_book_orders,E11 增加挂单笔数与四五档（+4通道）,20260801,0.04498504498504499,0.04715083115083115,-0.0021657861657861585
2024-09-24,177,3,E11,e11_add_book_orders,E11 增加挂单笔数与四五档（+4通道）,20260801,0.10595029796593776,0.10896229827608023,-0.003012000310142468
2024-09-25,178,3,E11,e11_add_book_orders,E11 增加挂单笔数与四五档（+4通道）,20260801,0.07173290373290374,0.07822673422673423,-0.006493830493830496
2024-09-26,179,3,E11,e11_add_book_orders,E11 增加挂单笔数与四五档（+4通道）,20260801,-0.07100311100311099,-0.05525659925659926,-0.015746511746511732
2024-09-27,180,3,E11,e11_add_book_orders,E11 增加挂单笔数与四五档（+4通道）,20260801,0.06962466962466964,0.10126339726339725,-0.03163872763872762
2024-09-30,181,4,E11,e11_add_book_orders,E11 增加挂单笔数与四五档（+4通道）,20260801,-0.0731441089858859,-0.039999304598392633,-0.03314480438749327
2024-10-08,182,4,E11,e11_add_book_orders,E11 增加挂单笔数与四五档（+4通道）,20260801,0.05663060097038458,0.05871728906959281,-0.002086688099208228
2024-10-09,183,4,E11,e11_add_book_orders,E11 增加挂单笔数与四五档（+4通道）,20260801,0.08065522707488393,0.058385556137122846,0.022269670937761082
2024-10-10,184,4,E11,e11_add_book_orders,E11 增加挂单笔数与四五档（+4通道）,20260801,-0.043823011954480996,-0.011746487781727245,-0.03207652417275375
2024-10-11,185,4,E11,e11_add_book_orders,E11 增加挂单笔数与四五档（+4通道）,20260801,0.04517630144735926,0.04176475201534053,0.003411549432018733
2024-10-14,186,4,E11,e11_add_book_orders,E11 增加挂单笔数与四五档（+4通道）,20260801,-0.030182862182862185,-0.012760968760968763,-0.017421893421893424
2024-10-15,187,4,E11,e11_add_book_orders,E11 增加挂单笔数与四五档（+4通道）,20260801,-0.028020124104184477,-0.007634143657046089,-0.020385980447138387
2024-10-16,188,4,E11,e11_add_book_orders,E11 增加挂单笔数与四五档（+4通道）,20260801,0.09816959075860832,0.0964470430257253,0.001722547732883023
2024-10-17,189,4,E11,e11_add_book_orders,E11 增加挂单笔数与四五档（+4通道）,20260801,0.022679990611854335,0.0385127853304206,-0.015832794718566266
2024-10-18,190,4,E11,e11_add_book_orders,E11 增加挂单笔数与四五档（+4通道）,20260801,-0.024900790019821883,-0.0389210706540246,0.014020280634202718
2024-10-21,191,4,E11,e11_add_book_orders,E11 增加挂单笔数与四五档（+4通道）,20260801,0.029635527217356183,0.03794288254160061,-0.008307355324244425
2024-10-22,192,4,E11,e11_add_book_orders,E11 增加挂单笔数与四五档（+4通道）,20260801,0.04045289999573759,0.03383545586475682,0.006617444130980768
2024-10-23,193,4,E11,e11_add_book_orders,E11 增加挂单笔数与四五档（+4通道）,20260801,0.08846091248944384,0.1007460073229023,-0.012285094833458465
2024-10-24,194,4,E11,e11_add_book_orders,E11 增加挂单笔数与四五档（+4通道）,20260801,-0.016584264303226293,-0.01866249295803774,0.002078228654811446
2024-10-25,195,4,E11,e11_add_book_orders,E11 增加挂单笔数与四五档（+4通道）,20260801,0.04159126294720735,0.04127909738107632,0.0003121655661310341
2024-10-28,196,4,E11,e11_add_book_orders,E11 增加挂单笔数与四五档（+4通道）,20260801,0.060084259712937446,0.08061736082509399,-0.020533101112156546
2024-10-29,197,4,E11,e11_add_book_orders,E11 增加挂单笔数与四五档（+4通道）,20260801,0.03970707447757398,0.030532309864695066,0.009174764612878916
2024-10-30,198,4,E11,e11_add_book_orders,E11 增加挂单笔数与四五档（+4通道）,20260801,-0.031971026767047085,-0.01163787936425343,-0.020333147402793655
2024-10-31,199,4,E11,e11_add_book_orders,E11 增加挂单笔数与四五档（+4通道）,20260801,0.05113075430820051,0.05478453035069857,-0.003653776042498065
2024-11-01,200,4,E11,e11_add_book_orders,E11 增加挂单笔数与四五档（+4通道）,20260801,0.005211908212096594,0.0008406848768598413,0.004371223335236753
2024-11-04,201,4,E11,e11_add_book_orders,E11 增加挂单笔数与四五档（+4通道）,20260801,0.02644960290987366,0.03579057004612135,-0.009340967136247689
2024-11-05,202,4,E11,e11_add_book_orders,E11 增加挂单笔数与四五档（+4通道）,20260801,0.01895823906438073,0.0165192056714391,0.002439033392941631
2024-11-06,203,4,E11,e11_add_book_orders,E11 增加挂单笔数与四五档（+4通道）,20260801,0.11324578401970609,0.12339332573838714,-0.010147541718681055
2024-11-07,204,4,E11,e11_add_book_orders,E11 增加挂单笔数与四五档（+4通道）,20260801,0.10763028071990403,0.1250183117945021,-0.017388031074598062
2024-11-08,205,4,E11,e11_add_book_orders,E11 增加挂单笔数与四五档（+4通道）,20260801,-0.004220670341735366,-0.005981017371679149,0.0017603470299437833
2024-11-11,206,4,E11,e11_add_book_orders,E11 增加挂单笔数与四五档（+4通道）,20260801,0.037067632719574924,0.04061108250411664,-0.0035434497845417134
2024-11-12,207,4,E11,e11_add_book_orders,E11 增加挂单笔数与四五档（+4通道）,20260801,0.138538497165223,0.13494282204125804,0.00359567512396497
2024-11-13,208,4,E11,e11_add_book_orders,E11 增加挂单笔数与四五档（+4通道）,20260801,0.12946328516843317,0.12185131297562679,0.007611972192806377
2024-11-14,209,4,E11,e11_add_book_orders,E11 增加挂单笔数与四五档（+4通道）,20260801,-0.017187220365894665,-0.0380682811643027,0.020881060798408034
2024-11-15,210,4,E11,e11_add_book_orders,E11 增加挂单笔数与四五档（+4通道）,20260801,0.14056708052912756,0.13979846822714037,0.0007686123019871871
2024-11-18,211,4,E11,e11_add_book_orders,E11 增加挂单笔数与四五档（+4通道）,20260801,-0.0004461415349987754,-0.014523244774974844,0.014077103239976069
2024-11-19,212,4,E11,e11_add_book_orders,E11 增加挂单笔数与四五档（+4通道）,20260801,-0.016776244826573562,-0.007798213821608464,-0.008978031004965099
2024-11-20,213,4,E11,e11_add_book_orders,E11 增加挂单笔数与四五档（+4通道）,20260801,0.07833332710833363,0.1032373123397946,-0.02490398523146098
2024-11-21,214,4,E11,e11_add_book_orders,E11 增加挂单笔数与四五档（+4通道）,20260801,0.0066708487108738035,0.0004019704043822269,0.006268878306491576
2024-11-22,215,4,E11,e11_add_book_orders,E11 增加挂单笔数与四五档（+4通道）,20260801,0.07497678387650529,0.08437514538764715,-0.009398361511141859
2024-11-25,216,4,E11,e11_add_book_orders,E11 增加挂单笔数与四五档（+4通道）,20260801,0.12896180250279246,0.1384368329727012,-0.009475030469908746
2024-11-26,217,4,E11,e11_add_book_orders,E11 增加挂单笔数与四五档（+4通道）,20260801,-0.05536767261470492,-0.036637593725815557,-0.018730078888889362
2024-11-27,218,4,E11,e11_add_book_orders,E11 增加挂单笔数与四五档（+4通道）,20260801,0.06058686177321692,0.04413536245084091,0.01645149932237601
2024-11-28,219,4,E11,e11_add_book_orders,E11 增加挂单笔数与四五档（+4通道）,20260801,0.08188392437522793,0.08413914664398153,-0.002255222268753604
2024-11-29,220,4,E11,e11_add_book_orders,E11 增加挂单笔数与四五档（+4通道）,20260801,0.021178599813957817,0.04407743739976054,-0.022898837585802724
2024-12-02,221,4,E11,e11_add_book_orders,E11 增加挂单笔数与四五档（+4通道）,20260801,0.0695007625838067,0.03555937473920267,0.033941387844604036
2024-12-03,222,4,E11,e11_add_book_orders,E11 增加挂单笔数与四五档（+4通道）,20260801,0.024884002538217605,0.016476003255471945,0.00840799928274566
2024-12-04,223,4,E11,e11_add_book_orders,E11 增加挂单笔数与四五档（+4通道）,20260801,0.05571344372481182,0.04984981743900443,0.005863626285807395
2024-12-05,224,4,E11,e11_add_book_orders,E11 增加挂单笔数与四五档（+4通道）,20260801,0.1854719934719935,0.19447107847107847,-0.008999084999084972
2024-12-06,225,4,E11,e11_add_book_orders,E11 增加挂单笔数与四五档（+4通道）,20260801,-0.01601808401808402,-0.030730806730806734,0.014712722712722715
2024-12-09,226,4,E11,e11_add_book_orders,E11 增加挂单笔数与四五档（+4通道）,20260801,0.04723858723858724,0.047304407304407305,-6.582006582006583e-05
2024-12-10,227,4,E11,e11_add_book_orders,E11 增加挂单笔数与四五档（+4通道）,20260801,-0.003662487673475137,-0.0010517350548902601,-0.002610752618584877
2024-12-11,228,4,E11,e11_add_book_orders,E11 增加挂单笔数与四五档（+4通道）,20260801,0.02964042234186598,0.037939097870685494,-0.008298675528819514
2024-12-12,229,4,E11,e11_add_book_orders,E11 增加挂单笔数与四五档（+4通道）,20260801,-0.0001588314724620297,-0.0052378418789728615,0.005079010406510832
2024-12-13,230,4,E11,e11_add_book_orders,E11 增加挂单笔数与四五档（+4通道）,20260801,0.12566199655924265,0.13995607922093042,-0.014294082661687774
2024-12-16,231,4,E11,e11_add_book_orders,E11 增加挂单笔数与四五档（+4通道）,20260801,0.06626460732967893,0.0725755717524053,-0.00631096442272637
2024-12-17,232,4,E11,e11_add_book_orders,E11 增加挂单笔数与四五档（+4通道）,20260801,-0.004199005884030512,-0.006245846430484793,0.0020468405464542814
2024-12-18,233,4,E11,e11_add_book_orders,E11 增加挂单笔数与四五档（+4通道）,20260801,0.035160483311439505,0.016211625657296377,0.018948857654143128
2024-12-19,234,4,E11,e11_add_book_orders,E11 增加挂单笔数与四五档（+4通道）,20260801,-0.07279154067613682,-0.0699373165001869,-0.00285422417594991
2024-12-20,235,4,E11,e11_add_book_orders,E11 增加挂单笔数与四五档（+4通道）,20260801,0.020202953792202116,0.013903724356060677,0.006299229436141439
2024-12-23,236,4,E11,e11_add_book_orders,E11 增加挂单笔数与四五档（+4通道）,20260801,-0.011138481366678011,-0.01929863706908025,0.008160155702402238
2024-12-24,237,4,E11,e11_add_book_orders,E11 增加挂单笔数与四五档（+4通道）,20260801,0.04613936279425843,0.04966995262515398,-0.0035305898308955475
2024-12-25,238,4,E11,e11_add_book_orders,E11 增加挂单笔数与四五档（+4通道）,20260801,-0.07293928931354596,-0.08385769812772557,0.010918408814179617
2024-12-26,239,4,E11,e11_add_book_orders,E11 增加挂单笔数与四五档（+4通道）,20260801,0.15698308847451367,0.15693177801304709,5.131046146658602e-05
2024-12-27,240,4,E11,e11_add_book_orders,E11 增加挂单笔数与四五档（+4通道）,20260801,0.04465132531716345,0.04306808689862159,0.0015832384185418547
2024-01-02,1,1,E11,e11_add_book_orders,E11 增加挂单笔数与四五档（+4通道）,20260812,0.04475803786119354,0.03921237621538497,0.005545661645808574
2024-01-03,2,1,E11,e11_add_book_orders,E11 增加挂单笔数与四五档（+4通道）,20260812,0.047974722846569,0.059839500639173364,-0.011864777792604364
2024-01-04,3,1,E11,e11_add_book_orders,E11 增加挂单笔数与四五档（+4通道）,20260812,0.04707411601056607,0.04326919223073046,0.0038049237798356075
2024-01-05,4,1,E11,e11_add_book_orders,E11 增加挂单笔数与四五档（+4通道）,20260812,0.05194526481431612,0.06702756489045973,-0.015082300076143612
2024-01-08,5,1,E11,e11_add_book_orders,E11 增加挂单笔数与四五档（+4通道）,20260812,0.023903986525470797,0.01657592461876746,0.007328061906703338
2024-01-09,6,1,E11,e11_add_book_orders,E11 增加挂单笔数与四五档（+4通道）,20260812,0.0008077359923344341,-0.0026269248209412916,0.003434660813275726
2024-01-10,7,1,E11,e11_add_book_orders,E11 增加挂单笔数与四五档（+4通道）,20260812,-0.003617770205315265,-0.008727304773895115,0.00510953456857985
2024-01-11,8,1,E11,e11_add_book_orders,E11 增加挂单笔数与四五档（+4通道）,20260812,0.05894345149817357,0.057164975172638084,0.0017784763255354885
2024-01-12,9,1,E11,e11_add_book_orders,E11 增加挂单笔数与四五档（+4通道）,20260812,0.0298264896902858,0.050746304818873225,-0.020919815128587427
2024-01-15,10,1,E11,e11_add_book_orders,E11 增加挂单笔数与四五档（+4通道）,20260812,0.007128491988859776,0.020487090509954738,-0.013358598521094962
2024-01-16,11,1,E11,e11_add_book_orders,E11 增加挂单笔数与四五档（+4通道）,20260812,0.022712632472151505,-0.002790879055408113,0.025503511527559617
2024-01-17,12,1,E11,e11_add_book_orders,E11 增加挂单笔数与四五档（+4通道）,20260812,-0.0207382831222869,-0.014319976784547838,-0.006418306337739061
2024-01-18,13,1,E11,e11_add_book_orders,E11 增加挂单笔数与四五档（+4通道）,20260812,0.0814999301305114,0.08409150460374916,-0.002591574473237754
2024-01-19,14,1,E11,e11_add_book_orders,E11 增加挂单笔数与四五档（+4通道）,20260812,0.007678299542026997,0.003951639013763262,0.0037266605282637345
2024-01-22,15,1,E11,e11_add_book_orders,E11 增加挂单笔数与四五档（+4通道）,20260812,0.015214338815985405,0.021745100136385385,-0.00653076132039998
2024-01-23,16,1,E11,e11_add_book_orders,E11 增加挂单笔数与四五档（+4通道）,20260812,0.03979209493938083,0.03220251934621506,0.007589575593165768
2024-01-24,17,1,E11,e11_add_book_orders,E11 增加挂单笔数与四五档（+4通道）,20260812,0.054491286654760517,0.05482862499311087,-0.0003373383383503542
2024-01-25,18,1,E11,e11_add_book_orders,E11 增加挂单笔数与四五档（+4通道）,20260812,0.08769239695394093,0.09475238843753192,-0.007059991483590988
2024-01-26,19,1,E11,e11_add_book_orders,E11 增加挂单笔数与四五档（+4通道）,20260812,0.06339842739842741,0.05034029034029034,0.013058137058137069
2024-01-29,20,1,E11,e11_add_book_orders,E11 增加挂单笔数与四五档（+4通道）,20260812,0.03635454035454036,0.03254986454986455,0.0038046758046758125
2024-01-30,21,1,E11,e11_add_book_orders,E11 增加挂单笔数与四五档（+4通道）,20260812,0.05193591993591994,0.04598514998514999,0.0059507699507699505
2024-01-31,22,1,E11,e11_add_book_orders,E11 增加挂单笔数与四五档（+4通道）,20260812,-0.004010736307772793,0.023158949224543663,-0.027169685532316457
2024-02-01,23,1,E11,e11_add_book_orders,E11 增加挂单笔数与四五档（+4通道）,20260812,-0.022627754006511517,-0.007579098136212363,-0.015048655870299153
2024-02-02,24,1,E11,e11_add_book_orders,E11 增加挂单笔数与四五档（+4通道）,20260812,0.020036192505130376,0.016063598668809086,0.00397259383632129
2024-02-05,25,1,E11,e11_add_book_orders,E11 增加挂单笔数与四五档（+4通道）,20260812,0.05687572572886161,0.0808563220691669,-0.02398059634030529
2024-02-06,26,1,E11,e11_add_book_orders,E11 增加挂单笔数与四五档（+4通道）,20260812,-0.0007200907222509944,0.0006322746341714581,-0.0013523653564224527
2024-02-07,27,1,E11,e11_add_book_orders,E11 增加挂单笔数与四五档（+4通道）,20260812,0.06882782082782084,0.0493918573918574,0.01943596343596344
2024-02-08,28,1,E11,e11_add_book_orders,E11 增加挂单笔数与四五档（+4通道）,20260812,-0.04544872626680335,-0.06777446699440742,0.02232574072760407
2024-02-19,29,1,E11,e11_add_book_orders,E11 增加挂单笔数与四五档（+4通道）,20260812,-0.0011024291685749208,0.01314224593078071,-0.01424467509935563
2024-02-20,30,1,E11,e11_add_book_orders,E11 增加挂单笔数与四五档（+4通道）,20260812,0.0023809884167032428,0.01486851309154079,-0.012487524674837547
2024-02-21,31,1,E11,e11_add_book_orders,E11 增加挂单笔数与四五档（+4通道）,20260812,-0.021261781977722792,-0.0026159739344251295,-0.018645808043297664
2024-02-22,32,1,E11,e11_add_book_orders,E11 增加挂单笔数与四五档（+4通道）,20260812,0.0465452572651372,0.06369311773058932,-0.017147860465452115
2024-02-23,33,1,E11,e11_add_book_orders,E11 增加挂单笔数与四五档（+4通道）,20260812,0.10540856367187924,0.09469904707480742,0.010709516597071825
2024-02-26,34,1,E11,e11_add_book_orders,E11 增加挂单笔数与四五档（+4通道）,20260812,0.06227211264574532,0.04319000544914549,0.019082107196599835
2024-02-27,35,1,E11,e11_add_book_orders,E11 增加挂单笔数与四五档（+4通道）,20260812,0.011735087735087735,0.024526884526884528,-0.012791796791796792
2024-02-28,36,1,E11,e11_add_book_orders,E11 增加挂单笔数与四五档（+4通道）,20260812,0.04322650348586251,0.03189995609135583,0.011326547394506677
2024-02-29,37,1,E11,e11_add_book_orders,E11 增加挂单笔数与四五档（+4通道）,20260812,0.0863491683682091,0.08534144310351387,0.001007725264695239
2024-03-01,38,1,E11,e11_add_book_orders,E11 增加挂单笔数与四五档（+4通道）,20260812,0.00772000372000372,0.011143823143823145,-0.0034238194238194247
2024-03-04,39,1,E11,e11_add_book_orders,E11 增加挂单笔数与四五档（+4通道）,20260812,0.100742142317054,0.09864530427855527,0.0020968380384987356
2024-03-05,40,1,E11,e11_add_book_orders,E11 增加挂单笔数与四五档（+4通道）,20260812,0.09896680637959068,0.09281216913674141,0.006154637242849273
2024-03-06,41,1,E11,e11_add_book_orders,E11 增加挂单笔数与四五档（+4通道）,20260812,0.032534909337886136,0.03230650124903696,0.0002284080888491774
2024-03-07,42,1,E11,e11_add_book_orders,E11 增加挂单笔数与四五档（+4通道）,20260812,0.10184313571319047,0.09461578668603622,0.007227349027154245
2024-03-08,43,1,E11,e11_add_book_orders,E11 增加挂单笔数与四五档（+4通道）,20260812,0.0871060166195045,0.08247615395415388,0.00462986266535062
2024-03-11,44,1,E11,e11_add_book_orders,E11 增加挂单笔数与四五档（+4通道）,20260812,0.03498345922659416,0.03953444823850124,-0.004550989011907078
2024-03-12,45,1,E11,e11_add_book_orders,E11 增加挂单笔数与四五档（+4通道）,20260812,0.08495090107316994,0.053819118759654144,0.031131782313515793
2024-03-13,46,1,E11,e11_add_book_orders,E11 增加挂单笔数与四五档（+4通道）,20260812,0.06748468448902521,0.08111696481341818,-0.013632280324392967
2024-03-14,47,1,E11,e11_add_book_orders,E11 增加挂单笔数与四五档（+4通道）,20260812,0.046101726156035,0.032722010846336136,0.013379715309698864
2024-03-15,48,1,E11,e11_add_book_orders,E11 增加挂单笔数与四五档（+4通道）,20260812,0.05657595488758554,0.05473360861597459,0.0018423462716109507
2024-03-18,49,1,E11,e11_add_book_orders,E11 增加挂单笔数与四五档（+4通道）,20260812,0.11495995724467034,0.1158270125513228,-0.0008670553066524589
2024-03-19,50,1,E11,e11_add_book_orders,E11 增加挂单笔数与四五档（+4通道）,20260812,0.03734498712528992,0.013845804954907925,0.023499182170381994
2024-03-20,51,1,E11,e11_add_book_orders,E11 增加挂单笔数与四五档（+4通道）,20260812,0.025426392436654663,0.029589805385391812,-0.00416341294873715
2024-03-21,52,1,E11,e11_add_book_orders,E11 增加挂单笔数与四五档（+4通道）,20260812,-0.010452646452646453,-0.01303977703977704,0.002587130587130587
2024-03-22,53,1,E11,e11_add_book_orders,E11 增加挂单笔数与四五档（+4通道）,20260812,0.07316585538296276,0.06695172409283573,0.006214131290127031
2024-03-25,54,1,E11,e11_add_book_orders,E11 增加挂单笔数与四五档（+4通道）,20260812,-0.010871140350196467,-0.026343327620368086,0.01547218727017162
2024-03-26,55,1,E11,e11_add_book_orders,E11 增加挂单笔数与四五档（+4通道）,20260812,0.0501574283079006,0.039129711247100386,0.011027717060800211
2024-03-27,56,1,E11,e11_add_book_orders,E11 增加挂单笔数与四五档（+4通道）,20260812,0.024188436429053835,0.016429808668699853,0.007758627760353982
2024-03-28,57,1,E11,e11_add_book_orders,E11 增加挂单笔数与四五档（+4通道）,20260812,0.07120587755567157,0.08487176767253606,-0.01366589011686449
2024-03-29,58,1,E11,e11_add_book_orders,E11 增加挂单笔数与四五档（+4通道）,20260812,0.12344502522206206,0.11502327226973867,0.008421752952323391
2024-04-01,59,1,E11,e11_add_book_orders,E11 增加挂单笔数与四五档（+4通道）,20260812,0.08763474709930029,0.07972982834065026,0.007904918758650029
2024-04-02,60,1,E11,e11_add_book_orders,E11 增加挂单笔数与四五档（+4通道）,20260812,-0.03755640234363607,-0.021911520373128594,-0.015644881970507472
2024-04-03,61,2,E11,e11_add_book_orders,E11 增加挂单笔数与四五档（+4通道）,20260812,0.03563167256597206,0.01914420809355689,0.016487464472415166
2024-04-08,62,2,E11,e11_add_book_orders,E11 增加挂单笔数与四五档（+4通道）,20260812,0.08284767183018807,0.06916361365350379,0.013684058176684277
2024-04-09,63,2,E11,e11_add_book_orders,E11 增加挂单笔数与四五档（+4通道）,20260812,0.019543897602529295,0.023145635215072125,-0.0036017376125428296
2024-04-10,64,2,E11,e11_add_book_orders,E11 增加挂单笔数与四五档（+4通道）,20260812,0.014387522862311125,0.034323665456346436,-0.01993614259403531
2024-04-11,65,2,E11,e11_add_book_orders,E11 增加挂单笔数与四五档（+4通道）,20260812,0.12368792310919871,0.1126618194215288,0.011026103687669916
2024-04-12,66,2,E11,e11_add_book_orders,E11 增加挂单笔数与四五档（+4通道）,20260812,0.018610650666482622,0.0037055257166422936,0.014905124949840328
2024-04-15,67,2,E11,e11_add_book_orders,E11 增加挂单笔数与四五档（+4通道）,20260812,0.008865416865416866,-0.00827018027018027,0.017135597135597137
2024-04-16,68,2,E11,e11_add_book_orders,E11 增加挂单笔数与四五档（+4通道）,20260812,-0.07461157461157462,-0.06606257406257406,-0.008549000549000568
2024-04-17,69,2,E11,e11_add_book_orders,E11 增加挂单笔数与四五档（+4通道）,20260812,0.025599554521138504,0.0125968150503004,0.013002739470838104
2024-04-18,70,2,E11,e11_add_book_orders,E11 增加挂单笔数与四五档（+4通道）,20260812,-0.019575354508344463,-0.015595969526154344,-0.00397938498219012
2024-04-19,71,2,E11,e11_add_book_orders,E11 增加挂单笔数与四五档（+4通道）,20260812,0.0857059148482699,0.09312851071622152,-0.007422595867951617
2024-04-22,72,2,E11,e11_add_book_orders,E11 增加挂单笔数与四五档（+4通道）,20260812,0.09455567222901273,0.07775954242511511,0.016796129803897622
2024-04-23,73,2,E11,e11_add_book_orders,E11 增加挂单笔数与四五档（+4通道）,20260812,0.09161114931164886,0.10055126001645004,-0.008940110704801177
2024-04-24,74,2,E11,e11_add_book_orders,E11 增加挂单笔数与四五档（+4通道）,20260812,0.001093857420644387,-0.0019160423582193402,0.0030098997788637273
2024-04-25,75,2,E11,e11_add_book_orders,E11 增加挂单笔数与四五档（+4通道）,20260812,0.0340137988453677,0.04434348741217242,-0.010329688566804725
2024-04-26,76,2,E11,e11_add_book_orders,E11 增加挂单笔数与四五档（+4通道）,20260812,0.037891690897625896,0.02354845127725978,0.014343239620366117
2024-04-29,77,2,E11,e11_add_book_orders,E11 增加挂单笔数与四五档（+4通道）,20260812,0.1027493411584926,0.09269172828147526,0.010057612877017341
2024-04-30,78,2,E11,e11_add_book_orders,E11 增加挂单笔数与四五档（+4通道）,20260812,-0.01474803791795862,-0.013164395373707704,-0.0015836425442509149
2024-05-06,79,2,E11,e11_add_book_orders,E11 增加挂单笔数与四五档（+4通道）,20260812,0.07706225830126556,0.06156916004194355,0.015493098259322012
2024-05-07,80,2,E11,e11_add_book_orders,E11 增加挂单笔数与四五档（+4通道）,20260812,0.015853346380007304,0.012129995763689528,0.0037233506163177766
2024-05-08,81,2,E11,e11_add_book_orders,E11 增加挂单笔数与四五档（+4通道）,20260812,0.0039725035895966316,0.016469323129558355,-0.012496819539961724
2024-05-09,82,2,E11,e11_add_book_orders,E11 增加挂单笔数与四五档（+4通道）,20260812,0.046276060183743584,0.04954265346961375,-0.003266593285870166
2024-05-10,83,2,E11,e11_add_book_orders,E11 增加挂单笔数与四五档（+4通道）,20260812,0.06754758366843887,0.06915005436605076,-0.0016024706976118935
2024-05-13,84,2,E11,e11_add_book_orders,E11 增加挂单笔数与四五档（+4通道）,20260812,0.07344048591468866,0.060478978463078086,0.012961507451610572
2024-05-14,85,2,E11,e11_add_book_orders,E11 增加挂单笔数与四五档（+4通道）,20260812,0.11517120428019231,0.11947300520876815,-0.004301800928575836
2024-05-15,86,2,E11,e11_add_book_orders,E11 增加挂单笔数与四五档（+4通道）,20260812,0.015471889370024644,0.003088640271692064,0.01238324909833258
2024-05-16,87,2,E11,e11_add_book_orders,E11 增加挂单笔数与四五档（+4通道）,20260812,0.0582372395263703,0.040337765360799006,0.01789947416557129
2024-05-17,88,2,E11,e11_add_book_orders,E11 增加挂单笔数与四五档（+4通道）,20260812,-0.011184976096931866,2.0927336202231617e-05,-0.011205903433134098
2024-05-20,89,2,E11,e11_add_book_orders,E11 增加挂单笔数与四五档（+4通道）,20260812,0.0689206415793724,0.06013156479656538,0.00878907678280702
2024-05-21,90,2,E11,e11_add_book_orders,E11 增加挂单笔数与四五档（+4通道）,20260812,0.09309590297729643,0.10056046762317532,-0.007464564645878885
2024-05-22,91,2,E11,e11_add_book_orders,E11 增加挂单笔数与四五档（+4通道）,20260812,0.05758935374637193,0.06320443384072098,-0.005615080094349051
2024-05-23,92,2,E11,e11_add_book_orders,E11 增加挂单笔数与四五档（+4通道）,20260812,0.09307692038037751,0.11862380060972767,-0.025546880229350158
2024-05-24,93,2,E11,e11_add_book_orders,E11 增加挂单笔数与四五档（+4通道）,20260812,0.07152010155567011,0.05428354933792816,0.01723655221774195
2024-05-27,94,2,E11,e11_add_book_orders,E11 增加挂单笔数与四五档（+4通道）,20260812,0.04552618551503496,0.04244786912726049,0.00307831638777447
2024-05-28,95,2,E11,e11_add_book_orders,E11 增加挂单笔数与四五档（+4通道）,20260812,0.01405666870273672,0.01713064295819619,-0.0030739742554594697
2024-05-29,96,2,E11,e11_add_book_orders,E11 增加挂单笔数与四五档（+4通道）,20260812,0.08768958109674822,0.08321942306734996,0.0044701580293982635
2024-05-30,97,2,E11,e11_add_book_orders,E11 增加挂单笔数与四五档（+4通道）,20260812,0.10504689645440328,0.10523765704778822,-0.00019076059338493656
2024-05-31,98,2,E11,e11_add_book_orders,E11 增加挂单笔数与四五档（+4通道）,20260812,0.00450639080154882,0.007861500574107333,-0.003355109772558513
2024-06-03,99,2,E11,e11_add_book_orders,E11 增加挂单笔数与四五档（+4通道）,20260812,0.002762523232317431,-0.0029094310890332713,0.005671954321350703
2024-06-04,100,2,E11,e11_add_book_orders,E11 增加挂单笔数与四五档（+4通道）,20260812,0.013655965956250255,0.0036542076856616165,0.010001758270588638
2024-06-05,101,2,E11,e11_add_book_orders,E11 增加挂单笔数与四五档（+4通道）,20260812,0.006569516895814686,0.02624916045822677,-0.019679643562412082
2024-06-06,102,2,E11,e11_add_book_orders,E11 增加挂单笔数与四五档（+4通道）,20260812,0.10048503699675938,0.10769826114767693,-0.0072132241509175465
2024-06-07,103,2,E11,e11_add_book_orders,E11 增加挂单笔数与四五档（+4通道）,20260812,-0.013941999218885885,-0.017566061882388236,0.003624062663502351
2024-06-11,104,2,E11,e11_add_book_orders,E11 增加挂单笔数与四五档（+4通道）,20260812,0.01597516681479656,0.024482200781954268,-0.008507033967157709
2024-06-12,105,2,E11,e11_add_book_orders,E11 增加挂单笔数与四五档（+4通道）,20260812,0.0989965880076321,0.0952015622814183,0.003795025726213805
2024-06-13,106,2,E11,e11_add_book_orders,E11 增加挂单笔数与四五档（+4通道）,20260812,0.008044701488389532,0.03395019090024041,-0.025905489411850877
2024-06-14,107,2,E11,e11_add_book_orders,E11 增加挂单笔数与四五档（+4通道）,20260812,0.041815586362409944,0.053949124034135224,-0.01213353767172528
2024-06-17,108,2,E11,e11_add_book_orders,E11 增加挂单笔数与四五档（+4通道）,20260812,0.010998730476099616,0.006658539974493707,0.004340190501605909
2024-06-18,109,2,E11,e11_add_book_orders,E11 增加挂单笔数与四五档（+4通道）,20260812,0.05128211143595777,0.03476021286449351,0.016521898571464258
2024-06-19,110,2,E11,e11_add_book_orders,E11 增加挂单笔数与四五档（+4通道）,20260812,0.11214777448421782,0.09413523441764013,0.018012540066577695
2024-06-20,111,2,E11,e11_add_book_orders,E11 增加挂单笔数与四五档（+4通道）,20260812,0.030271278562428415,0.021305941513699876,0.008965337048728539
2024-06-21,112,2,E11,e11_add_book_orders,E11 增加挂单笔数与四五档（+4通道）,20260812,-0.01677952902802602,0.007414576901550849,-0.024194105929576867
2024-06-24,113,2,E11,e11_add_book_orders,E11 增加挂单笔数与四五档（+4通道）,20260812,-0.00831951201850732,0.02620236938502134,-0.03452188140352866
2024-06-25,114,2,E11,e11_add_book_orders,E11 增加挂单笔数与四五档（+4通道）,20260812,0.062193185356277686,0.06089479878945518,0.0012983865668225042
2024-06-26,115,2,E11,e11_add_book_orders,E11 增加挂单笔数与四五档（+4通道）,20260812,0.002167385855304992,0.001314141816879131,0.0008532440384258612
2024-06-27,116,2,E11,e11_add_book_orders,E11 增加挂单笔数与四五档（+4通道）,20260812,0.019152160991452376,0.006672376247812148,0.012479784743640228
2024-06-28,117,2,E11,e11_add_book_orders,E11 增加挂单笔数与四五档（+4通道）,20260812,0.030223253201367817,0.039791966701876895,-0.009568713500509078
2024-07-01,118,2,E11,e11_add_book_orders,E11 增加挂单笔数与四五档（+4通道）,20260812,-0.01487767366294613,0.006751957625902725,-0.021629631288848854
2024-07-02,119,2,E11,e11_add_book_orders,E11 增加挂单笔数与四五档（+4通道）,20260812,0.04645087366233976,0.05285922298945027,-0.006408349327110506
2024-07-03,120,2,E11,e11_add_book_orders,E11 增加挂单笔数与四五档（+4通道）,20260812,0.029442458667740635,0.024530285944443155,0.00491217272329748
2024-07-04,121,3,E11,e11_add_book_orders,E11 增加挂单笔数与四五档（+4通道）,20260812,0.03897865205535549,0.04151777901306956,-0.0025391269577140704
2024-07-05,122,3,E11,e11_add_book_orders,E11 增加挂单笔数与四五档（+4通道）,20260812,0.019040314863962158,0.02751801500899697,-0.008477700145034812
2024-07-08,123,3,E11,e11_add_book_orders,E11 增加挂单笔数与四五档（+4通道）,20260812,-0.01669524053145619,-0.022769190305766972,0.006073949774310781
2024-07-09,124,3,E11,e11_add_book_orders,E11 增加挂单笔数与四五档（+4通道）,20260812,-0.04086015875595033,-0.04857886343257084,0.0077187046766205095
2024-07-10,125,3,E11,e11_add_book_orders,E11 增加挂单笔数与四五档（+4通道）,20260812,0.07744395376135894,0.07966393133404102,-0.0022199775726820803
2024-07-11,126,3,E11,e11_add_book_orders,E11 增加挂单笔数与四五档（+4通道）,20260812,-0.001248322684872445,-0.002438781885123338,0.001190459200250893
2024-07-12,127,3,E11,e11_add_book_orders,E11 增加挂单笔数与四五档（+4通道）,20260812,0.03604092485517135,0.03189580553875357,0.0041451193164177835
2024-07-15,128,3,E11,e11_add_book_orders,E11 增加挂单笔数与四五档（+4通道）,20260812,-0.02101545340428659,-0.009778173701196822,-0.011237279703089768
2024-07-16,129,3,E11,e11_add_book_orders,E11 增加挂单笔数与四五档（+4通道）,20260812,0.05030210450524245,0.0602540195101173,-0.00995191500487485
2024-07-17,130,3,E11,e11_add_book_orders,E11 增加挂单笔数与四五档（+4通道）,20260812,0.04582537656630021,0.043132371667139194,0.0026930048991610153
2024-07-18,131,3,E11,e11_add_book_orders,E11 增加挂单笔数与四五档（+4通道）,20260812,0.0434664335495821,0.02736464114275493,0.01610179240682717
2024-07-19,132,3,E11,e11_add_book_orders,E11 增加挂单笔数与四五档（+4通道）,20260812,0.02546922835618451,0.02948691985498893,-0.004017691498804422
2024-07-22,133,3,E11,e11_add_book_orders,E11 增加挂单笔数与四五档（+4通道）,20260812,-0.043008386127473715,-0.015782223535930263,-0.02722616259154345
2024-07-23,134,3,E11,e11_add_book_orders,E11 增加挂单笔数与四五档（+4通道）,20260812,0.04271801294847263,0.0446726513128202,-0.0019546383643475676
2024-07-24,135,3,E11,e11_add_book_orders,E11 增加挂单笔数与四五档（+4通道）,20260812,-0.013146972202543981,0.006587420555765034,-0.019734392758309016
2024-07-25,136,3,E11,e11_add_book_orders,E11 增加挂单笔数与四五档（+4通道）,20260812,0.06199980192975373,0.0636210999125561,-0.001621297982802368
2024-07-26,137,3,E11,e11_add_book_orders,E11 增加挂单笔数与四五档（+4通道）,20260812,0.0362827515634339,0.047925708989671835,-0.011642957426237936
2024-07-29,138,3,E11,e11_add_book_orders,E11 增加挂单笔数与四五档（+4通道）,20260812,0.01735873723338876,0.02729294564447321,-0.009934208411084451
2024-07-30,139,3,E11,e11_add_book_orders,E11 增加挂单笔数与四五档（+4通道）,20260812,0.06896804343723331,0.05729282850738181,0.011675214929851505
2024-07-31,140,3,E11,e11_add_book_orders,E11 增加挂单笔数与四五档（+4通道）,20260812,0.07751749690054602,0.09839001488445738,-0.020872517983911362
2024-08-01,141,3,E11,e11_add_book_orders,E11 增加挂单笔数与四五档（+4通道）,20260812,0.01369054764421619,0.030497429882767234,-0.016806882238551042
2024-08-02,142,3,E11,e11_add_book_orders,E11 增加挂单笔数与四五档（+4通道）,20260812,0.027148616334553077,0.0377251826949085,-0.010576566360355425
2024-08-05,143,3,E11,e11_add_book_orders,E11 增加挂单笔数与四五档（+4通道）,20260812,0.007178055661520799,0.011592846323935342,-0.004414790662414543
2024-08-06,144,3,E11,e11_add_book_orders,E11 增加挂单笔数与四五档（+4通道）,20260812,0.05322722552933421,0.04791655594801228,0.005310669581321932
2024-08-07,145,3,E11,e11_add_book_orders,E11 增加挂单笔数与四五档（+4通道）,20260812,0.03253329468265348,0.03864380467364176,-0.006110509990988278
2024-08-08,146,3,E11,e11_add_book_orders,E11 增加挂单笔数与四五档（+4通道）,20260812,0.11092051187529738,0.12693630839045664,-0.01601579651515926
2024-08-09,147,3,E11,e11_add_book_orders,E11 增加挂单笔数与四五档（+4通道）,20260812,0.041255180040868096,0.010642943365625296,0.0306122366752428
2024-08-12,148,3,E11,e11_add_book_orders,E11 增加挂单笔数与四五档（+4通道）,20260812,0.08458202120349897,0.08419826079216734,0.0003837604113316323
2024-08-13,149,3,E11,e11_add_book_orders,E11 增加挂单笔数与四五档（+4通道）,20260812,0.053117051726994005,0.057625103612815726,-0.0045080518858217206
2024-08-14,150,3,E11,e11_add_book_orders,E11 增加挂单笔数与四五档（+4通道）,20260812,-0.006034044300139551,0.010744299829917795,-0.016778344130057347
2024-08-15,151,3,E11,e11_add_book_orders,E11 增加挂单笔数与四五档（+4通道）,20260812,0.031859734926160184,0.014781883683727338,0.017077851242432846
2024-08-16,152,3,E11,e11_add_book_orders,E11 增加挂单笔数与四五档（+4通道）,20260812,0.09278073229450869,0.07682085049911572,0.01595988179539297
2024-08-19,153,3,E11,e11_add_book_orders,E11 增加挂单笔数与四五档（+4通道）,20260812,0.059245855251782414,0.0661273239154806,-0.0068814686636981814
2024-08-20,154,3,E11,e11_add_book_orders,E11 增加挂单笔数与四五档（+4通道）,20260812,0.06024511279066948,0.05282524109595216,0.00741987169471732
2024-08-21,155,3,E11,e11_add_book_orders,E11 增加挂单笔数与四五档（+4通道）,20260812,0.06736358026452631,0.06642673927798586,0.0009368409865404548
2024-08-22,156,3,E11,e11_add_book_orders,E11 增加挂单笔数与四五档（+4通道）,20260812,0.015112628112460004,-0.02027415251747196,0.03538678062993197
2024-08-23,157,3,E11,e11_add_book_orders,E11 增加挂单笔数与四五档（+4通道）,20260812,0.043000678549362466,0.04472783273897413,-0.0017271541896116613
2024-08-26,158,3,E11,e11_add_book_orders,E11 增加挂单笔数与四五档（+4通道）,20260812,0.07026619007091099,0.04733718728983542,0.02292900278107557
2024-08-27,159,3,E11,e11_add_book_orders,E11 增加挂单笔数与四五档（+4通道）,20260812,0.0035660019618282014,0.009072778079856502,-0.0055067761180283
2024-08-28,160,3,E11,e11_add_book_orders,E11 增加挂单笔数与四五档（+4通道）,20260812,0.008516853078965402,0.015997163052975848,-0.007480309974010446
2024-08-29,161,3,E11,e11_add_book_orders,E11 增加挂单笔数与四五档（+4通道）,20260812,-0.004163314175804119,-0.004131406143800363,-3.190803200375618e-05
2024-08-30,162,3,E11,e11_add_book_orders,E11 增加挂单笔数与四五档（+4通道）,20260812,-0.012810409579034175,-0.0066465190453102,-0.006163890533723975
2024-09-02,163,3,E11,e11_add_book_orders,E11 增加挂单笔数与四五档（+4通道）,20260812,0.07602404430476567,0.03273422771625457,0.0432898165885111
2024-09-03,164,3,E11,e11_add_book_orders,E11 增加挂单笔数与四五档（+4通道）,20260812,-0.07926440751109176,-0.07557582264663397,-0.0036885848644577918
2024-09-04,165,3,E11,e11_add_book_orders,E11 增加挂单笔数与四五档（+4通道）,20260812,0.07728919192090342,0.07734696604194023,-5.7774121036816006e-05
2024-09-05,166,3,E11,e11_add_book_orders,E11 增加挂单笔数与四五档（+4通道）,20260812,0.023106227106227107,0.009104409104409105,0.014001818001818002
2024-09-06,167,3,E11,e11_add_book_orders,E11 增加挂单笔数与四五档（+4通道）,20260812,-0.03015179020294819,-0.014770509532235283,-0.015381280670712908
2024-09-09,168,3,E11,e11_add_book_orders,E11 增加挂单笔数与四五档（+4通道）,20260812,0.05636333661966733,0.06771163522762716,-0.011348298607959828
2024-09-10,169,3,E11,e11_add_book_orders,E11 增加挂单笔数与四五档（+4通道）,20260812,-0.0009668133393761855,-0.030543207496330667,0.029576394156954483
2024-09-11,170,3,E11,e11_add_book_orders,E11 增加挂单笔数与四五档（+4通道）,20260812,0.041420046165547314,0.058754842967374654,-0.01733479680182734
2024-09-12,171,3,E11,e11_add_book_orders,E11 增加挂单笔数与四五档（+4通道）,20260812,0.01416812087647495,0.03397637521146654,-0.019808254334991594
2024-09-13,172,3,E11,e11_add_book_orders,E11 增加挂单笔数与四五档（+4通道）,20260812,0.04469154101629566,0.03906919023035028,0.005622350785945383
2024-09-18,173,3,E11,e11_add_book_orders,E11 增加挂单笔数与四五档（+4通道）,20260812,0.09757758611596598,0.10422249147852115,-0.006644905362555173
2024-09-19,174,3,E11,e11_add_book_orders,E11 增加挂单笔数与四五档（+4通道）,20260812,0.02122473792200853,0.06475516939178297,-0.043530431469774436
2024-09-20,175,3,E11,e11_add_book_orders,E11 增加挂单笔数与四五档（+4通道）,20260812,0.010192084375541897,-0.009619473792624324,0.01981155816816622
2024-09-23,176,3,E11,e11_add_book_orders,E11 增加挂单笔数与四五档（+4通道）,20260812,0.07441797841797841,0.048031500031500036,0.026386478386478375
2024-09-24,177,3,E11,e11_add_book_orders,E11 增加挂单笔数与四五档（+4通道）,20260812,0.08379935555970014,0.0978859090710382,-0.014086553511338057
2024-09-25,178,3,E11,e11_add_book_orders,E11 增加挂单笔数与四五档（+4通道）,20260812,0.06764515964515966,0.053582789582789586,0.014062370062370072
2024-09-26,179,3,E11,e11_add_book_orders,E11 增加挂单笔数与四五档（+4通道）,20260812,-0.068994860994861,-0.06145891345891345,-0.007535947535947551
2024-09-27,180,3,E11,e11_add_book_orders,E11 增加挂单笔数与四五档（+4通道）,20260812,0.1054827694827695,0.09243356043356044,0.01304920904920906
2024-09-30,181,4,E11,e11_add_book_orders,E11 增加挂单笔数与四五档（+4通道）,20260812,0.007764960364138495,0.027071476024066017,-0.019306515659927522
2024-10-08,182,4,E11,e11_add_book_orders,E11 增加挂单笔数与四五档（+4通道）,20260812,0.14378722264994598,0.17114408817095272,-0.027356865521006746
2024-10-09,183,4,E11,e11_add_book_orders,E11 增加挂单笔数与四五档（+4通道）,20260812,0.06059951641750194,0.07321896941553853,-0.012619452998036587
2024-10-10,184,4,E11,e11_add_book_orders,E11 增加挂单笔数与四五档（+4通道）,20260812,-0.03743602354833162,-0.008362238387325102,-0.02907378516100652
2024-10-11,185,4,E11,e11_add_book_orders,E11 增加挂单笔数与四五档（+4通道）,20260812,0.056425502764055786,0.050759289063844804,0.005666213700210983
2024-10-14,186,4,E11,e11_add_book_orders,E11 增加挂单笔数与四五档（+4通道）,20260812,-0.029954261954261954,-0.013770217770217773,-0.01618404418404418
2024-10-15,187,4,E11,e11_add_book_orders,E11 增加挂单笔数与四五档（+4通道）,20260812,-0.036957025067896145,-0.02910433119164419,-0.007852693876251954
2024-10-16,188,4,E11,e11_add_book_orders,E11 增加挂单笔数与四五档（+4通道）,20260812,0.10081408741897196,0.07781659828349788,0.022997489135474086
2024-10-17,189,4,E11,e11_add_book_orders,E11 增加挂单笔数与四五档（+4通道）,20260812,0.011341445654070904,0.01568889129610572,-0.004347445642034816
2024-10-18,190,4,E11,e11_add_book_orders,E11 增加挂单笔数与四五档（+4通道）,20260812,-0.0215316328945796,-0.040796563673776945,0.019264930779197345
2024-10-21,191,4,E11,e11_add_book_orders,E11 增加挂单笔数与四五档（+4通道）,20260812,0.030368394409537994,0.021249659678038327,0.009118734731499666
2024-10-22,192,4,E11,e11_add_book_orders,E11 增加挂单笔数与四五档（+4通道）,20260812,0.012146286584057102,0.0075082532213646335,0.004638033362692469
2024-10-23,193,4,E11,e11_add_book_orders,E11 增加挂单笔数与四五档（+4通道）,20260812,0.09219625789893063,0.08630956784109155,0.005886690057839081
2024-10-24,194,4,E11,e11_add_book_orders,E11 增加挂单笔数与四五档（+4通道）,20260812,-0.03865061520133331,-0.04484720701728388,0.006196591815950572
2024-10-25,195,4,E11,e11_add_book_orders,E11 增加挂单笔数与四五档（+4通道）,20260812,0.0014093747751250947,0.021508869068537724,-0.02009949429341263
2024-10-28,196,4,E11,e11_add_book_orders,E11 增加挂单笔数与四五档（+4通道）,20260812,0.06770573285275835,0.07479476921915938,-0.0070890363664010275
2024-10-29,197,4,E11,e11_add_book_orders,E11 增加挂单笔数与四五档（+4通道）,20260812,0.02126769896857496,0.03535979788703217,-0.014092098918457207
2024-10-30,198,4,E11,e11_add_book_orders,E11 增加挂单笔数与四五档（+4通道）,20260812,-0.02997813129814779,-0.0042697737131962964,-0.02570835758495149
2024-10-31,199,4,E11,e11_add_book_orders,E11 增加挂单笔数与四五档（+4通道）,20260812,0.07242832254556153,0.06573420153059392,0.006694121014967608
2024-11-01,200,4,E11,e11_add_book_orders,E11 增加挂单笔数与四五档（+4通道）,20260812,0.014040406245733007,0.010344809248797616,0.003695596996935391
2024-11-04,201,4,E11,e11_add_book_orders,E11 增加挂单笔数与四五档（+4通道）,20260812,0.02654998409368695,0.031619197659354656,-0.005069213565667707
2024-11-05,202,4,E11,e11_add_book_orders,E11 增加挂单笔数与四五档（+4通道）,20260812,-0.00038401989862906866,0.007263613848712464,-0.007647633747341533
2024-11-06,203,4,E11,e11_add_book_orders,E11 增加挂单笔数与四五档（+4通道）,20260812,0.11034434527696285,0.084457571153758,0.02588677412320485
2024-11-07,204,4,E11,e11_add_book_orders,E11 增加挂单笔数与四五档（+4通道）,20260812,0.10187329608712548,0.10113556380182924,0.0007377322852962359
2024-11-08,205,4,E11,e11_add_book_orders,E11 增加挂单笔数与四五档（+4通道）,20260812,0.007680218186115378,0.0026976768642287103,0.004982541321886668
2024-11-11,206,4,E11,e11_add_book_orders,E11 增加挂单笔数与四五档（+4通道）,20260812,0.03668494077060409,0.034942147148229394,0.0017427936223746929
2024-11-12,207,4,E11,e11_add_book_orders,E11 增加挂单笔数与四五档（+4通道）,20260812,0.14082215438567267,0.1201259653081502,0.020696189077522464
2024-11-13,208,4,E11,e11_add_book_orders,E11 增加挂单笔数与四五档（+4通道）,20260812,0.14804313008258213,0.13996053733764158,0.008082592744940553
2024-11-14,209,4,E11,e11_add_book_orders,E11 增加挂单笔数与四五档（+4通道）,20260812,-0.020177577633512574,-0.024676888030475845,0.004499310396963271
2024-11-15,210,4,E11,e11_add_book_orders,E11 增加挂单笔数与四五档（+4通道）,20260812,0.14702232136050578,0.13008366321256223,0.01693865814794354
2024-11-18,211,4,E11,e11_add_book_orders,E11 增加挂单笔数与四五档（+4通道）,20260812,-0.006286880104273893,-0.010876648256733576,0.004589768152459683
2024-11-19,212,4,E11,e11_add_book_orders,E11 增加挂单笔数与四五档（+4通道）,20260812,-0.028412482497719948,-0.01847268052809857,-0.009939801969621378
2024-11-20,213,4,E11,e11_add_book_orders,E11 增加挂单笔数与四五档（+4通道）,20260812,0.0869982340623706,0.09693135691239047,-0.009933122850019863
2024-11-21,214,4,E11,e11_add_book_orders,E11 增加挂单笔数与四五档（+4通道）,20260812,-0.008111018159684269,-0.005271971303603132,-0.002839046856081137
2024-11-22,215,4,E11,e11_add_book_orders,E11 增加挂单笔数与四五档（+4通道）,20260812,0.07741282234177621,0.08700460004865526,-0.009591777706879051
2024-11-25,216,4,E11,e11_add_book_orders,E11 增加挂单笔数与四五档（+4通道）,20260812,0.14768362319040446,0.13041277810612054,0.01727084508428392
2024-11-26,217,4,E11,e11_add_book_orders,E11 增加挂单笔数与四五档（+4通道）,20260812,-0.025790048720805262,-0.018996166621508277,-0.006793882099296985
2024-11-27,218,4,E11,e11_add_book_orders,E11 增加挂单笔数与四五档（+4通道）,20260812,0.050925706615633136,0.03549521036767959,0.015430496247953548
2024-11-28,219,4,E11,e11_add_book_orders,E11 增加挂单笔数与四五档（+4通道）,20260812,0.0704699328927525,0.06561312600680476,0.004856806885947737
2024-11-29,220,4,E11,e11_add_book_orders,E11 增加挂单笔数与四五档（+4通道）,20260812,0.005279423437806143,0.033143572137879315,-0.02786414870007317
2024-12-02,221,4,E11,e11_add_book_orders,E11 增加挂单笔数与四五档（+4通道）,20260812,0.049454866883678554,0.038910251018128915,0.01054461586554964
2024-12-03,222,4,E11,e11_add_book_orders,E11 增加挂单笔数与四五档（+4通道）,20260812,0.027477995359824696,0.02585835967259877,0.0016196356872259267
2024-12-04,223,4,E11,e11_add_book_orders,E11 增加挂单笔数与四五档（+4通道）,20260812,0.026037579912285735,0.024451370211868932,0.0015862097004168026
2024-12-05,224,4,E11,e11_add_book_orders,E11 增加挂单笔数与四五档（+4通道）,20260812,0.1797958197958198,0.18247226647226647,-0.0026764466764466754
2024-12-06,225,4,E11,e11_add_book_orders,E11 增加挂单笔数与四五档（+4通道）,20260812,0.0005233205233205234,-0.029016377016377014,0.029539697539697537
2024-12-09,226,4,E11,e11_add_book_orders,E11 增加挂单笔数与四五档（+4通道）,20260812,0.028584736584736585,0.04035052035052036,-0.011765783765783772
2024-12-10,227,4,E11,e11_add_book_orders,E11 增加挂单笔数与四五档（+4通道）,20260812,-0.015742965790194685,-0.0041955402081268285,-0.011547425582067856
2024-12-11,228,4,E11,e11_add_book_orders,E11 增加挂单笔数与四五档（+4通道）,20260812,0.03198201847517279,0.030226158385553793,0.0017558600896189977
2024-12-12,229,4,E11,e11_add_book_orders,E11 增加挂单笔数与四五档（+4通道）,20260812,0.00456090276885487,-0.014473746323447093,0.019034649092301962
2024-12-13,230,4,E11,e11_add_book_orders,E11 增加挂单笔数与四五档（+4通道）,20260812,0.1317783698164898,0.14363077509594366,-0.01185240527945386
2024-12-16,231,4,E11,e11_add_book_orders,E11 增加挂单笔数与四五档（+4通道）,20260812,0.0697803813318197,0.06590219685005476,0.0038781844817649402
2024-12-17,232,4,E11,e11_add_book_orders,E11 增加挂单笔数与四五档（+4通道）,20260812,0.013466247477338007,-0.01177400059553265,0.025240248072870657
2024-12-18,233,4,E11,e11_add_book_orders,E11 增加挂单笔数与四五档（+4通道）,20260812,0.04212573200378812,0.034546709258441055,0.0075790227453470665
2024-12-19,234,4,E11,e11_add_book_orders,E11 增加挂单笔数与四五档（+4通道）,20260812,-0.031494061773085814,-0.030037304646712063,-0.0014567571263737512
2024-12-20,235,4,E11,e11_add_book_orders,E11 增加挂单笔数与四五档（+4通道）,20260812,0.042668907802675,0.032032657840242125,0.010636249962432877
2024-12-23,236,4,E11,e11_add_book_orders,E11 增加挂单笔数与四五档（+4通道）,20260812,0.0018866811844904458,-0.00037134244829754187,0.0022580236327879874
2024-12-24,237,4,E11,e11_add_book_orders,E11 增加挂单笔数与四五档（+4通道）,20260812,0.06251570153196111,0.04562600991935731,0.0168896916126038
2024-12-25,238,4,E11,e11_add_book_orders,E11 增加挂单笔数与四五档（+4通道）,20260812,-0.07166661397378853,-0.08403254727220652,0.012365933298417994
2024-12-26,239,4,E11,e11_add_book_orders,E11 增加挂单笔数与四五档（+4通道）,20260812,0.12120526935977692,0.12748858197685198,-0.006283312617075057
2024-12-27,240,4,E11,e11_add_book_orders,E11 增加挂单笔数与四五档（+4通道）,20260812,0.07712002438395077,0.07471943886695961,0.002400585516991155
2024-01-02,1,1,E11,e11_add_book_orders,E11 增加挂单笔数与四五档（+4通道）,20260823,0.04873867819348837,0.04850785668144289,0.00023082151204548151
2024-01-03,2,1,E11,e11_add_book_orders,E11 增加挂单笔数与四五档（+4通道）,20260823,0.049679473183711166,0.052235645131125226,-0.00255617194741406
2024-01-04,3,1,E11,e11_add_book_orders,E11 增加挂单笔数与四五档（+4通道）,20260823,0.0536188063178892,0.07166066745725753,-0.018041861139368336
2024-01-05,4,1,E11,e11_add_book_orders,E11 增加挂单笔数与四五档（+4通道）,20260823,0.04941358857493837,0.044443820574748015,0.004969768000190354
2024-01-08,5,1,E11,e11_add_book_orders,E11 增加挂单笔数与四五档（+4通道）,20260823,0.02296836595473525,0.03781255992010828,-0.014844193965373027
2024-01-09,6,1,E11,e11_add_book_orders,E11 增加挂单笔数与四五档（+4通道）,20260823,-0.008710422157287586,0.007993354032099463,-0.01670377618938705
2024-01-10,7,1,E11,e11_add_book_orders,E11 增加挂单笔数与四五档（+4通道）,20260823,0.010522721497868589,0.007887787872000626,0.0026349336258679624
2024-01-11,8,1,E11,e11_add_book_orders,E11 增加挂单笔数与四五档（+4通道）,20260823,0.06452518094640056,0.07271597302971858,-0.008190792083318021
2024-01-12,9,1,E11,e11_add_book_orders,E11 增加挂单笔数与四五档（+4通道）,20260823,0.034788980547974906,0.03004850735786587,0.004740473190109035
2024-01-15,10,1,E11,e11_add_book_orders,E11 增加挂单笔数与四五档（+4通道）,20260823,0.005139119635692756,0.0036890060385161446,0.0014501135971766118
2024-01-16,11,1,E11,e11_add_book_orders,E11 增加挂单笔数与四五档（+4通道）,20260823,0.007009285838945157,0.024468516612805184,-0.017459230773860027
2024-01-17,12,1,E11,e11_add_book_orders,E11 增加挂单笔数与四五档（+4通道）,20260823,-0.011260630837050202,-0.01301091334444506,0.0017502825073948576
2024-01-18,13,1,E11,e11_add_book_orders,E11 增加挂单笔数与四五档（+4通道）,20260823,0.06642932703701904,0.0719486800443023,-0.005519353007283262
2024-01-19,14,1,E11,e11_add_book_orders,E11 增加挂单笔数与四五档（+4通道）,20260823,-0.002097155271503969,0.0166278864034375,-0.01872504167494147
2024-01-22,15,1,E11,e11_add_book_orders,E11 增加挂单笔数与四五档（+4通道）,20260823,0.0405247859160481,0.03569726292972225,0.004827522986325848
2024-01-23,16,1,E11,e11_add_book_orders,E11 增加挂单笔数与四五档（+4通道）,20260823,0.04647228418682581,0.027400825840274094,0.019071458346551714
2024-01-24,17,1,E11,e11_add_book_orders,E11 增加挂单笔数与四五档（+4通道）,20260823,0.07256367678136781,0.06890798711471108,0.0036556896666567334
2024-01-25,18,1,E11,e11_add_book_orders,E11 增加挂单笔数与四五档（+4通道）,20260823,0.09207670960131235,0.07850633921671972,0.013570370384592634
2024-01-26,19,1,E11,e11_add_book_orders,E11 增加挂单笔数与四五档（+4通道）,20260823,0.043351255351255356,0.06336177936177938,-0.02001052401052402
2024-01-29,20,1,E11,e11_add_book_orders,E11 增加挂单笔数与四五档（+4通道）,20260823,0.03687654087654088,0.05272319272319273,-0.01584665184665185
2024-01-30,21,1,E11,e11_add_book_orders,E11 增加挂单笔数与四五档（+4通道）,20260823,0.032389892389892386,0.04284423084423084,-0.010454338454338456
2024-01-31,22,1,E11,e11_add_book_orders,E11 增加挂单笔数与四五档（+4通道）,20260823,-0.0013243604724271511,0.015778512453691544,-0.017102872926118694
2024-02-01,23,1,E11,e11_add_book_orders,E11 增加挂单笔数与四五档（+4通道）,20260823,-0.015669007685039746,0.0010852937105442113,-0.016754301395583957
2024-02-02,24,1,E11,e11_add_book_orders,E11 增加挂单笔数与四五档（+4通道）,20260823,0.012572014900672215,0.030329969247804914,-0.017757954347132697
2024-02-05,25,1,E11,e11_add_book_orders,E11 增加挂单笔数与四五档（+4通道）,20260823,0.09533802676809718,0.1179716697412448,-0.022633642973147627
2024-02-06,26,1,E11,e11_add_book_orders,E11 增加挂单笔数与四五档（+4通道）,20260823,0.038303690418601495,0.02831988440484406,0.009983806013757434
2024-02-07,27,1,E11,e11_add_book_orders,E11 增加挂单笔数与四五档（+4通道）,20260823,0.08031095631095632,0.0606927606927607,0.019618195618195618
2024-02-08,28,1,E11,e11_add_book_orders,E11 增加挂单笔数与四五档（+4通道）,20260823,-0.031107337667269756,-0.052718249667178176,0.02161091199990842
2024-02-19,29,1,E11,e11_add_book_orders,E11 增加挂单笔数与四五档（+4通道）,20260823,0.01703219405412573,0.04170191620403125,-0.02466972214990552
2024-02-20,30,1,E11,e11_add_book_orders,E11 增加挂单笔数与四五档（+4通道）,20260823,0.01929469958412008,0.005857853945721755,0.013436845638398327
2024-02-21,31,1,E11,e11_add_book_orders,E11 增加挂单笔数与四五档（+4通道）,20260823,0.003956771950985516,0.01128998898014486,-0.007333217029159345
2024-02-22,32,1,E11,e11_add_book_orders,E11 增加挂单笔数与四五档（+4通道）,20260823,0.05794528818919102,0.06390502608235721,-0.0059597378931661865
2024-02-23,33,1,E11,e11_add_book_orders,E11 增加挂单笔数与四五档（+4通道）,20260823,0.10439363228852769,0.1115952321043087,-0.007201599815781015
2024-02-26,34,1,E11,e11_add_book_orders,E11 增加挂单笔数与四五档（+4通道）,20260823,0.04146533971413176,0.043327033586995786,-0.0018616938728640287
2024-02-27,35,1,E11,e11_add_book_orders,E11 增加挂单笔数与四五档（+4通道）,20260823,-0.00019167619167619168,0.01132826332826333,-0.011519939519939522
2024-02-28,36,1,E11,e11_add_book_orders,E11 增加挂单笔数与四五档（+4通道）,20260823,0.0011247851315338425,0.025137325288149243,-0.0240125401566154
2024-02-29,37,1,E11,e11_add_book_orders,E11 增加挂单笔数与四五档（+4通道）,20260823,0.09144590476461345,0.0978801328395699,-0.006434228074956444
2024-03-01,38,1,E11,e11_add_book_orders,E11 增加挂单笔数与四五档（+4通道）,20260823,-0.013357345357345356,-0.00879023679023679,-0.004567108567108565
2024-03-04,39,1,E11,e11_add_book_orders,E11 增加挂单笔数与四五档（+4通道）,20260823,0.091422379924574,0.08848901590184075,0.0029333640227332536
2024-03-05,40,1,E11,e11_add_book_orders,E11 增加挂单笔数与四五档（+4通道）,20260823,0.10440268863440778,0.113980084514072,-0.009577395879664219
2024-03-06,41,1,E11,e11_add_book_orders,E11 增加挂单笔数与四五档（+4通道）,20260823,0.0389046278433585,0.030829158454699013,0.008075469388659485
2024-03-07,42,1,E11,e11_add_book_orders,E11 增加挂单笔数与四五档（+4通道）,20260823,0.06712093121250587,0.09796382729818155,-0.030842896085675683
2024-03-08,43,1,E11,e11_add_book_orders,E11 增加挂单笔数与四五档（+4通道）,20260823,0.08369153687339412,0.07859268143879267,0.005098855434601451
2024-03-11,44,1,E11,e11_add_book_orders,E11 增加挂单笔数与四五档（+4通道）,20260823,0.02483939075300477,0.010572589286975187,0.014266801466029582
2024-03-12,45,1,E11,e11_add_book_orders,E11 增加挂单笔数与四五档（+4通道）,20260823,0.07647894071271985,0.07888849295514745,-0.002409552242427601
2024-03-13,46,1,E11,e11_add_book_orders,E11 增加挂单笔数与四五档（+4通道）,20260823,0.07068224636231486,0.07208128537379577,-0.0013990390114809043
2024-03-14,47,1,E11,e11_add_book_orders,E11 增加挂单笔数与四五档（+4通道）,20260823,0.044555612801516334,0.031017839623422024,0.01353777317809431
2024-03-15,48,1,E11,e11_add_book_orders,E11 增加挂单笔数与四五档（+4通道）,20260823,0.04213595056349798,0.03662849446740808,0.005507456096089901
2024-03-18,49,1,E11,e11_add_book_orders,E11 增加挂单笔数与四五档（+4通道）,20260823,0.08135423660084501,0.09632079115544465,-0.014966554554599637
2024-03-19,50,1,E11,e11_add_book_orders,E11 增加挂单笔数与四五档（+4通道）,20260823,0.048281532097420726,0.048297234118916794,-1.5702021496068197e-05
2024-03-20,51,1,E11,e11_add_book_orders,E11 增加挂单笔数与四五档（+4通道）,20260823,0.05522750017471014,0.037252304174104,0.01797519600060614
2024-03-21,52,1,E11,e11_add_book_orders,E11 增加挂单笔数与四五档（+4通道）,20260823,-0.006021822021822022,0.000651996651996652,-0.006673818673818674
2024-03-22,53,1,E11,e11_add_book_orders,E11 增加挂单笔数与四五档（+4通道）,20260823,0.06488976101020066,0.06461747460313245,0.00027228640706820906
2024-03-25,54,1,E11,e11_add_book_orders,E11 增加挂单笔数与四五档（+4通道）,20260823,-0.012819787280961698,-0.02492458948658575,0.012104802205624054
2024-03-26,55,1,E11,e11_add_book_orders,E11 增加挂单笔数与四五档（+4通道）,20260823,0.029956806046676467,0.034281724384569556,-0.004324918337893089
2024-03-27,56,1,E11,e11_add_book_orders,E11 增加挂单笔数与四五档（+4通道）,20260823,0.025349083889148378,0.01823593094080173,0.007113152948346649
2024-03-28,57,1,E11,e11_add_book_orders,E11 增加挂单笔数与四五档（+4通道）,20260823,0.0644873286154105,0.07436635082044044,-0.009879022205029939
2024-03-29,58,1,E11,e11_add_book_orders,E11 增加挂单笔数与四五档（+4通道）,20260823,0.12794795200867326,0.12112495475582716,0.0068229972528461025
2024-04-01,59,1,E11,e11_add_book_orders,E11 增加挂单笔数与四五档（+4通道）,20260823,0.07702456934322327,0.09640708681905275,-0.019382517475829475
2024-04-02,60,1,E11,e11_add_book_orders,E11 增加挂单笔数与四五档（+4通道）,20260823,-0.002797576643977838,-0.011529871139588603,0.008732294495610766
2024-04-03,61,2,E11,e11_add_book_orders,E11 增加挂单笔数与四五档（+4通道）,20260823,0.026806950537875355,0.03409574847250742,-0.007288797934632062
2024-04-08,62,2,E11,e11_add_book_orders,E11 增加挂单笔数与四五档（+4通道）,20260823,0.0815590264951515,0.08146755640038848,9.147009476301315e-05
2024-04-09,63,2,E11,e11_add_book_orders,E11 增加挂单笔数与四五档（+4通道）,20260823,0.013308139348063767,0.045912112049848394,-0.032603972701784625
2024-04-10,64,2,E11,e11_add_book_orders,E11 增加挂单笔数与四五档（+4通道）,20260823,0.033719458832200996,0.02054541922341807,0.013174039608782925
2024-04-11,65,2,E11,e11_add_book_orders,E11 增加挂单笔数与四五档（+4通道）,20260823,0.11456388143771454,0.1235916110071079,-0.009027729569393364
2024-04-12,66,2,E11,e11_add_book_orders,E11 增加挂单笔数与四五档（+4通道）,20260823,0.005962457980345354,0.017240009291729322,-0.011277551311383967
2024-04-15,67,2,E11,e11_add_book_orders,E11 增加挂单笔数与四五档（+4通道）,20260823,0.01190879990879991,0.028336252336252338,-0.01642745242745243
2024-04-16,68,2,E11,e11_add_book_orders,E11 增加挂单笔数与四五档（+4通道）,20260823,-0.021038121038121037,-0.05806777006777007,0.03702964902964903
2024-04-17,69,2,E11,e11_add_book_orders,E11 增加挂单笔数与四五档（+4通道）,20260823,0.024343261219618637,0.020367969101216004,0.003975292118402633
2024-04-18,70,2,E11,e11_add_book_orders,E11 增加挂单笔数与四五档（+4通道）,20260823,-0.01611974018191522,-0.024305652430677616,0.008185912248762396
2024-04-19,71,2,E11,e11_add_book_orders,E11 增加挂单笔数与四五档（+4通道）,20260823,0.06117512884563668,0.06895390909114377,-0.007778780245507086
2024-04-22,72,2,E11,e11_add_book_orders,E11 增加挂单笔数与四五档（+4通道）,20260823,0.0784793511881124,0.0953692490914042,-0.016889897903291803
2024-04-23,73,2,E11,e11_add_book_orders,E11 增加挂单笔数与四五档（+4通道）,20260823,0.11088344049724125,0.09732040710524721,0.013563033391994037
2024-04-24,74,2,E11,e11_add_book_orders,E11 增加挂单笔数与四五档（+4通道）,20260823,0.0016521090775340472,0.015857776136162835,-0.014205667058628788
2024-04-25,75,2,E11,e11_add_book_orders,E11 增加挂单笔数与四五档（+4通道）,20260823,0.03812904105565658,0.03746361581992724,0.0006654252357293361
2024-04-26,76,2,E11,e11_add_book_orders,E11 增加挂单笔数与四五档（+4通道）,20260823,0.036289292376635515,0.024112513068795048,0.012176779307840467
2024-04-29,77,2,E11,e11_add_book_orders,E11 增加挂单笔数与四五档（+4通道）,20260823,0.09374943311205244,0.1081171406173312,-0.014367707505278757
2024-04-30,78,2,E11,e11_add_book_orders,E11 增加挂单笔数与四五档（+4通道）,20260823,-0.0155095071797328,0.0077856111160042405,-0.023295118295737043
2024-05-06,79,2,E11,e11_add_book_orders,E11 增加挂单笔数与四五档（+4通道）,20260823,0.08325186431845483,0.0794880233634923,0.00376384095496253
2024-05-07,80,2,E11,e11_add_book_orders,E11 增加挂单笔数与四五档（+4通道）,20260823,0.018458923909256724,0.02462535288181574,-0.0061664289725590175
2024-05-08,81,2,E11,e11_add_book_orders,E11 增加挂单笔数与四五档（+4通道）,20260823,0.02411524565115363,0.03198239741935762,-0.00786715176820399
2024-05-09,82,2,E11,e11_add_book_orders,E11 增加挂单笔数与四五档（+4通道）,20260823,0.0407934673045005,0.05123833313760655,-0.010444865833106047
2024-05-10,83,2,E11,e11_add_book_orders,E11 增加挂单笔数与四五档（+4通道）,20260823,0.05605999793702153,0.05859816927776049,-0.0025381713407389567
2024-05-13,84,2,E11,e11_add_book_orders,E11 增加挂单笔数与四五档（+4通道）,20260823,0.05899297771043834,0.05772544468264788,0.0012675330277904587
2024-05-14,85,2,E11,e11_add_book_orders,E11 增加挂单笔数与四五档（+4通道）,20260823,0.12176919632635355,0.13134115579897357,-0.009571959472620017
2024-05-15,86,2,E11,e11_add_book_orders,E11 增加挂单笔数与四五档（+4通道）,20260823,0.02539130346971547,0.013938191080289587,0.011453112389425882
2024-05-16,87,2,E11,e11_add_book_orders,E11 增加挂单笔数与四五档（+4通道）,20260823,0.038538394909574177,0.05055990185895209,-0.01202150694937791
2024-05-17,88,2,E11,e11_add_book_orders,E11 增加挂单笔数与四五档（+4通道）,20260823,-0.029649339272930435,-0.018663411297892073,-0.010985927975038362
2024-05-20,89,2,E11,e11_add_book_orders,E11 增加挂单笔数与四五档（+4通道）,20260823,0.064573489992946,0.05794271754082212,0.00663077245212388
2024-05-21,90,2,E11,e11_add_book_orders,E11 增加挂单笔数与四五档（+4通道）,20260823,0.06660623226911545,0.08699042922841772,-0.02038419695930227
2024-05-22,91,2,E11,e11_add_book_orders,E11 增加挂单笔数与四五档（+4通道）,20260823,0.06103164980157988,0.045471550390142904,0.015560099411436976
2024-05-23,92,2,E11,e11_add_book_orders,E11 增加挂单笔数与四五档（+4通道）,20260823,0.11745259320695736,0.10478434847909748,0.012668244727859879
2024-05-24,93,2,E11,e11_add_book_orders,E11 增加挂单笔数与四五档（+4通道）,20260823,0.06152735871306338,0.06988727424141232,-0.008359915528348937
2024-05-27,94,2,E11,e11_add_book_orders,E11 增加挂单笔数与四五档（+4通道）,20260823,0.052620015270134886,0.053559367155663444,-0.0009393518855285582
2024-05-28,95,2,E11,e11_add_book_orders,E11 增加挂单笔数与四五档（+4通道）,20260823,0.02940257642940339,0.01854588076194089,0.010856695667462501
2024-05-29,96,2,E11,e11_add_book_orders,E11 增加挂单笔数与四五档（+4通道）,20260823,0.04979596714440147,0.04996199154823234,-0.0001660244038308653
2024-05-30,97,2,E11,e11_add_book_orders,E11 增加挂单笔数与四五档（+4通道）,20260823,0.08161077779064907,0.0958672996806341,-0.014256521889985024
2024-05-31,98,2,E11,e11_add_book_orders,E11 增加挂单笔数与四五档（+4通道）,20260823,0.003969982247500172,0.016318920110455035,-0.012348937862954863
2024-06-03,99,2,E11,e11_add_book_orders,E11 增加挂单笔数与四五档（+4通道）,20260823,-0.01210032897569284,-0.014711531924502612,0.002611202948809772
2024-06-04,100,2,E11,e11_add_book_orders,E11 增加挂单笔数与四五档（+4通道）,20260823,-0.008954950758252735,0.0149481369934297,-0.023903087751682435
2024-06-05,101,2,E11,e11_add_book_orders,E11 增加挂单笔数与四五档（+4通道）,20260823,0.03854759992286645,0.055382538521649004,-0.016834938598782552
2024-06-06,102,2,E11,e11_add_book_orders,E11 增加挂单笔数与四五档（+4通道）,20260823,0.10463273565110191,0.10502148186031254,-0.0003887462092106303
2024-06-07,103,2,E11,e11_add_book_orders,E11 增加挂单笔数与四五档（+4通道）,20260823,-0.010072639460781484,-0.010034315939603564,-3.8323521177920095e-05
2024-06-11,104,2,E11,e11_add_book_orders,E11 增加挂单笔数与四五档（+4通道）,20260823,0.028839980308382585,0.020808667960344404,0.00803131234803818
2024-06-12,105,2,E11,e11_add_book_orders,E11 增加挂单笔数与四五档（+4通道）,20260823,0.0821747029364098,0.09758868502579467,-0.015413982089384867
2024-06-13,106,2,E11,e11_add_book_orders,E11 增加挂单笔数与四五档（+4通道）,20260823,0.03062484514898197,0.013052024666335593,0.017572820482646377
2024-06-14,107,2,E11,e11_add_book_orders,E11 增加挂单笔数与四五档（+4通道）,20260823,0.05982138220891976,0.04682612272006519,0.01299525948885457
2024-06-17,108,2,E11,e11_add_book_orders,E11 增加挂单笔数与四五档（+4通道）,20260823,0.027597269340712893,0.018724660049543075,0.008872609291169817
2024-06-18,109,2,E11,e11_add_book_orders,E11 增加挂单笔数与四五档（+4通道）,20260823,0.06472187891604456,0.06045482463618912,0.004267054279855437
2024-06-19,110,2,E11,e11_add_book_orders,E11 增加挂单笔数与四五档（+4通道）,20260823,0.09072755499973767,0.09268676096482126,-0.001959205965083588
2024-06-20,111,2,E11,e11_add_book_orders,E11 增加挂单笔数与四五档（+4通道）,20260823,0.02632420079700325,0.02688904225269028,-0.0005648414556870297
2024-06-21,112,2,E11,e11_add_book_orders,E11 增加挂单笔数与四五档（+4通道）,20260823,-0.0034005548634807145,0.006369892939031214,-0.009770447802511928
2024-06-24,113,2,E11,e11_add_book_orders,E11 增加挂单笔数与四五档（+4通道）,20260823,0.02584696178239973,0.02360949528729337,0.002237466495106359
2024-06-25,114,2,E11,e11_add_book_orders,E11 增加挂单笔数与四五档（+4通道）,20260823,0.06267025360832852,0.06292848779519546,-0.00025823418686693467
2024-06-26,115,2,E11,e11_add_book_orders,E11 增加挂单笔数与四五档（+4通道）,20260823,-0.002843735561870521,-0.00946743350766749,0.00662369794579697
2024-06-27,116,2,E11,e11_add_book_orders,E11 增加挂单笔数与四五档（+4通道）,20260823,0.03979816351921092,0.034073870258461716,0.005724293260749205
2024-06-28,117,2,E11,e11_add_book_orders,E11 增加挂单笔数与四五档（+4通道）,20260823,0.04035810814167635,0.039746614724812786,0.0006114934168635622
2024-07-01,118,2,E11,e11_add_book_orders,E11 增加挂单笔数与四五档（+4通道）,20260823,0.01623301683996761,0.004331702382510817,0.01190131445745679
2024-07-02,119,2,E11,e11_add_book_orders,E11 增加挂单笔数与四五档（+4通道）,20260823,0.03760417574921073,0.020739903778050444,0.016864271971160288
2024-07-03,120,2,E11,e11_add_book_orders,E11 增加挂单笔数与四五档（+4通道）,20260823,0.02666276713584988,0.0325640231367481,-0.005901256000898223
2024-07-04,121,3,E11,e11_add_book_orders,E11 增加挂单笔数与四五档（+4通道）,20260823,0.047319817019940154,0.04346631322134786,0.0038535037985922907
2024-07-05,122,3,E11,e11_add_book_orders,E11 增加挂单笔数与四五档（+4通道）,20260823,0.01692520175486107,0.014098888467625942,0.0028263132872351285
2024-07-08,123,3,E11,e11_add_book_orders,E11 增加挂单笔数与四五档（+4通道）,20260823,-0.01023026244958701,-0.008145107128913769,-0.0020851553206732414
2024-07-09,124,3,E11,e11_add_book_orders,E11 增加挂单笔数与四五档（+4通道）,20260823,-0.04485397220868162,-0.04810144011747217,0.0032474679087905536
2024-07-10,125,3,E11,e11_add_book_orders,E11 增加挂单笔数与四五档（+4通道）,20260823,0.056915219878142624,0.06740301867650085,-0.010487798798358226
2024-07-11,126,3,E11,e11_add_book_orders,E11 增加挂单笔数与四五档（+4通道）,20260823,-0.0003425169243094789,-0.014111029278763948,0.01376851235445447
2024-07-12,127,3,E11,e11_add_book_orders,E11 增加挂单笔数与四五档（+4通道）,20260823,0.05722382044712981,0.04437633491465431,0.0128474855324755
2024-07-15,128,3,E11,e11_add_book_orders,E11 增加挂单笔数与四五档（+4通道）,20260823,-0.008132255431003526,0.0007269622309734273,-0.008859217661976953
2024-07-16,129,3,E11,e11_add_book_orders,E11 增加挂单笔数与四五档（+4通道）,20260823,0.02896215887957494,0.03945834781369333,-0.010496188934118394
2024-07-17,130,3,E11,e11_add_book_orders,E11 增加挂单笔数与四五档（+4通道）,20260823,0.0250046433850834,0.02024646578871216,0.0047581775963712394
2024-07-18,131,3,E11,e11_add_book_orders,E11 增加挂单笔数与四五档（+4通道）,20260823,0.04130571958814896,0.032494931886182965,0.008810787701965993
2024-07-19,132,3,E11,e11_add_book_orders,E11 增加挂单笔数与四五档（+4通道）,20260823,0.04132123791723388,0.049598839898598875,-0.008277601981364992
2024-07-22,133,3,E11,e11_add_book_orders,E11 增加挂单笔数与四五档（+4通道）,20260823,-0.026204984640379635,-0.024861023503921813,-0.001343961136457822
2024-07-23,134,3,E11,e11_add_book_orders,E11 增加挂单笔数与四五档（+4通道）,20260823,0.03625037414325067,0.02829967727660377,0.0079506968666469
2024-07-24,135,3,E11,e11_add_book_orders,E11 增加挂单笔数与四五档（+4通道）,20260823,-0.02634581908644521,0.0011594118042515507,-0.02750523089069676
2024-07-25,136,3,E11,e11_add_book_orders,E11 增加挂单笔数与四五档（+4通道）,20260823,0.08469913262990489,0.0849902139209967,-0.0002910812910918159
2024-07-26,137,3,E11,e11_add_book_orders,E11 增加挂单笔数与四五档（+4通道）,20260823,0.04456730124901273,0.02231564526169694,0.02225165598731579
2024-07-29,138,3,E11,e11_add_book_orders,E11 增加挂单笔数与四五档（+4通道）,20260823,0.010234945431713983,0.005419054316326229,0.004815891115387754
2024-07-30,139,3,E11,e11_add_book_orders,E11 增加挂单笔数与四五档（+4通道）,20260823,0.055041344307350804,0.04413057688970632,0.010910767417644483
2024-07-31,140,3,E11,e11_add_book_orders,E11 增加挂单笔数与四五档（+4通道）,20260823,0.09336307818938387,0.08201745236487441,0.011345625824509459
2024-08-01,141,3,E11,e11_add_book_orders,E11 增加挂单笔数与四五档（+4通道）,20260823,0.035610598454598796,0.025914784327942284,0.009695814126656512
2024-08-02,142,3,E11,e11_add_book_orders,E11 增加挂单笔数与四五档（+4通道）,20260823,0.0305175128931232,0.031214971907053222,-0.0006974590139300213
2024-08-05,143,3,E11,e11_add_book_orders,E11 增加挂单笔数与四五档（+4通道）,20260823,0.014834688325752644,0.03552904036759669,-0.02069435204184404
2024-08-06,144,3,E11,e11_add_book_orders,E11 增加挂单笔数与四五档（+4通道）,20260823,0.05520598829991155,0.04925818464158269,0.005947803658328858
2024-08-07,145,3,E11,e11_add_book_orders,E11 增加挂单笔数与四五档（+4通道）,20260823,0.03360220642070656,0.028639011728578738,0.0049631946921278244
2024-08-08,146,3,E11,e11_add_book_orders,E11 增加挂单笔数与四五档（+4通道）,20260823,0.1426569370363298,0.11814359558897698,0.02451334144735283
2024-08-09,147,3,E11,e11_add_book_orders,E11 增加挂单笔数与四五档（+4通道）,20260823,0.03757012729819334,0.03193545779187105,0.0056346695063222915
2024-08-12,148,3,E11,e11_add_book_orders,E11 增加挂单笔数与四五档（+4通道）,20260823,0.07752643601261859,0.08001414535914579,-0.0024877093465272004
2024-08-13,149,3,E11,e11_add_book_orders,E11 增加挂单笔数与四五档（+4通道）,20260823,0.04544667787906204,0.06371803776744502,-0.018271359888382972
2024-08-14,150,3,E11,e11_add_book_orders,E11 增加挂单笔数与四五档（+4通道）,20260823,0.02904038219840574,0.020735116688501695,0.008305265509904045
2024-08-15,151,3,E11,e11_add_book_orders,E11 增加挂单笔数与四五档（+4通道）,20260823,0.01899854569182714,0.0255551490969489,-0.00655660340512176
2024-08-16,152,3,E11,e11_add_book_orders,E11 增加挂单笔数与四五档（+4通道）,20260823,0.07743757359221323,0.0750260111129519,0.002411562479261331
2024-08-19,153,3,E11,e11_add_book_orders,E11 增加挂单笔数与四五档（+4通道）,20260823,0.03639893010164151,0.06021597567572375,-0.023817045574082242
2024-08-20,154,3,E11,e11_add_book_orders,E11 增加挂单笔数与四五档（+4通道）,20260823,0.05277188509929915,0.07437967959316427,-0.021607794493865122
2024-08-21,155,3,E11,e11_add_book_orders,E11 增加挂单笔数与四五档（+4通道）,20260823,0.0898970757961901,0.05428006317021056,0.03561701262597955
2024-08-22,156,3,E11,e11_add_book_orders,E11 增加挂单笔数与四五档（+4通道）,20260823,-0.004695138165073036,0.0033094117156057387,-0.008004549880678774
2024-08-23,157,3,E11,e11_add_book_orders,E11 增加挂单笔数与四五档（+4通道）,20260823,0.057777759790517066,0.059881926302657956,-0.00210416651214089
2024-08-26,158,3,E11,e11_add_book_orders,E11 增加挂单笔数与四五档（+4通道）,20260823,0.03498073685750114,0.04637369416447544,-0.011392957306974302
2024-08-27,159,3,E11,e11_add_book_orders,E11 增加挂单笔数与四五档（+4通道）,20260823,0.00589457454887236,0.008997243995938136,-0.0031026694470657756
2024-08-28,160,3,E11,e11_add_book_orders,E11 增加挂单笔数与四五档（+4通道）,20260823,0.010113610781109113,0.033962562204091384,-0.02384895142298227
2024-08-29,161,3,E11,e11_add_book_orders,E11 增加挂单笔数与四五档（+4通道）,20260823,-0.01030810033902464,-0.008865806892404314,-0.0014422934466203265
2024-08-30,162,3,E11,e11_add_book_orders,E11 增加挂单笔数与四五档（+4通道）,20260823,-0.013500422310447673,-0.02530315482134416,0.011802732510896488
2024-09-02,163,3,E11,e11_add_book_orders,E11 增加挂单笔数与四五档（+4通道）,20260823,0.06055606437274633,0.049135910609987954,0.011420153762758373
2024-09-03,164,3,E11,e11_add_book_orders,E11 增加挂单笔数与四五档（+4通道）,20260823,-0.08433494494736381,-0.08453350331688102,0.00019855836951720995
2024-09-04,165,3,E11,e11_add_book_orders,E11 增加挂单笔数与四五档（+4通道）,20260823,0.07450704009229367,0.06684237803482206,0.0076646620574716134
2024-09-05,166,3,E11,e11_add_book_orders,E11 增加挂单笔数与四五档（+4通道）,20260823,0.037211185211185216,0.01039019839019839,0.026820986820986825
2024-09-06,167,3,E11,e11_add_book_orders,E11 增加挂单笔数与四五档（+4通道）,20260823,-0.019984981252012514,-0.008009354929440578,-0.011975626322571936
2024-09-09,168,3,E11,e11_add_book_orders,E11 增加挂单笔数与四五档（+4通道）,20260823,0.06449102364952768,0.07917608796463423,-0.01468506431510655
2024-09-10,169,3,E11,e11_add_book_orders,E11 增加挂单笔数与四五档（+4通道）,20260823,-0.009660831368540639,-0.008338372800764762,-0.001322458567775877
2024-09-11,170,3,E11,e11_add_book_orders,E11 增加挂单笔数与四五档（+4通道）,20260823,0.062685868941288,0.05516588403539824,0.007519984905889759
2024-09-12,171,3,E11,e11_add_book_orders,E11 增加挂单笔数与四五档（+4通道）,20260823,0.03979076710723358,0.041706237803308656,-0.001915470696075075
2024-09-13,172,3,E11,e11_add_book_orders,E11 增加挂单笔数与四五档（+4通道）,20260823,0.034626496260800756,0.03907586424019306,-0.004449367979392306
2024-09-18,173,3,E11,e11_add_book_orders,E11 增加挂单笔数与四五档（+4通道）,20260823,0.0963186947211143,0.08763777710265754,0.008680917618456768
2024-09-19,174,3,E11,e11_add_book_orders,E11 增加挂单笔数与四五档（+4通道）,20260823,0.07516163904311467,0.03455736997428883,0.04060426906882584
2024-09-20,175,3,E11,e11_add_book_orders,E11 增加挂单笔数与四五档（+4通道）,20260823,0.03246657905097748,0.030508111057257065,0.001958467993720417
2024-09-23,176,3,E11,e11_add_book_orders,E11 增加挂单笔数与四五档（+4通道）,20260823,0.05353826953826954,0.04225759825759826,0.011280671280671277
2024-09-24,177,3,E11,e11_add_book_orders,E11 增加挂单笔数与四五档（+4通道）,20260823,0.09654660426519382,0.08478356162161244,0.011763042643581384
2024-09-25,178,3,E11,e11_add_book_orders,E11 增加挂单笔数与四五档（+4通道）,20260823,0.024423852423852428,0.0602845082845083,-0.03586065586065587
2024-09-26,179,3,E11,e11_add_book_orders,E11 增加挂单笔数与四五档（+4通道）,20260823,-0.05315538515538516,-0.05352876552876553,0.00037338037338036784
2024-09-27,180,3,E11,e11_add_book_orders,E11 增加挂单笔数与四五档（+4通道）,20260823,0.057548721548721544,0.08466661266661268,-0.02711789111789114
2024-09-30,181,4,E11,e11_add_book_orders,E11 增加挂单笔数与四五档（+4通道）,20260823,-0.02532772190008589,0.003020497143478558,-0.028348219043564448
2024-10-08,182,4,E11,e11_add_book_orders,E11 增加挂单笔数与四五档（+4通道）,20260823,0.1475015863865959,0.14752496841011822,-2.3382023522311446e-05
2024-10-09,183,4,E11,e11_add_book_orders,E11 增加挂单笔数与四五档（+4通道）,20260823,0.06710700312021324,0.050304819813964424,0.016802183306248816
2024-10-10,184,4,E11,e11_add_book_orders,E11 增加挂单笔数与四五档（+4通道）,20260823,-0.018183528238078825,-0.025360981437064386,0.007177453198985561
2024-10-11,185,4,E11,e11_add_book_orders,E11 增加挂单笔数与四五档（+4通道）,20260823,0.03269718889337203,0.03128080346848829,0.0014163854248837385
2024-10-14,186,4,E11,e11_add_book_orders,E11 增加挂单笔数与四五档（+4通道）,20260823,-0.011907779907779909,-0.017353325353325354,0.005445545445545446
2024-10-15,187,4,E11,e11_add_book_orders,E11 增加挂单笔数与四五档（+4通道）,20260823,-0.011521013555576597,-0.0008590148615919063,-0.010661998693984692
2024-10-16,188,4,E11,e11_add_book_orders,E11 增加挂单笔数与四五档（+4通道）,20260823,0.10192093853246417,0.11384659252967211,-0.011925653997207936
2024-10-17,189,4,E11,e11_add_book_orders,E11 增加挂单笔数与四五档（+4通道）,20260823,0.011661509204595376,0.037350677330637246,-0.02568916812604187
2024-10-18,190,4,E11,e11_add_book_orders,E11 增加挂单笔数与四五档（+4通道）,20260823,-0.0017848722585745848,-0.03348717504813308,0.0317023027895585
2024-10-21,191,4,E11,e11_add_book_orders,E11 增加挂单笔数与四五档（+4通道）,20260823,0.05472011655372843,0.03161504669610123,0.023105069857627197
2024-10-22,192,4,E11,e11_add_book_orders,E11 增加挂单笔数与四五档（+4通道）,20260823,0.016488940910179772,0.007529760026459109,0.008959180883720663
2024-10-23,193,4,E11,e11_add_book_orders,E11 增加挂单笔数与四五档（+4通道）,20260823,0.06813579101989875,0.06394432384516198,0.004191467174736771
2024-10-24,194,4,E11,e11_add_book_orders,E11 增加挂单笔数与四五档（+4通道）,20260823,-0.01404471074171721,-0.030483479663062234,0.016438768921345024
2024-10-25,195,4,E11,e11_add_book_orders,E11 增加挂单笔数与四五档（+4通道）,20260823,-0.0005721546461912873,-0.0056179781893535815,0.005045823543162294
2024-10-28,196,4,E11,e11_add_book_orders,E11 增加挂单笔数与四五档（+4通道）,20260823,0.06081355950250457,0.06274839929283597,-0.0019348397903314052
2024-10-29,197,4,E11,e11_add_book_orders,E11 增加挂单笔数与四五档（+4通道）,20260823,0.02923169409980245,0.026815440568121542,0.002416253531680908
2024-10-30,198,4,E11,e11_add_book_orders,E11 增加挂单笔数与四五档（+4通道）,20260823,-0.006193223269902457,-0.006719267755058455,0.0005260444851559985
2024-10-31,199,4,E11,e11_add_book_orders,E11 增加挂单笔数与四五档（+4通道）,20260823,0.05836788326423347,0.06388032559942904,-0.005512442335195565
2024-11-01,200,4,E11,e11_add_book_orders,E11 增加挂单笔数与四五档（+4通道）,20260823,-0.029781926493846325,-0.031146277617282905,0.0013643511234365802
2024-11-04,201,4,E11,e11_add_book_orders,E11 增加挂单笔数与四五档（+4通道）,20260823,0.02561718153074225,0.029671422415891578,-0.004054240885149326
2024-11-05,202,4,E11,e11_add_book_orders,E11 增加挂单笔数与四五档（+4通道）,20260823,0.024749249477866185,0.003017731219432764,0.021731518258433422
2024-11-06,203,4,E11,e11_add_book_orders,E11 增加挂单笔数与四五档（+4通道）,20260823,0.10197936936091687,0.0737966005045914,0.028182768856325466
2024-11-07,204,4,E11,e11_add_book_orders,E11 增加挂单笔数与四五档（+4通道）,20260823,0.0699452768928186,0.09498319319891704,-0.025037916306098446
2024-11-08,205,4,E11,e11_add_book_orders,E11 增加挂单笔数与四五档（+4通道）,20260823,0.0020218150079438623,0.005544549287065541,-0.0035227342791216785
2024-11-11,206,4,E11,e11_add_book_orders,E11 增加挂单笔数与四五档（+4通道）,20260823,2.739808764004179e-05,0.020537018573905455,-0.020509620486265413
2024-11-12,207,4,E11,e11_add_book_orders,E11 增加挂单笔数与四五档（+4通道）,20260823,0.08691125663856829,0.11141952894585636,-0.024508272307288068
2024-11-13,208,4,E11,e11_add_book_orders,E11 增加挂单笔数与四五档（+4通道）,20260823,0.1179167629080575,0.13470137213412775,-0.016784609226070252
2024-11-14,209,4,E11,e11_add_book_orders,E11 增加挂单笔数与四五档（+4通道）,20260823,0.00899005549630772,0.011485714010120898,-0.002495658513813179
2024-11-15,210,4,E11,e11_add_book_orders,E11 增加挂单笔数与四五档（+4通道）,20260823,0.1208669233989508,0.12495265643886166,-0.0040857330399108605
2024-11-18,211,4,E11,e11_add_book_orders,E11 增加挂单笔数与四五档（+4通道）,20260823,-0.048232326805155816,-0.018762281432307744,-0.029470045372848072
2024-11-19,212,4,E11,e11_add_book_orders,E11 增加挂单笔数与四五档（+4通道）,20260823,0.00627445229327565,-0.01243290647020519,0.01870735876348084
2024-11-20,213,4,E11,e11_add_book_orders,E11 增加挂单笔数与四五档（+4通道）,20260823,0.08881495877837427,0.10712275614853359,-0.01830779737015932
2024-11-21,214,4,E11,e11_add_book_orders,E11 增加挂单笔数与四五档（+4通道）,20260823,0.010943009008667064,0.00900992106398059,0.0019330879446864731
2024-11-22,215,4,E11,e11_add_book_orders,E11 增加挂单笔数与四五档（+4通道）,20260823,0.05743628212551752,0.05004839064897134,0.007387891476546178
2024-11-25,216,4,E11,e11_add_book_orders,E11 增加挂单笔数与四五档（+4通道）,20260823,0.11607767026582627,0.11474848879708074,0.0013291814687455272
2024-11-26,217,4,E11,e11_add_book_orders,E11 增加挂单笔数与四五档（+4通道）,20260823,-0.03462318652092886,-0.018436326216615367,-0.016186860304313495
2024-11-27,218,4,E11,e11_add_book_orders,E11 增加挂单笔数与四五档（+4通道）,20260823,0.058196645654319756,0.0603690086266088,-0.002172362972289045
2024-11-28,219,4,E11,e11_add_book_orders,E11 增加挂单笔数与四五档（+4通道）,20260823,0.09344739400807837,0.06826835667796681,0.025179037330111564
2024-11-29,220,4,E11,e11_add_book_orders,E11 增加挂单笔数与四五档（+4通道）,20260823,0.05149357703838438,0.04264795392739256,0.008845623110991817
2024-12-02,221,4,E11,e11_add_book_orders,E11 增加挂单笔数与四五档（+4通道）,20260823,0.04478437826840865,0.031851466039590805,0.012932912228817844
2024-12-03,222,4,E11,e11_add_book_orders,E11 增加挂单笔数与四五档（+4通道）,20260823,0.04319103122991967,0.04278879732785447,0.00040223390206520215
2024-12-04,223,4,E11,e11_add_book_orders,E11 增加挂单笔数与四五档（+4通道）,20260823,0.05016018577171928,0.039947856824102616,0.010212328947616665
2024-12-05,224,4,E11,e11_add_book_orders,E11 增加挂单笔数与四五档（+4通道）,20260823,0.14923724923724924,0.15435263835263838,-0.005115389115389141
2024-12-06,225,4,E11,e11_add_book_orders,E11 增加挂单笔数与四五档（+4通道）,20260823,-0.027955575955575955,-0.020059892059892063,-0.007895683895683892
2024-12-09,226,4,E11,e11_add_book_orders,E11 增加挂单笔数与四五档（+4通道）,20260823,0.04152734952734953,0.04462695262695263,-0.003099603099603103
2024-12-10,227,4,E11,e11_add_book_orders,E11 增加挂单笔数与四五档（+4通道）,20260823,0.019046923104063872,0.005032673047771067,0.014014250056292806
2024-12-11,228,4,E11,e11_add_book_orders,E11 增加挂单笔数与四五档（+4通道）,20260823,-0.005824008447212846,0.02567098191182343,-0.03149499035903628
2024-12-12,229,4,E11,e11_add_book_orders,E11 增加挂单笔数与四五档（+4通道）,20260823,0.00022541591707897547,-0.008832455385057905,0.00905787130213688
2024-12-13,230,4,E11,e11_add_book_orders,E11 增加挂单笔数与四五档（+4通道）,20260823,0.09606779618971412,0.10101542219329418,-0.0049476260035800634
2024-12-16,231,4,E11,e11_add_book_orders,E11 增加挂单笔数与四五档（+4通道）,20260823,0.01551952256028928,0.03247506948341178,-0.016955546923122497
2024-12-17,232,4,E11,e11_add_book_orders,E11 增加挂单笔数与四五档（+4通道）,20260823,0.012268077627322736,-0.0032926476966893014,0.015560725324012037
2024-12-18,233,4,E11,e11_add_book_orders,E11 增加挂单笔数与四五档（+4通道）,20260823,0.05363454931446345,0.04193859921668449,0.011695950097778962
2024-12-19,234,4,E11,e11_add_book_orders,E11 增加挂单笔数与四五档（+4通道）,20260823,-0.05804628081197724,-0.05670933892300004,-0.0013369418889771986
2024-12-20,235,4,E11,e11_add_book_orders,E11 增加挂单笔数与四五档（+4通道）,20260823,0.013261262891458257,0.02968379508954466,-0.0164225321980864
2024-12-23,236,4,E11,e11_add_book_orders,E11 增加挂单笔数与四五档（+4通道）,20260823,0.007618692581491788,0.013064370404680727,-0.005445677823188939
2024-12-24,237,4,E11,e11_add_book_orders,E11 增加挂单笔数与四五档（+4通道）,20260823,0.05372815328309643,0.047950025847457514,0.005778127435638915
2024-12-25,238,4,E11,e11_add_book_orders,E11 增加挂单笔数与四五档（+4通道）,20260823,-0.07570493296297365,-0.06681182576447647,-0.008893107198497174
2024-12-26,239,4,E11,e11_add_book_orders,E11 增加挂单笔数与四五档（+4通道）,20260823,0.12816371261744924,0.12045431426851214,0.007709398348937108
2024-12-27,240,4,E11,e11_add_book_orders,E11 增加挂单笔数与四五档（+4通道）,20260823,0.07062836241776733,0.08202967090691042,-0.011401308489143086
2024-01-02,1,1,E11,e11_add_book_orders,E11 增加挂单笔数与四五档（+4通道）,20260904,0.060622695532898715,0.05738039948541656,0.0032422960474821558
2024-01-03,2,1,E11,e11_add_book_orders,E11 增加挂单笔数与四五档（+4通道）,20260904,0.06767615756767358,0.05713790348320686,0.010538254084466715
2024-01-04,3,1,E11,e11_add_book_orders,E11 增加挂单笔数与四五档（+4通道）,20260904,0.02739420052440145,0.04921255517403864,-0.021818354649637193
2024-01-05,4,1,E11,e11_add_book_orders,E11 增加挂单笔数与四五档（+4通道）,20260904,0.04069730866999229,0.06361135114534569,-0.022914042475353398
2024-01-08,5,1,E11,e11_add_book_orders,E11 增加挂单笔数与四五档（+4通道）,20260904,0.03148830311653237,0.014197223254447217,0.017291079862085154
2024-01-09,6,1,E11,e11_add_book_orders,E11 增加挂单笔数与四五档（+4通道）,20260904,-0.01207276412286006,0.009323004983830136,-0.021395769106690197
2024-01-10,7,1,E11,e11_add_book_orders,E11 增加挂单笔数与四五档（+4通道）,20260904,0.00400001819855994,-0.0033152973808986417,0.007315315579458582
2024-01-11,8,1,E11,e11_add_book_orders,E11 增加挂单笔数与四五档（+4通道）,20260904,0.04568058002747175,0.04595338998127981,-0.00027280995380805917
2024-01-12,9,1,E11,e11_add_book_orders,E11 增加挂单笔数与四五档（+4通道）,20260904,0.03014843095519049,0.05298270012240164,-0.02283426916721115
2024-01-15,10,1,E11,e11_add_book_orders,E11 增加挂单笔数与四五档（+4通道）,20260904,0.004457064761518051,0.017791211974951898,-0.013334147213433848
2024-01-16,11,1,E11,e11_add_book_orders,E11 增加挂单笔数与四五档（+4通道）,20260904,0.034467264860050424,0.035484723200154056,-0.0010174583401036316
2024-01-17,12,1,E11,e11_add_book_orders,E11 增加挂单笔数与四五档（+4通道）,20260904,-0.0589113753615889,-0.046089193960639756,-0.012822181400949144
2024-01-18,13,1,E11,e11_add_book_orders,E11 增加挂单笔数与四五档（+4通道）,20260904,0.08880039555401911,0.08286381153796836,0.005936584016050753
2024-01-19,14,1,E11,e11_add_book_orders,E11 增加挂单笔数与四五档（+4通道）,20260904,-0.02639892397407427,-0.004879392418470574,-0.021519531555603696
2024-01-22,15,1,E11,e11_add_book_orders,E11 增加挂单笔数与四五档（+4通道）,20260904,0.015007986167650408,0.0021713938713973572,0.01283659229625305
2024-01-23,16,1,E11,e11_add_book_orders,E11 增加挂单笔数与四五档（+4通道）,20260904,0.08951854513542727,0.0692351554113341,0.020283389724093173
2024-01-24,17,1,E11,e11_add_book_orders,E11 增加挂单笔数与四五档（+4通道）,20260904,0.04675099089124387,0.07293378715258851,-0.02618279626134464
2024-01-25,18,1,E11,e11_add_book_orders,E11 增加挂单笔数与四五档（+4通道）,20260904,0.10960653218292432,0.12072777197143851,-0.01112123978851419
2024-01-26,19,1,E11,e11_add_book_orders,E11 增加挂单笔数与四五档（+4通道）,20260904,0.03243420843420844,0.03615594015594016,-0.003721731721731722
2024-01-29,20,1,E11,e11_add_book_orders,E11 增加挂单笔数与四五档（+4通道）,20260904,0.015747423747423748,0.036482688482688486,-0.020735264735264738
2024-01-30,21,1,E11,e11_add_book_orders,E11 增加挂单笔数与四五档（+4通道）,20260904,0.02244783444783445,0.025816477816477817,-0.003368643368643367
2024-01-31,22,1,E11,e11_add_book_orders,E11 增加挂单笔数与四五档（+4通道）,20260904,-0.0041592736271122924,0.005833715654543793,-0.009992989281656085
2024-02-01,23,1,E11,e11_add_book_orders,E11 增加挂单笔数与四五档（+4通道）,20260904,-0.028586795212045706,-0.013256892162703785,-0.01532990304934192
2024-02-02,24,1,E11,e11_add_book_orders,E11 增加挂单笔数与四五档（+4通道）,20260904,0.010446430398334206,0.02192216264360553,-0.011475732245271323
2024-02-05,25,1,E11,e11_add_book_orders,E11 增加挂单笔数与四五档（+4通道）,20260904,0.1100499457006949,0.12632729622220565,-0.016277350521510747
2024-02-06,26,1,E11,e11_add_book_orders,E11 增加挂单笔数与四五档（+4通道）,20260904,0.0029131589218983987,0.026257850336623888,-0.02334469141472549
2024-02-07,27,1,E11,e11_add_book_orders,E11 增加挂单笔数与四五档（+4通道）,20260904,0.06673914673914674,0.04712782712782713,0.019611319611319615
2024-02-08,28,1,E11,e11_add_book_orders,E11 增加挂单笔数与四五档（+4通道）,20260904,-0.012056472273488779,-0.045848488673761484,0.033792016400272705
2024-02-19,29,1,E11,e11_add_book_orders,E11 增加挂单笔数与四五档（+4通道）,20260904,0.01384195467247198,0.016157873127345544,-0.0023159184548735643
2024-02-20,30,1,E11,e11_add_book_orders,E11 增加挂单笔数与四五档（+4通道）,20260904,0.020358320663695473,0.027756982173336907,-0.007398661509641434
2024-02-21,31,1,E11,e11_add_book_orders,E11 增加挂单笔数与四五档（+4通道）,20260904,-0.011017870570878737,0.00032534448931815325,-0.011343215060196891
2024-02-22,32,1,E11,e11_add_book_orders,E11 增加挂单笔数与四五档（+4通道）,20260904,0.03544481883840699,0.03509179025237947,0.0003530285860275234
2024-02-23,33,1,E11,e11_add_book_orders,E11 增加挂单笔数与四五档（+4通道）,20260904,0.09323863308426304,0.0911057741771762,0.0021328589070868376
2024-02-26,34,1,E11,e11_add_book_orders,E11 增加挂单笔数与四五档（+4通道）,20260904,0.061369795738014515,0.04713123541402283,0.014238560323991685
2024-02-27,35,1,E11,e11_add_book_orders,E11 增加挂单笔数与四五档（+4通道）,20260904,0.009344949344949345,0.01260985260985261,-0.0032649032649032655
2024-02-28,36,1,E11,e11_add_book_orders,E11 增加挂单笔数与四五档（+4通道）,20260904,-0.016400020498420622,-0.003473133493972295,-0.012926887004448327
2024-02-29,37,1,E11,e11_add_book_orders,E11 增加挂单笔数与四五档（+4通道）,20260904,0.09084843601479015,0.09269936033770024,-0.0018509243229100913
2024-03-01,38,1,E11,e11_add_book_orders,E11 增加挂单笔数与四五档（+4通道）,20260904,-0.008684756684756685,0.006096654096654097,-0.014781410781410782
2024-03-04,39,1,E11,e11_add_book_orders,E11 增加挂单笔数与四五档（+4通道）,20260904,0.09104622511990727,0.10444461455658556,-0.013398389436678287
2024-03-05,40,1,E11,e11_add_book_orders,E11 增加挂单笔数与四五档（+4通道）,20260904,0.115060543933327,0.1114849740323758,0.003575569900951203
2024-03-06,41,1,E11,e11_add_book_orders,E11 增加挂单笔数与四五档（+4通道）,20260904,0.06199286474016909,0.0413348923231756,0.020657972416993485
2024-03-07,42,1,E11,e11_add_book_orders,E11 增加挂单笔数与四五档（+4通道）,20260904,0.04595467705636691,0.05090397396217789,-0.004949296905810981
2024-03-08,43,1,E11,e11_add_book_orders,E11 增加挂单笔数与四五档（+4通道）,20260904,0.08496958212819339,0.08248496300712377,0.00248461912106962
2024-03-11,44,1,E11,e11_add_book_orders,E11 增加挂单笔数与四五档（+4通道）,20260904,0.030570548207304617,0.04980248239243969,-0.01923193418513507
2024-03-12,45,1,E11,e11_add_book_orders,E11 增加挂单笔数与四五档（+4通道）,20260904,0.06775683437259818,0.060993589026826237,0.00676324534577194
2024-03-13,46,1,E11,e11_add_book_orders,E11 增加挂单笔数与四五档（+4通道）,20260904,0.09842031281588896,0.09288928405380031,0.0055310287620886495
2024-03-14,47,1,E11,e11_add_book_orders,E11 增加挂单笔数与四五档（+4通道）,20260904,0.06295538659292742,0.0675988239384866,-0.004643437345559179
2024-03-15,48,1,E11,e11_add_book_orders,E11 增加挂单笔数与四五档（+4通道）,20260904,0.061191320050797283,0.06062738709896901,0.0005639329518282721
2024-03-18,49,1,E11,e11_add_book_orders,E11 增加挂单笔数与四五档（+4通道）,20260904,0.08624418997000537,0.08140734268087588,0.0048368472891294895
2024-03-19,50,1,E11,e11_add_book_orders,E11 增加挂单笔数与四五档（+4通道）,20260904,0.0639298415199574,0.03827257639515969,0.025657265124797705
2024-03-20,51,1,E11,e11_add_book_orders,E11 增加挂单笔数与四五档（+4通道）,20260904,0.0452307694901644,0.04372532497757717,0.0015054445125872312
2024-03-21,52,1,E11,e11_add_book_orders,E11 增加挂单笔数与四五档（+4通道）,20260904,-0.010221370221370223,-0.00246969846969847,-0.0077516717516717525
2024-03-22,53,1,E11,e11_add_book_orders,E11 增加挂单笔数与四五档（+4通道）,20260904,0.07534651064304264,0.06285987997552828,0.012486630667514362
2024-03-25,54,1,E11,e11_add_book_orders,E11 增加挂单笔数与四五档（+4通道）,20260904,0.0114623212393326,0.012217734375474052,-0.0007554131361414522
2024-03-26,55,1,E11,e11_add_book_orders,E11 增加挂单笔数与四五档（+4通道）,20260904,0.026733176813376346,0.03871224882838557,-0.011979072015009227
2024-03-27,56,1,E11,e11_add_book_orders,E11 增加挂单笔数与四五档（+4通道）,20260904,0.026150882897811555,0.03780160155441602,-0.011650718656604463
2024-03-28,57,1,E11,e11_add_book_orders,E11 增加挂单笔数与四五档（+4通道）,20260904,0.06161510164840005,0.06471719485286233,-0.0031020932044622807
2024-03-29,58,1,E11,e11_add_book_orders,E11 增加挂单笔数与四五档（+4通道）,20260904,0.12483272469718662,0.11792578735511221,0.006906937342074412
2024-04-01,59,1,E11,e11_add_book_orders,E11 增加挂单笔数与四五档（+4通道）,20260904,0.08787828136913627,0.0696401031612347,0.018238178207901565
2024-04-02,60,1,E11,e11_add_book_orders,E11 增加挂单笔数与四五档（+4通道）,20260904,-0.028267258923655975,-0.03563050714664963,0.007363248222993654
2024-04-03,61,2,E11,e11_add_book_orders,E11 增加挂单笔数与四五档（+4通道）,20260904,0.011086611111051674,0.012030244397223907,-0.0009436332861722328
2024-04-08,62,2,E11,e11_add_book_orders,E11 增加挂单笔数与四五档（+4通道）,20260904,0.07265604327166088,0.07629279703933778,-0.0036367537676769007
2024-04-09,63,2,E11,e11_add_book_orders,E11 增加挂单笔数与四五档（+4通道）,20260904,0.03641904652830367,0.030728586820772587,0.005690459707531081
2024-04-10,64,2,E11,e11_add_book_orders,E11 增加挂单笔数与四五档（+4通道）,20260904,0.040019225339859806,0.03923039252499551,0.0007888328148642973
2024-04-11,65,2,E11,e11_add_book_orders,E11 增加挂单笔数与四五档（+4通道）,20260904,0.10089971895370228,0.10660862900514693,-0.005708910051444652
2024-04-12,66,2,E11,e11_add_book_orders,E11 增加挂单笔数与四五档（+4通道）,20260904,-0.011278343312178344,-0.012211884248519902,0.0009335409363415582
2024-04-15,67,2,E11,e11_add_book_orders,E11 增加挂单笔数与四五档（+4通道）,20260904,-0.02642955842955843,-0.00042406842406842414,-0.026005490005490003
2024-04-16,68,2,E11,e11_add_book_orders,E11 增加挂单笔数与四五档（+4通道）,20260904,-0.004771192771192772,-0.017833661833661835,0.013062469062469063
2024-04-17,69,2,E11,e11_add_book_orders,E11 增加挂单笔数与四五档（+4通道）,20260904,0.03613563743652041,0.02323988407651992,0.012895753360000487
2024-04-18,70,2,E11,e11_add_book_orders,E11 增加挂单笔数与四五档（+4通道）,20260904,-0.010023426549330357,-0.02184503134997994,0.011821604800649584
2024-04-19,71,2,E11,e11_add_book_orders,E11 增加挂单笔数与四五档（+4通道）,20260904,0.051132054199977545,0.0811885580598717,-0.030056503859894154
2024-04-22,72,2,E11,e11_add_book_orders,E11 增加挂单笔数与四五档（+4通道）,20260904,0.07129887957681248,0.0741597426093273,-0.0028608630325148154
2024-04-23,73,2,E11,e11_add_book_orders,E11 增加挂单笔数与四五档（+4通道）,20260904,0.09155275021644486,0.105312778248011,-0.013760028031566132
2024-04-24,74,2,E11,e11_add_book_orders,E11 增加挂单笔数与四五档（+4通道）,20260904,0.018144000311686455,0.008779745968144117,0.009364254343542338
2024-04-25,75,2,E11,e11_add_book_orders,E11 增加挂单笔数与四五档（+4通道）,20260904,0.05188716655180174,0.05447235325045107,-0.002585186698649329
2024-04-26,76,2,E11,e11_add_book_orders,E11 增加挂单笔数与四五档（+4通道）,20260904,0.049894016575011926,0.04328446741539553,0.006609549159616396
2024-04-29,77,2,E11,e11_add_book_orders,E11 增加挂单笔数与四五档（+4通道）,20260904,0.10706328889090058,0.0948012688943936,0.012262019996506987
2024-04-30,78,2,E11,e11_add_book_orders,E11 增加挂单笔数与四五档（+4通道）,20260904,-0.0172134444270494,0.008686205543893403,-0.025899649970942802
2024-05-06,79,2,E11,e11_add_book_orders,E11 增加挂单笔数与四五档（+4通道）,20260904,0.0819784823947351,0.07056398682632425,0.011414495568410843
2024-05-07,80,2,E11,e11_add_book_orders,E11 增加挂单笔数与四五档（+4通道）,20260904,0.03316611611561295,0.047901069550214746,-0.014734953434601794
2024-05-08,81,2,E11,e11_add_book_orders,E11 增加挂单笔数与四五档（+4通道）,20260904,0.01514245316544472,0.015989883767474188,-0.0008474306020294677
2024-05-09,82,2,E11,e11_add_book_orders,E11 增加挂单笔数与四五档（+4通道）,20260904,0.047922668735942385,0.056954389944506315,-0.00903172120856393
2024-05-10,83,2,E11,e11_add_book_orders,E11 增加挂单笔数与四五档（+4通道）,20260904,0.07527525427713361,0.056862636053428436,0.01841261822370517
2024-05-13,84,2,E11,e11_add_book_orders,E11 增加挂单笔数与四五档（+4通道）,20260904,0.08648720403772144,0.07150788213902481,0.014979321898696621
2024-05-14,85,2,E11,e11_add_book_orders,E11 增加挂单笔数与四五档（+4通道）,20260904,0.11676764118827919,0.11881407741707932,-0.0020464362288001303
2024-05-15,86,2,E11,e11_add_book_orders,E11 增加挂单笔数与四五档（+4通道）,20260904,0.014252447274096434,0.04064280608255593,-0.026390358808459496
2024-05-16,87,2,E11,e11_add_book_orders,E11 增加挂单笔数与四五档（+4通道）,20260904,0.05996496087023135,0.036848115807750007,0.023116845062481343
2024-05-17,88,2,E11,e11_add_book_orders,E11 增加挂单笔数与四五档（+4通道）,20260904,-0.017782235837606415,-0.012958717234813137,-0.004823518602793278
2024-05-20,89,2,E11,e11_add_book_orders,E11 增加挂单笔数与四五档（+4通道）,20260904,0.04028801350571954,0.05501328282233755,-0.014725269316618009
2024-05-21,90,2,E11,e11_add_book_orders,E11 增加挂单笔数与四五档（+4通道）,20260904,0.07429157486291825,0.09226402880890729,-0.017972453945989036
2024-05-22,91,2,E11,e11_add_book_orders,E11 增加挂单笔数与四五档（+4通道）,20260904,0.05270876968213859,0.05540115750120598,-0.0026923878190673878
2024-05-23,92,2,E11,e11_add_book_orders,E11 增加挂单笔数与四五档（+4通道）,20260904,0.11704230712620724,0.12171364428550123,-0.004671337159293992
2024-05-24,93,2,E11,e11_add_book_orders,E11 增加挂单笔数与四五档（+4通道）,20260904,0.053852657498339555,0.06867311010447996,-0.014820452606140407
2024-05-27,94,2,E11,e11_add_book_orders,E11 增加挂单笔数与四五档（+4通道）,20260904,0.050073000910777044,0.04275661222486879,0.007316388685908254
2024-05-28,95,2,E11,e11_add_book_orders,E11 增加挂单笔数与四五档（+4通道）,20260904,0.042929626518566945,0.011837505082683317,0.031092121435883628
2024-05-29,96,2,E11,e11_add_book_orders,E11 增加挂单笔数与四五档（+4通道）,20260904,0.05596456599187356,0.0678482071078739,-0.011883641116000335
2024-05-30,97,2,E11,e11_add_book_orders,E11 增加挂单笔数与四五档（+4通道）,20260904,0.08564512621444222,0.09324400500597294,-0.007598878791530719
2024-05-31,98,2,E11,e11_add_book_orders,E11 增加挂单笔数与四五档（+4通道）,20260904,-0.021664124572046733,-0.03981743686830892,0.01815331229626219
2024-06-03,99,2,E11,e11_add_book_orders,E11 增加挂单笔数与四五档（+4通道）,20260904,0.0013491221271668718,-0.01745857242806352,0.018807694555230393
2024-06-04,100,2,E11,e11_add_book_orders,E11 增加挂单笔数与四五档（+4通道）,20260904,0.0023033290383902044,0.017095606562337624,-0.01479227752394742
2024-06-05,101,2,E11,e11_add_book_orders,E11 增加挂单笔数与四五档（+4通道）,20260904,0.008194183035949952,0.02376941322975774,-0.015575230193807788
2024-06-06,102,2,E11,e11_add_book_orders,E11 增加挂单笔数与四五档（+4通道）,20260904,0.1326569412066826,0.12260611660708833,0.010050824599594263
2024-06-07,103,2,E11,e11_add_book_orders,E11 增加挂单笔数与四五档（+4通道）,20260904,-0.03522393965399325,-0.026834710206484487,-0.008389229447508764
2024-06-11,104,2,E11,e11_add_book_orders,E11 增加挂单笔数与四五档（+4通道）,20260904,0.06347279425797718,0.06177802240851022,0.0016947718494669597
2024-06-12,105,2,E11,e11_add_book_orders,E11 增加挂单笔数与四五档（+4通道）,20260904,0.04948102523094706,0.060703482865951654,-0.011222457635004596
2024-06-13,106,2,E11,e11_add_book_orders,E11 增加挂单笔数与四五档（+4通道）,20260904,0.035620596295894945,0.023667379597605592,0.011953216698289353
2024-06-14,107,2,E11,e11_add_book_orders,E11 增加挂单笔数与四五档（+4通道）,20260904,0.021892486427571675,0.050989743873347884,-0.02909725744577621
2024-06-17,108,2,E11,e11_add_book_orders,E11 增加挂单笔数与四五档（+4通道）,20260904,0.062293467315621756,0.06097555934139546,0.001317907974226297
2024-06-18,109,2,E11,e11_add_book_orders,E11 增加挂单笔数与四五档（+4通道）,20260904,0.044405036538251653,0.0472200773617376,-0.002815040823485944
2024-06-19,110,2,E11,e11_add_book_orders,E11 增加挂单笔数与四五档（+4通道）,20260904,0.08361635386720294,0.08778488204823669,-0.004168528181033748
2024-06-20,111,2,E11,e11_add_book_orders,E11 增加挂单笔数与四五档（+4通道）,20260904,0.009744324537350081,0.014963586448239242,-0.00521926191088916
2024-06-21,112,2,E11,e11_add_book_orders,E11 增加挂单笔数与四五档（+4通道）,20260904,-0.004869944092388981,0.009549814343401516,-0.014419758435790497
2024-06-24,113,2,E11,e11_add_book_orders,E11 增加挂单笔数与四五档（+4通道）,20260904,0.05224169793203492,0.04768828363485116,0.0045534142971837555
2024-06-25,114,2,E11,e11_add_book_orders,E11 增加挂单笔数与四五档（+4通道）,20260904,0.06154734111329969,0.09242046282481017,-0.030873121711510486
2024-06-26,115,2,E11,e11_add_book_orders,E11 增加挂单笔数与四五档（+4通道）,20260904,-0.01742462729399681,-0.01725807195860297,-0.00016655533539383996
2024-06-27,116,2,E11,e11_add_book_orders,E11 增加挂单笔数与四五档（+4通道）,20260904,0.039962034915286354,0.02002731729553177,0.019934717619754586
2024-06-28,117,2,E11,e11_add_book_orders,E11 增加挂单笔数与四五档（+4通道）,20260904,0.06544849366606996,0.07325053823201255,-0.0078020445659425924
2024-07-01,118,2,E11,e11_add_book_orders,E11 增加挂单笔数与四五档（+4通道）,20260904,0.02527218866982663,0.010179604410269228,0.0150925842595574
2024-07-02,119,2,E11,e11_add_book_orders,E11 增加挂单笔数与四五档（+4通道）,20260904,0.0513968204565859,0.04850027010331664,0.002896550353269259
2024-07-03,120,2,E11,e11_add_book_orders,E11 增加挂单笔数与四五档（+4通道）,20260904,0.044957916102221954,0.025617860499484613,0.01934005560273734
2024-07-04,121,3,E11,e11_add_book_orders,E11 增加挂单笔数与四五档（+4通道）,20260904,0.06331892447185124,0.059058895806825946,0.004260028665025291
2024-07-05,122,3,E11,e11_add_book_orders,E11 增加挂单笔数与四五档（+4通道）,20260904,0.009459989047163393,0.022651729886198818,-0.013191740839035425
2024-07-08,123,3,E11,e11_add_book_orders,E11 增加挂单笔数与四五档（+4通道）,20260904,-0.028858558304098388,-0.00680636957767029,-0.0220521887264281
2024-07-09,124,3,E11,e11_add_book_orders,E11 增加挂单笔数与四五档（+4通道）,20260904,-0.06297187768931255,-0.037753609320743585,-0.025218268368568962
2024-07-10,125,3,E11,e11_add_book_orders,E11 增加挂单笔数与四五档（+4通道）,20260904,0.0543826471338827,0.08688692412646044,-0.03250427699257774
2024-07-11,126,3,E11,e11_add_book_orders,E11 增加挂单笔数与四五档（+4通道）,20260904,0.0027525867256960068,0.009790640012958434,-0.007038053287262428
2024-07-12,127,3,E11,e11_add_book_orders,E11 增加挂单笔数与四五档（+4通道）,20260904,0.0163490594612083,0.032881669217213416,-0.016532609756005116
2024-07-15,128,3,E11,e11_add_book_orders,E11 增加挂单笔数与四五档（+4通道）,20260904,-0.023442989823909077,-0.018027474161714345,-0.005415515662194732
2024-07-16,129,3,E11,e11_add_book_orders,E11 增加挂单笔数与四五档（+4通道）,20260904,0.04576476410034945,0.03956045538710641,0.00620430871324304
2024-07-17,130,3,E11,e11_add_book_orders,E11 增加挂单笔数与四五档（+4通道）,20260904,0.017333865693737488,-0.001183230584501797,0.018517096278239286
2024-07-18,131,3,E11,e11_add_book_orders,E11 增加挂单笔数与四五档（+4通道）,20260904,0.0071443080403976005,0.00740094118800626,-0.0002566331476086597
2024-07-19,132,3,E11,e11_add_book_orders,E11 增加挂单笔数与四五档（+4通道）,20260904,0.01957845035747098,0.024776717955731182,-0.005198267598260201
2024-07-22,133,3,E11,e11_add_book_orders,E11 增加挂单笔数与四五档（+4通道）,20260904,0.009893607945859115,0.002609343656624718,0.007284264289234397
2024-07-23,134,3,E11,e11_add_book_orders,E11 增加挂单笔数与四五档（+4通道）,20260904,0.042386616207425364,0.02799730234771189,0.014389313859713475
2024-07-24,135,3,E11,e11_add_book_orders,E11 增加挂单笔数与四五档（+4通道）,20260904,0.0037422023304220812,0.02964522145468378,-0.025903019124261698
2024-07-25,136,3,E11,e11_add_book_orders,E11 增加挂单笔数与四五档（+4通道）,20260904,0.07794990739850799,0.07949139539788304,-0.001541487999375049
2024-07-26,137,3,E11,e11_add_book_orders,E11 增加挂单笔数与四五档（+4通道）,20260904,0.056248986642841406,0.05867308216537401,-0.0024240955225326016
2024-07-29,138,3,E11,e11_add_book_orders,E11 增加挂单笔数与四五档（+4通道）,20260904,0.03907686866521912,0.05498266218353616,-0.015905793518317043
2024-07-30,139,3,E11,e11_add_book_orders,E11 增加挂单笔数与四五档（+4通道）,20260904,0.07332687293155003,0.07283919568000836,0.0004876772515416683
2024-07-31,140,3,E11,e11_add_book_orders,E11 增加挂单笔数与四五档（+4通道）,20260904,0.06738593431262183,0.10650801537955662,-0.039122081066934794
2024-08-01,141,3,E11,e11_add_book_orders,E11 增加挂单笔数与四五档（+4通道）,20260904,0.03694890871181761,0.03420720412017981,0.002741704591637799
2024-08-02,142,3,E11,e11_add_book_orders,E11 增加挂单笔数与四五档（+4通道）,20260904,0.02949135210155178,0.034263981794963566,-0.004772629693411787
2024-08-05,143,3,E11,e11_add_book_orders,E11 增加挂单笔数与四五档（+4通道）,20260904,0.009696229079368452,0.018158506020723483,-0.008462276941355032
2024-08-06,144,3,E11,e11_add_book_orders,E11 增加挂单笔数与四五档（+4通道）,20260904,0.07920616227730899,0.05325846590180519,0.0259476963755038
2024-08-07,145,3,E11,e11_add_book_orders,E11 增加挂单笔数与四五档（+4通道）,20260904,0.017183285106904093,0.0190695701130769,-0.0018862850061728068
2024-08-08,146,3,E11,e11_add_book_orders,E11 增加挂单笔数与四五档（+4通道）,20260904,0.14612689187627984,0.14770032374030995,-0.0015734318640301115
2024-08-09,147,3,E11,e11_add_book_orders,E11 增加挂单笔数与四五档（+4通道）,20260904,0.017070250183685954,0.0192812142243874,-0.002210964040701445
2024-08-12,148,3,E11,e11_add_book_orders,E11 增加挂单笔数与四五档（+4通道）,20260904,0.08100152093214222,0.0738031445386184,0.007198376393523817
2024-08-13,149,3,E11,e11_add_book_orders,E11 增加挂单笔数与四五档（+4通道）,20260904,0.05633517187885863,0.05023282736314896,0.006102344515709665
2024-08-14,150,3,E11,e11_add_book_orders,E11 增加挂单笔数与四五档（+4通道）,20260904,0.008308461090378945,0.014388061970923254,-0.006079600880544309
2024-08-15,151,3,E11,e11_add_book_orders,E11 增加挂单笔数与四五档（+4通道）,20260904,-0.010600932741259093,-0.008470491448174753,-0.00213044129308434
2024-08-16,152,3,E11,e11_add_book_orders,E11 增加挂单笔数与四五档（+4通道）,20260904,0.08780172796989723,0.08104539074803989,0.006756337221857339
2024-08-19,153,3,E11,e11_add_book_orders,E11 增加挂单笔数与四五档（+4通道）,20260904,0.03297921378185564,0.042930257039394876,-0.009951043257539233
2024-08-20,154,3,E11,e11_add_book_orders,E11 增加挂单笔数与四五档（+4通道）,20260904,0.03866435737789639,0.03170742387881772,0.006956933499078673
2024-08-21,155,3,E11,e11_add_book_orders,E11 增加挂单笔数与四五档（+4通道）,20260904,0.07322395176802794,0.05537838032042114,0.017845571447606803
2024-08-22,156,3,E11,e11_add_book_orders,E11 增加挂单笔数与四五档（+4通道）,20260904,-0.010862873219799157,-0.017992484006826993,0.007129610787027837
2024-08-23,157,3,E11,e11_add_book_orders,E11 增加挂单笔数与四五档（+4通道）,20260904,0.07198507681873602,0.06923538495380731,0.0027496918649287105
2024-08-26,158,3,E11,e11_add_book_orders,E11 增加挂单笔数与四五档（+4通道）,20260904,0.0381832765980676,0.005937054934480246,0.03224622166358735
2024-08-27,159,3,E11,e11_add_book_orders,E11 增加挂单笔数与四五档（+4通道）,20260904,0.0321890877620767,-0.0015028756696948784,0.033691963431771575
2024-08-28,160,3,E11,e11_add_book_orders,E11 增加挂单笔数与四五档（+4通道）,20260904,0.007748666260078251,-0.010070968735652695,0.017819634995730946
2024-08-29,161,3,E11,e11_add_book_orders,E11 增加挂单笔数与四五档（+4通道）,20260904,-0.020295962356850245,-0.016619830669690167,-0.003676131687160078
2024-08-30,162,3,E11,e11_add_book_orders,E11 增加挂单笔数与四五档（+4通道）,20260904,-0.02888065861349818,0.00816700465702495,-0.037047663270523126
2024-09-02,163,3,E11,e11_add_book_orders,E11 增加挂单笔数与四五档（+4通道）,20260904,0.03877373793695009,0.053426965029774,-0.014653227092823913
2024-09-03,164,3,E11,e11_add_book_orders,E11 增加挂单笔数与四五档（+4通道）,20260904,-0.09707632865908362,-0.09054510650447677,-0.006531222154606858
2024-09-04,165,3,E11,e11_add_book_orders,E11 增加挂单笔数与四五档（+4通道）,20260904,0.09694526310038433,0.09399790092565881,0.0029473621747255208
2024-09-05,166,3,E11,e11_add_book_orders,E11 增加挂单笔数与四五档（+4通道）,20260904,0.017814317814317814,0.0404966564966565,-0.022682338682338685
2024-09-06,167,3,E11,e11_add_book_orders,E11 增加挂单笔数与四五档（+4通道）,20260904,-0.03071628925517464,-0.01720904007765713,-0.01350724917751751
2024-09-09,168,3,E11,e11_add_book_orders,E11 增加挂单笔数与四五档（+4通道）,20260904,0.048705234111515394,0.049625917134394244,-0.0009206830228788501
2024-09-10,169,3,E11,e11_add_book_orders,E11 增加挂单笔数与四五档（+4通道）,20260904,-0.03685286528990768,-0.0174628803168412,-0.01938998497306648
2024-09-11,170,3,E11,e11_add_book_orders,E11 增加挂单笔数与四五档（+4通道）,20260904,0.07318051290799549,0.07493878226368764,-0.0017582693556921491
2024-09-12,171,3,E11,e11_add_book_orders,E11 增加挂单笔数与四五档（+4通道）,20260904,0.02355075457526195,0.028968713942522567,-0.005417959367260618
2024-09-13,172,3,E11,e11_add_book_orders,E11 增加挂单笔数与四五档（+4通道）,20260904,0.005916789564636253,0.025088385344642666,-0.019171595780006413
2024-09-18,173,3,E11,e11_add_book_orders,E11 增加挂单笔数与四五档（+4通道）,20260904,0.1038734770918132,0.1020062870229666,0.0018671900688465998
2024-09-19,174,3,E11,e11_add_book_orders,E11 增加挂单笔数与四五档（+4通道）,20260904,0.023767895746918222,0.03770411670699632,-0.013936220960078096
2024-09-20,175,3,E11,e11_add_book_orders,E11 增加挂单笔数与四五档（+4通道）,20260904,0.041609940358919295,0.04020219492583445,0.0014077454330848477
2024-09-23,176,3,E11,e11_add_book_orders,E11 增加挂单笔数与四五档（+4通道）,20260904,0.07487163887163888,0.04085989685989686,0.034011742011742015
2024-09-24,177,3,E11,e11_add_book_orders,E11 增加挂单笔数与四五档（+4通道）,20260904,0.08883930611839959,0.09806527344680667,-0.009225967328407081
2024-09-25,178,3,E11,e11_add_book_orders,E11 增加挂单笔数与四五档（+4通道）,20260904,0.031112239112239114,0.04775325575325576,-0.016641016641016644
2024-09-26,179,3,E11,e11_add_book_orders,E11 增加挂单笔数与四五档（+4通道）,20260904,-0.06894089694089695,-0.06804327204327204,-0.0008976248976249046
2024-09-27,180,3,E11,e11_add_book_orders,E11 增加挂单笔数与四五档（+4通道）,20260904,0.08223321423321424,0.14161859761859763,-0.05938538338538339
2024-09-30,181,4,E11,e11_add_book_orders,E11 增加挂单笔数与四五档（+4通道）,20260904,0.06401306539095929,-0.05134963944194512,0.11536270483290441
2024-10-08,182,4,E11,e11_add_book_orders,E11 增加挂单笔数与四五档（+4通道）,20260904,0.16790966491712292,0.08213896663180044,0.08577069828532248
2024-10-09,183,4,E11,e11_add_book_orders,E11 增加挂单笔数与四五档（+4通道）,20260904,0.07995432435295412,0.08617100875613906,-0.006216684403184944
2024-10-10,184,4,E11,e11_add_book_orders,E11 增加挂单笔数与四五档（+4通道）,20260904,-0.02376879584010223,-0.02299313906211848,-0.0007756567779837499
2024-10-11,185,4,E11,e11_add_book_orders,E11 增加挂单笔数与四五档（+4通道）,20260904,0.026163440320420967,0.0644273808139451,-0.038263940493524135
2024-10-14,186,4,E11,e11_add_book_orders,E11 增加挂单笔数与四五档（+4通道）,20260904,-0.019038091038091037,-0.0022843462843462844,-0.01675374475374475
2024-10-15,187,4,E11,e11_add_book_orders,E11 增加挂单笔数与四五档（+4通道）,20260904,-0.054934051098853263,-0.023633465704366103,-0.03130058539448716
2024-10-16,188,4,E11,e11_add_book_orders,E11 增加挂单笔数与四五档（+4通道）,20260904,0.06873488714729648,0.09240024295464441,-0.023665355807347938
2024-10-17,189,4,E11,e11_add_book_orders,E11 增加挂单笔数与四五档（+4通道）,20260904,-0.01608795970319016,-0.002194130001745232,-0.01389382970144493
2024-10-18,190,4,E11,e11_add_book_orders,E11 增加挂单笔数与四五档（+4通道）,20260904,-0.01548651646161421,-0.03233892978354085,0.01685241332192664
2024-10-21,191,4,E11,e11_add_book_orders,E11 增加挂单笔数与四五档（+4通道）,20260904,0.06872029861007649,0.059786004506222186,0.008934294103854303
2024-10-22,192,4,E11,e11_add_book_orders,E11 增加挂单笔数与四五档（+4通道）,20260904,0.03568204717211365,0.026664876988212623,0.009017170183901028
2024-10-23,193,4,E11,e11_add_book_orders,E11 增加挂单笔数与四五档（+4通道）,20260904,0.08819806828554243,0.0703505152558263,0.01784755302971612
2024-10-24,194,4,E11,e11_add_book_orders,E11 增加挂单笔数与四五档（+4通道）,20260904,-0.016936292625136164,-0.03322251594032024,0.016286223315184076
2024-10-25,195,4,E11,e11_add_book_orders,E11 增加挂单笔数与四五档（+4通道）,20260904,0.015116313921518569,0.005203511942296163,0.009912801979222407
2024-10-28,196,4,E11,e11_add_book_orders,E11 增加挂单笔数与四五档（+4通道）,20260904,0.05867392519411823,0.05566134278383657,0.0030125824102816626
2024-10-29,197,4,E11,e11_add_book_orders,E11 增加挂单笔数与四五档（+4通道）,20260904,0.03303142298077214,0.04706044787100787,-0.014029024890235726
2024-10-30,198,4,E11,e11_add_book_orders,E11 增加挂单笔数与四五档（+4通道）,20260904,-0.0005562493825583866,0.007948433238199477,-0.008504682620757863
2024-10-31,199,4,E11,e11_add_book_orders,E11 增加挂单笔数与四五档（+4通道）,20260904,0.056044275072934316,0.06556278963670759,-0.00951851456377327
2024-11-01,200,4,E11,e11_add_book_orders,E11 增加挂单笔数与四五档（+4通道）,20260904,0.0022260297321342873,0.00035982097429181124,0.0018662087578424761
2024-11-04,201,4,E11,e11_add_book_orders,E11 增加挂单笔数与四五档（+4通道）,20260904,0.025227179806908192,0.03948677062465198,-0.014259590817743788
2024-11-05,202,4,E11,e11_add_book_orders,E11 增加挂单笔数与四五档（+4通道）,20260904,0.0130417008638489,0.01702462463013148,-0.00398292376628258
2024-11-06,203,4,E11,e11_add_book_orders,E11 增加挂单笔数与四五档（+4通道）,20260904,0.12903408429213234,0.09872540131701622,0.030308682975116116
2024-11-07,204,4,E11,e11_add_book_orders,E11 增加挂单笔数与四五档（+4通道）,20260904,0.08231033735118931,0.09819986990465784,-0.015889532553468533
2024-11-08,205,4,E11,e11_add_book_orders,E11 增加挂单笔数与四五档（+4通道）,20260904,0.019889541987411836,0.010895277746890449,0.008994264240521388
2024-11-11,206,4,E11,e11_add_book_orders,E11 增加挂单笔数与四五档（+4通道）,20260904,0.0203233750590494,0.033831724808851264,-0.013508349749801866
2024-11-12,207,4,E11,e11_add_book_orders,E11 增加挂单笔数与四五档（+4通道）,20260904,0.11033197137432542,0.11194881493172149,-0.0016168435573960666
2024-11-13,208,4,E11,e11_add_book_orders,E11 增加挂单笔数与四五档（+4通道）,20260904,0.13667914101569267,0.1246089826926541,0.01207015832303858
2024-11-14,209,4,E11,e11_add_book_orders,E11 增加挂单笔数与四五档（+4通道）,20260904,-0.00374449580786025,-0.021674724052398158,0.017930228244537907
2024-11-15,210,4,E11,e11_add_book_orders,E11 增加挂单笔数与四五档（+4通道）,20260904,0.13005210459974637,0.11420484847835263,0.015847256121393732
2024-11-18,211,4,E11,e11_add_book_orders,E11 增加挂单笔数与四五档（+4通道）,20260904,-0.04703220884430848,-0.0317857819650459,-0.01524642687926258
2024-11-19,212,4,E11,e11_add_book_orders,E11 增加挂单笔数与四五档（+4通道）,20260904,-0.00047449847592197133,-0.006903456924167294,0.006428958448245323
2024-11-20,213,4,E11,e11_add_book_orders,E11 增加挂单笔数与四五档（+4通道）,20260904,0.07014312286397728,0.0833223525669273,-0.013179229702950018
2024-11-21,214,4,E11,e11_add_book_orders,E11 增加挂单笔数与四五档（+4通道）,20260904,-0.0004664644692632561,0.005673281707321398,-0.006139746176584655
2024-11-22,215,4,E11,e11_add_book_orders,E11 增加挂单笔数与四五档（+4通道）,20260904,0.0788547078009643,0.0655010102870224,0.0133536975139419
2024-11-25,216,4,E11,e11_add_book_orders,E11 增加挂单笔数与四五档（+4通道）,20260904,0.13496143113238215,0.1171171774144817,0.017844253717900452
2024-11-26,217,4,E11,e11_add_book_orders,E11 增加挂单笔数与四五档（+4通道）,20260904,-0.04975180420752498,-0.04783662849926055,-0.0019151757082644313
2024-11-27,218,4,E11,e11_add_book_orders,E11 增加挂单笔数与四五档（+4通道）,20260904,0.049390323375463854,0.04664678195019905,0.0027435414252648047
2024-11-28,219,4,E11,e11_add_book_orders,E11 增加挂单笔数与四五档（+4通道）,20260904,0.06942662784318762,0.07612557458232802,-0.006698946739140399
2024-11-29,220,4,E11,e11_add_book_orders,E11 增加挂单笔数与四五档（+4通道）,20260904,0.025914356691787405,0.03862253178120775,-0.012708175089420348
2024-12-02,221,4,E11,e11_add_book_orders,E11 增加挂单笔数与四五档（+4通道）,20260904,0.024904099104044466,0.0337161264874027,-0.008812027383358234
2024-12-03,222,4,E11,e11_add_book_orders,E11 增加挂单笔数与四五档（+4通道）,20260904,0.026229540477104844,0.02116387755888808,0.005065662918216765
2024-12-04,223,4,E11,e11_add_book_orders,E11 增加挂单笔数与四五档（+4通道）,20260904,0.04970008727849369,0.021456551001422727,0.028243536277070963
2024-12-05,224,4,E11,e11_add_book_orders,E11 增加挂单笔数与四五档（+4通道）,20260904,0.1646831606831607,0.1746988266988267,-0.010015666015666003
2024-12-06,225,4,E11,e11_add_book_orders,E11 增加挂单笔数与四五档（+4通道）,20260904,-0.030799458799458803,-0.040227412227412225,0.009427953427953422
2024-12-09,226,4,E11,e11_add_book_orders,E11 增加挂单笔数与四五档（+4通道）,20260904,0.0667931227931228,0.051087771087771086,0.015705351705351714
2024-12-10,227,4,E11,e11_add_book_orders,E11 增加挂单笔数与四五档（+4通道）,20260904,0.012839634878153781,0.005540975557598485,0.007298659320555297
2024-12-11,228,4,E11,e11_add_book_orders,E11 增加挂单笔数与四五档（+4通道）,20260904,0.02256806733669221,0.008761475007209314,0.013806592329482895
2024-12-12,229,4,E11,e11_add_book_orders,E11 增加挂单笔数与四五档（+4通道）,20260904,0.014165647176377777,-0.0011173594087456051,0.015283006585123382
2024-12-13,230,4,E11,e11_add_book_orders,E11 增加挂单笔数与四五档（+4通道）,20260904,0.11819471758605143,0.11273452078639029,0.005460196799661143
2024-12-16,231,4,E11,e11_add_book_orders,E11 增加挂单笔数与四五档（+4通道）,20260904,0.04668017197005018,0.04722853210382661,-0.0005483601337764321
2024-12-17,232,4,E11,e11_add_book_orders,E11 增加挂单笔数与四五档（+4通道）,20260904,0.019170572732630883,0.016632661157365412,0.002537911575265471
2024-12-18,233,4,E11,e11_add_book_orders,E11 增加挂单笔数与四五档（+4通道）,20260904,0.03662801071609066,0.04926423033343266,-0.012636219617342001
2024-12-19,234,4,E11,e11_add_book_orders,E11 增加挂单笔数与四五档（+4通道）,20260904,-0.053294235342924066,-0.03691701808256851,-0.016377217260355556
2024-12-20,235,4,E11,e11_add_book_orders,E11 增加挂单笔数与四五档（+4通道）,20260904,0.02907458401473828,0.0154846435629655,0.01358994045177278
2024-12-23,236,4,E11,e11_add_book_orders,E11 增加挂单笔数与四五档（+4通道）,20260904,0.005817171629784472,0.00544228134298196,0.0003748902868025124
2024-12-24,237,4,E11,e11_add_book_orders,E11 增加挂单笔数与四五档（+4通道）,20260904,0.03286813358895942,0.04693198384692092,-0.014063850257961502
2024-12-25,238,4,E11,e11_add_book_orders,E11 增加挂单笔数与四五档（+4通道）,20260904,-0.07287320021170544,-0.06371792827448547,-0.009155271937219975
2024-12-26,239,4,E11,e11_add_book_orders,E11 增加挂单笔数与四五档（+4通道）,20260904,0.16170227054180344,0.16165197115373686,5.029938806658252e-05
2024-12-27,240,4,E11,e11_add_book_orders,E11 增加挂单笔数与四五档（+4通道）,20260904,0.08159589003766628,0.06528162330527162,0.016314266732394653
2024-01-02,1,1,E11,e11_add_book_orders,E11 增加挂单笔数与四五档（+4通道）,20260915,0.04589102184750553,0.027012685862517535,0.018878335984987994
2024-01-03,2,1,E11,e11_add_book_orders,E11 增加挂单笔数与四五档（+4通道）,20260915,0.06387909447456007,0.0640516310105021,-0.00017253653594202778
2024-01-04,3,1,E11,e11_add_book_orders,E11 增加挂单笔数与四五档（+4通道）,20260915,0.0647403837118193,0.06942683296889471,-0.004686449257075412
2024-01-05,4,1,E11,e11_add_book_orders,E11 增加挂单笔数与四五档（+4通道）,20260915,0.030447659397503563,0.04222290347559015,-0.011775244078086586
2024-01-08,5,1,E11,e11_add_book_orders,E11 增加挂单笔数与四五档（+4通道）,20260915,-0.002309385438098729,0.019634160374928995,-0.021943545813027723
2024-01-09,6,1,E11,e11_add_book_orders,E11 增加挂单笔数与四五档（+4通道）,20260915,0.022921524075335088,0.01659835809375437,0.006323165981580718
2024-01-10,7,1,E11,e11_add_book_orders,E11 增加挂单笔数与四五档（+4通道）,20260915,-0.0180029916169754,-0.0071165516781268884,-0.010886439938848512
2024-01-11,8,1,E11,e11_add_book_orders,E11 增加挂单笔数与四五档（+4通道）,20260915,0.06093940186634476,0.07157770220352255,-0.010638300337177796
2024-01-12,9,1,E11,e11_add_book_orders,E11 增加挂单笔数与四五档（+4通道）,20260915,0.0529956930787148,0.03963537130691755,0.013360321771797252
2024-01-15,10,1,E11,e11_add_book_orders,E11 增加挂单笔数与四五档（+4通道）,20260915,0.026305839748597137,0.03274861187525228,-0.006442772126655141
2024-01-16,11,1,E11,e11_add_book_orders,E11 增加挂单笔数与四五档（+4通道）,20260915,0.02860445214753831,0.024807236093809235,0.003797216053729076
2024-01-17,12,1,E11,e11_add_book_orders,E11 增加挂单笔数与四五档（+4通道）,20260915,-0.046039081690830416,-0.0407569102387362,-0.005282171452094218
2024-01-18,13,1,E11,e11_add_book_orders,E11 增加挂单笔数与四五档（+4通道）,20260915,0.07475033240667973,0.06789557537739296,0.0068547570292867704
2024-01-19,14,1,E11,e11_add_book_orders,E11 增加挂单笔数与四五档（+4通道）,20260915,-0.010366137680766939,-0.0010555405104503298,-0.009310597170316608
2024-01-22,15,1,E11,e11_add_book_orders,E11 增加挂单笔数与四五档（+4通道）,20260915,0.041856181459859386,0.04738769502048684,-0.005531513560627456
2024-01-23,16,1,E11,e11_add_book_orders,E11 增加挂单笔数与四五档（+4通道）,20260915,0.05943050099857673,0.037926598168869854,0.021503902829706878
2024-01-24,17,1,E11,e11_add_book_orders,E11 增加挂单笔数与四五档（+4通道）,20260915,0.0636412898322137,0.04789236003603712,0.015748929796176585
2024-01-25,18,1,E11,e11_add_book_orders,E11 增加挂单笔数与四五档（+4通道）,20260915,0.07491841941352471,0.09237111791338516,-0.017452698499860447
2024-01-26,19,1,E11,e11_add_book_orders,E11 增加挂单笔数与四五档（+4通道）,20260915,0.05459278259278259,0.05686450486450487,-0.0022717222717222735
2024-01-29,20,1,E11,e11_add_book_orders,E11 增加挂单笔数与四五档（+4通道）,20260915,0.021591381591381593,0.03196325596325597,-0.010371874371874378
2024-01-30,21,1,E11,e11_add_book_orders,E11 增加挂单笔数与四五档（+4通道）,20260915,0.04596539796539797,0.045412293412293414,0.0005531045531045539
2024-01-31,22,1,E11,e11_add_book_orders,E11 增加挂单笔数与四五档（+4通道）,20260915,-0.013460422751220846,0.014826397985953832,-0.02828682073717468
2024-02-01,23,1,E11,e11_add_book_orders,E11 增加挂单笔数与四五档（+4通道）,20260915,-0.027441044250663484,-0.017751262284328415,-0.009689781966335069
2024-02-02,24,1,E11,e11_add_book_orders,E11 增加挂单笔数与四五档（+4通道）,20260915,0.006337876955111423,0.03702795380550891,-0.03069007685039749
2024-02-05,25,1,E11,e11_add_book_orders,E11 增加挂单笔数与四五档（+4通道）,20260915,0.07516025828766217,0.08770823902386261,-0.012547980736200448
2024-02-06,26,1,E11,e11_add_book_orders,E11 增加挂单笔数与四五档（+4通道）,20260915,0.04075659487886466,0.017565737618434833,0.02319085726042983
2024-02-07,27,1,E11,e11_add_book_orders,E11 增加挂单笔数与四五档（+4通道）,20260915,0.05756426156426157,0.04460162060162061,0.012962640962640957
2024-02-08,28,1,E11,e11_add_book_orders,E11 增加挂单笔数与四五档（+4通道）,20260915,-0.037463114137450196,-0.05187126480494759,0.014408150667497392
2024-02-19,29,1,E11,e11_add_book_orders,E11 增加挂单笔数与四五档（+4通道）,20260915,0.015018555919669302,0.018515875626828198,-0.003497319707158896
2024-02-20,30,1,E11,e11_add_book_orders,E11 增加挂单笔数与四五档（+4通道）,20260915,0.01395957816897184,0.01613884638092908,-0.002179268211957238
2024-02-21,31,1,E11,e11_add_book_orders,E11 增加挂单笔数与四五档（+4通道）,20260915,-0.009576044402371997,0.0010043415105297593,-0.010580385912901757
2024-02-22,32,1,E11,e11_add_book_orders,E11 增加挂单笔数与四五档（+4通道）,20260915,0.055725080503645774,0.05494243920446105,0.0007826412991847262
2024-02-23,33,1,E11,e11_add_book_orders,E11 增加挂单笔数与四五档（+4通道）,20260915,0.0929317446659741,0.09910368307832658,-0.006171938412352473
2024-02-26,34,1,E11,e11_add_book_orders,E11 增加挂单笔数与四五档（+4通道）,20260915,0.03974388998235333,0.0455591438324987,-0.00581525385014537
2024-02-27,35,1,E11,e11_add_book_orders,E11 增加挂单笔数与四五档（+4通道）,20260915,0.029616017616017617,0.03560163560163561,-0.005985617985617992
2024-02-28,36,1,E11,e11_add_book_orders,E11 增加挂单笔数与四五档（+4通道）,20260915,0.027687207853331102,0.020448500571191578,0.007238707282139524
2024-02-29,37,1,E11,e11_add_book_orders,E11 增加挂单笔数与四五档（+4通道）,20260915,0.09116487641192286,0.08363968496780735,0.007525191444115509
2024-03-01,38,1,E11,e11_add_book_orders,E11 增加挂单笔数与四五档（+4通道）,20260915,-0.02767776367776368,-0.011295683295683296,-0.01638208038208038
2024-03-04,39,1,E11,e11_add_book_orders,E11 增加挂单笔数与四五档（+4通道）,20260915,0.09722342257786208,0.09059848156765407,0.00662494101020801
2024-03-05,40,1,E11,e11_add_book_orders,E11 增加挂单笔数与四五档（+4通道）,20260915,0.10443744480674529,0.10865456729138745,-0.0042171224846421634
2024-03-06,41,1,E11,e11_add_book_orders,E11 增加挂单笔数与四五档（+4通道）,20260915,0.03986851722168752,0.03464240856064871,0.005226108661038814
2024-03-07,42,1,E11,e11_add_book_orders,E11 增加挂单笔数与四五档（+4通道）,20260915,0.07678185609114535,0.08461288880936887,-0.007831032718223524
2024-03-08,43,1,E11,e11_add_book_orders,E11 增加挂单笔数与四五档（+4通道）,20260915,0.09084035883056711,0.08658693030779807,0.00425342852276904
2024-03-11,44,1,E11,e11_add_book_orders,E11 增加挂单笔数与四五档（+4通道）,20260915,0.0397632362024718,0.038803292047990705,0.0009599441544810919
2024-03-12,45,1,E11,e11_add_book_orders,E11 增加挂单笔数与四五档（+4通道）,20260915,0.08049319211281161,0.04550342290644922,0.03498976920636239
2024-03-13,46,1,E11,e11_add_book_orders,E11 增加挂单笔数与四五档（+4通道）,20260915,0.052217403623685016,0.048289666323027204,0.003927737300657812
2024-03-14,47,1,E11,e11_add_book_orders,E11 增加挂单笔数与四五档（+4通道）,20260915,0.020720956858407576,0.021961239310779278,-0.0012402824523717014
2024-03-15,48,1,E11,e11_add_book_orders,E11 增加挂单笔数与四五档（+4通道）,20260915,0.06615782610928124,0.06847961799761514,-0.002321791888333896
2024-03-18,49,1,E11,e11_add_book_orders,E11 增加挂单笔数与四五档（+4通道）,20260915,0.10308716935237745,0.10742351388724923,-0.004336344534871778
2024-03-19,50,1,E11,e11_add_book_orders,E11 增加挂单笔数与四五档（+4通道）,20260915,0.028401548881722357,0.02416859708681106,0.004232951794911299
2024-03-20,51,1,E11,e11_add_book_orders,E11 增加挂单笔数与四五档（+4通道）,20260915,0.020956852976992308,0.015490147853060233,0.005466705123932075
2024-03-21,52,1,E11,e11_add_book_orders,E11 增加挂单笔数与四五档（+4通道）,20260915,-0.004853152853152853,-0.01000789000789001,0.005154737154737157
2024-03-22,53,1,E11,e11_add_book_orders,E11 增加挂单笔数与四五档（+4通道）,20260915,0.061964426636825415,0.06301294620436229,-0.0010485195675368764
2024-03-25,54,1,E11,e11_add_book_orders,E11 增加挂单笔数与四五档（+4通道）,20260915,-0.013987239036809289,-0.02496604954894169,0.010978810512132403
2024-03-26,55,1,E11,e11_add_book_orders,E11 增加挂单笔数与四五档（+4通道）,20260915,0.054379854542994106,0.05746658763898741,-0.003086733095993305
2024-03-27,56,1,E11,e11_add_book_orders,E11 增加挂单笔数与四五档（+4通道）,20260915,0.003394636270452541,-0.006023125577092177,0.009417761847544719
2024-03-28,57,1,E11,e11_add_book_orders,E11 增加挂单笔数与四五档（+4通道）,20260915,0.08503377383988844,0.06855092281310332,0.016482851026785122
2024-03-29,58,1,E11,e11_add_book_orders,E11 增加挂单笔数与四五档（+4通道）,20260915,0.14701547427744946,0.12866576877171249,0.018349705505736974
2024-04-01,59,1,E11,e11_add_book_orders,E11 增加挂单笔数与四五档（+4通道）,20260915,0.08255578347180856,0.0748274209087828,0.0077283625630257535
2024-04-02,60,1,E11,e11_add_book_orders,E11 增加挂单笔数与四五档（+4通道）,20260915,-0.030208982146916946,-0.02446718861553843,-0.005741793531378516
2024-04-03,61,2,E11,e11_add_book_orders,E11 增加挂单笔数与四五档（+4通道）,20260915,-0.0010952114927733367,0.009833113402534215,-0.010928324895307552
2024-04-08,62,2,E11,e11_add_book_orders,E11 增加挂单笔数与四五档（+4通道）,20260915,0.0915952848927152,0.09785217537485376,-0.006256890482138552
2024-04-09,63,2,E11,e11_add_book_orders,E11 增加挂单笔数与四五档（+4通道）,20260915,0.037775575888902624,0.033470967571380475,0.004304608317522149
2024-04-10,64,2,E11,e11_add_book_orders,E11 增加挂单笔数与四五档（+4通道）,20260915,0.02516365999406079,0.016614503162781777,0.008549156831279013
2024-04-11,65,2,E11,e11_add_book_orders,E11 增加挂单笔数与四五档（+4通道）,20260915,0.11059846523437336,0.12365701107643196,-0.013058545842058594
2024-04-12,66,2,E11,e11_add_book_orders,E11 增加挂单笔数与四五档（+4通道）,20260915,0.016535770585377897,0.021550719615371777,-0.00501494902999388
2024-04-15,67,2,E11,e11_add_book_orders,E11 增加挂单笔数与四五档（+4通道）,20260915,0.001697917697917698,-0.00038037638037638044,0.0020782940782940783
2024-04-16,68,2,E11,e11_add_book_orders,E11 增加挂单笔数与四五档（+4通道）,20260915,-0.030946890946890952,-0.028842184842184843,-0.0021047061047061097
2024-04-17,69,2,E11,e11_add_book_orders,E11 增加挂单笔数与四五档（+4通道）,20260915,0.024183217053812885,0.014626965153535908,0.009556251900276976
2024-04-18,70,2,E11,e11_add_book_orders,E11 增加挂单笔数与四五档（+4通道）,20260915,-0.0038982948806653146,-0.01497858675319109,0.011080291872525775
2024-04-19,71,2,E11,e11_add_book_orders,E11 增加挂单笔数与四五档（+4通道）,20260915,0.0995666615406614,0.10098674304594782,-0.0014200815052864135
2024-04-22,72,2,E11,e11_add_book_orders,E11 增加挂单笔数与四五档（+4通道）,20260915,0.1017939239015595,0.08325095224600952,0.01854297165554998
2024-04-23,73,2,E11,e11_add_book_orders,E11 增加挂单笔数与四五档（+4通道）,20260915,0.11299726026157739,0.10704870699986314,0.005948553261714243
2024-04-24,74,2,E11,e11_add_book_orders,E11 增加挂单笔数与四五档（+4通道）,20260915,0.020436386962514395,0.01742733572761347,0.003009051234900924
2024-04-25,75,2,E11,e11_add_book_orders,E11 增加挂单笔数与四五档（+4通道）,20260915,0.038248605125588774,0.04449323223481369,-0.006244627109224916
2024-04-26,76,2,E11,e11_add_book_orders,E11 增加挂单笔数与四五档（+4通道）,20260915,0.018397208816116777,0.04869872599442274,-0.03030151717830596
2024-04-29,77,2,E11,e11_add_book_orders,E11 增加挂单笔数与四五档（+4通道）,20260915,0.1017993691198529,0.10563684507598212,-0.0038374759561292104
2024-04-30,78,2,E11,e11_add_book_orders,E11 增加挂单笔数与四五档（+4通道）,20260915,-0.012052344895910144,0.0071788838473226604,-0.019231228743232805
2024-05-06,79,2,E11,e11_add_book_orders,E11 增加挂单笔数与四五档（+4通道）,20260915,0.0846146563163766,0.07998021507976658,0.004634441236610026
2024-05-07,80,2,E11,e11_add_book_orders,E11 增加挂单笔数与四五档（+4通道）,20260915,0.009840786708073163,0.0020048084216625697,0.007835978286410594
2024-05-08,81,2,E11,e11_add_book_orders,E11 增加挂单笔数与四五档（+4通道）,20260915,0.0066330378873846055,0.007663850269089832,-0.0010308123817052263
2024-05-09,82,2,E11,e11_add_book_orders,E11 增加挂单笔数与四五档（+4通道）,20260915,0.03954321904521619,0.06255154227435704,-0.02300832322914085
2024-05-10,83,2,E11,e11_add_book_orders,E11 增加挂单笔数与四五档（+4通道）,20260915,0.048614265398359786,0.04102599709723112,0.007588268301128666
2024-05-13,84,2,E11,e11_add_book_orders,E11 增加挂单笔数与四五档（+4通道）,20260915,0.048510656283163874,0.054651411414167454,-0.006140755131003581
2024-05-14,85,2,E11,e11_add_book_orders,E11 增加挂单笔数与四五档（+4通道）,20260915,0.139935869003545,0.12165951143676053,0.01827635756678446
2024-05-15,86,2,E11,e11_add_book_orders,E11 增加挂单笔数与四五档（+4通道）,20260915,0.02744967281298779,0.022990013993244476,0.004459658819743313
2024-05-16,87,2,E11,e11_add_book_orders,E11 增加挂单笔数与四五档（+4通道）,20260915,0.010235542788587362,0.026854055259195986,-0.016618512470608623
2024-05-17,88,2,E11,e11_add_book_orders,E11 增加挂单笔数与四五档（+4通道）,20260915,-0.0008754169720431061,-0.0020738223585209433,0.0011984053864778372
2024-05-20,89,2,E11,e11_add_book_orders,E11 增加挂单笔数与四五档（+4通道）,20260915,0.062182081575312215,0.07070704656246635,-0.008524964987154132
2024-05-21,90,2,E11,e11_add_book_orders,E11 增加挂单笔数与四五档（+4通道）,20260915,0.06456320275177897,0.06886772880562912,-0.0043045260538501495
2024-05-22,91,2,E11,e11_add_book_orders,E11 增加挂单笔数与四五档（+4通道）,20260915,0.08188743375470811,0.060977312898730096,0.020910120855978015
2024-05-23,92,2,E11,e11_add_book_orders,E11 增加挂单笔数与四五档（+4通道）,20260915,0.10054750196838949,0.10452554255175268,-0.003978040583363193
2024-05-24,93,2,E11,e11_add_book_orders,E11 增加挂单笔数与四五档（+4通道）,20260915,0.060654068536717294,0.08327314588776041,-0.02261907735104312
2024-05-27,94,2,E11,e11_add_book_orders,E11 增加挂单笔数与四五档（+4通道）,20260915,0.03099603478588079,0.03358152357297242,-0.002585488787091632
2024-05-28,95,2,E11,e11_add_book_orders,E11 增加挂单笔数与四五档（+4通道）,20260915,0.044083070076870165,0.050476780795327546,-0.006393710718457381
2024-05-29,96,2,E11,e11_add_book_orders,E11 增加挂单笔数与四五档（+4通道）,20260915,0.10808691500981242,0.08903159308290755,0.019055321926904872
2024-05-30,97,2,E11,e11_add_book_orders,E11 增加挂单笔数与四五档（+4通道）,20260915,0.09053723031338584,0.09565218923964877,-0.00511495892626293
2024-05-31,98,2,E11,e11_add_book_orders,E11 增加挂单笔数与四五档（+4通道）,20260915,-0.0019055221837918624,-0.012458536248342542,0.01055301406455068
2024-06-03,99,2,E11,e11_add_book_orders,E11 增加挂单笔数与四五档（+4通道）,20260915,-0.020411204253825994,-0.028110895041700886,0.007699690787874892
2024-06-04,100,2,E11,e11_add_book_orders,E11 增加挂单笔数与四五档（+4通道）,20260915,0.025712224989388965,0.019708101247581666,0.0060041237418073
2024-06-05,101,2,E11,e11_add_book_orders,E11 增加挂单笔数与四五档（+4通道）,20260915,0.013464056354684716,0.018103743482651292,-0.0046396871279665765
2024-06-06,102,2,E11,e11_add_book_orders,E11 增加挂单笔数与四五档（+4通道）,20260915,0.08095589857664943,0.08311524092330977,-0.002159342346660334
2024-06-07,103,2,E11,e11_add_book_orders,E11 增加挂单笔数与四五档（+4通道）,20260915,-0.017526531131058228,-0.014512451682650375,-0.0030140794484078536
2024-06-11,104,2,E11,e11_add_book_orders,E11 增加挂单笔数与四五档（+4通道）,20260915,0.026315635233999695,0.027466464815977736,-0.0011508295819780412
2024-06-12,105,2,E11,e11_add_book_orders,E11 增加挂单笔数与四五档（+4通道）,20260915,0.10376979839307994,0.09557325463852151,0.00819654375455843
2024-06-13,106,2,E11,e11_add_book_orders,E11 增加挂单笔数与四五档（+4通道）,20260915,0.04717318697528897,0.045428888482468635,0.0017442984928203314
2024-06-14,107,2,E11,e11_add_book_orders,E11 增加挂单笔数与四五档（+4通道）,20260915,0.062349428209206095,0.055891547512198804,0.006457880697007291
2024-06-17,108,2,E11,e11_add_book_orders,E11 增加挂单笔数与四五档（+4通道）,20260915,0.019947623881543048,0.02038799454121835,-0.0004403706596753029
2024-06-18,109,2,E11,e11_add_book_orders,E11 增加挂单笔数与四五档（+4通道）,20260915,0.048584280730033576,0.05187424002986275,-0.0032899592998291774
2024-06-19,110,2,E11,e11_add_book_orders,E11 增加挂单笔数与四五档（+4通道）,20260915,0.08272585097402853,0.0826562629042317,6.958806979683041e-05
2024-06-20,111,2,E11,e11_add_book_orders,E11 增加挂单笔数与四五档（+4通道）,20260915,0.011199890481251027,0.024105829881414246,-0.012905939400163218
2024-06-21,112,2,E11,e11_add_book_orders,E11 增加挂单笔数与四五档（+4通道）,20260915,-0.01128355208916331,-0.0025923558829370444,-0.008691196206226265
2024-06-24,113,2,E11,e11_add_book_orders,E11 增加挂单笔数与四五档（+4通道）,20260915,0.018516364783293937,0.013237222568753306,0.005279142214540631
2024-06-25,114,2,E11,e11_add_book_orders,E11 增加挂单笔数与四五档（+4通道）,20260915,0.09263607723746616,0.09545883387031971,-0.002822756632853557
2024-06-26,115,2,E11,e11_add_book_orders,E11 增加挂单笔数与四五档（+4通道）,20260915,-0.006328729626350744,-0.0023888076812605343,-0.00393992194509021
2024-06-27,116,2,E11,e11_add_book_orders,E11 增加挂单笔数与四五档（+4通道）,20260915,0.03617673204491251,0.03033462951315439,0.0058421025317581185
2024-06-28,117,2,E11,e11_add_book_orders,E11 增加挂单笔数与四五档（+4通道）,20260915,0.018922522661718896,0.023434713387195806,-0.0045121907254769104
2024-07-01,118,2,E11,e11_add_book_orders,E11 增加挂单笔数与四五档（+4通道）,20260915,0.028916214455093642,0.04250226405829084,-0.0135860496031972
2024-07-02,119,2,E11,e11_add_book_orders,E11 增加挂单笔数与四五档（+4通道）,20260915,0.03454608908245092,0.04625558816301898,-0.011709499080568057
2024-07-03,120,2,E11,e11_add_book_orders,E11 增加挂单笔数与四五档（+4通道）,20260915,0.03363616141373534,0.033570275888535485,6.588552519985746e-05
2024-07-04,121,3,E11,e11_add_book_orders,E11 增加挂单笔数与四五档（+4通道）,20260915,0.049034899279044225,0.04607056744741529,0.002964331831628933
2024-07-05,122,3,E11,e11_add_book_orders,E11 增加挂单笔数与四五档（+4通道）,20260915,0.03340579056009918,0.024853286151883345,0.008552504408215835
2024-07-08,123,3,E11,e11_add_book_orders,E11 增加挂单笔数与四五档（+4通道）,20260915,-5.079227585251315e-06,-0.003915578952687103,0.003910499725101851
2024-07-09,124,3,E11,e11_add_book_orders,E11 增加挂单笔数与四五档（+4通道）,20260915,-0.04823254918244897,-0.061786684480071234,0.013554135297622262
2024-07-10,125,3,E11,e11_add_book_orders,E11 增加挂单笔数与四五档（+4通道）,20260915,0.07518485289563585,0.07165945362169822,0.003525399273937635
2024-07-11,126,3,E11,e11_add_book_orders,E11 增加挂单笔数与四五档（+4通道）,20260915,-0.024070649924555307,-0.009079644326309588,-0.014991005598245719
2024-07-12,127,3,E11,e11_add_book_orders,E11 增加挂单笔数与四五档（+4通道）,20260915,0.040000291273254766,0.028749127609521048,0.011251163663733719
2024-07-15,128,3,E11,e11_add_book_orders,E11 增加挂单笔数与四五档（+4通道）,20260915,-0.008098121058675727,-0.019424762767177257,0.01132664170850153
2024-07-16,129,3,E11,e11_add_book_orders,E11 增加挂单笔数与四五档（+4通道）,20260915,0.02500505580676275,0.04440265172692655,-0.0193975959201638
2024-07-17,130,3,E11,e11_add_book_orders,E11 增加挂单笔数与四五档（+4通道）,20260915,0.03186959483560681,0.03078096885539273,0.0010886259802140759
2024-07-18,131,3,E11,e11_add_book_orders,E11 增加挂单笔数与四五档（+4通道）,20260915,0.023664104151051555,0.023922427421939226,-0.0002583232708876712
2024-07-19,132,3,E11,e11_add_book_orders,E11 增加挂单笔数与四五档（+4通道）,20260915,0.016907848437136913,0.01685988511863297,4.796331850394353e-05
2024-07-22,133,3,E11,e11_add_book_orders,E11 增加挂单笔数与四五档（+4通道）,20260915,-0.03690408074665716,-0.025246033371912335,-0.011658047374744823
2024-07-23,134,3,E11,e11_add_book_orders,E11 增加挂单笔数与四五档（+4通道）,20260915,0.000847203919523698,0.005731222394080149,-0.004884018474556451
2024-07-24,135,3,E11,e11_add_book_orders,E11 增加挂单笔数与四五档（+4通道）,20260915,-0.016687506729365212,-0.008855443917781909,-0.007832062811583303
2024-07-25,136,3,E11,e11_add_book_orders,E11 增加挂单笔数与四五档（+4通道）,20260915,0.06825146122983176,0.061178722470090374,0.00707273875974139
2024-07-26,137,3,E11,e11_add_book_orders,E11 增加挂单笔数与四五档（+4通道）,20260915,0.031211017570775924,0.0412657661565207,-0.010054748585744778
2024-07-29,138,3,E11,e11_add_book_orders,E11 增加挂单笔数与四五档（+4通道）,20260915,0.014944025955473568,0.01710290522115432,-0.0021588792656807507
2024-07-30,139,3,E11,e11_add_book_orders,E11 增加挂单笔数与四五档（+4通道）,20260915,0.0780166644456689,0.07775536106202297,0.00026130338364593886
2024-07-31,140,3,E11,e11_add_book_orders,E11 增加挂单笔数与四五档（+4通道）,20260915,0.09187868899575752,0.09001673950351985,0.001861949492237669
2024-08-01,141,3,E11,e11_add_book_orders,E11 增加挂单笔数与四五档（+4通道）,20260915,0.036491836859889375,0.05409625029895241,-0.017604413439063035
2024-08-02,142,3,E11,e11_add_book_orders,E11 增加挂单笔数与四五档（+4通道）,20260915,0.030561903253280624,0.029342197585343625,0.0012197056679369989
2024-08-05,143,3,E11,e11_add_book_orders,E11 增加挂单笔数与四五档（+4通道）,20260915,0.015800263910877587,0.01589211422408529,-9.185031320770379e-05
2024-08-06,144,3,E11,e11_add_book_orders,E11 增加挂单笔数与四五档（+4通道）,20260915,0.032394873755179764,0.036360487888896675,-0.003965614133716912
2024-08-07,145,3,E11,e11_add_book_orders,E11 增加挂单笔数与四五档（+4通道）,20260915,0.0745365552180784,0.06305977450293265,0.011476780715145754
2024-08-08,146,3,E11,e11_add_book_orders,E11 增加挂单笔数与四五档（+4通道）,20260915,0.12055132637711997,0.11196256914077957,0.008588757236340408
2024-08-09,147,3,E11,e11_add_book_orders,E11 增加挂单笔数与四五档（+4通道）,20260915,0.06210902918625513,0.05042739684123437,0.01168163234502076
2024-08-12,148,3,E11,e11_add_book_orders,E11 增加挂单笔数与四五档（+4通道）,20260915,0.09440810944414652,0.10035937466060953,-0.005951265216463011
2024-08-13,149,3,E11,e11_add_book_orders,E11 增加挂单笔数与四五档（+4通道）,20260915,0.055709216872831126,0.06743606599776782,-0.01172684912493669
2024-08-14,150,3,E11,e11_add_book_orders,E11 增加挂单笔数与四五档（+4通道）,20260915,-0.001919490708002731,0.0018017898361987288,-0.0037212805442014595
2024-08-15,151,3,E11,e11_add_book_orders,E11 增加挂单笔数与四五档（+4通道）,20260915,0.01359848974088013,0.013607462642608583,-8.972901728453511e-06
2024-08-16,152,3,E11,e11_add_book_orders,E11 增加挂单笔数与四五档（+4通道）,20260915,0.08299798712990487,0.08918335644437904,-0.006185369314474165
2024-08-19,153,3,E11,e11_add_book_orders,E11 增加挂单笔数与四五档（+4通道）,20260915,0.05090633534608657,0.06844760412250206,-0.017541268776415486
2024-08-20,154,3,E11,e11_add_book_orders,E11 增加挂单笔数与四五档（+4通道）,20260915,0.037923108622680175,0.0377176284569098,0.00020548016577037753
2024-08-21,155,3,E11,e11_add_book_orders,E11 增加挂单笔数与四五档（+4通道）,20260915,0.07521724838888418,0.06905824949295417,0.00615899889593001
2024-08-22,156,3,E11,e11_add_book_orders,E11 增加挂单笔数与四五档（+4通道）,20260915,0.0014171045218697013,-0.018174048342151222,0.019591152864020925
2024-08-23,157,3,E11,e11_add_book_orders,E11 增加挂单笔数与四五档（+4通道）,20260915,0.04650720548530176,0.06634889094167706,-0.019841685456375303
2024-08-26,158,3,E11,e11_add_book_orders,E11 增加挂单笔数与四五档（+4通道）,20260915,0.04592021363481017,0.03624209433076669,0.009678119304043484
2024-08-27,159,3,E11,e11_add_book_orders,E11 增加挂单笔数与四五档（+4通道）,20260915,-0.0011000772221858007,-0.0045810470895433445,0.003480969867357544
2024-08-28,160,3,E11,e11_add_book_orders,E11 增加挂单笔数与四五档（+4通道）,20260915,-0.01527184027978177,-0.01737129651780213,0.002099456238020358
2024-08-29,161,3,E11,e11_add_book_orders,E11 增加挂单笔数与四五档（+4通道）,20260915,-0.006509106528633849,-0.01432643636941568,0.007817329840781831
2024-08-30,162,3,E11,e11_add_book_orders,E11 增加挂单笔数与四五档（+4通道）,20260915,0.007294891732585251,0.006273138649526979,0.0010217530830582714
2024-09-02,163,3,E11,e11_add_book_orders,E11 增加挂单笔数与四五档（+4通道）,20260915,0.0441281074519507,0.016338532828688822,0.027789574623261877
2024-09-03,164,3,E11,e11_add_book_orders,E11 增加挂单笔数与四五档（+4通道）,20260915,-0.06094163941241355,-0.072202658369174,0.011261018956760453
2024-09-04,165,3,E11,e11_add_book_orders,E11 增加挂单笔数与四五档（+4通道）,20260915,0.08461639527139883,0.06412485834161669,0.020491536929782145
2024-09-05,166,3,E11,e11_add_book_orders,E11 增加挂单笔数与四五档（+4通道）,20260915,0.010217302217302217,-0.0004475284475284476,0.010664830664830665
2024-09-06,167,3,E11,e11_add_book_orders,E11 增加挂单笔数与四五档（+4通道）,20260915,-0.039150210976007876,-0.016868755443366443,-0.022281455532641433
2024-09-09,168,3,E11,e11_add_book_orders,E11 增加挂单笔数与四五档（+4通道）,20260915,0.06540273066243417,0.06377152685016672,0.0016312038122674455
2024-09-10,169,3,E11,e11_add_book_orders,E11 增加挂单笔数与四五档（+4通道）,20260915,0.0063283958582983505,-0.003386045695412028,0.009714441553710379
2024-09-11,170,3,E11,e11_add_book_orders,E11 增加挂单笔数与四五档（+4通道）,20260915,0.031973407391065835,0.0574546090068593,-0.025481201615793467
2024-09-12,171,3,E11,e11_add_book_orders,E11 增加挂单笔数与四五档（+4通道）,20260915,0.047273709417255574,0.048271091628969226,-0.0009973822117136516
2024-09-13,172,3,E11,e11_add_book_orders,E11 增加挂单笔数与四五档（+4通道）,20260915,0.01804661288554177,0.03257240574000763,-0.014525792854465862
2024-09-18,173,3,E11,e11_add_book_orders,E11 增加挂单笔数与四五档（+4通道）,20260915,0.09057718035951637,0.08720994662862136,0.0033672337308950084
2024-09-19,174,3,E11,e11_add_book_orders,E11 增加挂单笔数与四五档（+4通道）,20260915,0.026334927607734464,0.025231543948245297,0.0011033836594891676
2024-09-20,175,3,E11,e11_add_book_orders,E11 增加挂单笔数与四五档（+4通道）,20260915,0.014872017139713454,-0.00752436765980628,0.022396384799519733
2024-09-23,176,3,E11,e11_add_book_orders,E11 增加挂单笔数与四五档（+4通道）,20260915,0.05536591936591937,0.03547780747780748,0.01988811188811189
2024-09-24,177,3,E11,e11_add_book_orders,E11 增加挂单笔数与四五档（+4通道）,20260915,0.06898918853239133,0.08561552936458536,-0.016626340832194025
2024-09-25,178,3,E11,e11_add_book_orders,E11 增加挂单笔数与四五档（+4通道）,20260915,0.04303949503949504,0.04728115128115128,-0.00424165624165624
2024-09-26,179,3,E11,e11_add_book_orders,E11 增加挂单笔数与四五档（+4通道）,20260915,-0.07202779202779204,-0.07728428928428929,0.005256497256497253
2024-09-27,180,3,E11,e11_add_book_orders,E11 增加挂单笔数与四五档（+4通道）,20260915,0.153003729003729,0.07044866244866245,0.08255506655506654
2024-09-30,181,4,E11,e11_add_book_orders,E11 增加挂单笔数与四五档（+4通道）,20260915,0.01094134387628846,0.01834403538366077,-0.007402691507372312
2024-10-08,182,4,E11,e11_add_book_orders,E11 增加挂单笔数与四五档（+4通道）,20260915,0.16935929637545216,0.15138792829625586,0.017971368079196304
2024-10-09,183,4,E11,e11_add_book_orders,E11 增加挂单笔数与四五档（+4通道）,20260915,0.05587063554675465,0.0767542270568539,-0.020883591510099254
2024-10-10,184,4,E11,e11_add_book_orders,E11 增加挂单笔数与四五档（+4通道）,20260915,-0.021717597782750578,-0.025598269675064483,0.0038806718923139055
2024-10-11,185,4,E11,e11_add_book_orders,E11 增加挂单笔数与四五档（+4通道）,20260915,0.0446002048678061,0.04190136615277436,0.002698838715031744
2024-10-14,186,4,E11,e11_add_book_orders,E11 增加挂单笔数与四五档（+4通道）,20260915,-0.016813084813084814,0.0013160173160173159,-0.01812910212910213
2024-10-15,187,4,E11,e11_add_book_orders,E11 增加挂单笔数与四五档（+4通道）,20260915,-0.01822184427650981,-0.012260460297241678,-0.005961383979268131
2024-10-16,188,4,E11,e11_add_book_orders,E11 增加挂单笔数与四五档（+4通道）,20260915,0.09939425799062354,0.10018795078907851,-0.0007936927984549674
2024-10-17,189,4,E11,e11_add_book_orders,E11 增加挂单笔数与四五档（+4通道）,20260915,0.022179758917233863,0.0329408847725481,-0.010761125855314236
2024-10-18,190,4,E11,e11_add_book_orders,E11 增加挂单笔数与四五档（+4通道）,20260915,-0.018868500411442026,-0.033233819608919454,0.014365319197477428
2024-10-21,191,4,E11,e11_add_book_orders,E11 增加挂单笔数与四五档（+4通道）,20260915,0.03564412914891785,0.03564461807714272,-4.88928224871843e-07
2024-10-22,192,4,E11,e11_add_book_orders,E11 增加挂单笔数与四五档（+4通道）,20260915,0.01677919525476944,0.02768999043261055,-0.01091079517784111
2024-10-23,193,4,E11,e11_add_book_orders,E11 增加挂单笔数与四五档（+4通道）,20260915,0.11716327621788308,0.09976538023548426,0.017397895982398826
2024-10-24,194,4,E11,e11_add_book_orders,E11 增加挂单笔数与四五档（+4通道）,20260915,-0.018276197407330157,-0.023944094836116085,0.0056678974287859285
2024-10-25,195,4,E11,e11_add_book_orders,E11 增加挂单笔数与四五档（+4通道）,20260915,0.013045141627152994,0.022628267167258326,-0.009583125540105332
2024-10-28,196,4,E11,e11_add_book_orders,E11 增加挂单笔数与四五档（+4通道）,20260915,0.08902120359068628,0.0779647865097732,0.01105641708091308
2024-10-29,197,4,E11,e11_add_book_orders,E11 增加挂单笔数与四五档（+4通道）,20260915,0.017941473319816232,0.014195167862250875,0.0037463054575653573
2024-10-30,198,4,E11,e11_add_book_orders,E11 增加挂单笔数与四五档（+4通道）,20260915,-0.046021941823780096,-0.0404577759844911,-0.005564165839288995
2024-10-31,199,4,E11,e11_add_book_orders,E11 增加挂单笔数与四五档（+4通道）,20260915,0.06852922101578063,0.0632663228153985,0.0052628982003821295
2024-11-01,200,4,E11,e11_add_book_orders,E11 增加挂单笔数与四五档（+4通道）,20260915,0.011124112510056756,0.014238138467568762,-0.0031140259575120066
2024-11-04,201,4,E11,e11_add_book_orders,E11 增加挂单笔数与四五档（+4通道）,20260915,0.0477355506424174,0.04519893080337178,0.0025366198390456215
2024-11-05,202,4,E11,e11_add_book_orders,E11 增加挂单笔数与四五档（+4通道）,20260915,0.011283255518851704,0.009322774178459763,0.0019604813403919404
2024-11-06,203,4,E11,e11_add_book_orders,E11 增加挂单笔数与四五档（+4通道）,20260915,0.09778760082140782,0.09013240981356514,0.007655191007842677
2024-11-07,204,4,E11,e11_add_book_orders,E11 增加挂单笔数与四五档（+4通道）,20260915,0.12718600211131872,0.1324901788736861,-0.005304176762367385
2024-11-08,205,4,E11,e11_add_book_orders,E11 增加挂单笔数与四五档（+4通道）,20260915,-0.00956283350246795,-0.0016437527260203927,-0.007919080776447558
2024-11-11,206,4,E11,e11_add_book_orders,E11 增加挂单笔数与四五档（+4通道）,20260915,0.05504305987637469,0.044706176093334146,0.010336883783040547
2024-11-12,207,4,E11,e11_add_book_orders,E11 增加挂单笔数与四五档（+4通道）,20260915,0.115047400902253,0.11093903920921841,0.004108361693034593
2024-11-13,208,4,E11,e11_add_book_orders,E11 增加挂单笔数与四五档（+4通道）,20260915,0.13793810697794823,0.11141616675971797,0.02652194021823026
2024-11-14,209,4,E11,e11_add_book_orders,E11 增加挂单笔数与四五档（+4通道）,20260915,-0.02934686454785831,-0.02041325309526707,-0.00893361145259124
2024-11-15,210,4,E11,e11_add_book_orders,E11 增加挂单笔数与四五档（+4通道）,20260915,0.12432838085879981,0.14235860352043003,-0.01803022266163022
2024-11-18,211,4,E11,e11_add_book_orders,E11 增加挂单笔数与四五档（+4通道）,20260915,0.013832788783770474,0.010613328823492803,0.003219459960277671
2024-11-19,212,4,E11,e11_add_book_orders,E11 增加挂单笔数与四五档（+4通道）,20260915,-0.04867142481743909,-0.02821206429670049,-0.020459360520738604
2024-11-20,213,4,E11,e11_add_book_orders,E11 增加挂单笔数与四五档（+4通道）,20260915,0.08164761806319902,0.09264307250140474,-0.010995454438205723
2024-11-21,214,4,E11,e11_add_book_orders,E11 增加挂单笔数与四五档（+4通道）,20260915,0.003229971249351077,0.012538824614057564,-0.009308853364706486
2024-11-22,215,4,E11,e11_add_book_orders,E11 增加挂单笔数与四五档（+4通道）,20260915,0.06508362586462937,0.09483539997342479,-0.029751774108795412
2024-11-25,216,4,E11,e11_add_book_orders,E11 增加挂单笔数与四五档（+4通道）,20260915,0.1109721206241939,0.12153051829122337,-0.01055839766702947
2024-11-26,217,4,E11,e11_add_book_orders,E11 增加挂单笔数与四五档（+4通道）,20260915,-0.04012934602014446,-0.033092575740625844,-0.007036770279518614
2024-11-27,218,4,E11,e11_add_book_orders,E11 增加挂单笔数与四五档（+4通道）,20260915,0.0355957959337682,0.04266369824703315,-0.00706790231326495
2024-11-28,219,4,E11,e11_add_book_orders,E11 增加挂单笔数与四五档（+4通道）,20260915,0.08011616059685757,0.07261044704610974,0.007505713550747833
2024-11-29,220,4,E11,e11_add_book_orders,E11 增加挂单笔数与四五档（+4通道）,20260915,0.002862572948450138,0.016471336965477083,-0.013608764017026945
2024-12-02,221,4,E11,e11_add_book_orders,E11 增加挂单笔数与四五档（+4通道）,20260915,0.048031046119526445,0.03247765542110647,0.015553390698419975
2024-12-03,222,4,E11,e11_add_book_orders,E11 增加挂单笔数与四五档（+4通道）,20260915,0.030156180591286847,0.03061858287889392,-0.0004624022876070742
2024-12-04,223,4,E11,e11_add_book_orders,E11 增加挂单笔数与四五档（+4通道）,20260915,0.032547046890434354,0.038814371609006464,-0.006267324718572109
2024-12-05,224,4,E11,e11_add_book_orders,E11 增加挂单笔数与四五档（+4通道）,20260915,0.1925926685926686,0.2012043332043332,-0.008611664611664599
2024-12-06,225,4,E11,e11_add_book_orders,E11 增加挂单笔数与四五档（+4通道）,20260915,-0.013928497928497931,-0.014973350973350976,0.001044853044853045
2024-12-09,226,4,E11,e11_add_book_orders,E11 增加挂单笔数与四五档（+4通道）,20260915,0.043861603861603864,0.036315588315588315,0.007546015546015548
2024-12-10,227,4,E11,e11_add_book_orders,E11 增加挂单笔数与四五档（+4通道）,20260915,-0.006005970023987934,0.005556953573624435,-0.011562923597612369
2024-12-11,228,4,E11,e11_add_book_orders,E11 增加挂单笔数与四五档（+4通道）,20260915,0.026777687829444927,0.02525411213121874,0.001523575698226188
2024-12-12,229,4,E11,e11_add_book_orders,E11 增加挂单笔数与四五档（+4通道）,20260915,0.014674832992282843,-0.003268399110239227,0.01794323210252207
2024-12-13,230,4,E11,e11_add_book_orders,E11 增加挂单笔数与四五档（+4通道）,20260915,0.10668565014420664,0.1311704734298471,-0.024484823285640472
2024-12-16,231,4,E11,e11_add_book_orders,E11 增加挂单笔数与四五档（+4通道）,20260915,0.08406834809334619,0.07312314115045837,0.010945206942887822
2024-12-17,232,4,E11,e11_add_book_orders,E11 增加挂单笔数与四五档（+4通道）,20260915,0.010032625484319218,0.0029982585977261092,0.007034366886593109
2024-12-18,233,4,E11,e11_add_book_orders,E11 增加挂单笔数与四五档（+4通道）,20260915,0.030575917148115438,0.018967732701729516,0.011608184446385922
2024-12-19,234,4,E11,e11_add_book_orders,E11 增加挂单笔数与四五档（+4通道）,20260915,-0.04627105844747444,-0.049964861109060066,0.0036938026615856226
2024-12-20,235,4,E11,e11_add_book_orders,E11 增加挂单笔数与四五档（+4通道）,20260915,0.04154653157143886,0.045184228349631074,-0.003637696778192215
2024-12-23,236,4,E11,e11_add_book_orders,E11 增加挂单笔数与四五档（+4通道）,20260915,0.014335501608558805,0.0040378458588949395,0.010297655749663865
2024-12-24,237,4,E11,e11_add_book_orders,E11 增加挂单笔数与四五档（+4通道）,20260915,0.07329621482853074,0.07145842836742802,0.0018377864611027195
2024-12-25,238,4,E11,e11_add_book_orders,E11 增加挂单笔数与四五档（+4通道）,20260915,-0.07903128052405886,-0.09103096298638855,0.011999682462329686
2024-12-26,239,4,E11,e11_add_book_orders,E11 增加挂单笔数与四五档（+4通道）,20260915,0.13497191157874933,0.13676195951728098,-0.0017900479385316581
2024-12-27,240,4,E11,e11_add_book_orders,E11 增加挂单笔数与四五档（+4通道）,20260915,0.10103419878534176,0.10717606559323119,-0.006141866807889432
2024-01-02,1,1,E12,e12_add_full_fields,E12 补全更多原始字段（+9通道）,20260801,0.06663010918082363,0.05623915738651624,0.010390951794307386
2024-01-03,2,1,E12,e12_add_full_fields,E12 补全更多原始字段（+9通道）,20260801,0.0547121298764174,0.06834481081009443,-0.013632680933677026
2024-01-04,3,1,E12,e12_add_full_fields,E12 补全更多原始字段（+9通道）,20260801,0.06453140614012698,0.0343444899747264,0.030186916165400576
2024-01-05,4,1,E12,e12_add_full_fields,E12 补全更多原始字段（+9通道）,20260801,0.05099501777338502,0.05971130371448168,-0.008716285941096663
2024-01-08,5,1,E12,e12_add_full_fields,E12 补全更多原始字段（+9通道）,20260801,0.04476277239602991,0.03918983933000605,0.005572933066023862
2024-01-09,6,1,E12,e12_add_full_fields,E12 补全更多原始字段（+9通道）,20260801,0.005947321012319566,0.017842233848987213,-0.011894912836667647
2024-01-10,7,1,E12,e12_add_full_fields,E12 补全更多原始字段（+9通道）,20260801,0.010478314363681641,-0.009745467261687365,0.020223781625369006
2024-01-11,8,1,E12,e12_add_full_fields,E12 补全更多原始字段（+9通道）,20260801,0.06066954677195873,0.0690119093021269,-0.008342362530168172
2024-01-12,9,1,E12,e12_add_full_fields,E12 补全更多原始字段（+9通道）,20260801,0.04104618730573748,0.0475904788193886,-0.006544291513651115
2024-01-15,10,1,E12,e12_add_full_fields,E12 补全更多原始字段（+9通道）,20260801,0.024175705375692646,0.005053687500926055,0.01912201787476659
2024-01-16,11,1,E12,e12_add_full_fields,E12 补全更多原始字段（+9通道）,20260801,0.045437325100651745,0.03145184061817328,0.013985484482478466
2024-01-17,12,1,E12,e12_add_full_fields,E12 补全更多原始字段（+9通道）,20260801,-0.03821468295584484,-0.03844685315603391,0.00023217020018907047
2024-01-18,13,1,E12,e12_add_full_fields,E12 补全更多原始字段（+9通道）,20260801,0.1031077421296987,0.0917383686550465,0.011369373474652195
2024-01-19,14,1,E12,e12_add_full_fields,E12 补全更多原始字段（+9通道）,20260801,-0.0028568488328007363,-0.007669573380996225,0.004812724548195488
2024-01-22,15,1,E12,e12_add_full_fields,E12 补全更多原始字段（+9通道）,20260801,0.042270824566111566,0.04860695036630243,-0.006336125800190863
2024-01-23,16,1,E12,e12_add_full_fields,E12 补全更多原始字段（+9通道）,20260801,0.0929841129284642,0.04781292944936678,0.045171183479097425
2024-01-24,17,1,E12,e12_add_full_fields,E12 补全更多原始字段（+9通道）,20260801,0.06658124478098852,0.0617317279169231,0.0048495168640654215
2024-01-25,18,1,E12,e12_add_full_fields,E12 补全更多原始字段（+9通道）,20260801,0.1135509123639673,0.11369041251183745,-0.00013950014787014742
2024-01-26,19,1,E12,e12_add_full_fields,E12 补全更多原始字段（+9通道）,20260801,0.044863376863376866,0.054697122697122694,-0.009833745833745827
2024-01-29,20,1,E12,e12_add_full_fields,E12 补全更多原始字段（+9通道）,20260801,0.010893094893094894,0.009628857628857629,0.0012642372642372654
2024-01-30,21,1,E12,e12_add_full_fields,E12 补全更多原始字段（+9通道）,20260801,0.03845757845757846,0.04168339768339768,-0.0032258192258192223
2024-01-31,22,1,E12,e12_add_full_fields,E12 补全更多原始字段（+9通道）,20260801,0.012420312469392618,0.004211281548420613,0.008209030920972006
2024-02-01,23,1,E12,e12_add_full_fields,E12 补全更多原始字段（+9通道）,20260801,-0.014632965630961623,-0.0032077247588269625,-0.01142524087213466
2024-02-02,24,1,E12,e12_add_full_fields,E12 补全更多原始字段（+9通道）,20260801,0.023871996244741733,-0.011102878429531733,0.034974874674273466
2024-02-05,25,1,E12,e12_add_full_fields,E12 补全更多原始字段（+9通道）,20260801,0.09743404489555557,0.09698109843581491,0.00045294645974065795
2024-02-06,26,1,E12,e12_add_full_fields,E12 补全更多原始字段（+9通道）,20260801,-0.0016285636334493244,0.009810057839488014,-0.011438621472937338
2024-02-07,27,1,E12,e12_add_full_fields,E12 补全更多原始字段（+9通道）,20260801,0.041531141531141534,0.033469293469293476,0.008061848061848058
2024-02-08,28,1,E12,e12_add_full_fields,E12 补全更多原始字段（+9通道）,20260801,-0.007361257493760131,-0.05330383826330737,0.045942580769547235
2024-02-19,29,1,E12,e12_add_full_fields,E12 补全更多原始字段（+9通道）,20260801,0.023214612607489405,0.035852930004105873,-0.012638317396616468
2024-02-20,30,1,E12,e12_add_full_fields,E12 补全更多原始字段（+9通道）,20260801,-0.013846388054083876,0.015380361611067038,-0.029226749665150913
2024-02-21,31,1,E12,e12_add_full_fields,E12 补全更多原始字段（+9通道）,20260801,0.014627986000492803,0.017231905916788685,-0.0026039199162958826
2024-02-22,32,1,E12,e12_add_full_fields,E12 补全更多原始字段（+9通道）,20260801,0.06922288291000071,0.06786985666397685,0.0013530262460238612
2024-02-23,33,1,E12,e12_add_full_fields,E12 补全更多原始字段（+9通道）,20260801,0.11553398547282984,0.10331365481651834,0.012220330656311493
2024-02-26,34,1,E12,e12_add_full_fields,E12 补全更多原始字段（+9通道）,20260801,0.07542601587857198,0.05538363771593955,0.020042378162632428
2024-02-27,35,1,E12,e12_add_full_fields,E12 补全更多原始字段（+9通道）,20260801,0.01749004149004149,0.03632605232605233,-0.018836010836010837
2024-02-28,36,1,E12,e12_add_full_fields,E12 补全更多原始字段（+9通道）,20260801,0.023895522038895174,0.04203432028652621,-0.01813879824763104
2024-02-29,37,1,E12,e12_add_full_fields,E12 补全更多原始字段（+9通道）,20260801,0.09427885031996022,0.10532923218818983,-0.011050381868229611
2024-03-01,38,1,E12,e12_add_full_fields,E12 补全更多原始字段（+9通道）,20260801,-0.0291948891948892,-0.03404069804069804,0.004845808845808843
2024-03-04,39,1,E12,e12_add_full_fields,E12 补全更多原始字段（+9通道）,20260801,0.10067051131641244,0.0944320529647599,0.006238458351652543
2024-03-05,40,1,E12,e12_add_full_fields,E12 补全更多原始字段（+9通道）,20260801,0.09179485392013018,0.09498544398163812,-0.0031905900615079447
2024-03-06,41,1,E12,e12_add_full_fields,E12 补全更多原始字段（+9通道）,20260801,0.040869184889798724,0.051161027621161925,-0.010291842731363202
2024-03-07,42,1,E12,e12_add_full_fields,E12 补全更多原始字段（+9通道）,20260801,0.0865692378427012,0.07321872921159794,0.01335050863110325
2024-03-08,43,1,E12,e12_add_full_fields,E12 补全更多原始字段（+9通道）,20260801,0.0945059056678174,0.09440372670769856,0.00010217896011883998
2024-03-11,44,1,E12,e12_add_full_fields,E12 补全更多原始字段（+9通道）,20260801,0.052752419045910916,0.030675713519411976,0.02207670552649894
2024-03-12,45,1,E12,e12_add_full_fields,E12 补全更多原始字段（+9通道）,20260801,0.03245084107327945,0.03505972293940628,-0.0026088818661268304
2024-03-13,46,1,E12,e12_add_full_fields,E12 补全更多原始字段（+9通道）,20260801,0.10385044905224368,0.06656943010332585,0.03728101894891783
2024-03-14,47,1,E12,e12_add_full_fields,E12 补全更多原始字段（+9通道）,20260801,0.03489770773573364,0.030362595155294703,0.004535112580438937
2024-03-15,48,1,E12,e12_add_full_fields,E12 补全更多原始字段（+9通道）,20260801,0.06219824732020085,0.03519290786384831,0.027005339456352542
2024-03-18,49,1,E12,e12_add_full_fields,E12 补全更多原始字段（+9通道）,20260801,0.07678888972086667,0.08933655863020533,-0.012547668909338658
2024-03-19,50,1,E12,e12_add_full_fields,E12 补全更多原始字段（+9通道）,20260801,0.03673091028461868,0.04230468391511516,-0.0055737736304964786
2024-03-20,51,1,E12,e12_add_full_fields,E12 补全更多原始字段（+9通道）,20260801,0.04128000889634409,0.03331142559677677,0.007968583299567317
2024-03-21,52,1,E12,e12_add_full_fields,E12 补全更多原始字段（+9通道）,20260801,-0.019866019866019866,0.0010043770043770043,-0.02087039687039687
2024-03-22,53,1,E12,e12_add_full_fields,E12 补全更多原始字段（+9通道）,20260801,0.060809088909595375,0.06610161282191927,-0.005292523912323897
2024-03-25,54,1,E12,e12_add_full_fields,E12 补全更多原始字段（+9通道）,20260801,-0.016888429400199963,-0.0222816755116428,0.005393246111442835
2024-03-26,55,1,E12,e12_add_full_fields,E12 补全更多原始字段（+9通道）,20260801,0.03375436585562896,0.03509493520022001,-0.00134056934459105
2024-03-27,56,1,E12,e12_add_full_fields,E12 补全更多原始字段（+9通道）,20260801,0.012997708351117538,0.0005002026292549241,0.012497505721862614
2024-03-28,57,1,E12,e12_add_full_fields,E12 补全更多原始字段（+9通道）,20260801,0.0683514106070072,0.06613794832050066,0.00221346228650654
2024-03-29,58,1,E12,e12_add_full_fields,E12 补全更多原始字段（+9通道）,20260801,0.11070641768092221,0.1108555718394731,-0.0001491541585508932
2024-04-01,59,1,E12,e12_add_full_fields,E12 补全更多原始字段（+9通道）,20260801,0.07453457258430686,0.09514229741766608,-0.020607724833359223
2024-04-02,60,1,E12,e12_add_full_fields,E12 补全更多原始字段（+9通道）,20260801,-0.01381229892841923,-0.015230641282867847,0.0014183423544486175
2024-04-03,61,2,E12,e12_add_full_fields,E12 补全更多原始字段（+9通道）,20260801,0.027019032826943526,0.0384801584484585,-0.011461125621514974
2024-04-08,62,2,E12,e12_add_full_fields,E12 补全更多原始字段（+9通道）,20260801,0.06431419862950982,0.07315299978650783,-0.008838801156998005
2024-04-09,63,2,E12,e12_add_full_fields,E12 补全更多原始字段（+9通道）,20260801,0.04198898411495107,0.02276506083335602,0.01922392328159505
2024-04-10,64,2,E12,e12_add_full_fields,E12 补全更多原始字段（+9通道）,20260801,0.00493978710280008,0.01565920017595379,-0.010719413073153711
2024-04-11,65,2,E12,e12_add_full_fields,E12 补全更多原始字段（+9通道）,20260801,0.10018227419321084,0.09619091396236898,0.003991360230841859
2024-04-12,66,2,E12,e12_add_full_fields,E12 补全更多原始字段（+9通道）,20260801,-0.0018805758862176138,-0.007052599073756873,0.005172023187539259
2024-04-15,67,2,E12,e12_add_full_fields,E12 补全更多原始字段（+9通道）,20260801,0.004517620517620518,-0.029822417822417825,0.03434003834003834
2024-04-16,68,2,E12,e12_add_full_fields,E12 补全更多原始字段（+9通道）,20260801,-0.04581678981678981,-0.03818430218430219,-0.007632487632487625
2024-04-17,69,2,E12,e12_add_full_fields,E12 补全更多原始字段（+9通道）,20260801,0.022713485531171026,0.017733186371581094,0.004980299159589932
2024-04-18,70,2,E12,e12_add_full_fields,E12 补全更多原始字段（+9通道）,20260801,-0.02189607341388461,-0.012737139946899617,-0.009158933466984992
2024-04-19,71,2,E12,e12_add_full_fields,E12 补全更多原始字段（+9通道）,20260801,0.05667474007522459,0.07713171375961672,-0.02045697368439213
2024-04-22,72,2,E12,e12_add_full_fields,E12 补全更多原始字段（+9通道）,20260801,0.08206362298744052,0.09815889204842575,-0.016095269060985226
2024-04-23,73,2,E12,e12_add_full_fields,E12 补全更多原始字段（+9通道）,20260801,0.10884643504155968,0.10518459993713405,0.003661835104425623
2024-04-24,74,2,E12,e12_add_full_fields,E12 补全更多原始字段（+9通道）,20260801,0.0036239447058182194,0.005794622469385762,-0.0021706777635675427
2024-04-25,75,2,E12,e12_add_full_fields,E12 补全更多原始字段（+9通道）,20260801,0.0633592207532465,0.05616149754577061,0.007197723207475894
2024-04-26,76,2,E12,e12_add_full_fields,E12 补全更多原始字段（+9通道）,20260801,0.04622353989308139,0.04678343389265131,-0.0005598939995699256
2024-04-29,77,2,E12,e12_add_full_fields,E12 补全更多原始字段（+9通道）,20260801,0.09191142845454961,0.07590576945905676,0.016005658995492847
2024-04-30,78,2,E12,e12_add_full_fields,E12 补全更多原始字段（+9通道）,20260801,-0.007584235291601623,-0.0016033034975209963,-0.005980931794080627
2024-05-06,79,2,E12,e12_add_full_fields,E12 补全更多原始字段（+9通道）,20260801,0.07319622494743214,0.06007279756566719,0.013123427381764946
2024-05-07,80,2,E12,e12_add_full_fields,E12 补全更多原始字段（+9通道）,20260801,0.005746249272557877,0.01859703797564209,-0.012850788703084214
2024-05-08,81,2,E12,e12_add_full_fields,E12 补全更多原始字段（+9通道）,20260801,0.018879368459919048,0.01632610576303421,0.0025532626968848386
2024-05-09,82,2,E12,e12_add_full_fields,E12 补全更多原始字段（+9通道）,20260801,0.07577059314750334,0.0660671140005791,0.009703479146924238
2024-05-10,83,2,E12,e12_add_full_fields,E12 补全更多原始字段（+9通道）,20260801,0.06790848966004309,0.0549726162153797,0.01293587344466339
2024-05-13,84,2,E12,e12_add_full_fields,E12 补全更多原始字段（+9通道）,20260801,0.0579135737163323,0.024054306985931348,0.033859266730400954
2024-05-14,85,2,E12,e12_add_full_fields,E12 补全更多原始字段（+9通道）,20260801,0.12734469242352411,0.1261433883191736,0.0012013041043505146
2024-05-15,86,2,E12,e12_add_full_fields,E12 补全更多原始字段（+9通道）,20260801,0.009789947937999362,0.040076538314956875,-0.030286590376957512
2024-05-16,87,2,E12,e12_add_full_fields,E12 补全更多原始字段（+9通道）,20260801,0.05275967432263434,0.024151586139206743,0.0286080881834276
2024-05-17,88,2,E12,e12_add_full_fields,E12 补全更多原始字段（+9通道）,20260801,-0.000314948261039469,-0.0032562138358714302,0.0029412655748319613
2024-05-20,89,2,E12,e12_add_full_fields,E12 补全更多原始字段（+9通道）,20260801,0.06041982119700887,0.04989127654282078,0.010528544654188093
2024-05-21,90,2,E12,e12_add_full_fields,E12 补全更多原始字段（+9通道）,20260801,0.08375517110929144,0.0798887646483871,0.0038664064609043453
2024-05-22,91,2,E12,e12_add_full_fields,E12 补全更多原始字段（+9通道）,20260801,0.05006306983430931,0.03943645307787426,0.010626616756435052
2024-05-23,92,2,E12,e12_add_full_fields,E12 补全更多原始字段（+9通道）,20260801,0.12336488688419259,0.12859316982542013,-0.005228282941227541
2024-05-24,93,2,E12,e12_add_full_fields,E12 补全更多原始字段（+9通道）,20260801,0.03739172262794199,0.06076712348222722,-0.02337540085428523
2024-05-27,94,2,E12,e12_add_full_fields,E12 补全更多原始字段（+9通道）,20260801,0.041882275723890056,0.04135444448241208,0.0005278312414779759
2024-05-28,95,2,E12,e12_add_full_fields,E12 补全更多原始字段（+9通道）,20260801,0.044299792324185905,0.031348778910144585,0.01295101341404132
2024-05-29,96,2,E12,e12_add_full_fields,E12 补全更多原始字段（+9通道）,20260801,0.0684492812438155,0.06151450135191297,0.006934779891902526
2024-05-30,97,2,E12,e12_add_full_fields,E12 补全更多原始字段（+9通道）,20260801,0.08526142597586675,0.0894468170958682,-0.00418539112000145
2024-05-31,98,2,E12,e12_add_full_fields,E12 补全更多原始字段（+9通道）,20260801,-0.00508388139618504,-0.010940540965485539,0.005856659569300499
2024-06-03,99,2,E12,e12_add_full_fields,E12 补全更多原始字段（+9通道）,20260801,-0.007915622037702146,-0.02186725680591361,0.013951634768211466
2024-06-04,100,2,E12,e12_add_full_fields,E12 补全更多原始字段（+9通道）,20260801,0.010972944876155863,3.677827146723704e-05,0.010936166604688626
2024-06-05,101,2,E12,e12_add_full_fields,E12 补全更多原始字段（+9通道）,20260801,0.024720354425135323,0.02644347621705523,-0.0017231217919199057
2024-06-06,102,2,E12,e12_add_full_fields,E12 补全更多原始字段（+9通道）,20260801,0.12427168372352557,0.10766846670815293,0.016603217015372637
2024-06-07,103,2,E12,e12_add_full_fields,E12 补全更多原始字段（+9通道）,20260801,-0.0293316484746439,-0.035922376622330984,0.006590728147687085
2024-06-11,104,2,E12,e12_add_full_fields,E12 补全更多原始字段（+9通道）,20260801,0.04449529719073834,0.04000969600001429,0.0044856011907240464
2024-06-12,105,2,E12,e12_add_full_fields,E12 补全更多原始字段（+9通道）,20260801,0.09018093813392478,0.08975502321416269,0.0004259149197620854
2024-06-13,106,2,E12,e12_add_full_fields,E12 补全更多原始字段（+9通道）,20260801,0.06107275180354756,0.05477237349936748,0.006300378304180086
2024-06-14,107,2,E12,e12_add_full_fields,E12 补全更多原始字段（+9通道）,20260801,0.046244047529748034,0.0455190502546502,0.0007249972750978315
2024-06-17,108,2,E12,e12_add_full_fields,E12 补全更多原始字段（+9通道）,20260801,0.03430209938454913,0.017818094691508055,0.016484004693041076
2024-06-18,109,2,E12,e12_add_full_fields,E12 补全更多原始字段（+9通道）,20260801,0.02665889673887343,0.03542227152853834,-0.008763374789664914
2024-06-19,110,2,E12,e12_add_full_fields,E12 补全更多原始字段（+9通道）,20260801,0.10280325111166087,0.09843037472566586,0.0043728763859950115
2024-06-20,111,2,E12,e12_add_full_fields,E12 补全更多原始字段（+9通道）,20260801,0.023297504434425017,0.019715848242342265,0.0035816561920827515
2024-06-21,112,2,E12,e12_add_full_fields,E12 补全更多原始字段（+9通道）,20260801,-0.021388723392731405,-0.0134065729055709,-0.007982150487160505
2024-06-24,113,2,E12,e12_add_full_fields,E12 补全更多原始字段（+9通道）,20260801,0.020944320413401763,0.05134425115775667,-0.030399930744354906
2024-06-25,114,2,E12,e12_add_full_fields,E12 补全更多原始字段（+9通道）,20260801,0.0748743615605817,0.07609481448210179,-0.0012204529215200793
2024-06-26,115,2,E12,e12_add_full_fields,E12 补全更多原始字段（+9通道）,20260801,0.007082675968794585,-0.006802487960944229,0.013885163929738813
2024-06-27,116,2,E12,e12_add_full_fields,E12 补全更多原始字段（+9通道）,20260801,0.04469312187910211,0.033824157452411255,0.010868964426690858
2024-06-28,117,2,E12,e12_add_full_fields,E12 补全更多原始字段（+9通道）,20260801,0.038669601558238925,0.05508426099144635,-0.016414659433207426
2024-07-01,118,2,E12,e12_add_full_fields,E12 补全更多原始字段（+9通道）,20260801,0.06074184934145839,0.04822730758783248,0.012514541753625909
2024-07-02,119,2,E12,e12_add_full_fields,E12 补全更多原始字段（+9通道）,20260801,0.06087077298631605,0.06367545189327925,-0.002804678906963197
2024-07-03,120,2,E12,e12_add_full_fields,E12 补全更多原始字段（+9通道）,20260801,0.031871858021579845,0.01881469256118659,0.013057165460393254
2024-07-04,121,3,E12,e12_add_full_fields,E12 补全更多原始字段（+9通道）,20260801,0.03241974877111206,0.03427298124018839,-0.0018532324690763297
2024-07-05,122,3,E12,e12_add_full_fields,E12 补全更多原始字段（+9通道）,20260801,0.009766042595701912,-0.005522119313702479,0.01528816190940439
2024-07-08,123,3,E12,e12_add_full_fields,E12 补全更多原始字段（+9通道）,20260801,-0.012854309373754228,-0.021030264986793588,0.00817595561303936
2024-07-09,124,3,E12,e12_add_full_fields,E12 补全更多原始字段（+9通道）,20260801,-0.06981052796283256,-0.06675454211726756,-0.003055985845565004
2024-07-10,125,3,E12,e12_add_full_fields,E12 补全更多原始字段（+9通道）,20260801,0.08445700714788165,0.09030541287880557,-0.00584840573092392
2024-07-11,126,3,E12,e12_add_full_fields,E12 补全更多原始字段（+9通道）,20260801,-0.0036109221621097474,-0.003931226489254572,0.00032030432714482467
2024-07-12,127,3,E12,e12_add_full_fields,E12 补全更多原始字段（+9通道）,20260801,0.00977209733413359,0.03199725769841537,-0.02222516036428178
2024-07-15,128,3,E12,e12_add_full_fields,E12 补全更多原始字段（+9通道）,20260801,-0.009538204008571463,-0.005659908620627728,-0.0038782953879437348
2024-07-16,129,3,E12,e12_add_full_fields,E12 补全更多原始字段（+9通道）,20260801,0.054128754227581524,0.039559881952519374,0.01456887227506215
2024-07-17,130,3,E12,e12_add_full_fields,E12 补全更多原始字段（+9通道）,20260801,0.027865519696855006,0.0009516415554258651,0.02691387814142914
2024-07-18,131,3,E12,e12_add_full_fields,E12 补全更多原始字段（+9通道）,20260801,0.02288968362845422,0.003524426146030447,0.01936525748242377
2024-07-19,132,3,E12,e12_add_full_fields,E12 补全更多原始字段（+9通道）,20260801,0.028361508211587467,0.055344768192537766,-0.0269832599809503
2024-07-22,133,3,E12,e12_add_full_fields,E12 补全更多原始字段（+9通道）,20260801,-0.0015135890574140142,-0.006080746282692156,0.004567157225278142
2024-07-23,134,3,E12,e12_add_full_fields,E12 补全更多原始字段（+9通道）,20260801,0.03944877341405469,0.030654705583524428,0.008794067830530265
2024-07-24,135,3,E12,e12_add_full_fields,E12 补全更多原始字段（+9通道）,20260801,-0.0057125166909005685,-0.0020424222198563912,-0.0036700944710441772
2024-07-25,136,3,E12,e12_add_full_fields,E12 补全更多原始字段（+9通道）,20260801,0.07274078788799537,0.07752897039924253,-0.004788182511247158
2024-07-26,137,3,E12,e12_add_full_fields,E12 补全更多原始字段（+9通道）,20260801,0.07000002275631809,0.08536548876565171,-0.015365466009333625
2024-07-29,138,3,E12,e12_add_full_fields,E12 补全更多原始字段（+9通道）,20260801,0.01111818220530404,0.037371313844541815,-0.026253131639237773
2024-07-30,139,3,E12,e12_add_full_fields,E12 补全更多原始字段（+9通道）,20260801,0.034829305932941916,0.01236007512748583,0.022469230805456084
2024-07-31,140,3,E12,e12_add_full_fields,E12 补全更多原始字段（+9通道）,20260801,0.0899084274907211,0.07169332566967926,0.018215101821041843
2024-08-01,141,3,E12,e12_add_full_fields,E12 补全更多原始字段（+9通道）,20260801,0.05305014030386503,0.04556266221544118,0.00748747808842385
2024-08-02,142,3,E12,e12_add_full_fields,E12 补全更多原始字段（+9通道）,20260801,0.022441555053648768,0.03617808298498122,-0.013736527931332454
2024-08-05,143,3,E12,e12_add_full_fields,E12 补全更多原始字段（+9通道）,20260801,0.035667345591702995,0.03093495058016427,0.004732395011538725
2024-08-06,144,3,E12,e12_add_full_fields,E12 补全更多原始字段（+9通道）,20260801,0.03901474500779411,0.03466632733326423,0.004348417674529877
2024-08-07,145,3,E12,e12_add_full_fields,E12 补全更多原始字段（+9通道）,20260801,0.04333662810580474,0.017684931479066485,0.025651696626738257
2024-08-08,146,3,E12,e12_add_full_fields,E12 补全更多原始字段（+9通道）,20260801,0.1257382950464725,0.12595463076089408,-0.0002163357144215894
2024-08-09,147,3,E12,e12_add_full_fields,E12 补全更多原始字段（+9通道）,20260801,0.04585801160041743,0.012831181293706747,0.03302683030671068
2024-08-12,148,3,E12,e12_add_full_fields,E12 补全更多原始字段（+9通道）,20260801,0.06453286513883182,0.06280202884351609,0.0017308362953157297
2024-08-13,149,3,E12,e12_add_full_fields,E12 补全更多原始字段（+9通道）,20260801,0.054481692915147324,0.07830430870736253,-0.02382261579221521
2024-08-14,150,3,E12,e12_add_full_fields,E12 补全更多原始字段（+9通道）,20260801,0.014972786999362794,0.024021232592139324,-0.00904844559277653
2024-08-15,151,3,E12,e12_add_full_fields,E12 补全更多原始字段（+9通道）,20260801,0.015749193783877083,0.025686366500897416,-0.009937172717020333
2024-08-16,152,3,E12,e12_add_full_fields,E12 补全更多原始字段（+9通道）,20260801,0.09120097176961607,0.06933421164674317,0.021866760122872905
2024-08-19,153,3,E12,e12_add_full_fields,E12 补全更多原始字段（+9通道）,20260801,0.05314154450986521,0.06435641271839901,-0.011214868208533797
2024-08-20,154,3,E12,e12_add_full_fields,E12 补全更多原始字段（+9通道）,20260801,0.03586543635699047,0.05254874798629441,-0.016683311629303935
2024-08-21,155,3,E12,e12_add_full_fields,E12 补全更多原始字段（+9通道）,20260801,0.06430007076016864,0.054159846718008935,0.010140224042159703
2024-08-22,156,3,E12,e12_add_full_fields,E12 补全更多原始字段（+9通道）,20260801,-0.006795344647112384,-0.005845860063847217,-0.0009494845832651666
2024-08-23,157,3,E12,e12_add_full_fields,E12 补全更多原始字段（+9通道）,20260801,0.06518701752317166,0.07837594330751038,-0.013188925784338723
2024-08-26,158,3,E12,e12_add_full_fields,E12 补全更多原始字段（+9通道）,20260801,0.04905759329926966,0.026021802393465562,0.0230357909058041
2024-08-27,159,3,E12,e12_add_full_fields,E12 补全更多原始字段（+9通道）,20260801,0.011914591237110937,-0.0022286244760018068,0.014143215713112743
2024-08-28,160,3,E12,e12_add_full_fields,E12 补全更多原始字段（+9通道）,20260801,0.0252368249024554,0.00733514581926546,0.01790167908318994
2024-08-29,161,3,E12,e12_add_full_fields,E12 补全更多原始字段（+9通道）,20260801,-0.027954238038100754,-0.025208893284519966,-0.0027453447535807883
2024-08-30,162,3,E12,e12_add_full_fields,E12 补全更多原始字段（+9通道）,20260801,0.019607276783713427,0.009824722414205778,0.009782554369507649
2024-09-02,163,3,E12,e12_add_full_fields,E12 补全更多原始字段（+9通道）,20260801,0.04115389838851536,0.034395779427652824,0.006758118960862536
2024-09-03,164,3,E12,e12_add_full_fields,E12 补全更多原始字段（+9通道）,20260801,-0.10093869184694296,-0.10545449825086034,0.004515806403917383
2024-09-04,165,3,E12,e12_add_full_fields,E12 补全更多原始字段（+9通道）,20260801,0.0666715576769533,0.06948626557376804,-0.002814707896814733
2024-09-05,166,3,E12,e12_add_full_fields,E12 补全更多原始字段（+9通道）,20260801,0.010606210606210607,0.003611619611619612,0.006994590994590995
2024-09-06,167,3,E12,e12_add_full_fields,E12 补全更多原始字段（+9通道）,20260801,-0.014388218819645252,-0.0004937769204003639,-0.013894441899244889
2024-09-09,168,3,E12,e12_add_full_fields,E12 补全更多原始字段（+9通道）,20260801,0.06379225687319778,0.060950353715843356,0.002841903157354428
2024-09-10,169,3,E12,e12_add_full_fields,E12 补全更多原始字段（+9通道）,20260801,-0.02693793304370185,-0.03624551319211171,0.00930758014840986
2024-09-11,170,3,E12,e12_add_full_fields,E12 补全更多原始字段（+9通道）,20260801,0.07416767791490217,0.07402482347976726,0.00014285443513491203
2024-09-12,171,3,E12,e12_add_full_fields,E12 补全更多原始字段（+9通道）,20260801,0.036937914082694825,0.045589488020454684,-0.008651573937759859
2024-09-13,172,3,E12,e12_add_full_fields,E12 补全更多原始字段（+9通道）,20260801,0.008026089613200088,0.009073951284819548,-0.0010478616716194603
2024-09-18,173,3,E12,e12_add_full_fields,E12 补全更多原始字段（+9通道）,20260801,0.12166340680305543,0.11988105082820502,0.001782355974850408
2024-09-19,174,3,E12,e12_add_full_fields,E12 补全更多原始字段（+9通道）,20260801,0.06103149779138044,0.05427321362692019,0.006758284164460247
2024-09-20,175,3,E12,e12_add_full_fields,E12 补全更多原始字段（+9通道）,20260801,0.011058143257189838,0.03057491512526361,-0.01951677186807377
2024-09-23,176,3,E12,e12_add_full_fields,E12 补全更多原始字段（+9通道）,20260801,0.06424344424344426,0.04715083115083115,0.01709261309261311
2024-09-24,177,3,E12,e12_add_full_fields,E12 补全更多原始字段（+9通道）,20260801,0.11468253625998223,0.10896229827608023,0.0057202379839020046
2024-09-25,178,3,E12,e12_add_full_fields,E12 补全更多原始字段（+9通道）,20260801,0.0348023748023748,0.07822673422673423,-0.04342435942435943
2024-09-26,179,3,E12,e12_add_full_fields,E12 补全更多原始字段（+9通道）,20260801,-0.04956542556542557,-0.05525659925659926,0.0056911736911736885
2024-09-27,180,3,E12,e12_add_full_fields,E12 补全更多原始字段（+9通道）,20260801,0.08225909825909826,0.10126339726339725,-0.019004299004298994
2024-09-30,181,4,E12,e12_add_full_fields,E12 补全更多原始字段（+9通道）,20260801,-0.12849414388877,-0.039999304598392633,-0.08849483929037738
2024-10-08,182,4,E12,e12_add_full_fields,E12 补全更多原始字段（+9通道）,20260801,0.03713499735780735,0.05871728906959281,-0.02158229171178546
2024-10-09,183,4,E12,e12_add_full_fields,E12 补全更多原始字段（+9通道）,20260801,0.054013609634017946,0.058385556137122846,-0.0043719465031049
2024-10-10,184,4,E12,e12_add_full_fields,E12 补全更多原始字段（+9通道）,20260801,-0.03522316132883081,-0.011746487781727245,-0.023476673547103567
2024-10-11,185,4,E12,e12_add_full_fields,E12 补全更多原始字段（+9通道）,20260801,0.05469358302174453,0.04176475201534053,0.012928831006403997
2024-10-14,186,4,E12,e12_add_full_fields,E12 补全更多原始字段（+9通道）,20260801,-0.01876606276606277,-0.012760968760968763,-0.006005094005094006
2024-10-15,187,4,E12,e12_add_full_fields,E12 补全更多原始字段（+9通道）,20260801,-0.020902598965306763,-0.007634143657046089,-0.013268455308260674
2024-10-16,188,4,E12,e12_add_full_fields,E12 补全更多原始字段（+9通道）,20260801,0.09552618609934323,0.0964470430257253,-0.000920856926382066
2024-10-17,189,4,E12,e12_add_full_fields,E12 补全更多原始字段（+9通道）,20260801,0.01974762738690594,0.0385127853304206,-0.01876515794351466
2024-10-18,190,4,E12,e12_add_full_fields,E12 补全更多原始字段（+9通道）,20260801,-0.021847438370104763,-0.0389210706540246,0.017073632283919837
2024-10-21,191,4,E12,e12_add_full_fields,E12 补全更多原始字段（+9通道）,20260801,0.04368585157943307,0.03794288254160061,0.00574296903783246
2024-10-22,192,4,E12,e12_add_full_fields,E12 补全更多原始字段（+9通道）,20260801,0.026660935381777964,0.03383545586475682,-0.0071745204829788585
2024-10-23,193,4,E12,e12_add_full_fields,E12 补全更多原始字段（+9通道）,20260801,0.0765648777814295,0.1007460073229023,-0.024181129541472807
2024-10-24,194,4,E12,e12_add_full_fields,E12 补全更多原始字段（+9通道）,20260801,-0.034564629953752556,-0.01866249295803774,-0.015902136995714817
2024-10-25,195,4,E12,e12_add_full_fields,E12 补全更多原始字段（+9通道）,20260801,0.06376106636544505,0.04127909738107632,0.022481968984368737
2024-10-28,196,4,E12,e12_add_full_fields,E12 补全更多原始字段（+9通道）,20260801,0.058079835178319994,0.08061736082509399,-0.022537525646773998
2024-10-29,197,4,E12,e12_add_full_fields,E12 补全更多原始字段（+9通道）,20260801,0.03211332595047938,0.030532309864695066,0.0015810160857843147
2024-10-30,198,4,E12,e12_add_full_fields,E12 补全更多原始字段（+9通道）,20260801,-0.002876980260673999,-0.01163787936425343,0.00876089910357943
2024-10-31,199,4,E12,e12_add_full_fields,E12 补全更多原始字段（+9通道）,20260801,0.049337943450492236,0.05478453035069857,-0.005446586900206336
2024-11-01,200,4,E12,e12_add_full_fields,E12 补全更多原始字段（+9通道）,20260801,0.005441982128925815,0.0008406848768598413,0.004601297252065974
2024-11-04,201,4,E12,e12_add_full_fields,E12 补全更多原始字段（+9通道）,20260801,0.018799198569425076,0.03579057004612135,-0.016991371476696274
2024-11-05,202,4,E12,e12_add_full_fields,E12 补全更多原始字段（+9通道）,20260801,0.021922815941981876,0.0165192056714391,0.005403610270542775
2024-11-06,203,4,E12,e12_add_full_fields,E12 补全更多原始字段（+9通道）,20260801,0.12086658104165772,0.12339332573838714,-0.0025267446967294216
2024-11-07,204,4,E12,e12_add_full_fields,E12 补全更多原始字段（+9通道）,20260801,0.10040771873115034,0.1250183117945021,-0.024610593063351754
2024-11-08,205,4,E12,e12_add_full_fields,E12 补全更多原始字段（+9通道）,20260801,0.0018060467335575744,-0.005981017371679149,0.007787064105236724
2024-11-11,206,4,E12,e12_add_full_fields,E12 补全更多原始字段（+9通道）,20260801,0.03941972745729685,0.04061108250411664,-0.0011913550468197892
2024-11-12,207,4,E12,e12_add_full_fields,E12 补全更多原始字段（+9通道）,20260801,0.15628189747704238,0.13494282204125804,0.021339075435784338
2024-11-13,208,4,E12,e12_add_full_fields,E12 补全更多原始字段（+9通道）,20260801,0.13336274105654053,0.12185131297562679,0.011511428080913738
2024-11-14,209,4,E12,e12_add_full_fields,E12 补全更多原始字段（+9通道）,20260801,-0.01835324771065862,-0.0380682811643027,0.01971503345364408
2024-11-15,210,4,E12,e12_add_full_fields,E12 补全更多原始字段（+9通道）,20260801,0.13187219523693694,0.13979846822714037,-0.007926272990203431
2024-11-18,211,4,E12,e12_add_full_fields,E12 补全更多原始字段（+9通道）,20260801,0.0017036234733949788,-0.014523244774974844,0.016226868248369823
2024-11-19,212,4,E12,e12_add_full_fields,E12 补全更多原始字段（+9通道）,20260801,-0.007569703592412703,-0.007798213821608464,0.0002285102291957608
2024-11-20,213,4,E12,e12_add_full_fields,E12 补全更多原始字段（+9通道）,20260801,0.08066335859173099,0.1032373123397946,-0.02257395374806362
2024-11-21,214,4,E12,e12_add_full_fields,E12 补全更多原始字段（+9通道）,20260801,0.005499293532289295,0.0004019704043822269,0.005097323127907068
2024-11-22,215,4,E12,e12_add_full_fields,E12 补全更多原始字段（+9通道）,20260801,0.06806912088595035,0.08437514538764715,-0.016306024501696798
2024-11-25,216,4,E12,e12_add_full_fields,E12 补全更多原始字段（+9通道）,20260801,0.12533186449171096,0.1384368329727012,-0.013104968480990242
2024-11-26,217,4,E12,e12_add_full_fields,E12 补全更多原始字段（+9通道）,20260801,-0.01809362278968521,-0.036637593725815557,0.018543970936130347
2024-11-27,218,4,E12,e12_add_full_fields,E12 补全更多原始字段（+9通道）,20260801,0.048934119628729754,0.04413536245084091,0.004798757177888843
2024-11-28,219,4,E12,e12_add_full_fields,E12 补全更多原始字段（+9通道）,20260801,0.0683288427388158,0.08413914664398153,-0.015810303905165732
2024-11-29,220,4,E12,e12_add_full_fields,E12 补全更多原始字段（+9通道）,20260801,0.044101263424301346,0.04407743739976054,2.3826024540804513e-05
2024-12-02,221,4,E12,e12_add_full_fields,E12 补全更多原始字段（+9通道）,20260801,0.05122883542764006,0.03555937473920267,0.015669460688437394
2024-12-03,222,4,E12,e12_add_full_fields,E12 补全更多原始字段（+9通道）,20260801,0.025415010506478552,0.016476003255471945,0.008939007251006607
2024-12-04,223,4,E12,e12_add_full_fields,E12 补全更多原始字段（+9通道）,20260801,0.05975802406060195,0.04984981743900443,0.00990820662159752
2024-12-05,224,4,E12,e12_add_full_fields,E12 补全更多原始字段（+9通道）,20260801,0.18654197454197458,0.19447107847107847,-0.007929103929103898
2024-12-06,225,4,E12,e12_add_full_fields,E12 补全更多原始字段（+9通道）,20260801,-0.03651901251901252,-0.030730806730806734,-0.005788205788205783
2024-12-09,226,4,E12,e12_add_full_fields,E12 补全更多原始字段（+9通道）,20260801,0.04574555774555775,0.047304407304407305,-0.001558849558849558
2024-12-10,227,4,E12,e12_add_full_fields,E12 补全更多原始字段（+9通道）,20260801,0.021743427808658095,-0.0010517350548902601,0.022795162863548355
2024-12-11,228,4,E12,e12_add_full_fields,E12 补全更多原始字段（+9通道）,20260801,0.016979123616351306,0.037939097870685494,-0.02095997425433419
2024-12-12,229,4,E12,e12_add_full_fields,E12 补全更多原始字段（+9通道）,20260801,-0.012915497479690294,-0.0052378418789728615,-0.007677655600717433
2024-12-13,230,4,E12,e12_add_full_fields,E12 补全更多原始字段（+9通道）,20260801,0.13489067370671728,0.13995607922093042,-0.005065405514213139
2024-12-16,231,4,E12,e12_add_full_fields,E12 补全更多原始字段（+9通道）,20260801,0.04754104172677101,0.0725755717524053,-0.025034530025634286
2024-12-17,232,4,E12,e12_add_full_fields,E12 补全更多原始字段（+9通道）,20260801,0.009760877986106696,-0.006245846430484793,0.01600672441659149
2024-12-18,233,4,E12,e12_add_full_fields,E12 补全更多原始字段（+9通道）,20260801,0.03641728261046604,0.016211625657296377,0.020205656953169664
2024-12-19,234,4,E12,e12_add_full_fields,E12 补全更多原始字段（+9通道）,20260801,-0.05960723905259214,-0.0699373165001869,0.010330077447594767
2024-12-20,235,4,E12,e12_add_full_fields,E12 补全更多原始字段（+9通道）,20260801,0.01054945506292158,0.013903724356060677,-0.0033542692931390963
2024-12-23,236,4,E12,e12_add_full_fields,E12 补全更多原始字段（+9通道）,20260801,-0.015438286059076468,-0.01929863706908025,0.0038603510100037805
2024-12-24,237,4,E12,e12_add_full_fields,E12 补全更多原始字段（+9通道）,20260801,0.03947655213171984,0.04966995262515398,-0.010193400493434139
2024-12-25,238,4,E12,e12_add_full_fields,E12 补全更多原始字段（+9通道）,20260801,-0.10167879153861728,-0.08385769812772557,-0.017821093410891706
2024-12-26,239,4,E12,e12_add_full_fields,E12 补全更多原始字段（+9通道）,20260801,0.14942053188751292,0.15693177801304709,-0.007511246125534166
2024-12-27,240,4,E12,e12_add_full_fields,E12 补全更多原始字段（+9通道）,20260801,0.07548653499937043,0.04306808689862159,0.032418448100748835
2024-01-02,1,1,E12,e12_add_full_fields,E12 补全更多原始字段（+9通道）,20260812,0.05294628342659795,0.03921237621538497,0.013733907211212981
2024-01-03,2,1,E12,e12_add_full_fields,E12 补全更多原始字段（+9通道）,20260812,0.07099187048568456,0.059839500639173364,0.011152369846511197
2024-01-04,3,1,E12,e12_add_full_fields,E12 补全更多原始字段（+9通道）,20260812,0.0905744203774265,0.04326919223073046,0.047305228146696035
2024-01-05,4,1,E12,e12_add_full_fields,E12 补全更多原始字段（+9通道）,20260812,0.04139605346093015,0.06702756489045973,-0.02563151142952958
2024-01-08,5,1,E12,e12_add_full_fields,E12 补全更多原始字段（+9通道）,20260812,0.024499743611449132,0.01657592461876746,0.007923818992681672
2024-01-09,6,1,E12,e12_add_full_fields,E12 补全更多原始字段（+9通道）,20260812,0.0028053959657767464,-0.0026269248209412916,0.005432320786718038
2024-01-10,7,1,E12,e12_add_full_fields,E12 补全更多原始字段（+9通道）,20260812,-0.013071579064612562,-0.008727304773895115,-0.004344274290717447
2024-01-11,8,1,E12,e12_add_full_fields,E12 补全更多原始字段（+9通道）,20260812,0.06657347625806027,0.057164975172638084,0.00940850108542219
2024-01-12,9,1,E12,e12_add_full_fields,E12 补全更多原始字段（+9通道）,20260812,0.028790790390359963,0.050746304818873225,-0.021955514428513262
2024-01-15,10,1,E12,e12_add_full_fields,E12 补全更多原始字段（+9通道）,20260812,0.0277033436161224,0.020487090509954738,0.007216253106167664
2024-01-16,11,1,E12,e12_add_full_fields,E12 补全更多原始字段（+9通道）,20260812,0.016567537477357112,-0.002790879055408113,0.019358416532765224
2024-01-17,12,1,E12,e12_add_full_fields,E12 补全更多原始字段（+9通道）,20260812,-0.04437332264079981,-0.014319976784547838,-0.03005334585625197
2024-01-18,13,1,E12,e12_add_full_fields,E12 补全更多原始字段（+9通道）,20260812,0.07410494530380593,0.08409150460374916,-0.009986559299943229
2024-01-19,14,1,E12,e12_add_full_fields,E12 补全更多原始字段（+9通道）,20260812,-0.002442085371945091,0.003951639013763262,-0.006393724385708353
2024-01-22,15,1,E12,e12_add_full_fields,E12 补全更多原始字段（+9通道）,20260812,0.015532265966351108,0.021745100136385385,-0.006212834170034277
2024-01-23,16,1,E12,e12_add_full_fields,E12 补全更多原始字段（+9通道）,20260812,0.04567281136250164,0.03220251934621506,0.013470292016286578
2024-01-24,17,1,E12,e12_add_full_fields,E12 补全更多原始字段（+9通道）,20260812,0.05283365299215395,0.05482862499311087,-0.0019949720009569197
2024-01-25,18,1,E12,e12_add_full_fields,E12 补全更多原始字段（+9通道）,20260812,0.07853445524652271,0.09475238843753192,-0.016217933191009212
2024-01-26,19,1,E12,e12_add_full_fields,E12 补全更多原始字段（+9通道）,20260812,0.06955050955050956,0.05034029034029034,0.019210219210219225
2024-01-29,20,1,E12,e12_add_full_fields,E12 补全更多原始字段（+9通道）,20260812,0.04256451056451056,0.03254986454986455,0.010014646014646016
2024-01-30,21,1,E12,e12_add_full_fields,E12 补全更多原始字段（+9通道）,20260812,0.05301905301905303,0.04598514998514999,0.007033903033903034
2024-01-31,22,1,E12,e12_add_full_fields,E12 补全更多原始字段（+9通道）,20260812,0.014872971615091195,0.023158949224543663,-0.008285977609452468
2024-02-01,23,1,E12,e12_add_full_fields,E12 补全更多原始字段（+9通道）,20260812,-0.03413701878230936,-0.007579098136212363,-0.026557920646096998
2024-02-02,24,1,E12,e12_add_full_fields,E12 补全更多原始字段（+9通道）,20260812,0.05972396444540732,0.016063598668809086,0.04366036577659824
2024-02-05,25,1,E12,e12_add_full_fields,E12 补全更多原始字段（+9通道）,20260812,0.07011679716854911,0.0808563220691669,-0.010739524900617789
2024-02-06,26,1,E12,e12_add_full_fields,E12 补全更多原始字段（+9通道）,20260812,-0.019170991228504203,0.0006322746341714581,-0.01980326586267566
2024-02-07,27,1,E12,e12_add_full_fields,E12 补全更多原始字段（+9通道）,20260812,0.055451479451479456,0.0493918573918574,0.006059622059622058
2024-02-08,28,1,E12,e12_add_full_fields,E12 补全更多原始字段（+9通道）,20260812,-0.04880953368810531,-0.06777446699440742,0.018964933306302112
2024-02-19,29,1,E12,e12_add_full_fields,E12 补全更多原始字段（+9通道）,20260812,0.015902752856918057,0.01314224593078071,0.0027605069261373467
2024-02-20,30,1,E12,e12_add_full_fields,E12 补全更多原始字段（+9通道）,20260812,0.007702165817698305,0.01486851309154079,-0.007166347273842485
2024-02-21,31,1,E12,e12_add_full_fields,E12 补全更多原始字段（+9通道）,20260812,-0.02362718953529606,-0.0026159739344251295,-0.021011215600870933
2024-02-22,32,1,E12,e12_add_full_fields,E12 补全更多原始字段（+9通道）,20260812,0.058154016535680114,0.06369311773058932,-0.0055391011949092045
2024-02-23,33,1,E12,e12_add_full_fields,E12 补全更多原始字段（+9通道）,20260812,0.09251601009932786,0.09469904707480742,-0.0021830369754795576
2024-02-26,34,1,E12,e12_add_full_fields,E12 补全更多原始字段（+9通道）,20260812,0.06907601149046756,0.04319000544914549,0.025886006041322074
2024-02-27,35,1,E12,e12_add_full_fields,E12 补全更多原始字段（+9通道）,20260812,0.006110622110622111,0.024526884526884528,-0.018416262416262416
2024-02-28,36,1,E12,e12_add_full_fields,E12 补全更多原始字段（+9通道）,20260812,0.029763173941752992,0.03189995609135583,-0.002136782149602841
2024-02-29,37,1,E12,e12_add_full_fields,E12 补全更多原始字段（+9通道）,20260812,0.09181848723220445,0.08534144310351387,0.006477044128690587
2024-03-01,38,1,E12,e12_add_full_fields,E12 补全更多原始字段（+9通道）,20260812,0.015212511212511211,0.011143823143823145,0.0040686880686880665
2024-03-04,39,1,E12,e12_add_full_fields,E12 补全更多原始字段（+9通道）,20260812,0.10950634343304894,0.09864530427855527,0.01086103915449367
2024-03-05,40,1,E12,e12_add_full_fields,E12 补全更多原始字段（+9通道）,20260812,0.09296124402180908,0.09281216913674141,0.00014907488506767097
2024-03-06,41,1,E12,e12_add_full_fields,E12 补全更多原始字段（+9通道）,20260812,0.039149804369597294,0.03230650124903696,0.0068433031205603345
2024-03-07,42,1,E12,e12_add_full_fields,E12 补全更多原始字段（+9通道）,20260812,0.1297239428664581,0.09461578668603622,0.03510815618042189
2024-03-08,43,1,E12,e12_add_full_fields,E12 补全更多原始字段（+9通道）,20260812,0.08637344245499776,0.08247615395415388,0.003897288500843879
2024-03-11,44,1,E12,e12_add_full_fields,E12 补全更多原始字段（+9通道）,20260812,0.046565418860229996,0.03953444823850124,0.007030970621728756
2024-03-12,45,1,E12,e12_add_full_fields,E12 补全更多原始字段（+9通道）,20260812,0.0616887813301439,0.053819118759654144,0.007869662570489759
2024-03-13,46,1,E12,e12_add_full_fields,E12 补全更多原始字段（+9通道）,20260812,0.06704179849759428,0.08111696481341818,-0.014075166315823895
2024-03-14,47,1,E12,e12_add_full_fields,E12 补全更多原始字段（+9通道）,20260812,0.025639509017159626,0.032722010846336136,-0.00708250182917651
2024-03-15,48,1,E12,e12_add_full_fields,E12 补全更多原始字段（+9通道）,20260812,0.044415772605331055,0.05473360861597459,-0.010317836010643532
2024-03-18,49,1,E12,e12_add_full_fields,E12 补全更多原始字段（+9通道）,20260812,0.10199706970959715,0.1158270125513228,-0.013829942841725645
2024-03-19,50,1,E12,e12_add_full_fields,E12 补全更多原始字段（+9通道）,20260812,0.024652719749575013,0.013845804954907925,0.010806914794667088
2024-03-20,51,1,E12,e12_add_full_fields,E12 补全更多原始字段（+9通道）,20260812,0.007215960043438927,0.029589805385391812,-0.022373845341952886
2024-03-21,52,1,E12,e12_add_full_fields,E12 补全更多原始字段（+9通道）,20260812,-0.01471929871929872,-0.01303977703977704,-0.00167952167952168
2024-03-22,53,1,E12,e12_add_full_fields,E12 补全更多原始字段（+9通道）,20260812,0.08071330866640634,0.06695172409283573,0.013761584573570615
2024-03-25,54,1,E12,e12_add_full_fields,E12 补全更多原始字段（+9通道）,20260812,-0.017731760668570296,-0.026343327620368086,0.008611566951797791
2024-03-26,55,1,E12,e12_add_full_fields,E12 补全更多原始字段（+9通道）,20260812,0.039410619528851394,0.039129711247100386,0.0002809082817510078
2024-03-27,56,1,E12,e12_add_full_fields,E12 补全更多原始字段（+9通道）,20260812,-0.006201667801698301,0.016429808668699853,-0.022631476470398156
2024-03-28,57,1,E12,e12_add_full_fields,E12 补全更多原始字段（+9通道）,20260812,0.08117297385168204,0.08487176767253606,-0.0036987938208540155
2024-03-29,58,1,E12,e12_add_full_fields,E12 补全更多原始字段（+9通道）,20260812,0.11222843329882484,0.11502327226973867,-0.0027948389709138294
2024-04-01,59,1,E12,e12_add_full_fields,E12 补全更多原始字段（+9通道）,20260812,0.07619828442769958,0.07972982834065026,-0.0035315439129506854
2024-04-02,60,1,E12,e12_add_full_fields,E12 补全更多原始字段（+9通道）,20260812,-0.027997234475415328,-0.021911520373128594,-0.006085714102286734
2024-04-03,61,2,E12,e12_add_full_fields,E12 补全更多原始字段（+9通道）,20260812,0.020725330248626498,0.01914420809355689,0.0015811221550696072
2024-04-08,62,2,E12,e12_add_full_fields,E12 补全更多原始字段（+9通道）,20260812,0.05811825621051347,0.06916361365350379,-0.011045357442990324
2024-04-09,63,2,E12,e12_add_full_fields,E12 补全更多原始字段（+9通道）,20260812,0.029551073639726866,0.023145635215072125,0.006405438424654741
2024-04-10,64,2,E12,e12_add_full_fields,E12 补全更多原始字段（+9通道）,20260812,-0.011750460138225331,0.034323665456346436,-0.04607412559457177
2024-04-11,65,2,E12,e12_add_full_fields,E12 补全更多原始字段（+9通道）,20260812,0.13172088762414114,0.1126618194215288,0.019059068202612342
2024-04-12,66,2,E12,e12_add_full_fields,E12 补全更多原始字段（+9通道）,20260812,0.026994207075189694,0.0037055257166422936,0.0232886813585474
2024-04-15,67,2,E12,e12_add_full_fields,E12 补全更多原始字段（+9通道）,20260812,0.035548463548463555,-0.00827018027018027,0.043818643818643824
2024-04-16,68,2,E12,e12_add_full_fields,E12 补全更多原始字段（+9通道）,20260812,-0.10838847638847639,-0.06606257406257406,-0.04232590232590233
2024-04-17,69,2,E12,e12_add_full_fields,E12 补全更多原始字段（+9通道）,20260812,0.03030387139481078,0.0125968150503004,0.01770705634451038
2024-04-18,70,2,E12,e12_add_full_fields,E12 补全更多原始字段（+9通道）,20260812,-0.016291694397201902,-0.015595969526154344,-0.0006957248710475587
2024-04-19,71,2,E12,e12_add_full_fields,E12 补全更多原始字段（+9通道）,20260812,0.10606748843153792,0.09312851071622152,0.012938977715316394
2024-04-22,72,2,E12,e12_add_full_fields,E12 补全更多原始字段（+9通道）,20260812,0.10643534882146996,0.07775954242511511,0.02867580639635485
2024-04-23,73,2,E12,e12_add_full_fields,E12 补全更多原始字段（+9通道）,20260812,0.091742312572157,0.10055126001645004,-0.008808947444293044
2024-04-24,74,2,E12,e12_add_full_fields,E12 补全更多原始字段（+9通道）,20260812,0.019266870714207938,-0.0019160423582193402,0.021182913072427277
2024-04-25,75,2,E12,e12_add_full_fields,E12 补全更多原始字段（+9通道）,20260812,0.050858678933283503,0.04434348741217242,0.006515191521111081
2024-04-26,76,2,E12,e12_add_full_fields,E12 补全更多原始字段（+9通道）,20260812,0.01623319723596245,0.02354845127725978,-0.00731525404129733
2024-04-29,77,2,E12,e12_add_full_fields,E12 补全更多原始字段（+9通道）,20260812,0.10428890594618707,0.09269172828147526,0.011597177664711814
2024-04-30,78,2,E12,e12_add_full_fields,E12 补全更多原始字段（+9通道）,20260812,-0.009907333088731114,-0.013164395373707704,0.0032570622849765907
2024-05-06,79,2,E12,e12_add_full_fields,E12 补全更多原始字段（+9通道）,20260812,0.07844506631229874,0.06156916004194355,0.016875906270355186
2024-05-07,80,2,E12,e12_add_full_fields,E12 补全更多原始字段（+9通道）,20260812,0.010366143730000972,0.012129995763689528,-0.0017638520336885552
2024-05-08,81,2,E12,e12_add_full_fields,E12 补全更多原始字段（+9通道）,20260812,0.012716730835344747,0.016469323129558355,-0.0037525922942136074
2024-05-09,82,2,E12,e12_add_full_fields,E12 补全更多原始字段（+9通道）,20260812,0.05269705841348833,0.04954265346961375,0.003154404943874582
2024-05-10,83,2,E12,e12_add_full_fields,E12 补全更多原始字段（+9通道）,20260812,0.07468655340134146,0.06915005436605076,0.005536499035290701
2024-05-13,84,2,E12,e12_add_full_fields,E12 补全更多原始字段（+9通道）,20260812,0.056676294363358366,0.060478978463078086,-0.003802684099719719
2024-05-14,85,2,E12,e12_add_full_fields,E12 补全更多原始字段（+9通道）,20260812,0.13735773849209673,0.11947300520876815,0.017884733283328583
2024-05-15,86,2,E12,e12_add_full_fields,E12 补全更多原始字段（+9通道）,20260812,0.00477099024459269,0.003088640271692064,0.001682349972900626
2024-05-16,87,2,E12,e12_add_full_fields,E12 补全更多原始字段（+9通道）,20260812,0.05360689634549593,0.040337765360799006,0.013269130984696925
2024-05-17,88,2,E12,e12_add_full_fields,E12 补全更多原始字段（+9通道）,20260812,0.011573167016603547,2.0927336202231617e-05,0.011552239680401316
2024-05-20,89,2,E12,e12_add_full_fields,E12 补全更多原始字段（+9通道）,20260812,0.08618388310085419,0.06013156479656538,0.026052318304288807
2024-05-21,90,2,E12,e12_add_full_fields,E12 补全更多原始字段（+9通道）,20260812,0.09972256939313126,0.10056046762317532,-0.0008378982300440568
2024-05-22,91,2,E12,e12_add_full_fields,E12 补全更多原始字段（+9通道）,20260812,0.06647759883848176,0.06320443384072098,0.003273164997760772
2024-05-23,92,2,E12,e12_add_full_fields,E12 补全更多原始字段（+9通道）,20260812,0.09024946938541223,0.11862380060972767,-0.028374331224315444
2024-05-24,93,2,E12,e12_add_full_fields,E12 补全更多原始字段（+9通道）,20260812,0.05512087569257899,0.05428354933792816,0.0008373263546508289
2024-05-27,94,2,E12,e12_add_full_fields,E12 补全更多原始字段（+9通道）,20260812,0.0314727941520755,0.04244786912726049,-0.01097507497518499
2024-05-28,95,2,E12,e12_add_full_fields,E12 补全更多原始字段（+9通道）,20260812,0.02541741985104672,0.01713064295819619,0.008286776892850529
2024-05-29,96,2,E12,e12_add_full_fields,E12 补全更多原始字段（+9通道）,20260812,0.11107966409241404,0.08321942306734996,0.027860241025064084
2024-05-30,97,2,E12,e12_add_full_fields,E12 补全更多原始字段（+9通道）,20260812,0.08983238854236536,0.10523765704778822,-0.015405268505422856
2024-05-31,98,2,E12,e12_add_full_fields,E12 补全更多原始字段（+9通道）,20260812,0.02251329023026882,0.007861500574107333,0.014651789656161486
2024-06-03,99,2,E12,e12_add_full_fields,E12 补全更多原始字段（+9通道）,20260812,-0.013051252220466446,-0.0029094310890332713,-0.010141821131433176
2024-06-04,100,2,E12,e12_add_full_fields,E12 补全更多原始字段（+9通道）,20260812,0.0333809865366602,0.0036542076856616165,0.02972677885099858
2024-06-05,101,2,E12,e12_add_full_fields,E12 补全更多原始字段（+9通道）,20260812,0.001124758186904193,0.02624916045822677,-0.025124402271322576
2024-06-06,102,2,E12,e12_add_full_fields,E12 补全更多原始字段（+9通道）,20260812,0.09077893092365935,0.10769826114767693,-0.01691933022401758
2024-06-07,103,2,E12,e12_add_full_fields,E12 补全更多原始字段（+9通道）,20260812,-0.007169757981682134,-0.017566061882388236,0.010396303900706103
2024-06-11,104,2,E12,e12_add_full_fields,E12 补全更多原始字段（+9通道）,20260812,0.018645297157222063,0.024482200781954268,-0.005836903624732204
2024-06-12,105,2,E12,e12_add_full_fields,E12 补全更多原始字段（+9通道）,20260812,0.1254319288248286,0.0952015622814183,0.030230366543410297
2024-06-13,106,2,E12,e12_add_full_fields,E12 补全更多原始字段（+9通道）,20260812,0.019258180629643105,0.03395019090024041,-0.014692010270597303
2024-06-14,107,2,E12,e12_add_full_fields,E12 补全更多原始字段（+9通道）,20260812,0.06902698833983738,0.053949124034135224,0.015077864305702154
2024-06-17,108,2,E12,e12_add_full_fields,E12 补全更多原始字段（+9通道）,20260812,0.018930868358443147,0.006658539974493707,0.01227232838394944
2024-06-18,109,2,E12,e12_add_full_fields,E12 补全更多原始字段（+9通道）,20260812,0.025878721956358125,0.03476021286449351,-0.008881490908135385
2024-06-19,110,2,E12,e12_add_full_fields,E12 补全更多原始字段（+9通道）,20260812,0.12851597690152483,0.09413523441764013,0.0343807424838847
2024-06-20,111,2,E12,e12_add_full_fields,E12 补全更多原始字段（+9通道）,20260812,0.044719949237569,0.021305941513699876,0.023414007723869125
2024-06-21,112,2,E12,e12_add_full_fields,E12 补全更多原始字段（+9通道）,20260812,-0.02060837591098112,0.007414576901550849,-0.02802295281253197
2024-06-24,113,2,E12,e12_add_full_fields,E12 补全更多原始字段（+9通道）,20260812,-9.530775695884374e-05,0.02620236938502134,-0.026297677141980183
2024-06-25,114,2,E12,e12_add_full_fields,E12 补全更多原始字段（+9通道）,20260812,0.06121567477662735,0.06089479878945518,0.00032087598717216864
2024-06-26,115,2,E12,e12_add_full_fields,E12 补全更多原始字段（+9通道）,20260812,-0.0036126608113021966,0.001314141816879131,-0.004926802628181327
2024-06-27,116,2,E12,e12_add_full_fields,E12 补全更多原始字段（+9通道）,20260812,0.011694176965950936,0.006672376247812148,0.005021800718138788
2024-06-28,117,2,E12,e12_add_full_fields,E12 补全更多原始字段（+9通道）,20260812,0.03471509090316761,0.039791966701876895,-0.005076875798709288
2024-07-01,118,2,E12,e12_add_full_fields,E12 补全更多原始字段（+9通道）,20260812,-0.00013047133192944354,0.006751957625902725,-0.006882428957832168
2024-07-02,119,2,E12,e12_add_full_fields,E12 补全更多原始字段（+9通道）,20260812,0.04022253604110548,0.05285922298945027,-0.012636686948344786
2024-07-03,120,2,E12,e12_add_full_fields,E12 补全更多原始字段（+9通道）,20260812,0.029216932539053674,0.024530285944443155,0.00468664659461052
2024-07-04,121,3,E12,e12_add_full_fields,E12 补全更多原始字段（+9通道）,20260812,0.03937858716399446,0.04151777901306956,-0.0021391918490750936
2024-07-05,122,3,E12,e12_add_full_fields,E12 补全更多原始字段（+9通道）,20260812,0.012905703298488868,0.02751801500899697,-0.014612311710508101
2024-07-08,123,3,E12,e12_add_full_fields,E12 补全更多原始字段（+9通道）,20260812,-0.00626066555044823,-0.022769190305766972,0.01650852475531874
2024-07-09,124,3,E12,e12_add_full_fields,E12 补全更多原始字段（+9通道）,20260812,-0.04683719390733418,-0.04857886343257084,0.001741669525236661
2024-07-10,125,3,E12,e12_add_full_fields,E12 补全更多原始字段（+9通道）,20260812,0.06528710509139983,0.07966393133404102,-0.014376826242641194
2024-07-11,126,3,E12,e12_add_full_fields,E12 补全更多原始字段（+9通道）,20260812,-0.00680833254519546,-0.002438781885123338,-0.004369550660072122
2024-07-12,127,3,E12,e12_add_full_fields,E12 补全更多原始字段（+9通道）,20260812,0.020387226127162837,0.03189580553875357,-0.011508579411590732
2024-07-15,128,3,E12,e12_add_full_fields,E12 补全更多原始字段（+9通道）,20260812,-0.00017167687577488648,-0.009778173701196822,0.009606496825421936
2024-07-16,129,3,E12,e12_add_full_fields,E12 补全更多原始字段（+9通道）,20260812,0.04592203608103505,0.0602540195101173,-0.014331983429082248
2024-07-17,130,3,E12,e12_add_full_fields,E12 补全更多原始字段（+9通道）,20260812,0.04505912333547645,0.043132371667139194,0.001926751668337258
2024-07-18,131,3,E12,e12_add_full_fields,E12 补全更多原始字段（+9通道）,20260812,0.049545704369556444,0.02736464114275493,0.022181063226801512
2024-07-19,132,3,E12,e12_add_full_fields,E12 补全更多原始字段（+9通道）,20260812,0.03797563045721435,0.02948691985498893,0.008488710602225422
2024-07-22,133,3,E12,e12_add_full_fields,E12 补全更多原始字段（+9通道）,20260812,-0.02536187314954632,-0.015782223535930263,-0.009579649613616056
2024-07-23,134,3,E12,e12_add_full_fields,E12 补全更多原始字段（+9通道）,20260812,0.017358466166322497,0.0446726513128202,-0.027314185146497704
2024-07-24,135,3,E12,e12_add_full_fields,E12 补全更多原始字段（+9通道）,20260812,0.0015714515411387492,0.006587420555765034,-0.005015969014626285
2024-07-25,136,3,E12,e12_add_full_fields,E12 补全更多原始字段（+9通道）,20260812,0.05791027970755357,0.0636210999125561,-0.005710820205002527
2024-07-26,137,3,E12,e12_add_full_fields,E12 补全更多原始字段（+9通道）,20260812,0.014989612773988812,0.047925708989671835,-0.032936096215683025
2024-07-29,138,3,E12,e12_add_full_fields,E12 补全更多原始字段（+9通道）,20260812,0.016167074432743157,0.02729294564447321,-0.011125871211730053
2024-07-30,139,3,E12,e12_add_full_fields,E12 补全更多原始字段（+9通道）,20260812,0.06310176122033043,0.05729282850738181,0.00580893271294862
2024-07-31,140,3,E12,e12_add_full_fields,E12 补全更多原始字段（+9通道）,20260812,0.0927368906622877,0.09839001488445738,-0.005653124222169681
2024-08-01,141,3,E12,e12_add_full_fields,E12 补全更多原始字段（+9通道）,20260812,0.029508823940261008,0.030497429882767234,-0.0009886059425062259
2024-08-02,142,3,E12,e12_add_full_fields,E12 补全更多原始字段（+9通道）,20260812,0.02658952301770948,0.0377251826949085,-0.011135659677199022
2024-08-05,143,3,E12,e12_add_full_fields,E12 补全更多原始字段（+9通道）,20260812,0.02309853444413078,0.011592846323935342,0.011505688120195439
2024-08-06,144,3,E12,e12_add_full_fields,E12 补全更多原始字段（+9通道）,20260812,0.0347132363266567,0.04791655594801228,-0.013203319621355576
2024-08-07,145,3,E12,e12_add_full_fields,E12 补全更多原始字段（+9通道）,20260812,0.05061868854051769,0.03864380467364176,0.01197488386687593
2024-08-08,146,3,E12,e12_add_full_fields,E12 补全更多原始字段（+9通道）,20260812,0.11586671048391199,0.12693630839045664,-0.011069597906544645
2024-08-09,147,3,E12,e12_add_full_fields,E12 补全更多原始字段（+9通道）,20260812,0.06827968485358814,0.010642943365625296,0.05763674148796284
2024-08-12,148,3,E12,e12_add_full_fields,E12 补全更多原始字段（+9通道）,20260812,0.08320023141156754,0.08419826079216734,-0.0009980293805997992
2024-08-13,149,3,E12,e12_add_full_fields,E12 补全更多原始字段（+9通道）,20260812,0.01777505539271181,0.057625103612815726,-0.03985004822010392
2024-08-14,150,3,E12,e12_add_full_fields,E12 补全更多原始字段（+9通道）,20260812,-0.013397426005664606,0.010744299829917795,-0.0241417258355824
2024-08-15,151,3,E12,e12_add_full_fields,E12 补全更多原始字段（+9通道）,20260812,0.04215966322358819,0.014781883683727338,0.027377779539860852
2024-08-16,152,3,E12,e12_add_full_fields,E12 补全更多原始字段（+9通道）,20260812,0.09885673570210574,0.07682085049911572,0.02203588520299002
2024-08-19,153,3,E12,e12_add_full_fields,E12 补全更多原始字段（+9通道）,20260812,0.04337739756804118,0.0661273239154806,-0.022749926347439414
2024-08-20,154,3,E12,e12_add_full_fields,E12 补全更多原始字段（+9通道）,20260812,0.04949040103444807,0.05282524109595216,-0.003334840061504085
2024-08-21,155,3,E12,e12_add_full_fields,E12 补全更多原始字段（+9通道）,20260812,0.08689272366693963,0.06642673927798586,0.02046598438895378
2024-08-22,156,3,E12,e12_add_full_fields,E12 补全更多原始字段（+9通道）,20260812,0.001886241007126596,-0.02027415251747196,0.022160393524598556
2024-08-23,157,3,E12,e12_add_full_fields,E12 补全更多原始字段（+9通道）,20260812,0.0569087303490033,0.04472783273897413,0.012180897610029176
2024-08-26,158,3,E12,e12_add_full_fields,E12 补全更多原始字段（+9通道）,20260812,0.07489855548151385,0.04733718728983542,0.027561368191678426
2024-08-27,159,3,E12,e12_add_full_fields,E12 补全更多原始字段（+9通道）,20260812,-0.004208098675197653,0.009072778079856502,-0.013280876755054155
2024-08-28,160,3,E12,e12_add_full_fields,E12 补全更多原始字段（+9通道）,20260812,0.01818564738590015,0.015997163052975848,0.0021884843329243037
2024-08-29,161,3,E12,e12_add_full_fields,E12 补全更多原始字段（+9通道）,20260812,0.006500550520052173,-0.004131406143800363,0.010631956663852537
2024-08-30,162,3,E12,e12_add_full_fields,E12 补全更多原始字段（+9通道）,20260812,0.02296896034709801,-0.0066465190453102,0.02961547939240821
2024-09-02,163,3,E12,e12_add_full_fields,E12 补全更多原始字段（+9通道）,20260812,0.08774655637895311,0.03273422771625457,0.05501232866269854
2024-09-03,164,3,E12,e12_add_full_fields,E12 补全更多原始字段（+9通道）,20260812,-0.03328013593434531,-0.07557582264663397,0.04229568671228866
2024-09-04,165,3,E12,e12_add_full_fields,E12 补全更多原始字段（+9通道）,20260812,0.041778567526124015,0.07734696604194023,-0.03556839851581622
2024-09-05,166,3,E12,e12_add_full_fields,E12 补全更多原始字段（+9通道）,20260812,0.001194781194781195,0.009104409104409105,-0.00790962790962791
2024-09-06,167,3,E12,e12_add_full_fields,E12 补全更多原始字段（+9通道）,20260812,-0.023364553551536542,-0.014770509532235283,-0.008594044019301259
2024-09-09,168,3,E12,e12_add_full_fields,E12 补全更多原始字段（+9通道）,20260812,0.06720352466311631,0.06771163522762716,-0.0005081105645108469
2024-09-10,169,3,E12,e12_add_full_fields,E12 补全更多原始字段（+9通道）,20260812,0.0012927104650258387,-0.030543207496330667,0.03183591796135651
2024-09-11,170,3,E12,e12_add_full_fields,E12 补全更多原始字段（+9通道）,20260812,0.009299512326334011,0.058754842967374654,-0.04945533064104064
2024-09-12,171,3,E12,e12_add_full_fields,E12 补全更多原始字段（+9通道）,20260812,0.022603454512836796,0.03397637521146654,-0.011372920698629746
2024-09-13,172,3,E12,e12_add_full_fields,E12 补全更多原始字段（+9通道）,20260812,0.024356019584662592,0.03906919023035028,-0.014713170645687685
2024-09-18,173,3,E12,e12_add_full_fields,E12 补全更多原始字段（+9通道）,20260812,0.0722400560419825,0.10422249147852115,-0.031982435436538656
2024-09-19,174,3,E12,e12_add_full_fields,E12 补全更多原始字段（+9通道）,20260812,0.04146368636138955,0.06475516939178297,-0.02329148303039342
2024-09-20,175,3,E12,e12_add_full_fields,E12 补全更多原始字段（+9通道）,20260812,0.018094908420616777,-0.009619473792624324,0.0277143822132411
2024-09-23,176,3,E12,e12_add_full_fields,E12 补全更多原始字段（+9通道）,20260812,0.07957834357834358,0.048031500031500036,0.03154684354684354
2024-09-24,177,3,E12,e12_add_full_fields,E12 补全更多原始字段（+9通道）,20260812,0.0817428692513601,0.0978859090710382,-0.0161430398196781
2024-09-25,178,3,E12,e12_add_full_fields,E12 补全更多原始字段（+9通道）,20260812,0.07877914277914279,0.053582789582789586,0.025196353196353202
2024-09-26,179,3,E12,e12_add_full_fields,E12 补全更多原始字段（+9通道）,20260812,-0.05998432798432799,-0.06145891345891345,0.0014745854745854617
2024-09-27,180,3,E12,e12_add_full_fields,E12 补全更多原始字段（+9通道）,20260812,0.13656401256401257,0.09243356043356044,0.044130452130452136
2024-09-30,181,4,E12,e12_add_full_fields,E12 补全更多原始字段（+9通道）,20260812,-0.021621219134203395,0.027071476024066017,-0.04869269515826941
2024-10-08,182,4,E12,e12_add_full_fields,E12 补全更多原始字段（+9通道）,20260812,0.1526052755209072,0.17114408817095272,-0.018538812650045533
2024-10-09,183,4,E12,e12_add_full_fields,E12 补全更多原始字段（+9通道）,20260812,0.07467024491035229,0.07321896941553853,0.0014512754948137613
2024-10-10,184,4,E12,e12_add_full_fields,E12 补全更多原始字段（+9通道）,20260812,-0.05672089489105757,-0.008362238387325102,-0.048358656503732465
2024-10-11,185,4,E12,e12_add_full_fields,E12 补全更多原始字段（+9通道）,20260812,0.0762416506991006,0.050759289063844804,0.0254823616352558
2024-10-14,186,4,E12,e12_add_full_fields,E12 补全更多原始字段（+9通道）,20260812,-0.016375624375624377,-0.013770217770217773,-0.0026054066054066044
2024-10-15,187,4,E12,e12_add_full_fields,E12 补全更多原始字段（+9通道）,20260812,-0.027682269765316576,-0.02910433119164419,0.0014220614263276143
2024-10-16,188,4,E12,e12_add_full_fields,E12 补全更多原始字段（+9通道）,20260812,0.10451589314298851,0.07781659828349788,0.02669929485949063
2024-10-17,189,4,E12,e12_add_full_fields,E12 补全更多原始字段（+9通道）,20260812,0.03544827793725589,0.01568889129610572,0.01975938664115017
2024-10-18,190,4,E12,e12_add_full_fields,E12 补全更多原始字段（+9通道）,20260812,-0.0244111614536662,-0.040796563673776945,0.016385402220110746
2024-10-21,191,4,E12,e12_add_full_fields,E12 补全更多原始字段（+9通道）,20260812,0.03919669370316017,0.021249659678038327,0.01794703402512184
2024-10-22,192,4,E12,e12_add_full_fields,E12 补全更多原始字段（+9通道）,20260812,0.010470826186392532,0.0075082532213646335,0.002962572965027899
2024-10-23,193,4,E12,e12_add_full_fields,E12 补全更多原始字段（+9通道）,20260812,0.07843153943084731,0.08630956784109155,-0.007878028410244237
2024-10-24,194,4,E12,e12_add_full_fields,E12 补全更多原始字段（+9通道）,20260812,-0.038786585537055905,-0.04484720701728388,0.006060621480227978
2024-10-25,195,4,E12,e12_add_full_fields,E12 补全更多原始字段（+9通道）,20260812,0.014191980066650756,0.021508869068537724,-0.007316889001886968
2024-10-28,196,4,E12,e12_add_full_fields,E12 补全更多原始字段（+9通道）,20260812,0.06358049472737114,0.07479476921915938,-0.011214274491788245
2024-10-29,197,4,E12,e12_add_full_fields,E12 补全更多原始字段（+9通道）,20260812,-0.014523052307095443,0.03535979788703217,-0.04988285019412761
2024-10-30,198,4,E12,e12_add_full_fields,E12 补全更多原始字段（+9通道）,20260812,-0.05499804176712569,-0.0042697737131962964,-0.05072826805392939
2024-10-31,199,4,E12,e12_add_full_fields,E12 补全更多原始字段（+9通道）,20260812,0.06727338200288495,0.06573420153059392,0.0015391804722910268
2024-11-01,200,4,E12,e12_add_full_fields,E12 补全更多原始字段（+9通道）,20260812,0.03451110563283495,0.010344809248797616,0.024166296384037333
2024-11-04,201,4,E12,e12_add_full_fields,E12 补全更多原始字段（+9通道）,20260812,0.004139531692562543,0.031619197659354656,-0.027479665966792112
2024-11-05,202,4,E12,e12_add_full_fields,E12 补全更多原始字段（+9通道）,20260812,0.00852081121505426,0.007263613848712464,0.0012571973663417961
2024-11-06,203,4,E12,e12_add_full_fields,E12 补全更多原始字段（+9通道）,20260812,0.06680478244329595,0.084457571153758,-0.017652788710462053
2024-11-07,204,4,E12,e12_add_full_fields,E12 补全更多原始字段（+9通道）,20260812,0.1162986033823443,0.10113556380182924,0.015163039580515056
2024-11-08,205,4,E12,e12_add_full_fields,E12 补全更多原始字段（+9通道）,20260812,0.01545469087915578,0.0026976768642287103,0.012757014014927069
2024-11-11,206,4,E12,e12_add_full_fields,E12 补全更多原始字段（+9通道）,20260812,0.04113508073897719,0.034942147148229394,0.006192933590747796
2024-11-12,207,4,E12,e12_add_full_fields,E12 补全更多原始字段（+9通道）,20260812,0.12383627902258056,0.1201259653081502,0.003710313714430355
2024-11-13,208,4,E12,e12_add_full_fields,E12 补全更多原始字段（+9通道）,20260812,0.14889415488030802,0.13996053733764158,0.008933617542666444
2024-11-14,209,4,E12,e12_add_full_fields,E12 补全更多原始字段（+9通道）,20260812,-0.010359742560352405,-0.024676888030475845,0.01431714547012344
2024-11-15,210,4,E12,e12_add_full_fields,E12 补全更多原始字段（+9通道）,20260812,0.13632046716953566,0.13008366321256223,0.00623680395697343
2024-11-18,211,4,E12,e12_add_full_fields,E12 补全更多原始字段（+9通道）,20260812,0.029830652475104278,-0.010876648256733576,0.040707300731837856
2024-11-19,212,4,E12,e12_add_full_fields,E12 补全更多原始字段（+9通道）,20260812,-0.018017544071596708,-0.01847268052809857,0.00045513645650186244
2024-11-20,213,4,E12,e12_add_full_fields,E12 补全更多原始字段（+9通道）,20260812,0.08066632859617115,0.09693135691239047,-0.016265028316219315
2024-11-21,214,4,E12,e12_add_full_fields,E12 补全更多原始字段（+9通道）,20260812,-0.00540304743546572,-0.005271971303603132,-0.0001310761318625885
2024-11-22,215,4,E12,e12_add_full_fields,E12 补全更多原始字段（+9通道）,20260812,0.07045130329671895,0.08700460004865526,-0.016553296751936314
2024-11-25,216,4,E12,e12_add_full_fields,E12 补全更多原始字段（+9通道）,20260812,0.10405450298022638,0.13041277810612054,-0.026358275125894157
2024-11-26,217,4,E12,e12_add_full_fields,E12 补全更多原始字段（+9通道）,20260812,0.0012764989515156374,-0.018996166621508277,0.020272665573023915
2024-11-27,218,4,E12,e12_add_full_fields,E12 补全更多原始字段（+9通道）,20260812,0.03334529469475098,0.03549521036767959,-0.002149915672928604
2024-11-28,219,4,E12,e12_add_full_fields,E12 补全更多原始字段（+9通道）,20260812,0.05435711468325738,0.06561312600680476,-0.01125601132354738
2024-11-29,220,4,E12,e12_add_full_fields,E12 补全更多原始字段（+9通道）,20260812,0.019422938005626156,0.033143572137879315,-0.013720634132253159
2024-12-02,221,4,E12,e12_add_full_fields,E12 补全更多原始字段（+9通道）,20260812,0.0511357182525719,0.038910251018128915,0.012225467234442983
2024-12-03,222,4,E12,e12_add_full_fields,E12 补全更多原始字段（+9通道）,20260812,0.011023789453065765,0.02585835967259877,-0.014834570219533005
2024-12-04,223,4,E12,e12_add_full_fields,E12 补全更多原始字段（+9通道）,20260812,-0.0006592207066845993,0.024451370211868932,-0.02511059091855353
2024-12-05,224,4,E12,e12_add_full_fields,E12 补全更多原始字段（+9通道）,20260812,0.16034309234309235,0.18247226647226647,-0.022129174129174117
2024-12-06,225,4,E12,e12_add_full_fields,E12 补全更多原始字段（+9通道）,20260812,-0.012029772029772031,-0.029016377016377014,0.01698660498660498
2024-12-09,226,4,E12,e12_add_full_fields,E12 补全更多原始字段（+9通道）,20260812,0.014905958905958907,0.04035052035052036,-0.025444561444561448
2024-12-10,227,4,E12,e12_add_full_fields,E12 补全更多原始字段（+9通道）,20260812,-0.04982965397914295,-0.0041955402081268285,-0.04563411377101612
2024-12-11,228,4,E12,e12_add_full_fields,E12 补全更多原始字段（+9通道）,20260812,0.0060806177650269645,0.030226158385553793,-0.024145540620526828
2024-12-12,229,4,E12,e12_add_full_fields,E12 补全更多原始字段（+9通道）,20260812,0.003301041125980983,-0.014473746323447093,0.017774787449428075
2024-12-13,230,4,E12,e12_add_full_fields,E12 补全更多原始字段（+9通道）,20260812,0.08332231316755151,0.14363077509594366,-0.06030846192839215
2024-12-16,231,4,E12,e12_add_full_fields,E12 补全更多原始字段（+9通道）,20260812,0.1086707018111835,0.06590219685005476,0.042768504961128745
2024-12-17,232,4,E12,e12_add_full_fields,E12 补全更多原始字段（+9通道）,20260812,0.02943575298957635,-0.01177400059553265,0.041209753585109005
2024-12-18,233,4,E12,e12_add_full_fields,E12 补全更多原始字段（+9通道）,20260812,0.03790451805169203,0.034546709258441055,0.0033578087932509756
2024-12-19,234,4,E12,e12_add_full_fields,E12 补全更多原始字段（+9通道）,20260812,-0.032871452656557526,-0.030037304646712063,-0.002834148009845463
2024-12-20,235,4,E12,e12_add_full_fields,E12 补全更多原始字段（+9通道）,20260812,0.04329484094168688,0.032032657840242125,0.011262183101444757
2024-12-23,236,4,E12,e12_add_full_fields,E12 补全更多原始字段（+9通道）,20260812,-0.0150319495722828,-0.00037134244829754187,-0.014660607123985259
2024-12-24,237,4,E12,e12_add_full_fields,E12 补全更多原始字段（+9通道）,20260812,0.06990323391242129,0.04562600991935731,0.02427722399306398
2024-12-25,238,4,E12,e12_add_full_fields,E12 补全更多原始字段（+9通道）,20260812,-0.08106131057401554,-0.08403254727220652,0.0029712366981909794
2024-12-26,239,4,E12,e12_add_full_fields,E12 补全更多原始字段（+9通道）,20260812,0.10197388439182713,0.12748858197685198,-0.02551469758502485
2024-12-27,240,4,E12,e12_add_full_fields,E12 补全更多原始字段（+9通道）,20260812,0.07306509230430666,0.07471943886695961,-0.001654346562652953
2024-01-02,1,1,E12,e12_add_full_fields,E12 补全更多原始字段（+9通道）,20260823,0.05041492369055063,0.04850785668144289,0.0019070670091077407
2024-01-03,2,1,E12,e12_add_full_fields,E12 补全更多原始字段（+9通道）,20260823,0.057594527740252414,0.052235645131125226,0.0053588826091271885
2024-01-04,3,1,E12,e12_add_full_fields,E12 补全更多原始字段（+9通道）,20260823,0.07289908637789529,0.07166066745725753,0.0012384189206377516
2024-01-05,4,1,E12,e12_add_full_fields,E12 补全更多原始字段（+9通道）,20260823,0.032394191199826054,0.044443820574748015,-0.01204962937492196
2024-01-08,5,1,E12,e12_add_full_fields,E12 补全更多原始字段（+9通道）,20260823,0.04060734941943071,0.03781255992010828,0.0027947894993224365
2024-01-09,6,1,E12,e12_add_full_fields,E12 补全更多原始字段（+9通道）,20260823,-0.026230967424671268,0.007993354032099463,-0.034224321456770734
2024-01-10,7,1,E12,e12_add_full_fields,E12 补全更多原始字段（+9通道）,20260823,-0.005240505223317697,0.007887787872000626,-0.013128293095318324
2024-01-11,8,1,E12,e12_add_full_fields,E12 补全更多原始字段（+9通道）,20260823,0.07872748106373932,0.07271597302971858,0.006011508034020743
2024-01-12,9,1,E12,e12_add_full_fields,E12 补全更多原始字段（+9通道）,20260823,0.029890828595308526,0.03004850735786587,-0.00015767876255734503
2024-01-15,10,1,E12,e12_add_full_fields,E12 补全更多原始字段（+9通道）,20260823,0.01833145768995201,0.0036890060385161446,0.014642451651435866
2024-01-16,11,1,E12,e12_add_full_fields,E12 补全更多原始字段（+9通道）,20260823,0.02066975994030102,0.024468516612805184,-0.003798756672504164
2024-01-17,12,1,E12,e12_add_full_fields,E12 补全更多原始字段（+9通道）,20260823,-0.03437355069465426,-0.01301091334444506,-0.0213626373502092
2024-01-18,13,1,E12,e12_add_full_fields,E12 补全更多原始字段（+9通道）,20260823,0.0681353583330158,0.0719486800443023,-0.0038133217112864964
2024-01-19,14,1,E12,e12_add_full_fields,E12 补全更多原始字段（+9通道）,20260823,0.010794550061083126,0.0166278864034375,-0.005833336342354374
2024-01-22,15,1,E12,e12_add_full_fields,E12 补全更多原始字段（+9通道）,20260823,0.022283979705416533,0.03569726292972225,-0.013413283224305718
2024-01-23,16,1,E12,e12_add_full_fields,E12 补全更多原始字段（+9通道）,20260823,0.057976012433130594,0.027400825840274094,0.0305751865928565
2024-01-24,17,1,E12,e12_add_full_fields,E12 补全更多原始字段（+9通道）,20260823,0.053906676068396095,0.06890798711471108,-0.015001311046314983
2024-01-25,18,1,E12,e12_add_full_fields,E12 补全更多原始字段（+9通道）,20260823,0.08040596523032328,0.07850633921671972,0.0018996260136035642
2024-01-26,19,1,E12,e12_add_full_fields,E12 补全更多原始字段（+9通道）,20260823,0.060700320700320706,0.06336177936177938,-0.002661458661458671
2024-01-29,20,1,E12,e12_add_full_fields,E12 补全更多原始字段（+9通道）,20260823,0.037168201168201166,0.05272319272319273,-0.015554991554991564
2024-01-30,21,1,E12,e12_add_full_fields,E12 补全更多原始字段（+9通道）,20260823,0.0560911160911161,0.04284423084423084,0.013246885246885255
2024-01-31,22,1,E12,e12_add_full_fields,E12 补全更多原始字段（+9通道）,20260823,-0.004934222948426071,0.015778512453691544,-0.020712735402117613
2024-02-01,23,1,E12,e12_add_full_fields,E12 补全更多原始字段（+9通道）,20260823,-0.019483327014389134,0.0010852937105442113,-0.020568620724933345
2024-02-02,24,1,E12,e12_add_full_fields,E12 补全更多原始字段（+9通道）,20260823,0.03594566911600979,0.030329969247804914,0.005615699868204878
2024-02-05,25,1,E12,e12_add_full_fields,E12 补全更多原始字段（+9通道）,20260823,0.08931822665800007,0.1179716697412448,-0.02865344308324473
2024-02-06,26,1,E12,e12_add_full_fields,E12 补全更多原始字段（+9通道）,20260823,0.013852987894546859,0.02831988440484406,-0.014466896510297202
2024-02-07,27,1,E12,e12_add_full_fields,E12 补全更多原始字段（+9通道）,20260823,0.07247454047454048,0.0606927606927607,0.011781779781779779
2024-02-08,28,1,E12,e12_add_full_fields,E12 补全更多原始字段（+9通道）,20260823,-0.03320748380521853,-0.052718249667178176,0.01951076586195965
2024-02-19,29,1,E12,e12_add_full_fields,E12 补全更多原始字段（+9通道）,20260823,0.026254011829252587,0.04170191620403125,-0.015447904374778661
2024-02-20,30,1,E12,e12_add_full_fields,E12 补全更多原始字段（+9通道）,20260823,-4.080604141813204e-05,0.005857853945721755,-0.005898659987139887
2024-02-21,31,1,E12,e12_add_full_fields,E12 补全更多原始字段（+9通道）,20260823,-0.004878103336668037,0.01128998898014486,-0.016168092316812897
2024-02-22,32,1,E12,e12_add_full_fields,E12 补全更多原始字段（+9通道）,20260823,0.06972803574855453,0.06390502608235721,0.0058230096661973235
2024-02-23,33,1,E12,e12_add_full_fields,E12 补全更多原始字段（+9通道）,20260823,0.10841240176611075,0.1115952321043087,-0.0031828303381979534
2024-02-26,34,1,E12,e12_add_full_fields,E12 补全更多原始字段（+9通道）,20260823,0.06581926221417779,0.043327033586995786,0.022492228627182004
2024-02-27,35,1,E12,e12_add_full_fields,E12 补全更多原始字段（+9通道）,20260823,0.00562910962910963,0.01132826332826333,-0.0056991536991536995
2024-02-28,36,1,E12,e12_add_full_fields,E12 补全更多原始字段（+9通道）,20260823,-0.0035072615283050974,0.025137325288149243,-0.02864458681645434
2024-02-29,37,1,E12,e12_add_full_fields,E12 补全更多原始字段（+9通道）,20260823,0.08358531889957793,0.0978801328395699,-0.014294813939991963
2024-03-01,38,1,E12,e12_add_full_fields,E12 补全更多原始字段（+9通道）,20260823,-0.00994905394905395,-0.00879023679023679,-0.0011588171588171586
2024-03-04,39,1,E12,e12_add_full_fields,E12 补全更多原始字段（+9通道）,20260823,0.09979356726693012,0.08848901590184075,0.011304551365089371
2024-03-05,40,1,E12,e12_add_full_fields,E12 补全更多原始字段（+9通道）,20260823,0.09879519249703984,0.113980084514072,-0.015184892017032159
2024-03-06,41,1,E12,e12_add_full_fields,E12 补全更多原始字段（+9通道）,20260823,0.04183588108000182,0.030829158454699013,0.01100672262530281
2024-03-07,42,1,E12,e12_add_full_fields,E12 补全更多原始字段（+9通道）,20260823,0.0839321213386294,0.09796382729818155,-0.014031705959552151
2024-03-08,43,1,E12,e12_add_full_fields,E12 补全更多原始字段（+9通道）,20260823,0.07140015325935874,0.07859268143879267,-0.00719252817943393
2024-03-11,44,1,E12,e12_add_full_fields,E12 补全更多原始字段（+9通道）,20260823,0.0347791285918599,0.010572589286975187,0.024206539304884714
2024-03-12,45,1,E12,e12_add_full_fields,E12 补全更多原始字段（+9通道）,20260823,0.05616910441143581,0.07888849295514745,-0.02271938854371164
2024-03-13,46,1,E12,e12_add_full_fields,E12 补全更多原始字段（+9通道）,20260823,0.07521705997826877,0.07208128537379577,0.0031357746044730073
2024-03-14,47,1,E12,e12_add_full_fields,E12 补全更多原始字段（+9通道）,20260823,0.014221856105913634,0.031017839623422024,-0.01679598351750839
2024-03-15,48,1,E12,e12_add_full_fields,E12 补全更多原始字段（+9通道）,20260823,0.029846657141749926,0.03662849446740808,-0.006781837325658156
2024-03-18,49,1,E12,e12_add_full_fields,E12 补全更多原始字段（+9通道）,20260823,0.08738030968213792,0.09632079115544465,-0.008940481473306727
2024-03-19,50,1,E12,e12_add_full_fields,E12 补全更多原始字段（+9通道）,20260823,0.02190412198674449,0.048297234118916794,-0.026393112132172304
2024-03-20,51,1,E12,e12_add_full_fields,E12 补全更多原始字段（+9通道）,20260823,0.018547896956444168,0.037252304174104,-0.018704407217659834
2024-03-21,52,1,E12,e12_add_full_fields,E12 补全更多原始字段（+9通道）,20260823,-0.004728784728784729,0.000651996651996652,-0.0053807813807813815
2024-03-22,53,1,E12,e12_add_full_fields,E12 补全更多原始字段（+9通道）,20260823,0.0631955324773288,0.06461747460313245,-0.0014219421258036546
2024-03-25,54,1,E12,e12_add_full_fields,E12 补全更多原始字段（+9通道）,20260823,-0.012805009258735551,-0.02492458948658575,0.0121195802278502
2024-03-26,55,1,E12,e12_add_full_fields,E12 补全更多原始字段（+9通道）,20260823,0.028733494819695306,0.034281724384569556,-0.00554822956487425
2024-03-27,56,1,E12,e12_add_full_fields,E12 补全更多原始字段（+9通道）,20260823,0.007376937280187345,0.01823593094080173,-0.010858993660614383
2024-03-28,57,1,E12,e12_add_full_fields,E12 补全更多原始字段（+9通道）,20260823,0.07253583892952166,0.07436635082044044,-0.0018305118909187762
2024-03-29,58,1,E12,e12_add_full_fields,E12 补全更多原始字段（+9通道）,20260823,0.1156001788829904,0.12112495475582716,-0.005524775872836757
2024-04-01,59,1,E12,e12_add_full_fields,E12 补全更多原始字段（+9通道）,20260823,0.08708352648854785,0.09640708681905275,-0.009323560330504896
2024-04-02,60,1,E12,e12_add_full_fields,E12 补全更多原始字段（+9通道）,20260823,-0.0017933069768899723,-0.011529871139588603,0.009736564162698632
2024-04-03,61,2,E12,e12_add_full_fields,E12 补全更多原始字段（+9通道）,20260823,0.03353864171317087,0.03409574847250742,-0.0005571067593365467
2024-04-08,62,2,E12,e12_add_full_fields,E12 补全更多原始字段（+9通道）,20260823,0.06730235172523642,0.08146755640038848,-0.01416520467515206
2024-04-09,63,2,E12,e12_add_full_fields,E12 补全更多原始字段（+9通道）,20260823,0.03799616011014859,0.045912112049848394,-0.007915951939699802
2024-04-10,64,2,E12,e12_add_full_fields,E12 补全更多原始字段（+9通道）,20260823,0.0033610654719806346,0.02054541922341807,-0.017184353751437436
2024-04-11,65,2,E12,e12_add_full_fields,E12 补全更多原始字段（+9通道）,20260823,0.12251565386659334,0.1235916110071079,-0.0010759571405145607
2024-04-12,66,2,E12,e12_add_full_fields,E12 补全更多原始字段（+9通道）,20260823,0.007924339948112969,0.017240009291729322,-0.009315669343616353
2024-04-15,67,2,E12,e12_add_full_fields,E12 补全更多原始字段（+9通道）,20260823,0.02297044697044697,0.028336252336252338,-0.005365805365805366
2024-04-16,68,2,E12,e12_add_full_fields,E12 补全更多原始字段（+9通道）,20260823,-0.07997573597573598,-0.05806777006777007,-0.021907965907965912
2024-04-17,69,2,E12,e12_add_full_fields,E12 补全更多原始字段（+9通道）,20260823,0.002562752655011752,0.020367969101216004,-0.017805216446204253
2024-04-18,70,2,E12,e12_add_full_fields,E12 补全更多原始字段（+9通道）,20260823,-0.0454065508490031,-0.024305652430677616,-0.021100898418325485
2024-04-19,71,2,E12,e12_add_full_fields,E12 补全更多原始字段（+9通道）,20260823,0.05129015436756372,0.06895390909114377,-0.017663754723580047
2024-04-22,72,2,E12,e12_add_full_fields,E12 补全更多原始字段（+9通道）,20260823,0.09846664437464321,0.0953692490914042,0.0030973952832390045
2024-04-23,73,2,E12,e12_add_full_fields,E12 补全更多原始字段（+9通道）,20260823,0.08978751961024932,0.09732040710524721,-0.007532887494997892
2024-04-24,74,2,E12,e12_add_full_fields,E12 补全更多原始字段（+9通道）,20260823,0.0013419030696857196,0.015857776136162835,-0.014515873066477116
2024-04-25,75,2,E12,e12_add_full_fields,E12 补全更多原始字段（+9通道）,20260823,0.053766691035210014,0.03746361581992724,0.01630307521528277
2024-04-26,76,2,E12,e12_add_full_fields,E12 补全更多原始字段（+9通道）,20260823,0.011151780749407975,0.024112513068795048,-0.012960732319387073
2024-04-29,77,2,E12,e12_add_full_fields,E12 补全更多原始字段（+9通道）,20260823,0.07361852984786629,0.1081171406173312,-0.03449861076946491
2024-04-30,78,2,E12,e12_add_full_fields,E12 补全更多原始字段（+9通道）,20260823,-0.025238910747685483,0.0077856111160042405,-0.033024521863689725
2024-05-06,79,2,E12,e12_add_full_fields,E12 补全更多原始字段（+9通道）,20260823,0.09530371885156841,0.0794880233634923,0.015815695488076112
2024-05-07,80,2,E12,e12_add_full_fields,E12 补全更多原始字段（+9通道）,20260823,0.01632584693809796,0.02462535288181574,-0.008299505943717783
2024-05-08,81,2,E12,e12_add_full_fields,E12 补全更多原始字段（+9通道）,20260823,0.01309953247696313,0.03198239741935762,-0.01888286494239449
2024-05-09,82,2,E12,e12_add_full_fields,E12 补全更多原始字段（+9通道）,20260823,0.05541292862497282,0.05123833313760655,0.0041745954873662686
2024-05-10,83,2,E12,e12_add_full_fields,E12 补全更多原始字段（+9通道）,20260823,0.06681882464568281,0.05859816927776049,0.008220655367922325
2024-05-13,84,2,E12,e12_add_full_fields,E12 补全更多原始字段（+9通道）,20260823,0.06372564349945975,0.05772544468264788,0.006000198816811866
2024-05-14,85,2,E12,e12_add_full_fields,E12 补全更多原始字段（+9通道）,20260823,0.12055433958448719,0.13134115579897357,-0.010786816214486378
2024-05-15,86,2,E12,e12_add_full_fields,E12 补全更多原始字段（+9通道）,20260823,0.02622186563711949,0.013938191080289587,0.012283674556829903
2024-05-16,87,2,E12,e12_add_full_fields,E12 补全更多原始字段（+9通道）,20260823,0.05804549516710172,0.05055990185895209,0.0074855933081496295
2024-05-17,88,2,E12,e12_add_full_fields,E12 补全更多原始字段（+9通道）,20260823,-0.017126727925995875,-0.018663411297892073,0.0015366833718961984
2024-05-20,89,2,E12,e12_add_full_fields,E12 补全更多原始字段（+9通道）,20260823,0.07733628583218602,0.05794271754082212,0.019393568291363898
2024-05-21,90,2,E12,e12_add_full_fields,E12 补全更多原始字段（+9通道）,20260823,0.0912725862141647,0.08699042922841772,0.004282156985746979
2024-05-22,91,2,E12,e12_add_full_fields,E12 补全更多原始字段（+9通道）,20260823,0.05985262506774247,0.045471550390142904,0.014381074677599567
2024-05-23,92,2,E12,e12_add_full_fields,E12 补全更多原始字段（+9通道）,20260823,0.11399815243079411,0.10478434847909748,0.00921380395169663
2024-05-24,93,2,E12,e12_add_full_fields,E12 补全更多原始字段（+9通道）,20260823,0.040078164742588226,0.06988727424141232,-0.029809109498824093
2024-05-27,94,2,E12,e12_add_full_fields,E12 补全更多原始字段（+9通道）,20260823,0.044200127603029354,0.053559367155663444,-0.00935923955263409
2024-05-28,95,2,E12,e12_add_full_fields,E12 补全更多原始字段（+9通道）,20260823,0.030241161869823247,0.01854588076194089,0.011695281107882358
2024-05-29,96,2,E12,e12_add_full_fields,E12 补全更多原始字段（+9通道）,20260823,0.07132837559092423,0.04996199154823234,0.021366384042691887
2024-05-30,97,2,E12,e12_add_full_fields,E12 补全更多原始字段（+9通道）,20260823,0.09251674495681964,0.0958672996806341,-0.0033505547238144584
2024-05-31,98,2,E12,e12_add_full_fields,E12 补全更多原始字段（+9通道）,20260823,0.00039067777151768603,0.016318920110455035,-0.01592824233893735
2024-06-03,99,2,E12,e12_add_full_fields,E12 补全更多原始字段（+9通道）,20260823,-0.003334255435966497,-0.014711531924502612,0.011377276488536115
2024-06-04,100,2,E12,e12_add_full_fields,E12 补全更多原始字段（+9通道）,20260823,0.015059021097623552,0.0149481369934297,0.00011088410419385179
2024-06-05,101,2,E12,e12_add_full_fields,E12 补全更多原始字段（+9通道）,20260823,0.035303144852248426,0.055382538521649004,-0.020079393669400578
2024-06-06,102,2,E12,e12_add_full_fields,E12 补全更多原始字段（+9通道）,20260823,0.09235519319148286,0.10502148186031254,-0.012666288668829684
2024-06-07,103,2,E12,e12_add_full_fields,E12 补全更多原始字段（+9通道）,20260823,-0.02536554732830221,-0.010034315939603564,-0.015331231388698647
2024-06-11,104,2,E12,e12_add_full_fields,E12 补全更多原始字段（+9通道）,20260823,0.030966204600262195,0.020808667960344404,0.01015753663991779
2024-06-12,105,2,E12,e12_add_full_fields,E12 补全更多原始字段（+9通道）,20260823,0.09503186551983617,0.09758868502579467,-0.002556819505958499
2024-06-13,106,2,E12,e12_add_full_fields,E12 补全更多原始字段（+9通道）,20260823,0.03770690344984551,0.013052024666335593,0.024654878783509915
2024-06-14,107,2,E12,e12_add_full_fields,E12 补全更多原始字段（+9通道）,20260823,0.0822090630017614,0.04682612272006519,0.0353829402816962
2024-06-17,108,2,E12,e12_add_full_fields,E12 补全更多原始字段（+9通道）,20260823,0.0300558810237135,0.018724660049543075,0.011331220974170424
2024-06-18,109,2,E12,e12_add_full_fields,E12 补全更多原始字段（+9通道）,20260823,0.04711120125253486,0.06045482463618912,-0.01334362338365426
2024-06-19,110,2,E12,e12_add_full_fields,E12 补全更多原始字段（+9通道）,20260823,0.10777775410108738,0.09268676096482126,0.01509099313626612
2024-06-20,111,2,E12,e12_add_full_fields,E12 补全更多原始字段（+9通道）,20260823,0.020462609112079914,0.02688904225269028,-0.006426433140610366
2024-06-21,112,2,E12,e12_add_full_fields,E12 补全更多原始字段（+9通道）,20260823,-0.00965293951265895,0.006369892939031214,-0.016022832451690165
2024-06-24,113,2,E12,e12_add_full_fields,E12 补全更多原始字段（+9通道）,20260823,0.027416762445085677,0.02360949528729337,0.0038072671577923066
2024-06-25,114,2,E12,e12_add_full_fields,E12 补全更多原始字段（+9通道）,20260823,0.06972512613733511,0.06292848779519546,0.0067966383421396576
2024-06-26,115,2,E12,e12_add_full_fields,E12 补全更多原始字段（+9通道）,20260823,0.018674785286410433,-0.00946743350766749,0.028142218794077925
2024-06-27,116,2,E12,e12_add_full_fields,E12 补全更多原始字段（+9通道）,20260823,0.02790635993645054,0.034073870258461716,-0.006167510322011176
2024-06-28,117,2,E12,e12_add_full_fields,E12 补全更多原始字段（+9通道）,20260823,0.02726184613004063,0.039746614724812786,-0.012484768594772155
2024-07-01,118,2,E12,e12_add_full_fields,E12 补全更多原始字段（+9通道）,20260823,0.03879603570444344,0.004331702382510817,0.034464333321932626
2024-07-02,119,2,E12,e12_add_full_fields,E12 补全更多原始字段（+9通道）,20260823,0.06542560113999646,0.020739903778050444,0.04468569736194601
2024-07-03,120,2,E12,e12_add_full_fields,E12 补全更多原始字段（+9通道）,20260823,0.031485547861401765,0.0325640231367481,-0.0010784752753463384
2024-07-04,121,3,E12,e12_add_full_fields,E12 补全更多原始字段（+9通道）,20260823,0.01457805476933709,0.04346631322134786,-0.028888258452010773
2024-07-05,122,3,E12,e12_add_full_fields,E12 补全更多原始字段（+9通道）,20260823,0.01300817851920056,0.014098888467625942,-0.001090709948425382
2024-07-08,123,3,E12,e12_add_full_fields,E12 补全更多原始字段（+9通道）,20260823,-0.013240294561980354,-0.008145107128913769,-0.005095187433066585
2024-07-09,124,3,E12,e12_add_full_fields,E12 补全更多原始字段（+9通道）,20260823,-0.060044232609362855,-0.04810144011747217,-0.011942792491890682
2024-07-10,125,3,E12,e12_add_full_fields,E12 补全更多原始字段（+9通道）,20260823,0.08098046234139619,0.06740301867650085,0.013577443664895342
2024-07-11,126,3,E12,e12_add_full_fields,E12 补全更多原始字段（+9通道）,20260823,-0.003786444407816683,-0.014111029278763948,0.010324584870947265
2024-07-12,127,3,E12,e12_add_full_fields,E12 补全更多原始字段（+9通道）,20260823,0.036648759178944085,0.04437633491465431,-0.007727575735710222
2024-07-15,128,3,E12,e12_add_full_fields,E12 补全更多原始字段（+9通道）,20260823,-0.02961519687774355,0.0007269622309734273,-0.03034215910871698
2024-07-16,129,3,E12,e12_add_full_fields,E12 补全更多原始字段（+9通道）,20260823,0.03950040773161378,0.03945834781369333,4.2059917920445056e-05
2024-07-17,130,3,E12,e12_add_full_fields,E12 补全更多原始字段（+9通道）,20260823,0.05664896300620528,0.02024646578871216,0.03640249721749313
2024-07-18,131,3,E12,e12_add_full_fields,E12 补全更多原始字段（+9通道）,20260823,0.037680115419251446,0.032494931886182965,0.005185183533068481
2024-07-19,132,3,E12,e12_add_full_fields,E12 补全更多原始字段（+9通道）,20260823,0.025610583124964444,0.049598839898598875,-0.02398825677363443
2024-07-22,133,3,E12,e12_add_full_fields,E12 补全更多原始字段（+9通道）,20260823,-0.016108894002595554,-0.024861023503921813,0.00875212950132626
2024-07-23,134,3,E12,e12_add_full_fields,E12 补全更多原始字段（+9通道）,20260823,0.026007485297581952,0.02829967727660377,-0.0022921919790218175
2024-07-24,135,3,E12,e12_add_full_fields,E12 补全更多原始字段（+9通道）,20260823,-0.009980111637103006,0.0011594118042515507,-0.011139523441354555
2024-07-25,136,3,E12,e12_add_full_fields,E12 补全更多原始字段（+9通道）,20260823,0.07784414800358816,0.0849902139209967,-0.007146065917408545
2024-07-26,137,3,E12,e12_add_full_fields,E12 补全更多原始字段（+9通道）,20260823,0.038668855529230814,0.02231564526169694,0.016353210267533873
2024-07-29,138,3,E12,e12_add_full_fields,E12 补全更多原始字段（+9通道）,20260823,0.0017652990060410209,0.005419054316326229,-0.003653755310285208
2024-07-30,139,3,E12,e12_add_full_fields,E12 补全更多原始字段（+9通道）,20260823,0.024827331401180135,0.04413057688970632,-0.019303245488526185
2024-07-31,140,3,E12,e12_add_full_fields,E12 补全更多原始字段（+9通道）,20260823,0.11707998223997984,0.08201745236487441,0.03506252987510543
2024-08-01,141,3,E12,e12_add_full_fields,E12 补全更多原始字段（+9通道）,20260823,0.04721346685821234,0.025914784327942284,0.021298682530270053
2024-08-02,142,3,E12,e12_add_full_fields,E12 补全更多原始字段（+9通道）,20260823,0.045683710716377834,0.031214971907053222,0.014468738809324613
2024-08-05,143,3,E12,e12_add_full_fields,E12 补全更多原始字段（+9通道）,20260823,0.05173752385650753,0.03552904036759669,0.016208483488910845
2024-08-06,144,3,E12,e12_add_full_fields,E12 补全更多原始字段（+9通道）,20260823,0.028919927208001177,0.04925818464158269,-0.020338257433581516
2024-08-07,145,3,E12,e12_add_full_fields,E12 补全更多原始字段（+9通道）,20260823,0.04226711275268655,0.028639011728578738,0.01362810102410781
2024-08-08,146,3,E12,e12_add_full_fields,E12 补全更多原始字段（+9通道）,20260823,0.1346888713507219,0.11814359558897698,0.01654527576174493
2024-08-09,147,3,E12,e12_add_full_fields,E12 补全更多原始字段（+9通道）,20260823,0.07040637817495683,0.03193545779187105,0.038470920383085784
2024-08-12,148,3,E12,e12_add_full_fields,E12 补全更多原始字段（+9通道）,20260823,0.06372557211316646,0.08001414535914579,-0.016288573245979335
2024-08-13,149,3,E12,e12_add_full_fields,E12 补全更多原始字段（+9通道）,20260823,0.05031418865692862,0.06371803776744502,-0.013403849110516397
2024-08-14,150,3,E12,e12_add_full_fields,E12 补全更多原始字段（+9通道）,20260823,0.015398563493898697,0.020735116688501695,-0.005336553194602998
2024-08-15,151,3,E12,e12_add_full_fields,E12 补全更多原始字段（+9通道）,20260823,0.03213350170854057,0.0255551490969489,0.006578352611591669
2024-08-16,152,3,E12,e12_add_full_fields,E12 补全更多原始字段（+9通道）,20260823,0.07798175518740194,0.0750260111129519,0.0029557440744500396
2024-08-19,153,3,E12,e12_add_full_fields,E12 补全更多原始字段（+9通道）,20260823,0.06228866761236788,0.06021597567572375,0.002072691936644125
2024-08-20,154,3,E12,e12_add_full_fields,E12 补全更多原始字段（+9通道）,20260823,0.07209991735448985,0.07437967959316427,-0.002279762238674418
2024-08-21,155,3,E12,e12_add_full_fields,E12 补全更多原始字段（+9通道）,20260823,0.0757395183422215,0.05428006317021056,0.02145945517201095
2024-08-22,156,3,E12,e12_add_full_fields,E12 补全更多原始字段（+9通道）,20260823,-0.012242316833135248,0.0033094117156057387,-0.015551728548740987
2024-08-23,157,3,E12,e12_add_full_fields,E12 补全更多原始字段（+9通道）,20260823,0.05148052201044239,0.059881926302657956,-0.008401404292215565
2024-08-26,158,3,E12,e12_add_full_fields,E12 补全更多原始字段（+9通道）,20260823,0.05554961288194862,0.04637369416447544,0.009175918717473183
2024-08-27,159,3,E12,e12_add_full_fields,E12 补全更多原始字段（+9通道）,20260823,0.0034025317802128287,0.008997243995938136,-0.005594712215725307
2024-08-28,160,3,E12,e12_add_full_fields,E12 补全更多原始字段（+9通道）,20260823,0.0035549317895572957,0.033962562204091384,-0.03040763041453409
2024-08-29,161,3,E12,e12_add_full_fields,E12 补全更多原始字段（+9通道）,20260823,-0.017520113572673912,-0.008865806892404314,-0.008654306680269598
2024-08-30,162,3,E12,e12_add_full_fields,E12 补全更多原始字段（+9通道）,20260823,0.008757021282442577,-0.02530315482134416,0.03406017610378674
2024-09-02,163,3,E12,e12_add_full_fields,E12 补全更多原始字段（+9通道）,20260823,0.045590998958728944,0.049135910609987954,-0.00354491165125901
2024-09-03,164,3,E12,e12_add_full_fields,E12 补全更多原始字段（+9通道）,20260823,-0.07586860519150239,-0.08453350331688102,0.008664898125378628
2024-09-04,165,3,E12,e12_add_full_fields,E12 补全更多原始字段（+9通道）,20260823,0.06928056114281714,0.06684237803482206,0.0024381831079950816
2024-09-05,166,3,E12,e12_add_full_fields,E12 补全更多原始字段（+9通道）,20260823,0.025566085566085563,0.01039019839019839,0.015175887175887172
2024-09-06,167,3,E12,e12_add_full_fields,E12 补全更多原始字段（+9通道）,20260823,-0.027988312170224336,-0.008009354929440578,-0.01997895724078376
2024-09-09,168,3,E12,e12_add_full_fields,E12 补全更多原始字段（+9通道）,20260823,0.08821253600412804,0.07917608796463423,0.009036448039493813
2024-09-10,169,3,E12,e12_add_full_fields,E12 补全更多原始字段（+9通道）,20260823,-0.010016398596670913,-0.008338372800764762,-0.0016780257959061514
2024-09-11,170,3,E12,e12_add_full_fields,E12 补全更多原始字段（+9通道）,20260823,0.05549619104151408,0.05516588403539824,0.0003303070061158389
2024-09-12,171,3,E12,e12_add_full_fields,E12 补全更多原始字段（+9通道）,20260823,0.05891956037718452,0.041706237803308656,0.017213322573875867
2024-09-13,172,3,E12,e12_add_full_fields,E12 补全更多原始字段（+9通道）,20260823,0.026767732319078422,0.03907586424019306,-0.01230813192111464
2024-09-18,173,3,E12,e12_add_full_fields,E12 补全更多原始字段（+9通道）,20260823,0.0900967718272237,0.08763777710265754,0.002458994724566163
2024-09-19,174,3,E12,e12_add_full_fields,E12 补全更多原始字段（+9通道）,20260823,0.06950328853295477,0.03455736997428883,0.034945918558665946
2024-09-20,175,3,E12,e12_add_full_fields,E12 补全更多原始字段（+9通道）,20260823,0.023543879967669816,0.030508111057257065,-0.006964231089587249
2024-09-23,176,3,E12,e12_add_full_fields,E12 补全更多原始字段（+9通道）,20260823,0.035152631152631154,0.04225759825759826,-0.007104967104967108
2024-09-24,177,3,E12,e12_add_full_fields,E12 补全更多原始字段（+9通道）,20260823,0.1116912119931561,0.08478356162161244,0.026907650371543662
2024-09-25,178,3,E12,e12_add_full_fields,E12 补全更多原始字段（+9通道）,20260823,0.029651897651897654,0.0602845082845083,-0.030632610632610646
2024-09-26,179,3,E12,e12_add_full_fields,E12 补全更多原始字段（+9通道）,20260823,-0.03527356727356728,-0.05352876552876553,0.01825519825519825
2024-09-27,180,3,E12,e12_add_full_fields,E12 补全更多原始字段（+9通道）,20260823,0.08396187596187596,0.08466661266661268,-0.0007047367047367248
2024-09-30,181,4,E12,e12_add_full_fields,E12 补全更多原始字段（+9通道）,20260823,-0.027012369884279942,0.003020497143478558,-0.0300328670277585
2024-10-08,182,4,E12,e12_add_full_fields,E12 补全更多原始字段（+9通道）,20260823,0.11544482013748907,0.14752496841011822,-0.03208014827262916
2024-10-09,183,4,E12,e12_add_full_fields,E12 补全更多原始字段（+9通道）,20260823,0.050845198370554345,0.050304819813964424,0.0005403785565899211
2024-10-10,184,4,E12,e12_add_full_fields,E12 补全更多原始字段（+9通道）,20260823,-0.03542593753221535,-0.025360981437064386,-0.010064956095150967
2024-10-11,185,4,E12,e12_add_full_fields,E12 补全更多原始字段（+9通道）,20260823,0.051937618249243964,0.03128080346848829,0.02065681478075567
2024-10-14,186,4,E12,e12_add_full_fields,E12 补全更多原始字段（+9通道）,20260823,-0.011873135873135873,-0.017353325353325354,0.005480189480189482
2024-10-15,187,4,E12,e12_add_full_fields,E12 补全更多原始字段（+9通道）,20260823,-0.028572928658647447,-0.0008590148615919063,-0.02771391379705554
2024-10-16,188,4,E12,e12_add_full_fields,E12 补全更多原始字段（+9通道）,20260823,0.11033424299624847,0.11384659252967211,-0.0035123495334236365
2024-10-17,189,4,E12,e12_add_full_fields,E12 补全更多原始字段（+9通道）,20260823,0.01566149716851119,0.037350677330637246,-0.021689180162126055
2024-10-18,190,4,E12,e12_add_full_fields,E12 补全更多原始字段（+9通道）,20260823,-0.018778984266216808,-0.03348717504813308,0.014708190781916274
2024-10-21,191,4,E12,e12_add_full_fields,E12 补全更多原始字段（+9通道）,20260823,0.030218480565180086,0.03161504669610123,-0.0013965661309211473
2024-10-22,192,4,E12,e12_add_full_fields,E12 补全更多原始字段（+9通道）,20260823,-0.002297654743869571,0.007529760026459109,-0.00982741477032868
2024-10-23,193,4,E12,e12_add_full_fields,E12 补全更多原始字段（+9通道）,20260823,0.047700678803230215,0.06394432384516198,-0.016243645041931765
2024-10-24,194,4,E12,e12_add_full_fields,E12 补全更多原始字段（+9通道）,20260823,-0.044502416040332345,-0.030483479663062234,-0.01401893637727011
2024-10-25,195,4,E12,e12_add_full_fields,E12 补全更多原始字段（+9通道）,20260823,0.03524198700022608,-0.0056179781893535815,0.04085996518957966
2024-10-28,196,4,E12,e12_add_full_fields,E12 补全更多原始字段（+9通道）,20260823,0.06054236732768814,0.06274839929283597,-0.002206031965147834
2024-10-29,197,4,E12,e12_add_full_fields,E12 补全更多原始字段（+9通道）,20260823,0.0011115632015173125,0.026815440568121542,-0.02570387736660423
2024-10-30,198,4,E12,e12_add_full_fields,E12 补全更多原始字段（+9通道）,20260823,-0.012791514495436801,-0.006719267755058455,-0.006072246740378346
2024-10-31,199,4,E12,e12_add_full_fields,E12 补全更多原始字段（+9通道）,20260823,0.050013264065748686,0.06388032559942904,-0.01386706153368035
2024-11-01,200,4,E12,e12_add_full_fields,E12 补全更多原始字段（+9通道）,20260823,-0.0165863338519936,-0.031146277617282905,0.014559943765289306
2024-11-04,201,4,E12,e12_add_full_fields,E12 补全更多原始字段（+9通道）,20260823,0.027198882351191226,0.029671422415891578,-0.0024725400647003515
2024-11-05,202,4,E12,e12_add_full_fields,E12 补全更多原始字段（+9通道）,20260823,0.005656760388879845,0.003017731219432764,0.002639029169447081
2024-11-06,203,4,E12,e12_add_full_fields,E12 补全更多原始字段（+9通道）,20260823,0.078966557423106,0.0737966005045914,0.005169956918514601
2024-11-07,204,4,E12,e12_add_full_fields,E12 补全更多原始字段（+9通道）,20260823,0.08862671016481749,0.09498319319891704,-0.006356483034099553
2024-11-08,205,4,E12,e12_add_full_fields,E12 补全更多原始字段（+9通道）,20260823,0.002089492339461208,0.005544549287065541,-0.003455056947604333
2024-11-11,206,4,E12,e12_add_full_fields,E12 补全更多原始字段（+9通道）,20260823,0.015314130603840752,0.020537018573905455,-0.005222887970064703
2024-11-12,207,4,E12,e12_add_full_fields,E12 补全更多原始字段（+9通道）,20260823,0.12308247234321545,0.11141952894585636,0.011662943397359099
2024-11-13,208,4,E12,e12_add_full_fields,E12 补全更多原始字段（+9通道）,20260823,0.11572495212698797,0.13470137213412775,-0.018976420007139783
2024-11-14,209,4,E12,e12_add_full_fields,E12 补全更多原始字段（+9通道）,20260823,-0.0077475380518779256,0.011485714010120898,-0.019233252061998822
2024-11-15,210,4,E12,e12_add_full_fields,E12 补全更多原始字段（+9通道）,20260823,0.10692841571108708,0.12495265643886166,-0.018024240727774588
2024-11-18,211,4,E12,e12_add_full_fields,E12 补全更多原始字段（+9通道）,20260823,0.011169492204646483,-0.018762281432307744,0.029931773636954227
2024-11-19,212,4,E12,e12_add_full_fields,E12 补全更多原始字段（+9通道）,20260823,-0.00036466836576237087,-0.01243290647020519,0.01206823810444282
2024-11-20,213,4,E12,e12_add_full_fields,E12 补全更多原始字段（+9通道）,20260823,0.07804194867272284,0.10712275614853359,-0.029080807475810752
2024-11-21,214,4,E12,e12_add_full_fields,E12 补全更多原始字段（+9通道）,20260823,0.015718053812362135,0.00900992106398059,0.0067081327483815446
2024-11-22,215,4,E12,e12_add_full_fields,E12 补全更多原始字段（+9通道）,20260823,0.055495736161684996,0.05004839064897134,0.0054473455127136555
2024-11-25,216,4,E12,e12_add_full_fields,E12 补全更多原始字段（+9通道）,20260823,0.10381523471583493,0.11474848879708074,-0.010933254081245819
2024-11-26,217,4,E12,e12_add_full_fields,E12 补全更多原始字段（+9通道）,20260823,-0.016399507822849952,-0.018436326216615367,0.0020368183937654154
2024-11-27,218,4,E12,e12_add_full_fields,E12 补全更多原始字段（+9通道）,20260823,0.034818830509845904,0.0603690086266088,-0.025550178116762898
2024-11-28,219,4,E12,e12_add_full_fields,E12 补全更多原始字段（+9通道）,20260823,0.06943949185612881,0.06826835667796681,0.0011711351781620027
2024-11-29,220,4,E12,e12_add_full_fields,E12 补全更多原始字段（+9通道）,20260823,0.03144082438404913,0.04264795392739256,-0.011207129543343429
2024-12-02,221,4,E12,e12_add_full_fields,E12 补全更多原始字段（+9通道）,20260823,0.04324510737263968,0.031851466039590805,0.011393641333048876
2024-12-03,222,4,E12,e12_add_full_fields,E12 补全更多原始字段（+9通道）,20260823,0.046129316243650256,0.04278879732785447,0.003340518915795787
2024-12-04,223,4,E12,e12_add_full_fields,E12 补全更多原始字段（+9通道）,20260823,0.06343351400072718,0.039947856824102616,0.023485657176624562
2024-12-05,224,4,E12,e12_add_full_fields,E12 补全更多原始字段（+9通道）,20260823,0.15645691245691248,0.15435263835263838,0.0021042741042741064
2024-12-06,225,4,E12,e12_add_full_fields,E12 补全更多原始字段（+9通道）,20260823,-0.04968020568020568,-0.020059892059892063,-0.02962031362031362
2024-12-09,226,4,E12,e12_add_full_fields,E12 补全更多原始字段（+9通道）,20260823,0.03551787551787552,0.04462695262695263,-0.009109077109077116
2024-12-10,227,4,E12,e12_add_full_fields,E12 补全更多原始字段（+9通道）,20260823,0.017587859640623222,0.005032673047771067,0.012555186592852156
2024-12-11,228,4,E12,e12_add_full_fields,E12 补全更多原始字段（+9通道）,20260823,0.001445533727461334,0.02567098191182343,-0.0242254481843621
2024-12-12,229,4,E12,e12_add_full_fields,E12 补全更多原始字段（+9通道）,20260823,0.0023186859996892424,-0.008832455385057905,0.011151141384747147
2024-12-13,230,4,E12,e12_add_full_fields,E12 补全更多原始字段（+9通道）,20260823,0.08954394642501548,0.10101542219329418,-0.0114714757682787
2024-12-16,231,4,E12,e12_add_full_fields,E12 补全更多原始字段（+9通道）,20260823,0.04397239104572437,0.03247506948341178,0.01149732156231259
2024-12-17,232,4,E12,e12_add_full_fields,E12 补全更多原始字段（+9通道）,20260823,0.009370459767883997,-0.0032926476966893014,0.012663107464573298
2024-12-18,233,4,E12,e12_add_full_fields,E12 补全更多原始字段（+9通道）,20260823,0.03386468443375752,0.04193859921668449,-0.008073914782926968
2024-12-19,234,4,E12,e12_add_full_fields,E12 补全更多原始字段（+9通道）,20260823,-0.05641520734830577,-0.05670933892300004,0.00029413157469427437
2024-12-20,235,4,E12,e12_add_full_fields,E12 补全更多原始字段（+9通道）,20260823,0.016635995825804675,0.02968379508954466,-0.013047799263739984
2024-12-23,236,4,E12,e12_add_full_fields,E12 补全更多原始字段（+9通道）,20260823,0.005466904310899561,0.013064370404680727,-0.007597466093781166
2024-12-24,237,4,E12,e12_add_full_fields,E12 补全更多原始字段（+9通道）,20260823,0.05873327570214601,0.047950025847457514,0.010783249854688495
2024-12-25,238,4,E12,e12_add_full_fields,E12 补全更多原始字段（+9通道）,20260823,-0.0801368199399056,-0.06681182576447647,-0.013324994175429122
2024-12-26,239,4,E12,e12_add_full_fields,E12 补全更多原始字段（+9通道）,20260823,0.11212964445685623,0.12045431426851214,-0.008324669811655902
2024-12-27,240,4,E12,e12_add_full_fields,E12 补全更多原始字段（+9通道）,20260823,0.08145187561246656,0.08202967090691042,-0.0005777952944438641
2024-01-02,1,1,E12,e12_add_full_fields,E12 补全更多原始字段（+9通道）,20260904,0.07374472745772832,0.05738039948541656,0.016364327972311764
2024-01-03,2,1,E12,e12_add_full_fields,E12 补全更多原始字段（+9通道）,20260904,0.06557588941103455,0.05713790348320686,0.008437985927827692
2024-01-04,3,1,E12,e12_add_full_fields,E12 补全更多原始字段（+9通道）,20260904,0.07535060256718937,0.04921255517403864,0.026138047393150725
2024-01-05,4,1,E12,e12_add_full_fields,E12 补全更多原始字段（+9通道）,20260904,0.03746575887951854,0.06361135114534569,-0.026145592265827147
2024-01-08,5,1,E12,e12_add_full_fields,E12 补全更多原始字段（+9通道）,20260904,0.04958474280763883,0.014197223254447217,0.03538751955319162
2024-01-09,6,1,E12,e12_add_full_fields,E12 补全更多原始字段（+9通道）,20260904,-0.011115666269732828,0.009323004983830136,-0.020438671253562964
2024-01-10,7,1,E12,e12_add_full_fields,E12 补全更多原始字段（+9通道）,20260904,-0.011044124683389295,-0.0033152973808986417,-0.007728827302490654
2024-01-11,8,1,E12,e12_add_full_fields,E12 补全更多原始字段（+9通道）,20260904,0.05082391305142766,0.04595338998127981,0.0048705230701478475
2024-01-12,9,1,E12,e12_add_full_fields,E12 补全更多原始字段（+9通道）,20260904,0.04838740020007516,0.05298270012240164,-0.004595299922326476
2024-01-15,10,1,E12,e12_add_full_fields,E12 补全更多原始字段（+9通道）,20260904,0.0016061674635217333,0.017791211974951898,-0.016185044511430165
2024-01-16,11,1,E12,e12_add_full_fields,E12 补全更多原始字段（+9通道）,20260904,0.04553344526891621,0.035484723200154056,0.010048722068762152
2024-01-17,12,1,E12,e12_add_full_fields,E12 补全更多原始字段（+9通道）,20260904,-0.061358661949330484,-0.046089193960639756,-0.015269467988690728
2024-01-18,13,1,E12,e12_add_full_fields,E12 补全更多原始字段（+9通道）,20260904,0.07640517421817376,0.08286381153796836,-0.006458637319794597
2024-01-19,14,1,E12,e12_add_full_fields,E12 补全更多原始字段（+9通道）,20260904,-0.034737005542616765,-0.004879392418470574,-0.02985761312414619
2024-01-22,15,1,E12,e12_add_full_fields,E12 补全更多原始字段（+9通道）,20260904,0.020433690510656303,0.0021713938713973572,0.018262296639258945
2024-01-23,16,1,E12,e12_add_full_fields,E12 补全更多原始字段（+9通道）,20260904,0.10444189342313391,0.0692351554113341,0.03520673801179981
2024-01-24,17,1,E12,e12_add_full_fields,E12 补全更多原始字段（+9通道）,20260904,0.07399392821591001,0.07293378715258851,0.0010601410633215014
2024-01-25,18,1,E12,e12_add_full_fields,E12 补全更多原始字段（+9通道）,20260904,0.12994866574558595,0.12072777197143851,0.009220893774147434
2024-01-26,19,1,E12,e12_add_full_fields,E12 补全更多原始字段（+9通道）,20260904,0.05115128715128715,0.03615594015594016,0.014995346995346992
2024-01-29,20,1,E12,e12_add_full_fields,E12 补全更多原始字段（+9通道）,20260904,0.019642147642147643,0.036482688482688486,-0.016840540840540843
2024-01-30,21,1,E12,e12_add_full_fields,E12 补全更多原始字段（+9通道）,20260904,0.0011705891705891705,0.025816477816477817,-0.024645888645888646
2024-01-31,22,1,E12,e12_add_full_fields,E12 补全更多原始字段（+9通道）,20260904,-0.0035434894877890773,0.005833715654543793,-0.00937720514233287
2024-02-01,23,1,E12,e12_add_full_fields,E12 补全更多原始字段（+9通道）,20260904,-0.022494261796867004,-0.013256892162703785,-0.009237369634163219
2024-02-02,24,1,E12,e12_add_full_fields,E12 补全更多原始字段（+9通道）,20260904,0.012738401728381686,0.02192216264360553,-0.009183760915223842
2024-02-05,25,1,E12,e12_add_full_fields,E12 补全更多原始字段（+9通道）,20260904,0.08108195829818768,0.12632729622220565,-0.04524533792401797
2024-02-06,26,1,E12,e12_add_full_fields,E12 补全更多原始字段（+9通道）,20260904,0.0068847309053851,0.026257850336623888,-0.01937311943123879
2024-02-07,27,1,E12,e12_add_full_fields,E12 补全更多原始字段（+9通道）,20260904,0.07262551262551263,0.04712782712782713,0.025497685497685503
2024-02-08,28,1,E12,e12_add_full_fields,E12 补全更多原始字段（+9通道）,20260904,-0.01294591317893962,-0.045848488673761484,0.03290257549482187
2024-02-19,29,1,E12,e12_add_full_fields,E12 补全更多原始字段（+9通道）,20260904,0.033654323673583154,0.016157873127345544,0.01749645054623761
2024-02-20,30,1,E12,e12_add_full_fields,E12 补全更多原始字段（+9通道）,20260904,0.016688944939279114,0.027756982173336907,-0.011068037234057793
2024-02-21,31,1,E12,e12_add_full_fields,E12 补全更多原始字段（+9通道）,20260904,-0.0015430103206877182,0.00032534448931815325,-0.0018683548100058714
2024-02-22,32,1,E12,e12_add_full_fields,E12 补全更多原始字段（+9通道）,20260904,0.045330627248851105,0.03509179025237947,0.010238836996471636
2024-02-23,33,1,E12,e12_add_full_fields,E12 补全更多原始字段（+9通道）,20260904,0.09968841387531469,0.0911057741771762,0.00858263969813848
2024-02-26,34,1,E12,e12_add_full_fields,E12 补全更多原始字段（+9通道）,20260904,0.06533279972479653,0.04713123541402283,0.018201564310773695
2024-02-27,35,1,E12,e12_add_full_fields,E12 补全更多原始字段（+9通道）,20260904,0.019029607029607033,0.01260985260985261,0.006419754419754422
2024-02-28,36,1,E12,e12_add_full_fields,E12 补全更多原始字段（+9通道）,20260904,-0.0056456576795316255,-0.003473133493972295,-0.0021725241855593304
2024-02-29,37,1,E12,e12_add_full_fields,E12 补全更多原始字段（+9通道）,20260904,0.0952533355429392,0.09269936033770024,0.0025539752052389647
2024-03-01,38,1,E12,e12_add_full_fields,E12 补全更多原始字段（+9通道）,20260904,-0.005268845268845269,0.006096654096654097,-0.011365499365499366
2024-03-04,39,1,E12,e12_add_full_fields,E12 补全更多原始字段（+9通道）,20260904,0.0936728561074504,0.10444461455658556,-0.010771758449135166
2024-03-05,40,1,E12,e12_add_full_fields,E12 补全更多原始字段（+9通道）,20260904,0.10558573248382533,0.1114849740323758,-0.0058992415485504685
2024-03-06,41,1,E12,e12_add_full_fields,E12 补全更多原始字段（+9通道）,20260904,0.05940735036486571,0.0413348923231756,0.01807245804169011
2024-03-07,42,1,E12,e12_add_full_fields,E12 补全更多原始字段（+9通道）,20260904,0.06537804588508082,0.05090397396217789,0.014474071922902933
2024-03-08,43,1,E12,e12_add_full_fields,E12 补全更多原始字段（+9通道）,20260904,0.08673967504826369,0.08248496300712377,0.004254712041139919
2024-03-11,44,1,E12,e12_add_full_fields,E12 补全更多原始字段（+9通道）,20260904,0.05444316432632947,0.04980248239243969,0.004640681933889786
2024-03-12,45,1,E12,e12_add_full_fields,E12 补全更多原始字段（+9通道）,20260904,0.04250368117678704,0.060993589026826237,-0.0184899078500392
2024-03-13,46,1,E12,e12_add_full_fields,E12 补全更多原始字段（+9通道）,20260904,0.09128315207509262,0.09288928405380031,-0.001606131978707695
2024-03-14,47,1,E12,e12_add_full_fields,E12 补全更多原始字段（+9通道）,20260904,0.041995976836277656,0.0675988239384866,-0.02560284710220894
2024-03-15,48,1,E12,e12_add_full_fields,E12 补全更多原始字段（+9通道）,20260904,0.04207633580877517,0.06062738709896901,-0.01855105129019384
2024-03-18,49,1,E12,e12_add_full_fields,E12 补全更多原始字段（+9通道）,20260904,0.09447084436757461,0.08140734268087588,0.01306350168669873
2024-03-19,50,1,E12,e12_add_full_fields,E12 补全更多原始字段（+9通道）,20260904,0.043429055454379875,0.03827257639515969,0.005156479059220183
2024-03-20,51,1,E12,e12_add_full_fields,E12 补全更多原始字段（+9通道）,20260904,0.03689027556987818,0.04372532497757717,-0.0068350494076989884
2024-03-21,52,1,E12,e12_add_full_fields,E12 补全更多原始字段（+9通道）,20260904,-0.01664688464688465,-0.00246969846969847,-0.01417718617718618
2024-03-22,53,1,E12,e12_add_full_fields,E12 补全更多原始字段（+9通道）,20260904,0.06483031892133474,0.06285987997552828,0.001970438945806466
2024-03-25,54,1,E12,e12_add_full_fields,E12 补全更多原始字段（+9通道）,20260904,0.02384870986846267,0.012217734375474052,0.011630975492988617
2024-03-26,55,1,E12,e12_add_full_fields,E12 补全更多原始字段（+9通道）,20260904,0.027075687156914222,0.03871224882838557,-0.011636561671471351
2024-03-27,56,1,E12,e12_add_full_fields,E12 补全更多原始字段（+9通道）,20260904,0.031351857440637704,0.03780160155441602,-0.0064497441137783135
2024-03-28,57,1,E12,e12_add_full_fields,E12 补全更多原始字段（+9通道）,20260904,0.05537565920305599,0.06471719485286233,-0.009341535649806339
2024-03-29,58,1,E12,e12_add_full_fields,E12 补全更多原始字段（+9通道）,20260904,0.14302341803389365,0.11792578735511221,0.025097630678781443
2024-04-01,59,1,E12,e12_add_full_fields,E12 补全更多原始字段（+9通道）,20260904,0.07172341946954919,0.0696401031612347,0.0020833163083144868
2024-04-02,60,1,E12,e12_add_full_fields,E12 补全更多原始字段（+9通道）,20260904,-0.03838970772692319,-0.03563050714664963,-0.0027592005802735617
2024-04-03,61,2,E12,e12_add_full_fields,E12 补全更多原始字段（+9通道）,20260904,0.025507774767098694,0.012030244397223907,0.013477530369874787
2024-04-08,62,2,E12,e12_add_full_fields,E12 补全更多原始字段（+9通道）,20260904,0.06563732600026978,0.07629279703933778,-0.010655471039067999
2024-04-09,63,2,E12,e12_add_full_fields,E12 补全更多原始字段（+9通道）,20260904,0.03563781574472919,0.030728586820772587,0.004909228923956604
2024-04-10,64,2,E12,e12_add_full_fields,E12 补全更多原始字段（+9通道）,20260904,0.012502350914928503,0.03923039252499551,-0.026728041610067005
2024-04-11,65,2,E12,e12_add_full_fields,E12 补全更多原始字段（+9通道）,20260904,0.09834791624879141,0.10660862900514693,-0.008260712756355523
2024-04-12,66,2,E12,e12_add_full_fields,E12 补全更多原始字段（+9通道）,20260904,-0.009807969837393748,-0.012211884248519902,0.002403914411126154
2024-04-15,67,2,E12,e12_add_full_fields,E12 补全更多原始字段（+9通道）,20260904,-0.029271257271257272,-0.00042406842406842414,-0.02884718884718885
2024-04-16,68,2,E12,e12_add_full_fields,E12 补全更多原始字段（+9通道）,20260904,-0.016579924579924583,-0.017833661833661835,0.0012537372537372513
2024-04-17,69,2,E12,e12_add_full_fields,E12 补全更多原始字段（+9通道）,20260904,0.0118920603201745,0.02323988407651992,-0.011347823756345422
2024-04-18,70,2,E12,e12_add_full_fields,E12 补全更多原始字段（+9通道）,20260904,-0.0019347024222474939,-0.02184503134997994,0.019910328927732448
2024-04-19,71,2,E12,e12_add_full_fields,E12 补全更多原始字段（+9通道）,20260904,0.06532878924851672,0.0811885580598717,-0.01585976881135498
2024-04-22,72,2,E12,e12_add_full_fields,E12 补全更多原始字段（+9通道）,20260904,0.05681785222692347,0.0741597426093273,-0.01734189038240383
2024-04-23,73,2,E12,e12_add_full_fields,E12 补全更多原始字段（+9通道）,20260904,0.10128932492102634,0.105312778248011,-0.004023453326984658
2024-04-24,74,2,E12,e12_add_full_fields,E12 补全更多原始字段（+9通道）,20260904,0.02387385660995392,0.008779745968144117,0.015094110641809802
2024-04-25,75,2,E12,e12_add_full_fields,E12 补全更多原始字段（+9通道）,20260904,0.04810403334432335,0.05447235325045107,-0.006368319906127719
2024-04-26,76,2,E12,e12_add_full_fields,E12 补全更多原始字段（+9通道）,20260904,0.0424260259438867,0.04328446741539553,-0.0008584414715088334
2024-04-29,77,2,E12,e12_add_full_fields,E12 补全更多原始字段（+9通道）,20260904,0.10214367017645512,0.0948012688943936,0.007342401282061525
2024-04-30,78,2,E12,e12_add_full_fields,E12 补全更多原始字段（+9通道）,20260904,-0.005343000961669217,0.008686205543893403,-0.01402920650556262
2024-05-06,79,2,E12,e12_add_full_fields,E12 补全更多原始字段（+9通道）,20260904,0.092836020061332,0.07056398682632425,0.022272033235007746
2024-05-07,80,2,E12,e12_add_full_fields,E12 补全更多原始字段（+9通道）,20260904,0.030472572864866588,0.047901069550214746,-0.01742849668534816
2024-05-08,81,2,E12,e12_add_full_fields,E12 补全更多原始字段（+9通道）,20260904,0.034316795960189425,0.015989883767474188,0.018326912192715237
2024-05-09,82,2,E12,e12_add_full_fields,E12 补全更多原始字段（+9通道）,20260904,0.07302728066375731,0.056954389944506315,0.016072890719251
2024-05-10,83,2,E12,e12_add_full_fields,E12 补全更多原始字段（+9通道）,20260904,0.058927497816875445,0.056862636053428436,0.002064861763447008
2024-05-13,84,2,E12,e12_add_full_fields,E12 补全更多原始字段（+9通道）,20260904,0.061832062227684094,0.07150788213902481,-0.00967581991134072
2024-05-14,85,2,E12,e12_add_full_fields,E12 补全更多原始字段（+9通道）,20260904,0.1264033558304564,0.11881407741707932,0.0075892784133770735
2024-05-15,86,2,E12,e12_add_full_fields,E12 补全更多原始字段（+9通道）,20260904,0.03951907494444584,0.04064280608255593,-0.0011237311381100887
2024-05-16,87,2,E12,e12_add_full_fields,E12 补全更多原始字段（+9通道）,20260904,0.04630226079553157,0.036848115807750007,0.009454144987781563
2024-05-17,88,2,E12,e12_add_full_fields,E12 补全更多原始字段（+9通道）,20260904,-0.015882671128010256,-0.012958717234813137,-0.0029239538931971187
2024-05-20,89,2,E12,e12_add_full_fields,E12 补全更多原始字段（+9通道）,20260904,0.036560158959869,0.05501328282233755,-0.01845312386246855
2024-05-21,90,2,E12,e12_add_full_fields,E12 补全更多原始字段（+9通道）,20260904,0.09579693334700456,0.09226402880890729,0.0035329045380972784
2024-05-22,91,2,E12,e12_add_full_fields,E12 补全更多原始字段（+9通道）,20260904,0.07581617402697548,0.05540115750120598,0.0204150165257695
2024-05-23,92,2,E12,e12_add_full_fields,E12 补全更多原始字段（+9通道）,20260904,0.11607196393543527,0.12171364428550123,-0.0056416803500659585
2024-05-24,93,2,E12,e12_add_full_fields,E12 补全更多原始字段（+9通道）,20260904,0.03882881912947939,0.06867311010447996,-0.02984429097500057
2024-05-27,94,2,E12,e12_add_full_fields,E12 补全更多原始字段（+9通道）,20260904,0.018905823129989455,0.04275661222486879,-0.023850789094879334
2024-05-28,95,2,E12,e12_add_full_fields,E12 补全更多原始字段（+9通道）,20260904,0.03199264390225344,0.011837505082683317,0.020155138819570123
2024-05-29,96,2,E12,e12_add_full_fields,E12 补全更多原始字段（+9通道）,20260904,0.06145541344465608,0.0678482071078739,-0.006392793663217815
2024-05-30,97,2,E12,e12_add_full_fields,E12 补全更多原始字段（+9通道）,20260904,0.08019754498971152,0.09324400500597294,-0.013046460016261419
2024-05-31,98,2,E12,e12_add_full_fields,E12 补全更多原始字段（+9通道）,20260904,-0.02173100512005001,-0.03981743686830892,0.018086431748258913
2024-06-03,99,2,E12,e12_add_full_fields,E12 补全更多原始字段（+9通道）,20260904,-0.0006017016961543722,-0.01745857242806352,0.016856870731909147
2024-06-04,100,2,E12,e12_add_full_fields,E12 补全更多原始字段（+9通道）,20260904,0.014339729132889951,0.017095606562337624,-0.002755877429447672
2024-06-05,101,2,E12,e12_add_full_fields,E12 补全更多原始字段（+9通道）,20260904,0.005277919507431282,0.02376941322975774,-0.01849149372232646
2024-06-06,102,2,E12,e12_add_full_fields,E12 补全更多原始字段（+9通道）,20260904,0.14434891669340405,0.12260611660708833,0.021742800086315725
2024-06-07,103,2,E12,e12_add_full_fields,E12 补全更多原始字段（+9通道）,20260904,-0.043194809528447904,-0.026834710206484487,-0.016360099321963417
2024-06-11,104,2,E12,e12_add_full_fields,E12 补全更多原始字段（+9通道）,20260904,0.04713442582992324,0.06177802240851022,-0.014643596578586979
2024-06-12,105,2,E12,e12_add_full_fields,E12 补全更多原始字段（+9通道）,20260904,0.05446878484850937,0.060703482865951654,-0.006234698017442281
2024-06-13,106,2,E12,e12_add_full_fields,E12 补全更多原始字段（+9通道）,20260904,0.05355712917070589,0.023667379597605592,0.029889749573100297
2024-06-14,107,2,E12,e12_add_full_fields,E12 补全更多原始字段（+9通道）,20260904,0.034918470255181557,0.050989743873347884,-0.016071273618166328
2024-06-17,108,2,E12,e12_add_full_fields,E12 补全更多原始字段（+9通道）,20260904,0.0528138611151705,0.06097555934139546,-0.008161698226224957
2024-06-18,109,2,E12,e12_add_full_fields,E12 补全更多原始字段（+9通道）,20260904,0.04187292599854478,0.0472200773617376,-0.0053471513631928175
2024-06-19,110,2,E12,e12_add_full_fields,E12 补全更多原始字段（+9通道）,20260904,0.06929883350673002,0.08778488204823669,-0.018486048541506664
2024-06-20,111,2,E12,e12_add_full_fields,E12 补全更多原始字段（+9通道）,20260904,0.020690211488585738,0.014963586448239242,0.005726625040346496
2024-06-21,112,2,E12,e12_add_full_fields,E12 补全更多原始字段（+9通道）,20260904,-0.017047861488743248,0.009549814343401516,-0.026597675832144764
2024-06-24,113,2,E12,e12_add_full_fields,E12 补全更多原始字段（+9通道）,20260904,0.050799774678430124,0.04768828363485116,0.003111491043578961
2024-06-25,114,2,E12,e12_add_full_fields,E12 补全更多原始字段（+9通道）,20260904,0.09613792779594603,0.09242046282481017,0.003717464971135856
2024-06-26,115,2,E12,e12_add_full_fields,E12 补全更多原始字段（+9通道）,20260904,-0.0023755017899989433,-0.01725807195860297,0.014882570168604028
2024-06-27,116,2,E12,e12_add_full_fields,E12 补全更多原始字段（+9通道）,20260904,0.03617897677611839,0.02002731729553177,0.016151659480586625
2024-06-28,117,2,E12,e12_add_full_fields,E12 补全更多原始字段（+9通道）,20260904,0.07621628431282265,0.07325053823201255,0.0029657460808101
2024-07-01,118,2,E12,e12_add_full_fields,E12 补全更多原始字段（+9通道）,20260904,0.06018146052750056,0.010179604410269228,0.05000185611723133
2024-07-02,119,2,E12,e12_add_full_fields,E12 补全更多原始字段（+9通道）,20260904,0.07232757443617593,0.04850027010331664,0.023827304332859296
2024-07-03,120,2,E12,e12_add_full_fields,E12 补全更多原始字段（+9通道）,20260904,0.047320394827615554,0.025617860499484613,0.02170253432813094
2024-07-04,121,3,E12,e12_add_full_fields,E12 补全更多原始字段（+9通道）,20260904,0.0456879703225248,0.059058895806825946,-0.013370925484301147
2024-07-05,122,3,E12,e12_add_full_fields,E12 补全更多原始字段（+9通道）,20260904,0.0034937141550368,0.022651729886198818,-0.019158015731162017
2024-07-08,123,3,E12,e12_add_full_fields,E12 补全更多原始字段（+9通道）,20260904,-0.03391387018979545,-0.00680636957767029,-0.02710750061212516
2024-07-09,124,3,E12,e12_add_full_fields,E12 补全更多原始字段（+9通道）,20260904,-0.05350595485264823,-0.037753609320743585,-0.015752345531904646
2024-07-10,125,3,E12,e12_add_full_fields,E12 补全更多原始字段（+9通道）,20260904,0.06433597757687069,0.08688692412646044,-0.02255094654958975
2024-07-11,126,3,E12,e12_add_full_fields,E12 补全更多原始字段（+9通道）,20260904,0.004764695371486695,0.009790640012958434,-0.0050259446414717395
2024-07-12,127,3,E12,e12_add_full_fields,E12 补全更多原始字段（+9通道）,20260904,0.04269437630181549,0.032881669217213416,0.009812707084602072
2024-07-15,128,3,E12,e12_add_full_fields,E12 补全更多原始字段（+9通道）,20260904,-0.04210250955221849,-0.018027474161714345,-0.024075035390504144
2024-07-16,129,3,E12,e12_add_full_fields,E12 补全更多原始字段（+9通道）,20260904,0.035727509956617075,0.03956045538710641,-0.003832945430489336
2024-07-17,130,3,E12,e12_add_full_fields,E12 补全更多原始字段（+9通道）,20260904,-4.370777385614777e-05,-0.001183230584501797,0.0011395228106456491
2024-07-18,131,3,E12,e12_add_full_fields,E12 补全更多原始字段（+9通道）,20260904,0.01160094582558475,0.00740094118800626,0.004200004637578489
2024-07-19,132,3,E12,e12_add_full_fields,E12 补全更多原始字段（+9通道）,20260904,0.02566302527336141,0.024776717955731182,0.000886307317630227
2024-07-22,133,3,E12,e12_add_full_fields,E12 补全更多原始字段（+9通道）,20260904,0.027788925040002195,0.002609343656624718,0.02517958138337748
2024-07-23,134,3,E12,e12_add_full_fields,E12 补全更多原始字段（+9通道）,20260904,0.02440570822586747,0.02799730234771189,-0.00359159412184442
2024-07-24,135,3,E12,e12_add_full_fields,E12 补全更多原始字段（+9通道）,20260904,0.011323873527848827,0.02964522145468378,-0.01832134792683495
2024-07-25,136,3,E12,e12_add_full_fields,E12 补全更多原始字段（+9通道）,20260904,0.08996702010280204,0.07949139539788304,0.010475624704919001
2024-07-26,137,3,E12,e12_add_full_fields,E12 补全更多原始字段（+9通道）,20260904,0.07937299975798581,0.05867308216537401,0.020699917592611805
2024-07-29,138,3,E12,e12_add_full_fields,E12 补全更多原始字段（+9通道）,20260904,0.044274534085497995,0.05498266218353616,-0.010708128098038165
2024-07-30,139,3,E12,e12_add_full_fields,E12 补全更多原始字段（+9通道）,20260904,0.048861449449383296,0.07283919568000836,-0.02397774623062507
2024-07-31,140,3,E12,e12_add_full_fields,E12 补全更多原始字段（+9通道）,20260904,0.09002537298201349,0.10650801537955662,-0.01648264239754313
2024-08-01,141,3,E12,e12_add_full_fields,E12 补全更多原始字段（+9通道）,20260904,0.052075979999330876,0.03420720412017981,0.017868775879151068
2024-08-02,142,3,E12,e12_add_full_fields,E12 补全更多原始字段（+9通道）,20260904,0.02760164986835825,0.034263981794963566,-0.006662331926605317
2024-08-05,143,3,E12,e12_add_full_fields,E12 补全更多原始字段（+9通道）,20260904,0.025569780712965652,0.018158506020723483,0.007411274692242169
2024-08-06,144,3,E12,e12_add_full_fields,E12 补全更多原始字段（+9通道）,20260904,0.05734791541895648,0.05325846590180519,0.004089449517151289
2024-08-07,145,3,E12,e12_add_full_fields,E12 补全更多原始字段（+9通道）,20260904,0.04544498309443215,0.0190695701130769,0.02637541298135525
2024-08-08,146,3,E12,e12_add_full_fields,E12 补全更多原始字段（+9通道）,20260904,0.14813993674481116,0.14770032374030995,0.0004396130045012103
2024-08-09,147,3,E12,e12_add_full_fields,E12 补全更多原始字段（+9通道）,20260904,0.03388167620189173,0.0192812142243874,0.014600461977504333
2024-08-12,148,3,E12,e12_add_full_fields,E12 补全更多原始字段（+9通道）,20260904,0.06101485110901057,0.0738031445386184,-0.012788293429607828
2024-08-13,149,3,E12,e12_add_full_fields,E12 补全更多原始字段（+9通道）,20260904,0.06980578083129228,0.05023282736314896,0.01957295346814332
2024-08-14,150,3,E12,e12_add_full_fields,E12 补全更多原始字段（+9通道）,20260904,0.023017393042018316,0.014388061970923254,0.008629331071095063
2024-08-15,151,3,E12,e12_add_full_fields,E12 补全更多原始字段（+9通道）,20260904,-0.006713349346382222,-0.008470491448174753,0.0017571421017925307
2024-08-16,152,3,E12,e12_add_full_fields,E12 补全更多原始字段（+9通道）,20260904,0.1018923512516052,0.08104539074803989,0.020846960503565312
2024-08-19,153,3,E12,e12_add_full_fields,E12 补全更多原始字段（+9通道）,20260904,0.04270817924951458,0.042930257039394876,-0.0002220777898802942
2024-08-20,154,3,E12,e12_add_full_fields,E12 补全更多原始字段（+9通道）,20260904,0.016106752723445496,0.03170742387881772,-0.015600671155372222
2024-08-21,155,3,E12,e12_add_full_fields,E12 补全更多原始字段（+9通道）,20260904,0.0674417787316823,0.05537838032042114,0.012063398411261167
2024-08-22,156,3,E12,e12_add_full_fields,E12 补全更多原始字段（+9通道）,20260904,-0.0028816673250906424,-0.017992484006826993,0.01511081668173635
2024-08-23,157,3,E12,e12_add_full_fields,E12 补全更多原始字段（+9通道）,20260904,0.09377718584978267,0.06923538495380731,0.024541800895975366
2024-08-26,158,3,E12,e12_add_full_fields,E12 补全更多原始字段（+9通道）,20260904,0.036235626323212054,0.005937054934480246,0.030298571388731807
2024-08-27,159,3,E12,e12_add_full_fields,E12 补全更多原始字段（+9通道）,20260904,0.00374856416465481,-0.0015028756696948784,0.005251439834349688
2024-08-28,160,3,E12,e12_add_full_fields,E12 补全更多原始字段（+9通道）,20260904,-0.006511200940940217,-0.010070968735652695,0.0035597677947124774
2024-08-29,161,3,E12,e12_add_full_fields,E12 补全更多原始字段（+9通道）,20260904,-0.019634905693810413,-0.016619830669690167,-0.0030150750241202465
2024-08-30,162,3,E12,e12_add_full_fields,E12 补全更多原始字段（+9通道）,20260904,0.019605800782148866,0.00816700465702495,0.011438796125123916
2024-09-02,163,3,E12,e12_add_full_fields,E12 补全更多原始字段（+9通道）,20260904,0.03298339597289787,0.053426965029774,-0.02044356905687613
2024-09-03,164,3,E12,e12_add_full_fields,E12 补全更多原始字段（+9通道）,20260904,-0.1118128540837629,-0.09054510650447677,-0.021267747579286136
2024-09-04,165,3,E12,e12_add_full_fields,E12 补全更多原始字段（+9通道）,20260904,0.09175516222711988,0.09399790092565881,-0.002242738698538929
2024-09-05,166,3,E12,e12_add_full_fields,E12 补全更多原始字段（+9通道）,20260904,0.04091680091680092,0.0404966564966565,0.0004201444201444235
2024-09-06,167,3,E12,e12_add_full_fields,E12 补全更多原始字段（+9通道）,20260904,-0.02000582529086581,-0.01720904007765713,-0.0027967852132086794
2024-09-09,168,3,E12,e12_add_full_fields,E12 补全更多原始字段（+9通道）,20260904,0.034218836017127024,0.049625917134394244,-0.01540708111726722
2024-09-10,169,3,E12,e12_add_full_fields,E12 补全更多原始字段（+9通道）,20260904,-0.0416777399550393,-0.0174628803168412,-0.024214859638198104
2024-09-11,170,3,E12,e12_add_full_fields,E12 补全更多原始字段（+9通道）,20260904,0.09429995323785494,0.07493878226368764,0.0193611709741673
2024-09-12,171,3,E12,e12_add_full_fields,E12 补全更多原始字段（+9通道）,20260904,0.04439911922337891,0.028968713942522567,0.015430405280856346
2024-09-13,172,3,E12,e12_add_full_fields,E12 补全更多原始字段（+9通道）,20260904,0.009678722494135277,0.025088385344642666,-0.01540966285050739
2024-09-18,173,3,E12,e12_add_full_fields,E12 补全更多原始字段（+9通道）,20260904,0.1445128661202565,0.1020062870229666,0.04250657909728989
2024-09-19,174,3,E12,e12_add_full_fields,E12 补全更多原始字段（+9通道）,20260904,0.05830887969656246,0.03770411670699632,0.020604762989566143
2024-09-20,175,3,E12,e12_add_full_fields,E12 补全更多原始字段（+9通道）,20260904,0.025512343971566168,0.04020219492583445,-0.01468985095426828
2024-09-23,176,3,E12,e12_add_full_fields,E12 补全更多原始字段（+9通道）,20260904,0.05656293256293257,0.04085989685989686,0.01570303570303571
2024-09-24,177,3,E12,e12_add_full_fields,E12 补全更多原始字段（+9通道）,20260904,0.12290860149359382,0.09806527344680667,0.024843328046787155
2024-09-25,178,3,E12,e12_add_full_fields,E12 补全更多原始字段（+9通道）,20260904,0.03364991764991765,0.04775325575325576,-0.014103338103338109
2024-09-26,179,3,E12,e12_add_full_fields,E12 补全更多原始字段（+9通道）,20260904,-0.06946442146442147,-0.06804327204327204,-0.0014211494211494313
2024-09-27,180,3,E12,e12_add_full_fields,E12 补全更多原始字段（+9通道）,20260904,0.11846861846861848,0.14161859761859763,-0.023149979149979155
2024-09-30,181,4,E12,e12_add_full_fields,E12 补全更多原始字段（+9通道）,20260904,-0.016094900064453646,-0.05134963944194512,0.035254739377491476
2024-10-08,182,4,E12,e12_add_full_fields,E12 补全更多原始字段（+9通道）,20260904,0.13829186512161631,0.08213896663180044,0.056152898489815875
2024-10-09,183,4,E12,e12_add_full_fields,E12 补全更多原始字段（+9通道）,20260904,0.0977161606476455,0.08617100875613906,0.011545151891506442
2024-10-10,184,4,E12,e12_add_full_fields,E12 补全更多原始字段（+9通道）,20260904,-0.03220071829732045,-0.02299313906211848,-0.00920757923520197
2024-10-11,185,4,E12,e12_add_full_fields,E12 补全更多原始字段（+9通道）,20260904,0.05105690736324881,0.0644273808139451,-0.013370473450696287
2024-10-14,186,4,E12,e12_add_full_fields,E12 补全更多原始字段（+9通道）,20260904,-0.022083274083274082,-0.0022843462843462844,-0.019798927798927796
2024-10-15,187,4,E12,e12_add_full_fields,E12 补全更多原始字段（+9通道）,20260904,-0.03525779936357276,-0.023633465704366103,-0.011624333659206659
2024-10-16,188,4,E12,e12_add_full_fields,E12 补全更多原始字段（+9通道）,20260904,0.07762012808584887,0.09240024295464441,-0.014780114868795546
2024-10-17,189,4,E12,e12_add_full_fields,E12 补全更多原始字段（+9通道）,20260904,-0.02675928433443463,-0.002194130001745232,-0.0245651543326894
2024-10-18,190,4,E12,e12_add_full_fields,E12 补全更多原始字段（+9通道）,20260904,-0.0066891437502145205,-0.03233892978354085,0.025649786033326332
2024-10-21,191,4,E12,e12_add_full_fields,E12 补全更多原始字段（+9通道）,20260904,0.058633135896571056,0.059786004506222186,-0.0011528686096511295
2024-10-22,192,4,E12,e12_add_full_fields,E12 补全更多原始字段（+9通道）,20260904,0.04410739088419371,0.026664876988212623,0.017442513895981084
2024-10-23,193,4,E12,e12_add_full_fields,E12 补全更多原始字段（+9通道）,20260904,0.07717571213802628,0.0703505152558263,0.0068251968821999714
2024-10-24,194,4,E12,e12_add_full_fields,E12 补全更多原始字段（+9通道）,20260904,-0.025434680053835392,-0.03322251594032024,0.007787835886484847
2024-10-25,195,4,E12,e12_add_full_fields,E12 补全更多原始字段（+9通道）,20260904,0.04662504436985701,0.005203511942296163,0.041421532427560845
2024-10-28,196,4,E12,e12_add_full_fields,E12 补全更多原始字段（+9通道）,20260904,0.0599416979077199,0.05566134278383657,0.004280355123883334
2024-10-29,197,4,E12,e12_add_full_fields,E12 补全更多原始字段（+9通道）,20260904,0.02565043578020463,0.04706044787100787,-0.02141001209080324
2024-10-30,198,4,E12,e12_add_full_fields,E12 补全更多原始字段（+9通道）,20260904,-0.005912862184840771,0.007948433238199477,-0.013861295423040248
2024-10-31,199,4,E12,e12_add_full_fields,E12 补全更多原始字段（+9通道）,20260904,0.04718565086440539,0.06556278963670759,-0.018377138772302196
2024-11-01,200,4,E12,e12_add_full_fields,E12 补全更多原始字段（+9通道）,20260904,0.013407588287590972,0.00035982097429181124,0.013047767313299161
2024-11-04,201,4,E12,e12_add_full_fields,E12 补全更多原始字段（+9通道）,20260904,0.030508763257729412,0.03948677062465198,-0.008978007366922568
2024-11-05,202,4,E12,e12_add_full_fields,E12 补全更多原始字段（+9通道）,20260904,0.019124516903857858,0.01702462463013148,0.0020998922737263774
2024-11-06,203,4,E12,e12_add_full_fields,E12 补全更多原始字段（+9通道）,20260904,0.1115792149223831,0.09872540131701622,0.012853813605366873
2024-11-07,204,4,E12,e12_add_full_fields,E12 补全更多原始字段（+9通道）,20260904,0.10653790648075441,0.09819986990465784,0.008338036576096566
2024-11-08,205,4,E12,e12_add_full_fields,E12 补全更多原始字段（+9通道）,20260904,0.00639371509136988,0.010895277746890449,-0.004501562655520569
2024-11-11,206,4,E12,e12_add_full_fields,E12 补全更多原始字段（+9通道）,20260904,0.03953885692582821,0.033831724808851264,0.005707132116976946
2024-11-12,207,4,E12,e12_add_full_fields,E12 补全更多原始字段（+9通道）,20260904,0.12089670942879824,0.11194881493172149,0.008947894497076753
2024-11-13,208,4,E12,e12_add_full_fields,E12 补全更多原始字段（+9通道）,20260904,0.14368350221899157,0.1246089826926541,0.01907451952633747
2024-11-14,209,4,E12,e12_add_full_fields,E12 补全更多原始字段（+9通道）,20260904,-0.0183253244782522,-0.021674724052398158,0.0033493995741459594
2024-11-15,210,4,E12,e12_add_full_fields,E12 补全更多原始字段（+9通道）,20260904,0.13809831115112603,0.11420484847835263,0.023893462672773397
2024-11-18,211,4,E12,e12_add_full_fields,E12 补全更多原始字段（+9通道）,20260904,-0.004465044229389976,-0.0317857819650459,0.027320737735655926
2024-11-19,212,4,E12,e12_add_full_fields,E12 补全更多原始字段（+9通道）,20260904,0.013616941657792484,-0.006903456924167294,0.020520398581959778
2024-11-20,213,4,E12,e12_add_full_fields,E12 补全更多原始字段（+9通道）,20260904,0.08147052179844008,0.0833223525669273,-0.001851830768487217
2024-11-21,214,4,E12,e12_add_full_fields,E12 补全更多原始字段（+9通道）,20260904,0.016850614951718645,0.005673281707321398,0.011177333244397247
2024-11-22,215,4,E12,e12_add_full_fields,E12 补全更多原始字段（+9通道）,20260904,0.07127685613217842,0.0655010102870224,0.005775845845156016
2024-11-25,216,4,E12,e12_add_full_fields,E12 补全更多原始字段（+9通道）,20260904,0.13317111315408078,0.1171171774144817,0.01605393573959908
2024-11-26,217,4,E12,e12_add_full_fields,E12 补全更多原始字段（+9通道）,20260904,-0.05744889212327894,-0.04783662849926055,-0.009612263624018388
2024-11-27,218,4,E12,e12_add_full_fields,E12 补全更多原始字段（+9通道）,20260904,0.04739888082158585,0.04664678195019905,0.0007520988713868026
2024-11-28,219,4,E12,e12_add_full_fields,E12 补全更多原始字段（+9通道）,20260904,0.05638950872784578,0.07612557458232802,-0.01973606585448224
2024-11-29,220,4,E12,e12_add_full_fields,E12 补全更多原始字段（+9通道）,20260904,0.03558832265597235,0.03862253178120775,-0.0030342091252354014
2024-12-02,221,4,E12,e12_add_full_fields,E12 补全更多原始字段（+9通道）,20260904,0.04365376256381161,0.0337161264874027,0.009937636076408907
2024-12-03,222,4,E12,e12_add_full_fields,E12 补全更多原始字段（+9通道）,20260904,0.02025050726378291,0.02116387755888808,-0.0009133702951051696
2024-12-04,223,4,E12,e12_add_full_fields,E12 补全更多原始字段（+9通道）,20260904,0.04594644125458515,0.021456551001422727,0.024489890253162422
2024-12-05,224,4,E12,e12_add_full_fields,E12 补全更多原始字段（+9通道）,20260904,0.20203453003453004,0.1746988266988267,0.027335703335703343
2024-12-06,225,4,E12,e12_add_full_fields,E12 补全更多原始字段（+9通道）,20260904,-0.038349158349158356,-0.040227412227412225,0.0018782538782538688
2024-12-09,226,4,E12,e12_add_full_fields,E12 补全更多原始字段（+9通道）,20260904,0.03957553557553558,0.051087771087771086,-0.011512235512235507
2024-12-10,227,4,E12,e12_add_full_fields,E12 补全更多原始字段（+9通道）,20260904,0.005585123601878972,0.005540975557598485,4.414804428048719e-05
2024-12-11,228,4,E12,e12_add_full_fields,E12 补全更多原始字段（+9通道）,20260904,0.021144643896136343,0.008761475007209314,0.01238316888892703
2024-12-12,229,4,E12,e12_add_full_fields,E12 补全更多原始字段（+9通道）,20260904,0.00519961137894249,-0.0011173594087456051,0.006316970787688095
2024-12-13,230,4,E12,e12_add_full_fields,E12 补全更多原始字段（+9通道）,20260904,0.12677354845857278,0.11273452078639029,0.014039027672182486
2024-12-16,231,4,E12,e12_add_full_fields,E12 补全更多原始字段（+9通道）,20260904,0.07373899751979705,0.04722853210382661,0.026510465415970443
2024-12-17,232,4,E12,e12_add_full_fields,E12 补全更多原始字段（+9通道）,20260904,0.015992237655247418,0.016632661157365412,-0.0006404235021179941
2024-12-18,233,4,E12,e12_add_full_fields,E12 补全更多原始字段（+9通道）,20260904,0.03921481576669494,0.04926423033343266,-0.010049414566737726
2024-12-19,234,4,E12,e12_add_full_fields,E12 补全更多原始字段（+9通道）,20260904,-0.060947734834664424,-0.03691701808256851,-0.024030716752095914
2024-12-20,235,4,E12,e12_add_full_fields,E12 补全更多原始字段（+9通道）,20260904,0.03386972371347813,0.0154846435629655,0.018385080150512628
2024-12-23,236,4,E12,e12_add_full_fields,E12 补全更多原始字段（+9通道）,20260904,-0.018315092685721963,0.00544228134298196,-0.023757374028703922
2024-12-24,237,4,E12,e12_add_full_fields,E12 补全更多原始字段（+9通道）,20260904,0.04332340210963818,0.04693198384692092,-0.0036085817372827414
2024-12-25,238,4,E12,e12_add_full_fields,E12 补全更多原始字段（+9通道）,20260904,-0.08213797687455651,-0.06371792827448547,-0.018420048600071043
2024-12-26,239,4,E12,e12_add_full_fields,E12 补全更多原始字段（+9通道）,20260904,0.15635291124705972,0.16165197115373686,-0.005299059906677145
2024-12-27,240,4,E12,e12_add_full_fields,E12 补全更多原始字段（+9通道）,20260904,0.05652785053236602,0.06528162330527162,-0.008753772772905608
2024-01-02,1,1,E12,e12_add_full_fields,E12 补全更多原始字段（+9通道）,20260915,0.048121553798883554,0.027012685862517535,0.02110886793636602
2024-01-03,2,1,E12,e12_add_full_fields,E12 补全更多原始字段（+9通道）,20260915,0.054655848746579624,0.0640516310105021,-0.009395782263922473
2024-01-04,3,1,E12,e12_add_full_fields,E12 补全更多原始字段（+9通道）,20260915,0.09183059765327983,0.06942683296889471,0.022403764684385125
2024-01-05,4,1,E12,e12_add_full_fields,E12 补全更多原始字段（+9通道）,20260915,0.01908484134382627,0.04222290347559015,-0.02313806213176388
2024-01-08,5,1,E12,e12_add_full_fields,E12 补全更多原始字段（+9通道）,20260915,0.019659285743219918,0.019634160374928995,2.5125368290922906e-05
2024-01-09,6,1,E12,e12_add_full_fields,E12 补全更多原始字段（+9通道）,20260915,0.007983430275765714,0.01659835809375437,-0.008614927817988656
2024-01-10,7,1,E12,e12_add_full_fields,E12 补全更多原始字段（+9通道）,20260915,-0.019654733598899923,-0.0071165516781268884,-0.012538181920773035
2024-01-11,8,1,E12,e12_add_full_fields,E12 补全更多原始字段（+9通道）,20260915,0.06491335077854062,0.07157770220352255,-0.0066643514249819374
2024-01-12,9,1,E12,e12_add_full_fields,E12 补全更多原始字段（+9通道）,20260915,0.052684548184178726,0.03963537130691755,0.013049176877261176
2024-01-15,10,1,E12,e12_add_full_fields,E12 补全更多原始字段（+9通道）,20260915,0.030761327782916757,0.03274861187525228,-0.00198728409233552
2024-01-16,11,1,E12,e12_add_full_fields,E12 补全更多原始字段（+9通道）,20260915,0.031004290864010298,0.024807236093809235,0.006197054770201063
2024-01-17,12,1,E12,e12_add_full_fields,E12 补全更多原始字段（+9通道）,20260915,-0.051009861383978505,-0.0407569102387362,-0.010252951145242307
2024-01-18,13,1,E12,e12_add_full_fields,E12 补全更多原始字段（+9通道）,20260915,0.07053481276119523,0.06789557537739296,0.0026392373838022704
2024-01-19,14,1,E12,e12_add_full_fields,E12 补全更多原始字段（+9通道）,20260915,-0.0009584213471989021,-0.0010555405104503298,9.711916325142768e-05
2024-01-22,15,1,E12,e12_add_full_fields,E12 补全更多原始字段（+9通道）,20260915,0.04296637182723362,0.04738769502048684,-0.004421323193253224
2024-01-23,16,1,E12,e12_add_full_fields,E12 补全更多原始字段（+9通道）,20260915,0.06954379671982881,0.037926598168869854,0.03161719855095896
2024-01-24,17,1,E12,e12_add_full_fields,E12 补全更多原始字段（+9通道）,20260915,0.07587713810476952,0.04789236003603712,0.027984778068732404
2024-01-25,18,1,E12,e12_add_full_fields,E12 补全更多原始字段（+9通道）,20260915,0.08695036416738618,0.09237111791338516,-0.005420753745998985
2024-01-26,19,1,E12,e12_add_full_fields,E12 补全更多原始字段（+9通道）,20260915,0.05212915612915613,0.05686450486450487,-0.004735348735348734
2024-01-29,20,1,E12,e12_add_full_fields,E12 补全更多原始字段（+9通道）,20260915,0.02678831078831079,0.03196325596325597,-0.00517494517494518
2024-01-30,21,1,E12,e12_add_full_fields,E12 补全更多原始字段（+9通道）,20260915,0.05580867180867182,0.045412293412293414,0.010396378396378407
2024-01-31,22,1,E12,e12_add_full_fields,E12 补全更多原始字段（+9通道）,20260915,-0.0055699508798362765,0.014826397985953832,-0.020396348865790108
2024-02-01,23,1,E12,e12_add_full_fields,E12 补全更多原始字段（+9通道）,20260915,-0.04256880126619605,-0.017751262284328415,-0.024817538981867632
2024-02-02,24,1,E12,e12_add_full_fields,E12 补全更多原始字段（+9通道）,20260915,0.025148615549417146,0.03702795380550891,-0.011879338256091766
2024-02-05,25,1,E12,e12_add_full_fields,E12 补全更多原始字段（+9通道）,20260915,0.024621870991199057,0.08770823902386261,-0.06308636803266356
2024-02-06,26,1,E12,e12_add_full_fields,E12 补全更多原始字段（+9通道）,20260915,0.02572360980078063,0.017565737618434833,0.008157872182345798
2024-02-07,27,1,E12,e12_add_full_fields,E12 补全更多原始字段（+9通道）,20260915,0.07576994776994778,0.04460162060162061,0.031168327168327167
2024-02-08,28,1,E12,e12_add_full_fields,E12 补全更多原始字段（+9通道）,20260915,-0.027822838323649415,-0.05187126480494759,0.024048426481298173
2024-02-19,29,1,E12,e12_add_full_fields,E12 补全更多原始字段（+9通道）,20260915,0.044781023467884956,0.018515875626828198,0.026265147841056758
2024-02-20,30,1,E12,e12_add_full_fields,E12 补全更多原始字段（+9通道）,20260915,0.0031607792081908962,0.01613884638092908,-0.012978067172738183
2024-02-21,31,1,E12,e12_add_full_fields,E12 补全更多原始字段（+9通道）,20260915,0.021435362238787527,0.0010043415105297593,0.020431020728257768
2024-02-22,32,1,E12,e12_add_full_fields,E12 补全更多原始字段（+9通道）,20260915,0.04262437075646475,0.05494243920446105,-0.012318068447996301
2024-02-23,33,1,E12,e12_add_full_fields,E12 补全更多原始字段（+9通道）,20260915,0.10463936862346633,0.09910368307832658,0.005535685545139751
2024-02-26,34,1,E12,e12_add_full_fields,E12 补全更多原始字段（+9通道）,20260915,0.05997798633785426,0.0455591438324987,0.014418842505355564
2024-02-27,35,1,E12,e12_add_full_fields,E12 补全更多原始字段（+9通道）,20260915,0.013101817101817102,0.03560163560163561,-0.022499818499818507
2024-02-28,36,1,E12,e12_add_full_fields,E12 补全更多原始字段（+9通道）,20260915,0.025715215869507164,0.020448500571191578,0.005266715298315586
2024-02-29,37,1,E12,e12_add_full_fields,E12 补全更多原始字段（+9通道）,20260915,0.09033540537093668,0.08363968496780735,0.006695720403129324
2024-03-01,38,1,E12,e12_add_full_fields,E12 补全更多原始字段（+9通道）,20260915,-0.03244095244095245,-0.011295683295683296,-0.021145269145269152
2024-03-04,39,1,E12,e12_add_full_fields,E12 补全更多原始字段（+9通道）,20260915,0.09545944203488689,0.09059848156765407,0.004860960467232819
2024-03-05,40,1,E12,e12_add_full_fields,E12 补全更多原始字段（+9通道）,20260915,0.11048330452585468,0.10865456729138745,0.0018287372344672342
2024-03-06,41,1,E12,e12_add_full_fields,E12 补全更多原始字段（+9通道）,20260915,0.03696651519008022,0.03464240856064871,0.0023241066294315132
2024-03-07,42,1,E12,e12_add_full_fields,E12 补全更多原始字段（+9通道）,20260915,0.10422991761768616,0.08461288880936887,0.019617028808317283
2024-03-08,43,1,E12,e12_add_full_fields,E12 补全更多原始字段（+9通道）,20260915,0.09103698536891988,0.08658693030779807,0.00445005506112181
2024-03-11,44,1,E12,e12_add_full_fields,E12 补全更多原始字段（+9通道）,20260915,0.037538540002641195,0.038803292047990705,-0.0012647520453495098
2024-03-12,45,1,E12,e12_add_full_fields,E12 补全更多原始字段（+9通道）,20260915,0.04395262134282679,0.04550342290644922,-0.001550801563622431
2024-03-13,46,1,E12,e12_add_full_fields,E12 补全更多原始字段（+9通道）,20260915,0.04761836543065785,0.048289666323027204,-0.0006713008923693517
2024-03-14,47,1,E12,e12_add_full_fields,E12 补全更多原始字段（+9通道）,20260915,0.022294693028031908,0.021961239310779278,0.00033345371725262973
2024-03-15,48,1,E12,e12_add_full_fields,E12 补全更多原始字段（+9通道）,20260915,0.046607827477481364,0.06847961799761514,-0.02187179052013377
2024-03-18,49,1,E12,e12_add_full_fields,E12 补全更多原始字段（+9通道）,20260915,0.1019759976778416,0.10742351388724923,-0.00544751620940763
2024-03-19,50,1,E12,e12_add_full_fields,E12 补全更多原始字段（+9通道）,20260915,0.04358869167292187,0.02416859708681106,0.01942009458611081
2024-03-20,51,1,E12,e12_add_full_fields,E12 补全更多原始字段（+9通道）,20260915,0.017952719963093635,0.015490147853060233,0.002462572110033402
2024-03-21,52,1,E12,e12_add_full_fields,E12 补全更多原始字段（+9通道）,20260915,-0.019232119232119232,-0.01000789000789001,-0.009224229224229222
2024-03-22,53,1,E12,e12_add_full_fields,E12 补全更多原始字段（+9通道）,20260915,0.07374369224682896,0.06301294620436229,0.010730746042466668
2024-03-25,54,1,E12,e12_add_full_fields,E12 补全更多原始字段（+9通道）,20260915,-0.024224724433988626,-0.02496604954894169,0.0007413251149530654
2024-03-26,55,1,E12,e12_add_full_fields,E12 补全更多原始字段（+9通道）,20260915,0.038897457014149386,0.05746658763898741,-0.018569130624838025
2024-03-27,56,1,E12,e12_add_full_fields,E12 补全更多原始字段（+9通道）,20260915,0.007008062816143256,-0.006023125577092177,0.013031188393235433
2024-03-28,57,1,E12,e12_add_full_fields,E12 补全更多原始字段（+9通道）,20260915,0.0623185723750853,0.06855092281310332,-0.006232350438018022
2024-03-29,58,1,E12,e12_add_full_fields,E12 补全更多原始字段（+9通道）,20260915,0.14998025742901394,0.12866576877171249,0.021314488657301456
2024-04-01,59,1,E12,e12_add_full_fields,E12 补全更多原始字段（+9通道）,20260915,0.059963154439175465,0.0748274209087828,-0.01486426646960734
2024-04-02,60,1,E12,e12_add_full_fields,E12 补全更多原始字段（+9通道）,20260915,-0.017209564567880933,-0.02446718861553843,0.007257624047657497
2024-04-03,61,2,E12,e12_add_full_fields,E12 补全更多原始字段（+9通道）,20260915,0.01800279053780469,0.009833113402534215,0.008169677135270476
2024-04-08,62,2,E12,e12_add_full_fields,E12 补全更多原始字段（+9通道）,20260915,0.09218841550719853,0.09785217537485376,-0.00566375986765523
2024-04-09,63,2,E12,e12_add_full_fields,E12 补全更多原始字段（+9通道）,20260915,0.05026991642072618,0.033470967571380475,0.016798948849345706
2024-04-10,64,2,E12,e12_add_full_fields,E12 补全更多原始字段（+9通道）,20260915,0.009993070322841649,0.016614503162781777,-0.006621432839940128
2024-04-11,65,2,E12,e12_add_full_fields,E12 补全更多原始字段（+9通道）,20260915,0.11226823100432506,0.12365701107643196,-0.011388780072106891
2024-04-12,66,2,E12,e12_add_full_fields,E12 补全更多原始字段（+9通道）,20260915,0.007165747187244429,0.021550719615371777,-0.014384972428127349
2024-04-15,67,2,E12,e12_add_full_fields,E12 补全更多原始字段（+9通道）,20260915,-0.0026543906543906545,-0.00038037638037638044,-0.002274014274014274
2024-04-16,68,2,E12,e12_add_full_fields,E12 补全更多原始字段（+9通道）,20260915,-0.01735813735813736,-0.028842184842184843,0.011484047484047483
2024-04-17,69,2,E12,e12_add_full_fields,E12 补全更多原始字段（+9通道）,20260915,0.0337275649417573,0.014626965153535908,0.01910059978822139
2024-04-18,70,2,E12,e12_add_full_fields,E12 补全更多原始字段（+9通道）,20260915,-0.004723595913942234,-0.01497858675319109,0.010254990839248856
2024-04-19,71,2,E12,e12_add_full_fields,E12 补全更多原始字段（+9通道）,20260915,0.09879356072117454,0.10098674304594782,-0.0021931823247732796
2024-04-22,72,2,E12,e12_add_full_fields,E12 补全更多原始字段（+9通道）,20260915,0.09870785663032822,0.08325095224600952,0.015456904384318695
2024-04-23,73,2,E12,e12_add_full_fields,E12 补全更多原始字段（+9通道）,20260915,0.10611498346139647,0.10704870699986314,-0.0009337235384666714
2024-04-24,74,2,E12,e12_add_full_fields,E12 补全更多原始字段（+9通道）,20260915,0.016984070804746974,0.01742733572761347,-0.00044326492286649727
2024-04-25,75,2,E12,e12_add_full_fields,E12 补全更多原始字段（+9通道）,20260915,0.049752192177463975,0.04449323223481369,0.005258959942650285
2024-04-26,76,2,E12,e12_add_full_fields,E12 补全更多原始字段（+9通道）,20260915,0.027834116314478508,0.04869872599442274,-0.02086460967994423
2024-04-29,77,2,E12,e12_add_full_fields,E12 补全更多原始字段（+9通道）,20260915,0.11755249875206433,0.10563684507598212,0.011915653676082216
2024-04-30,78,2,E12,e12_add_full_fields,E12 补全更多原始字段（+9通道）,20260915,0.002080113209057047,0.0071788838473226604,-0.005098770638265613
2024-05-06,79,2,E12,e12_add_full_fields,E12 补全更多原始字段（+9通道）,20260915,0.08882500601842265,0.07998021507976658,0.008844790938656075
2024-05-07,80,2,E12,e12_add_full_fields,E12 补全更多原始字段（+9通道）,20260915,0.012336354427582956,0.0020048084216625697,0.010331546005920386
2024-05-08,81,2,E12,e12_add_full_fields,E12 补全更多原始字段（+9通道）,20260915,0.023910746561656322,0.007663850269089832,0.01624689629256649
2024-05-09,82,2,E12,e12_add_full_fields,E12 补全更多原始字段（+9通道）,20260915,0.060896520499214894,0.06255154227435704,-0.0016550217751421445
2024-05-10,83,2,E12,e12_add_full_fields,E12 补全更多原始字段（+9通道）,20260915,0.04441185300487033,0.04102599709723112,0.003385855907639207
2024-05-13,84,2,E12,e12_add_full_fields,E12 补全更多原始字段（+9通道）,20260915,0.04228643938847538,0.054651411414167454,-0.012364972025692075
2024-05-14,85,2,E12,e12_add_full_fields,E12 补全更多原始字段（+9通道）,20260915,0.1290053238184589,0.12165951143676053,0.007345812381698361
2024-05-15,86,2,E12,e12_add_full_fields,E12 补全更多原始字段（+9通道）,20260915,0.020064354365392334,0.022990013993244476,-0.0029256596278521424
2024-05-16,87,2,E12,e12_add_full_fields,E12 补全更多原始字段（+9通道）,20260915,0.03196459232702164,0.026854055259195986,0.005110537067825653
2024-05-17,88,2,E12,e12_add_full_fields,E12 补全更多原始字段（+9通道）,20260915,0.005158524994262519,-0.0020738223585209433,0.007232347352783462
2024-05-20,89,2,E12,e12_add_full_fields,E12 补全更多原始字段（+9通道）,20260915,0.05997928477415122,0.07070704656246635,-0.010727761788315124
2024-05-21,90,2,E12,e12_add_full_fields,E12 补全更多原始字段（+9通道）,20260915,0.06704340101117066,0.06886772880562912,-0.001824327794458458
2024-05-22,91,2,E12,e12_add_full_fields,E12 补全更多原始字段（+9通道）,20260915,0.08661552664812397,0.060977312898730096,0.025638213749393873
2024-05-23,92,2,E12,e12_add_full_fields,E12 补全更多原始字段（+9通道）,20260915,0.10956150088360724,0.10452554255175268,0.005035958331854551
2024-05-24,93,2,E12,e12_add_full_fields,E12 补全更多原始字段（+9通道）,20260915,0.04499300372474709,0.08327314588776041,-0.03828014216301332
2024-05-27,94,2,E12,e12_add_full_fields,E12 补全更多原始字段（+9通道）,20260915,0.037452501299870294,0.03358152357297242,0.003870977726897873
2024-05-28,95,2,E12,e12_add_full_fields,E12 补全更多原始字段（+9通道）,20260915,0.0387333190675122,0.050476780795327546,-0.011743461727815346
2024-05-29,96,2,E12,e12_add_full_fields,E12 补全更多原始字段（+9通道）,20260915,0.0812203636932322,0.08903159308290755,-0.00781122938967535
2024-05-30,97,2,E12,e12_add_full_fields,E12 补全更多原始字段（+9通道）,20260915,0.0980062533113055,0.09565218923964877,0.002354064071656725
2024-05-31,98,2,E12,e12_add_full_fields,E12 补全更多原始字段（+9通道）,20260915,-0.005980237679343011,-0.012458536248342542,0.006478298568999531
2024-06-03,99,2,E12,e12_add_full_fields,E12 补全更多原始字段（+9通道）,20260915,-0.018490561188314728,-0.028110895041700886,0.009620333853386159
2024-06-04,100,2,E12,e12_add_full_fields,E12 补全更多原始字段（+9通道）,20260915,0.025024139928230875,0.019708101247581666,0.005316038680649209
2024-06-05,101,2,E12,e12_add_full_fields,E12 补全更多原始字段（+9通道）,20260915,0.01658025529820324,0.018103743482651292,-0.001523488184448054
2024-06-06,102,2,E12,e12_add_full_fields,E12 补全更多原始字段（+9通道）,20260915,0.0756378144591902,0.08311524092330977,-0.0074774264641195715
2024-06-07,103,2,E12,e12_add_full_fields,E12 补全更多原始字段（+9通道）,20260915,-0.012629613284404062,-0.014512451682650375,0.0018828383982463122
2024-06-11,104,2,E12,e12_add_full_fields,E12 补全更多原始字段（+9通道）,20260915,0.022861009688426335,0.027466464815977736,-0.004605455127551401
2024-06-12,105,2,E12,e12_add_full_fields,E12 补全更多原始字段（+9通道）,20260915,0.10084649815479765,0.09557325463852151,0.005273243516276144
2024-06-13,106,2,E12,e12_add_full_fields,E12 补全更多原始字段（+9通道）,20260915,0.05292015717517737,0.045428888482468635,0.007491268692708733
2024-06-14,107,2,E12,e12_add_full_fields,E12 补全更多原始字段（+9通道）,20260915,0.06612734491912133,0.055891547512198804,0.010235797406922521
2024-06-17,108,2,E12,e12_add_full_fields,E12 补全更多原始字段（+9通道）,20260915,0.021862604750184627,0.02038799454121835,0.001474610208966276
2024-06-18,109,2,E12,e12_add_full_fields,E12 补全更多原始字段（+9通道）,20260915,0.04712123926260298,0.05187424002986275,-0.00475300076725977
2024-06-19,110,2,E12,e12_add_full_fields,E12 补全更多原始字段（+9通道）,20260915,0.08247766072509372,0.0826562629042317,-0.00017860217913798215
2024-06-20,111,2,E12,e12_add_full_fields,E12 补全更多原始字段（+9通道）,20260915,0.007762625188679225,0.024105829881414246,-0.016343204692735022
2024-06-21,112,2,E12,e12_add_full_fields,E12 补全更多原始字段（+9通道）,20260915,-0.023845709436891797,-0.0025923558829370444,-0.021253353553954753
2024-06-24,113,2,E12,e12_add_full_fields,E12 补全更多原始字段（+9通道）,20260915,0.017526089686032163,0.013237222568753306,0.004288867117278857
2024-06-25,114,2,E12,e12_add_full_fields,E12 补全更多原始字段（+9通道）,20260915,0.10183436573397356,0.09545883387031971,0.006375531863653847
2024-06-26,115,2,E12,e12_add_full_fields,E12 补全更多原始字段（+9通道）,20260915,0.01494870243412805,-0.0023888076812605343,0.017337510115388585
2024-06-27,116,2,E12,e12_add_full_fields,E12 补全更多原始字段（+9通道）,20260915,0.03786260943317486,0.03033462951315439,0.007527979920020474
2024-06-28,117,2,E12,e12_add_full_fields,E12 补全更多原始字段（+9通道）,20260915,0.02844299552420437,0.023434713387195806,0.0050082821370085635
2024-07-01,118,2,E12,e12_add_full_fields,E12 补全更多原始字段（+9通道）,20260915,0.05073791783941575,0.04250226405829084,0.00823565378112491
2024-07-02,119,2,E12,e12_add_full_fields,E12 补全更多原始字段（+9通道）,20260915,0.0419527776011739,0.04625558816301898,-0.0043028105618450815
2024-07-03,120,2,E12,e12_add_full_fields,E12 补全更多原始字段（+9通道）,20260915,0.03162713433850966,0.033570275888535485,-0.001943141550025826
2024-07-04,121,3,E12,e12_add_full_fields,E12 补全更多原始字段（+9通道）,20260915,0.04745548779592963,0.04607056744741529,0.0013849203485143402
2024-07-05,122,3,E12,e12_add_full_fields,E12 补全更多原始字段（+9通道）,20260915,0.025126457118441085,0.024853286151883345,0.00027317096655773976
2024-07-08,123,3,E12,e12_add_full_fields,E12 补全更多原始字段（+9通道）,20260915,-0.002054150367451424,-0.003915578952687103,0.001861428585235679
2024-07-09,124,3,E12,e12_add_full_fields,E12 补全更多原始字段（+9通道）,20260915,-0.04390693699711735,-0.061786684480071234,0.017879747482953887
2024-07-10,125,3,E12,e12_add_full_fields,E12 补全更多原始字段（+9通道）,20260915,0.060642602706046454,0.07165945362169822,-0.011016850915651764
2024-07-11,126,3,E12,e12_add_full_fields,E12 补全更多原始字段（+9通道）,20260915,-0.0042154345937514435,-0.009079644326309588,0.004864209732558145
2024-07-12,127,3,E12,e12_add_full_fields,E12 补全更多原始字段（+9通道）,20260915,0.0404865009590654,0.028749127609521048,0.01173737334954435
2024-07-15,128,3,E12,e12_add_full_fields,E12 补全更多原始字段（+9通道）,20260915,-0.01666827378658688,-0.019424762767177257,0.0027564889805903776
2024-07-16,129,3,E12,e12_add_full_fields,E12 补全更多原始字段（+9通道）,20260915,0.030258187443957495,0.04440265172692655,-0.014144464282969053
2024-07-17,130,3,E12,e12_add_full_fields,E12 补全更多原始字段（+9通道）,20260915,0.03392755433163514,0.03078096885539273,0.0031465854762424104
2024-07-18,131,3,E12,e12_add_full_fields,E12 补全更多原始字段（+9通道）,20260915,0.008899507101804928,0.023922427421939226,-0.015022920320134298
2024-07-19,132,3,E12,e12_add_full_fields,E12 补全更多原始字段（+9通道）,20260915,0.01122071233074249,0.01685988511863297,-0.00563917278789048
2024-07-22,133,3,E12,e12_add_full_fields,E12 补全更多原始字段（+9通道）,20260915,-0.02493118772544323,-0.025246033371912335,0.00031484564646910504
2024-07-23,134,3,E12,e12_add_full_fields,E12 补全更多原始字段（+9通道）,20260915,0.0031117744733327305,0.005731222394080149,-0.0026194479207474184
2024-07-24,135,3,E12,e12_add_full_fields,E12 补全更多原始字段（+9通道）,20260915,-0.008731069027234303,-0.008855443917781909,0.00012437489054760616
2024-07-25,136,3,E12,e12_add_full_fields,E12 补全更多原始字段（+9通道）,20260915,0.06738300402399378,0.061178722470090374,0.006204281553903401
2024-07-26,137,3,E12,e12_add_full_fields,E12 补全更多原始字段（+9通道）,20260915,0.029909852023738172,0.0412657661565207,-0.01135591413278253
2024-07-29,138,3,E12,e12_add_full_fields,E12 补全更多原始字段（+9通道）,20260915,0.013956727258694242,0.01710290522115432,-0.003146177962460077
2024-07-30,139,3,E12,e12_add_full_fields,E12 补全更多原始字段（+9通道）,20260915,0.0637845628112472,0.07775536106202297,-0.013970798250775768
2024-07-31,140,3,E12,e12_add_full_fields,E12 补全更多原始字段（+9通道）,20260915,0.09985981313616954,0.09001673950351985,0.00984307363264969
2024-08-01,141,3,E12,e12_add_full_fields,E12 补全更多原始字段（+9通道）,20260915,0.05616109259637375,0.05409625029895241,0.002064842297421342
2024-08-02,142,3,E12,e12_add_full_fields,E12 补全更多原始字段（+9通道）,20260915,0.024755484310332553,0.029342197585343625,-0.004586713275011072
2024-08-05,143,3,E12,e12_add_full_fields,E12 补全更多原始字段（+9通道）,20260915,0.01549314566962209,0.01589211422408529,-0.0003989685544632006
2024-08-06,144,3,E12,e12_add_full_fields,E12 补全更多原始字段（+9通道）,20260915,0.02944592789797761,0.036360487888896675,-0.006914559990919066
2024-08-07,145,3,E12,e12_add_full_fields,E12 补全更多原始字段（+9通道）,20260915,0.07211908895460728,0.06305977450293265,0.009059314451674627
2024-08-08,146,3,E12,e12_add_full_fields,E12 补全更多原始字段（+9通道）,20260915,0.11401212669727225,0.11196256914077957,0.002049557556492679
2024-08-09,147,3,E12,e12_add_full_fields,E12 补全更多原始字段（+9通道）,20260915,0.08731848721002888,0.05042739684123437,0.03689109036879451
2024-08-12,148,3,E12,e12_add_full_fields,E12 补全更多原始字段（+9通道）,20260915,0.06756492671045154,0.10035937466060953,-0.032794447950157984
2024-08-13,149,3,E12,e12_add_full_fields,E12 补全更多原始字段（+9通道）,20260915,0.04101820662215873,0.06743606599776782,-0.026417859375609087
2024-08-14,150,3,E12,e12_add_full_fields,E12 补全更多原始字段（+9通道）,20260915,0.003929697386021493,0.0018017898361987288,0.0021279075498227638
2024-08-15,151,3,E12,e12_add_full_fields,E12 补全更多原始字段（+9通道）,20260915,0.005628404564752855,0.013607462642608583,-0.00797905807785573
2024-08-16,152,3,E12,e12_add_full_fields,E12 补全更多原始字段（+9通道）,20260915,0.09277080252252017,0.08918335644437904,0.0035874460781411266
2024-08-19,153,3,E12,e12_add_full_fields,E12 补全更多原始字段（+9通道）,20260915,0.06924964063035874,0.06844760412250206,0.0008020365078566793
2024-08-20,154,3,E12,e12_add_full_fields,E12 补全更多原始字段（+9通道）,20260915,0.05121551005503946,0.0377176284569098,0.01349788159812966
2024-08-21,155,3,E12,e12_add_full_fields,E12 补全更多原始字段（+9通道）,20260915,0.06788205884997782,0.06905824949295417,-0.0011761906429763463
2024-08-22,156,3,E12,e12_add_full_fields,E12 补全更多原始字段（+9通道）,20260915,0.00011268784152954084,-0.018174048342151222,0.018286736183680763
2024-08-23,157,3,E12,e12_add_full_fields,E12 补全更多原始字段（+9通道）,20260915,0.052142061374918725,0.06634889094167706,-0.014206829566758339
2024-08-26,158,3,E12,e12_add_full_fields,E12 补全更多原始字段（+9通道）,20260915,0.06414873892572796,0.03624209433076669,0.027906644594961276
2024-08-27,159,3,E12,e12_add_full_fields,E12 补全更多原始字段（+9通道）,20260915,-7.114807904551626e-05,-0.0045810470895433445,0.004509899010497829
2024-08-28,160,3,E12,e12_add_full_fields,E12 补全更多原始字段（+9通道）,20260915,-0.007718348227759227,-0.01737129651780213,0.009652948290042901
2024-08-29,161,3,E12,e12_add_full_fields,E12 补全更多原始字段（+9通道）,20260915,-0.020014946074990915,-0.01432643636941568,-0.005688509705575235
2024-08-30,162,3,E12,e12_add_full_fields,E12 补全更多原始字段（+9通道）,20260915,0.047181290012167504,0.006273138649526979,0.040908151362640525
2024-09-02,163,3,E12,e12_add_full_fields,E12 补全更多原始字段（+9通道）,20260915,0.06630884629811172,0.016338532828688822,0.0499703134694229
2024-09-03,164,3,E12,e12_add_full_fields,E12 补全更多原始字段（+9通道）,20260915,-0.07822993358593541,-0.072202658369174,-0.006027275216761413
2024-09-04,165,3,E12,e12_add_full_fields,E12 补全更多原始字段（+9通道）,20260915,0.0571445157177947,0.06412485834161669,-0.006980342623821988
2024-09-05,166,3,E12,e12_add_full_fields,E12 补全更多原始字段（+9通道）,20260915,-0.002175746175746176,-0.0004475284475284476,-0.0017282177282177283
2024-09-06,167,3,E12,e12_add_full_fields,E12 补全更多原始字段（+9通道）,20260915,-0.03175518519167705,-0.016868755443366443,-0.014886429748310604
2024-09-09,168,3,E12,e12_add_full_fields,E12 补全更多原始字段（+9通道）,20260915,0.06763904714698181,0.06377152685016672,0.0038675202968150857
2024-09-10,169,3,E12,e12_add_full_fields,E12 补全更多原始字段（+9通道）,20260915,-0.0020013729127480668,-0.003386045695412028,0.0013846727826639614
2024-09-11,170,3,E12,e12_add_full_fields,E12 补全更多原始字段（+9通道）,20260915,0.050839978858682015,0.0574546090068593,-0.006614630148177286
2024-09-12,171,3,E12,e12_add_full_fields,E12 补全更多原始字段（+9通道）,20260915,0.04277665497822409,0.048271091628969226,-0.005494436650745137
2024-09-13,172,3,E12,e12_add_full_fields,E12 补全更多原始字段（+9通道）,20260915,0.022013803212432966,0.03257240574000763,-0.010558602527574665
2024-09-18,173,3,E12,e12_add_full_fields,E12 补全更多原始字段（+9通道）,20260915,0.11265421682087289,0.08720994662862136,0.025444270192251525
2024-09-19,174,3,E12,e12_add_full_fields,E12 补全更多原始字段（+9通道）,20260915,0.03290995949658326,0.025231543948245297,0.007678415548337966
2024-09-20,175,3,E12,e12_add_full_fields,E12 补全更多原始字段（+9通道）,20260915,0.002538032583717171,-0.00752436765980628,0.01006240024352345
2024-09-23,176,3,E12,e12_add_full_fields,E12 补全更多原始字段（+9通道）,20260915,0.04949198549198549,0.03547780747780748,0.014014178014178008
2024-09-24,177,3,E12,e12_add_full_fields,E12 补全更多原始字段（+9通道）,20260915,0.10286252949706097,0.08561552936458536,0.017247000132475612
2024-09-25,178,3,E12,e12_add_full_fields,E12 补全更多原始字段（+9通道）,20260915,0.054505422505422514,0.04728115128115128,0.007224271224271231
2024-09-26,179,3,E12,e12_add_full_fields,E12 补全更多原始字段（+9通道）,20260915,-0.0834029994029994,-0.07728428928428929,-0.006118710118710111
2024-09-27,180,3,E12,e12_add_full_fields,E12 补全更多原始字段（+9通道）,20260915,0.15948027948027949,0.07044866244866245,0.08903161703161704
2024-09-30,181,4,E12,e12_add_full_fields,E12 补全更多原始字段（+9通道）,20260915,-0.026673153082031886,0.01834403538366077,-0.04501718846569266
2024-10-08,182,4,E12,e12_add_full_fields,E12 补全更多原始字段（+9通道）,20260915,0.15838928133961705,0.15138792829625586,0.0070013530433611915
2024-10-09,183,4,E12,e12_add_full_fields,E12 补全更多原始字段（+9通道）,20260915,0.06378601769959827,0.0767542270568539,-0.012968209357255636
2024-10-10,184,4,E12,e12_add_full_fields,E12 补全更多原始字段（+9通道）,20260915,-0.01159867163346765,-0.025598269675064483,0.013999598041596834
2024-10-11,185,4,E12,e12_add_full_fields,E12 补全更多原始字段（+9通道）,20260915,0.04635208063019312,0.04190136615277436,0.004450714477418759
2024-10-14,186,4,E12,e12_add_full_fields,E12 补全更多原始字段（+9通道）,20260915,-0.021964365964365965,0.0013160173160173159,-0.02328038328038328
2024-10-15,187,4,E12,e12_add_full_fields,E12 补全更多原始字段（+9通道）,20260915,-0.02778472586808005,-0.012260460297241678,-0.01552426557083837
2024-10-16,188,4,E12,e12_add_full_fields,E12 补全更多原始字段（+9通道）,20260915,0.10796880061661342,0.10018795078907851,0.007780849827534908
2024-10-17,189,4,E12,e12_add_full_fields,E12 补全更多原始字段（+9通道）,20260915,-0.005779354504805405,0.0329408847725481,-0.038720239277353505
2024-10-18,190,4,E12,e12_add_full_fields,E12 补全更多原始字段（+9通道）,20260915,-0.03167338358175175,-0.033233819608919454,0.001560436027167704
2024-10-21,191,4,E12,e12_add_full_fields,E12 补全更多原始字段（+9通道）,20260915,0.03256007252097317,0.03564461807714272,-0.003084545556169549
2024-10-22,192,4,E12,e12_add_full_fields,E12 补全更多原始字段（+9通道）,20260915,0.02057531838424065,0.02768999043261055,-0.007114672048369901
2024-10-23,193,4,E12,e12_add_full_fields,E12 补全更多原始字段（+9通道）,20260915,0.1037556081654428,0.09976538023548426,0.00399022792995854
2024-10-24,194,4,E12,e12_add_full_fields,E12 补全更多原始字段（+9通道）,20260915,-0.03995272160643883,-0.023944094836116085,-0.016008626770322748
2024-10-25,195,4,E12,e12_add_full_fields,E12 补全更多原始字段（+9通道）,20260915,0.04313522577299421,0.022628267167258326,0.020506958605735884
2024-10-28,196,4,E12,e12_add_full_fields,E12 补全更多原始字段（+9通道）,20260915,0.06359391912633817,0.0779647865097732,-0.01437086738343503
2024-10-29,197,4,E12,e12_add_full_fields,E12 补全更多原始字段（+9通道）,20260915,-0.008310902286445633,0.014195167862250875,-0.02250607014869651
2024-10-30,198,4,E12,e12_add_full_fields,E12 补全更多原始字段（+9通道）,20260915,-0.05571467167006407,-0.0404577759844911,-0.015256895685572966
2024-10-31,199,4,E12,e12_add_full_fields,E12 补全更多原始字段（+9通道）,20260915,0.05757539738681806,0.0632663228153985,-0.005690925428580441
2024-11-01,200,4,E12,e12_add_full_fields,E12 补全更多原始字段（+9通道）,20260915,0.014882569979493446,0.014238138467568762,0.0006444315119246841
2024-11-04,201,4,E12,e12_add_full_fields,E12 补全更多原始字段（+9通道）,20260915,0.05604563984142103,0.04519893080337178,0.010846709038049254
2024-11-05,202,4,E12,e12_add_full_fields,E12 补全更多原始字段（+9通道）,20260915,0.023828235516965224,0.009322774178459763,0.01450546133850546
2024-11-06,203,4,E12,e12_add_full_fields,E12 补全更多原始字段（+9通道）,20260915,0.0773114389033954,0.09013240981356514,-0.012820970910169746
2024-11-07,204,4,E12,e12_add_full_fields,E12 补全更多原始字段（+9通道）,20260915,0.12572827175107162,0.1324901788736861,-0.0067619071226144856
2024-11-08,205,4,E12,e12_add_full_fields,E12 补全更多原始字段（+9通道）,20260915,-0.0031269981453713467,-0.0016437527260203927,-0.001483245419350954
2024-11-11,206,4,E12,e12_add_full_fields,E12 补全更多原始字段（+9通道）,20260915,0.05586046332031369,0.044706176093334146,0.011154287226979545
2024-11-12,207,4,E12,e12_add_full_fields,E12 补全更多原始字段（+9通道）,20260915,0.1359681831070942,0.11093903920921841,0.025029143897875777
2024-11-13,208,4,E12,e12_add_full_fields,E12 补全更多原始字段（+9通道）,20260915,0.1221767701425047,0.11141616675971797,0.01076060338278674
2024-11-14,209,4,E12,e12_add_full_fields,E12 补全更多原始字段（+9通道）,20260915,-0.04474292363812628,-0.02041325309526707,-0.024329670542859207
2024-11-15,210,4,E12,e12_add_full_fields,E12 补全更多原始字段（+9通道）,20260915,0.13224599990445154,0.14235860352043003,-0.010112603615978488
2024-11-18,211,4,E12,e12_add_full_fields,E12 补全更多原始字段（+9通道）,20260915,0.022525393264158304,0.010613328823492803,0.0119120644406655
2024-11-19,212,4,E12,e12_add_full_fields,E12 补全更多原始字段（+9通道）,20260915,-0.024561612635297474,-0.02821206429670049,0.0036504516614030147
2024-11-20,213,4,E12,e12_add_full_fields,E12 补全更多原始字段（+9通道）,20260915,0.08712821825669698,0.09264307250140474,-0.0055148542447077675
2024-11-21,214,4,E12,e12_add_full_fields,E12 补全更多原始字段（+9通道）,20260915,0.005396927429308995,0.012538824614057564,-0.007141897184748569
2024-11-22,215,4,E12,e12_add_full_fields,E12 补全更多原始字段（+9通道）,20260915,0.06485437763263018,0.09483539997342479,-0.02998102234079461
2024-11-25,216,4,E12,e12_add_full_fields,E12 补全更多原始字段（+9通道）,20260915,0.11018035374929151,0.12153051829122337,-0.011350164541931856
2024-11-26,217,4,E12,e12_add_full_fields,E12 补全更多原始字段（+9通道）,20260915,-0.019215849231290504,-0.033092575740625844,0.01387672650933534
2024-11-27,218,4,E12,e12_add_full_fields,E12 补全更多原始字段（+9通道）,20260915,0.036584945508052615,0.04266369824703315,-0.006078752738980536
2024-11-28,219,4,E12,e12_add_full_fields,E12 补全更多原始字段（+9通道）,20260915,0.08507433758478361,0.07261044704610974,0.012463890538673875
2024-11-29,220,4,E12,e12_add_full_fields,E12 补全更多原始字段（+9通道）,20260915,0.03246579343976726,0.016471336965477083,0.015994456474290174
2024-12-02,221,4,E12,e12_add_full_fields,E12 补全更多原始字段（+9通道）,20260915,0.04077615720078468,0.03247765542110647,0.00829850177967821
2024-12-03,222,4,E12,e12_add_full_fields,E12 补全更多原始字段（+9通道）,20260915,0.03513034519646314,0.03061858287889392,0.0045117623175692165
2024-12-04,223,4,E12,e12_add_full_fields,E12 补全更多原始字段（+9通道）,20260915,0.04516191641357451,0.038814371609006464,0.006347544804568048
2024-12-05,224,4,E12,e12_add_full_fields,E12 补全更多原始字段（+9通道）,20260915,0.1871917631917632,0.2012043332043332,-0.014012570012570003
2024-12-06,225,4,E12,e12_add_full_fields,E12 补全更多原始字段（+9通道）,20260915,-0.028564216564216562,-0.014973350973350976,-0.013590865590865586
2024-12-09,226,4,E12,e12_add_full_fields,E12 补全更多原始字段（+9通道）,20260915,0.045409737409737416,0.036315588315588315,0.009094149094149101
2024-12-10,227,4,E12,e12_add_full_fields,E12 补全更多原始字段（+9通道）,20260915,-0.016614520664364228,0.005556953573624435,-0.022171474237988664
2024-12-11,228,4,E12,e12_add_full_fields,E12 补全更多原始字段（+9通道）,20260915,0.006166603551446479,0.02525411213121874,-0.01908750857977226
2024-12-12,229,4,E12,e12_add_full_fields,E12 补全更多原始字段（+9通道）,20260915,0.0014219770700209797,-0.003268399110239227,0.0046903761802602065
2024-12-13,230,4,E12,e12_add_full_fields,E12 补全更多原始字段（+9通道）,20260915,0.11846099125001305,0.1311704734298471,-0.012709482179834058
2024-12-16,231,4,E12,e12_add_full_fields,E12 补全更多原始字段（+9通道）,20260915,0.07305742557931134,0.07312314115045837,-6.571557114702642e-05
2024-12-17,232,4,E12,e12_add_full_fields,E12 补全更多原始字段（+9通道）,20260915,0.026085218609016365,0.0029982585977261092,0.023086960011290257
2024-12-18,233,4,E12,e12_add_full_fields,E12 补全更多原始字段（+9通道）,20260915,0.002841174535841804,0.018967732701729516,-0.016126558165887712
2024-12-19,234,4,E12,e12_add_full_fields,E12 补全更多原始字段（+9通道）,20260915,-0.05807621343116312,-0.049964861109060066,-0.008111352322103055
2024-12-20,235,4,E12,e12_add_full_fields,E12 补全更多原始字段（+9通道）,20260915,0.04577934494019762,0.045184228349631074,0.0005951165905665468
2024-12-23,236,4,E12,e12_add_full_fields,E12 补全更多原始字段（+9通道）,20260915,0.00039504515776334244,0.0040378458588949395,-0.003642800701131597
2024-12-24,237,4,E12,e12_add_full_fields,E12 补全更多原始字段（+9通道）,20260915,0.08217155694748705,0.07145842836742802,0.010713128580059031
2024-12-25,238,4,E12,e12_add_full_fields,E12 补全更多原始字段（+9通道）,20260915,-0.09272462638921669,-0.09103096298638855,-0.0016936634028281439
2024-12-26,239,4,E12,e12_add_full_fields,E12 补全更多原始字段（+9通道）,20260915,0.12160168883888575,0.13676195951728098,-0.015160270678395232
2024-12-27,240,4,E12,e12_add_full_fields,E12 补全更多原始字段（+9通道）,20260915,0.09339918809211757,0.10717606559323119,-0.013776877501113616
