candidate,date,ric,plain_ic,stress
k15_baseline_20260801,2024-01-02,0.1524845611329972,0.18559309741288407,False
k15_baseline_20260801,2024-01-03,0.07168932271486056,0.11462426864902474,False
k15_baseline_20260801,2024-01-04,0.21058588720624555,0.3197035113445163,False
k15_baseline_20260801,2024-01-05,0.00689173999539708,0.026502466679446866,False
k15_baseline_20260801,2024-01-08,0.1595205474643806,0.19044496537539574,False
k15_baseline_20260801,2024-01-09,0.08088867290529643,0.08675504552854015,False
k15_baseline_20260801,2024-01-10,-0.2575235810032336,-0.22428636400229096,False
k15_baseline_20260801,2024-01-11,0.2726570528258341,0.30279649534239755,False
k15_baseline_20260801,2024-01-12,-0.016727854024354446,0.017360868790760393,False
k15_baseline_20260801,2024-01-15,0.030064874446435977,0.057480148211060046,False
k15_baseline_20260801,2024-01-16,0.1764920510555414,0.2950099796759599,False
k15_baseline_20260801,2024-01-17,-0.20349464840512177,-0.2016586719565185,False
k15_baseline_20260801,2024-01-18,0.15701209215929007,0.25595716735802904,False
k15_baseline_20260801,2024-01-19,0.08398228277197853,0.09276549070017073,False
k15_baseline_20260801,2024-01-22,-0.028797487779761585,-0.01222254426779631,False
k15_baseline_20260801,2024-01-23,0.15319238605012403,0.2365908558428562,False
k15_baseline_20260801,2024-01-24,0.11224136579170996,0.17058002933139793,False
k15_baseline_20260801,2024-01-25,0.19812008556478505,0.3491753490724877,False
k15_baseline_20260801,2024-01-26,0.23089870100709214,0.2595448546142619,False
k15_baseline_20260801,2024-01-29,0.08137109621491488,0.10214118328441041,False
k15_baseline_20260801,2024-01-30,0.11085888080894137,0.1674248785750078,False
k15_baseline_20260801,2024-01-31,-0.1221263995536144,-0.11383231039175987,False
k15_baseline_20260801,2024-02-01,-0.014223326091822211,0.09641605067481378,True
k15_baseline_20260801,2024-02-02,0.11049817106399532,0.15985999744504278,True
k15_baseline_20260801,2024-02-05,0.10928263119907353,0.1126401579979573,True
k15_baseline_20260801,2024-02-06,0.020754779930261504,0.03530283481007744,True
k15_baseline_20260801,2024-02-07,0.02444026296581405,0.022124356031559878,True
k15_baseline_20260801,2024-02-08,-0.1536496462208203,-0.1192582838802745,False
k15_baseline_20260801,2024-02-19,-0.06893391695968044,-0.037689014126389614,False
k15_baseline_20260801,2024-02-20,-0.1403293765343599,-0.1245469518009914,False
k15_baseline_20260801,2024-02-21,-0.17992433273689012,-0.17468768137188861,False
k15_baseline_20260801,2024-02-22,-0.02594972438151373,-0.01855142752243198,False
k15_baseline_20260801,2024-02-23,-0.015503275921709633,0.0076466158904878205,False
k15_baseline_20260801,2024-02-26,-0.2437840525760408,-0.24284710407249455,False
k15_baseline_20260801,2024-02-27,0.10791020144927156,0.3593740771239479,True
k15_baseline_20260801,2024-02-28,-0.06094253175156877,-0.048817287972794055,True
k15_baseline_20260801,2024-02-29,-0.0917212494591859,-0.07089543445883092,False
k15_baseline_20260801,2024-03-01,-0.06901304019728935,-0.016364666439468892,False
k15_baseline_20260801,2024-03-04,-0.03416932820474995,0.14691898905281034,False
k15_baseline_20260801,2024-03-05,0.01919150255108042,0.08202989408153995,False
k15_baseline_20260801,2024-03-06,0.09366231272268309,0.24252690993785955,False
k15_baseline_20260801,2024-03-07,0.04297888537956969,0.06110106710325094,False
k15_baseline_20260801,2024-03-08,-0.03314064984721937,-0.031442348902231514,False
k15_baseline_20260801,2024-03-11,-0.03797197801469059,-0.018276302634463237,False
k15_baseline_20260801,2024-03-12,0.02810620313065134,0.03809918392614127,False
k15_baseline_20260801,2024-03-13,0.09439560049710516,0.23304700470536696,False
k15_baseline_20260801,2024-03-14,0.0497042695836734,0.06724241632304404,False
k15_baseline_20260801,2024-03-15,-0.051379733388391344,-0.04118856650684374,False
k15_baseline_20260801,2024-03-18,0.05111480670209467,0.10395193024835506,False
k15_baseline_20260801,2024-03-19,-0.05848488985490339,-0.04693891908798816,False
k15_baseline_20260801,2024-03-20,0.052105154205647514,0.157643699995976,False
k15_baseline_20260801,2024-03-21,-0.07416133085234505,-0.046583693580545905,True
k15_baseline_20260801,2024-03-22,0.17072162254759676,0.2831390078909393,False
k15_baseline_20260801,2024-03-25,0.0403001648082243,0.05155205013349669,False
k15_baseline_20260801,2024-03-26,0.10792946373782672,0.258797192275124,False
k15_baseline_20260801,2024-03-27,-0.15730362811268095,-0.1286792272173317,False
k15_baseline_20260801,2024-03-28,0.05504079527838415,0.11097609027985535,False
k15_baseline_20260801,2024-03-29,0.107017887491645,0.1418797759309231,False
k15_baseline_20260801,2024-04-01,0.188982091896354,0.35910096174901013,True
k15_baseline_20260801,2024-04-02,0.1333551101594885,0.20950413497358403,False
k15_baseline_20260801,2024-04-03,-0.02677834464280269,0.09550108250970711,False
k15_baseline_20260801,2024-04-08,0.15133762421050218,0.18744399274355744,False
k15_baseline_20260801,2024-04-09,0.11834961662323444,0.21126462379916922,False
k15_baseline_20260801,2024-04-10,-0.034354183423689,0.03110541725041073,False
k15_baseline_20260801,2024-04-11,0.1147270799824891,0.16053822710777169,False
k15_baseline_20260801,2024-04-12,-0.012965835649763908,0.01623261464146405,True
k15_baseline_20260801,2024-04-15,-0.008753212250011674,0.01832082345368453,True
k15_baseline_20260801,2024-04-16,-0.1597699880320301,-0.13827253711722087,True
k15_baseline_20260801,2024-04-17,-0.08435916827843203,-0.02643768759303687,False
k15_baseline_20260801,2024-04-18,0.05617644584967531,0.10772465840201637,True
k15_baseline_20260801,2024-04-19,0.05195596389299983,0.08642966054353693,True
k15_baseline_20260801,2024-04-22,-0.029722727786164707,-0.018854387549130203,False
k15_baseline_20260801,2024-04-23,0.017748076887558965,0.01794469261757029,True
k15_baseline_20260801,2024-04-24,0.027783343548310142,0.05477216260997593,False
k15_baseline_20260801,2024-04-25,-0.035305602988224334,-0.01707578461364836,True
k15_baseline_20260801,2024-04-26,0.07712188567262689,0.10685554180280227,True
k15_baseline_20260801,2024-04-29,0.0682091348034097,0.15508142083628546,True
k15_baseline_20260801,2024-04-30,-0.03198010900872756,-0.003691747680505007,False
k15_baseline_20260801,2024-05-06,0.045956617312077924,0.061011930419194955,False
k15_baseline_20260801,2024-05-07,0.0065076171833927075,0.07101723859492919,False
k15_baseline_20260801,2024-05-08,-0.014400990632485799,0.026993848335220512,False
k15_baseline_20260801,2024-05-09,0.17468675438137451,0.2967488168188466,False
k15_baseline_20260801,2024-05-10,0.005926426352114844,0.02844424671017226,True
k15_baseline_20260801,2024-05-13,0.032615343420810565,0.06732733903127738,False
k15_baseline_20260801,2024-05-14,0.08962875948960287,0.14572863869499017,False
k15_baseline_20260801,2024-05-15,0.07948320855040011,0.10463752688117657,True
k15_baseline_20260801,2024-05-16,0.032906605087459025,0.04431905426157419,False
k15_baseline_20260801,2024-05-17,-0.0490208179139847,0.013450282250924464,False
k15_baseline_20260801,2024-05-20,0.0773037995595018,0.1187268882122685,False
k15_baseline_20260801,2024-05-21,0.05116575846069669,0.07347809753591106,False
k15_baseline_20260801,2024-05-22,0.05181588398967163,0.12185554289406283,False
k15_baseline_20260801,2024-05-23,0.17240263357534358,0.23029112701271895,False
k15_baseline_20260801,2024-05-24,0.06445900925939892,0.08451974651326072,False
k15_baseline_20260801,2024-05-27,-0.03201708380691795,-0.020090168710433093,False
k15_baseline_20260801,2024-05-28,0.024578133214213486,0.041049116580113,False
k15_baseline_20260801,2024-05-29,0.04047737697540074,0.09711795381460467,False
k15_baseline_20260801,2024-05-30,0.0012966591467572903,0.002889103301187166,False
k15_baseline_20260801,2024-05-31,-0.17377910599541013,-0.14304715013463626,False
k15_baseline_20260801,2024-06-03,-0.04068016055994185,0.0647513532223955,False
k15_baseline_20260801,2024-06-04,0.009676748602039329,0.02151805155089937,False
k15_baseline_20260801,2024-06-05,0.043968957207688376,0.09294989369235766,False
k15_baseline_20260801,2024-06-06,0.24603786985163698,0.3080700953589867,False
k15_baseline_20260801,2024-06-07,-0.19577519475417665,-0.19304508359909156,False
k15_baseline_20260801,2024-06-11,-0.06702093065037999,-0.051305861915096986,False
k15_baseline_20260801,2024-06-12,-0.0323689699694526,-0.02134931970455094,True
k15_baseline_20260801,2024-06-13,0.006943515859472831,0.06916377309260029,False
k15_baseline_20260801,2024-06-14,-0.09354841389888832,-0.08397415808494657,False
k15_baseline_20260801,2024-06-17,-0.017843572286622124,0.0251496702574338,False
k15_baseline_20260801,2024-06-18,0.024950620992621915,0.07730523606060098,False
k15_baseline_20260801,2024-06-19,0.13667257742391084,0.14622175156031456,False
k15_baseline_20260801,2024-06-20,0.10236320831607656,0.11182097551458946,False
k15_baseline_20260801,2024-06-21,0.040871208873179105,0.1056336517513064,False
k15_baseline_20260801,2024-06-24,0.2409617151009514,0.26683149710199144,False
k15_baseline_20260801,2024-06-25,0.039308527347174896,0.047492886777298654,False
k15_baseline_20260801,2024-06-26,-0.004957546557447114,0.03083944119580478,False
k15_baseline_20260801,2024-06-27,-0.028600686150253875,-0.014452124258658917,False
k15_baseline_20260801,2024-06-28,0.11910476058302895,0.19154493488757082,False
k15_baseline_20260801,2024-07-01,0.1316813488924598,0.1791153463924419,False
k15_baseline_20260801,2024-07-02,0.07398880374932364,0.10153086887763753,False
k15_baseline_20260801,2024-07-03,0.10262392222261836,0.1518977415047868,False
k15_baseline_20260801,2024-07-04,0.08089739776425436,0.10631454272789498,False
k15_baseline_20260801,2024-07-05,0.036723551138601436,0.08099805566646999,False
k15_baseline_20260801,2024-07-08,-0.1537313772585842,-0.14961982590251963,True
k15_baseline_20260801,2024-07-09,-0.19619410678447854,-0.19316832473647882,False
k15_baseline_20260801,2024-07-10,0.14757911516351446,0.1701280949632889,False
k15_baseline_20260801,2024-07-11,0.03945950427598837,0.06868829272627586,False
k15_baseline_20260801,2024-07-12,-0.02771695341319534,0.07909507085265678,False
k15_baseline_20260801,2024-07-15,-0.13993902017853027,-0.14649334181784301,False
k15_baseline_20260801,2024-07-16,0.21220684078642552,0.3134059151126618,False
k15_baseline_20260801,2024-07-17,0.03521718280121002,0.03835519072723254,False
k15_baseline_20260801,2024-07-18,-0.10667524460270486,-0.09380616623828199,True
k15_baseline_20260801,2024-07-19,-0.08496421205551927,-0.0665179004739107,False
k15_baseline_20260801,2024-07-22,0.07639044435066866,0.19424069705872804,False
k15_baseline_20260801,2024-07-23,0.08323862334561359,0.1188736261805214,False
k15_baseline_20260801,2024-07-24,0.05578760334125971,0.07550776987392005,False
k15_baseline_20260801,2024-07-25,0.03743429260427736,0.05759315629817706,False
k15_baseline_20260801,2024-07-26,0.004670221883564672,0.07874128239160107,False
k15_baseline_20260801,2024-07-29,0.05877926297862962,0.0658901957434088,False
k15_baseline_20260801,2024-07-30,-0.07205760514516328,-0.05685642048644719,False
k15_baseline_20260801,2024-07-31,-0.012233536101816796,0.08810135097583947,False
k15_baseline_20260801,2024-08-01,0.16649503086839726,0.2235193198667875,False
k15_baseline_20260801,2024-08-02,0.07803776089297805,0.10930240301350064,False
k15_baseline_20260801,2024-08-05,0.07650939248665582,0.09449157499489208,False
k15_baseline_20260801,2024-08-06,0.03373155662655407,0.07736750881538705,False
k15_baseline_20260801,2024-08-07,0.14084790193035449,0.2074212604655067,False
k15_baseline_20260801,2024-08-08,0.23902817396900644,0.2912619322167795,False
k15_baseline_20260801,2024-08-09,0.07211869672145552,0.10917997033562754,False
k15_baseline_20260801,2024-08-12,0.05602561837033823,0.0717258155152369,False
k15_baseline_20260801,2024-08-13,0.00982457896553274,0.11609768842382778,False
k15_baseline_20260801,2024-08-14,-0.060274817198023564,-0.03704911915100379,False
k15_baseline_20260801,2024-08-15,-0.015072375241831441,0.013870826232493232,False
k15_baseline_20260801,2024-08-16,0.07884254479665329,0.16659754340402008,False
k15_baseline_20260801,2024-08-19,0.016839441778588673,0.1002301790202081,False
k15_baseline_20260801,2024-08-20,-0.016850457231430773,-0.004948694491450092,False
k15_baseline_20260801,2024-08-21,0.11985792892620152,0.20092339200570758,False
k15_baseline_20260801,2024-08-22,-0.048651480707110215,-0.016827375196875098,False
k15_baseline_20260801,2024-08-23,0.09758381393779413,0.17901458110374305,False
k15_baseline_20260801,2024-08-26,0.1556180468972773,0.21383412409741356,False
k15_baseline_20260801,2024-08-27,0.013682147745745825,0.03649267308264557,False
k15_baseline_20260801,2024-08-28,-0.09772540047267489,-0.08283269593701151,False
k15_baseline_20260801,2024-08-29,-0.21182261103442812,-0.2177658948434395,False
k15_baseline_20260801,2024-08-30,0.07703364551309709,0.1975462634015349,False
k15_baseline_20260801,2024-09-02,0.005564847900411541,0.012169614382392831,False
k15_baseline_20260801,2024-09-03,-0.18603688049803854,-0.1759264765937586,False
k15_baseline_20260801,2024-09-04,0.03502761504418463,0.08154381795853233,False
k15_baseline_20260801,2024-09-05,0.0861604950296455,0.17909867632129073,False
k15_baseline_20260801,2024-09-06,-0.06962933675815401,-0.06046753241424794,False
k15_baseline_20260801,2024-09-09,-0.068717332529517,-0.06462272865247004,False
k15_baseline_20260801,2024-09-10,-0.178424024047128,-0.1773763617789246,False
k15_baseline_20260801,2024-09-11,0.13865564009266346,0.16282129826179165,False
k15_baseline_20260801,2024-09-12,0.13031839077476567,0.20172795001923496,False
k15_baseline_20260801,2024-09-13,0.0005681333985765625,0.01698702598364452,False
k15_baseline_20260801,2024-09-18,0.07778632378786325,0.16895511410732203,False
k15_baseline_20260801,2024-09-19,-0.011083021443705094,0.032001785506987165,False
k15_baseline_20260801,2024-09-20,-0.001123885373387954,0.027649087284868812,False
k15_baseline_20260801,2024-09-23,0.06779366162357,0.08009842243850229,True
k15_baseline_20260801,2024-09-24,0.0854318725029497,0.17224606314227556,False
k15_baseline_20260801,2024-09-25,0.018639186230942937,0.050563967733160325,True
k15_baseline_20260801,2024-09-26,-0.2625811731193266,-0.2628109673863475,True
k15_baseline_20260801,2024-09-27,-0.02090871623320238,-0.008471343818287591,True
k15_baseline_20260801,2024-09-30,-0.15692984095379434,-0.13493768217799537,True
k15_baseline_20260801,2024-10-08,-0.11447006467080631,-0.07149733707990649,True
k15_baseline_20260801,2024-10-09,0.15967300751551455,0.3027019336152504,True
k15_baseline_20260801,2024-10-10,0.011043546931993619,0.0538072411697019,True
k15_baseline_20260801,2024-10-11,-0.13459577607225426,-0.11710627445518887,True
k15_baseline_20260801,2024-10-14,-0.041151408435208384,0.005719632732007816,False
k15_baseline_20260801,2024-10-15,-0.03730775691854011,-0.014483327481376566,True
k15_baseline_20260801,2024-10-16,0.003286483035801245,0.031104149195895932,False
k15_baseline_20260801,2024-10-17,-0.13278099410932223,-0.13452756267293625,True
k15_baseline_20260801,2024-10-18,-0.20229854876708933,-0.2064353920434916,True
k15_baseline_20260801,2024-10-21,0.075679798889426,0.2203143434267143,True
k15_baseline_20260801,2024-10-22,0.12353826177481335,0.1519788515217041,True
k15_baseline_20260801,2024-10-23,0.08331498091818683,0.13092425862842944,True
k15_baseline_20260801,2024-10-24,0.0592240332175947,0.10027572417494934,True
k15_baseline_20260801,2024-10-25,0.003918105568630524,0.0691401695581727,True
k15_baseline_20260801,2024-10-28,-0.013519814766440886,0.06657338759930433,True
k15_baseline_20260801,2024-10-29,-0.07150230931334775,-0.02532407051449118,True
k15_baseline_20260801,2024-10-30,-0.033456426863752255,-0.020299925149305148,True
k15_baseline_20260801,2024-10-31,0.23709036871438843,0.35540379735168803,True
k15_baseline_20260801,2024-11-01,-0.022686218526863724,-0.00702116127249542,True
k15_baseline_20260801,2024-11-04,-0.13066270926907844,-0.12404111128714733,True
k15_baseline_20260801,2024-11-05,0.0374171666051586,0.11387244199316433,True
k15_baseline_20260801,2024-11-06,0.0757708294092075,0.14962992549496656,True
k15_baseline_20260801,2024-11-07,0.00624853355470405,0.0417012964455424,True
k15_baseline_20260801,2024-11-08,-0.12224660163726979,-0.11826624845985689,True
k15_baseline_20260801,2024-11-11,0.024609805967066776,0.22328796513557725,True
k15_baseline_20260801,2024-11-12,0.11534958806163322,0.18328476494120535,False
k15_baseline_20260801,2024-11-13,0.10192806785119886,0.2748415791626677,False
k15_baseline_20260801,2024-11-14,0.08808174284781929,0.13359491922855013,True
k15_baseline_20260801,2024-11-15,0.27085735253610344,0.3660280238622749,True
k15_baseline_20260801,2024-11-18,-0.13002272039930282,-0.12084347759742081,False
k15_baseline_20260801,2024-11-19,-0.13259699489538135,-0.1244179835876664,True
k15_baseline_20260801,2024-11-20,0.05200600079947797,0.10284095026939269,False
k15_baseline_20260801,2024-11-21,-0.04146800555426743,0.032471312998047494,True
k15_baseline_20260801,2024-11-22,0.15899696267924646,0.18633693249878974,True
k15_baseline_20260801,2024-11-25,0.150244632754081,0.32582594143859267,False
k15_baseline_20260801,2024-11-26,-0.2600781967094575,-0.2524161511139391,True
k15_baseline_20260801,2024-11-27,0.14238500675368992,0.28065368278178593,False
k15_baseline_20260801,2024-11-28,-0.04201339695392969,-0.021084466132683975,False
k15_baseline_20260801,2024-11-29,-0.025317113494437472,-0.016452634463466693,False
k15_baseline_20260801,2024-12-02,0.05017828438885252,0.1434176346873721,False
k15_baseline_20260801,2024-12-03,0.09107340264009103,0.12863694735374956,False
k15_baseline_20260801,2024-12-04,-0.09124406369010393,-0.08874257710570706,True
k15_baseline_20260801,2024-12-05,0.22264892071036718,0.3698826969265126,False
k15_baseline_20260801,2024-12-06,-0.06549535600018778,-0.045858909415356044,False
k15_baseline_20260801,2024-12-09,0.020118337731354744,0.06878835398030742,False
k15_baseline_20260801,2024-12-10,-0.032450245999238535,0.01220975633425411,False
k15_baseline_20260801,2024-12-11,0.017016925140959212,0.12970670053332517,False
k15_baseline_20260801,2024-12-12,-0.03858512743957382,-0.0009033058761318516,True
k15_baseline_20260801,2024-12-13,0.1551769931470507,0.2448185248096069,False
k15_baseline_20260801,2024-12-16,0.1366907259737068,0.2040182072315946,False
k15_baseline_20260801,2024-12-17,-0.0537094969729811,-0.03692374987041961,True
k15_baseline_20260801,2024-12-18,-0.1476227096373147,-0.12274277233318565,False
k15_baseline_20260801,2024-12-19,-0.2832062739212976,-0.283604245837484,False
k15_baseline_20260801,2024-12-20,0.12817461009984799,0.250877695837266,False
k15_baseline_20260801,2024-12-23,0.05799288792051431,0.06450643174820737,False
k15_baseline_20260801,2024-12-24,0.046069228935001594,0.1313005190973236,False
k15_baseline_20260801,2024-12-25,-0.16610118740821236,-0.16436523608608897,False
k15_baseline_20260801,2024-12-26,0.18467108168840332,0.36876538328552927,False
k15_baseline_20260801,2024-12-27,0.05113642268331179,0.08670680399859017,False
k15_no_stats_20260801,2024-01-02,0.1727667601869392,0.207176515379291,False
k15_no_stats_20260801,2024-01-03,0.06800735505879191,0.10877606624519857,False
k15_no_stats_20260801,2024-01-04,0.19790067403928635,0.30613591002983265,False
k15_no_stats_20260801,2024-01-05,0.009924496069747065,0.02979027190938966,False
k15_no_stats_20260801,2024-01-08,0.16737268201460245,0.1990632472901128,False
k15_no_stats_20260801,2024-01-09,0.06332725653293478,0.06913556077399347,False
k15_no_stats_20260801,2024-01-10,-0.25282942661331,-0.219503212751978,False
k15_no_stats_20260801,2024-01-11,0.27434770213095483,0.304922298031632,False
k15_no_stats_20260801,2024-01-12,-0.013360409073632182,0.021736561776174012,False
k15_no_stats_20260801,2024-01-15,0.02247069345334657,0.05058030416728031,False
k15_no_stats_20260801,2024-01-16,0.1793833923136204,0.2994220048630775,False
k15_no_stats_20260801,2024-01-17,-0.21322858948614465,-0.21100265279141395,False
k15_no_stats_20260801,2024-01-18,0.1515133885932532,0.2544668834948337,False
k15_no_stats_20260801,2024-01-19,0.07535315752921114,0.0848006253902784,False
k15_no_stats_20260801,2024-01-22,-0.01382764518849025,0.004467933534927776,False
k15_no_stats_20260801,2024-01-23,0.1731183011766147,0.25504544946842084,False
k15_no_stats_20260801,2024-01-24,0.11301458976478747,0.17073967613166904,False
k15_no_stats_20260801,2024-01-25,0.20597368381310768,0.35459092050142527,False
k15_no_stats_20260801,2024-01-26,0.22405413058172946,0.25309031598033754,False
k15_no_stats_20260801,2024-01-29,0.0787019287847227,0.10145239249682937,False
k15_no_stats_20260801,2024-01-30,0.10479985629263137,0.16451347511298434,False
k15_no_stats_20260801,2024-01-31,-0.12935590419562296,-0.12031283923432724,False
k15_no_stats_20260801,2024-02-01,-0.008246506833471941,0.10857329050247964,True
k15_no_stats_20260801,2024-02-02,0.07704991945706574,0.13341852555930978,True
k15_no_stats_20260801,2024-02-05,0.11568110470935573,0.11911025362472458,True
k15_no_stats_20260801,2024-02-06,0.026575813120277552,0.042644840065042836,True
k15_no_stats_20260801,2024-02-07,0.06672033373241051,0.06468106323430411,True
k15_no_stats_20260801,2024-02-08,-0.1385684186677895,-0.10651120647622984,False
k15_no_stats_20260801,2024-02-19,-0.05415565801574828,-0.023879214398240204,False
k15_no_stats_20260801,2024-02-20,-0.12075518647604364,-0.10510551843894546,False
k15_no_stats_20260801,2024-02-21,-0.16668793069941595,-0.16134242570065332,False
k15_no_stats_20260801,2024-02-22,-0.010286802039304592,-0.002405050490229512,False
k15_no_stats_20260801,2024-02-23,-0.012991183537776695,0.010539994263211325,False
k15_no_stats_20260801,2024-02-26,-0.21990267670020058,-0.219328452651316,False
k15_no_stats_20260801,2024-02-27,0.0807982555843377,0.3305836090804151,True
k15_no_stats_20260801,2024-02-28,-0.07506812970641644,-0.06077400398957988,True
k15_no_stats_20260801,2024-02-29,-0.0854322269107749,-0.06467510506254825,False
k15_no_stats_20260801,2024-03-01,-0.07503274188922625,-0.023487256137733312,False
k15_no_stats_20260801,2024-03-04,-0.03519701929022366,0.14135315880940583,False
k15_no_stats_20260801,2024-03-05,0.027718695585598023,0.09046995104672877,False
k15_no_stats_20260801,2024-03-06,0.10104188692962983,0.2520286621910825,False
k15_no_stats_20260801,2024-03-07,0.04284906365244586,0.060745681280031376,False
k15_no_stats_20260801,2024-03-08,-0.03495416697092285,-0.032849928920007904,False
k15_no_stats_20260801,2024-03-11,-0.051196752225524916,-0.03161110732475796,False
k15_no_stats_20260801,2024-03-12,0.025922205537898674,0.03587435118823628,False
k15_no_stats_20260801,2024-03-13,0.09589449284116762,0.23742445933789494,False
k15_no_stats_20260801,2024-03-14,0.05384531106548257,0.07144534414597682,False
k15_no_stats_20260801,2024-03-15,-0.06483723116349889,-0.05387843193708025,False
k15_no_stats_20260801,2024-03-18,0.06035276057837472,0.1125394765036296,False
k15_no_stats_20260801,2024-03-19,-0.04798577621444835,-0.036181196370304536,False
k15_no_stats_20260801,2024-03-20,0.06146672350953873,0.16522825849843878,False
k15_no_stats_20260801,2024-03-21,-0.08495134788821491,-0.057549985088483156,True
k15_no_stats_20260801,2024-03-22,0.16741555165819388,0.2796419068901217,False
k15_no_stats_20260801,2024-03-25,0.04567018070041427,0.057275741514277764,False
k15_no_stats_20260801,2024-03-26,0.1009067519781299,0.25083742099821016,False
k15_no_stats_20260801,2024-03-27,-0.1611997442400812,-0.13044402614447573,False
k15_no_stats_20260801,2024-03-28,0.042161882636421906,0.09792019883352676,False
k15_no_stats_20260801,2024-03-29,0.10723097956747768,0.1415796740371889,False
k15_no_stats_20260801,2024-04-01,0.18286502378073086,0.3494529140469954,True
k15_no_stats_20260801,2024-04-02,0.11609536886854217,0.19223454144168844,False
k15_no_stats_20260801,2024-04-03,-0.01980968373200145,0.10131229954062726,False
k15_no_stats_20260801,2024-04-08,0.15778154401584218,0.19459466447036414,False
k15_no_stats_20260801,2024-04-09,0.11269749571634256,0.20458426061572416,False
k15_no_stats_20260801,2024-04-10,-0.0314622033906796,0.03458714034071473,False
k15_no_stats_20260801,2024-04-11,0.09157290660546882,0.13750623933277528,False
k15_no_stats_20260801,2024-04-12,-0.023085278894350227,0.006230851277634375,True
k15_no_stats_20260801,2024-04-15,-0.023790861573608862,0.0032571937750876267,True
k15_no_stats_20260801,2024-04-16,-0.14661491096420068,-0.1247897826212703,True
k15_no_stats_20260801,2024-04-17,-0.08889024449051443,-0.030932917985623653,False
k15_no_stats_20260801,2024-04-18,0.06875318360387186,0.12069015410416009,True
k15_no_stats_20260801,2024-04-19,0.02076521874887158,0.054747321529098954,True
k15_no_stats_20260801,2024-04-22,-0.04068911915868944,-0.030091122229711265,False
k15_no_stats_20260801,2024-04-23,0.019549747832980104,0.019618934807069898,True
k15_no_stats_20260801,2024-04-24,0.03274462417908787,0.06018982455330508,False
k15_no_stats_20260801,2024-04-25,-0.03491784027817317,-0.017427830939340572,True
k15_no_stats_20260801,2024-04-26,0.08358416146873782,0.11294954806658376,True
k15_no_stats_20260801,2024-04-29,0.07541995006955596,0.16137316722205514,True
k15_no_stats_20260801,2024-04-30,-0.035769049178174105,-0.00758246026757024,False
k15_no_stats_20260801,2024-05-06,0.044638485759628796,0.05993076131250396,False
k15_no_stats_20260801,2024-05-07,0.011391836777188816,0.07550823149603265,False
k15_no_stats_20260801,2024-05-08,-0.009828752871551088,0.0304354065620652,False
k15_no_stats_20260801,2024-05-09,0.17654985436094922,0.2966092120361406,False
k15_no_stats_20260801,2024-05-10,0.013063993480543332,0.03603747091750228,True
k15_no_stats_20260801,2024-05-13,0.0327543573766579,0.06744994512626001,False
k15_no_stats_20260801,2024-05-14,0.08454488608381015,0.1387443752895784,False
k15_no_stats_20260801,2024-05-15,0.08921053360475126,0.1148792245089903,True
k15_no_stats_20260801,2024-05-16,0.018438016767204246,0.029356627478441307,False
k15_no_stats_20260801,2024-05-17,-0.04574748152899971,0.01574024112900018,False
k15_no_stats_20260801,2024-05-20,0.07355850601576276,0.11445156239932393,False
k15_no_stats_20260801,2024-05-21,0.055770226188346504,0.07801513217520702,False
k15_no_stats_20260801,2024-05-22,0.042597406308269296,0.11417716838778127,False
k15_no_stats_20260801,2024-05-23,0.17247064981404264,0.2317316947017865,False
k15_no_stats_20260801,2024-05-24,0.04890136798368691,0.06878681060519215,False
k15_no_stats_20260801,2024-05-27,-0.04676776371325686,-0.03468370878435754,False
k15_no_stats_20260801,2024-05-28,0.011398356862658936,0.026921756072012994,False
k15_no_stats_20260801,2024-05-29,0.019404287789027863,0.07415702872574703,False
k15_no_stats_20260801,2024-05-30,-0.004188296201170555,-0.0029372024254460177,False
k15_no_stats_20260801,2024-05-31,-0.18601258733210344,-0.1568475861906062,False
k15_no_stats_20260801,2024-06-03,-0.04217752720651467,0.06237281731541935,False
k15_no_stats_20260801,2024-06-04,0.01627145035353084,0.02802493426101361,False
k15_no_stats_20260801,2024-06-05,0.023244852301855225,0.07707920129193353,False
k15_no_stats_20260801,2024-06-06,0.2436369677344628,0.30461754196400864,False
k15_no_stats_20260801,2024-06-07,-0.1926877848569616,-0.19016328597526652,False
k15_no_stats_20260801,2024-06-11,-0.06171711993948651,-0.04606681385076148,False
k15_no_stats_20260801,2024-06-12,-0.06474071969051771,-0.053466730410587,True
k15_no_stats_20260801,2024-06-13,0.0208366145452199,0.08205674640459082,False
k15_no_stats_20260801,2024-06-14,-0.09756875420273295,-0.08795008921254362,False
k15_no_stats_20260801,2024-06-17,-0.021116095930566126,0.02195832430719397,False
k15_no_stats_20260801,2024-06-18,0.02210290295417762,0.07283175444554661,False
k15_no_stats_20260801,2024-06-19,0.12959150247307336,0.13946080965567004,False
k15_no_stats_20260801,2024-06-20,0.08758834224360001,0.09724874135995114,False
k15_no_stats_20260801,2024-06-21,0.03519915498008883,0.10141304133531563,False
k15_no_stats_20260801,2024-06-24,0.2561252136288922,0.2806803823549249,False
k15_no_stats_20260801,2024-06-25,0.05425148002789987,0.06309478408760989,False
k15_no_stats_20260801,2024-06-26,-0.0010946429497347703,0.032885173458604776,False
k15_no_stats_20260801,2024-06-27,-0.030959415758704784,-0.014478221303522084,False
k15_no_stats_20260801,2024-06-28,0.13237086684803231,0.207297218209616,False
k15_no_stats_20260801,2024-07-01,0.15154735753067497,0.19896403339344848,False
k15_no_stats_20260801,2024-07-02,0.07514371380182874,0.10312647310430874,False
k15_no_stats_20260801,2024-07-03,0.09105590681820899,0.13916781625084654,False
k15_no_stats_20260801,2024-07-04,0.08192690716622265,0.10866434715360446,False
k15_no_stats_20260801,2024-07-05,0.029116924304215617,0.07285092951115993,False
k15_no_stats_20260801,2024-07-08,-0.1782440703415511,-0.17318234837279356,True
k15_no_stats_20260801,2024-07-09,-0.20957650511594902,-0.20647998712331742,False
k15_no_stats_20260801,2024-07-10,0.15636634372813502,0.17893372618158668,False
k15_no_stats_20260801,2024-07-11,0.04638769036717954,0.07586410831466006,False
k15_no_stats_20260801,2024-07-12,-0.025735644403164882,0.08148134961945995,False
k15_no_stats_20260801,2024-07-15,-0.12861401328634992,-0.13434105678826977,False
k15_no_stats_20260801,2024-07-16,0.21199408125128402,0.31122131251505475,False
k15_no_stats_20260801,2024-07-17,0.015099132053878148,0.01833706534068005,False
k15_no_stats_20260801,2024-07-18,-0.12079653456990203,-0.10795972308714451,True
k15_no_stats_20260801,2024-07-19,-0.08291145360519633,-0.06459051846980099,False
k15_no_stats_20260801,2024-07-22,0.07528078374528951,0.18976217128030945,False
k15_no_stats_20260801,2024-07-23,0.10344897917780771,0.13884845086422104,False
k15_no_stats_20260801,2024-07-24,0.06515378384381147,0.08476148571209198,False
k15_no_stats_20260801,2024-07-25,0.04231658140028839,0.06294039575825008,False
k15_no_stats_20260801,2024-07-26,0.013293516422207942,0.0889112866479597,False
k15_no_stats_20260801,2024-07-29,0.07484528083951486,0.08247321916273526,False
k15_no_stats_20260801,2024-07-30,-0.09298539874033365,-0.07764483031972019,False
k15_no_stats_20260801,2024-07-31,-0.012526944657500034,0.08434175808335097,False
k15_no_stats_20260801,2024-08-01,0.1763627422211957,0.23291902233741732,False
k15_no_stats_20260801,2024-08-02,0.08158178430931332,0.11452689071147457,False
k15_no_stats_20260801,2024-08-05,0.07150924433541303,0.09093487164725188,False
k15_no_stats_20260801,2024-08-06,0.04457046888697273,0.0895839666926362,False
k15_no_stats_20260801,2024-08-07,0.13937230011996662,0.20813575210822083,False
k15_no_stats_20260801,2024-08-08,0.23411417617917415,0.2876917483172729,False
k15_no_stats_20260801,2024-08-09,0.05283659112290044,0.09119186383527281,False
k15_no_stats_20260801,2024-08-12,0.056666239900654294,0.07353356699019473,False
k15_no_stats_20260801,2024-08-13,0.034978073664427296,0.14230364228115217,False
k15_no_stats_20260801,2024-08-14,-0.0411929697804525,-0.018767405028987744,False
k15_no_stats_20260801,2024-08-15,-0.022084731403712452,0.007947488597424678,False
k15_no_stats_20260801,2024-08-16,0.07543261927078644,0.16557376474013297,False
k15_no_stats_20260801,2024-08-19,0.022850167050950214,0.10627316704041753,False
k15_no_stats_20260801,2024-08-20,-0.011142046797800162,0.0005303102966388744,False
k15_no_stats_20260801,2024-08-21,0.10665425878594259,0.19067918257556174,False
k15_no_stats_20260801,2024-08-22,-0.04923207544238059,-0.015210387525301888,False
k15_no_stats_20260801,2024-08-23,0.11058149755655731,0.1912214782107912,False
k15_no_stats_20260801,2024-08-26,0.15888920719925761,0.21853975203539316,False
k15_no_stats_20260801,2024-08-27,0.018423954282772083,0.04102917504585353,False
k15_no_stats_20260801,2024-08-28,-0.0928915841201434,-0.07831359228355891,False
k15_no_stats_20260801,2024-08-29,-0.2079124400690069,-0.21372465381270606,False
k15_no_stats_20260801,2024-08-30,0.07329363242327298,0.19528184396731985,False
k15_no_stats_20260801,2024-09-02,-0.01716429628372784,-0.010502152274720693,False
k15_no_stats_20260801,2024-09-03,-0.2035203818405257,-0.19300845956103602,False
k15_no_stats_20260801,2024-09-04,0.03939493973187145,0.08649971252738332,False
k15_no_stats_20260801,2024-09-05,0.09145652498004786,0.18051953926500264,False
k15_no_stats_20260801,2024-09-06,-0.06203562790188944,-0.051993684302855225,False
k15_no_stats_20260801,2024-09-09,-0.07932027131180319,-0.07523567632360197,False
k15_no_stats_20260801,2024-09-10,-0.1955122245694435,-0.19464475858775715,False
k15_no_stats_20260801,2024-09-11,0.1800645473025569,0.2047190812665809,False
k15_no_stats_20260801,2024-09-12,0.12918958291071164,0.19820203911952788,False
k15_no_stats_20260801,2024-09-13,0.0024268691833676144,0.018062323076083558,False
k15_no_stats_20260801,2024-09-18,0.10104928366333953,0.19152556070695978,False
k15_no_stats_20260801,2024-09-19,-0.004113316841373937,0.03970792696217125,False
k15_no_stats_20260801,2024-09-20,-0.007479861364786666,0.02242908448493791,False
k15_no_stats_20260801,2024-09-23,0.06957697568337051,0.08250243685786213,True
k15_no_stats_20260801,2024-09-24,0.08535988493210742,0.17087897911074798,False
k15_no_stats_20260801,2024-09-25,0.03172094019201266,0.06284643366710745,True
k15_no_stats_20260801,2024-09-26,-0.25531033109585055,-0.2559170278208531,True
k15_no_stats_20260801,2024-09-27,-0.015029412095412475,-0.003082347711146708,True
k15_no_stats_20260801,2024-09-30,-0.16020914565196737,-0.14134213383595937,True
k15_no_stats_20260801,2024-10-08,-0.13515104585642335,-0.09320608914433157,True
k15_no_stats_20260801,2024-10-09,0.16322223292657287,0.30184788172464105,True
k15_no_stats_20260801,2024-10-10,0.030552492143598717,0.07405432582843165,True
k15_no_stats_20260801,2024-10-11,-0.1596908712259577,-0.14064671102640353,True
k15_no_stats_20260801,2024-10-14,-0.04154347715184695,0.006157980989308478,False
k15_no_stats_20260801,2024-10-15,-0.01891872998356449,0.008126055466854722,True
k15_no_stats_20260801,2024-10-16,0.005746377935878279,0.03332905922817512,False
k15_no_stats_20260801,2024-10-17,-0.17331522676653546,-0.17499640925930524,True
k15_no_stats_20260801,2024-10-18,-0.17939266324892972,-0.1836135112242235,True
k15_no_stats_20260801,2024-10-21,0.07264861288852861,0.21488693853904672,True
k15_no_stats_20260801,2024-10-22,0.1324111755282887,0.16103988351192725,True
k15_no_stats_20260801,2024-10-23,0.08045675124128929,0.1284491810559279,True
k15_no_stats_20260801,2024-10-24,0.06420089607094996,0.10632349822438818,True
k15_no_stats_20260801,2024-10-25,0.012828062382237668,0.07725615478534963,True
k15_no_stats_20260801,2024-10-28,-0.016877580971669668,0.06385465014292763,True
k15_no_stats_20260801,2024-10-29,-0.04573933411517443,0.002970767280524296,True
k15_no_stats_20260801,2024-10-30,-0.04603360229219376,-0.032459766428866596,True
k15_no_stats_20260801,2024-10-31,0.22420683249463805,0.34208676598892285,True
k15_no_stats_20260801,2024-11-01,-0.028263439010719288,-0.012173988831302336,True
k15_no_stats_20260801,2024-11-04,-0.12698412257677952,-0.1201879835008211,True
k15_no_stats_20260801,2024-11-05,0.024885803632054813,0.09899510781682114,True
k15_no_stats_20260801,2024-11-06,0.07196540995294577,0.14801835143465403,True
k15_no_stats_20260801,2024-11-07,0.004303745805010603,0.03970920272890709,True
k15_no_stats_20260801,2024-11-08,-0.13938368744696208,-0.13539019587291823,True
k15_no_stats_20260801,2024-11-11,0.022697867409249634,0.21700706301267803,True
k15_no_stats_20260801,2024-11-12,0.11126994036620443,0.17875338299939983,False
k15_no_stats_20260801,2024-11-13,0.08764609587806738,0.26244745654640467,False
k15_no_stats_20260801,2024-11-14,0.10488137034960453,0.15856439211303774,True
k15_no_stats_20260801,2024-11-15,0.2777301143747491,0.37624522264416127,True
k15_no_stats_20260801,2024-11-18,-0.14042604043953605,-0.13121260905201998,False
k15_no_stats_20260801,2024-11-19,-0.11727375551299872,-0.1089892940107213,True
k15_no_stats_20260801,2024-11-20,0.05536150799091805,0.10651211681011971,False
k15_no_stats_20260801,2024-11-21,-0.03356162240819408,0.04208088891787642,True
k15_no_stats_20260801,2024-11-22,0.1614386030897671,0.19020095327280442,True
k15_no_stats_20260801,2024-11-25,0.13361631689102735,0.31197546673515253,False
k15_no_stats_20260801,2024-11-26,-0.26852908854269103,-0.2608356319575331,True
k15_no_stats_20260801,2024-11-27,0.1429816780892196,0.28251158608045435,False
k15_no_stats_20260801,2024-11-28,-0.04535516992729781,-0.02437287505246746,False
k15_no_stats_20260801,2024-11-29,-0.008176839378834828,0.0006820147945472394,False
k15_no_stats_20260801,2024-12-02,0.044972670486610064,0.13811654628287415,False
k15_no_stats_20260801,2024-12-03,0.10007366175185592,0.13725599305563754,False
k15_no_stats_20260801,2024-12-04,-0.07152956119453537,-0.06887324736972825,True
k15_no_stats_20260801,2024-12-05,0.21897281158478057,0.3664938676565516,False
k15_no_stats_20260801,2024-12-06,-0.05604704279038215,-0.036650562368050546,False
k15_no_stats_20260801,2024-12-09,0.013750127380161487,0.062386392856402746,False
k15_no_stats_20260801,2024-12-10,-0.026389747852426225,0.018280000118800526,False
k15_no_stats_20260801,2024-12-11,0.015021083732572528,0.1274824172337033,False
k15_no_stats_20260801,2024-12-12,-0.0403028076839266,-0.002902753211841181,True
k15_no_stats_20260801,2024-12-13,0.16352686308162195,0.258679050715693,False
k15_no_stats_20260801,2024-12-16,0.11221493779780645,0.18198393563956014,False
k15_no_stats_20260801,2024-12-17,-0.058943121905880795,-0.04113174883048482,True
k15_no_stats_20260801,2024-12-18,-0.1671354940851892,-0.1431122345679768,False
k15_no_stats_20260801,2024-12-19,-0.2987036561956921,-0.2993471627327207,False
k15_no_stats_20260801,2024-12-20,0.11673420431430961,0.23822161090681515,False
k15_no_stats_20260801,2024-12-23,0.05652956299998221,0.06311363957009435,False
k15_no_stats_20260801,2024-12-24,0.0442832793152143,0.13080285856191592,False
k15_no_stats_20260801,2024-12-25,-0.1908581710247158,-0.18865245062809508,False
k15_no_stats_20260801,2024-12-26,0.18976486513625213,0.3756477656003487,False
k15_no_stats_20260801,2024-12-27,0.04965768015185011,0.08492960826813341,False
k15_no_stats_no_fusion_20260801,2024-01-02,0.156946231263098,0.19041048291306148,False
k15_no_stats_no_fusion_20260801,2024-01-03,0.05427495474945922,0.09366977451457957,False
k15_no_stats_no_fusion_20260801,2024-01-04,0.20862049835599444,0.3136947851784419,False
k15_no_stats_no_fusion_20260801,2024-01-05,0.00888298800061645,0.030933949828853176,False
k15_no_stats_no_fusion_20260801,2024-01-08,0.1331469412644875,0.16807077784593888,False
k15_no_stats_no_fusion_20260801,2024-01-09,0.04873199880692298,0.05540479630184001,False
k15_no_stats_no_fusion_20260801,2024-01-10,-0.2460955809425788,-0.21286253282726092,False
k15_no_stats_no_fusion_20260801,2024-01-11,0.2520664066326162,0.2842546623062618,False
k15_no_stats_no_fusion_20260801,2024-01-12,-0.0028480872405438574,0.02989520947020727,False
k15_no_stats_no_fusion_20260801,2024-01-15,0.00935398857666529,0.03648017008627846,False
k15_no_stats_no_fusion_20260801,2024-01-16,0.15284567359287765,0.2705469605443745,False
k15_no_stats_no_fusion_20260801,2024-01-17,-0.20612420722470023,-0.20300561806689002,False
k15_no_stats_no_fusion_20260801,2024-01-18,0.1443755738561667,0.24338659462994458,False
k15_no_stats_no_fusion_20260801,2024-01-19,0.054534237460068906,0.06378847131894004,False
k15_no_stats_no_fusion_20260801,2024-01-22,-0.029357387966464272,-0.011326168503497148,False
k15_no_stats_no_fusion_20260801,2024-01-23,0.17150633503781576,0.25335257526492155,False
k15_no_stats_no_fusion_20260801,2024-01-24,0.09850280673450003,0.15608000647569256,False
k15_no_stats_no_fusion_20260801,2024-01-25,0.21390107032837624,0.3608466356149108,False
k15_no_stats_no_fusion_20260801,2024-01-26,0.2173444505542544,0.24677824675632595,False
k15_no_stats_no_fusion_20260801,2024-01-29,0.06001742570140032,0.08176377440591709,False
k15_no_stats_no_fusion_20260801,2024-01-30,0.10779448693381172,0.1688831317355518,False
k15_no_stats_no_fusion_20260801,2024-01-31,-0.1053434503144126,-0.09652534589052092,False
k15_no_stats_no_fusion_20260801,2024-02-01,-0.021855281543491572,0.08597441270128789,True
k15_no_stats_no_fusion_20260801,2024-02-02,0.09640292648295956,0.15136502942029045,True
k15_no_stats_no_fusion_20260801,2024-02-05,0.12186002371947068,0.125389591721408,True
k15_no_stats_no_fusion_20260801,2024-02-06,0.01662212511544407,0.034006065208993554,True
k15_no_stats_no_fusion_20260801,2024-02-07,0.007637276828692107,0.006049440993153862,True
k15_no_stats_no_fusion_20260801,2024-02-08,-0.11614912349509951,-0.07930912843990147,False
k15_no_stats_no_fusion_20260801,2024-02-19,-0.06332235613978904,-0.03688253350470368,False
k15_no_stats_no_fusion_20260801,2024-02-20,-0.10122503594844866,-0.08527560655584965,False
k15_no_stats_no_fusion_20260801,2024-02-21,-0.20261591759712577,-0.19747661418091,False
k15_no_stats_no_fusion_20260801,2024-02-22,-0.013485643230527294,-0.005570746200036958,False
k15_no_stats_no_fusion_20260801,2024-02-23,0.006031450678036736,0.029256297142466983,False
k15_no_stats_no_fusion_20260801,2024-02-26,-0.2233978550345087,-0.2229362991226801,False
k15_no_stats_no_fusion_20260801,2024-02-27,0.06462928451756579,0.31419255826402337,True
k15_no_stats_no_fusion_20260801,2024-02-28,-0.08611059406051143,-0.07237511753413815,True
k15_no_stats_no_fusion_20260801,2024-02-29,-0.10933094747424717,-0.08793996362350644,False
k15_no_stats_no_fusion_20260801,2024-03-01,-0.08484947034053719,-0.03548059112200556,False
k15_no_stats_no_fusion_20260801,2024-03-04,-0.03222728091997805,0.14358694296992447,False
k15_no_stats_no_fusion_20260801,2024-03-05,0.020357568977147952,0.08440418341262387,False
k15_no_stats_no_fusion_20260801,2024-03-06,0.06507662869517615,0.2180430799362728,False
k15_no_stats_no_fusion_20260801,2024-03-07,0.03286914933894168,0.05161330367124937,False
k15_no_stats_no_fusion_20260801,2024-03-08,-0.02039261691134717,-0.018309024181367484,False
k15_no_stats_no_fusion_20260801,2024-03-11,-0.0182701479045804,0.0011570142006353038,False
k15_no_stats_no_fusion_20260801,2024-03-12,-0.010172777979178529,0.00030303863711028526,False
k15_no_stats_no_fusion_20260801,2024-03-13,0.10645012798979783,0.24376901621824346,False
k15_no_stats_no_fusion_20260801,2024-03-14,0.04062961624360723,0.05708867893084637,False
k15_no_stats_no_fusion_20260801,2024-03-15,-0.015156136279660103,-0.0062032726544568595,False
k15_no_stats_no_fusion_20260801,2024-03-18,0.05249959742202195,0.10760634956346063,False
k15_no_stats_no_fusion_20260801,2024-03-19,-0.07607414021171656,-0.0659493195081515,False
k15_no_stats_no_fusion_20260801,2024-03-20,0.05776357370632051,0.1605171271670454,False
k15_no_stats_no_fusion_20260801,2024-03-21,-0.07345506911771325,-0.04586637039751609,True
k15_no_stats_no_fusion_20260801,2024-03-22,0.18731393207005662,0.29582272913991264,False
k15_no_stats_no_fusion_20260801,2024-03-25,0.0755624005783629,0.08754188146092105,False
k15_no_stats_no_fusion_20260801,2024-03-26,0.11503379484579286,0.26593972578707376,False
k15_no_stats_no_fusion_20260801,2024-03-27,-0.1367479533113672,-0.11027074225364229,False
k15_no_stats_no_fusion_20260801,2024-03-28,0.040933920547630474,0.09628059936605177,False
k15_no_stats_no_fusion_20260801,2024-03-29,0.11450977855683325,0.14785916734536847,False
k15_no_stats_no_fusion_20260801,2024-04-01,0.171207777675038,0.3383179639030781,True
k15_no_stats_no_fusion_20260801,2024-04-02,0.1188209657638512,0.19230691934472016,False
k15_no_stats_no_fusion_20260801,2024-04-03,-0.03680619187298131,0.08304161063145618,False
k15_no_stats_no_fusion_20260801,2024-04-08,0.15297953123568378,0.18989347802535972,False
k15_no_stats_no_fusion_20260801,2024-04-09,0.09035767879064716,0.17804845690449111,False
k15_no_stats_no_fusion_20260801,2024-04-10,-0.04160697697141251,0.024070289052839127,False
k15_no_stats_no_fusion_20260801,2024-04-11,0.09524560667555429,0.13845431209871098,False
k15_no_stats_no_fusion_20260801,2024-04-12,-0.018646120841498505,0.011270353839994793,True
k15_no_stats_no_fusion_20260801,2024-04-15,-0.03232652053321307,-0.004840415769775686,True
k15_no_stats_no_fusion_20260801,2024-04-16,-0.1260917857058898,-0.10338287402372594,True
k15_no_stats_no_fusion_20260801,2024-04-17,-0.07989929288418757,-0.022241753245268954,False
k15_no_stats_no_fusion_20260801,2024-04-18,0.08783705264772253,0.14176511905351638,True
k15_no_stats_no_fusion_20260801,2024-04-19,0.04548843758687132,0.07887197074770806,True
k15_no_stats_no_fusion_20260801,2024-04-22,-0.042713979171347644,-0.03129252889661365,False
k15_no_stats_no_fusion_20260801,2024-04-23,-0.007353977408401766,-0.006474260922468021,True
k15_no_stats_no_fusion_20260801,2024-04-24,0.02297490835934729,0.05006342144930175,False
k15_no_stats_no_fusion_20260801,2024-04-25,-0.03256139807411804,-0.014499457863044407,True
k15_no_stats_no_fusion_20260801,2024-04-26,0.08783113281925176,0.11687944073217607,True
k15_no_stats_no_fusion_20260801,2024-04-29,0.059537322949107845,0.14439770614752173,True
k15_no_stats_no_fusion_20260801,2024-04-30,-0.02796760306723858,0.00033075490286272566,False
k15_no_stats_no_fusion_20260801,2024-05-06,0.05831561044639673,0.0724430536141724,False
k15_no_stats_no_fusion_20260801,2024-05-07,0.021562191136161212,0.08347491030573218,False
k15_no_stats_no_fusion_20260801,2024-05-08,-0.007346664578726771,0.03248807509699477,False
k15_no_stats_no_fusion_20260801,2024-05-09,0.17744310290967297,0.29285961216764383,False
k15_no_stats_no_fusion_20260801,2024-05-10,0.0015979346643302439,0.02361189452143119,True
k15_no_stats_no_fusion_20260801,2024-05-13,0.05211731569801779,0.08567428368940332,False
k15_no_stats_no_fusion_20260801,2024-05-14,0.07508178498577134,0.13104187435133002,False
k15_no_stats_no_fusion_20260801,2024-05-15,0.10510010660482996,0.12848981056309444,True
k15_no_stats_no_fusion_20260801,2024-05-16,0.026540060473309063,0.037222528320516465,False
k15_no_stats_no_fusion_20260801,2024-05-17,-0.06963092691493179,-0.008212840386674646,False
k15_no_stats_no_fusion_20260801,2024-05-20,0.06737894260478638,0.1089417656487472,False
k15_no_stats_no_fusion_20260801,2024-05-21,0.05425817160216006,0.07705059164809924,False
k15_no_stats_no_fusion_20260801,2024-05-22,0.052140763987973446,0.12208384287101406,False
k15_no_stats_no_fusion_20260801,2024-05-23,0.17558927572793653,0.2360157423358683,False
k15_no_stats_no_fusion_20260801,2024-05-24,0.046705005695357,0.06647560621469979,False
k15_no_stats_no_fusion_20260801,2024-05-27,-0.049314053816025084,-0.036747936185905085,False
k15_no_stats_no_fusion_20260801,2024-05-28,0.006757484622924548,0.02189972108206184,False
k15_no_stats_no_fusion_20260801,2024-05-29,0.053785489303641534,0.10682482961369409,False
k15_no_stats_no_fusion_20260801,2024-05-30,0.024291576360162166,0.025502936426835366,False
k15_no_stats_no_fusion_20260801,2024-05-31,-0.18318133040175633,-0.15243724679870901,False
k15_no_stats_no_fusion_20260801,2024-06-03,-0.04358489106541863,0.05834247040862142,False
k15_no_stats_no_fusion_20260801,2024-06-04,0.00016619337449918738,0.011657259523902081,False
k15_no_stats_no_fusion_20260801,2024-06-05,-0.014568753015303186,0.04109003989165919,False
k15_no_stats_no_fusion_20260801,2024-06-06,0.25467820335459695,0.31561284793388233,False
k15_no_stats_no_fusion_20260801,2024-06-07,-0.2185807258362157,-0.21614762701361787,False
k15_no_stats_no_fusion_20260801,2024-06-11,-0.05817546788644319,-0.042978238239696986,False
k15_no_stats_no_fusion_20260801,2024-06-12,-0.0664257332978319,-0.05467367963332948,True
k15_no_stats_no_fusion_20260801,2024-06-13,0.024932019552012335,0.08478635090011367,False
k15_no_stats_no_fusion_20260801,2024-06-14,-0.08197467342478992,-0.07223696701781586,False
k15_no_stats_no_fusion_20260801,2024-06-17,-0.02268888331741577,0.019096342986375487,False
k15_no_stats_no_fusion_20260801,2024-06-18,0.012993663293541902,0.06405972659047834,False
k15_no_stats_no_fusion_20260801,2024-06-19,0.13184378878461003,0.14127290227820807,False
k15_no_stats_no_fusion_20260801,2024-06-20,0.08111284740350666,0.09008456173067628,False
k15_no_stats_no_fusion_20260801,2024-06-21,0.016954759063479218,0.08034336016838009,False
k15_no_stats_no_fusion_20260801,2024-06-24,0.26033617802847003,0.2854114275948202,False
k15_no_stats_no_fusion_20260801,2024-06-25,0.0637806614342361,0.07283737452616745,False
k15_no_stats_no_fusion_20260801,2024-06-26,-0.0005783429624228525,0.03521132045422394,False
k15_no_stats_no_fusion_20260801,2024-06-27,-0.030810445294362474,-0.012066001442142097,False
k15_no_stats_no_fusion_20260801,2024-06-28,0.14288342279300525,0.2190612351320332,False
k15_no_stats_no_fusion_20260801,2024-07-01,0.14938658594111312,0.1952813392356213,False
k15_no_stats_no_fusion_20260801,2024-07-02,0.07608820951759995,0.1032173104875098,False
k15_no_stats_no_fusion_20260801,2024-07-03,0.09467705886434745,0.14479768238415883,False
k15_no_stats_no_fusion_20260801,2024-07-04,0.07413481174211424,0.1024075746728459,False
k15_no_stats_no_fusion_20260801,2024-07-05,0.018974620180591435,0.06442949211399512,False
k15_no_stats_no_fusion_20260801,2024-07-08,-0.17516893188617713,-0.16999680297478306,True
k15_no_stats_no_fusion_20260801,2024-07-09,-0.19708670419629648,-0.19388979304144174,False
k15_no_stats_no_fusion_20260801,2024-07-10,0.1386153524308916,0.16222704301622376,False
k15_no_stats_no_fusion_20260801,2024-07-11,0.04594880229638037,0.07472675204935629,False
k15_no_stats_no_fusion_20260801,2024-07-12,-0.03518441130383675,0.07069595565416895,False
k15_no_stats_no_fusion_20260801,2024-07-15,-0.14352330467466495,-0.15016823999150855,False
k15_no_stats_no_fusion_20260801,2024-07-16,0.18722409240648308,0.2862222871846748,False
k15_no_stats_no_fusion_20260801,2024-07-17,0.03247267483788255,0.03523334111524221,False
k15_no_stats_no_fusion_20260801,2024-07-18,-0.10696864730466836,-0.09552657893569824,True
k15_no_stats_no_fusion_20260801,2024-07-19,-0.11145553315126976,-0.09304717451927852,False
k15_no_stats_no_fusion_20260801,2024-07-22,0.07978571975511575,0.1951768541470127,False
k15_no_stats_no_fusion_20260801,2024-07-23,0.0833621652637344,0.11590456381579434,False
k15_no_stats_no_fusion_20260801,2024-07-24,0.07633576096399025,0.09482721880816379,False
k15_no_stats_no_fusion_20260801,2024-07-25,0.01941535475333478,0.03983904613057934,False
k15_no_stats_no_fusion_20260801,2024-07-26,0.02306781765817962,0.09734550458124523,False
k15_no_stats_no_fusion_20260801,2024-07-29,0.07714665924663879,0.08433665249236394,False
k15_no_stats_no_fusion_20260801,2024-07-30,-0.09432932244516559,-0.07943964982133975,False
k15_no_stats_no_fusion_20260801,2024-07-31,-0.006639241830925243,0.090646889547741,False
k15_no_stats_no_fusion_20260801,2024-08-01,0.17536733401753432,0.23088445918163514,False
k15_no_stats_no_fusion_20260801,2024-08-02,0.06699245111889252,0.10207066171580614,False
k15_no_stats_no_fusion_20260801,2024-08-05,0.04605891980043022,0.06535131558266598,False
k15_no_stats_no_fusion_20260801,2024-08-06,0.03638161382670339,0.08215972783430645,False
k15_no_stats_no_fusion_20260801,2024-08-07,0.15188457076747408,0.22047666470645977,False
k15_no_stats_no_fusion_20260801,2024-08-08,0.21981440227570076,0.2731408795987997,False
k15_no_stats_no_fusion_20260801,2024-08-09,0.05063610100202482,0.08931408787125418,False
k15_no_stats_no_fusion_20260801,2024-08-12,0.06824236147156634,0.08565891608564674,False
k15_no_stats_no_fusion_20260801,2024-08-13,0.03202247887033838,0.14047926368299082,False
k15_no_stats_no_fusion_20260801,2024-08-14,-0.05818059704419975,-0.03489314105804074,False
k15_no_stats_no_fusion_20260801,2024-08-15,-0.024439011702741365,0.00477737895800124,False
k15_no_stats_no_fusion_20260801,2024-08-16,0.07429759221767938,0.16230788374400554,False
k15_no_stats_no_fusion_20260801,2024-08-19,0.021713039862411562,0.10707551126249155,False
k15_no_stats_no_fusion_20260801,2024-08-20,-0.028341682014934925,-0.016690337149950874,False
k15_no_stats_no_fusion_20260801,2024-08-21,0.1048659225408402,0.18740044347698162,False
k15_no_stats_no_fusion_20260801,2024-08-22,-0.05871576838006336,-0.025826379684626054,False
k15_no_stats_no_fusion_20260801,2024-08-23,0.10587486507923105,0.18573946318970086,False
k15_no_stats_no_fusion_20260801,2024-08-26,0.15945697811597864,0.220171833452147,False
k15_no_stats_no_fusion_20260801,2024-08-27,0.011016403924734668,0.03375808429060673,False
k15_no_stats_no_fusion_20260801,2024-08-28,-0.09743221063163618,-0.08205509079432953,False
k15_no_stats_no_fusion_20260801,2024-08-29,-0.20691875402640225,-0.21220908095322819,False
k15_no_stats_no_fusion_20260801,2024-08-30,0.10280680516255458,0.2185640989536385,False
k15_no_stats_no_fusion_20260801,2024-09-02,-0.00486646806361934,0.001209403535942517,False
k15_no_stats_no_fusion_20260801,2024-09-03,-0.19973901403409797,-0.19009644884631827,False
k15_no_stats_no_fusion_20260801,2024-09-04,0.05330811465139502,0.09929783513730715,False
k15_no_stats_no_fusion_20260801,2024-09-05,0.08089453194091628,0.17544340607588266,False
k15_no_stats_no_fusion_20260801,2024-09-06,-0.04352150566400617,-0.03411919676322138,False
k15_no_stats_no_fusion_20260801,2024-09-09,-0.07692657861973844,-0.07266116698540194,False
k15_no_stats_no_fusion_20260801,2024-09-10,-0.18987354581038388,-0.18900713174922457,False
k15_no_stats_no_fusion_20260801,2024-09-11,0.17190490844495265,0.19654947278612,False
k15_no_stats_no_fusion_20260801,2024-09-12,0.1320215647323116,0.20287291848010106,False
k15_no_stats_no_fusion_20260801,2024-09-13,-0.022217322398143717,-0.007782234149705438,False
k15_no_stats_no_fusion_20260801,2024-09-18,0.10716090044986418,0.19531615698126217,False
k15_no_stats_no_fusion_20260801,2024-09-19,-0.0022777557765843105,0.04295014207034073,False
k15_no_stats_no_fusion_20260801,2024-09-20,-0.03983581148428802,-0.011313385689196855,False
k15_no_stats_no_fusion_20260801,2024-09-23,0.0642149004250704,0.07726677555219384,True
k15_no_stats_no_fusion_20260801,2024-09-24,0.08176072449652706,0.1669129117210379,False
k15_no_stats_no_fusion_20260801,2024-09-25,0.020298281647498397,0.05074687112010555,True
k15_no_stats_no_fusion_20260801,2024-09-26,-0.24752656590326833,-0.24761441801325923,True
k15_no_stats_no_fusion_20260801,2024-09-27,0.02318256370316407,0.0359327829396763,True
k15_no_stats_no_fusion_20260801,2024-09-30,-0.1874485071818241,-0.17304817354398924,True
k15_no_stats_no_fusion_20260801,2024-10-08,-0.13089019137713429,-0.08807642583670633,True
k15_no_stats_no_fusion_20260801,2024-10-09,0.16795752479444423,0.3036428830920413,True
k15_no_stats_no_fusion_20260801,2024-10-10,0.039908031894237125,0.08527149831803847,True
k15_no_stats_no_fusion_20260801,2024-10-11,-0.1679525421531408,-0.1490927362457612,True
k15_no_stats_no_fusion_20260801,2024-10-14,-0.05944371450024643,-0.014882435650568938,False
k15_no_stats_no_fusion_20260801,2024-10-15,-0.053309726265761026,-0.026740978313685968,True
k15_no_stats_no_fusion_20260801,2024-10-16,0.005103906282908757,0.030714859809993163,False
k15_no_stats_no_fusion_20260801,2024-10-17,-0.18902462782818288,-0.19106928211270344,True
k15_no_stats_no_fusion_20260801,2024-10-18,-0.1847378753277703,-0.18956088560569523,True
k15_no_stats_no_fusion_20260801,2024-10-21,0.07377199552251673,0.2088639524844745,True
k15_no_stats_no_fusion_20260801,2024-10-22,0.14253137605315044,0.16904706595645272,True
k15_no_stats_no_fusion_20260801,2024-10-23,0.0674367486238132,0.1108817487312236,True
k15_no_stats_no_fusion_20260801,2024-10-24,0.06841017836095635,0.1091211312270792,True
k15_no_stats_no_fusion_20260801,2024-10-25,0.014302136628435934,0.07661059253574493,True
k15_no_stats_no_fusion_20260801,2024-10-28,-0.006699941578197819,0.07302117845818845,True
k15_no_stats_no_fusion_20260801,2024-10-29,-0.07202328789438593,-0.027909469439741243,True
k15_no_stats_no_fusion_20260801,2024-10-30,-0.04326717139679306,-0.029737837708917567,True
k15_no_stats_no_fusion_20260801,2024-10-31,0.202216657083738,0.3204106149300836,True
k15_no_stats_no_fusion_20260801,2024-11-01,-0.0014456402342737,0.013393834527874422,True
k15_no_stats_no_fusion_20260801,2024-11-04,-0.12647182767914783,-0.11959467712469568,True
k15_no_stats_no_fusion_20260801,2024-11-05,0.021496552399250513,0.09605420246752254,True
k15_no_stats_no_fusion_20260801,2024-11-06,0.10622972937714643,0.18084000919619983,True
k15_no_stats_no_fusion_20260801,2024-11-07,0.0022622591792327952,0.036557573643679654,True
k15_no_stats_no_fusion_20260801,2024-11-08,-0.13536575137888734,-0.13124011587530032,True
k15_no_stats_no_fusion_20260801,2024-11-11,0.033854939427686866,0.22624525092562053,True
k15_no_stats_no_fusion_20260801,2024-11-12,0.1399155423430796,0.20426173704358747,False
k15_no_stats_no_fusion_20260801,2024-11-13,0.0860570479905686,0.25513954863232535,False
k15_no_stats_no_fusion_20260801,2024-11-14,0.08332114835516098,0.13019343548224505,True
k15_no_stats_no_fusion_20260801,2024-11-15,0.29682773095204057,0.3982250769036737,True
k15_no_stats_no_fusion_20260801,2024-11-18,-0.10826179477522094,-0.09949885619721204,False
k15_no_stats_no_fusion_20260801,2024-11-19,-0.10895086013795363,-0.10060298993685607,True
k15_no_stats_no_fusion_20260801,2024-11-20,0.03613784167823268,0.0861127521472896,False
k15_no_stats_no_fusion_20260801,2024-11-21,-0.045891795318853776,0.026411352146247728,True
k15_no_stats_no_fusion_20260801,2024-11-22,0.17416552403781713,0.20166246456669812,True
k15_no_stats_no_fusion_20260801,2024-11-25,0.1366405709251706,0.3084034403732114,False
k15_no_stats_no_fusion_20260801,2024-11-26,-0.2662214518324591,-0.25814847637334226,True
k15_no_stats_no_fusion_20260801,2024-11-27,0.1358361777188237,0.2761897315291988,False
k15_no_stats_no_fusion_20260801,2024-11-28,-0.022031997716253828,-0.00045138056919091183,False
k15_no_stats_no_fusion_20260801,2024-11-29,-0.01568427664860515,-0.006698099084605668,False
k15_no_stats_no_fusion_20260801,2024-12-02,0.049606893736048686,0.13985211686065302,False
k15_no_stats_no_fusion_20260801,2024-12-03,0.08885566006109002,0.1285562131518609,False
k15_no_stats_no_fusion_20260801,2024-12-04,-0.09017028137655161,-0.08755987073548267,True
k15_no_stats_no_fusion_20260801,2024-12-05,0.20215247486889046,0.34804134711518053,False
k15_no_stats_no_fusion_20260801,2024-12-06,-0.04741540136408401,-0.02702943984085954,False
k15_no_stats_no_fusion_20260801,2024-12-09,0.012969429848643594,0.06026673164594756,False
k15_no_stats_no_fusion_20260801,2024-12-10,-0.033885226289534665,0.009014605745410204,False
k15_no_stats_no_fusion_20260801,2024-12-11,0.006126861765258064,0.11618682869438851,False
k15_no_stats_no_fusion_20260801,2024-12-12,-0.04019664275479476,-0.0031672803342273907,True
k15_no_stats_no_fusion_20260801,2024-12-13,0.16684892522975123,0.2544319083472956,False
k15_no_stats_no_fusion_20260801,2024-12-16,0.10670783450753613,0.17791447917165018,False
k15_no_stats_no_fusion_20260801,2024-12-17,-0.05914006238206323,-0.0442681459488573,True
k15_no_stats_no_fusion_20260801,2024-12-18,-0.16301852569522396,-0.1391366690263306,False
k15_no_stats_no_fusion_20260801,2024-12-19,-0.2510649768385764,-0.2522307327515483,False
k15_no_stats_no_fusion_20260801,2024-12-20,0.13266668751980906,0.25630285937692737,False
k15_no_stats_no_fusion_20260801,2024-12-23,0.06162812006110328,0.06817993934339367,False
k15_no_stats_no_fusion_20260801,2024-12-24,0.05967741653273993,0.14691876863138115,False
k15_no_stats_no_fusion_20260801,2024-12-25,-0.21512499641167335,-0.21318941902545993,False
k15_no_stats_no_fusion_20260801,2024-12-26,0.19160333915340652,0.37818774053013193,False
k15_no_stats_no_fusion_20260801,2024-12-27,0.07096682519231008,0.10615246631982163,False
k15_no_stats_no_fusion_no_deepsets_20260801,2024-01-02,0.15680248815206324,0.19028469641330084,False
k15_no_stats_no_fusion_no_deepsets_20260801,2024-01-03,0.057395950491975066,0.09887688123636712,False
k15_no_stats_no_fusion_no_deepsets_20260801,2024-01-04,0.20900177234721656,0.3185938994693057,False
k15_no_stats_no_fusion_no_deepsets_20260801,2024-01-05,0.014609226646706523,0.036437978217743236,False
k15_no_stats_no_fusion_no_deepsets_20260801,2024-01-08,0.13822095931935036,0.17337383074928964,False
k15_no_stats_no_fusion_no_deepsets_20260801,2024-01-09,0.047362411971653626,0.05448081563407802,False
k15_no_stats_no_fusion_no_deepsets_20260801,2024-01-10,-0.24191949912060368,-0.20860003751168338,False
k15_no_stats_no_fusion_no_deepsets_20260801,2024-01-11,0.25801552158264196,0.29062847029618694,False
k15_no_stats_no_fusion_no_deepsets_20260801,2024-01-12,-0.0014739486142847681,0.031945453992615426,False
k15_no_stats_no_fusion_no_deepsets_20260801,2024-01-15,0.008027727221446916,0.03543185825392342,False
k15_no_stats_no_fusion_no_deepsets_20260801,2024-01-16,0.15980785494705513,0.2799035854082349,False
k15_no_stats_no_fusion_no_deepsets_20260801,2024-01-17,-0.21465399780293673,-0.20961393141278603,False
k15_no_stats_no_fusion_no_deepsets_20260801,2024-01-18,0.1455740483142875,0.24624754101156884,False
k15_no_stats_no_fusion_no_deepsets_20260801,2024-01-19,0.06276714100414119,0.07265791782586925,False
k15_no_stats_no_fusion_no_deepsets_20260801,2024-01-22,-0.04181690050536614,-0.022577341555665213,False
k15_no_stats_no_fusion_no_deepsets_20260801,2024-01-23,0.18394208133516987,0.26680005099209997,False
k15_no_stats_no_fusion_no_deepsets_20260801,2024-01-24,0.10216860578834583,0.1628359133878999,False
k15_no_stats_no_fusion_no_deepsets_20260801,2024-01-25,0.21204932957732262,0.3614877919341353,False
k15_no_stats_no_fusion_no_deepsets_20260801,2024-01-26,0.21205421484247008,0.24160038759578503,False
k15_no_stats_no_fusion_no_deepsets_20260801,2024-01-29,0.0560822376012671,0.07929789034819673,False
k15_no_stats_no_fusion_no_deepsets_20260801,2024-01-30,0.10817309062502266,0.16988008684412054,False
k15_no_stats_no_fusion_no_deepsets_20260801,2024-01-31,-0.11436464321643515,-0.10534566849792945,False
k15_no_stats_no_fusion_no_deepsets_20260801,2024-02-01,-0.02331605177711157,0.09057787252640671,True
k15_no_stats_no_fusion_no_deepsets_20260801,2024-02-02,0.09181050934073555,0.15139351185960473,True
k15_no_stats_no_fusion_no_deepsets_20260801,2024-02-05,0.1149834373497567,0.11844667334187171,True
k15_no_stats_no_fusion_no_deepsets_20260801,2024-02-06,0.019245917114346846,0.036974549517358346,True
k15_no_stats_no_fusion_no_deepsets_20260801,2024-02-07,0.02308887188573375,0.020918890888989836,True
k15_no_stats_no_fusion_no_deepsets_20260801,2024-02-08,-0.11520687545104594,-0.07847620871849785,False
k15_no_stats_no_fusion_no_deepsets_20260801,2024-02-19,-0.0594542719659991,-0.03300364017209389,False
k15_no_stats_no_fusion_no_deepsets_20260801,2024-02-20,-0.0909496376094924,-0.07508528323544146,False
k15_no_stats_no_fusion_no_deepsets_20260801,2024-02-21,-0.1829615161003063,-0.17788341738704988,False
k15_no_stats_no_fusion_no_deepsets_20260801,2024-02-22,-0.028660435869781647,-0.02102896450403652,False
k15_no_stats_no_fusion_no_deepsets_20260801,2024-02-23,-0.00031094145552924444,0.02302848395441966,False
k15_no_stats_no_fusion_no_deepsets_20260801,2024-02-26,-0.22100383066099,-0.22041766641075713,False
k15_no_stats_no_fusion_no_deepsets_20260801,2024-02-27,0.06104119092986466,0.3107724731176178,True
k15_no_stats_no_fusion_no_deepsets_20260801,2024-02-28,-0.11445297758845364,-0.09983160222300566,True
k15_no_stats_no_fusion_no_deepsets_20260801,2024-02-29,-0.11634735592167969,-0.0950109716305472,False
k15_no_stats_no_fusion_no_deepsets_20260801,2024-03-01,-0.08814003623596678,-0.03842998719202527,False
k15_no_stats_no_fusion_no_deepsets_20260801,2024-03-04,-0.03336668609402529,0.14352394155459566,False
k15_no_stats_no_fusion_no_deepsets_20260801,2024-03-05,0.018684907270784548,0.08431080558248011,False
k15_no_stats_no_fusion_no_deepsets_20260801,2024-03-06,0.07877807086316517,0.2327826587193959,False
k15_no_stats_no_fusion_no_deepsets_20260801,2024-03-07,0.02408783663812228,0.04295789858131584,False
k15_no_stats_no_fusion_no_deepsets_20260801,2024-03-08,-0.02736233087028052,-0.02496714539801883,False
k15_no_stats_no_fusion_no_deepsets_20260801,2024-03-11,-0.032119140603049594,-0.012361870078480762,False
k15_no_stats_no_fusion_no_deepsets_20260801,2024-03-12,-0.019252907240917362,-0.008681444329819765,False
k15_no_stats_no_fusion_no_deepsets_20260801,2024-03-13,0.11125331113911265,0.25055661442590155,False
k15_no_stats_no_fusion_no_deepsets_20260801,2024-03-14,0.054330508803100114,0.07050930686172283,False
k15_no_stats_no_fusion_no_deepsets_20260801,2024-03-15,-0.019526858026938827,-0.010491657227612361,False
k15_no_stats_no_fusion_no_deepsets_20260801,2024-03-18,0.049579592247613366,0.10371242165172372,False
k15_no_stats_no_fusion_no_deepsets_20260801,2024-03-19,-0.06831465695019395,-0.05766746158912242,False
k15_no_stats_no_fusion_no_deepsets_20260801,2024-03-20,0.0609273548399978,0.16390540545342208,False
k15_no_stats_no_fusion_no_deepsets_20260801,2024-03-21,-0.06642723791375614,-0.0380989161578067,True
k15_no_stats_no_fusion_no_deepsets_20260801,2024-03-22,0.1884414162047257,0.2967102929488512,False
k15_no_stats_no_fusion_no_deepsets_20260801,2024-03-25,0.07763600798470889,0.08971088337159677,False
k15_no_stats_no_fusion_no_deepsets_20260801,2024-03-26,0.1135882121997448,0.2661899243425301,False
k15_no_stats_no_fusion_no_deepsets_20260801,2024-03-27,-0.13982873908189844,-0.11075092276873828,False
k15_no_stats_no_fusion_no_deepsets_20260801,2024-03-28,0.036776759589128495,0.09189338294252229,False
k15_no_stats_no_fusion_no_deepsets_20260801,2024-03-29,0.11390549948393902,0.14781147584279652,False
k15_no_stats_no_fusion_no_deepsets_20260801,2024-04-01,0.17311381193191352,0.3434807304077781,True
k15_no_stats_no_fusion_no_deepsets_20260801,2024-04-02,0.11833527699581606,0.19358546039314797,False
k15_no_stats_no_fusion_no_deepsets_20260801,2024-04-03,-0.02669549782319661,0.09514092150885703,False
k15_no_stats_no_fusion_no_deepsets_20260801,2024-04-08,0.14070056969883338,0.17838024168953967,False
k15_no_stats_no_fusion_no_deepsets_20260801,2024-04-09,0.09408645379624314,0.1835870844017966,False
k15_no_stats_no_fusion_no_deepsets_20260801,2024-04-10,-0.02951622807018733,0.035803931449597086,False
k15_no_stats_no_fusion_no_deepsets_20260801,2024-04-11,0.09100581239643761,0.1340802535334627,False
k15_no_stats_no_fusion_no_deepsets_20260801,2024-04-12,-0.010219345806336814,0.019963989031242357,True
k15_no_stats_no_fusion_no_deepsets_20260801,2024-04-15,-0.026389713198260084,0.0023884410046588634,True
k15_no_stats_no_fusion_no_deepsets_20260801,2024-04-16,-0.10876069616839507,-0.08538017289597917,True
k15_no_stats_no_fusion_no_deepsets_20260801,2024-04-17,-0.07402721379501184,-0.01738049160395132,False
k15_no_stats_no_fusion_no_deepsets_20260801,2024-04-18,0.08811786840370663,0.14237860098163815,True
k15_no_stats_no_fusion_no_deepsets_20260801,2024-04-19,0.02762237782063066,0.06095813908594537,True
k15_no_stats_no_fusion_no_deepsets_20260801,2024-04-22,-0.053047815893297254,-0.041612940346500815,False
k15_no_stats_no_fusion_no_deepsets_20260801,2024-04-23,-0.008564935273222262,-0.0077641154766683726,True
k15_no_stats_no_fusion_no_deepsets_20260801,2024-04-24,0.032647630984551215,0.060255865835669685,False
k15_no_stats_no_fusion_no_deepsets_20260801,2024-04-25,-0.03406769926238115,-0.01520241765764855,True
k15_no_stats_no_fusion_no_deepsets_20260801,2024-04-26,0.09055078131844514,0.11974741183848195,True
k15_no_stats_no_fusion_no_deepsets_20260801,2024-04-29,0.05733930542809247,0.1428606885943584,True
k15_no_stats_no_fusion_no_deepsets_20260801,2024-04-30,-0.030540334920967922,-0.002362773145685773,False
k15_no_stats_no_fusion_no_deepsets_20260801,2024-05-06,0.06283889915842962,0.07674683825476014,False
k15_no_stats_no_fusion_no_deepsets_20260801,2024-05-07,0.023974632407238943,0.08620770499282618,False
k15_no_stats_no_fusion_no_deepsets_20260801,2024-05-08,-0.007440301058215984,0.03267794300179042,False
k15_no_stats_no_fusion_no_deepsets_20260801,2024-05-09,0.18607495814962768,0.3029031755082332,False
k15_no_stats_no_fusion_no_deepsets_20260801,2024-05-10,0.0005344909482904147,0.02205873255221209,True
k15_no_stats_no_fusion_no_deepsets_20260801,2024-05-13,0.04959550776132852,0.08225552388329933,False
k15_no_stats_no_fusion_no_deepsets_20260801,2024-05-14,0.0721023066688687,0.12765113409406878,False
k15_no_stats_no_fusion_no_deepsets_20260801,2024-05-15,0.10425151356822694,0.1276486311652533,True
k15_no_stats_no_fusion_no_deepsets_20260801,2024-05-16,0.03282359850759732,0.043626391188923835,False
k15_no_stats_no_fusion_no_deepsets_20260801,2024-05-17,-0.06495053100584515,-0.002807845981395148,False
k15_no_stats_no_fusion_no_deepsets_20260801,2024-05-20,0.06866146691433718,0.11065822128474105,False
k15_no_stats_no_fusion_no_deepsets_20260801,2024-05-21,0.054490919142028416,0.0773971248205543,False
k15_no_stats_no_fusion_no_deepsets_20260801,2024-05-22,0.05131270426424917,0.12111205190519679,False
k15_no_stats_no_fusion_no_deepsets_20260801,2024-05-23,0.1849592626498908,0.24475496710452205,False
k15_no_stats_no_fusion_no_deepsets_20260801,2024-05-24,0.04264572634448445,0.06243692280690975,False
k15_no_stats_no_fusion_no_deepsets_20260801,2024-05-27,-0.04295861126822215,-0.030491454671064663,False
k15_no_stats_no_fusion_no_deepsets_20260801,2024-05-28,0.022671219085342083,0.03792559912820689,False
k15_no_stats_no_fusion_no_deepsets_20260801,2024-05-29,0.04405529071414805,0.09671930426096402,False
k15_no_stats_no_fusion_no_deepsets_20260801,2024-05-30,0.019643600893927797,0.02108972591870484,False
k15_no_stats_no_fusion_no_deepsets_20260801,2024-05-31,-0.1936322311987396,-0.16401323650927271,False
k15_no_stats_no_fusion_no_deepsets_20260801,2024-06-03,-0.03863109119449259,0.06477002521615147,False
k15_no_stats_no_fusion_no_deepsets_20260801,2024-06-04,-0.004286713208750093,0.007995658725541826,False
k15_no_stats_no_fusion_no_deepsets_20260801,2024-06-05,-0.014831128433474389,0.041883135543257094,False
k15_no_stats_no_fusion_no_deepsets_20260801,2024-06-06,0.26405128524089116,0.3263984532379787,False
k15_no_stats_no_fusion_no_deepsets_20260801,2024-06-07,-0.23540555213451683,-0.23304338097909108,False
k15_no_stats_no_fusion_no_deepsets_20260801,2024-06-11,-0.04992639333701667,-0.034909361798767795,False
k15_no_stats_no_fusion_no_deepsets_20260801,2024-06-12,-0.07605671569006081,-0.0643941296005934,True
k15_no_stats_no_fusion_no_deepsets_20260801,2024-06-13,0.031053995856439174,0.09164337033585906,False
k15_no_stats_no_fusion_no_deepsets_20260801,2024-06-14,-0.09257269284648015,-0.08270412954617959,False
k15_no_stats_no_fusion_no_deepsets_20260801,2024-06-17,-0.014234861950161224,0.027138242003436095,False
k15_no_stats_no_fusion_no_deepsets_20260801,2024-06-18,0.015543912668239429,0.06585237128625632,False
k15_no_stats_no_fusion_no_deepsets_20260801,2024-06-19,0.12506660796659474,0.13502644506645065,False
k15_no_stats_no_fusion_no_deepsets_20260801,2024-06-20,0.07917703114585788,0.089000696971039,False
k15_no_stats_no_fusion_no_deepsets_20260801,2024-06-21,0.026095360823773332,0.08974889013516707,False
k15_no_stats_no_fusion_no_deepsets_20260801,2024-06-24,0.25293995836531896,0.27847192777052493,False
k15_no_stats_no_fusion_no_deepsets_20260801,2024-06-25,0.07225756725477134,0.0815279267929461,False
k15_no_stats_no_fusion_no_deepsets_20260801,2024-06-26,-0.0022288127294440726,0.03331505613192473,False
k15_no_stats_no_fusion_no_deepsets_20260801,2024-06-27,-0.025182026420910632,-0.007726902486034484,False
k15_no_stats_no_fusion_no_deepsets_20260801,2024-06-28,0.14814137506291686,0.2248310023107669,False
k15_no_stats_no_fusion_no_deepsets_20260801,2024-07-01,0.15532061924694002,0.20086613497463435,False
k15_no_stats_no_fusion_no_deepsets_20260801,2024-07-02,0.07700517067597544,0.10547656788638497,False
k15_no_stats_no_fusion_no_deepsets_20260801,2024-07-03,0.10389670022954214,0.1542526859026319,False
k15_no_stats_no_fusion_no_deepsets_20260801,2024-07-04,0.06410994978922127,0.09309465582474598,False
k15_no_stats_no_fusion_no_deepsets_20260801,2024-07-05,0.022397197786891903,0.06832550718811152,False
k15_no_stats_no_fusion_no_deepsets_20260801,2024-07-08,-0.1725120951552019,-0.167125043027518,True
k15_no_stats_no_fusion_no_deepsets_20260801,2024-07-09,-0.1917951393385884,-0.18879855072989124,False
k15_no_stats_no_fusion_no_deepsets_20260801,2024-07-10,0.13499617923422652,0.15889585573444187,False
k15_no_stats_no_fusion_no_deepsets_20260801,2024-07-11,0.04012082545646764,0.06965222640477964,False
k15_no_stats_no_fusion_no_deepsets_20260801,2024-07-12,-0.03048758285256785,0.07801898908055448,False
k15_no_stats_no_fusion_no_deepsets_20260801,2024-07-15,-0.14339339155228856,-0.150031696321732,False
k15_no_stats_no_fusion_no_deepsets_20260801,2024-07-16,0.18350780337734868,0.2830129827306225,False
k15_no_stats_no_fusion_no_deepsets_20260801,2024-07-17,0.02258593050473662,0.025359440907258852,False
k15_no_stats_no_fusion_no_deepsets_20260801,2024-07-18,-0.10682759899896241,-0.09521465856851935,True
k15_no_stats_no_fusion_no_deepsets_20260801,2024-07-19,-0.12000025883037845,-0.10139443570941742,False
k15_no_stats_no_fusion_no_deepsets_20260801,2024-07-22,0.09161748937765914,0.20921686544413695,False
k15_no_stats_no_fusion_no_deepsets_20260801,2024-07-23,0.09035226294013773,0.12547360787798034,False
k15_no_stats_no_fusion_no_deepsets_20260801,2024-07-24,0.07464871839166765,0.09323424315947905,False
k15_no_stats_no_fusion_no_deepsets_20260801,2024-07-25,0.02213938756679111,0.04244427123772274,False
k15_no_stats_no_fusion_no_deepsets_20260801,2024-07-26,0.02963580047711314,0.10549146881728416,False
k15_no_stats_no_fusion_no_deepsets_20260801,2024-07-29,0.0699694607595911,0.07819490257997298,False
k15_no_stats_no_fusion_no_deepsets_20260801,2024-07-30,-0.09100080740515307,-0.07640651389947407,False
k15_no_stats_no_fusion_no_deepsets_20260801,2024-07-31,-0.0021080341881315663,0.09716584610857551,False
k15_no_stats_no_fusion_no_deepsets_20260801,2024-08-01,0.17126449180120434,0.2276847676889095,False
k15_no_stats_no_fusion_no_deepsets_20260801,2024-08-02,0.0676198074784549,0.10317666837553756,False
k15_no_stats_no_fusion_no_deepsets_20260801,2024-08-05,0.03315133656549103,0.05294395096034125,False
k15_no_stats_no_fusion_no_deepsets_20260801,2024-08-06,0.0416470151831818,0.08830223184625978,False
k15_no_stats_no_fusion_no_deepsets_20260801,2024-08-07,0.14476373534875236,0.21440498478036404,False
k15_no_stats_no_fusion_no_deepsets_20260801,2024-08-08,0.22235781466303253,0.27599237226832085,False
k15_no_stats_no_fusion_no_deepsets_20260801,2024-08-09,0.04200983232730053,0.08325552603309196,False
k15_no_stats_no_fusion_no_deepsets_20260801,2024-08-12,0.07006087015578984,0.08812564749244228,False
k15_no_stats_no_fusion_no_deepsets_20260801,2024-08-13,0.02943502812326119,0.1397619121461325,False
k15_no_stats_no_fusion_no_deepsets_20260801,2024-08-14,-0.039018099992469815,-0.015497396190436854,False
k15_no_stats_no_fusion_no_deepsets_20260801,2024-08-15,-0.020593229145981492,0.009461902423335956,False
k15_no_stats_no_fusion_no_deepsets_20260801,2024-08-16,0.08343953501197274,0.17271105830690692,False
k15_no_stats_no_fusion_no_deepsets_20260801,2024-08-19,0.022192100978533243,0.10746030882920403,False
k15_no_stats_no_fusion_no_deepsets_20260801,2024-08-20,-0.035265909472100634,-0.023384590062515684,False
k15_no_stats_no_fusion_no_deepsets_20260801,2024-08-21,0.11248072352963338,0.19581256084545176,False
k15_no_stats_no_fusion_no_deepsets_20260801,2024-08-22,-0.05257816770060809,-0.019158827913734303,False
k15_no_stats_no_fusion_no_deepsets_20260801,2024-08-23,0.1071868572164233,0.1883656448347992,False
k15_no_stats_no_fusion_no_deepsets_20260801,2024-08-26,0.15801173492788487,0.21967119811677505,False
k15_no_stats_no_fusion_no_deepsets_20260801,2024-08-27,0.011671240958313735,0.03461729496056108,False
k15_no_stats_no_fusion_no_deepsets_20260801,2024-08-28,-0.10063506576941063,-0.08540493701879923,False
k15_no_stats_no_fusion_no_deepsets_20260801,2024-08-29,-0.20641559048253605,-0.21156087975978718,False
k15_no_stats_no_fusion_no_deepsets_20260801,2024-08-30,0.10876022726135452,0.22365565024909909,False
k15_no_stats_no_fusion_no_deepsets_20260801,2024-09-02,-0.002523126560131777,0.0035139080424582882,False
k15_no_stats_no_fusion_no_deepsets_20260801,2024-09-03,-0.19672189790244457,-0.18695794185072145,False
k15_no_stats_no_fusion_no_deepsets_20260801,2024-09-04,0.05582889633115499,0.10253770619513004,False
k15_no_stats_no_fusion_no_deepsets_20260801,2024-09-05,0.08075369625302528,0.17477884563949714,False
k15_no_stats_no_fusion_no_deepsets_20260801,2024-09-06,-0.053208003555367166,-0.043358682039486424,False
k15_no_stats_no_fusion_no_deepsets_20260801,2024-09-09,-0.076625333233679,-0.07247747656936883,False
k15_no_stats_no_fusion_no_deepsets_20260801,2024-09-10,-0.19734648169464672,-0.19646020585013715,False
k15_no_stats_no_fusion_no_deepsets_20260801,2024-09-11,0.1814315571140363,0.20730399755465018,False
k15_no_stats_no_fusion_no_deepsets_20260801,2024-09-12,0.128956275798699,0.20025409686243792,False
k15_no_stats_no_fusion_no_deepsets_20260801,2024-09-13,-0.030792668646819205,-0.015064556029647782,False
k15_no_stats_no_fusion_no_deepsets_20260801,2024-09-18,0.11687201386945205,0.2084686765141533,False
k15_no_stats_no_fusion_no_deepsets_20260801,2024-09-19,0.003018090751486839,0.04852150358360136,False
k15_no_stats_no_fusion_no_deepsets_20260801,2024-09-20,-0.03001746518396431,-0.0018617755878681838,False
k15_no_stats_no_fusion_no_deepsets_20260801,2024-09-23,0.06358570617567724,0.07655527371321941,True
k15_no_stats_no_fusion_no_deepsets_20260801,2024-09-24,0.0824433499931054,0.1675937068063405,False
k15_no_stats_no_fusion_no_deepsets_20260801,2024-09-25,0.011651979881649347,0.04183972502754797,True
k15_no_stats_no_fusion_no_deepsets_20260801,2024-09-26,-0.24586987191362364,-0.24620893831067037,True
k15_no_stats_no_fusion_no_deepsets_20260801,2024-09-27,0.018195891198213493,0.03104996417320869,True
k15_no_stats_no_fusion_no_deepsets_20260801,2024-09-30,-0.1701723100710618,-0.15473957459763504,True
k15_no_stats_no_fusion_no_deepsets_20260801,2024-10-08,-0.10009220061294816,-0.05811904137018415,True
k15_no_stats_no_fusion_no_deepsets_20260801,2024-10-09,0.17408798386910476,0.3108131708002941,True
k15_no_stats_no_fusion_no_deepsets_20260801,2024-10-10,0.028186799797236768,0.07561402225665302,True
k15_no_stats_no_fusion_no_deepsets_20260801,2024-10-11,-0.1765700307635086,-0.156603952322854,True
k15_no_stats_no_fusion_no_deepsets_20260801,2024-10-14,-0.06059127367996542,-0.016040898447033394,False
k15_no_stats_no_fusion_no_deepsets_20260801,2024-10-15,-0.051339405205521334,-0.022666425622342366,True
k15_no_stats_no_fusion_no_deepsets_20260801,2024-10-16,0.006416678553432842,0.033011264004016626,False
k15_no_stats_no_fusion_no_deepsets_20260801,2024-10-17,-0.20859912976440148,-0.21079042587493863,True
k15_no_stats_no_fusion_no_deepsets_20260801,2024-10-18,-0.16357470914193586,-0.1684456095595067,True
k15_no_stats_no_fusion_no_deepsets_20260801,2024-10-21,0.07631314281169722,0.21298431987540833,True
k15_no_stats_no_fusion_no_deepsets_20260801,2024-10-22,0.1377028442288399,0.1638314098029647,True
k15_no_stats_no_fusion_no_deepsets_20260801,2024-10-23,0.06678299598142966,0.1123036226968444,True
k15_no_stats_no_fusion_no_deepsets_20260801,2024-10-24,0.06640916201880066,0.10792535748695636,True
k15_no_stats_no_fusion_no_deepsets_20260801,2024-10-25,0.012055734069878431,0.07464610049976028,True
k15_no_stats_no_fusion_no_deepsets_20260801,2024-10-28,-0.014513769096644003,0.06509868034729063,True
k15_no_stats_no_fusion_no_deepsets_20260801,2024-10-29,-0.06704413300129981,-0.021916513669862893,True
k15_no_stats_no_fusion_no_deepsets_20260801,2024-10-30,-0.034052726137982145,-0.02036987262251088,True
k15_no_stats_no_fusion_no_deepsets_20260801,2024-10-31,0.19968067358757216,0.31871489688400717,True
k15_no_stats_no_fusion_no_deepsets_20260801,2024-11-01,-0.018124380296537655,-0.0032068508108023656,True
k15_no_stats_no_fusion_no_deepsets_20260801,2024-11-04,-0.13711621522581585,-0.13033642798168513,True
k15_no_stats_no_fusion_no_deepsets_20260801,2024-11-05,0.026235760581535247,0.10117193823341128,True
k15_no_stats_no_fusion_no_deepsets_20260801,2024-11-06,0.104745552798039,0.1800404017747167,True
k15_no_stats_no_fusion_no_deepsets_20260801,2024-11-07,-0.0028191302616658222,0.03146750847802433,True
k15_no_stats_no_fusion_no_deepsets_20260801,2024-11-08,-0.1338289227491825,-0.12958376811365369,True
k15_no_stats_no_fusion_no_deepsets_20260801,2024-11-11,0.01909282476517679,0.2077944411683769,True
k15_no_stats_no_fusion_no_deepsets_20260801,2024-11-12,0.14059903577668925,0.2054897516329634,False
k15_no_stats_no_fusion_no_deepsets_20260801,2024-11-13,0.07802845897464174,0.2482436119945867,False
k15_no_stats_no_fusion_no_deepsets_20260801,2024-11-14,0.09785613918730174,0.1482371559084658,True
k15_no_stats_no_fusion_no_deepsets_20260801,2024-11-15,0.29655026665079365,0.3978599150925782,True
k15_no_stats_no_fusion_no_deepsets_20260801,2024-11-18,-0.11590926641027263,-0.10686352784778977,False
k15_no_stats_no_fusion_no_deepsets_20260801,2024-11-19,-0.11225520113467037,-0.10386971118947917,True
k15_no_stats_no_fusion_no_deepsets_20260801,2024-11-20,0.03472313855662606,0.08508052019173636,False
k15_no_stats_no_fusion_no_deepsets_20260801,2024-11-21,-0.03963183090568042,0.03319854516619687,True
k15_no_stats_no_fusion_no_deepsets_20260801,2024-11-22,0.18089609287246605,0.20877243845687896,True
k15_no_stats_no_fusion_no_deepsets_20260801,2024-11-25,0.13735368678590146,0.31246031557412546,False
k15_no_stats_no_fusion_no_deepsets_20260801,2024-11-26,-0.26389222384620137,-0.25608733375102805,True
k15_no_stats_no_fusion_no_deepsets_20260801,2024-11-27,0.13903426032676008,0.2798962290620417,False
k15_no_stats_no_fusion_no_deepsets_20260801,2024-11-28,-0.03929894685283886,-0.017875841184966743,False
k15_no_stats_no_fusion_no_deepsets_20260801,2024-11-29,-0.00839296555119485,0.00058021267072585,False
k15_no_stats_no_fusion_no_deepsets_20260801,2024-12-02,0.05174427741580044,0.1402464390077266,False
k15_no_stats_no_fusion_no_deepsets_20260801,2024-12-03,0.09186074297143956,0.1324123123161487,False
k15_no_stats_no_fusion_no_deepsets_20260801,2024-12-04,-0.08609594746753602,-0.08346641474715687,True
k15_no_stats_no_fusion_no_deepsets_20260801,2024-12-05,0.20232229249153916,0.34849745981757524,False
k15_no_stats_no_fusion_no_deepsets_20260801,2024-12-06,-0.05467865170062998,-0.03453001622746937,False
k15_no_stats_no_fusion_no_deepsets_20260801,2024-12-09,0.006433148247296309,0.054057345301518823,False
k15_no_stats_no_fusion_no_deepsets_20260801,2024-12-10,-0.02354177770867274,0.01902314844731546,False
k15_no_stats_no_fusion_no_deepsets_20260801,2024-12-11,-0.0013799372962631199,0.10883418144563581,False
k15_no_stats_no_fusion_no_deepsets_20260801,2024-12-12,-0.04211531394180784,-0.00516511061769673,True
k15_no_stats_no_fusion_no_deepsets_20260801,2024-12-13,0.16762508377394075,0.25705860769733563,False
k15_no_stats_no_fusion_no_deepsets_20260801,2024-12-16,0.09767677962438742,0.17097565515532448,False
k15_no_stats_no_fusion_no_deepsets_20260801,2024-12-17,-0.055572602823374596,-0.040744767636808836,True
k15_no_stats_no_fusion_no_deepsets_20260801,2024-12-18,-0.16091630665649695,-0.13715395973195646,False
k15_no_stats_no_fusion_no_deepsets_20260801,2024-12-19,-0.25953815368028665,-0.2606507713450923,False
k15_no_stats_no_fusion_no_deepsets_20260801,2024-12-20,0.13065371754678043,0.25185371559970876,False
k15_no_stats_no_fusion_no_deepsets_20260801,2024-12-23,0.07254831233102535,0.07918873553546288,False
k15_no_stats_no_fusion_no_deepsets_20260801,2024-12-24,0.05963351078642671,0.14780234191528208,False
k15_no_stats_no_fusion_no_deepsets_20260801,2024-12-25,-0.22287550663568395,-0.2208311524611928,False
k15_no_stats_no_fusion_no_deepsets_20260801,2024-12-26,0.19872134065789243,0.38235208244059604,False
k15_no_stats_no_fusion_no_deepsets_20260801,2024-12-27,0.0648514556950848,0.10006276135181467,False
k15_minimal_20260801,2024-01-02,0.1680270335685779,0.2011649687875072,False
k15_minimal_20260801,2024-01-03,0.06192487532582084,0.10188106785685973,False
k15_minimal_20260801,2024-01-04,0.20478161991479116,0.31252087433712794,False
k15_minimal_20260801,2024-01-05,0.007912400070060869,0.0307604963170975,False
k15_minimal_20260801,2024-01-08,0.1401246413549864,0.17493725862465498,False
k15_minimal_20260801,2024-01-09,0.04342423138286326,0.05010369592152175,False
k15_minimal_20260801,2024-01-10,-0.25038380298692847,-0.21537970179077093,False
k15_minimal_20260801,2024-01-11,0.2595980910716384,0.2922723937896104,False
k15_minimal_20260801,2024-01-12,-0.0047043714556504095,0.029690374289130076,False
k15_minimal_20260801,2024-01-15,0.008391457477595926,0.03655404164102523,False
k15_minimal_20260801,2024-01-16,0.16351769684663192,0.28388290396810806,False
k15_minimal_20260801,2024-01-17,-0.2200000680640914,-0.21657864112817635,False
k15_minimal_20260801,2024-01-18,0.14808379676455116,0.24910760886610686,False
k15_minimal_20260801,2024-01-19,0.05954555440260036,0.06973708285476822,False
k15_minimal_20260801,2024-01-22,-0.03307027387612245,-0.01360214682666969,False
k15_minimal_20260801,2024-01-23,0.19234424428545233,0.27293753633996815,False
k15_minimal_20260801,2024-01-24,0.10453671546578583,0.16349705899864037,False
k15_minimal_20260801,2024-01-25,0.2265117406429281,0.37407797097892076,False
k15_minimal_20260801,2024-01-26,0.2098774672852874,0.23911138697285952,False
k15_minimal_20260801,2024-01-29,0.06259378483559676,0.084970310168134,False
k15_minimal_20260801,2024-01-30,0.09443444194862093,0.15465060715861315,False
k15_minimal_20260801,2024-01-31,-0.11227781546830579,-0.1033013620969846,False
k15_minimal_20260801,2024-02-01,-0.01784112287815623,0.09655831592963106,True
k15_minimal_20260801,2024-02-02,0.07619125538397516,0.13682869991039745,True
k15_minimal_20260801,2024-02-05,0.10864050029175427,0.11199343169470109,True
k15_minimal_20260801,2024-02-06,0.01129024328861653,0.02913268637657037,True
k15_minimal_20260801,2024-02-07,0.036799071962042025,0.03493709563643354,True
k15_minimal_20260801,2024-02-08,-0.11740049489736114,-0.08016805395275839,False
k15_minimal_20260801,2024-02-19,-0.06811171948020997,-0.040278286724278044,False
k15_minimal_20260801,2024-02-20,-0.09327386556818372,-0.07668582850428535,False
k15_minimal_20260801,2024-02-21,-0.1941260466324725,-0.189214399210289,False
k15_minimal_20260801,2024-02-22,-0.019573971560152056,-0.011717325243512173,False
k15_minimal_20260801,2024-02-23,0.004588911254686113,0.028484014514395823,False
k15_minimal_20260801,2024-02-26,-0.24265838395050898,-0.24178465139060193,False
k15_minimal_20260801,2024-02-27,0.07656925051405453,0.3295354949430362,True
k15_minimal_20260801,2024-02-28,-0.1265285765765108,-0.11183480088359063,True
k15_minimal_20260801,2024-02-29,-0.1155564151033173,-0.09449543330186473,False
k15_minimal_20260801,2024-03-01,-0.09546339579236954,-0.04624572712490758,False
k15_minimal_20260801,2024-03-04,-0.03167857908392332,0.14617953309418447,False
k15_minimal_20260801,2024-03-05,0.020419908694259664,0.08693092962204838,False
k15_minimal_20260801,2024-03-06,0.08364627641492828,0.24148393233989077,False
k15_minimal_20260801,2024-03-07,0.018494430618986292,0.03825349805734973,False
k15_minimal_20260801,2024-03-08,-0.030149860070127175,-0.027714831377520892,False
k15_minimal_20260801,2024-03-11,-0.027393791325266013,-0.007586407349320479,False
k15_minimal_20260801,2024-03-12,-0.015679687937954004,-0.005228543243146085,False
k15_minimal_20260801,2024-03-13,0.11815611807094262,0.2576139153657599,False
k15_minimal_20260801,2024-03-14,0.05180722704862226,0.0684649491375346,False
k15_minimal_20260801,2024-03-15,-0.02382865423874271,-0.014093923843391266,False
k15_minimal_20260801,2024-03-18,0.05042564410736839,0.10449131564990738,False
k15_minimal_20260801,2024-03-19,-0.07433817001336594,-0.06407933986898699,False
k15_minimal_20260801,2024-03-20,0.06528121945311709,0.1692098650063891,False
k15_minimal_20260801,2024-03-21,-0.07773013111212623,-0.049828844664151516,True
k15_minimal_20260801,2024-03-22,0.19588137577084663,0.30310284799328463,False
k15_minimal_20260801,2024-03-25,0.09194410193978753,0.10440857635307389,False
k15_minimal_20260801,2024-03-26,0.10588406749651422,0.2592423139022899,False
k15_minimal_20260801,2024-03-27,-0.14878956376220176,-0.11752500520073667,False
k15_minimal_20260801,2024-03-28,0.03510103289346306,0.09056964566490693,False
k15_minimal_20260801,2024-03-29,0.11534486568160054,0.1499924140403901,False
k15_minimal_20260801,2024-04-01,0.17420445365171178,0.3436486097122479,True
k15_minimal_20260801,2024-04-02,0.1156579508037564,0.190353081673459,False
k15_minimal_20260801,2024-04-03,-0.03622084256582104,0.08588168169891647,False
k15_minimal_20260801,2024-04-08,0.15238542935812574,0.19066991758692747,False
k15_minimal_20260801,2024-04-09,0.09189481160882573,0.18477948693112026,False
k15_minimal_20260801,2024-04-10,-0.04299084188254639,0.022416063067448783,False
k15_minimal_20260801,2024-04-11,0.08133752910255107,0.1266541890304104,False
k15_minimal_20260801,2024-04-12,-0.022003586162264343,0.008162973730264828,True
k15_minimal_20260801,2024-04-15,-0.05198236933919666,-0.024408688802253182,True
k15_minimal_20260801,2024-04-16,-0.10380038592292651,-0.08032023027167527,True
k15_minimal_20260801,2024-04-17,-0.07952274813107314,-0.020786336273929434,False
k15_minimal_20260801,2024-04-18,0.08496760649711343,0.1374791888930758,True
k15_minimal_20260801,2024-04-19,0.0429358534911095,0.07737628592813783,True
k15_minimal_20260801,2024-04-22,-0.05357417721752972,-0.04201589746947463,False
k15_minimal_20260801,2024-04-23,-0.012444924588096951,-0.011849907635339225,True
k15_minimal_20260801,2024-04-24,0.0229339134502145,0.05061004633237344,False
k15_minimal_20260801,2024-04-25,-0.025160292653769883,-0.006298169152140381,True
k15_minimal_20260801,2024-04-26,0.09725460605163239,0.1268279083681573,True
k15_minimal_20260801,2024-04-29,0.05627352324347962,0.14216974411272149,True
k15_minimal_20260801,2024-04-30,-0.03836282885018486,-0.010197106929937855,False
k15_minimal_20260801,2024-05-06,0.052447135413966804,0.06671646538518618,False
k15_minimal_20260801,2024-05-07,0.02671997425432954,0.0888354742066424,False
k15_minimal_20260801,2024-05-08,-0.009935773323375833,0.029162321187200572,False
k15_minimal_20260801,2024-05-09,0.18290000831573824,0.29968499182327746,False
k15_minimal_20260801,2024-05-10,-0.0057528598844181055,0.016606301138350214,True
k15_minimal_20260801,2024-05-13,0.05509914269842188,0.08935728141895427,False
k15_minimal_20260801,2024-05-14,0.07367689277524114,0.1311720422264702,False
k15_minimal_20260801,2024-05-15,0.11281442286852335,0.13667275187296415,True
k15_minimal_20260801,2024-05-16,0.026364498120320178,0.03720134622842922,False
k15_minimal_20260801,2024-05-17,-0.06529230434270865,-0.0022146250270993107,False
k15_minimal_20260801,2024-05-20,0.06594923683953428,0.10777194450723754,False
k15_minimal_20260801,2024-05-21,0.07538750579992788,0.09812469782269029,False
k15_minimal_20260801,2024-05-22,0.04915968558613142,0.12231885076677637,False
k15_minimal_20260801,2024-05-23,0.19230218382952022,0.2519134524949709,False
k15_minimal_20260801,2024-05-24,0.040762666826234965,0.06033281367621444,False
k15_minimal_20260801,2024-05-27,-0.05327866889472835,-0.04061976969265082,False
k15_minimal_20260801,2024-05-28,0.007806152584012802,0.023132549801288243,False
k15_minimal_20260801,2024-05-29,0.03937803973689513,0.09259009066223649,False
k15_minimal_20260801,2024-05-30,0.019553423607764613,0.02068013933887024,False
k15_minimal_20260801,2024-05-31,-0.19003281903953234,-0.159705207149018,False
k15_minimal_20260801,2024-06-03,-0.037371158857519696,0.06426987520404123,False
k15_minimal_20260801,2024-06-04,-0.0016119787597922912,0.01109050244238325,False
k15_minimal_20260801,2024-06-05,-0.01517625683636919,0.0436866695212853,False
k15_minimal_20260801,2024-06-06,0.26518073639730066,0.3255646905054928,False
k15_minimal_20260801,2024-06-07,-0.21347502422000494,-0.2111147751231872,False
k15_minimal_20260801,2024-06-11,-0.046287492651777576,-0.03087996800160905,False
k15_minimal_20260801,2024-06-12,-0.08237410532604393,-0.07063537583546237,True
k15_minimal_20260801,2024-06-13,0.03365000925351297,0.0933305865527476,False
k15_minimal_20260801,2024-06-14,-0.10091049947862128,-0.09121852630918449,False
k15_minimal_20260801,2024-06-17,-0.0032468051234425827,0.03875785947743461,False
k15_minimal_20260801,2024-06-18,0.019443640651841624,0.07108228702411218,False
k15_minimal_20260801,2024-06-19,0.12203436067180956,0.13153690973331855,False
k15_minimal_20260801,2024-06-20,0.07566728944904613,0.08538233935986862,False
k15_minimal_20260801,2024-06-21,0.014100648451382003,0.07745701299671207,False
k15_minimal_20260801,2024-06-24,0.27119301569676024,0.29666071701656355,False
k15_minimal_20260801,2024-06-25,0.07830828701964776,0.0873044573356641,False
k15_minimal_20260801,2024-06-26,0.008334177614666243,0.044105957451964356,False
k15_minimal_20260801,2024-06-27,-0.02352782480637282,-0.006174526584287847,False
k15_minimal_20260801,2024-06-28,0.15777474940460404,0.2335948195993792,False
k15_minimal_20260801,2024-07-01,0.16423709942757755,0.21115872945029937,False
k15_minimal_20260801,2024-07-02,0.08476903443565063,0.11316646822516004,False
k15_minimal_20260801,2024-07-03,0.08724141278727227,0.1385003053104077,False
k15_minimal_20260801,2024-07-04,0.07015927707976558,0.09954357772841135,False
k15_minimal_20260801,2024-07-05,0.009854920184578486,0.05539584235124973,False
k15_minimal_20260801,2024-07-08,-0.18139492021254058,-0.17560262524404385,True
k15_minimal_20260801,2024-07-09,-0.20191401241789503,-0.19879374085149243,False
k15_minimal_20260801,2024-07-10,0.13456739320394234,0.15841399648760976,False
k15_minimal_20260801,2024-07-11,0.052305256574156245,0.08114917622679373,False
k15_minimal_20260801,2024-07-12,-0.03925440613261944,0.06731393680974924,False
k15_minimal_20260801,2024-07-15,-0.13952134906757263,-0.1462134301996812,False
k15_minimal_20260801,2024-07-16,0.19186274258800814,0.29368981382203474,False
k15_minimal_20260801,2024-07-17,0.01712247141591174,0.020050491340205107,False
k15_minimal_20260801,2024-07-18,-0.10235680892660576,-0.09055670973395386,True
k15_minimal_20260801,2024-07-19,-0.10781217822574647,-0.08985361315650046,False
k15_minimal_20260801,2024-07-22,0.10084850375884083,0.21902137129579932,False
k15_minimal_20260801,2024-07-23,0.10041860327450598,0.1329447342607772,False
k15_minimal_20260801,2024-07-24,0.09872622207013827,0.11756616585046983,False
k15_minimal_20260801,2024-07-25,0.023142179176033794,0.04390249923869191,False
k15_minimal_20260801,2024-07-26,0.03938196047707186,0.11498437740296895,False
k15_minimal_20260801,2024-07-29,0.10220288792423166,0.11058465487306209,False
k15_minimal_20260801,2024-07-30,-0.10791359394378641,-0.09273865524596907,False
k15_minimal_20260801,2024-07-31,-0.007254495386808862,0.09174306494368317,False
k15_minimal_20260801,2024-08-01,0.17423764315351445,0.231200697113035,False
k15_minimal_20260801,2024-08-02,0.0807791612737735,0.11670597140151356,False
k15_minimal_20260801,2024-08-05,0.0535884303866901,0.0745642436702197,False
k15_minimal_20260801,2024-08-06,0.038282451399664644,0.08535211433802507,False
k15_minimal_20260801,2024-08-07,0.1470436811307141,0.2174655502058074,False
k15_minimal_20260801,2024-08-08,0.21827475078726524,0.2730169785232438,False
k15_minimal_20260801,2024-08-09,0.028884687485069897,0.07100572782453292,False
k15_minimal_20260801,2024-08-12,0.06064767356407571,0.07982673295714582,False
k15_minimal_20260801,2024-08-13,0.03485702510217302,0.14732490248534302,False
k15_minimal_20260801,2024-08-14,-0.0441703888951882,-0.0201314925420988,False
k15_minimal_20260801,2024-08-15,-0.03903564812452694,-0.008268582011921105,False
k15_minimal_20260801,2024-08-16,0.09100273988002756,0.18232102726881153,False
k15_minimal_20260801,2024-08-19,0.022204455754514997,0.10843355153445056,False
k15_minimal_20260801,2024-08-20,-0.03458834937926985,-0.022674846222004358,False
k15_minimal_20260801,2024-08-21,0.11058106187083813,0.19539466029018676,False
k15_minimal_20260801,2024-08-22,-0.055958644650895055,-0.02089259151068291,False
k15_minimal_20260801,2024-08-23,0.10876146452022169,0.1897503965530211,False
k15_minimal_20260801,2024-08-26,0.14574606360378692,0.20892091475920688,False
k15_minimal_20260801,2024-08-27,0.013310862741695267,0.03641188701570849,False
k15_minimal_20260801,2024-08-28,-0.10056753203949784,-0.08506404392152536,False
k15_minimal_20260801,2024-08-29,-0.20209340150887029,-0.20739229698781797,False
k15_minimal_20260801,2024-08-30,0.1039711137314048,0.21967221950503998,False
k15_minimal_20260801,2024-09-02,-0.01574559454769278,-0.009947300483270284,False
k15_minimal_20260801,2024-09-03,-0.2185946524697031,-0.2088876800864783,False
k15_minimal_20260801,2024-09-04,0.06557067586376239,0.1112298453901759,False
k15_minimal_20260801,2024-09-05,0.09614128981101762,0.18960789023320368,False
k15_minimal_20260801,2024-09-06,-0.03713270206004958,-0.027353295095193183,False
k15_minimal_20260801,2024-09-09,-0.08703007140018548,-0.08281388436597535,False
k15_minimal_20260801,2024-09-10,-0.2071005145679132,-0.20620521714594905,False
k15_minimal_20260801,2024-09-11,0.20847803965383457,0.23388615846189864,False
k15_minimal_20260801,2024-09-12,0.14407591497702146,0.21577766034233598,False
k15_minimal_20260801,2024-09-13,-0.020010010656273884,-0.0048647715038315446,False
k15_minimal_20260801,2024-09-18,0.13157619668068918,0.22342769189421188,False
k15_minimal_20260801,2024-09-19,-0.010906260967544342,0.03464356809260245,False
k15_minimal_20260801,2024-09-20,-0.02219803672426048,0.008111245641954591,False
k15_minimal_20260801,2024-09-23,0.06268850766503009,0.07587304957877247,True
k15_minimal_20260801,2024-09-24,0.08369419174615596,0.16896527828575308,False
k15_minimal_20260801,2024-09-25,0.009502812866809218,0.040137252345842186,True
k15_minimal_20260801,2024-09-26,-0.24859587683471424,-0.24869430095144526,True
k15_minimal_20260801,2024-09-27,0.01901686049694629,0.03174417155335548,True
k15_minimal_20260801,2024-09-30,-0.17210718500645372,-0.155433860905306,True
k15_minimal_20260801,2024-10-08,-0.1163156952104088,-0.07356791385899487,True
k15_minimal_20260801,2024-10-09,0.18431621021095201,0.3207046902191922,True
k15_minimal_20260801,2024-10-10,0.04409248121962578,0.08864723926316136,True
k15_minimal_20260801,2024-10-11,-0.16506614727325497,-0.14554868005738286,True
k15_minimal_20260801,2024-10-14,-0.059293599254924764,-0.01278066292781448,False
k15_minimal_20260801,2024-10-15,-0.054896247553547606,-0.028254260882912302,True
k15_minimal_20260801,2024-10-16,-0.003605686427783017,0.022571883718273733,False
k15_minimal_20260801,2024-10-17,-0.20756917785285775,-0.20960545505786315,True
k15_minimal_20260801,2024-10-18,-0.1625855652075471,-0.1671916950578571,True
k15_minimal_20260801,2024-10-21,0.08023203992540048,0.21893991478384298,True
k15_minimal_20260801,2024-10-22,0.15323447857588132,0.18028153866744673,True
k15_minimal_20260801,2024-10-23,0.06926691841905541,0.11399432309552049,True
k15_minimal_20260801,2024-10-24,0.06501676319384286,0.10653933439626494,True
k15_minimal_20260801,2024-10-25,0.012861294491994076,0.07494029514167835,True
k15_minimal_20260801,2024-10-28,-0.007806947659781234,0.07244193076137236,True
k15_minimal_20260801,2024-10-29,-0.06656974687648909,-0.020010280924440363,True
k15_minimal_20260801,2024-10-30,-0.03013021298643706,-0.016112514717647946,True
k15_minimal_20260801,2024-10-31,0.2067645160599945,0.32659948076863765,True
k15_minimal_20260801,2024-11-01,-0.01986626168996694,-0.005585136741130989,True
k15_minimal_20260801,2024-11-04,-0.14366306611727672,-0.13705035329067908,True
k15_minimal_20260801,2024-11-05,0.022306420704107138,0.09681381066207434,True
k15_minimal_20260801,2024-11-06,0.10598179733273269,0.1824408377532708,True
k15_minimal_20260801,2024-11-07,0.0016864102092377568,0.03600474187997321,True
k15_minimal_20260801,2024-11-08,-0.14936087925631336,-0.1447778470805238,True
k15_minimal_20260801,2024-11-11,0.03282594518372092,0.22605109616381233,True
k15_minimal_20260801,2024-11-12,0.13280288235901228,0.1986426195639839,False
k15_minimal_20260801,2024-11-13,0.08506171186196936,0.2572805690072393,False
k15_minimal_20260801,2024-11-14,0.10549512054523356,0.15813908234077512,True
k15_minimal_20260801,2024-11-15,0.32068981607207947,0.42705590208788774,True
k15_minimal_20260801,2024-11-18,-0.1382346418502807,-0.12939205434042686,False
k15_minimal_20260801,2024-11-19,-0.11251963513608393,-0.10419028113252962,True
k15_minimal_20260801,2024-11-20,0.03492312479020998,0.0854479217928054,False
k15_minimal_20260801,2024-11-21,-0.04101339578060664,0.03430496817111816,True
k15_minimal_20260801,2024-11-22,0.19015206660682132,0.21833438693477855,True
k15_minimal_20260801,2024-11-25,0.14361779850095163,0.31813837062546785,False
k15_minimal_20260801,2024-11-26,-0.2773362125417931,-0.26951569684890736,True
k15_minimal_20260801,2024-11-27,0.14196555638387953,0.2848325515477776,False
k15_minimal_20260801,2024-11-28,-0.04097599205608728,-0.01914699291459469,False
k15_minimal_20260801,2024-11-29,-0.024837515084730432,-0.015481920408003495,False
k15_minimal_20260801,2024-12-02,0.056989391968116455,0.1488996324278121,False
k15_minimal_20260801,2024-12-03,0.09778439722407084,0.13729459154601847,False
k15_minimal_20260801,2024-12-04,-0.09449226373736123,-0.09180735094280391,True
k15_minimal_20260801,2024-12-05,0.2076471451548096,0.354558443060591,False
k15_minimal_20260801,2024-12-06,-0.046248288989216436,-0.025443180251941776,False
k15_minimal_20260801,2024-12-09,0.014252363672931366,0.06261721164534424,False
k15_minimal_20260801,2024-12-10,-0.028426017116310324,0.014767529248474355,False
k15_minimal_20260801,2024-12-11,0.015857994598932976,0.12542653068180357,False
k15_minimal_20260801,2024-12-12,-0.0509538976152664,-0.013564273955392413,True
k15_minimal_20260801,2024-12-13,0.16836403938626718,0.2578853586108076,False
k15_minimal_20260801,2024-12-16,0.11393690217221364,0.184846313187551,False
k15_minimal_20260801,2024-12-17,-0.06877976422922236,-0.05326768599191047,True
k15_minimal_20260801,2024-12-18,-0.16911734520686209,-0.1450828180979014,False
k15_minimal_20260801,2024-12-19,-0.26741480280647384,-0.2685269911656565,False
k15_minimal_20260801,2024-12-20,0.14844531252547402,0.2747194942011704,False
k15_minimal_20260801,2024-12-23,0.07554174035939279,0.08214881599142818,False
k15_minimal_20260801,2024-12-24,0.05679106202035002,0.14659328512419403,False
k15_minimal_20260801,2024-12-25,-0.2234854200918429,-0.2217068756280519,False
k15_minimal_20260801,2024-12-26,0.1964406965272521,0.3837384012417368,False
k15_minimal_20260801,2024-12-27,0.05510188135879266,0.09210443610396694,False
k15_baseline_20260812,2024-01-02,0.12314214413005561,0.1565129430482472,False
k15_baseline_20260812,2024-01-03,0.06613837290966795,0.10796830757293459,False
k15_baseline_20260812,2024-01-04,0.2213912700320489,0.32407790524256,False
k15_baseline_20260812,2024-01-05,0.013517697260330159,0.03069243071489536,False
k15_baseline_20260812,2024-01-08,0.13583428007716894,0.16564485366547657,False
k15_baseline_20260812,2024-01-09,0.061613316296650546,0.06772644677765549,False
k15_baseline_20260812,2024-01-10,-0.2481349623580021,-0.22103843152925992,False
k15_baseline_20260812,2024-01-11,0.2550923478657637,0.2852557721507479,False
k15_baseline_20260812,2024-01-12,0.01243485561411094,0.04385277704295773,False
k15_baseline_20260812,2024-01-15,0.018609734394221325,0.04221206269393739,False
k15_baseline_20260812,2024-01-16,0.13356550947053453,0.24809971234473185,False
k15_baseline_20260812,2024-01-17,-0.17707780516433158,-0.1753752589126059,False
k15_baseline_20260812,2024-01-18,0.1393641828838234,0.22970017465844025,False
k15_baseline_20260812,2024-01-19,0.11279787392612253,0.12046385711950708,False
k15_baseline_20260812,2024-01-22,-0.028868880990862985,-0.014715430688515713,False
k15_baseline_20260812,2024-01-23,0.15386018468439175,0.23717486651753758,False
k15_baseline_20260812,2024-01-24,0.09784393583890791,0.1576209951630687,False
k15_baseline_20260812,2024-01-25,0.15729201742338184,0.305021551744384,False
k15_baseline_20260812,2024-01-26,0.2246332484138332,0.25293927379724523,False
k15_baseline_20260812,2024-01-29,0.05807100281615633,0.07733370761390237,False
k15_baseline_20260812,2024-01-30,0.10946768427841341,0.16062162769931343,False
k15_baseline_20260812,2024-01-31,-0.08631296257611995,-0.07783574730224674,False
k15_baseline_20260812,2024-02-01,-0.03865441088308741,0.06136479540480402,True
k15_baseline_20260812,2024-02-02,0.11328280419562176,0.16405127961215357,True
k15_baseline_20260812,2024-02-05,0.11400954407616617,0.11734758373056454,True
k15_baseline_20260812,2024-02-06,0.00925195188875855,0.025317032608339007,True
k15_baseline_20260812,2024-02-07,-0.0321264851137449,-0.034286518012509176,True
k15_baseline_20260812,2024-02-08,-0.16247261926474008,-0.12972360102985678,False
k15_baseline_20260812,2024-02-19,-0.09218862916401341,-0.06339732412228284,False
k15_baseline_20260812,2024-02-20,-0.12174313648444714,-0.10556524652058105,False
k15_baseline_20260812,2024-02-21,-0.17294309376338998,-0.16839235296617963,False
k15_baseline_20260812,2024-02-22,-0.05282434173756959,-0.04684569589314124,False
k15_baseline_20260812,2024-02-23,-0.0006425379046933856,0.021564591185384032,False
k15_baseline_20260812,2024-02-26,-0.22687913020027048,-0.22620998882834806,False
k15_baseline_20260812,2024-02-27,0.06962072695629012,0.2700990493537211,True
k15_baseline_20260812,2024-02-28,0.005137561218273934,0.01438009729031842,True
k15_baseline_20260812,2024-02-29,-0.14060958471281337,-0.12107923118410634,False
k15_baseline_20260812,2024-03-01,-0.05675662616739564,-0.007118199552624216,False
k15_baseline_20260812,2024-03-04,-0.015105356511756521,0.15956471372687137,False
k15_baseline_20260812,2024-03-05,0.0168165748323314,0.07727224114268746,False
k15_baseline_20260812,2024-03-06,0.06493045778245496,0.2035947317908197,False
k15_baseline_20260812,2024-03-07,0.03748735998799876,0.05449585059699604,False
k15_baseline_20260812,2024-03-08,-0.03570088001291543,-0.03396056770365808,False
k15_baseline_20260812,2024-03-11,-0.028506787987945065,-0.01159074274940816,False
k15_baseline_20260812,2024-03-12,-0.007661722441202885,0.0022613465685386524,False
k15_baseline_20260812,2024-03-13,0.08063341270774271,0.20713736017201334,False
k15_baseline_20260812,2024-03-14,0.04994225746293302,0.06602010215397089,False
k15_baseline_20260812,2024-03-15,-0.04698727564009418,-0.0384108864151734,False
k15_baseline_20260812,2024-03-18,0.07332209689909873,0.12017593002893712,False
k15_baseline_20260812,2024-03-19,-0.07508237366153656,-0.0658506354973665,False
k15_baseline_20260812,2024-03-20,0.01961490297049208,0.122746474687817,False
k15_baseline_20260812,2024-03-21,-0.08123082125545943,-0.05477524967271407,True
k15_baseline_20260812,2024-03-22,0.1713651288674693,0.28042038859188695,False
k15_baseline_20260812,2024-03-25,0.0869472423337056,0.09835905299696988,False
k15_baseline_20260812,2024-03-26,0.10304810756489963,0.25503501897527575,False
k15_baseline_20260812,2024-03-27,-0.13272994230005933,-0.11353513440287524,False
k15_baseline_20260812,2024-03-28,0.06844423328151673,0.11969509209002552,False
k15_baseline_20260812,2024-03-29,0.0994317401220568,0.1319459505923898,False
k15_baseline_20260812,2024-04-01,0.18961755148479492,0.34493279387417164,True
k15_baseline_20260812,2024-04-02,0.12285694723975106,0.18597165813574057,False
k15_baseline_20260812,2024-04-03,-0.0004738896061048231,0.11571927331673161,False
k15_baseline_20260812,2024-04-08,0.14435181134986097,0.17911635919584382,False
k15_baseline_20260812,2024-04-09,0.1167634464930666,0.19737903936917162,False
k15_baseline_20260812,2024-04-10,-0.0267902107839713,0.03768431831239182,False
k15_baseline_20260812,2024-04-11,0.1353639455975032,0.17724519918041892,False
k15_baseline_20260812,2024-04-12,-0.018086519566735824,0.011639265200880876,True
k15_baseline_20260812,2024-04-15,-0.03599889242263424,-0.008349454303226839,True
k15_baseline_20260812,2024-04-16,-0.15050476894711978,-0.13223555552598745,True
k15_baseline_20260812,2024-04-17,-0.07027778245778493,-0.017116461327111074,False
k15_baseline_20260812,2024-04-18,0.041203606138290466,0.09199089811724646,True
k15_baseline_20260812,2024-04-19,0.08332041231483618,0.115789255283898,True
k15_baseline_20260812,2024-04-22,-0.02633374797190121,-0.015662692100059217,False
k15_baseline_20260812,2024-04-23,-0.025546742176592717,-0.02508311657788476,True
k15_baseline_20260812,2024-04-24,0.04928947619286579,0.07564431594101906,False
k15_baseline_20260812,2024-04-25,-0.043610490798339174,-0.024762024605406097,True
k15_baseline_20260812,2024-04-26,0.0918853685557286,0.118884930096992,True
k15_baseline_20260812,2024-04-29,0.08097089002182432,0.15757586051205044,True
k15_baseline_20260812,2024-04-30,-0.04276040190678404,-0.01645255800758148,False
k15_baseline_20260812,2024-05-06,0.06857914090046412,0.08197246311878231,False
k15_baseline_20260812,2024-05-07,0.002362316963298978,0.06072813006329364,False
k15_baseline_20260812,2024-05-08,-0.003752852018587672,0.03565165808297162,False
k15_baseline_20260812,2024-05-09,0.16115798376366622,0.27814257319523084,False
k15_baseline_20260812,2024-05-10,0.015872827622793705,0.03694236268006583,True
k15_baseline_20260812,2024-05-13,0.06732612938860626,0.09716067407696365,False
k15_baseline_20260812,2024-05-14,0.0771276207452825,0.13340550355421993,False
k15_baseline_20260812,2024-05-15,0.05658458947897409,0.07960935520886034,True
k15_baseline_20260812,2024-05-16,0.0315340322932493,0.042582053866912224,False
k15_baseline_20260812,2024-05-17,-0.05214719522396591,0.0032480174679494402,False
k15_baseline_20260812,2024-05-20,0.06689793700438908,0.10545183532075328,False
k15_baseline_20260812,2024-05-21,0.08582330162828535,0.10790312471397365,False
k15_baseline_20260812,2024-05-22,0.0491935282994512,0.10992323855916858,False
k15_baseline_20260812,2024-05-23,0.14406102337788082,0.19778556230601582,False
k15_baseline_20260812,2024-05-24,0.07073023485592875,0.09072296347790408,False
k15_baseline_20260812,2024-05-27,-0.02019951120503066,-0.007801018906300796,False
k15_baseline_20260812,2024-05-28,0.006663847159207067,0.023081116931810537,False
k15_baseline_20260812,2024-05-29,0.050127042315885904,0.10282256415526372,False
k15_baseline_20260812,2024-05-30,0.052231223773310465,0.05440739612650584,False
k15_baseline_20260812,2024-05-31,-0.15227354635797247,-0.11991793090876543,False
k15_baseline_20260812,2024-06-03,-0.01732303289287504,0.0854236534700899,False
k15_baseline_20260812,2024-06-04,-0.02137185580238471,-0.010937624552251814,False
k15_baseline_20260812,2024-06-05,0.04154297508548665,0.08582380989171767,False
k15_baseline_20260812,2024-06-06,0.23216887625364457,0.29478363421200954,False
k15_baseline_20260812,2024-06-07,-0.20779864891588182,-0.20533039798441985,False
k15_baseline_20260812,2024-06-11,-0.09781566908198742,-0.08286344778898365,False
k15_baseline_20260812,2024-06-12,-0.10201942353151977,-0.09055612523364741,True
k15_baseline_20260812,2024-06-13,0.001633006695780226,0.059535700489398914,False
k15_baseline_20260812,2024-06-14,-0.08315839165350551,-0.07382288601034656,False
k15_baseline_20260812,2024-06-17,-0.035388361748027126,0.0025629825928648593,False
k15_baseline_20260812,2024-06-18,0.020906520732414377,0.06670777911542712,False
k15_baseline_20260812,2024-06-19,0.15851547177667927,0.16798302892928507,False
k15_baseline_20260812,2024-06-20,0.08355391948997502,0.0919890220023683,False
k15_baseline_20260812,2024-06-21,0.03593151839365546,0.09708225080010999,False
k15_baseline_20260812,2024-06-24,0.2030072187318712,0.23012183320746532,False
k15_baseline_20260812,2024-06-25,0.04501904530468267,0.05322430578918238,False
k15_baseline_20260812,2024-06-26,-0.004719406928788525,0.03028966513995496,False
k15_baseline_20260812,2024-06-27,-0.03474232505972443,-0.019994425542409357,False
k15_baseline_20260812,2024-06-28,0.09112296917838365,0.16326989383804008,False
k15_baseline_20260812,2024-07-01,0.11137013511341484,0.15438257458436142,False
k15_baseline_20260812,2024-07-02,0.0756384821803771,0.10332771211850332,False
k15_baseline_20260812,2024-07-03,0.11624657478163683,0.1613665802195816,False
k15_baseline_20260812,2024-07-04,0.055920300761933724,0.08389046978456852,False
k15_baseline_20260812,2024-07-05,0.04447443623721574,0.08696250864654348,False
k15_baseline_20260812,2024-07-08,-0.11192586636178231,-0.10745902723702656,True
k15_baseline_20260812,2024-07-09,-0.18655212306578825,-0.18360420820886011,False
k15_baseline_20260812,2024-07-10,0.12261264822778604,0.1463764264916947,False
k15_baseline_20260812,2024-07-11,0.03260738136381242,0.06080686287198741,False
k15_baseline_20260812,2024-07-12,-0.029681173329124694,0.0705970159039812,False
k15_baseline_20260812,2024-07-15,-0.18076785615503982,-0.1881435707384514,False
k15_baseline_20260812,2024-07-16,0.1520475016454658,0.2519976421209087,False
k15_baseline_20260812,2024-07-17,0.09212886050498446,0.09584927808506317,False
k15_baseline_20260812,2024-07-18,-0.07180600281732058,-0.05969628711837016,True
k15_baseline_20260812,2024-07-19,-0.12232716255402462,-0.10554417423949573,False
k15_baseline_20260812,2024-07-22,0.09479579241163198,0.20741448604917795,False
k15_baseline_20260812,2024-07-23,0.09721873844020636,0.12557195334675236,False
k15_baseline_20260812,2024-07-24,0.04658940683629161,0.0667891454642093,False
k15_baseline_20260812,2024-07-25,0.028507134841974566,0.04526216272067895,False
k15_baseline_20260812,2024-07-26,-0.010984514950838128,0.05843019410308835,False
k15_baseline_20260812,2024-07-29,0.05628129808455803,0.06340229813867344,False
k15_baseline_20260812,2024-07-30,-0.0666863566268465,-0.05230874149201357,False
k15_baseline_20260812,2024-07-31,0.0015294911120872607,0.09417461478427043,False
k15_baseline_20260812,2024-08-01,0.11613716498591026,0.16990131803893932,False
k15_baseline_20260812,2024-08-02,0.03969947543370355,0.07038485823561776,False
k15_baseline_20260812,2024-08-05,0.016636957899765215,0.035933501456003734,False
k15_baseline_20260812,2024-08-06,0.03633219642833223,0.07586221452014293,False
k15_baseline_20260812,2024-08-07,0.14908860970109983,0.21303407761001292,False
k15_baseline_20260812,2024-08-08,0.19715057856359267,0.24823583187158538,False
k15_baseline_20260812,2024-08-09,0.04588042001250647,0.08207133854995462,False
k15_baseline_20260812,2024-08-12,0.038140971061246635,0.05106426509661911,False
k15_baseline_20260812,2024-08-13,-0.0045383440273570035,0.09653752610651371,False
k15_baseline_20260812,2024-08-14,-0.049619548440951344,-0.025824086365289295,False
k15_baseline_20260812,2024-08-15,-0.01755814242039648,0.009507604534884315,False
k15_baseline_20260812,2024-08-16,0.08107571282330707,0.15686361429259182,False
k15_baseline_20260812,2024-08-19,0.05224562818614974,0.13111614721737347,False
k15_baseline_20260812,2024-08-20,-0.03355763238619367,-0.021577269338634027,False
k15_baseline_20260812,2024-08-21,0.13076151306778178,0.20801733163521405,False
k15_baseline_20260812,2024-08-22,-0.05250192335930466,-0.025284243353670036,False
k15_baseline_20260812,2024-08-23,0.0875160051378234,0.16166662419432093,False
k15_baseline_20260812,2024-08-26,0.18210649854366132,0.23828616836635988,False
k15_baseline_20260812,2024-08-27,0.024810953454853627,0.04732244789525707,False
k15_baseline_20260812,2024-08-28,-0.05428974927372165,-0.03885606344542872,False
k15_baseline_20260812,2024-08-29,-0.1958221846680509,-0.20180764048551936,False
k15_baseline_20260812,2024-08-30,0.06072116894512084,0.1731671769364024,False
k15_baseline_20260812,2024-09-02,-0.014962558855316343,-0.009707032114200797,False
k15_baseline_20260812,2024-09-03,-0.18695612318200946,-0.17769760073980317,False
k15_baseline_20260812,2024-09-04,0.046380868775094376,0.09137749159044387,False
k15_baseline_20260812,2024-09-05,0.07039136107411563,0.15152288543381354,False
k15_baseline_20260812,2024-09-06,-0.05679517073027695,-0.04911277839603075,False
k15_baseline_20260812,2024-09-09,-0.07502107510284266,-0.07099304431927012,False
k15_baseline_20260812,2024-09-10,-0.16603866188868396,-0.16535956766606427,False
k15_baseline_20260812,2024-09-11,0.14794895342981373,0.17093933339918457,False
k15_baseline_20260812,2024-09-12,0.12735546886918112,0.1854384705245897,False
k15_baseline_20260812,2024-09-13,-0.00043175555599837524,0.01620972521767941,False
k15_baseline_20260812,2024-09-18,0.08194910853384464,0.172191646929267,False
k15_baseline_20260812,2024-09-19,0.0025725603674815827,0.04677040069006976,False
k15_baseline_20260812,2024-09-20,0.003440224482612659,0.03497782020570191,False
k15_baseline_20260812,2024-09-23,0.08734166430366624,0.10119278947906186,True
k15_baseline_20260812,2024-09-24,0.06878711797872612,0.1444312731467167,False
k15_baseline_20260812,2024-09-25,0.003118294119266692,0.03448625755634801,True
k15_baseline_20260812,2024-09-26,-0.21681975550696247,-0.2162079167464469,True
k15_baseline_20260812,2024-09-27,0.026712141042919225,0.03907109433094479,True
k15_baseline_20260812,2024-09-30,-0.09896160193170514,-0.07769631230114465,True
k15_baseline_20260812,2024-10-08,0.02774757490645011,0.06949624563476789,True
k15_baseline_20260812,2024-10-09,0.10665978801725683,0.23368674222670532,True
k15_baseline_20260812,2024-10-10,-0.023593248529664615,0.01839891286339076,True
k15_baseline_20260812,2024-10-11,-0.09004416689636038,-0.07361390537302936,True
k15_baseline_20260812,2024-10-14,-0.06953233380290182,-0.024833994645150074,False
k15_baseline_20260812,2024-10-15,-0.051697812431691074,-0.02787391190159964,True
k15_baseline_20260812,2024-10-16,0.026372887528621183,0.051633151473978914,False
k15_baseline_20260812,2024-10-17,-0.15852258981856643,-0.1602506288840459,True
k15_baseline_20260812,2024-10-18,-0.1916095064186694,-0.1969254933729491,True
k15_baseline_20260812,2024-10-21,0.045821007685817136,0.17899317392598652,True
k15_baseline_20260812,2024-10-22,0.11398500060260738,0.1377211305143392,True
k15_baseline_20260812,2024-10-23,0.04888433663754755,0.0890690863574815,True
k15_baseline_20260812,2024-10-24,0.06843127301287073,0.10443700525524284,True
k15_baseline_20260812,2024-10-25,0.008083349264247938,0.05731059060097026,True
k15_baseline_20260812,2024-10-28,-0.024772849500684258,0.04899020462343351,True
k15_baseline_20260812,2024-10-29,-0.08656388819722767,-0.048163492946600696,True
k15_baseline_20260812,2024-10-30,-0.03601381200922225,-0.023570352609953722,True
k15_baseline_20260812,2024-10-31,0.18655378236194098,0.28768985571430805,True
k15_baseline_20260812,2024-11-01,-0.025385197543695573,-0.012301190591011112,True
k15_baseline_20260812,2024-11-04,-0.15252206179422761,-0.14431948722168778,True
k15_baseline_20260812,2024-11-05,-0.0017117380872499592,0.06298354238565966,True
k15_baseline_20260812,2024-11-06,0.07544832795448048,0.13994949086732306,True
k15_baseline_20260812,2024-11-07,-0.00780260738394669,0.02341968326066394,True
k15_baseline_20260812,2024-11-08,-0.11443723533678764,-0.1100785620434316,True
k15_baseline_20260812,2024-11-11,0.03240020411247633,0.20240415042669346,True
k15_baseline_20260812,2024-11-12,0.1050588948263127,0.17104030019479324,False
k15_baseline_20260812,2024-11-13,0.09313270234135894,0.25125593161354304,False
k15_baseline_20260812,2024-11-14,0.08680597984673968,0.12653309507434654,True
k15_baseline_20260812,2024-11-15,0.26829279382030163,0.35143087052760336,True
k15_baseline_20260812,2024-11-18,-0.06205482838564777,-0.05382120586104415,False
k15_baseline_20260812,2024-11-19,-0.12440561902366935,-0.11680315973346395,True
k15_baseline_20260812,2024-11-20,0.03769379296646674,0.08427966045534124,False
k15_baseline_20260812,2024-11-21,-0.04548751958575006,0.022505016636160956,True
k15_baseline_20260812,2024-11-22,0.14971093805601718,0.17193008434071483,True
k15_baseline_20260812,2024-11-25,0.15340760495256606,0.3146343539490798,False
k15_baseline_20260812,2024-11-26,-0.2406974135014328,-0.23414587704659126,True
k15_baseline_20260812,2024-11-27,0.12140321706786704,0.25433166922179923,False
k15_baseline_20260812,2024-11-28,-0.05640090778314102,-0.0353147244259244,False
k15_baseline_20260812,2024-11-29,-0.018156857168150322,-0.009795009674742786,False
k15_baseline_20260812,2024-12-02,0.06727922664460638,0.15021971622581967,False
k15_baseline_20260812,2024-12-03,0.10075080574537593,0.14160646521357237,False
k15_baseline_20260812,2024-12-04,-0.10931426702769163,-0.10574608686296562,True
k15_baseline_20260812,2024-12-05,0.19946957831841558,0.3399938008520845,False
k15_baseline_20260812,2024-12-06,-0.04257462109156153,-0.024303769449078715,False
k15_baseline_20260812,2024-12-09,0.0019205604333501377,0.04900910609453917,False
k15_baseline_20260812,2024-12-10,-0.038490391229211884,0.0011267114444441148,False
k15_baseline_20260812,2024-12-11,0.008518938127734195,0.11123286416182591,False
k15_baseline_20260812,2024-12-12,-0.04054923769515581,-0.003980252892149539,True
k15_baseline_20260812,2024-12-13,0.16518719479443925,0.24533610365648267,False
k15_baseline_20260812,2024-12-16,0.12626501456693184,0.18912046000794122,False
k15_baseline_20260812,2024-12-17,-0.057036992342684625,-0.043365650541273615,True
k15_baseline_20260812,2024-12-18,-0.10899499226592554,-0.08509001530554325,False
k15_baseline_20260812,2024-12-19,-0.2295325930560329,-0.23123765553429726,False
k15_baseline_20260812,2024-12-20,0.15830045827762854,0.2716531940745535,False
k15_baseline_20260812,2024-12-23,0.0835335014635987,0.09064343499270755,False
k15_baseline_20260812,2024-12-24,0.049876649622630505,0.13034470583982477,False
k15_baseline_20260812,2024-12-25,-0.18045784849386157,-0.17902215248651243,False
k15_baseline_20260812,2024-12-26,0.16087548931691603,0.3291897848112616,False
k15_baseline_20260812,2024-12-27,0.052204919573740016,0.0892007676460425,False
k15_no_stats_20260812,2024-01-02,0.14356847723336863,0.17822035537183975,False
k15_no_stats_20260812,2024-01-03,0.05891666750519341,0.09937956090101586,False
k15_no_stats_20260812,2024-01-04,0.21111520117406535,0.317155307301241,False
k15_no_stats_20260812,2024-01-05,0.016328648488589996,0.03319249863715859,False
k15_no_stats_20260812,2024-01-08,0.13300805762600262,0.16369231227916056,False
k15_no_stats_20260812,2024-01-09,0.022186780222183275,0.027972808697796857,False
k15_no_stats_20260812,2024-01-10,-0.2316856901332475,-0.20269683458159057,False
k15_no_stats_20260812,2024-01-11,0.25564715129007076,0.28716612187311424,False
k15_no_stats_20260812,2024-01-12,0.019600289902405123,0.051177936325581194,False
k15_no_stats_20260812,2024-01-15,0.005335922102954,0.028926398499947277,False
k15_no_stats_20260812,2024-01-16,0.11445637602823525,0.2312597823297791,False
k15_no_stats_20260812,2024-01-17,-0.1806399435300525,-0.17746120574801694,False
k15_no_stats_20260812,2024-01-18,0.14077950824320007,0.2339800454779523,False
k15_no_stats_20260812,2024-01-19,0.1050270114471287,0.11460732764934292,False
k15_no_stats_20260812,2024-01-22,-0.014798171490764985,0.0009899140801748257,False
k15_no_stats_20260812,2024-01-23,0.18979038228332734,0.27053406192982393,False
k15_no_stats_20260812,2024-01-24,0.09409089295498257,0.15519583290842467,False
k15_no_stats_20260812,2024-01-25,0.18405269895556708,0.332413681101927,False
k15_no_stats_20260812,2024-01-26,0.2233526122668397,0.252444685730078,False
k15_no_stats_20260812,2024-01-29,0.059244766307261464,0.08202332164604169,False
k15_no_stats_20260812,2024-01-30,0.10829181973360216,0.16503236970878213,False
k15_no_stats_20260812,2024-01-31,-0.09844332694311898,-0.08889993260212019,False
k15_no_stats_20260812,2024-02-01,-0.02630578210111925,0.07740777429853457,True
k15_no_stats_20260812,2024-02-02,0.10085780510078798,0.1581245870136066,True
k15_no_stats_20260812,2024-02-05,0.11849957753794736,0.12141577711874157,True
k15_no_stats_20260812,2024-02-06,0.013919760471522892,0.03043569447947526,True
k15_no_stats_20260812,2024-02-07,-0.02661207796110617,-0.028913248724812306,True
k15_no_stats_20260812,2024-02-08,-0.14038676997584448,-0.10812341923607843,False
k15_no_stats_20260812,2024-02-19,-0.07328807861491234,-0.044937708441218985,False
k15_no_stats_20260812,2024-02-20,-0.08882767974247047,-0.07244968105398442,False
k15_no_stats_20260812,2024-02-21,-0.18895078762627412,-0.18409445697238705,False
k15_no_stats_20260812,2024-02-22,-0.03782726684273624,-0.03165031488917744,False
k15_no_stats_20260812,2024-02-23,0.010636416327076273,0.0341106883633878,False
k15_no_stats_20260812,2024-02-26,-0.20966144525262503,-0.2093527454636296,False
k15_no_stats_20260812,2024-02-27,0.0300843633804331,0.23602353895482378,True
k15_no_stats_20260812,2024-02-28,-0.08667274199423915,-0.07510215102789525,True
k15_no_stats_20260812,2024-02-29,-0.11112736946572802,-0.09067528201549493,False
k15_no_stats_20260812,2024-03-01,-0.06832518256800875,-0.020283355699012393,False
k15_no_stats_20260812,2024-03-04,-0.017527518462091815,0.15529947703291364,False
k15_no_stats_20260812,2024-03-05,0.02947604315786065,0.0913691309629003,False
k15_no_stats_20260812,2024-03-06,0.07328414644049044,0.21212432037565662,False
k15_no_stats_20260812,2024-03-07,0.04429053757831579,0.0623527632965401,False
k15_no_stats_20260812,2024-03-08,-0.04776812736208213,-0.04604157678441256,False
k15_no_stats_20260812,2024-03-11,-0.006988489504218718,0.012773405763393206,False
k15_no_stats_20260812,2024-03-12,-0.007116309424919188,0.0031540871170350183,False
k15_no_stats_20260812,2024-03-13,0.09661456920190432,0.22853399227898247,False
k15_no_stats_20260812,2024-03-14,0.04813309622759892,0.06540804073975932,False
k15_no_stats_20260812,2024-03-15,-0.05387913300706852,-0.04523398403805855,False
k15_no_stats_20260812,2024-03-18,0.08567689580966002,0.13505833556761665,False
k15_no_stats_20260812,2024-03-19,-0.0602740665480655,-0.050949972214256234,False
k15_no_stats_20260812,2024-03-20,0.04388285315408691,0.14353229073971988,False
k15_no_stats_20260812,2024-03-21,-0.07594332059943082,-0.04802082487613737,True
k15_no_stats_20260812,2024-03-22,0.19022523099956143,0.3013378118612456,False
k15_no_stats_20260812,2024-03-25,0.09673796065811915,0.10916123461693497,False
k15_no_stats_20260812,2024-03-26,0.0978883560802067,0.25367450449379564,False
k15_no_stats_20260812,2024-03-27,-0.1443143886510159,-0.11346853227383343,False
k15_no_stats_20260812,2024-03-28,0.06236784214267968,0.11242006616965079,False
k15_no_stats_20260812,2024-03-29,0.10440097196283062,0.13678295999715218,False
k15_no_stats_20260812,2024-04-01,0.16972513511515633,0.3253517051909857,True
k15_no_stats_20260812,2024-04-02,0.1111778765240297,0.17479954196038874,False
k15_no_stats_20260812,2024-04-03,0.002730639426952562,0.12670085424177788,False
k15_no_stats_20260812,2024-04-08,0.1472029062980427,0.18211567092594702,False
k15_no_stats_20260812,2024-04-09,0.10007976590034884,0.18127251058464175,False
k15_no_stats_20260812,2024-04-10,-0.02178710454552228,0.04274565721178399,False
k15_no_stats_20260812,2024-04-11,0.11596274831635961,0.15671297983868376,False
k15_no_stats_20260812,2024-04-12,-0.02636733766717307,0.00398051279253748,True
k15_no_stats_20260812,2024-04-15,-0.034286454309485556,-0.006762986345525336,True
k15_no_stats_20260812,2024-04-16,-0.14636419627346176,-0.12499408249231285,True
k15_no_stats_20260812,2024-04-17,-0.06754661477100354,-0.012508807073817373,False
k15_no_stats_20260812,2024-04-18,0.06372944936283663,0.11597065159282856,True
k15_no_stats_20260812,2024-04-19,0.06367821783824028,0.09632626273759326,True
k15_no_stats_20260812,2024-04-22,-0.05079122682874866,-0.03929445837549615,False
k15_no_stats_20260812,2024-04-23,-0.02113574969876562,-0.020423541949689056,True
k15_no_stats_20260812,2024-04-24,0.02368886676575919,0.05085500272388793,False
k15_no_stats_20260812,2024-04-25,-0.03934159437514312,-0.020002631641676535,True
k15_no_stats_20260812,2024-04-26,0.09719441301964393,0.12581614727646587,True
k15_no_stats_20260812,2024-04-29,0.07373888727128886,0.15415511928330514,True
k15_no_stats_20260812,2024-04-30,-0.05357414872815806,-0.025337615266641533,False
k15_no_stats_20260812,2024-05-06,0.05769818633756983,0.07130818129469393,False
k15_no_stats_20260812,2024-05-07,0.007893338074588944,0.06693612837673768,False
k15_no_stats_20260812,2024-05-08,0.008211253061040324,0.047756655769435406,False
k15_no_stats_20260812,2024-05-09,0.17474705222306852,0.28656513994275357,False
k15_no_stats_20260812,2024-05-10,0.02395145145956704,0.04450586746252565,True
k15_no_stats_20260812,2024-05-13,0.055011435747320314,0.08523086284042053,False
k15_no_stats_20260812,2024-05-14,0.0718998321883544,0.12501297152324248,False
k15_no_stats_20260812,2024-05-15,0.05979068834463272,0.08392935345197775,True
k15_no_stats_20260812,2024-05-16,0.009975103408037082,0.019993564556488336,False
k15_no_stats_20260812,2024-05-17,-0.05910282964142469,0.0017291646779429139,False
k15_no_stats_20260812,2024-05-20,0.07814444192727098,0.11761495270451107,False
k15_no_stats_20260812,2024-05-21,0.07617872243494278,0.09844941272995787,False
k15_no_stats_20260812,2024-05-22,0.05032507605212292,0.11180438671985467,False
k15_no_stats_20260812,2024-05-23,0.16439646997680102,0.22080537965505875,False
k15_no_stats_20260812,2024-05-24,0.05119842686417208,0.07132024105082231,False
k15_no_stats_20260812,2024-05-27,-0.03368392453341648,-0.021381587113052762,False
k15_no_stats_20260812,2024-05-28,0.002446760876717885,0.018343243668076898,False
k15_no_stats_20260812,2024-05-29,0.03271654694429988,0.08433799599342076,False
k15_no_stats_20260812,2024-05-30,0.03479278147685488,0.03663019586958601,False
k15_no_stats_20260812,2024-05-31,-0.16556825102472322,-0.1357466612610944,False
k15_no_stats_20260812,2024-06-03,-0.02464636432195617,0.08137453470690072,False
k15_no_stats_20260812,2024-06-04,-0.018603192266873004,-0.008506853064842532,False
k15_no_stats_20260812,2024-06-05,0.03680374946957859,0.09116385330756867,False
k15_no_stats_20260812,2024-06-06,0.219453922470359,0.28315965902812146,False
k15_no_stats_20260812,2024-06-07,-0.23879540859490989,-0.23611604113840998,False
k15_no_stats_20260812,2024-06-11,-0.07940136991019196,-0.06468730202722785,False
k15_no_stats_20260812,2024-06-12,-0.12223465138810867,-0.11083941247546346,True
k15_no_stats_20260812,2024-06-13,0.013650851386851402,0.07294810515683409,False
k15_no_stats_20260812,2024-06-14,-0.08034207989198873,-0.07095062008836427,False
k15_no_stats_20260812,2024-06-17,-0.033863516733706814,0.0033084119286742445,False
k15_no_stats_20260812,2024-06-18,0.025387627480658807,0.07079450199756797,False
k15_no_stats_20260812,2024-06-19,0.12976187196543928,0.14008291458630184,False
k15_no_stats_20260812,2024-06-20,0.07142353690487038,0.08036879913803245,False
k15_no_stats_20260812,2024-06-21,0.025475196523949882,0.08877841820559737,False
k15_no_stats_20260812,2024-06-24,0.22714498443554454,0.2540164136178756,False
k15_no_stats_20260812,2024-06-25,0.06878359883262869,0.07827146038040418,False
k15_no_stats_20260812,2024-06-26,0.018748061155426148,0.051886458124926864,False
k15_no_stats_20260812,2024-06-27,-0.029536076334116635,-0.011398964045505272,False
k15_no_stats_20260812,2024-06-28,0.10023306679718862,0.17214948294610874,False
k15_no_stats_20260812,2024-07-01,0.13177522682519746,0.17376400498474204,False
k15_no_stats_20260812,2024-07-02,0.06713652019891267,0.09577098060127334,False
k15_no_stats_20260812,2024-07-03,0.12176094688857349,0.16801136235479747,False
k15_no_stats_20260812,2024-07-04,0.064800670041863,0.09471929943882385,False
k15_no_stats_20260812,2024-07-05,0.036742003122992466,0.07885282923360655,False
k15_no_stats_20260812,2024-07-08,-0.12789500584074048,-0.12241947079039794,True
k15_no_stats_20260812,2024-07-09,-0.19571823574771585,-0.1926127204532587,False
k15_no_stats_20260812,2024-07-10,0.11497570496345369,0.1389186574755916,False
k15_no_stats_20260812,2024-07-11,0.026361626851412488,0.05500329483416821,False
k15_no_stats_20260812,2024-07-12,-0.017616137778873626,0.08545602058108644,False
k15_no_stats_20260812,2024-07-15,-0.17181344405219903,-0.17925237245235268,False
k15_no_stats_20260812,2024-07-16,0.14012789478368484,0.2411816895368146,False
k15_no_stats_20260812,2024-07-17,0.05767107088458557,0.06127882422551867,False
k15_no_stats_20260812,2024-07-18,-0.08628181670902448,-0.07448449500628498,True
k15_no_stats_20260812,2024-07-19,-0.1312563673333962,-0.1134725686563966,False
k15_no_stats_20260812,2024-07-22,0.09745934889265512,0.21368458353831696,False
k15_no_stats_20260812,2024-07-23,0.11472843739289107,0.14664237059193852,False
k15_no_stats_20260812,2024-07-24,0.07170860989488975,0.09238776183130787,False
k15_no_stats_20260812,2024-07-25,0.029793534809182617,0.0489201302816517,False
k15_no_stats_20260812,2024-07-26,-0.001259074932164552,0.06937588968225196,False
k15_no_stats_20260812,2024-07-29,0.05956636741319263,0.06619146154969482,False
k15_no_stats_20260812,2024-07-30,-0.0902779288333847,-0.07586428629747177,False
k15_no_stats_20260812,2024-07-31,0.0017147052536371937,0.09073759803670085,False
k15_no_stats_20260812,2024-08-01,0.13287973199792286,0.1869214378075965,False
k15_no_stats_20260812,2024-08-02,0.02842629477947178,0.06069658885407402,False
k15_no_stats_20260812,2024-08-05,-0.0005180602169254976,0.019527349907840077,False
k15_no_stats_20260812,2024-08-06,0.038483228694617407,0.07991624139160555,False
k15_no_stats_20260812,2024-08-07,0.16738089233992798,0.23144922582169963,False
k15_no_stats_20260812,2024-08-08,0.2003221403711686,0.2537030725958586,False
k15_no_stats_20260812,2024-08-09,0.045460706033681214,0.082421567307072,False
k15_no_stats_20260812,2024-08-12,0.033211190684735103,0.046559024693356044,False
k15_no_stats_20260812,2024-08-13,0.0016178818584738554,0.10419947202852867,False
k15_no_stats_20260812,2024-08-14,-0.033053668326328785,-0.009718755657619661,False
k15_no_stats_20260812,2024-08-15,-0.028998476174164227,-0.0012231765346028952,False
k15_no_stats_20260812,2024-08-16,0.07469827855708998,0.1605268417824208,False
k15_no_stats_20260812,2024-08-19,0.0492847420063319,0.13156859767995865,False
k15_no_stats_20260812,2024-08-20,-0.034744076124268566,-0.023074516413297327,False
k15_no_stats_20260812,2024-08-21,0.11854019912165165,0.2013417930442699,False
k15_no_stats_20260812,2024-08-22,-0.04403914553134672,-0.01560400483232085,False
k15_no_stats_20260812,2024-08-23,0.09127476611919058,0.169703422955254,False
k15_no_stats_20260812,2024-08-26,0.17294610467923588,0.23261191119376526,False
k15_no_stats_20260812,2024-08-27,-0.0006598688617887442,0.02164029230095596,False
k15_no_stats_20260812,2024-08-28,-0.04876621934790514,-0.03367521797983519,False
k15_no_stats_20260812,2024-08-29,-0.1907347508107758,-0.19638422971035424,False
k15_no_stats_20260812,2024-08-30,0.0891889806078437,0.1998286727695699,False
k15_no_stats_20260812,2024-09-02,-0.0443280382222614,-0.03843224526785529,False
k15_no_stats_20260812,2024-09-03,-0.21467883999624493,-0.20501477681573405,False
k15_no_stats_20260812,2024-09-04,0.045443815937089065,0.0911573785790404,False
k15_no_stats_20260812,2024-09-05,0.07234858489065192,0.15343772227870758,False
k15_no_stats_20260812,2024-09-06,-0.045561210869778615,-0.03573718615595007,False
k15_no_stats_20260812,2024-09-09,-0.06987447977155452,-0.06575172636745273,False
k15_no_stats_20260812,2024-09-10,-0.18737943221024791,-0.18647912549772983,False
k15_no_stats_20260812,2024-09-11,0.14948662567799423,0.1747191664583701,False
k15_no_stats_20260812,2024-09-12,0.12477505455417216,0.18752346811501638,False
k15_no_stats_20260812,2024-09-13,-0.018816906788074204,-0.0029365170612491833,False
k15_no_stats_20260812,2024-09-18,0.09393942578489634,0.18190139266561572,False
k15_no_stats_20260812,2024-09-19,0.026189442889139644,0.071471222289055,False
k15_no_stats_20260812,2024-09-20,-0.008098408673703041,0.02351642241794141,False
k15_no_stats_20260812,2024-09-23,0.06019884589730918,0.0743495282082927,True
k15_no_stats_20260812,2024-09-24,0.0753416327797761,0.15196827175777897,False
k15_no_stats_20260812,2024-09-25,0.01230459344226517,0.043757124915193193,True
k15_no_stats_20260812,2024-09-26,-0.1954812328476167,-0.19498577021689273,True
k15_no_stats_20260812,2024-09-27,0.03130975303943837,0.04389210392435968,True
k15_no_stats_20260812,2024-09-30,-0.09354817536420987,-0.07600471844836745,True
k15_no_stats_20260812,2024-10-08,-0.006264410049767157,0.03170915884139779,True
k15_no_stats_20260812,2024-10-09,0.16823874265377634,0.30702930937484657,True
k15_no_stats_20260812,2024-10-10,0.020002992743702586,0.06716324328242351,True
k15_no_stats_20260812,2024-10-11,-0.10641978972572623,-0.08886597686082368,True
k15_no_stats_20260812,2024-10-14,-0.05598435577194632,-0.010838377894800891,False
k15_no_stats_20260812,2024-10-15,-0.05148282352980564,-0.02116630418271884,True
k15_no_stats_20260812,2024-10-16,0.036507957379392005,0.06191801296409177,False
k15_no_stats_20260812,2024-10-17,-0.21608071541704849,-0.217797446521964,True
k15_no_stats_20260812,2024-10-18,-0.1658992437137565,-0.1708558809627259,True
k15_no_stats_20260812,2024-10-21,0.06169420253197898,0.19304478465749994,True
k15_no_stats_20260812,2024-10-22,0.14162557807476842,0.16485264742312208,True
k15_no_stats_20260812,2024-10-23,0.058685404854452984,0.10213122846896898,True
k15_no_stats_20260812,2024-10-24,0.04549176971990978,0.08334741265931822,True
k15_no_stats_20260812,2024-10-25,0.009674826087592993,0.06181355443807243,True
k15_no_stats_20260812,2024-10-28,-0.01822486928011158,0.05871848030406599,True
k15_no_stats_20260812,2024-10-29,-0.06460693602598033,-0.021816717836329505,True
k15_no_stats_20260812,2024-10-30,-0.031363128432406275,-0.01803579943480373,True
k15_no_stats_20260812,2024-10-31,0.1789492413629952,0.2840053796257108,True
k15_no_stats_20260812,2024-11-01,-0.058352397766517905,-0.04503350090326864,True
k15_no_stats_20260812,2024-11-04,-0.12188406474419311,-0.11402510342079189,True
k15_no_stats_20260812,2024-11-05,-0.003504100837828217,0.06423462744384993,True
k15_no_stats_20260812,2024-11-06,0.08011252859434552,0.14889497771600932,True
k15_no_stats_20260812,2024-11-07,-0.0037001853424628293,0.02888647647365307,True
k15_no_stats_20260812,2024-11-08,-0.14553161432921183,-0.1408697283614775,True
k15_no_stats_20260812,2024-11-11,0.02611296134095474,0.20708909915014043,True
k15_no_stats_20260812,2024-11-12,0.13034735326856933,0.19555427570320696,False
k15_no_stats_20260812,2024-11-13,0.07087222489037165,0.2310464368792944,False
k15_no_stats_20260812,2024-11-14,0.09153265858874625,0.14190540771264595,True
k15_no_stats_20260812,2024-11-15,0.2762570277544184,0.37238971055408815,True
k15_no_stats_20260812,2024-11-18,-0.057922223639239455,-0.04941675391902474,False
k15_no_stats_20260812,2024-11-19,-0.10577780126047562,-0.09752669917762868,True
k15_no_stats_20260812,2024-11-20,0.031718080186808315,0.0807895941699485,False
k15_no_stats_20260812,2024-11-21,-0.03758931551289611,0.032739476579136347,True
k15_no_stats_20260812,2024-11-22,0.1590007889020642,0.1860292530931791,True
k15_no_stats_20260812,2024-11-25,0.13281811026509274,0.29410399351068295,False
k15_no_stats_20260812,2024-11-26,-0.24889708601203475,-0.24088764897673864,True
k15_no_stats_20260812,2024-11-27,0.10735782659757956,0.2411204061005024,False
k15_no_stats_20260812,2024-11-28,-0.04226841639839527,-0.021188551828845135,False
k15_no_stats_20260812,2024-11-29,0.0054722590975202524,0.013888440263299396,False
k15_no_stats_20260812,2024-12-02,0.05251335178941062,0.13586231810217128,False
k15_no_stats_20260812,2024-12-03,0.11885003450956814,0.15966968934325199,False
k15_no_stats_20260812,2024-12-04,-0.08671996205307327,-0.08354069959295637,True
k15_no_stats_20260812,2024-12-05,0.20020576905392393,0.3409754687178844,False
k15_no_stats_20260812,2024-12-06,-0.054459797569597415,-0.03551415075903825,False
k15_no_stats_20260812,2024-12-09,-0.005061882823418354,0.042912663846273465,False
k15_no_stats_20260812,2024-12-10,-0.020427175390979616,0.020082118022319635,False
k15_no_stats_20260812,2024-12-11,0.010610797686222645,0.11699204929480908,False
k15_no_stats_20260812,2024-12-12,-0.03395421477186562,0.0024863123254010465,True
k15_no_stats_20260812,2024-12-13,0.18923608030631023,0.2746562257404651,False
k15_no_stats_20260812,2024-12-16,0.11925029340753279,0.18536929877010663,False
k15_no_stats_20260812,2024-12-17,-0.0787229564434828,-0.06315840082053202,True
k15_no_stats_20260812,2024-12-18,-0.08714046456717653,-0.06382363421004647,False
k15_no_stats_20260812,2024-12-19,-0.2514568072289683,-0.25310175156770526,False
k15_no_stats_20260812,2024-12-20,0.13326022483596975,0.24458965621803777,False
k15_no_stats_20260812,2024-12-23,0.07963764680612608,0.0863179220713077,False
k15_no_stats_20260812,2024-12-24,0.048164520399027695,0.13057319901855186,False
k15_no_stats_20260812,2024-12-25,-0.2164740555592981,-0.2141936172580848,False
k15_no_stats_20260812,2024-12-26,0.1683855307739882,0.33752542948701075,False
k15_no_stats_20260812,2024-12-27,0.06861641832295802,0.10672072977838751,False
k15_no_stats_no_fusion_20260812,2024-01-02,0.14226473765620354,0.17592647566520847,False
k15_no_stats_no_fusion_20260812,2024-01-03,0.06372204398919751,0.10287888314432282,False
k15_no_stats_no_fusion_20260812,2024-01-04,0.19432096582506614,0.2950871190686166,False
k15_no_stats_no_fusion_20260812,2024-01-05,0.024657306452124057,0.04133300340129121,False
k15_no_stats_no_fusion_20260812,2024-01-08,0.1263180942896921,0.15647594519538596,False
k15_no_stats_no_fusion_20260812,2024-01-09,0.02827646583649398,0.033707401643747914,False
k15_no_stats_no_fusion_20260812,2024-01-10,-0.21442607719842635,-0.1843529347676115,False
k15_no_stats_no_fusion_20260812,2024-01-11,0.25125031179485136,0.28296037729890705,False
k15_no_stats_no_fusion_20260812,2024-01-12,-0.0037926311615644167,0.027479659219308276,False
k15_no_stats_no_fusion_20260812,2024-01-15,0.005440720340521423,0.02775856116082584,False
k15_no_stats_no_fusion_20260812,2024-01-16,0.1082052593367568,0.22129760867835718,False
k15_no_stats_no_fusion_20260812,2024-01-17,-0.15034445475803634,-0.1466571546212368,False
k15_no_stats_no_fusion_20260812,2024-01-18,0.13837384463789607,0.2300737400190342,False
k15_no_stats_no_fusion_20260812,2024-01-19,0.10817843724221562,0.11730824261727299,False
k15_no_stats_no_fusion_20260812,2024-01-22,-0.008073000575273968,0.007431690881393007,False
k15_no_stats_no_fusion_20260812,2024-01-23,0.16391009379963856,0.24522605303260755,False
k15_no_stats_no_fusion_20260812,2024-01-24,0.09154211213908955,0.15093668889744752,False
k15_no_stats_no_fusion_20260812,2024-01-25,0.16754417172318606,0.31880242200985737,False
k15_no_stats_no_fusion_20260812,2024-01-26,0.22379460007763172,0.25278629828783605,False
k15_no_stats_no_fusion_20260812,2024-01-29,0.06636069488450998,0.08842893244773938,False
k15_no_stats_no_fusion_20260812,2024-01-30,0.1058120802233838,0.16165294578056078,False
k15_no_stats_no_fusion_20260812,2024-01-31,-0.092670283139778,-0.08347884286149793,False
k15_no_stats_no_fusion_20260812,2024-02-01,-0.029182923570241506,0.06933690230574542,True
k15_no_stats_no_fusion_20260812,2024-02-02,0.1171822531123877,0.16945777705197942,True
k15_no_stats_no_fusion_20260812,2024-02-05,0.1472362044070716,0.15043092746279696,True
k15_no_stats_no_fusion_20260812,2024-02-06,0.014320469198883799,0.030734983004920145,True
k15_no_stats_no_fusion_20260812,2024-02-07,0.0015121998116154039,-0.0005102286112538862,True
k15_no_stats_no_fusion_20260812,2024-02-08,-0.15000728880956996,-0.12091827145855136,False
k15_no_stats_no_fusion_20260812,2024-02-19,-0.07321218144201667,-0.04423746364141586,False
k15_no_stats_no_fusion_20260812,2024-02-20,-0.09940208394244357,-0.083050443972369,False
k15_no_stats_no_fusion_20260812,2024-02-21,-0.1838219363209624,-0.17902469636737248,False
k15_no_stats_no_fusion_20260812,2024-02-22,-0.022337921926096935,-0.016142316331413956,False
k15_no_stats_no_fusion_20260812,2024-02-23,0.018214140060879187,0.04178723448349044,False
k15_no_stats_no_fusion_20260812,2024-02-26,-0.20677426122364193,-0.20644902542896365,False
k15_no_stats_no_fusion_20260812,2024-02-27,0.020559708507172918,0.21789365572924163,True
k15_no_stats_no_fusion_20260812,2024-02-28,-0.0585666840955897,-0.04741136864786422,True
k15_no_stats_no_fusion_20260812,2024-02-29,-0.09411973350857687,-0.07312687156962812,False
k15_no_stats_no_fusion_20260812,2024-03-01,-0.07060878249576036,-0.023390068652834696,False
k15_no_stats_no_fusion_20260812,2024-03-04,-0.010114200739750138,0.15701969902549617,False
k15_no_stats_no_fusion_20260812,2024-03-05,0.0199637410137275,0.07892370200733,False
k15_no_stats_no_fusion_20260812,2024-03-06,0.06352599141093696,0.19886530405755834,False
k15_no_stats_no_fusion_20260812,2024-03-07,0.040149309418105086,0.05693215244131835,False
k15_no_stats_no_fusion_20260812,2024-03-08,-0.042180708944316206,-0.04054177067468802,False
k15_no_stats_no_fusion_20260812,2024-03-11,-0.008630657143963019,0.01033471634726049,False
k15_no_stats_no_fusion_20260812,2024-03-12,0.008236306671203212,0.018331469003333753,False
k15_no_stats_no_fusion_20260812,2024-03-13,0.09143900258878265,0.21929216464243867,False
k15_no_stats_no_fusion_20260812,2024-03-14,0.04547541315773087,0.06264468129967796,False
k15_no_stats_no_fusion_20260812,2024-03-15,-0.047357212682578025,-0.03839438944235599,False
k15_no_stats_no_fusion_20260812,2024-03-18,0.07897537779713452,0.12657962643853038,False
k15_no_stats_no_fusion_20260812,2024-03-19,-0.055403813027689326,-0.04717154175749647,False
k15_no_stats_no_fusion_20260812,2024-03-20,0.04006072487712088,0.13846085109104198,False
k15_no_stats_no_fusion_20260812,2024-03-21,-0.07779853783828974,-0.05100071475993806,True
k15_no_stats_no_fusion_20260812,2024-03-22,0.19829501199886337,0.307503011750209,False
k15_no_stats_no_fusion_20260812,2024-03-25,0.0783192310986895,0.09053297451910382,False
k15_no_stats_no_fusion_20260812,2024-03-26,0.09780555463814,0.24810817969955196,False
k15_no_stats_no_fusion_20260812,2024-03-27,-0.13229704404833806,-0.10230917064528262,False
k15_no_stats_no_fusion_20260812,2024-03-28,0.0631419880229549,0.11279472152707219,False
k15_no_stats_no_fusion_20260812,2024-03-29,0.09201454730638962,0.12443435001805069,False
k15_no_stats_no_fusion_20260812,2024-04-01,0.16855662204423588,0.3205094568543931,True
k15_no_stats_no_fusion_20260812,2024-04-02,0.1134766669024677,0.176245560475751,False
k15_no_stats_no_fusion_20260812,2024-04-03,-0.006510359014252103,0.11288279625788153,False
k15_no_stats_no_fusion_20260812,2024-04-08,0.13724087141385202,0.17123882950074998,False
k15_no_stats_no_fusion_20260812,2024-04-09,0.08911882022963535,0.16850750136646714,False
k15_no_stats_no_fusion_20260812,2024-04-10,-0.020211404456729365,0.0433518850481757,False
k15_no_stats_no_fusion_20260812,2024-04-11,0.12009306551121557,0.16245849588541383,False
k15_no_stats_no_fusion_20260812,2024-04-12,-0.021326444572750586,0.009331763655373082,True
k15_no_stats_no_fusion_20260812,2024-04-15,-0.025259766261200474,0.0009771251705959735,True
k15_no_stats_no_fusion_20260812,2024-04-16,-0.14131478601345024,-0.12095804379396542,True
k15_no_stats_no_fusion_20260812,2024-04-17,-0.06913132393023749,-0.013987313805850759,False
k15_no_stats_no_fusion_20260812,2024-04-18,0.0528831869067938,0.10335253837239056,True
k15_no_stats_no_fusion_20260812,2024-04-19,0.06459114170546985,0.09773721953984651,True
k15_no_stats_no_fusion_20260812,2024-04-22,-0.03471067872884621,-0.023317469753091687,False
k15_no_stats_no_fusion_20260812,2024-04-23,-0.013440765285265768,-0.01265141686863527,True
k15_no_stats_no_fusion_20260812,2024-04-24,0.011273588653879731,0.03711711423930012,False
k15_no_stats_no_fusion_20260812,2024-04-25,-0.02112340450549882,-0.0018645431404220863,True
k15_no_stats_no_fusion_20260812,2024-04-26,0.1008411109117199,0.12914401451007804,True
k15_no_stats_no_fusion_20260812,2024-04-29,0.06721851290129839,0.14477898801788938,True
k15_no_stats_no_fusion_20260812,2024-04-30,-0.04519958217909955,-0.016960896508136244,False
k15_no_stats_no_fusion_20260812,2024-05-06,0.05933158647176093,0.07294817097517214,False
k15_no_stats_no_fusion_20260812,2024-05-07,0.01634261102104035,0.07515844605931496,False
k15_no_stats_no_fusion_20260812,2024-05-08,0.0038977423436179818,0.04364166919825812,False
k15_no_stats_no_fusion_20260812,2024-05-09,0.1613247119125841,0.2756717919232671,False
k15_no_stats_no_fusion_20260812,2024-05-10,0.018394656963449503,0.03973167660977112,True
k15_no_stats_no_fusion_20260812,2024-05-13,0.0603573242659552,0.09226403397553493,False
k15_no_stats_no_fusion_20260812,2024-05-14,0.06733397744455394,0.12200138873644438,False
k15_no_stats_no_fusion_20260812,2024-05-15,0.05028845129881908,0.07406317907331217,True
k15_no_stats_no_fusion_20260812,2024-05-16,0.012016622970310625,0.022271670578515916,False
k15_no_stats_no_fusion_20260812,2024-05-17,-0.06044558722213155,-0.0010547693490481071,False
k15_no_stats_no_fusion_20260812,2024-05-20,0.08052962452361716,0.1197526699773925,False
k15_no_stats_no_fusion_20260812,2024-05-21,0.0795142183339487,0.10151046492605986,False
k15_no_stats_no_fusion_20260812,2024-05-22,0.048023463436804886,0.11072139197059284,False
k15_no_stats_no_fusion_20260812,2024-05-23,0.15145123906963187,0.20635439648261963,False
k15_no_stats_no_fusion_20260812,2024-05-24,0.0637726721592126,0.08419722504503735,False
k15_no_stats_no_fusion_20260812,2024-05-27,-0.023798396306628954,-0.01077711625533463,False
k15_no_stats_no_fusion_20260812,2024-05-28,-0.0053912321433660666,0.010651779218387891,False
k15_no_stats_no_fusion_20260812,2024-05-29,0.019332764305236293,0.0719493492759968,False
k15_no_stats_no_fusion_20260812,2024-05-30,0.05340526681076802,0.05513156489901545,False
k15_no_stats_no_fusion_20260812,2024-05-31,-0.14303053949378564,-0.1119552135444095,False
k15_no_stats_no_fusion_20260812,2024-06-03,-0.017753210933426695,0.08494653575437638,False
k15_no_stats_no_fusion_20260812,2024-06-04,-0.006192772296804056,0.003824337460012643,False
k15_no_stats_no_fusion_20260812,2024-06-05,0.04626057692209087,0.09986384826315055,False
k15_no_stats_no_fusion_20260812,2024-06-06,0.21344863382360732,0.2738160349497206,False
k15_no_stats_no_fusion_20260812,2024-06-07,-0.2184507811565386,-0.2161813102906564,False
k15_no_stats_no_fusion_20260812,2024-06-11,-0.06238467176599288,-0.047665787462970566,False
k15_no_stats_no_fusion_20260812,2024-06-12,-0.10369922775053778,-0.09255379459976706,True
k15_no_stats_no_fusion_20260812,2024-06-13,0.0020914186501915155,0.061471110632574606,False
k15_no_stats_no_fusion_20260812,2024-06-14,-0.0869325091739154,-0.0775889163178992,False
k15_no_stats_no_fusion_20260812,2024-06-17,-0.03425899052838608,0.0018963631365847388,False
k15_no_stats_no_fusion_20260812,2024-06-18,0.02943779018081516,0.07626651914647818,False
k15_no_stats_no_fusion_20260812,2024-06-19,0.12467795521890579,0.134865602470126,False
k15_no_stats_no_fusion_20260812,2024-06-20,0.07538355592199678,0.08454454916084826,False
k15_no_stats_no_fusion_20260812,2024-06-21,0.010726987084145484,0.07299796462865829,False
k15_no_stats_no_fusion_20260812,2024-06-24,0.2207400048633056,0.24811548534310598,False
k15_no_stats_no_fusion_20260812,2024-06-25,0.06394349918969018,0.07277514670086994,False
k15_no_stats_no_fusion_20260812,2024-06-26,0.014723474731732248,0.04713423301542178,False
k15_no_stats_no_fusion_20260812,2024-06-27,-0.021455104100762096,-0.003222113632244329,False
k15_no_stats_no_fusion_20260812,2024-06-28,0.09348809671434509,0.16330595506958212,False
k15_no_stats_no_fusion_20260812,2024-07-01,0.11645952213958212,0.160094624834397,False
k15_no_stats_no_fusion_20260812,2024-07-02,0.06718273035254978,0.09514188218269222,False
k15_no_stats_no_fusion_20260812,2024-07-03,0.09916911464118089,0.147768528192303,False
k15_no_stats_no_fusion_20260812,2024-07-04,0.0801400891163436,0.10882304627777838,False
k15_no_stats_no_fusion_20260812,2024-07-05,0.03525447389311809,0.07662703502315385,False
k15_no_stats_no_fusion_20260812,2024-07-08,-0.10992042118696359,-0.1036346291378133,True
k15_no_stats_no_fusion_20260812,2024-07-09,-0.19193602651405897,-0.1888693279076301,False
k15_no_stats_no_fusion_20260812,2024-07-10,0.10748959444214153,0.13074307415350542,False
k15_no_stats_no_fusion_20260812,2024-07-11,0.027141080904448837,0.05528492142383854,False
k15_no_stats_no_fusion_20260812,2024-07-12,-0.019082306303607514,0.08231016612634831,False
k15_no_stats_no_fusion_20260812,2024-07-15,-0.1403422369176984,-0.14740202387861423,False
k15_no_stats_no_fusion_20260812,2024-07-16,0.1316752018305823,0.23256922226555576,False
k15_no_stats_no_fusion_20260812,2024-07-17,0.0687725141876378,0.07263743051489929,False
k15_no_stats_no_fusion_20260812,2024-07-18,-0.060915066368573835,-0.048607779173948415,True
k15_no_stats_no_fusion_20260812,2024-07-19,-0.10419106895823232,-0.08538996826537062,False
k15_no_stats_no_fusion_20260812,2024-07-22,0.06570017413996218,0.17712714781469605,False
k15_no_stats_no_fusion_20260812,2024-07-23,0.10560891850571083,0.13609677329757103,False
k15_no_stats_no_fusion_20260812,2024-07-24,0.06611973213464692,0.0862924695232263,False
k15_no_stats_no_fusion_20260812,2024-07-25,0.032023999883913294,0.05061129738474267,False
k15_no_stats_no_fusion_20260812,2024-07-26,0.0029425788018354357,0.07132002496168459,False
k15_no_stats_no_fusion_20260812,2024-07-29,0.06403867222168379,0.07103107977239077,False
k15_no_stats_no_fusion_20260812,2024-07-30,-0.08616437755227939,-0.0712266886959093,False
k15_no_stats_no_fusion_20260812,2024-07-31,-0.002803676987926654,0.08166431809453081,False
k15_no_stats_no_fusion_20260812,2024-08-01,0.11182220228059644,0.16544757758212,False
k15_no_stats_no_fusion_20260812,2024-08-02,0.038293661822387796,0.06996640202430879,False
k15_no_stats_no_fusion_20260812,2024-08-05,0.018929166278697656,0.038568968811480545,False
k15_no_stats_no_fusion_20260812,2024-08-06,0.050094609102455306,0.09071398411965909,False
k15_no_stats_no_fusion_20260812,2024-08-07,0.15382260914008342,0.21706605654532662,False
k15_no_stats_no_fusion_20260812,2024-08-08,0.18059654538484912,0.23494128865570674,False
k15_no_stats_no_fusion_20260812,2024-08-09,0.053526543152733606,0.08908901587882598,False
k15_no_stats_no_fusion_20260812,2024-08-12,0.026211739160745654,0.04015663140138028,False
k15_no_stats_no_fusion_20260812,2024-08-13,0.002937158213285267,0.1043191507113132,False
k15_no_stats_no_fusion_20260812,2024-08-14,-0.04348612344337888,-0.019435263108013426,False
k15_no_stats_no_fusion_20260812,2024-08-15,-0.01650202735529107,0.010431556309389066,False
k15_no_stats_no_fusion_20260812,2024-08-16,0.07188377343269367,0.15597970327716987,False
k15_no_stats_no_fusion_20260812,2024-08-19,0.053122757413662715,0.1348951460461127,False
k15_no_stats_no_fusion_20260812,2024-08-20,-0.03345053524862637,-0.02161460636725569,False
k15_no_stats_no_fusion_20260812,2024-08-21,0.10978498112276878,0.19168662829723818,False
k15_no_stats_no_fusion_20260812,2024-08-22,-0.03282240797949266,-0.004893632195709146,False
k15_no_stats_no_fusion_20260812,2024-08-23,0.08220107985302429,0.15623016791245253,False
k15_no_stats_no_fusion_20260812,2024-08-26,0.16935464308040263,0.2279695891363615,False
k15_no_stats_no_fusion_20260812,2024-08-27,0.013420493849257097,0.03553130196213454,False
k15_no_stats_no_fusion_20260812,2024-08-28,-0.04063574926642266,-0.02559926689505826,False
k15_no_stats_no_fusion_20260812,2024-08-29,-0.18434179700803782,-0.1903316051501502,False
k15_no_stats_no_fusion_20260812,2024-08-30,0.05835708268628724,0.17081344929623796,False
k15_no_stats_no_fusion_20260812,2024-09-02,-0.046568849068895135,-0.040862183178761516,False
k15_no_stats_no_fusion_20260812,2024-09-03,-0.2057660563607817,-0.19604856936921003,False
k15_no_stats_no_fusion_20260812,2024-09-04,0.040366386738525474,0.08435196665992648,False
k15_no_stats_no_fusion_20260812,2024-09-05,0.06820645837139093,0.14526877169747468,False
k15_no_stats_no_fusion_20260812,2024-09-06,-0.05286889568120536,-0.0430337619303471,False
k15_no_stats_no_fusion_20260812,2024-09-09,-0.04361684852424911,-0.03953559541258973,False
k15_no_stats_no_fusion_20260812,2024-09-10,-0.17362874429019987,-0.17275971806515394,False
k15_no_stats_no_fusion_20260812,2024-09-11,0.13610720378069455,0.1607313423251232,False
k15_no_stats_no_fusion_20260812,2024-09-12,0.11935278471265597,0.17912120974955784,False
k15_no_stats_no_fusion_20260812,2024-09-13,0.005350046514810848,0.022273823140816915,False
k15_no_stats_no_fusion_20260812,2024-09-18,0.09039317751113468,0.1771337248728866,False
k15_no_stats_no_fusion_20260812,2024-09-19,0.02959904559078838,0.07496790961951864,False
k15_no_stats_no_fusion_20260812,2024-09-20,-0.009805169893671303,0.019376936853009636,False
k15_no_stats_no_fusion_20260812,2024-09-23,0.049649604671818136,0.0638284919984188,True
k15_no_stats_no_fusion_20260812,2024-09-24,0.08256014965938005,0.15768521920699494,False
k15_no_stats_no_fusion_20260812,2024-09-25,0.015047118207013361,0.0447977762053102,True
k15_no_stats_no_fusion_20260812,2024-09-26,-0.17096158794083444,-0.17097230995400106,True
k15_no_stats_no_fusion_20260812,2024-09-27,0.10034694711876734,0.1132589207035197,True
k15_no_stats_no_fusion_20260812,2024-09-30,-0.07940757752053737,-0.06210066728186324,True
k15_no_stats_no_fusion_20260812,2024-10-08,-0.00038409947858796136,0.03973510962915304,True
k15_no_stats_no_fusion_20260812,2024-10-09,0.1534033805212473,0.2880197672413487,True
k15_no_stats_no_fusion_20260812,2024-10-10,0.012981183473570938,0.05770544095800297,True
k15_no_stats_no_fusion_20260812,2024-10-11,-0.07893180045466211,-0.06278995110606143,True
k15_no_stats_no_fusion_20260812,2024-10-14,-0.06326352511823864,-0.016941206651331316,False
k15_no_stats_no_fusion_20260812,2024-10-15,-0.0370418263763678,-0.010871422643635754,True
k15_no_stats_no_fusion_20260812,2024-10-16,0.03499823787284219,0.05971657615280715,False
k15_no_stats_no_fusion_20260812,2024-10-17,-0.17685208118944543,-0.17842401209294698,True
k15_no_stats_no_fusion_20260812,2024-10-18,-0.16792806765127039,-0.17271813423652235,True
k15_no_stats_no_fusion_20260812,2024-10-21,0.036876935703439896,0.16968012521008505,True
k15_no_stats_no_fusion_20260812,2024-10-22,0.13654620265348041,0.1610606359038914,True
k15_no_stats_no_fusion_20260812,2024-10-23,0.053009611056521196,0.09768240937533022,True
k15_no_stats_no_fusion_20260812,2024-10-24,0.04278279669396917,0.07958665008459277,True
k15_no_stats_no_fusion_20260812,2024-10-25,0.002362990403219075,0.05123511555904744,True
k15_no_stats_no_fusion_20260812,2024-10-28,-0.016588726771070636,0.059486588241484395,True
k15_no_stats_no_fusion_20260812,2024-10-29,-0.07295960323874001,-0.03278956170767928,True
k15_no_stats_no_fusion_20260812,2024-10-30,-0.024200303498325904,-0.010808997746517638,True
k15_no_stats_no_fusion_20260812,2024-10-31,0.18731586743078923,0.28959366309174867,True
k15_no_stats_no_fusion_20260812,2024-11-01,-0.052380584161324094,-0.03882845198588979,True
k15_no_stats_no_fusion_20260812,2024-11-04,-0.10922884646566243,-0.10152314928836847,True
k15_no_stats_no_fusion_20260812,2024-11-05,-0.008170831191568502,0.056292230523123446,True
k15_no_stats_no_fusion_20260812,2024-11-06,0.08545596159621621,0.15179783805913205,True
k15_no_stats_no_fusion_20260812,2024-11-07,-0.01124995024701947,0.02120733713200276,True
k15_no_stats_no_fusion_20260812,2024-11-08,-0.1256345304707599,-0.12082691717971802,True
k15_no_stats_no_fusion_20260812,2024-11-11,0.017350834520353225,0.1956629148520639,True
k15_no_stats_no_fusion_20260812,2024-11-12,0.11706013695703242,0.17991026799843235,False
k15_no_stats_no_fusion_20260812,2024-11-13,0.07587432893155034,0.23663403671729275,False
k15_no_stats_no_fusion_20260812,2024-11-14,0.06819196440428309,0.11302469732562027,True
k15_no_stats_no_fusion_20260812,2024-11-15,0.2516304331063922,0.3458535775043729,True
k15_no_stats_no_fusion_20260812,2024-11-18,-0.05109485402930808,-0.0426405323751219,False
k15_no_stats_no_fusion_20260812,2024-11-19,-0.0894011584436071,-0.08108804635980196,True
k15_no_stats_no_fusion_20260812,2024-11-20,0.03924828955013484,0.08723978274383312,False
k15_no_stats_no_fusion_20260812,2024-11-21,-0.05231523392921714,0.01349185056799281,True
k15_no_stats_no_fusion_20260812,2024-11-22,0.1422316382074898,0.1671310397550323,True
k15_no_stats_no_fusion_20260812,2024-11-25,0.126828264213353,0.28775983762682317,False
k15_no_stats_no_fusion_20260812,2024-11-26,-0.23738208433909128,-0.22961684721634773,True
k15_no_stats_no_fusion_20260812,2024-11-27,0.10046053679985757,0.22774379378213827,False
k15_no_stats_no_fusion_20260812,2024-11-28,-0.02506802695629266,-0.003987700777265599,False
k15_no_stats_no_fusion_20260812,2024-11-29,-0.0029578535878764553,0.00554217682241975,False
k15_no_stats_no_fusion_20260812,2024-12-02,0.049621964880397704,0.1331404393817133,False
k15_no_stats_no_fusion_20260812,2024-12-03,0.11049836832945496,0.15051504746272973,False
k15_no_stats_no_fusion_20260812,2024-12-04,-0.07007419504534146,-0.06683997229040496,True
k15_no_stats_no_fusion_20260812,2024-12-05,0.19757669188234067,0.33697263169321934,False
k15_no_stats_no_fusion_20260812,2024-12-06,-0.0430709394079661,-0.024573456471086733,False
k15_no_stats_no_fusion_20260812,2024-12-09,-0.007154126828192702,0.04075109028684653,False
k15_no_stats_no_fusion_20260812,2024-12-10,-0.02436552555538305,0.016427224975505934,False
k15_no_stats_no_fusion_20260812,2024-12-11,0.012081324892766756,0.11953623354434384,False
k15_no_stats_no_fusion_20260812,2024-12-12,-0.039742947767331234,-0.003478770600149018,True
k15_no_stats_no_fusion_20260812,2024-12-13,0.17465086173031585,0.25922082996512363,False
k15_no_stats_no_fusion_20260812,2024-12-16,0.11051549219160704,0.17313167259571852,False
k15_no_stats_no_fusion_20260812,2024-12-17,-0.07960427955307933,-0.06316706606574796,True
k15_no_stats_no_fusion_20260812,2024-12-18,-0.06695803758236031,-0.04405306265578502,False
k15_no_stats_no_fusion_20260812,2024-12-19,-0.24066184672740634,-0.24248137909530396,False
k15_no_stats_no_fusion_20260812,2024-12-20,0.1203412641080597,0.22963432088567673,False
k15_no_stats_no_fusion_20260812,2024-12-23,0.056719132447491626,0.06353255953364476,False
k15_no_stats_no_fusion_20260812,2024-12-24,0.0464204528925537,0.12730036662499483,False
k15_no_stats_no_fusion_20260812,2024-12-25,-0.19629179652518094,-0.1938281502766102,False
k15_no_stats_no_fusion_20260812,2024-12-26,0.15317204719866093,0.32170562688876964,False
k15_no_stats_no_fusion_20260812,2024-12-27,0.07116243743297195,0.10801047918132907,False
k15_no_stats_no_fusion_no_deepsets_20260812,2024-01-02,0.14217064137296523,0.1768130080575278,False
k15_no_stats_no_fusion_no_deepsets_20260812,2024-01-03,0.054420957014493974,0.09403275768942188,False
k15_no_stats_no_fusion_no_deepsets_20260812,2024-01-04,0.1916228399591063,0.29571608668733274,False
k15_no_stats_no_fusion_no_deepsets_20260812,2024-01-05,0.021811557457596536,0.03899953296467053,False
k15_no_stats_no_fusion_no_deepsets_20260812,2024-01-08,0.1367007139852586,0.16859479706893274,False
k15_no_stats_no_fusion_no_deepsets_20260812,2024-01-09,0.031208775438867395,0.03681503867598538,False
k15_no_stats_no_fusion_no_deepsets_20260812,2024-01-10,-0.22022331010094884,-0.1913311554187654,False
k15_no_stats_no_fusion_no_deepsets_20260812,2024-01-11,0.2513385922179065,0.28283483909402224,False
k15_no_stats_no_fusion_no_deepsets_20260812,2024-01-12,0.00447230498916415,0.0375412241518642,False
k15_no_stats_no_fusion_no_deepsets_20260812,2024-01-15,0.0022611088625691476,0.025558792598695063,False
k15_no_stats_no_fusion_no_deepsets_20260812,2024-01-16,0.11661084458562082,0.23409817458768012,False
k15_no_stats_no_fusion_no_deepsets_20260812,2024-01-17,-0.16493309071503012,-0.16112379430209753,False
k15_no_stats_no_fusion_no_deepsets_20260812,2024-01-18,0.1397459665820813,0.23319043811386364,False
k15_no_stats_no_fusion_no_deepsets_20260812,2024-01-19,0.09253539529272414,0.10209633845787183,False
k15_no_stats_no_fusion_no_deepsets_20260812,2024-01-22,-0.004652179532855355,0.011187677127699237,False
k15_no_stats_no_fusion_no_deepsets_20260812,2024-01-23,0.17308981824463826,0.2573015536139524,False
k15_no_stats_no_fusion_no_deepsets_20260812,2024-01-24,0.08839366958977872,0.149013457491656,False
k15_no_stats_no_fusion_no_deepsets_20260812,2024-01-25,0.1651839499678166,0.3139876535410141,False
k15_no_stats_no_fusion_no_deepsets_20260812,2024-01-26,0.2157747869676589,0.24598368482392188,False
k15_no_stats_no_fusion_no_deepsets_20260812,2024-01-29,0.05800997848945193,0.08192371380834364,False
k15_no_stats_no_fusion_no_deepsets_20260812,2024-01-30,0.10743841062043705,0.163781668853615,False
k15_no_stats_no_fusion_no_deepsets_20260812,2024-01-31,-0.09308997722559881,-0.08381559974681527,False
k15_no_stats_no_fusion_no_deepsets_20260812,2024-02-01,-0.034710627096313944,0.0678750072686957,True
k15_no_stats_no_fusion_no_deepsets_20260812,2024-02-02,0.10301542675994003,0.1579853206728763,True
k15_no_stats_no_fusion_no_deepsets_20260812,2024-02-05,0.14378769547076167,0.14706977805191168,True
k15_no_stats_no_fusion_no_deepsets_20260812,2024-02-06,0.01436892685203273,0.030350571911003512,True
k15_no_stats_no_fusion_no_deepsets_20260812,2024-02-07,-0.008100248321241421,-0.009988679659988585,True
k15_no_stats_no_fusion_no_deepsets_20260812,2024-02-08,-0.14266700173913596,-0.11092823185746442,False
k15_no_stats_no_fusion_no_deepsets_20260812,2024-02-19,-0.07086367100415199,-0.042913789117170406,False
k15_no_stats_no_fusion_no_deepsets_20260812,2024-02-20,-0.08778927879567112,-0.07150036841870647,False
k15_no_stats_no_fusion_no_deepsets_20260812,2024-02-21,-0.16450693937105942,-0.15976042573809282,False
k15_no_stats_no_fusion_no_deepsets_20260812,2024-02-22,-0.0341156043802735,-0.028029842031655667,False
k15_no_stats_no_fusion_no_deepsets_20260812,2024-02-23,0.022019191900420915,0.04513500272543043,False
k15_no_stats_no_fusion_no_deepsets_20260812,2024-02-26,-0.19326682676068094,-0.19298781178272975,False
k15_no_stats_no_fusion_no_deepsets_20260812,2024-02-27,0.005171160257104025,0.20184010022652574,True
k15_no_stats_no_fusion_no_deepsets_20260812,2024-02-28,-0.04177660055631889,-0.03070831109918482,True
k15_no_stats_no_fusion_no_deepsets_20260812,2024-02-29,-0.10410226370523981,-0.08317449659158381,False
k15_no_stats_no_fusion_no_deepsets_20260812,2024-03-01,-0.0603178027465178,-0.012895884118718247,False
k15_no_stats_no_fusion_no_deepsets_20260812,2024-03-04,-0.014536695383160573,0.15475727700755643,False
k15_no_stats_no_fusion_no_deepsets_20260812,2024-03-05,0.02988780218042364,0.0892543786500439,False
k15_no_stats_no_fusion_no_deepsets_20260812,2024-03-06,0.054614211342444756,0.1918524709962881,False
k15_no_stats_no_fusion_no_deepsets_20260812,2024-03-07,0.04846182277557232,0.06599935433496969,False
k15_no_stats_no_fusion_no_deepsets_20260812,2024-03-08,-0.03818793175603417,-0.03631470830801834,False
k15_no_stats_no_fusion_no_deepsets_20260812,2024-03-11,-0.015282412891795731,0.0030685379035048344,False
k15_no_stats_no_fusion_no_deepsets_20260812,2024-03-12,0.01171364843774938,0.02176832933686021,False
k15_no_stats_no_fusion_no_deepsets_20260812,2024-03-13,0.0946491616920798,0.22357908120986658,False
k15_no_stats_no_fusion_no_deepsets_20260812,2024-03-14,0.04645480522493846,0.06299370820953044,False
k15_no_stats_no_fusion_no_deepsets_20260812,2024-03-15,-0.04981533090443517,-0.04109745576254582,False
k15_no_stats_no_fusion_no_deepsets_20260812,2024-03-18,0.08363336547607853,0.13132175911652594,False
k15_no_stats_no_fusion_no_deepsets_20260812,2024-03-19,-0.05265769588719374,-0.04344490706206159,False
k15_no_stats_no_fusion_no_deepsets_20260812,2024-03-20,0.035705295022867976,0.13586458685406594,False
k15_no_stats_no_fusion_no_deepsets_20260812,2024-03-21,-0.08031416794833908,-0.052966921700489424,True
k15_no_stats_no_fusion_no_deepsets_20260812,2024-03-22,0.17752635382139811,0.288872203382483,False
k15_no_stats_no_fusion_no_deepsets_20260812,2024-03-25,0.07979535545671528,0.09216034462349515,False
k15_no_stats_no_fusion_no_deepsets_20260812,2024-03-26,0.09183226180847198,0.24370557414040858,False
k15_no_stats_no_fusion_no_deepsets_20260812,2024-03-27,-0.12475559027541025,-0.09534238118120622,False
k15_no_stats_no_fusion_no_deepsets_20260812,2024-03-28,0.06936549728523377,0.11903238116729653,False
k15_no_stats_no_fusion_no_deepsets_20260812,2024-03-29,0.09330642201641538,0.12547699391875025,False
k15_no_stats_no_fusion_no_deepsets_20260812,2024-04-01,0.1623649793809066,0.3155459535416412,True
k15_no_stats_no_fusion_no_deepsets_20260812,2024-04-02,0.11833546006626973,0.18172634836133747,False
k15_no_stats_no_fusion_no_deepsets_20260812,2024-04-03,-0.013581872304900681,0.10595649423142815,False
k15_no_stats_no_fusion_no_deepsets_20260812,2024-04-08,0.14836602554843867,0.18272009259030988,False
k15_no_stats_no_fusion_no_deepsets_20260812,2024-04-09,0.09322666098346634,0.17301136860002098,False
k15_no_stats_no_fusion_no_deepsets_20260812,2024-04-10,-0.023329311254513374,0.04080572787438349,False
k15_no_stats_no_fusion_no_deepsets_20260812,2024-04-11,0.11965747468273484,0.1615747045765526,False
k15_no_stats_no_fusion_no_deepsets_20260812,2024-04-12,-0.021466917509861613,0.008254686910331613,True
k15_no_stats_no_fusion_no_deepsets_20260812,2024-04-15,-0.0235402791220993,0.003037702532252546,True
k15_no_stats_no_fusion_no_deepsets_20260812,2024-04-16,-0.14392556896135383,-0.12339172201274125,True
k15_no_stats_no_fusion_no_deepsets_20260812,2024-04-17,-0.06262002435685936,-0.009075733078131984,False
k15_no_stats_no_fusion_no_deepsets_20260812,2024-04-18,0.058775778517139034,0.11081139226855757,True
k15_no_stats_no_fusion_no_deepsets_20260812,2024-04-19,0.07113700867286882,0.10343967184795527,True
k15_no_stats_no_fusion_no_deepsets_20260812,2024-04-22,-0.04051818029270992,-0.029288772732321097,False
k15_no_stats_no_fusion_no_deepsets_20260812,2024-04-23,-0.017844499694523414,-0.01685823826037516,True
k15_no_stats_no_fusion_no_deepsets_20260812,2024-04-24,0.030365116636066735,0.05720710371583004,False
k15_no_stats_no_fusion_no_deepsets_20260812,2024-04-25,-0.02603281442713064,-0.006874098647569938,True
k15_no_stats_no_fusion_no_deepsets_20260812,2024-04-26,0.09879070101878912,0.1266484823463587,True
k15_no_stats_no_fusion_no_deepsets_20260812,2024-04-29,0.07572241833914778,0.15357292857451088,True
k15_no_stats_no_fusion_no_deepsets_20260812,2024-04-30,-0.051131320614253836,-0.02259616094774474,False
k15_no_stats_no_fusion_no_deepsets_20260812,2024-05-06,0.0636530828575185,0.07736855185801668,False
k15_no_stats_no_fusion_no_deepsets_20260812,2024-05-07,0.01715830389699993,0.07712750733076354,False
k15_no_stats_no_fusion_no_deepsets_20260812,2024-05-08,0.005113864726259558,0.045033523360269646,False
k15_no_stats_no_fusion_no_deepsets_20260812,2024-05-09,0.16390400876517047,0.27752284372860014,False
k15_no_stats_no_fusion_no_deepsets_20260812,2024-05-10,0.027216628775382667,0.049002529844119604,True
k15_no_stats_no_fusion_no_deepsets_20260812,2024-05-13,0.0588814504831409,0.08984228687148908,False
k15_no_stats_no_fusion_no_deepsets_20260812,2024-05-14,0.07281857379421715,0.12752510043278528,False
k15_no_stats_no_fusion_no_deepsets_20260812,2024-05-15,0.05261192385106176,0.07656260170969867,True
k15_no_stats_no_fusion_no_deepsets_20260812,2024-05-16,0.016330832085482968,0.026551161304163247,False
k15_no_stats_no_fusion_no_deepsets_20260812,2024-05-17,-0.05996050956515184,-9.427564142242138e-05,False
k15_no_stats_no_fusion_no_deepsets_20260812,2024-05-20,0.07942193484128475,0.11934711376777267,False
k15_no_stats_no_fusion_no_deepsets_20260812,2024-05-21,0.07320362024602618,0.09549495932557941,False
k15_no_stats_no_fusion_no_deepsets_20260812,2024-05-22,0.047728248901935104,0.11171516095116041,False
k15_no_stats_no_fusion_no_deepsets_20260812,2024-05-23,0.15449664752974437,0.2125553174024114,False
k15_no_stats_no_fusion_no_deepsets_20260812,2024-05-24,0.05502316414905304,0.07547054934775344,False
k15_no_stats_no_fusion_no_deepsets_20260812,2024-05-27,-0.030128641062336422,-0.01690729580120455,False
k15_no_stats_no_fusion_no_deepsets_20260812,2024-05-28,-0.002036664930467513,0.013859301971502947,False
k15_no_stats_no_fusion_no_deepsets_20260812,2024-05-29,0.03898572620392889,0.09142355495180629,False
k15_no_stats_no_fusion_no_deepsets_20260812,2024-05-30,0.04162197686238931,0.04342524568837726,False
k15_no_stats_no_fusion_no_deepsets_20260812,2024-05-31,-0.1530532350563657,-0.12206318565736371,False
k15_no_stats_no_fusion_no_deepsets_20260812,2024-06-03,-0.02299006682130816,0.08081422073560439,False
k15_no_stats_no_fusion_no_deepsets_20260812,2024-06-04,0.005500599738733683,0.015180254200845476,False
k15_no_stats_no_fusion_no_deepsets_20260812,2024-06-05,0.03821887612441137,0.09121416692149419,False
k15_no_stats_no_fusion_no_deepsets_20260812,2024-06-06,0.2151928016415912,0.2784931742157571,False
k15_no_stats_no_fusion_no_deepsets_20260812,2024-06-07,-0.21310932447754088,-0.21064796275299988,False
k15_no_stats_no_fusion_no_deepsets_20260812,2024-06-11,-0.06940159814662794,-0.0546346147239553,False
k15_no_stats_no_fusion_no_deepsets_20260812,2024-06-12,-0.10414280599894345,-0.09263932164939769,True
k15_no_stats_no_fusion_no_deepsets_20260812,2024-06-13,0.003276277119330954,0.06208570273896292,False
k15_no_stats_no_fusion_no_deepsets_20260812,2024-06-14,-0.07553006502572919,-0.06600581318307838,False
k15_no_stats_no_fusion_no_deepsets_20260812,2024-06-17,-0.03930545328541192,-0.0024682996971743345,False
k15_no_stats_no_fusion_no_deepsets_20260812,2024-06-18,0.022832043284292163,0.06960511138692474,False
k15_no_stats_no_fusion_no_deepsets_20260812,2024-06-19,0.13601792481259614,0.14638588477828354,False
k15_no_stats_no_fusion_no_deepsets_20260812,2024-06-20,0.07461511215761187,0.08353492186024832,False
k15_no_stats_no_fusion_no_deepsets_20260812,2024-06-21,0.011773047600963501,0.07526031280054538,False
k15_no_stats_no_fusion_no_deepsets_20260812,2024-06-24,0.23319343430489478,0.26019824263664176,False
k15_no_stats_no_fusion_no_deepsets_20260812,2024-06-25,0.07816240536157117,0.08730947053773011,False
k15_no_stats_no_fusion_no_deepsets_20260812,2024-06-26,0.004374827041379331,0.03849068084614943,False
k15_no_stats_no_fusion_no_deepsets_20260812,2024-06-27,-0.029267335387823598,-0.010469623725507424,False
k15_no_stats_no_fusion_no_deepsets_20260812,2024-06-28,0.09223822189102135,0.16409270495265044,False
k15_no_stats_no_fusion_no_deepsets_20260812,2024-07-01,0.10475528201706094,0.14835680398854162,False
k15_no_stats_no_fusion_no_deepsets_20260812,2024-07-02,0.053603685675397465,0.08243631633364797,False
k15_no_stats_no_fusion_no_deepsets_20260812,2024-07-03,0.111560715250937,0.1586561440344685,False
k15_no_stats_no_fusion_no_deepsets_20260812,2024-07-04,0.0813889672540143,0.10948975560240264,False
k15_no_stats_no_fusion_no_deepsets_20260812,2024-07-05,0.037260772263498436,0.07908744785842503,False
k15_no_stats_no_fusion_no_deepsets_20260812,2024-07-08,-0.12047438115350771,-0.11465051930204063,True
k15_no_stats_no_fusion_no_deepsets_20260812,2024-07-09,-0.18946316339985586,-0.18639704739038107,False
k15_no_stats_no_fusion_no_deepsets_20260812,2024-07-10,0.1073547911104491,0.1307099008457336,False
k15_no_stats_no_fusion_no_deepsets_20260812,2024-07-11,0.0254849851601062,0.053921920225846104,False
k15_no_stats_no_fusion_no_deepsets_20260812,2024-07-12,-0.021815878307324205,0.08130296903422767,False
k15_no_stats_no_fusion_no_deepsets_20260812,2024-07-15,-0.14674914263296346,-0.15433964892792973,False
k15_no_stats_no_fusion_no_deepsets_20260812,2024-07-16,0.12563313889617142,0.2254111243890458,False
k15_no_stats_no_fusion_no_deepsets_20260812,2024-07-17,0.06652300133389843,0.07049033799676906,False
k15_no_stats_no_fusion_no_deepsets_20260812,2024-07-18,-0.07177035121718645,-0.05985061481871396,True
k15_no_stats_no_fusion_no_deepsets_20260812,2024-07-19,-0.11632320284813387,-0.09886421749167841,False
k15_no_stats_no_fusion_no_deepsets_20260812,2024-07-22,0.06431924391236073,0.17604922276244517,False
k15_no_stats_no_fusion_no_deepsets_20260812,2024-07-23,0.10944394605420373,0.14069981348132835,False
k15_no_stats_no_fusion_no_deepsets_20260812,2024-07-24,0.06777254744594183,0.08835717253112023,False
k15_no_stats_no_fusion_no_deepsets_20260812,2024-07-25,0.03283562263939446,0.05139164563409862,False
k15_no_stats_no_fusion_no_deepsets_20260812,2024-07-26,-0.010946014177723033,0.05846053020045565,False
k15_no_stats_no_fusion_no_deepsets_20260812,2024-07-29,0.06045543031485231,0.0675680071616541,False
k15_no_stats_no_fusion_no_deepsets_20260812,2024-07-30,-0.07587807423768017,-0.061373331625161676,False
k15_no_stats_no_fusion_no_deepsets_20260812,2024-07-31,-0.003127321885179975,0.08329190047760875,False
k15_no_stats_no_fusion_no_deepsets_20260812,2024-08-01,0.11732747682151705,0.17131980744185152,False
k15_no_stats_no_fusion_no_deepsets_20260812,2024-08-02,0.026444364849441196,0.058994799988350395,False
k15_no_stats_no_fusion_no_deepsets_20260812,2024-08-05,7.617266029031899e-05,0.02009451335425477,False
k15_no_stats_no_fusion_no_deepsets_20260812,2024-08-06,0.05140749272956311,0.09215703180356888,False
k15_no_stats_no_fusion_no_deepsets_20260812,2024-08-07,0.15750000223340233,0.2206315577929058,False
k15_no_stats_no_fusion_no_deepsets_20260812,2024-08-08,0.18374842617451645,0.2392756133481922,False
k15_no_stats_no_fusion_no_deepsets_20260812,2024-08-09,0.05372282335093147,0.08924662715914745,False
k15_no_stats_no_fusion_no_deepsets_20260812,2024-08-12,0.028202831712324076,0.04206644812090699,False
k15_no_stats_no_fusion_no_deepsets_20260812,2024-08-13,0.00901432278031114,0.11118580012546332,False
k15_no_stats_no_fusion_no_deepsets_20260812,2024-08-14,-0.04307262609925753,-0.01992942618741908,False
k15_no_stats_no_fusion_no_deepsets_20260812,2024-08-15,-0.016756448608516814,0.010419004206766667,False
k15_no_stats_no_fusion_no_deepsets_20260812,2024-08-16,0.06600808576650517,0.1498613661834898,False
k15_no_stats_no_fusion_no_deepsets_20260812,2024-08-19,0.052291031769287656,0.13266035592296266,False
k15_no_stats_no_fusion_no_deepsets_20260812,2024-08-20,-0.025133952432462234,-0.013477505232516033,False
k15_no_stats_no_fusion_no_deepsets_20260812,2024-08-21,0.12207063455358072,0.20510565103053788,False
k15_no_stats_no_fusion_no_deepsets_20260812,2024-08-22,-0.038831848219226375,-0.010775150558329083,False
k15_no_stats_no_fusion_no_deepsets_20260812,2024-08-23,0.0839068289622804,0.15802470841659572,False
k15_no_stats_no_fusion_no_deepsets_20260812,2024-08-26,0.1702938043601899,0.23050840231176067,False
k15_no_stats_no_fusion_no_deepsets_20260812,2024-08-27,0.004429034136136828,0.02662853019478527,False
k15_no_stats_no_fusion_no_deepsets_20260812,2024-08-28,-0.03818302705268727,-0.023179403139976868,False
k15_no_stats_no_fusion_no_deepsets_20260812,2024-08-29,-0.18352563140547445,-0.18946080591527512,False
k15_no_stats_no_fusion_no_deepsets_20260812,2024-08-30,0.06436421924492744,0.1784161533536019,False
k15_no_stats_no_fusion_no_deepsets_20260812,2024-09-02,-0.02836750706865802,-0.02282877184067889,False
k15_no_stats_no_fusion_no_deepsets_20260812,2024-09-03,-0.2031996542218792,-0.19329526165189267,False
k15_no_stats_no_fusion_no_deepsets_20260812,2024-09-04,0.0406635325769188,0.08633630120788706,False
k15_no_stats_no_fusion_no_deepsets_20260812,2024-09-05,0.06437422418389505,0.14289566462660508,False
k15_no_stats_no_fusion_no_deepsets_20260812,2024-09-06,-0.05651109658729393,-0.046737538076618845,False
k15_no_stats_no_fusion_no_deepsets_20260812,2024-09-09,-0.060767963738256985,-0.0566713095134282,False
k15_no_stats_no_fusion_no_deepsets_20260812,2024-09-10,-0.17230335921727608,-0.17126541745867752,False
k15_no_stats_no_fusion_no_deepsets_20260812,2024-09-11,0.13607733949905862,0.16020296824011954,False
k15_no_stats_no_fusion_no_deepsets_20260812,2024-09-12,0.1160555726616949,0.17907024382614925,False
k15_no_stats_no_fusion_no_deepsets_20260812,2024-09-13,0.003054958516123049,0.01981548049379297,False
k15_no_stats_no_fusion_no_deepsets_20260812,2024-09-18,0.0922083304904684,0.181710327819687,False
k15_no_stats_no_fusion_no_deepsets_20260812,2024-09-19,0.02684798807707267,0.07173603599430724,False
k15_no_stats_no_fusion_no_deepsets_20260812,2024-09-20,-0.0224129106002875,0.006424651607101018,False
k15_no_stats_no_fusion_no_deepsets_20260812,2024-09-23,0.06051109683969569,0.07481209241775962,True
k15_no_stats_no_fusion_no_deepsets_20260812,2024-09-24,0.06523022766824672,0.14052417712400495,False
k15_no_stats_no_fusion_no_deepsets_20260812,2024-09-25,0.011219948409089919,0.04157352362225341,True
k15_no_stats_no_fusion_no_deepsets_20260812,2024-09-26,-0.18927659154212853,-0.18905960726981327,True
k15_no_stats_no_fusion_no_deepsets_20260812,2024-09-27,0.05814562691566926,0.0709601271891478,True
k15_no_stats_no_fusion_no_deepsets_20260812,2024-09-30,-0.0983319498763233,-0.08289607593908206,True
k15_no_stats_no_fusion_no_deepsets_20260812,2024-10-08,0.00045640856183895123,0.0387442198103682,True
k15_no_stats_no_fusion_no_deepsets_20260812,2024-10-09,0.1557033889614004,0.2917320175389685,True
k15_no_stats_no_fusion_no_deepsets_20260812,2024-10-10,0.004647805060016512,0.05209774029276767,True
k15_no_stats_no_fusion_no_deepsets_20260812,2024-10-11,-0.09520902376990568,-0.07841280834713964,True
k15_no_stats_no_fusion_no_deepsets_20260812,2024-10-14,-0.06134458032443038,-0.015754839142995053,False
k15_no_stats_no_fusion_no_deepsets_20260812,2024-10-15,-0.03890721026727457,-0.010092615663741015,True
k15_no_stats_no_fusion_no_deepsets_20260812,2024-10-16,0.04157728376454686,0.06675372261485178,False
k15_no_stats_no_fusion_no_deepsets_20260812,2024-10-17,-0.18795662262281376,-0.18971924208757115,True
k15_no_stats_no_fusion_no_deepsets_20260812,2024-10-18,-0.15372181797801454,-0.15860584036142988,True
k15_no_stats_no_fusion_no_deepsets_20260812,2024-10-21,0.045992463838496346,0.17725267560958663,True
k15_no_stats_no_fusion_no_deepsets_20260812,2024-10-22,0.11858872845205025,0.14236495841443003,True
k15_no_stats_no_fusion_no_deepsets_20260812,2024-10-23,0.04969760689512158,0.09225809444960471,True
k15_no_stats_no_fusion_no_deepsets_20260812,2024-10-24,0.04568039416273959,0.08302859535675178,True
k15_no_stats_no_fusion_no_deepsets_20260812,2024-10-25,-0.005896740836877981,0.04265197427060161,True
k15_no_stats_no_fusion_no_deepsets_20260812,2024-10-28,-0.01952520650346741,0.055232618246623406,True
k15_no_stats_no_fusion_no_deepsets_20260812,2024-10-29,-0.06737720952594001,-0.026083281882334188,True
k15_no_stats_no_fusion_no_deepsets_20260812,2024-10-30,-0.03572794337354549,-0.022368137309743095,True
k15_no_stats_no_fusion_no_deepsets_20260812,2024-10-31,0.17162562026672074,0.27651200192358527,True
k15_no_stats_no_fusion_no_deepsets_20260812,2024-11-01,-0.05008983577985655,-0.03651268448453263,True
k15_no_stats_no_fusion_no_deepsets_20260812,2024-11-04,-0.11761395301638956,-0.10961839994599802,True
k15_no_stats_no_fusion_no_deepsets_20260812,2024-11-05,-0.013112455373063533,0.052113034348766935,True
k15_no_stats_no_fusion_no_deepsets_20260812,2024-11-06,0.07977782759883612,0.14801301815675158,True
k15_no_stats_no_fusion_no_deepsets_20260812,2024-11-07,-0.0068371431889158,0.025552633548321952,True
k15_no_stats_no_fusion_no_deepsets_20260812,2024-11-08,-0.13294955414623105,-0.1284414551414171,True
k15_no_stats_no_fusion_no_deepsets_20260812,2024-11-11,0.017365060944564966,0.1947591793775559,True
k15_no_stats_no_fusion_no_deepsets_20260812,2024-11-12,0.11905178004024661,0.18224261885256904,False
k15_no_stats_no_fusion_no_deepsets_20260812,2024-11-13,0.07080707990578934,0.2314420507347594,False
k15_no_stats_no_fusion_no_deepsets_20260812,2024-11-14,0.08530560585031081,0.1315240010544389,True
k15_no_stats_no_fusion_no_deepsets_20260812,2024-11-15,0.2580694173417571,0.35124473069724377,True
k15_no_stats_no_fusion_no_deepsets_20260812,2024-11-18,-0.051500456582963546,-0.04292997391045785,False
k15_no_stats_no_fusion_no_deepsets_20260812,2024-11-19,-0.10253277791147465,-0.09438481022354094,True
k15_no_stats_no_fusion_no_deepsets_20260812,2024-11-20,0.03556949802693147,0.08305803234825516,False
k15_no_stats_no_fusion_no_deepsets_20260812,2024-11-21,-0.054761997212048254,0.01168512539915305,True
k15_no_stats_no_fusion_no_deepsets_20260812,2024-11-22,0.1506226954561255,0.17666669962676243,True
k15_no_stats_no_fusion_no_deepsets_20260812,2024-11-25,0.1279275696788036,0.29007120003089665,False
k15_no_stats_no_fusion_no_deepsets_20260812,2024-11-26,-0.24287917336917636,-0.23525507346172075,True
k15_no_stats_no_fusion_no_deepsets_20260812,2024-11-27,0.10728369105798434,0.23941370271233248,False
k15_no_stats_no_fusion_no_deepsets_20260812,2024-11-28,-0.038168644710901034,-0.017205842812887645,False
k15_no_stats_no_fusion_no_deepsets_20260812,2024-11-29,0.0005675467667557122,0.009036786371360975,False
k15_no_stats_no_fusion_no_deepsets_20260812,2024-12-02,0.05101028649044185,0.13418354809143235,False
k15_no_stats_no_fusion_no_deepsets_20260812,2024-12-03,0.10824877680242032,0.14885385322561284,False
k15_no_stats_no_fusion_no_deepsets_20260812,2024-12-04,-0.077412312532065,-0.07406161127875126,True
k15_no_stats_no_fusion_no_deepsets_20260812,2024-12-05,0.19056650059685482,0.3319558655013192,False
k15_no_stats_no_fusion_no_deepsets_20260812,2024-12-06,-0.042405549671550295,-0.023472127922095496,False
k15_no_stats_no_fusion_no_deepsets_20260812,2024-12-09,-0.0017658927724519397,0.04546607938175201,False
k15_no_stats_no_fusion_no_deepsets_20260812,2024-12-10,-0.025935843716597993,0.01393478715702828,False
k15_no_stats_no_fusion_no_deepsets_20260812,2024-12-11,-0.0009700965648629204,0.10403167931801066,False
k15_no_stats_no_fusion_no_deepsets_20260812,2024-12-12,-0.030430558250634742,0.004553743821554282,True
k15_no_stats_no_fusion_no_deepsets_20260812,2024-12-13,0.1664218615846876,0.2516039883663663,False
k15_no_stats_no_fusion_no_deepsets_20260812,2024-12-16,0.11495760093747755,0.17672252851602313,False
k15_no_stats_no_fusion_no_deepsets_20260812,2024-12-17,-0.07396782098916384,-0.05817063160727711,True
k15_no_stats_no_fusion_no_deepsets_20260812,2024-12-18,-0.08054015039791793,-0.05760579492943136,False
k15_no_stats_no_fusion_no_deepsets_20260812,2024-12-19,-0.24175980364342514,-0.24342099744553106,False
k15_no_stats_no_fusion_no_deepsets_20260812,2024-12-20,0.1264931911893376,0.2371385474868092,False
k15_no_stats_no_fusion_no_deepsets_20260812,2024-12-23,0.05924450064660922,0.06621489706614947,False
k15_no_stats_no_fusion_no_deepsets_20260812,2024-12-24,0.04897779009202221,0.12983702092372154,False
k15_no_stats_no_fusion_no_deepsets_20260812,2024-12-25,-0.19710189944578582,-0.1942555889706741,False
k15_no_stats_no_fusion_no_deepsets_20260812,2024-12-26,0.15336244614031547,0.32299544804944197,False
k15_no_stats_no_fusion_no_deepsets_20260812,2024-12-27,0.07480059738242854,0.11126693929867715,False
k15_minimal_20260812,2024-01-02,0.15557324397056146,0.18932837663809415,False
k15_minimal_20260812,2024-01-03,0.06602701059050281,0.10562606353248052,False
k15_minimal_20260812,2024-01-04,0.19832538596098967,0.30441139703310743,False
k15_minimal_20260812,2024-01-05,0.023644242163497108,0.042469209111216676,False
k15_minimal_20260812,2024-01-08,0.1294824588223192,0.1605423941461695,False
k15_minimal_20260812,2024-01-09,0.0004248952885888063,0.0056251532252130695,False
k15_minimal_20260812,2024-01-10,-0.21268121368524293,-0.18160844085688715,False
k15_minimal_20260812,2024-01-11,0.2532184151517503,0.2858258684538346,False
k15_minimal_20260812,2024-01-12,0.0027085276686310664,0.03631407510415699,False
k15_minimal_20260812,2024-01-15,0.005968769594380311,0.028902128877424615,False
k15_minimal_20260812,2024-01-16,0.10673815358370606,0.2248085026363799,False
k15_minimal_20260812,2024-01-17,-0.166510425604635,-0.160791664480741,False
k15_minimal_20260812,2024-01-18,0.13719221140105858,0.23084411239698582,False
k15_minimal_20260812,2024-01-19,0.09939347310101636,0.10905955407416942,False
k15_minimal_20260812,2024-01-22,0.0004998409776065174,0.017151318449081465,False
k15_minimal_20260812,2024-01-23,0.18237078836518084,0.26626805334895837,False
k15_minimal_20260812,2024-01-24,0.09896238934063228,0.15945000373445595,False
k15_minimal_20260812,2024-01-25,0.17636027188565492,0.33099893253530577,False
k15_minimal_20260812,2024-01-26,0.22038666794145267,0.2503225088851375,False
k15_minimal_20260812,2024-01-29,0.04508654629218497,0.06963067653403303,False
k15_minimal_20260812,2024-01-30,0.09151365077461103,0.14724834494690667,False
k15_minimal_20260812,2024-01-31,-0.08595987054868863,-0.07723475335025266,False
k15_minimal_20260812,2024-02-01,-0.04194733261083635,0.05631105222814973,True
k15_minimal_20260812,2024-02-02,0.08029396778529238,0.13290250995368652,True
k15_minimal_20260812,2024-02-05,0.12155139497009712,0.12537588724130524,True
k15_minimal_20260812,2024-02-06,0.013308314255256111,0.03023144810296243,True
k15_minimal_20260812,2024-02-07,-0.014538055722047744,-0.016632354291808683,True
k15_minimal_20260812,2024-02-08,-0.14175161036714423,-0.11025810250510042,False
k15_minimal_20260812,2024-02-19,-0.06868335551153126,-0.03980389219387859,False
k15_minimal_20260812,2024-02-20,-0.08969053937598243,-0.07224470666415833,False
k15_minimal_20260812,2024-02-21,-0.1587389831328984,-0.15399600562161037,False
k15_minimal_20260812,2024-02-22,-0.025799933221086077,-0.019201792688599097,False
k15_minimal_20260812,2024-02-23,0.013491895194169016,0.03756809994291206,False
k15_minimal_20260812,2024-02-26,-0.22186234578556266,-0.22151226970093565,False
k15_minimal_20260812,2024-02-27,0.0057581537965406,0.2133881709275968,True
k15_minimal_20260812,2024-02-28,-0.06125510120208633,-0.049049788774761995,True
k15_minimal_20260812,2024-02-29,-0.0933432776292836,-0.07207828451558396,False
k15_minimal_20260812,2024-03-01,-0.07765651234716085,-0.031753233662517415,False
k15_minimal_20260812,2024-03-04,-0.015497995117013708,0.15846041156260365,False
k15_minimal_20260812,2024-03-05,0.035745998166236644,0.09830452164382528,False
k15_minimal_20260812,2024-03-06,0.07565923366137485,0.2138849456505141,False
k15_minimal_20260812,2024-03-07,0.06805362382215718,0.08630167292426141,False
k15_minimal_20260812,2024-03-08,-0.04301236502927155,-0.04045980278887315,False
k15_minimal_20260812,2024-03-11,-0.0004345750594092622,0.019786116777578133,False
k15_minimal_20260812,2024-03-12,0.0037719397421963102,0.014156401934996026,False
k15_minimal_20260812,2024-03-13,0.09476242187254189,0.22719126723834107,False
k15_minimal_20260812,2024-03-14,0.04447908011399465,0.06175131628326409,False
k15_minimal_20260812,2024-03-15,-0.04663949134330898,-0.0371456799508643,False
k15_minimal_20260812,2024-03-18,0.0864611751093277,0.13532842299582734,False
k15_minimal_20260812,2024-03-19,-0.03993899476428608,-0.03136386665915151,False
k15_minimal_20260812,2024-03-20,0.04412673186753597,0.14406186793611084,False
k15_minimal_20260812,2024-03-21,-0.0889447116482407,-0.06158324422819883,True
k15_minimal_20260812,2024-03-22,0.19891609436014734,0.31157727792456963,False
k15_minimal_20260812,2024-03-25,0.07858637310208874,0.0910208891795386,False
k15_minimal_20260812,2024-03-26,0.08913672013972383,0.2427500142906068,False
k15_minimal_20260812,2024-03-27,-0.12518180785858277,-0.09113637168731346,False
k15_minimal_20260812,2024-03-28,0.057717072615813374,0.10747007827455096,False
k15_minimal_20260812,2024-03-29,0.09662687096491517,0.12929968855212073,False
k15_minimal_20260812,2024-04-01,0.16308962243704495,0.31701599276408016,True
k15_minimal_20260812,2024-04-02,0.11524876940863903,0.17925936122836994,False
k15_minimal_20260812,2024-04-03,-0.004772983708369556,0.12073340808628438,False
k15_minimal_20260812,2024-04-08,0.1396882170641319,0.17441540769193542,False
k15_minimal_20260812,2024-04-09,0.08291922471052449,0.16532378714296797,False
k15_minimal_20260812,2024-04-10,-0.005666622313574146,0.058235858293633466,False
k15_minimal_20260812,2024-04-11,0.11516804305255078,0.15778053342935813,False
k15_minimal_20260812,2024-04-12,-0.03601852951965744,-0.005547426491648106,True
k15_minimal_20260812,2024-04-15,-0.03427402705415757,-0.007233528463371434,True
k15_minimal_20260812,2024-04-16,-0.13715230294360203,-0.1150128431442932,True
k15_minimal_20260812,2024-04-17,-0.07443277208276221,-0.017810842550783117,False
k15_minimal_20260812,2024-04-18,0.07134278413766013,0.12284747483272274,True
k15_minimal_20260812,2024-04-19,0.058061951337733925,0.09157602911513463,True
k15_minimal_20260812,2024-04-22,-0.04848048038715368,-0.03684164294663296,False
k15_minimal_20260812,2024-04-23,-0.008482274755809196,-0.007904985997673067,True
k15_minimal_20260812,2024-04-24,0.01755590508156467,0.04380570698802963,False
k15_minimal_20260812,2024-04-25,-0.020689539382332894,-0.001410757828535008,True
k15_minimal_20260812,2024-04-26,0.10011607276418055,0.12856313083519,True
k15_minimal_20260812,2024-04-29,0.061407237064723716,0.14165259178279044,True
k15_minimal_20260812,2024-04-30,-0.04878498225937669,-0.0204695128033682,False
k15_minimal_20260812,2024-05-06,0.06523381141006526,0.07888475753677676,False
k15_minimal_20260812,2024-05-07,0.012177681768034925,0.07118539772023844,False
k15_minimal_20260812,2024-05-08,0.018068985774820367,0.058210399864928916,False
k15_minimal_20260812,2024-05-09,0.15355731448003287,0.26437611643037967,False
k15_minimal_20260812,2024-05-10,0.02002971634190459,0.04178001006228896,True
k15_minimal_20260812,2024-05-13,0.05373742571753107,0.08563615416538013,False
k15_minimal_20260812,2024-05-14,0.06117915586125993,0.11629545215362246,False
k15_minimal_20260812,2024-05-15,0.05242223992191327,0.0764599393176914,True
k15_minimal_20260812,2024-05-16,0.013557429464563226,0.023574649111398498,False
k15_minimal_20260812,2024-05-17,-0.04973266243189722,0.012822545417637343,False
k15_minimal_20260812,2024-05-20,0.07189764128821637,0.11140908649268792,False
k15_minimal_20260812,2024-05-21,0.07990795772812759,0.1023415416190072,False
k15_minimal_20260812,2024-05-22,0.03736567445172849,0.10109393827502283,False
k15_minimal_20260812,2024-05-23,0.15607164341898894,0.21359444908281103,False
k15_minimal_20260812,2024-05-24,0.05643504915423558,0.07663438985892534,False
k15_minimal_20260812,2024-05-27,-0.034392271041944894,-0.020781212075499857,False
k15_minimal_20260812,2024-05-28,0.007126357183456456,0.023387844406454226,False
k15_minimal_20260812,2024-05-29,0.03045324347801478,0.08292288829133775,False
k15_minimal_20260812,2024-05-30,0.046501391007954994,0.04806328562398695,False
k15_minimal_20260812,2024-05-31,-0.1508665133958685,-0.12110142492221024,False
k15_minimal_20260812,2024-06-03,-0.023765860353666315,0.07806182244026709,False
k15_minimal_20260812,2024-06-04,-0.009966132793393227,-0.00022647052902773914,False
k15_minimal_20260812,2024-06-05,0.024429129846252087,0.0791484479274602,False
k15_minimal_20260812,2024-06-06,0.20955490119267728,0.2717115417206242,False
k15_minimal_20260812,2024-06-07,-0.22824511900475,-0.22594744608404665,False
k15_minimal_20260812,2024-06-11,-0.06332327534841058,-0.048359914430293006,False
k15_minimal_20260812,2024-06-12,-0.11050427309694322,-0.09915660212642645,True
k15_minimal_20260812,2024-06-13,0.01303313449566723,0.07253228830976936,False
k15_minimal_20260812,2024-06-14,-0.08027005357201732,-0.07082092227542178,False
k15_minimal_20260812,2024-06-17,-0.033754150791496226,0.0026973264890594074,False
k15_minimal_20260812,2024-06-18,0.03575955459470128,0.08427959606915625,False
k15_minimal_20260812,2024-06-19,0.09128601736047806,0.10164048955634472,False
k15_minimal_20260812,2024-06-20,0.06580588612992325,0.07553200833346795,False
k15_minimal_20260812,2024-06-21,0.009765939589796852,0.073722205202365,False
k15_minimal_20260812,2024-06-24,0.22932531937308262,0.2563327991122161,False
k15_minimal_20260812,2024-06-25,0.07802352300068144,0.08759317192291757,False
k15_minimal_20260812,2024-06-26,0.020697469812057643,0.0547145992123437,False
k15_minimal_20260812,2024-06-27,-0.031196544306473274,-0.012289759863036778,False
k15_minimal_20260812,2024-06-28,0.0966573796777756,0.1674308423853396,False
k15_minimal_20260812,2024-07-01,0.14966512097552623,0.19327943266793204,False
k15_minimal_20260812,2024-07-02,0.07032216006729079,0.09855690387134303,False
k15_minimal_20260812,2024-07-03,0.09984585889388396,0.149063329853735,False
k15_minimal_20260812,2024-07-04,0.07140211371895087,0.10078883914495983,False
k15_minimal_20260812,2024-07-05,0.02497263609314766,0.06834725468968464,False
k15_minimal_20260812,2024-07-08,-0.11192276641041408,-0.1045806952423395,True
k15_minimal_20260812,2024-07-09,-0.1802990413730609,-0.17712883067519786,False
k15_minimal_20260812,2024-07-10,0.10533188999731496,0.12843574428490204,False
k15_minimal_20260812,2024-07-11,0.020530571893295425,0.04842033594567354,False
k15_minimal_20260812,2024-07-12,-0.02388113871101193,0.07798789261569501,False
k15_minimal_20260812,2024-07-15,-0.1276590944327453,-0.1341961161584384,False
k15_minimal_20260812,2024-07-16,0.1419958147785743,0.24304591705043327,False
k15_minimal_20260812,2024-07-17,0.051652538711051355,0.05501410907957215,False
k15_minimal_20260812,2024-07-18,-0.06502220663888862,-0.05231960835326959,True
k15_minimal_20260812,2024-07-19,-0.10798404980183114,-0.08995213827093412,False
k15_minimal_20260812,2024-07-22,0.07542284159351453,0.18800656676931288,False
k15_minimal_20260812,2024-07-23,0.10594959777446859,0.14011167503766606,False
k15_minimal_20260812,2024-07-24,0.08017634809158664,0.1006533498769335,False
k15_minimal_20260812,2024-07-25,0.0379473555793016,0.05728694274672262,False
k15_minimal_20260812,2024-07-26,0.007624724846071615,0.07830427011816472,False
k15_minimal_20260812,2024-07-29,0.07902775263295998,0.08594338590605063,False
k15_minimal_20260812,2024-07-30,-0.09373473702163497,-0.07898883725410982,False
k15_minimal_20260812,2024-07-31,0.0069862749725418324,0.09182263216388839,False
k15_minimal_20260812,2024-08-01,0.10864942350222076,0.16425587261067054,False
k15_minimal_20260812,2024-08-02,0.023684101580118484,0.056475736801075684,False
k15_minimal_20260812,2024-08-05,0.0055129375028731145,0.024937699441066673,False
k15_minimal_20260812,2024-08-06,0.04312735018863297,0.08561514549581276,False
k15_minimal_20260812,2024-08-07,0.15747784032758588,0.22266938253770824,False
k15_minimal_20260812,2024-08-08,0.17948976071747158,0.2371022580084998,False
k15_minimal_20260812,2024-08-09,0.04142168440402583,0.07782750886771243,False
k15_minimal_20260812,2024-08-12,0.02988703071049616,0.04482908647210156,False
k15_minimal_20260812,2024-08-13,0.0015002282223779485,0.10754599523280296,False
k15_minimal_20260812,2024-08-14,-0.021134852739246673,0.003531227830924433,False
k15_minimal_20260812,2024-08-15,-0.027667348072854616,7.684743356157147e-05,False
k15_minimal_20260812,2024-08-16,0.07167647450652681,0.15782696919571687,False
k15_minimal_20260812,2024-08-19,0.05380162651861047,0.13483078033083373,False
k15_minimal_20260812,2024-08-20,-0.03035222374720636,-0.019132298625604168,False
k15_minimal_20260812,2024-08-21,0.11057660864850162,0.19577815082790087,False
k15_minimal_20260812,2024-08-22,-0.038345782148817675,-0.010030290272776098,False
k15_minimal_20260812,2024-08-23,0.08683070350557724,0.16374996290252472,False
k15_minimal_20260812,2024-08-26,0.1582405721257917,0.22143542896808113,False
k15_minimal_20260812,2024-08-27,0.00845012975372663,0.03036772726025893,False
k15_minimal_20260812,2024-08-28,-0.036504416897118926,-0.02142360194120341,False
k15_minimal_20260812,2024-08-29,-0.1796275876648758,-0.1854331687466953,False
k15_minimal_20260812,2024-08-30,0.062408241461138526,0.1718477932310716,False
k15_minimal_20260812,2024-09-02,-0.043849794999132795,-0.03795686689031909,False
k15_minimal_20260812,2024-09-03,-0.21646698710017637,-0.20661208126562247,False
k15_minimal_20260812,2024-09-04,0.04233110103274533,0.0866826563308221,False
k15_minimal_20260812,2024-09-05,0.06960830904390744,0.14952612283045258,False
k15_minimal_20260812,2024-09-06,-0.043949855802661565,-0.03382671646531192,False
k15_minimal_20260812,2024-09-09,-0.05936662909611511,-0.05525147588320976,False
k15_minimal_20260812,2024-09-10,-0.19029672619730661,-0.18934102906149694,False
k15_minimal_20260812,2024-09-11,0.12410238934842344,0.1495174835684932,False
k15_minimal_20260812,2024-09-12,0.11536261270971548,0.1810203249386365,False
k15_minimal_20260812,2024-09-13,-0.00806020048483651,0.009958508169322915,False
k15_minimal_20260812,2024-09-18,0.10655844077222609,0.1961720288273981,False
k15_minimal_20260812,2024-09-19,0.04624917064505774,0.09374434311425245,False
k15_minimal_20260812,2024-09-20,-0.008007494157252033,0.020753641066008785,False
k15_minimal_20260812,2024-09-23,0.06672976776290503,0.08137600009841137,True
k15_minimal_20260812,2024-09-24,0.08116740838768,0.1578512146305614,False
k15_minimal_20260812,2024-09-25,0.014381072849468417,0.044222686563772436,True
k15_minimal_20260812,2024-09-26,-0.16902282981451017,-0.16924297610862563,True
k15_minimal_20260812,2024-09-27,0.10703200934327037,0.12020631797174391,True
k15_minimal_20260812,2024-09-30,-0.09248889942730741,-0.07453186955893146,True
k15_minimal_20260812,2024-10-08,-0.017441637261356214,0.02265378368292416,True
k15_minimal_20260812,2024-10-09,0.17179822211682746,0.31511719652053766,True
k15_minimal_20260812,2024-10-10,0.0065468923179033784,0.052187740404450664,True
k15_minimal_20260812,2024-10-11,-0.09258230929957549,-0.07500420668127229,True
k15_minimal_20260812,2024-10-14,-0.053635981910386904,-0.007257922001417037,False
k15_minimal_20260812,2024-10-15,-0.04865913056958218,-0.019785199446037578,True
k15_minimal_20260812,2024-10-16,0.03469116064173392,0.0596049725011768,False
k15_minimal_20260812,2024-10-17,-0.19927592353459367,-0.2009309107502298,True
k15_minimal_20260812,2024-10-18,-0.16130276300766813,-0.16577388828501197,True
k15_minimal_20260812,2024-10-21,0.04165171008343926,0.1727889657895119,True
k15_minimal_20260812,2024-10-22,0.14140594090418332,0.16561628047521793,True
k15_minimal_20260812,2024-10-23,0.05858719500852715,0.10328507480521806,True
k15_minimal_20260812,2024-10-24,0.03626033527243773,0.07390437207038737,True
k15_minimal_20260812,2024-10-25,-0.002618474054461816,0.0472176644321353,True
k15_minimal_20260812,2024-10-28,-0.012182886560441614,0.0625639147407163,True
k15_minimal_20260812,2024-10-29,-0.06893157225141508,-0.026953272864147598,True
k15_minimal_20260812,2024-10-30,-0.033592296013098225,-0.020266118762548514,True
k15_minimal_20260812,2024-10-31,0.18429378382596048,0.29165455923835604,True
k15_minimal_20260812,2024-11-01,-0.05739284344651133,-0.044162130411019435,True
k15_minimal_20260812,2024-11-04,-0.10645285257300917,-0.09862911269270788,True
k15_minimal_20260812,2024-11-05,-0.002364971217414401,0.06425401546551913,True
k15_minimal_20260812,2024-11-06,0.08697404311580377,0.15635198928868788,True
k15_minimal_20260812,2024-11-07,-0.008013191334742778,0.024674613514676758,True
k15_minimal_20260812,2024-11-08,-0.1320494789982116,-0.12761394320019961,True
k15_minimal_20260812,2024-11-11,0.019602971311561093,0.20185861636079305,True
k15_minimal_20260812,2024-11-12,0.12251311932190194,0.18700955570249633,False
k15_minimal_20260812,2024-11-13,0.07023530769970475,0.23445258653699905,False
k15_minimal_20260812,2024-11-14,0.07077274337515335,0.11930379383619175,True
k15_minimal_20260812,2024-11-15,0.2637795275354187,0.363019812903178,True
k15_minimal_20260812,2024-11-18,-0.04886196331657503,-0.040391138811448776,False
k15_minimal_20260812,2024-11-19,-0.09533615335468794,-0.08711383357834959,True
k15_minimal_20260812,2024-11-20,0.03954723661473588,0.08919647092427561,False
k15_minimal_20260812,2024-11-21,-0.04989989628894238,0.018253856479981533,True
k15_minimal_20260812,2024-11-22,0.14460875217571267,0.17138956072932693,True
k15_minimal_20260812,2024-11-25,0.11915772821323498,0.2845181902542418,False
k15_minimal_20260812,2024-11-26,-0.24326746937139093,-0.23587175916768627,True
k15_minimal_20260812,2024-11-27,0.10759522424184835,0.23795993956439496,False
k15_minimal_20260812,2024-11-28,-0.023302157955233084,-0.002232093450816793,False
k15_minimal_20260812,2024-11-29,-0.0023829515696617187,0.006203070403855377,False
k15_minimal_20260812,2024-12-02,0.049523840508138045,0.135196665245256,False
k15_minimal_20260812,2024-12-03,0.11650599218843435,0.15754234451445062,False
k15_minimal_20260812,2024-12-04,-0.06010036491516931,-0.05697334342263372,True
k15_minimal_20260812,2024-12-05,0.1973414051051787,0.33861531203977596,False
k15_minimal_20260812,2024-12-06,-0.04592655679360038,-0.027393505418710776,False
k15_minimal_20260812,2024-12-09,-0.005401845420819909,0.04242720199305202,False
k15_minimal_20260812,2024-12-10,-0.024381170719532535,0.01703113390687608,False
k15_minimal_20260812,2024-12-11,0.018048968221419097,0.12564622658894156,False
k15_minimal_20260812,2024-12-12,-0.03838200461938485,-0.0030580132012974033,True
k15_minimal_20260812,2024-12-13,0.16546767060566706,0.25258608473063665,False
k15_minimal_20260812,2024-12-16,0.10617120850777989,0.170150590946509,False
k15_minimal_20260812,2024-12-17,-0.09453533595315312,-0.07725029778690762,True
k15_minimal_20260812,2024-12-18,-0.06959516395267218,-0.04666146827049339,False
k15_minimal_20260812,2024-12-19,-0.25152192053675965,-0.2533304293108768,False
k15_minimal_20260812,2024-12-20,0.12257217874148413,0.23293966761659307,False
k15_minimal_20260812,2024-12-23,0.0436502906962336,0.05021500259519467,False
k15_minimal_20260812,2024-12-24,0.04288603348703367,0.12621661722501232,False
k15_minimal_20260812,2024-12-25,-0.20337989621836775,-0.20091829736530994,False
k15_minimal_20260812,2024-12-26,0.15737446594494808,0.32815309187281505,False
k15_minimal_20260812,2024-12-27,0.07389737268630585,0.11174023913130397,False
k15_baseline_20260823,2024-01-02,0.12466730982257686,0.15822974830079656,False
k15_baseline_20260823,2024-01-03,0.0704814657158857,0.11312147614856474,False
k15_baseline_20260823,2024-01-04,0.19995653185271872,0.30741899602740724,False
k15_baseline_20260823,2024-01-05,0.017692053867447936,0.03563644629214768,False
k15_baseline_20260823,2024-01-08,0.13846366422007175,0.1702080140638348,False
k15_baseline_20260823,2024-01-09,0.07045750412402664,0.0763938039830348,False
k15_baseline_20260823,2024-01-10,-0.2004395453071659,-0.1709827012309146,False
k15_baseline_20260823,2024-01-11,0.24935823126555204,0.2792093417895412,False
k15_baseline_20260823,2024-01-12,-0.02331427625116967,0.010411060574467371,False
k15_baseline_20260823,2024-01-15,0.03477000722559593,0.060602159636659936,False
k15_baseline_20260823,2024-01-16,0.14669396905011728,0.26590185505862124,False
k15_baseline_20260823,2024-01-17,-0.14507413996998908,-0.1404201421256578,False
k15_baseline_20260823,2024-01-18,0.1443883474756835,0.24406887573773858,False
k15_baseline_20260823,2024-01-19,0.06787113752922093,0.07959443243392143,False
k15_baseline_20260823,2024-01-22,-0.019080470351500282,0.003045738613730468,False
k15_baseline_20260823,2024-01-23,0.14992772809762925,0.23523151210471366,False
k15_baseline_20260823,2024-01-24,0.11818772238074657,0.17942147147494786,False
k15_baseline_20260823,2024-01-25,0.16454134385274757,0.3183632776596973,False
k15_baseline_20260823,2024-01-26,0.2261502871334277,0.25468407765141277,False
k15_baseline_20260823,2024-01-29,0.0703879060745835,0.09126942554303602,False
k15_baseline_20260823,2024-01-30,0.11010332979495388,0.16077263996907534,False
k15_baseline_20260823,2024-01-31,-0.1252575429828602,-0.1173242100011602,False
k15_baseline_20260823,2024-02-01,-0.022954926720895528,0.08501022372422673,True
k15_baseline_20260823,2024-02-02,0.10185238096616105,0.1535170126259727,True
k15_baseline_20260823,2024-02-05,0.09661024950520905,0.09899046553618376,True
k15_baseline_20260823,2024-02-06,0.045030794187530046,0.06358073199573762,True
k15_baseline_20260823,2024-02-07,0.061416279291336515,0.05867799513188251,True
k15_baseline_20260823,2024-02-08,-0.13337410759283666,-0.10068215540550671,False
k15_baseline_20260823,2024-02-19,-0.05331893207198218,-0.024452653583730683,False
k15_baseline_20260823,2024-02-20,-0.12469021580082487,-0.10791034044119661,False
k15_baseline_20260823,2024-02-21,-0.16046215943907366,-0.15520244369417843,False
k15_baseline_20260823,2024-02-22,-0.0262901096698239,-0.01854442890341453,False
k15_baseline_20260823,2024-02-23,-0.02933063452942109,-0.0058327960324091755,False
k15_baseline_20260823,2024-02-26,-0.22398980783297104,-0.22259913844674928,False
k15_baseline_20260823,2024-02-27,0.03515491054510341,0.2552908100050459,True
k15_baseline_20260823,2024-02-28,-0.04671183787230522,-0.03375478024822775,True
k15_baseline_20260823,2024-02-29,-0.08423771380515305,-0.06443365164792067,False
k15_baseline_20260823,2024-03-01,-0.07537519602288915,-0.025125087340992246,False
k15_baseline_20260823,2024-03-04,-0.023862441544799082,0.1482588906634555,False
k15_baseline_20260823,2024-03-05,0.031273480920531053,0.09461272056013205,False
k15_baseline_20260823,2024-03-06,0.08053226618971972,0.21911407213591094,False
k15_baseline_20260823,2024-03-07,0.07590939461101627,0.0905786999920592,False
k15_baseline_20260823,2024-03-08,-0.048598658586655526,-0.0459776466425899,False
k15_baseline_20260823,2024-03-11,-0.07556866197260566,-0.05683210678804341,False
k15_baseline_20260823,2024-03-12,0.04354346782551751,0.05319387900600759,False
k15_baseline_20260823,2024-03-13,0.06447200298269178,0.19985321320372,False
k15_baseline_20260823,2024-03-14,0.07251555134266337,0.08846153332306007,False
k15_baseline_20260823,2024-03-15,-0.05425209008715392,-0.04441939693193974,False
k15_baseline_20260823,2024-03-18,0.05933016212921284,0.10703479448525005,False
k15_baseline_20260823,2024-03-19,-0.029549107658044523,-0.017832951936107778,False
k15_baseline_20260823,2024-03-20,0.045279875768607376,0.14686896502747665,False
k15_baseline_20260823,2024-03-21,-0.05701689570080912,-0.031140705714559395,True
k15_baseline_20260823,2024-03-22,0.142293087107679,0.25359340349789494,False
k15_baseline_20260823,2024-03-25,0.03292648962022078,0.043954126457941604,False
k15_baseline_20260823,2024-03-26,0.09411531538498764,0.2407280887786148,False
k15_baseline_20260823,2024-03-27,-0.14194619078844095,-0.11183874592889631,False
k15_baseline_20260823,2024-03-28,0.05844116618128403,0.11125136430817324,False
k15_baseline_20260823,2024-03-29,0.10699397528948755,0.14029049857948706,False
k15_baseline_20260823,2024-04-01,0.18490709624726992,0.34528778202592936,True
k15_baseline_20260823,2024-04-02,0.13013914094132503,0.2053128330363021,False
k15_baseline_20260823,2024-04-03,-0.026969433192980813,0.08682914752272168,False
k15_baseline_20260823,2024-04-08,0.14600943876298758,0.17914676316377168,False
k15_baseline_20260823,2024-04-09,0.10688302968157651,0.18967826510052244,False
k15_baseline_20260823,2024-04-10,-0.019890705154311603,0.0441304732257167,False
k15_baseline_20260823,2024-04-11,0.11170848822641644,0.1545550875859197,False
k15_baseline_20260823,2024-04-12,0.010276339390070697,0.03813153779979008,True
k15_baseline_20260823,2024-04-15,-0.009778519210780056,0.01570955122360467,True
k15_baseline_20260823,2024-04-16,-0.11585659599796748,-0.09290222629798127,True
k15_baseline_20260823,2024-04-17,-0.07567312096976905,-0.023247110872537998,False
k15_baseline_20260823,2024-04-18,0.03855637551871707,0.09073573235482998,True
k15_baseline_20260823,2024-04-19,0.045689049112057484,0.07744662638867211,True
k15_baseline_20260823,2024-04-22,-0.012659716115818988,-0.0030553480269487595,False
k15_baseline_20260823,2024-04-23,0.02819140434721776,0.028856346332665653,True
k15_baseline_20260823,2024-04-24,0.036030127889741054,0.0628186433692965,False
k15_baseline_20260823,2024-04-25,-0.051744733490422475,-0.03437261507854845,True
k15_baseline_20260823,2024-04-26,0.06179675899268588,0.0898626671116076,True
k15_baseline_20260823,2024-04-29,0.0699818631247231,0.15612180689497349,True
k15_baseline_20260823,2024-04-30,-0.01653775981342916,0.009944400545623951,False
k15_baseline_20260823,2024-05-06,0.059592695998419286,0.073877104116672,False
k15_baseline_20260823,2024-05-07,0.024187578341770797,0.08836786127460382,False
k15_baseline_20260823,2024-05-08,-0.0007597961309302394,0.03973317701102648,False
k15_baseline_20260823,2024-05-09,0.15031953814904306,0.27076135376008764,False
k15_baseline_20260823,2024-05-10,0.00048281940981884477,0.02240833657776739,True
k15_baseline_20260823,2024-05-13,0.02671629623932255,0.06181197381165565,False
k15_baseline_20260823,2024-05-14,0.08075748012174098,0.1330532959662414,False
k15_baseline_20260823,2024-05-15,0.0469429205919643,0.07084690154339983,True
k15_baseline_20260823,2024-05-16,0.024872217831157076,0.03673322040356984,False
k15_baseline_20260823,2024-05-17,-0.049000667640673456,0.013670998407985984,False
k15_baseline_20260823,2024-05-20,0.08800439139758683,0.1270919575438383,False
k15_baseline_20260823,2024-05-21,0.01765255721044986,0.03936550737045595,False
k15_baseline_20260823,2024-05-22,0.054837379738232564,0.1222971782986136,False
k15_baseline_20260823,2024-05-23,0.16869332743470047,0.22537340608801962,False
k15_baseline_20260823,2024-05-24,0.05808313248187357,0.07674450141302541,False
k15_baseline_20260823,2024-05-27,-0.02060878373407857,-0.007900171874035319,False
k15_baseline_20260823,2024-05-28,0.039539419391988094,0.0554955747291093,False
k15_baseline_20260823,2024-05-29,0.024746278598350987,0.08078781627672645,False
k15_baseline_20260823,2024-05-30,0.018583028678610156,0.020320880689233073,False
k15_baseline_20260823,2024-05-31,-0.15044964190782295,-0.11778719343132532,False
k15_baseline_20260823,2024-06-03,-0.041497226810038416,0.06491416220284281,False
k15_baseline_20260823,2024-06-04,0.011164240194316128,0.022948631190223646,False
k15_baseline_20260823,2024-06-05,0.07577714702197136,0.1240603732597446,False
k15_baseline_20260823,2024-06-06,0.22416812684517323,0.2836698677622165,False
k15_baseline_20260823,2024-06-07,-0.19950275320397412,-0.19650030253651996,False
k15_baseline_20260823,2024-06-11,-0.05218603156611542,-0.03624646254260949,False
k15_baseline_20260823,2024-06-12,-0.02568141350664904,-0.01489889656839212,True
k15_baseline_20260823,2024-06-13,-0.0059318859414657435,0.05330170304924517,False
k15_baseline_20260823,2024-06-14,-0.08126483750096515,-0.07174457363043481,False
k15_baseline_20260823,2024-06-17,-0.021492962036992663,0.018024179840055943,False
k15_baseline_20260823,2024-06-18,0.03788056731282975,0.08354103859338285,False
k15_baseline_20260823,2024-06-19,0.12470462033234381,0.13471544889180245,False
k15_baseline_20260823,2024-06-20,0.09825248355894314,0.10802522441937536,False
k15_baseline_20260823,2024-06-21,0.018087596000273584,0.07546349472274273,False
k15_baseline_20260823,2024-06-24,0.2411347522639015,0.2672221072441116,False
k15_baseline_20260823,2024-06-25,0.04433290547344467,0.05209651397913296,False
k15_baseline_20260823,2024-06-26,-0.004496225329155571,0.026783065755134373,False
k15_baseline_20260823,2024-06-27,-0.02501911300744857,-0.008864963831502048,False
k15_baseline_20260823,2024-06-28,0.1037242071119784,0.17426184244554802,False
k15_baseline_20260823,2024-07-01,0.10435200182515786,0.15012070122489954,False
k15_baseline_20260823,2024-07-02,0.04763159495457601,0.075817741436249,False
k15_baseline_20260823,2024-07-03,0.102400750483752,0.14914998592831424,False
k15_baseline_20260823,2024-07-04,0.08158057124281369,0.10650169946910029,False
k15_baseline_20260823,2024-07-05,0.04987394454414777,0.09045539713088437,False
k15_baseline_20260823,2024-07-08,-0.11956805453922527,-0.1146910618667261,True
k15_baseline_20260823,2024-07-09,-0.19609995225284957,-0.19333495579807927,False
k15_baseline_20260823,2024-07-10,0.10548853998582708,0.12710424270898982,False
k15_baseline_20260823,2024-07-11,0.02795892197761482,0.0584692724358573,False
k15_baseline_20260823,2024-07-12,-0.02150839183694335,0.08369821637090381,False
k15_baseline_20260823,2024-07-15,-0.14881933804267708,-0.1539299658594767,False
k15_baseline_20260823,2024-07-16,0.15507108609500603,0.2543170892816031,False
k15_baseline_20260823,2024-07-17,0.03801035032975932,0.042499062796628274,False
k15_baseline_20260823,2024-07-18,-0.09870570898147991,-0.08502963890110443,True
k15_baseline_20260823,2024-07-19,-0.08171851960556809,-0.06266341698280732,False
k15_baseline_20260823,2024-07-22,0.044467827294579765,0.16352773992053873,False
k15_baseline_20260823,2024-07-23,0.06255443363949933,0.09737716948578379,False
k15_baseline_20260823,2024-07-24,0.02501607344411388,0.04367153848283107,False
k15_baseline_20260823,2024-07-25,0.04390979250098106,0.06230622969219768,False
k15_baseline_20260823,2024-07-26,-0.027144567878964795,0.041771064504288344,False
k15_baseline_20260823,2024-07-29,0.039407895945520494,0.046695619095908414,False
k15_baseline_20260823,2024-07-30,-0.07008954775053247,-0.05628548420142192,False
k15_baseline_20260823,2024-07-31,0.024209491107589666,0.12126080319957662,False
k15_baseline_20260823,2024-08-01,0.15338716032128044,0.20774607580161,False
k15_baseline_20260823,2024-08-02,0.08782294190652654,0.1168610763171139,False
k15_baseline_20260823,2024-08-05,0.07359428333292986,0.09030147268722134,False
k15_baseline_20260823,2024-08-06,0.05307168729345115,0.09254460636138581,False
k15_baseline_20260823,2024-08-07,0.14763943731107787,0.20806472844097387,False
k15_baseline_20260823,2024-08-08,0.23656705009808474,0.2891375788014349,False
k15_baseline_20260823,2024-08-09,0.09710916358282967,0.12680342955055823,False
k15_baseline_20260823,2024-08-12,0.03781604719768917,0.05182221469822463,False
k15_baseline_20260823,2024-08-13,0.007043824110854926,0.11096949892734388,False
k15_baseline_20260823,2024-08-14,-0.038189209707467565,-0.01699065970666281,False
k15_baseline_20260823,2024-08-15,0.008597719898743606,0.03400387473572495,False
k15_baseline_20260823,2024-08-16,0.07302641350548893,0.15480331242618192,False
k15_baseline_20260823,2024-08-19,0.02598947577741389,0.10611415648367682,False
k15_baseline_20260823,2024-08-20,0.004498295861245684,0.01612195940156316,False
k15_baseline_20260823,2024-08-21,0.12131041921352027,0.20163330372254096,False
k15_baseline_20260823,2024-08-22,-0.03410036733598724,-0.004640026344108583,False
k15_baseline_20260823,2024-08-23,0.0766791910588558,0.15343763902529658,False
k15_baseline_20260823,2024-08-26,0.16485488880592739,0.21970829853178409,False
k15_baseline_20260823,2024-08-27,0.0011961676088454625,0.023162579265473254,False
k15_baseline_20260823,2024-08-28,-0.060970459261599164,-0.0458128907557778,False
k15_baseline_20260823,2024-08-29,-0.20883498201558906,-0.21451923438973014,False
k15_baseline_20260823,2024-08-30,0.062004517675807724,0.182753627803634,False
k15_baseline_20260823,2024-09-02,-0.004791414228838696,0.0019775306182506073,False
k15_baseline_20260823,2024-09-03,-0.16812554385206482,-0.15732649426278675,False
k15_baseline_20260823,2024-09-04,0.01465281380721383,0.06253646996247458,False
k15_baseline_20260823,2024-09-05,0.07002792262454227,0.1541117326362176,False
k15_baseline_20260823,2024-09-06,-0.08849184698580431,-0.07876581164776973,False
k15_baseline_20260823,2024-09-09,-0.035438080601077095,-0.03170981617177439,False
k15_baseline_20260823,2024-09-10,-0.1847955856134111,-0.18375766660850257,False
k15_baseline_20260823,2024-09-11,0.12137048269452032,0.14379095763457708,False
k15_baseline_20260823,2024-09-12,0.13165749931933945,0.1946123044319087,False
k15_baseline_20260823,2024-09-13,0.007857814154901315,0.0242304454333318,False
k15_baseline_20260823,2024-09-18,0.07264832571200225,0.16152374120942914,False
k15_baseline_20260823,2024-09-19,0.008113690669503437,0.05186973201690601,False
k15_baseline_20260823,2024-09-20,0.005910986092140363,0.03474501019133128,False
k15_baseline_20260823,2024-09-23,0.05938086418312042,0.07221218794167344,True
k15_baseline_20260823,2024-09-24,0.07048855025166675,0.14682930084647114,False
k15_baseline_20260823,2024-09-25,0.012974142578973384,0.04541221103029043,True
k15_baseline_20260823,2024-09-26,-0.20523457941651554,-0.205505689759199,True
k15_baseline_20260823,2024-09-27,-0.015939170338381957,-0.0033977503355295574,True
k15_baseline_20260823,2024-09-30,-0.10077772175569488,-0.07490979951101238,True
k15_baseline_20260823,2024-10-08,-0.03521936651728045,0.008479717743802658,True
k15_baseline_20260823,2024-10-09,0.1672638630559116,0.3026455558106941,True
k15_baseline_20260823,2024-10-10,0.0310631505684761,0.07315012475351666,True
k15_baseline_20260823,2024-10-11,-0.11845891279820042,-0.10038133138772642,True
k15_baseline_20260823,2024-10-14,-0.05754095321996258,-0.009483828727298705,False
k15_baseline_20260823,2024-10-15,-0.004440371745841231,0.018609675136749437,True
k15_baseline_20260823,2024-10-16,0.053699470374994875,0.08080400795335921,False
k15_baseline_20260823,2024-10-17,-0.09770824388577652,-0.09900907407517615,True
k15_baseline_20260823,2024-10-18,-0.1813054780957872,-0.18582830104884318,True
k15_baseline_20260823,2024-10-21,0.03805851638404312,0.1733059571259002,True
k15_baseline_20260823,2024-10-22,0.08805130898800523,0.1154646316711085,True
k15_baseline_20260823,2024-10-23,0.02920412177220563,0.07799318725366355,True
k15_baseline_20260823,2024-10-24,0.054246512215887506,0.09376980848503082,True
k15_baseline_20260823,2024-10-25,-0.0030044828482712407,0.04993812264517667,True
k15_baseline_20260823,2024-10-28,-0.02840748357783438,0.0468426952684355,True
k15_baseline_20260823,2024-10-29,-0.05427901249245964,-0.010578501919194443,True
k15_baseline_20260823,2024-10-30,-0.026371319541603083,-0.013359298812194071,True
k15_baseline_20260823,2024-10-31,0.17747861369784715,0.2909692907763327,True
k15_baseline_20260823,2024-11-01,-0.030578396492582257,-0.015160564945414814,True
k15_baseline_20260823,2024-11-04,-0.09155967313138691,-0.08456138870537623,True
k15_baseline_20260823,2024-11-05,0.014243828562409433,0.08583614441977695,True
k15_baseline_20260823,2024-11-06,0.0457277570604311,0.11851512530682305,True
k15_baseline_20260823,2024-11-07,-0.004835072627964769,0.029494592609582596,True
k15_baseline_20260823,2024-11-08,-0.09518045515182758,-0.09128955077272474,True
k15_baseline_20260823,2024-11-11,-0.02958648245542266,0.144138535580088,True
k15_baseline_20260823,2024-11-12,0.08430012346496991,0.1481330128292922,False
k15_baseline_20260823,2024-11-13,0.07010993151988641,0.2295372908759682,False
k15_baseline_20260823,2024-11-14,0.13460251286840524,0.17611379161554605,True
k15_baseline_20260823,2024-11-15,0.23200858185084414,0.3080388903083572,True
k15_baseline_20260823,2024-11-18,-0.09307521378355678,-0.08408187941987391,False
k15_baseline_20260823,2024-11-19,-0.09854564678787874,-0.09051678478391646,True
k15_baseline_20260823,2024-11-20,0.04823353289991281,0.09605733418635579,False
k15_baseline_20260823,2024-11-21,-0.030826810444776805,0.040719572668398686,True
k15_baseline_20260823,2024-11-22,0.1161404109825387,0.14112461146200025,True
k15_baseline_20260823,2024-11-25,0.09796421093361492,0.27065264637788466,False
k15_baseline_20260823,2024-11-26,-0.22658853288142725,-0.21921871091140271,True
k15_baseline_20260823,2024-11-27,0.13633133451436272,0.26952994380230205,False
k15_baseline_20260823,2024-11-28,-0.03115327977964466,-0.010351288580891084,False
k15_baseline_20260823,2024-11-29,-0.008561855541381719,-1.1844016178926655e-05,False
k15_baseline_20260823,2024-12-02,0.04237676748211876,0.1276048773600828,False
k15_baseline_20260823,2024-12-03,0.08281044227554962,0.11562861386378522,False
k15_baseline_20260823,2024-12-04,-0.07353029089824292,-0.06999148655849984,True
k15_baseline_20260823,2024-12-05,0.18662335537088884,0.32904348783376447,False
k15_baseline_20260823,2024-12-06,-0.05169893706978285,-0.03279313981163664,False
k15_baseline_20260823,2024-12-09,0.014439205853909065,0.06032951295308456,False
k15_baseline_20260823,2024-12-10,-0.017579267485902352,0.025392133000067495,False
k15_baseline_20260823,2024-12-11,-0.02682193315612754,0.08228339407881745,False
k15_baseline_20260823,2024-12-12,-0.02013260736622725,0.013769050225107606,True
k15_baseline_20260823,2024-12-13,0.12787433724160832,0.22084314135691677,False
k15_baseline_20260823,2024-12-16,0.07332511992076922,0.134526628335093,False
k15_baseline_20260823,2024-12-17,-0.053627858135149295,-0.03412298842881208,True
k15_baseline_20260823,2024-12-18,-0.08114495278795016,-0.05746821753271538,False
k15_baseline_20260823,2024-12-19,-0.27877031516561995,-0.2797179961354998,False
k15_baseline_20260823,2024-12-20,0.08705850829809139,0.1959567098345022,False
k15_baseline_20260823,2024-12-23,0.03604007754960736,0.04303968830543016,False
k15_baseline_20260823,2024-12-24,0.03905933121873358,0.11983866314791426,False
k15_baseline_20260823,2024-12-25,-0.16673883382178387,-0.16416204426511435,False
k15_baseline_20260823,2024-12-26,0.14247663535092536,0.31226199961025886,False
k15_baseline_20260823,2024-12-27,0.07349998187181475,0.10960893808749197,False
k15_no_stats_20260823,2024-01-02,0.10042737146875026,0.13257586460450388,False
k15_no_stats_20260823,2024-01-03,0.04992443707839309,0.0899324109289311,False
k15_no_stats_20260823,2024-01-04,0.19685858257248484,0.2964810483752905,False
k15_no_stats_20260823,2024-01-05,0.004859174969177933,0.021843633813878657,False
k15_no_stats_20260823,2024-01-08,0.12492256356164184,0.15618534042917842,False
k15_no_stats_20260823,2024-01-09,0.06136505811297661,0.06559269788991147,False
k15_no_stats_20260823,2024-01-10,-0.21432099377638542,-0.19016430134931736,False
k15_no_stats_20260823,2024-01-11,0.241251569054593,0.27170085491536966,False
k15_no_stats_20260823,2024-01-12,-0.023460535356594796,0.010297606847823115,False
k15_no_stats_20260823,2024-01-15,0.039343274586103386,0.06246727086548763,False
k15_no_stats_20260823,2024-01-16,0.1260887698499788,0.24137942883805003,False
k15_no_stats_20260823,2024-01-17,-0.1921073803373149,-0.19123227417224628,False
k15_no_stats_20260823,2024-01-18,0.15041770731435236,0.24704498294401578,False
k15_no_stats_20260823,2024-01-19,0.040143895515016965,0.05020641347962972,False
k15_no_stats_20260823,2024-01-22,-0.026094985559795673,-0.008692636558479457,False
k15_no_stats_20260823,2024-01-23,0.1293058715275118,0.2081207397948741,False
k15_no_stats_20260823,2024-01-24,0.0891340664897383,0.14913296026823433,False
k15_no_stats_20260823,2024-01-25,0.11331114482595568,0.2549184050996648,False
k15_no_stats_20260823,2024-01-26,0.22173125225505602,0.25014189493319694,False
k15_no_stats_20260823,2024-01-29,0.08464155971731073,0.10228984376001803,False
k15_no_stats_20260823,2024-01-30,0.12354876320046991,0.17207182536906843,False
k15_no_stats_20260823,2024-01-31,-0.10052864995592514,-0.0929267553571738,False
k15_no_stats_20260823,2024-02-01,-0.014847194432149777,0.07964824581331525,True
k15_no_stats_20260823,2024-02-02,0.17025376023093236,0.22381375940898984,True
k15_no_stats_20260823,2024-02-05,0.11898889904007556,0.1213037628813899,True
k15_no_stats_20260823,2024-02-06,0.03345714189577179,0.049102288569511814,True
k15_no_stats_20260823,2024-02-07,0.04464602670045554,0.041710990972960056,True
k15_no_stats_20260823,2024-02-08,-0.11880076314343567,-0.085427534437734,False
k15_no_stats_20260823,2024-02-19,-0.05762638601263295,-0.03158893172897945,False
k15_no_stats_20260823,2024-02-20,-0.13009828752016916,-0.11498510700363794,False
k15_no_stats_20260823,2024-02-21,-0.1943188753136824,-0.18953331844710816,False
k15_no_stats_20260823,2024-02-22,-0.061146321366602606,-0.05414511526147645,False
k15_no_stats_20260823,2024-02-23,-0.004517262048613936,0.018053009047291683,False
k15_no_stats_20260823,2024-02-26,-0.23796126992751718,-0.23713323960222274,False
k15_no_stats_20260823,2024-02-27,0.035099560682417624,0.22003459064601755,True
k15_no_stats_20260823,2024-02-28,-0.08418218461808508,-0.0771502335090378,True
k15_no_stats_20260823,2024-02-29,-0.09840993075199174,-0.07956827680623042,False
k15_no_stats_20260823,2024-03-01,-0.04279224365023901,0.006590629954890497,False
k15_no_stats_20260823,2024-03-04,-0.018016979908531305,0.14808460422644593,False
k15_no_stats_20260823,2024-03-05,0.03229190221495392,0.09456861604205673,False
k15_no_stats_20260823,2024-03-06,0.07934189905429088,0.2106995777787291,False
k15_no_stats_20260823,2024-03-07,0.043342683554660866,0.057652916382240876,False
k15_no_stats_20260823,2024-03-08,-0.04498320060221578,-0.0436972057020411,False
k15_no_stats_20260823,2024-03-11,-0.05680807129932915,-0.041955847896668765,False
k15_no_stats_20260823,2024-03-12,0.0300256745111974,0.039752888120713925,False
k15_no_stats_20260823,2024-03-13,0.07893490608239993,0.2128067048065856,False
k15_no_stats_20260823,2024-03-14,0.060168786697715554,0.0734227290956224,False
k15_no_stats_20260823,2024-03-15,-0.041017377972888874,-0.032897617210001937,False
k15_no_stats_20260823,2024-03-18,0.05537687049154161,0.09782390112654667,False
k15_no_stats_20260823,2024-03-19,-0.07475049784840347,-0.06466984860586313,False
k15_no_stats_20260823,2024-03-20,0.027043142320133627,0.12896765235395577,False
k15_no_stats_20260823,2024-03-21,-0.07192914972368539,-0.047723540183775046,True
k15_no_stats_20260823,2024-03-22,0.15877989860628805,0.2630572426635546,False
k15_no_stats_20260823,2024-03-25,0.07138251515095873,0.08071859977324079,False
k15_no_stats_20260823,2024-03-26,0.10649528533210062,0.24420020447126414,False
k15_no_stats_20260823,2024-03-27,-0.1451440007683179,-0.12789798904443328,False
k15_no_stats_20260823,2024-03-28,0.0647021807540917,0.11485291268702492,False
k15_no_stats_20260823,2024-03-29,0.12080665476011522,0.15243855468838585,False
k15_no_stats_20260823,2024-04-01,0.16196736267036066,0.3082234076565301,True
k15_no_stats_20260823,2024-04-02,0.14276320973756906,0.20731873590561647,False
k15_no_stats_20260823,2024-04-03,-0.03738954481171119,0.06560832956380272,False
k15_no_stats_20260823,2024-04-08,0.17207585311747736,0.20383716343436428,False
k15_no_stats_20260823,2024-04-09,0.10587816310054014,0.18010722835715176,False
k15_no_stats_20260823,2024-04-10,-0.03144451059486446,0.029766231321192545,False
k15_no_stats_20260823,2024-04-11,0.15079735265523142,0.1918182793073972,False
k15_no_stats_20260823,2024-04-12,0.0011918415136387655,0.027180802601162683,True
k15_no_stats_20260823,2024-04-15,0.05950038670947403,0.08357442612795078,True
k15_no_stats_20260823,2024-04-16,-0.14315306068817182,-0.12482845976671336,True
k15_no_stats_20260823,2024-04-17,-0.045529482959033356,0.0045630509456555035,False
k15_no_stats_20260823,2024-04-18,0.05523142761766067,0.10656244634397893,True
k15_no_stats_20260823,2024-04-19,0.07604395652263922,0.10668719181279643,True
k15_no_stats_20260823,2024-04-22,-0.0020641765224237484,0.006895412736488012,False
k15_no_stats_20260823,2024-04-23,0.005681376590741015,0.005963690130820956,True
k15_no_stats_20260823,2024-04-24,0.054471336486251846,0.08035909630336582,False
k15_no_stats_20260823,2024-04-25,-0.047047584853682,-0.0305410091588261,True
k15_no_stats_20260823,2024-04-26,0.054031254198229794,0.08141862894974888,True
k15_no_stats_20260823,2024-04-29,0.09336000286227418,0.17333698804975997,True
k15_no_stats_20260823,2024-04-30,-0.028242734306406104,-0.0031304955314064454,False
k15_no_stats_20260823,2024-05-06,0.06594875631082033,0.07915687447922475,False
k15_no_stats_20260823,2024-05-07,0.02498590536611696,0.08687175131721045,False
k15_no_stats_20260823,2024-05-08,-0.011735877081724768,0.026377656941814865,False
k15_no_stats_20260823,2024-05-09,0.14492522120388093,0.2639779242991625,False
k15_no_stats_20260823,2024-05-10,0.007415315760835557,0.02742832189723222,True
k15_no_stats_20260823,2024-05-13,0.05149954260654033,0.0812530808568091,False
k15_no_stats_20260823,2024-05-14,0.08000858413743424,0.1329688431325641,False
k15_no_stats_20260823,2024-05-15,0.05190396735389473,0.07363279894059334,True
k15_no_stats_20260823,2024-05-16,0.015399431352215397,0.027043712175151287,False
k15_no_stats_20260823,2024-05-17,-0.03424390205065028,0.02465324657724212,False
k15_no_stats_20260823,2024-05-20,0.08932310404360319,0.12855112782599684,False
k15_no_stats_20260823,2024-05-21,0.0005858084223630863,0.022290523424264463,False
k15_no_stats_20260823,2024-05-22,0.0553082858289529,0.12089222715412529,False
k15_no_stats_20260823,2024-05-23,0.18906401941029138,0.2426322272206055,False
k15_no_stats_20260823,2024-05-24,0.053016846023676435,0.07052483166064191,False
k15_no_stats_20260823,2024-05-27,-0.024396914586917888,-0.012283233258696008,False
k15_no_stats_20260823,2024-05-28,0.02674954988784604,0.041486960495161145,False
k15_no_stats_20260823,2024-05-29,0.051749912775317194,0.10544947050738025,False
k15_no_stats_20260823,2024-05-30,0.03478892739314036,0.03629662279421752,False
k15_no_stats_20260823,2024-05-31,-0.1437129066217772,-0.11199976845322322,False
k15_no_stats_20260823,2024-06-03,-0.03879217289211659,0.06508290475638087,False
k15_no_stats_20260823,2024-06-04,0.022366945757342636,0.033093186582051494,False
k15_no_stats_20260823,2024-06-05,0.07377247215586677,0.11788906413011742,False
k15_no_stats_20260823,2024-06-06,0.25049065547554494,0.3070255876688557,False
k15_no_stats_20260823,2024-06-07,-0.19104717567903448,-0.18823674123187165,False
k15_no_stats_20260823,2024-06-11,-0.0729843780873049,-0.057407841580502286,False
k15_no_stats_20260823,2024-06-12,-0.05890742182547136,-0.04741696858140019,True
k15_no_stats_20260823,2024-06-13,-0.023307648178155504,0.036697356439174905,False
k15_no_stats_20260823,2024-06-14,-0.07633478848807661,-0.06661687643256968,False
k15_no_stats_20260823,2024-06-17,-0.05151023527236891,-0.01332599668029642,False
k15_no_stats_20260823,2024-06-18,0.020643414854671915,0.06316666624216744,False
k15_no_stats_20260823,2024-06-19,0.17511832629886032,0.18429363439427895,False
k15_no_stats_20260823,2024-06-20,0.10301994315025229,0.11031148585607767,False
k15_no_stats_20260823,2024-06-21,0.007735201619614456,0.06328349807766964,False
k15_no_stats_20260823,2024-06-24,0.24432896305878038,0.26913070568231484,False
k15_no_stats_20260823,2024-06-25,0.03918490456959177,0.04714393637158422,False
k15_no_stats_20260823,2024-06-26,-0.012048496936072947,0.02182974425317359,False
k15_no_stats_20260823,2024-06-27,-0.01922402074701343,-0.0023032873214386255,False
k15_no_stats_20260823,2024-06-28,0.10765039187816686,0.17775286093058046,False
k15_no_stats_20260823,2024-07-01,0.05851608982974814,0.10115728195824414,False
k15_no_stats_20260823,2024-07-02,0.026481061676646774,0.054067389960662925,False
k15_no_stats_20260823,2024-07-03,0.1228766183294034,0.16453856909386758,False
k15_no_stats_20260823,2024-07-04,0.09591788205308097,0.12137072862048552,False
k15_no_stats_20260823,2024-07-05,0.07264694628788565,0.11100981406309691,False
k15_no_stats_20260823,2024-07-08,-0.14222861964359687,-0.1390354756495388,True
k15_no_stats_20260823,2024-07-09,-0.21025575814733738,-0.20744081802792896,False
k15_no_stats_20260823,2024-07-10,0.09018828713000716,0.11165764309654226,False
k15_no_stats_20260823,2024-07-11,0.04114818650905374,0.07242060696180296,False
k15_no_stats_20260823,2024-07-12,-0.012836355552927552,0.08689166056477389,False
k15_no_stats_20260823,2024-07-15,-0.16974323048633033,-0.17607976839824727,False
k15_no_stats_20260823,2024-07-16,0.14015342015195364,0.23853626916852155,False
k15_no_stats_20260823,2024-07-17,0.06267398189537182,0.06600958092587289,False
k15_no_stats_20260823,2024-07-18,-0.0724647376620771,-0.059172956268275685,True
k15_no_stats_20260823,2024-07-19,-0.10658439627029084,-0.0881751812366811,False
k15_no_stats_20260823,2024-07-22,0.02274900136543257,0.1363337028082506,False
k15_no_stats_20260823,2024-07-23,0.06982667440714742,0.09615323075656029,False
k15_no_stats_20260823,2024-07-24,0.03648482364882621,0.05489555053202932,False
k15_no_stats_20260823,2024-07-25,0.030562951032218795,0.04754026893604862,False
k15_no_stats_20260823,2024-07-26,-0.0686668330270482,-0.00473866629360844,False
k15_no_stats_20260823,2024-07-29,0.020844084758217665,0.02707180826425554,False
k15_no_stats_20260823,2024-07-30,-0.05201327587948837,-0.03826739093330743,False
k15_no_stats_20260823,2024-07-31,0.00875379040592162,0.09808249770382577,False
k15_no_stats_20260823,2024-08-01,0.16944682597520191,0.22053510806849896,False
k15_no_stats_20260823,2024-08-02,0.09932913751909167,0.1264839472992135,False
k15_no_stats_20260823,2024-08-05,0.06545375300834662,0.08283356704686094,False
k15_no_stats_20260823,2024-08-06,0.062002360621107075,0.09984623678313222,False
k15_no_stats_20260823,2024-08-07,0.16419638354820656,0.21835578749202048,False
k15_no_stats_20260823,2024-08-08,0.23303103639718306,0.27926522401252124,False
k15_no_stats_20260823,2024-08-09,0.126302473403963,0.1506814912712735,False
k15_no_stats_20260823,2024-08-12,0.03423714342037684,0.04886307864709984,False
k15_no_stats_20260823,2024-08-13,-0.0130484344403598,0.08791855982952888,False
k15_no_stats_20260823,2024-08-14,-0.05606997323655833,-0.033848411880981526,False
k15_no_stats_20260823,2024-08-15,-2.9566647817453013e-05,0.022940958771381803,False
k15_no_stats_20260823,2024-08-16,0.050104835669037714,0.12605745473148453,False
k15_no_stats_20260823,2024-08-19,0.030346525164173545,0.10850936586583487,False
k15_no_stats_20260823,2024-08-20,-0.024942898537546252,-0.012866351286865732,False
k15_no_stats_20260823,2024-08-21,0.14955308726484837,0.22628640932532876,False
k15_no_stats_20260823,2024-08-22,-0.04105383867487733,-0.013491138184469367,False
k15_no_stats_20260823,2024-08-23,0.0739954044232085,0.14918423393476787,False
k15_no_stats_20260823,2024-08-26,0.18525847450335164,0.23821834513384293,False
k15_no_stats_20260823,2024-08-27,0.020859381496416925,0.04194089733075671,False
k15_no_stats_20260823,2024-08-28,-0.05242478726493247,-0.03732376596878155,False
k15_no_stats_20260823,2024-08-29,-0.2032520117642072,-0.2090795464952107,False
k15_no_stats_20260823,2024-08-30,0.08512242406254297,0.2077917013759656,False
k15_no_stats_20260823,2024-09-02,0.009918828507643055,0.016711881474768115,False
k15_no_stats_20260823,2024-09-03,-0.1398076644959205,-0.1290397552739078,False
k15_no_stats_20260823,2024-09-04,0.025357556865326595,0.07242115462426549,False
k15_no_stats_20260823,2024-09-05,0.059184935117973174,0.13527134625857037,False
k15_no_stats_20260823,2024-09-06,-0.07924426191940415,-0.07279171324565388,False
k15_no_stats_20260823,2024-09-09,-0.05803983366587276,-0.05447601045309421,False
k15_no_stats_20260823,2024-09-10,-0.14573118381419153,-0.14537544546226772,False
k15_no_stats_20260823,2024-09-11,0.13098742349772685,0.15320304891016887,False
k15_no_stats_20260823,2024-09-12,0.11563855772089415,0.17184131620972615,False
k15_no_stats_20260823,2024-09-13,-0.002553528312885917,0.010631373119140992,False
k15_no_stats_20260823,2024-09-18,0.07892328068102072,0.1635370695043035,False
k15_no_stats_20260823,2024-09-19,-0.007799298951905598,0.03461799306221926,False
k15_no_stats_20260823,2024-09-20,-0.04882545434641888,-0.02453163575687456,False
k15_no_stats_20260823,2024-09-23,0.08040854701356617,0.0937008563733228,True
k15_no_stats_20260823,2024-09-24,0.024037190373447107,0.09051744464274535,False
k15_no_stats_20260823,2024-09-25,0.01244741225632099,0.042868771986618225,True
k15_no_stats_20260823,2024-09-26,-0.17746908662185895,-0.17776276296046775,True
k15_no_stats_20260823,2024-09-27,0.036401565574761256,0.04812156024819496,True
k15_no_stats_20260823,2024-09-30,-0.11730046056665402,-0.10024111302310187,True
k15_no_stats_20260823,2024-10-08,0.017266564394734746,0.05859763017692165,True
k15_no_stats_20260823,2024-10-09,0.15934493223627905,0.2808564183261992,True
k15_no_stats_20260823,2024-10-10,0.04236963542811172,0.08017721334400034,True
k15_no_stats_20260823,2024-10-11,-0.1594827729741588,-0.14083373125382012,True
k15_no_stats_20260823,2024-10-14,-0.08403696407194142,-0.03766935492544676,False
k15_no_stats_20260823,2024-10-15,-0.015292350366113101,0.007845990446572653,True
k15_no_stats_20260823,2024-10-16,0.04090108471734611,0.06804713437844839,False
k15_no_stats_20260823,2024-10-17,-0.11300431602640812,-0.11482952240031293,True
k15_no_stats_20260823,2024-10-18,-0.20247117419671096,-0.20750067222399673,True
k15_no_stats_20260823,2024-10-21,0.052283092182917074,0.17775123681519786,True
k15_no_stats_20260823,2024-10-22,0.08869050000274337,0.11304453408896323,True
k15_no_stats_20260823,2024-10-23,0.008771984096984294,0.05163460726511991,True
k15_no_stats_20260823,2024-10-24,0.05572861506607622,0.09298214750762426,True
k15_no_stats_20260823,2024-10-25,-0.02953386701249592,0.01768434495333573,True
k15_no_stats_20260823,2024-10-28,-0.01874629155769959,0.05175289733586167,True
k15_no_stats_20260823,2024-10-29,-0.06876768062141568,-0.027555251506928485,True
k15_no_stats_20260823,2024-10-30,-0.055878179696175624,-0.04296342993314567,True
k15_no_stats_20260823,2024-10-31,0.17995510058077047,0.28583648509810733,True
k15_no_stats_20260823,2024-11-01,-0.04454436422431928,-0.029659388351809254,True
k15_no_stats_20260823,2024-11-04,-0.11267367800917709,-0.10539604060127257,True
k15_no_stats_20260823,2024-11-05,-0.008516238588816314,0.058713269321488126,True
k15_no_stats_20260823,2024-11-06,0.052307909051974265,0.12081730557719032,True
k15_no_stats_20260823,2024-11-07,-0.01541965854459089,0.014671740100864862,True
k15_no_stats_20260823,2024-11-08,-0.09603485832231229,-0.0915166983361507,True
k15_no_stats_20260823,2024-11-11,-0.008427965232911302,0.1439892218950558,True
k15_no_stats_20260823,2024-11-12,0.07649227323739578,0.13459231519132445,False
k15_no_stats_20260823,2024-11-13,0.06539426394137,0.210656903013753,False
k15_no_stats_20260823,2024-11-14,0.16339530069033906,0.20160935158322546,True
k15_no_stats_20260823,2024-11-15,0.24033758336100786,0.30759027500275904,True
k15_no_stats_20260823,2024-11-18,-0.08645246364101483,-0.07814960994202581,False
k15_no_stats_20260823,2024-11-19,-0.10835128645495103,-0.10003806644583398,True
k15_no_stats_20260823,2024-11-20,0.03895182828681141,0.08210779242760907,False
k15_no_stats_20260823,2024-11-21,-0.04405423593132243,0.02250711873190492,True
k15_no_stats_20260823,2024-11-22,0.15380852456827673,0.1751140592428067,True
k15_no_stats_20260823,2024-11-25,0.11651569816044914,0.2886137778924617,False
k15_no_stats_20260823,2024-11-26,-0.23483282416673615,-0.22788666359391993,True
k15_no_stats_20260823,2024-11-27,0.1213210607526803,0.24938312336697732,False
k15_no_stats_20260823,2024-11-28,-0.02905205402454779,-0.008539858615044487,False
k15_no_stats_20260823,2024-11-29,-0.009180203493615011,-0.0006901808765297284,False
k15_no_stats_20260823,2024-12-02,0.04708420600987081,0.12618422551995886,False
k15_no_stats_20260823,2024-12-03,0.08686483972180668,0.12249413321977758,False
k15_no_stats_20260823,2024-12-04,-0.09310017814743525,-0.08921932259106853,True
k15_no_stats_20260823,2024-12-05,0.15858295759436952,0.29731880067532135,False
k15_no_stats_20260823,2024-12-06,-0.037803983670824694,-0.020059159294600556,False
k15_no_stats_20260823,2024-12-09,0.018734141792360756,0.06338538849944571,False
k15_no_stats_20260823,2024-12-10,-0.034023486189123854,0.005802547212566348,False
k15_no_stats_20260823,2024-12-11,-0.03205248056785817,0.06725106887982495,False
k15_no_stats_20260823,2024-12-12,-0.023406817051392706,0.007948028432010177,True
k15_no_stats_20260823,2024-12-13,0.13098982171205886,0.21525622755508433,False
k15_no_stats_20260823,2024-12-16,0.11565851564919688,0.17182541772677593,False
k15_no_stats_20260823,2024-12-17,-0.03908049339217731,-0.021916043033310705,True
k15_no_stats_20260823,2024-12-18,-0.07487686905349901,-0.052053154357031374,False
k15_no_stats_20260823,2024-12-19,-0.25182310273887326,-0.2530818775266997,False
k15_no_stats_20260823,2024-12-20,0.12168913733342103,0.22658962762117427,False
k15_no_stats_20260823,2024-12-23,0.057424938762535474,0.06432100233907388,False
k15_no_stats_20260823,2024-12-24,0.05817163369224656,0.13346296045456577,False
k15_no_stats_20260823,2024-12-25,-0.19052645341085722,-0.1891852735071685,False
k15_no_stats_20260823,2024-12-26,0.12891022535580024,0.2927468118613831,False
k15_no_stats_20260823,2024-12-27,0.10152987437918273,0.13731371026894507,False
k15_no_stats_no_fusion_20260823,2024-01-02,0.1266782720762954,0.16120185760103448,False
k15_no_stats_no_fusion_20260823,2024-01-03,0.06516595526838247,0.10580515861695915,False
k15_no_stats_no_fusion_20260823,2024-01-04,0.19480497362336338,0.29602394625809303,False
k15_no_stats_no_fusion_20260823,2024-01-05,0.017850971484690826,0.034689248925029295,False
k15_no_stats_no_fusion_20260823,2024-01-08,0.1399889325756123,0.1698487180760572,False
k15_no_stats_no_fusion_20260823,2024-01-09,0.06248324407305349,0.06649752607000627,False
k15_no_stats_no_fusion_20260823,2024-01-10,-0.20473304235552983,-0.17862853292547554,False
k15_no_stats_no_fusion_20260823,2024-01-11,0.2593548318141647,0.288755299595541,False
k15_no_stats_no_fusion_20260823,2024-01-12,-0.03243759100165566,0.0010321668884205862,False
k15_no_stats_no_fusion_20260823,2024-01-15,0.03293761524704792,0.0572665352656743,False
k15_no_stats_no_fusion_20260823,2024-01-16,0.15749012553327532,0.2799420186740821,False
k15_no_stats_no_fusion_20260823,2024-01-17,-0.16144729392242924,-0.16034788765944766,False
k15_no_stats_no_fusion_20260823,2024-01-18,0.15678740331956686,0.2553628740088015,False
k15_no_stats_no_fusion_20260823,2024-01-19,0.07182382491008527,0.08231379805246068,False
k15_no_stats_no_fusion_20260823,2024-01-22,-0.031431337940314746,-0.014616936909516633,False
k15_no_stats_no_fusion_20260823,2024-01-23,0.12272991168031192,0.2039651630032676,False
k15_no_stats_no_fusion_20260823,2024-01-24,0.1018848032806141,0.16266781682806178,False
k15_no_stats_no_fusion_20260823,2024-01-25,0.1281505265999465,0.2753479841700752,False
k15_no_stats_no_fusion_20260823,2024-01-26,0.22779539530016032,0.2561167632682987,False
k15_no_stats_no_fusion_20260823,2024-01-29,0.10199988139785506,0.12069742275108476,False
k15_no_stats_no_fusion_20260823,2024-01-30,0.121414451461193,0.17307123305069252,False
k15_no_stats_no_fusion_20260823,2024-01-31,-0.09185143855491779,-0.08430562651330631,False
k15_no_stats_no_fusion_20260823,2024-02-01,-0.024082874599182152,0.06985858786034749,True
k15_no_stats_no_fusion_20260823,2024-02-02,0.17277328674260817,0.22651189366098495,True
k15_no_stats_no_fusion_20260823,2024-02-05,0.13794024242557476,0.14014800009018466,True
k15_no_stats_no_fusion_20260823,2024-02-06,0.052816541017163404,0.06830512228852267,True
k15_no_stats_no_fusion_20260823,2024-02-07,0.050122939701340116,0.0470972019766569,True
k15_no_stats_no_fusion_20260823,2024-02-08,-0.14701607620824397,-0.11606908106829754,False
k15_no_stats_no_fusion_20260823,2024-02-19,-0.06315403436369353,-0.03352170087425585,False
k15_no_stats_no_fusion_20260823,2024-02-20,-0.1434520839055768,-0.1273994064726381,False
k15_no_stats_no_fusion_20260823,2024-02-21,-0.17007450709876565,-0.16523459317772893,False
k15_no_stats_no_fusion_20260823,2024-02-22,-0.04308815877767384,-0.03564946051463498,False
k15_no_stats_no_fusion_20260823,2024-02-23,-0.01809663001422821,0.005461832722546903,False
k15_no_stats_no_fusion_20260823,2024-02-26,-0.2278937371698335,-0.22672829042234593,False
k15_no_stats_no_fusion_20260823,2024-02-27,0.025848087447426272,0.22402450988772543,True
k15_no_stats_no_fusion_20260823,2024-02-28,-0.05730168778789762,-0.04977585518349259,True
k15_no_stats_no_fusion_20260823,2024-02-29,-0.08802029442638375,-0.06823295298477046,False
k15_no_stats_no_fusion_20260823,2024-03-01,-0.04274407674619188,0.00623814769787443,False
k15_no_stats_no_fusion_20260823,2024-03-04,-0.013290827918329449,0.1574385444789792,False
k15_no_stats_no_fusion_20260823,2024-03-05,0.046737631697526656,0.10721434785348719,False
k15_no_stats_no_fusion_20260823,2024-03-06,0.07903138967156,0.20703338305015279,False
k15_no_stats_no_fusion_20260823,2024-03-07,0.05989317280875049,0.07291037447821322,False
k15_no_stats_no_fusion_20260823,2024-03-08,-0.05066260015668456,-0.048664960789656354,False
k15_no_stats_no_fusion_20260823,2024-03-11,-0.06178472201990803,-0.04514273317628986,False
k15_no_stats_no_fusion_20260823,2024-03-12,0.05100383496223002,0.06045578201222773,False
k15_no_stats_no_fusion_20260823,2024-03-13,0.07019187033677401,0.2055283857805253,False
k15_no_stats_no_fusion_20260823,2024-03-14,0.06837205673305663,0.08277732454053485,False
k15_no_stats_no_fusion_20260823,2024-03-15,-0.06811705459088749,-0.0582765744790835,False
k15_no_stats_no_fusion_20260823,2024-03-18,0.0602244070522067,0.10352639320192628,False
k15_no_stats_no_fusion_20260823,2024-03-19,-0.06692679000482848,-0.056050573026130965,False
k15_no_stats_no_fusion_20260823,2024-03-20,0.03509029172279751,0.1378862544297513,False
k15_no_stats_no_fusion_20260823,2024-03-21,-0.08222292316312194,-0.05691214279063286,True
k15_no_stats_no_fusion_20260823,2024-03-22,0.15009009596523465,0.25789364202971227,False
k15_no_stats_no_fusion_20260823,2024-03-25,0.061112614379804364,0.07047116799899843,False
k15_no_stats_no_fusion_20260823,2024-03-26,0.11772062808880063,0.2626550458126109,False
k15_no_stats_no_fusion_20260823,2024-03-27,-0.16546553472411019,-0.14085768666621903,False
k15_no_stats_no_fusion_20260823,2024-03-28,0.07928251573740744,0.1285054479005365,False
k15_no_stats_no_fusion_20260823,2024-03-29,0.09292624196778074,0.12557451988394314,False
k15_no_stats_no_fusion_20260823,2024-04-01,0.17312661727391004,0.32317357051605916,True
k15_no_stats_no_fusion_20260823,2024-04-02,0.1473619484334825,0.21406081755921627,False
k15_no_stats_no_fusion_20260823,2024-04-03,-0.022381477290188002,0.08776743427101144,False
k15_no_stats_no_fusion_20260823,2024-04-08,0.17014387093667727,0.20154510093910508,False
k15_no_stats_no_fusion_20260823,2024-04-09,0.10328809303506814,0.18568939772502002,False
k15_no_stats_no_fusion_20260823,2024-04-10,-0.01871330813784382,0.04506318666164591,False
k15_no_stats_no_fusion_20260823,2024-04-11,0.143231092911347,0.1850244279680071,False
k15_no_stats_no_fusion_20260823,2024-04-12,0.011504312230834552,0.03822548339960046,True
k15_no_stats_no_fusion_20260823,2024-04-15,0.05425911014185657,0.07974649921098446,True
k15_no_stats_no_fusion_20260823,2024-04-16,-0.1459827326391097,-0.12644199899482159,True
k15_no_stats_no_fusion_20260823,2024-04-17,-0.06661933220896739,-0.013132744402797962,False
k15_no_stats_no_fusion_20260823,2024-04-18,0.04528804591242329,0.09556408960215945,True
k15_no_stats_no_fusion_20260823,2024-04-19,0.06725223498925899,0.09877798685537642,True
k15_no_stats_no_fusion_20260823,2024-04-22,-0.0050673363291031965,0.004161731385280475,False
k15_no_stats_no_fusion_20260823,2024-04-23,0.016432834666778622,0.01616590423753359,True
k15_no_stats_no_fusion_20260823,2024-04-24,0.03298352491955812,0.058589543975090086,False
k15_no_stats_no_fusion_20260823,2024-04-25,-0.05213306446342306,-0.03511951319137461,True
k15_no_stats_no_fusion_20260823,2024-04-26,0.05134305650301064,0.08004659913991015,True
k15_no_stats_no_fusion_20260823,2024-04-29,0.09024554809459061,0.17333113909785294,True
k15_no_stats_no_fusion_20260823,2024-04-30,-0.03215667121311174,-0.0065279392637402,False
k15_no_stats_no_fusion_20260823,2024-05-06,0.06310474631510603,0.07708983279739239,False
k15_no_stats_no_fusion_20260823,2024-05-07,0.02272801322014918,0.08624340859134419,False
k15_no_stats_no_fusion_20260823,2024-05-08,-0.0004296040315039939,0.03971732805608778,False
k15_no_stats_no_fusion_20260823,2024-05-09,0.13984026794352558,0.2617584734370576,False
k15_no_stats_no_fusion_20260823,2024-05-10,0.015518856054195255,0.036902288658729604,True
k15_no_stats_no_fusion_20260823,2024-05-13,0.044860750896115444,0.0763870398250558,False
k15_no_stats_no_fusion_20260823,2024-05-14,0.07683244518492867,0.1279605031037534,False
k15_no_stats_no_fusion_20260823,2024-05-15,0.04036561710868119,0.06410189536663394,True
k15_no_stats_no_fusion_20260823,2024-05-16,0.011993067648316008,0.023508579157364828,False
k15_no_stats_no_fusion_20260823,2024-05-17,-0.04624165693629007,0.015992858748581647,False
k15_no_stats_no_fusion_20260823,2024-05-20,0.09171875508640344,0.13189403810629846,False
k15_no_stats_no_fusion_20260823,2024-05-21,0.00561122673711766,0.027552273196222065,False
k15_no_stats_no_fusion_20260823,2024-05-22,0.04638955315301553,0.11574379977362467,False
k15_no_stats_no_fusion_20260823,2024-05-23,0.18294605368763042,0.23879550872296482,False
k15_no_stats_no_fusion_20260823,2024-05-24,0.06711153507959641,0.08501705485020027,False
k15_no_stats_no_fusion_20260823,2024-05-27,-0.024330534725650017,-0.01230966240584612,False
k15_no_stats_no_fusion_20260823,2024-05-28,0.02937275890847886,0.04415577863610039,False
k15_no_stats_no_fusion_20260823,2024-05-29,0.05055588366238696,0.10526052136582098,False
k15_no_stats_no_fusion_20260823,2024-05-30,0.02333674297517185,0.024591037816469312,False
k15_no_stats_no_fusion_20260823,2024-05-31,-0.13952745532361396,-0.10837191176323277,False
k15_no_stats_no_fusion_20260823,2024-06-03,-0.043846359846089145,0.06486458893111063,False
k15_no_stats_no_fusion_20260823,2024-06-04,0.03258494893691345,0.04329370339369367,False
k15_no_stats_no_fusion_20260823,2024-06-05,0.09199987977193148,0.13840434100232485,False
k15_no_stats_no_fusion_20260823,2024-06-06,0.23094808311863246,0.29098117304797144,False
k15_no_stats_no_fusion_20260823,2024-06-07,-0.18626874134327653,-0.1833466771533991,False
k15_no_stats_no_fusion_20260823,2024-06-11,-0.06272060626918687,-0.04729071753799602,False
k15_no_stats_no_fusion_20260823,2024-06-12,-0.046401863263446926,-0.03504549390196034,True
k15_no_stats_no_fusion_20260823,2024-06-13,-0.0392759340832625,0.021159698188522032,False
k15_no_stats_no_fusion_20260823,2024-06-14,-0.0849079686737754,-0.07538083550298451,False
k15_no_stats_no_fusion_20260823,2024-06-17,-0.05184799773607789,-0.013484908668132138,False
k15_no_stats_no_fusion_20260823,2024-06-18,0.030146405482319727,0.07501129051332395,False
k15_no_stats_no_fusion_20260823,2024-06-19,0.1600401074099787,0.16996182228232107,False
k15_no_stats_no_fusion_20260823,2024-06-20,0.11999702720697127,0.1277132764831596,False
k15_no_stats_no_fusion_20260823,2024-06-21,0.005072681268065789,0.06115756890412039,False
k15_no_stats_no_fusion_20260823,2024-06-24,0.24728939272323902,0.2726814012739595,False
k15_no_stats_no_fusion_20260823,2024-06-25,0.019703266056445047,0.027327795897053246,False
k15_no_stats_no_fusion_20260823,2024-06-26,-0.025321081591229953,0.007214280490623911,False
k15_no_stats_no_fusion_20260823,2024-06-27,-0.018323254845426636,-0.0011026898433390232,False
k15_no_stats_no_fusion_20260823,2024-06-28,0.08988718334860488,0.16042071731244717,False
k15_no_stats_no_fusion_20260823,2024-07-01,0.07830455383903537,0.1235252617694579,False
k15_no_stats_no_fusion_20260823,2024-07-02,0.043285784208505027,0.07131031921769407,False
k15_no_stats_no_fusion_20260823,2024-07-03,0.11521351119062395,0.1561578768285732,False
k15_no_stats_no_fusion_20260823,2024-07-04,0.09201562095187889,0.11694432606532379,False
k15_no_stats_no_fusion_20260823,2024-07-05,0.07550218347864805,0.11508472839810986,False
k15_no_stats_no_fusion_20260823,2024-07-08,-0.13670259513831134,-0.13126394484102363,True
k15_no_stats_no_fusion_20260823,2024-07-09,-0.20726427159381047,-0.20436360487286104,False
k15_no_stats_no_fusion_20260823,2024-07-10,0.08640925160069915,0.10771667641735334,False
k15_no_stats_no_fusion_20260823,2024-07-11,0.03224764621535999,0.06361584415672346,False
k15_no_stats_no_fusion_20260823,2024-07-12,-0.006258175455654751,0.0967496957419974,False
k15_no_stats_no_fusion_20260823,2024-07-15,-0.15190174685593463,-0.15670760083896113,False
k15_no_stats_no_fusion_20260823,2024-07-16,0.14241960543348625,0.24328392905137214,False
k15_no_stats_no_fusion_20260823,2024-07-17,0.05989796446438336,0.0639193817221767,False
k15_no_stats_no_fusion_20260823,2024-07-18,-0.07463891401303414,-0.06094869622986094,True
k15_no_stats_no_fusion_20260823,2024-07-19,-0.07711815968418037,-0.05822413619884984,False
k15_no_stats_no_fusion_20260823,2024-07-22,0.017508111388136897,0.13225123693663124,False
k15_no_stats_no_fusion_20260823,2024-07-23,0.08345499196733211,0.11329177483198954,False
k15_no_stats_no_fusion_20260823,2024-07-24,0.033490279320518325,0.05164518922193639,False
k15_no_stats_no_fusion_20260823,2024-07-25,0.029407104974298402,0.046568832517402306,False
k15_no_stats_no_fusion_20260823,2024-07-26,-0.05859486629909632,0.007209741761955895,False
k15_no_stats_no_fusion_20260823,2024-07-29,0.019971825071258817,0.027594427057837722,False
k15_no_stats_no_fusion_20260823,2024-07-30,-0.057081775934773135,-0.042392964844103015,False
k15_no_stats_no_fusion_20260823,2024-07-31,0.006511350795913953,0.09543255988222626,False
k15_no_stats_no_fusion_20260823,2024-08-01,0.1490339444091945,0.20261787591799632,False
k15_no_stats_no_fusion_20260823,2024-08-02,0.1060109514951176,0.13253264699881967,False
k15_no_stats_no_fusion_20260823,2024-08-05,0.08438295110830382,0.1010897638087083,False
k15_no_stats_no_fusion_20260823,2024-08-06,0.06390760699607942,0.10454078149170937,False
k15_no_stats_no_fusion_20260823,2024-08-07,0.16884357112420864,0.22642765420510969,False
k15_no_stats_no_fusion_20260823,2024-08-08,0.22368786033339327,0.2740024130734183,False
k15_no_stats_no_fusion_20260823,2024-08-09,0.1101920201073911,0.13700615609793632,False
k15_no_stats_no_fusion_20260823,2024-08-12,0.026969890603975515,0.04208634680729462,False
k15_no_stats_no_fusion_20260823,2024-08-13,0.003070732306699664,0.10807016142201302,False
k15_no_stats_no_fusion_20260823,2024-08-14,-0.049675683279393236,-0.026927456218680597,False
k15_no_stats_no_fusion_20260823,2024-08-15,0.004647042684376641,0.02949374665819915,False
k15_no_stats_no_fusion_20260823,2024-08-16,0.06108092826669687,0.1431886950016601,False
k15_no_stats_no_fusion_20260823,2024-08-19,0.032427256459928194,0.11339448138583613,False
k15_no_stats_no_fusion_20260823,2024-08-20,0.00040465932038977697,0.012460680521727873,False
k15_no_stats_no_fusion_20260823,2024-08-21,0.151498233153584,0.23315284251790838,False
k15_no_stats_no_fusion_20260823,2024-08-22,-0.041312956688975264,-0.012852163137030768,False
k15_no_stats_no_fusion_20260823,2024-08-23,0.058268099922717996,0.1352484462854428,False
k15_no_stats_no_fusion_20260823,2024-08-26,0.1742133652509799,0.23061624093430683,False
k15_no_stats_no_fusion_20260823,2024-08-27,0.016365227341977696,0.037534737457346146,False
k15_no_stats_no_fusion_20260823,2024-08-28,-0.05333618901681531,-0.037680908741711726,False
k15_no_stats_no_fusion_20260823,2024-08-29,-0.21468684973697508,-0.2205745680703958,False
k15_no_stats_no_fusion_20260823,2024-08-30,0.051749948927939105,0.1755606560153992,False
k15_no_stats_no_fusion_20260823,2024-09-02,-0.015511464815407132,-0.008271004231232363,False
k15_no_stats_no_fusion_20260823,2024-09-03,-0.1685565879013827,-0.1572040889845375,False
k15_no_stats_no_fusion_20260823,2024-09-04,0.008790908276435146,0.05584148805484639,False
k15_no_stats_no_fusion_20260823,2024-09-05,0.059141828755273615,0.13880311344714022,False
k15_no_stats_no_fusion_20260823,2024-09-06,-0.0827690761167274,-0.07548893088465887,False
k15_no_stats_no_fusion_20260823,2024-09-09,-0.040019070664621244,-0.0365750450712371,False
k15_no_stats_no_fusion_20260823,2024-09-10,-0.16391964903800202,-0.16343018782804078,False
k15_no_stats_no_fusion_20260823,2024-09-11,0.12179804114508935,0.145321691551887,False
k15_no_stats_no_fusion_20260823,2024-09-12,0.120899451582032,0.17797843687399278,False
k15_no_stats_no_fusion_20260823,2024-09-13,0.0235084155898577,0.039010929214111915,False
k15_no_stats_no_fusion_20260823,2024-09-18,0.07222321474008227,0.16146229886976293,False
k15_no_stats_no_fusion_20260823,2024-09-19,-0.012645639415034552,0.030348557924881846,False
k15_no_stats_no_fusion_20260823,2024-09-20,-0.01576732997720764,0.012845665506680577,False
k15_no_stats_no_fusion_20260823,2024-09-23,0.06617497927762646,0.0801750660497307,True
k15_no_stats_no_fusion_20260823,2024-09-24,0.04484136662115763,0.11649900886969237,False
k15_no_stats_no_fusion_20260823,2024-09-25,0.013656886729686592,0.0436719834981809,True
k15_no_stats_no_fusion_20260823,2024-09-26,-0.19702634949483747,-0.19706148553861697,True
k15_no_stats_no_fusion_20260823,2024-09-27,0.11469524118984498,0.12721894260652175,True
k15_no_stats_no_fusion_20260823,2024-09-30,-0.09223418703562766,-0.07307027227915759,True
k15_no_stats_no_fusion_20260823,2024-10-08,0.006668432869016066,0.04893004122374747,True
k15_no_stats_no_fusion_20260823,2024-10-09,0.17645665674751904,0.2998113510621198,True
k15_no_stats_no_fusion_20260823,2024-10-10,0.040663279324558745,0.07749026222816058,True
k15_no_stats_no_fusion_20260823,2024-10-11,-0.1263438707712449,-0.10782599773380581,True
k15_no_stats_no_fusion_20260823,2024-10-14,-0.0751558414187131,-0.026569893026377817,False
k15_no_stats_no_fusion_20260823,2024-10-15,-0.017864463294440573,0.004891523845371082,True
k15_no_stats_no_fusion_20260823,2024-10-16,0.02754828732516676,0.055260701854836024,False
k15_no_stats_no_fusion_20260823,2024-10-17,-0.07940437355756677,-0.08098265354399586,True
k15_no_stats_no_fusion_20260823,2024-10-18,-0.210668861283024,-0.21490240618859482,True
k15_no_stats_no_fusion_20260823,2024-10-21,0.027531304074305336,0.1574941674317575,True
k15_no_stats_no_fusion_20260823,2024-10-22,0.10237898090185289,0.1281760063248758,True
k15_no_stats_no_fusion_20260823,2024-10-23,0.01164973156250168,0.05629333003244376,True
k15_no_stats_no_fusion_20260823,2024-10-24,0.048534341459319404,0.08712525504028198,True
k15_no_stats_no_fusion_20260823,2024-10-25,-0.02595751674440119,0.022825203608252374,True
k15_no_stats_no_fusion_20260823,2024-10-28,-0.02664537554744824,0.04902721200459602,True
k15_no_stats_no_fusion_20260823,2024-10-29,-0.06134771931616532,-0.017493201718272018,True
k15_no_stats_no_fusion_20260823,2024-10-30,-0.05410878270622312,-0.04096522991178245,True
k15_no_stats_no_fusion_20260823,2024-10-31,0.1989480681390651,0.30685766883938653,True
k15_no_stats_no_fusion_20260823,2024-11-01,-0.05645157746517194,-0.040287727096850905,True
k15_no_stats_no_fusion_20260823,2024-11-04,-0.09129482024524505,-0.08421839749012534,True
k15_no_stats_no_fusion_20260823,2024-11-05,-0.004127611466206208,0.06535641458567282,True
k15_no_stats_no_fusion_20260823,2024-11-06,0.045897495040895284,0.11549580931831739,True
k15_no_stats_no_fusion_20260823,2024-11-07,-0.015421523482892595,0.01708561219075575,True
k15_no_stats_no_fusion_20260823,2024-11-08,-0.09609747777682084,-0.09177142755080171,True
k15_no_stats_no_fusion_20260823,2024-11-11,-0.016982303550238005,0.15676503553527055,True
k15_no_stats_no_fusion_20260823,2024-11-12,0.07319960865935532,0.13381342722593792,False
k15_no_stats_no_fusion_20260823,2024-11-13,0.0720511836697482,0.2326305928689045,False
k15_no_stats_no_fusion_20260823,2024-11-14,0.13431786471923365,0.17619500860760237,True
k15_no_stats_no_fusion_20260823,2024-11-15,0.251307037765863,0.3185857781100364,True
k15_no_stats_no_fusion_20260823,2024-11-18,-0.08857206894279918,-0.07989916612309793,False
k15_no_stats_no_fusion_20260823,2024-11-19,-0.11547791527122107,-0.10702898664246858,True
k15_no_stats_no_fusion_20260823,2024-11-20,0.04999750789671715,0.09653376440930525,False
k15_no_stats_no_fusion_20260823,2024-11-21,-0.04161566660465156,0.02949512104303856,True
k15_no_stats_no_fusion_20260823,2024-11-22,0.15343380886094188,0.17636659398557966,True
k15_no_stats_no_fusion_20260823,2024-11-25,0.11748650091277792,0.2944204727620616,False
k15_no_stats_no_fusion_20260823,2024-11-26,-0.23681769900833452,-0.22957004948258725,True
k15_no_stats_no_fusion_20260823,2024-11-27,0.12896925633073608,0.2599750572528169,False
k15_no_stats_no_fusion_20260823,2024-11-28,-0.03544113643553826,-0.014823844048640155,False
k15_no_stats_no_fusion_20260823,2024-11-29,-0.01587024320264569,-0.007293561875483095,False
k15_no_stats_no_fusion_20260823,2024-12-02,0.05244964049831665,0.13734973040996912,False
k15_no_stats_no_fusion_20260823,2024-12-03,0.0855262004370382,0.12174906057356968,False
k15_no_stats_no_fusion_20260823,2024-12-04,-0.08010004305245849,-0.0764392406641914,True
k15_no_stats_no_fusion_20260823,2024-12-05,0.1803995391898183,0.32128727403484975,False
k15_no_stats_no_fusion_20260823,2024-12-06,-0.049775485273623715,-0.03146628273499489,False
k15_no_stats_no_fusion_20260823,2024-12-09,0.008656288629922664,0.05543173407017088,False
k15_no_stats_no_fusion_20260823,2024-12-10,-0.03299254790053703,0.007890688044846163,False
k15_no_stats_no_fusion_20260823,2024-12-11,-0.02403025869911511,0.08413169076729402,False
k15_no_stats_no_fusion_20260823,2024-12-12,-0.034715839724922426,-0.001247401112223184,True
k15_no_stats_no_fusion_20260823,2024-12-13,0.1451347681824975,0.23430893569303382,False
k15_no_stats_no_fusion_20260823,2024-12-16,0.11479217900960424,0.1728558040817183,False
k15_no_stats_no_fusion_20260823,2024-12-17,-0.05687778521824226,-0.03805881986298312,True
k15_no_stats_no_fusion_20260823,2024-12-18,-0.07570800101873543,-0.0524856522283618,False
k15_no_stats_no_fusion_20260823,2024-12-19,-0.2862366177021204,-0.2872728982691317,False
k15_no_stats_no_fusion_20260823,2024-12-20,0.0962266504993799,0.2025768664566887,False
k15_no_stats_no_fusion_20260823,2024-12-23,0.032980653487054146,0.04001649817966417,False
k15_no_stats_no_fusion_20260823,2024-12-24,0.05090983055049991,0.13057667605719395,False
k15_no_stats_no_fusion_20260823,2024-12-25,-0.1889204774083076,-0.18566237372856056,False
k15_no_stats_no_fusion_20260823,2024-12-26,0.12309239273664575,0.29323901283515924,False
k15_no_stats_no_fusion_20260823,2024-12-27,0.09115430652998355,0.127881199112884,False
k15_no_stats_no_fusion_no_deepsets_20260823,2024-01-02,0.12052377745127019,0.15591488491990765,False
k15_no_stats_no_fusion_no_deepsets_20260823,2024-01-03,0.0689629681573664,0.10905067331168673,False
k15_no_stats_no_fusion_no_deepsets_20260823,2024-01-04,0.18864987769095745,0.28939894234046504,False
k15_no_stats_no_fusion_no_deepsets_20260823,2024-01-05,0.011856343625706464,0.028509946821919797,False
k15_no_stats_no_fusion_no_deepsets_20260823,2024-01-08,0.14230307051888777,0.1723562596784667,False
k15_no_stats_no_fusion_no_deepsets_20260823,2024-01-09,0.07810486766206381,0.0832773419163055,False
k15_no_stats_no_fusion_no_deepsets_20260823,2024-01-10,-0.19612948734261984,-0.16757929815203212,False
k15_no_stats_no_fusion_no_deepsets_20260823,2024-01-11,0.2450739068893619,0.2745936801250475,False
k15_no_stats_no_fusion_no_deepsets_20260823,2024-01-12,-0.035045708013469595,-0.0030747582005470585,False
k15_no_stats_no_fusion_no_deepsets_20260823,2024-01-15,0.02524862990660718,0.04951987697264124,False
k15_no_stats_no_fusion_no_deepsets_20260823,2024-01-16,0.16262951578307192,0.2810423460900035,False
k15_no_stats_no_fusion_no_deepsets_20260823,2024-01-17,-0.160639106473478,-0.1576215668515304,False
k15_no_stats_no_fusion_no_deepsets_20260823,2024-01-18,0.14866806997204315,0.24782837105328717,False
k15_no_stats_no_fusion_no_deepsets_20260823,2024-01-19,0.06317625205497102,0.07334949854474514,False
k15_no_stats_no_fusion_no_deepsets_20260823,2024-01-22,-0.021718012518899297,-0.0023319571594128236,False
k15_no_stats_no_fusion_no_deepsets_20260823,2024-01-23,0.12761457664698983,0.20803374751329762,False
k15_no_stats_no_fusion_no_deepsets_20260823,2024-01-24,0.0980843991556969,0.1575586170448011,False
k15_no_stats_no_fusion_no_deepsets_20260823,2024-01-25,0.12537448749133348,0.2771844194654789,False
k15_no_stats_no_fusion_no_deepsets_20260823,2024-01-26,0.225185874732932,0.25408034671032226,False
k15_no_stats_no_fusion_no_deepsets_20260823,2024-01-29,0.09815892767991055,0.11860019276361791,False
k15_no_stats_no_fusion_no_deepsets_20260823,2024-01-30,0.11154680135333035,0.1653159983824424,False
k15_no_stats_no_fusion_no_deepsets_20260823,2024-01-31,-0.10900914089645582,-0.10097399691939732,False
k15_no_stats_no_fusion_no_deepsets_20260823,2024-02-01,-0.03847027585308591,0.06428027562780389,True
k15_no_stats_no_fusion_no_deepsets_20260823,2024-02-02,0.13983991678441532,0.19367235612848802,True
k15_no_stats_no_fusion_no_deepsets_20260823,2024-02-05,0.13050027963501648,0.13306424986650658,True
k15_no_stats_no_fusion_no_deepsets_20260823,2024-02-06,0.045408484343826265,0.06146302527750117,True
k15_no_stats_no_fusion_no_deepsets_20260823,2024-02-07,0.0499977252458656,0.047077111915745276,True
k15_no_stats_no_fusion_no_deepsets_20260823,2024-02-08,-0.14208466741659478,-0.11175532875055896,False
k15_no_stats_no_fusion_no_deepsets_20260823,2024-02-19,-0.05881177292360738,-0.030104086631232964,False
k15_no_stats_no_fusion_no_deepsets_20260823,2024-02-20,-0.13295861633493306,-0.1174529846295128,False
k15_no_stats_no_fusion_no_deepsets_20260823,2024-02-21,-0.16726141386806354,-0.16234969232473614,False
k15_no_stats_no_fusion_no_deepsets_20260823,2024-02-22,-0.030032027447400637,-0.022993669343068887,False
k15_no_stats_no_fusion_no_deepsets_20260823,2024-02-23,-0.010452566968076213,0.012527043321027737,False
k15_no_stats_no_fusion_no_deepsets_20260823,2024-02-26,-0.20975284403346314,-0.2091717376579882,False
k15_no_stats_no_fusion_no_deepsets_20260823,2024-02-27,0.020355372385736516,0.2183775876163542,True
k15_no_stats_no_fusion_no_deepsets_20260823,2024-02-28,-0.028351860797010103,-0.01891091066758823,True
k15_no_stats_no_fusion_no_deepsets_20260823,2024-02-29,-0.07719734972471397,-0.0580855694815089,False
k15_no_stats_no_fusion_no_deepsets_20260823,2024-03-01,-0.04971266624025971,-0.0010365312977372175,False
k15_no_stats_no_fusion_no_deepsets_20260823,2024-03-04,-0.017595292393823812,0.14736308324972217,False
k15_no_stats_no_fusion_no_deepsets_20260823,2024-03-05,0.039313393672177635,0.09832776195094232,False
k15_no_stats_no_fusion_no_deepsets_20260823,2024-03-06,0.06691656808219232,0.19436258449998886,False
k15_no_stats_no_fusion_no_deepsets_20260823,2024-03-07,0.05145310489417614,0.06549631089671562,False
k15_no_stats_no_fusion_no_deepsets_20260823,2024-03-08,-0.04693670728786149,-0.04430987697786878,False
k15_no_stats_no_fusion_no_deepsets_20260823,2024-03-11,-0.07698650779617576,-0.06071464135923239,False
k15_no_stats_no_fusion_no_deepsets_20260823,2024-03-12,0.06886672720719039,0.07816165144517116,False
k15_no_stats_no_fusion_no_deepsets_20260823,2024-03-13,0.06520538386572287,0.19503492342332124,False
k15_no_stats_no_fusion_no_deepsets_20260823,2024-03-14,0.06657441845756015,0.08150878878690626,False
k15_no_stats_no_fusion_no_deepsets_20260823,2024-03-15,-0.06877730832122472,-0.05928106128075287,False
k15_no_stats_no_fusion_no_deepsets_20260823,2024-03-18,0.05613277075225512,0.09844635496502299,False
k15_no_stats_no_fusion_no_deepsets_20260823,2024-03-19,-0.044003543785301566,-0.03242161997492684,False
k15_no_stats_no_fusion_no_deepsets_20260823,2024-03-20,0.031519773041756904,0.13357385721991977,False
k15_no_stats_no_fusion_no_deepsets_20260823,2024-03-21,-0.06839083701327404,-0.04284068127569112,True
k15_no_stats_no_fusion_no_deepsets_20260823,2024-03-22,0.14950658315134996,0.25690332162666163,False
k15_no_stats_no_fusion_no_deepsets_20260823,2024-03-25,0.028375860251656594,0.03894009635069945,False
k15_no_stats_no_fusion_no_deepsets_20260823,2024-03-26,0.10458581337592547,0.24551493156612,False
k15_no_stats_no_fusion_no_deepsets_20260823,2024-03-27,-0.13987311565527016,-0.11313135722836021,False
k15_no_stats_no_fusion_no_deepsets_20260823,2024-03-28,0.07131981079925633,0.12087392170793382,False
k15_no_stats_no_fusion_no_deepsets_20260823,2024-03-29,0.09321576410437502,0.12434415527437122,False
k15_no_stats_no_fusion_no_deepsets_20260823,2024-04-01,0.174858346431152,0.3193675322196903,True
k15_no_stats_no_fusion_no_deepsets_20260823,2024-04-02,0.13562662696229869,0.20294978300281663,False
k15_no_stats_no_fusion_no_deepsets_20260823,2024-04-03,-0.03904113061854467,0.07012348513683994,False
k15_no_stats_no_fusion_no_deepsets_20260823,2024-04-08,0.16247203204671054,0.19442578291673004,False
k15_no_stats_no_fusion_no_deepsets_20260823,2024-04-09,0.09937300462629044,0.17898232140113635,False
k15_no_stats_no_fusion_no_deepsets_20260823,2024-04-10,-0.0189980897078159,0.04212297856694903,False
k15_no_stats_no_fusion_no_deepsets_20260823,2024-04-11,0.12859605959116763,0.17070161398103456,False
k15_no_stats_no_fusion_no_deepsets_20260823,2024-04-12,0.009691134540328512,0.035542102098107924,True
k15_no_stats_no_fusion_no_deepsets_20260823,2024-04-15,0.043963259921926165,0.06898180002219798,True
k15_no_stats_no_fusion_no_deepsets_20260823,2024-04-16,-0.10849886973926878,-0.08687113430278658,True
k15_no_stats_no_fusion_no_deepsets_20260823,2024-04-17,-0.06749970542216273,-0.01494274758761399,False
k15_no_stats_no_fusion_no_deepsets_20260823,2024-04-18,0.049855491598268686,0.09967847208362668,True
k15_no_stats_no_fusion_no_deepsets_20260823,2024-04-19,0.029667548148890863,0.060528703769175914,True
k15_no_stats_no_fusion_no_deepsets_20260823,2024-04-22,0.003211558444797089,0.012579281975794545,False
k15_no_stats_no_fusion_no_deepsets_20260823,2024-04-23,0.027276374317498284,0.028038137514354543,True
k15_no_stats_no_fusion_no_deepsets_20260823,2024-04-24,0.03719265773307666,0.062374725959735096,False
k15_no_stats_no_fusion_no_deepsets_20260823,2024-04-25,-0.038284611054676246,-0.021685101161887748,True
k15_no_stats_no_fusion_no_deepsets_20260823,2024-04-26,0.05854832866658787,0.08673569886583159,True
k15_no_stats_no_fusion_no_deepsets_20260823,2024-04-29,0.08051678934255865,0.1618705995533141,True
k15_no_stats_no_fusion_no_deepsets_20260823,2024-04-30,-0.03086787340579291,-0.004279386260259918,False
k15_no_stats_no_fusion_no_deepsets_20260823,2024-05-06,0.06836371744747373,0.0821642659502531,False
k15_no_stats_no_fusion_no_deepsets_20260823,2024-05-07,0.02563785783556893,0.08826541805345282,False
k15_no_stats_no_fusion_no_deepsets_20260823,2024-05-08,-0.0032393566602553197,0.03613301993446011,False
k15_no_stats_no_fusion_no_deepsets_20260823,2024-05-09,0.1397859643537179,0.2608732966663656,False
k15_no_stats_no_fusion_no_deepsets_20260823,2024-05-10,0.012447347891790589,0.03314007268737057,True
k15_no_stats_no_fusion_no_deepsets_20260823,2024-05-13,0.034806208282489,0.06654243587443523,False
k15_no_stats_no_fusion_no_deepsets_20260823,2024-05-14,0.07581093943795719,0.12662253189872752,False
k15_no_stats_no_fusion_no_deepsets_20260823,2024-05-15,0.04082464457223871,0.06459713540482655,True
k15_no_stats_no_fusion_no_deepsets_20260823,2024-05-16,0.018899810729210095,0.029911258152446683,False
k15_no_stats_no_fusion_no_deepsets_20260823,2024-05-17,-0.032395639608390925,0.025729937853648025,False
k15_no_stats_no_fusion_no_deepsets_20260823,2024-05-20,0.08595920732286867,0.12563160603142726,False
k15_no_stats_no_fusion_no_deepsets_20260823,2024-05-21,0.018099592279024704,0.03950453793718619,False
k15_no_stats_no_fusion_no_deepsets_20260823,2024-05-22,0.04053464550109269,0.10777716752142555,False
k15_no_stats_no_fusion_no_deepsets_20260823,2024-05-23,0.17420170945750213,0.22778947110723174,False
k15_no_stats_no_fusion_no_deepsets_20260823,2024-05-24,0.05522707132796512,0.0737102277986244,False
k15_no_stats_no_fusion_no_deepsets_20260823,2024-05-27,-0.015229377672057814,-0.003650586666806981,False
k15_no_stats_no_fusion_no_deepsets_20260823,2024-05-28,0.04085434863274734,0.0552758634973791,False
k15_no_stats_no_fusion_no_deepsets_20260823,2024-05-29,0.032658888230720204,0.08737575971420687,False
k15_no_stats_no_fusion_no_deepsets_20260823,2024-05-30,0.024127628600395825,0.025553770288459437,False
k15_no_stats_no_fusion_no_deepsets_20260823,2024-05-31,-0.15269045503247408,-0.12278559619401117,False
k15_no_stats_no_fusion_no_deepsets_20260823,2024-06-03,-0.05447450510279376,0.049964999207259254,False
k15_no_stats_no_fusion_no_deepsets_20260823,2024-06-04,0.023030889952961906,0.033701020440858404,False
k15_no_stats_no_fusion_no_deepsets_20260823,2024-06-05,0.08208359063693063,0.12888753331651712,False
k15_no_stats_no_fusion_no_deepsets_20260823,2024-06-06,0.21246508076297269,0.2718630225030031,False
k15_no_stats_no_fusion_no_deepsets_20260823,2024-06-07,-0.19256067363832843,-0.18945422273107562,False
k15_no_stats_no_fusion_no_deepsets_20260823,2024-06-11,-0.0472427605934273,-0.03227960542689762,False
k15_no_stats_no_fusion_no_deepsets_20260823,2024-06-12,-0.023151415109754003,-0.012217855880948718,True
k15_no_stats_no_fusion_no_deepsets_20260823,2024-06-13,-0.03329834054841524,0.024955048179070148,False
k15_no_stats_no_fusion_no_deepsets_20260823,2024-06-14,-0.07156620248092488,-0.06215888861438693,False
k15_no_stats_no_fusion_no_deepsets_20260823,2024-06-17,-0.029592373759869655,0.00831188652086601,False
k15_no_stats_no_fusion_no_deepsets_20260823,2024-06-18,0.0324227001615186,0.07669257349723789,False
k15_no_stats_no_fusion_no_deepsets_20260823,2024-06-19,0.14849904576912873,0.15821471636064302,False
k15_no_stats_no_fusion_no_deepsets_20260823,2024-06-20,0.10448224709304554,0.11260844117124688,False
k15_no_stats_no_fusion_no_deepsets_20260823,2024-06-21,-0.00011084032589872579,0.05576602592958472,False
k15_no_stats_no_fusion_no_deepsets_20260823,2024-06-24,0.21993573233780292,0.24514541669698076,False
k15_no_stats_no_fusion_no_deepsets_20260823,2024-06-25,0.028981243764994804,0.037457218452432016,False
k15_no_stats_no_fusion_no_deepsets_20260823,2024-06-26,-0.02764188716785068,0.003762559394710111,False
k15_no_stats_no_fusion_no_deepsets_20260823,2024-06-27,-0.022598167135275706,-0.00752985452315577,False
k15_no_stats_no_fusion_no_deepsets_20260823,2024-06-28,0.093221580612753,0.1628468388361241,False
k15_no_stats_no_fusion_no_deepsets_20260823,2024-07-01,0.08832042369925178,0.13364453967805368,False
k15_no_stats_no_fusion_no_deepsets_20260823,2024-07-02,0.03999500430148806,0.06731030978098464,False
k15_no_stats_no_fusion_no_deepsets_20260823,2024-07-03,0.10527797780335886,0.1475529719450385,False
k15_no_stats_no_fusion_no_deepsets_20260823,2024-07-04,0.10259860951312484,0.12739291937252809,False
k15_no_stats_no_fusion_no_deepsets_20260823,2024-07-05,0.05065477982457012,0.087109182528361,False
k15_no_stats_no_fusion_no_deepsets_20260823,2024-07-08,-0.11334416382813874,-0.10838279737424227,True
k15_no_stats_no_fusion_no_deepsets_20260823,2024-07-09,-0.18421984787148757,-0.1815805139051298,False
k15_no_stats_no_fusion_no_deepsets_20260823,2024-07-10,0.10478424262902522,0.1251980166459493,False
k15_no_stats_no_fusion_no_deepsets_20260823,2024-07-11,0.031791475902463937,0.06252346755230381,False
k15_no_stats_no_fusion_no_deepsets_20260823,2024-07-12,-0.025413177167738287,0.07772453068874832,False
k15_no_stats_no_fusion_no_deepsets_20260823,2024-07-15,-0.12818017460974898,-0.13369581980937634,False
k15_no_stats_no_fusion_no_deepsets_20260823,2024-07-16,0.15189332586138388,0.2516812403839446,False
k15_no_stats_no_fusion_no_deepsets_20260823,2024-07-17,0.0501011026968207,0.054519085552137136,False
k15_no_stats_no_fusion_no_deepsets_20260823,2024-07-18,-0.08172581160444439,-0.06832390107425654,True
k15_no_stats_no_fusion_no_deepsets_20260823,2024-07-19,-0.06567990239704805,-0.047070532509239656,False
k15_no_stats_no_fusion_no_deepsets_20260823,2024-07-22,0.0014641957933836686,0.11271348402204716,False
k15_no_stats_no_fusion_no_deepsets_20260823,2024-07-23,0.056626872516731604,0.08993713947740176,False
k15_no_stats_no_fusion_no_deepsets_20260823,2024-07-24,0.04297473152141162,0.061073576161601376,False
k15_no_stats_no_fusion_no_deepsets_20260823,2024-07-25,0.042611214460115385,0.06009159150107234,False
k15_no_stats_no_fusion_no_deepsets_20260823,2024-07-26,-0.05803197131895922,0.006862119574732116,False
k15_no_stats_no_fusion_no_deepsets_20260823,2024-07-29,0.024348120653984676,0.03147535134124026,False
k15_no_stats_no_fusion_no_deepsets_20260823,2024-07-30,-0.06521698655317963,-0.05098209199325731,False
k15_no_stats_no_fusion_no_deepsets_20260823,2024-07-31,0.0024789860454766527,0.0915364946739222,False
k15_no_stats_no_fusion_no_deepsets_20260823,2024-08-01,0.1413660871263585,0.19455515687020983,False
k15_no_stats_no_fusion_no_deepsets_20260823,2024-08-02,0.0929842457645143,0.11950277044993642,False
k15_no_stats_no_fusion_no_deepsets_20260823,2024-08-05,0.0849660078355825,0.10090643029104658,False
k15_no_stats_no_fusion_no_deepsets_20260823,2024-08-06,0.07326873534834293,0.11224175084676151,False
k15_no_stats_no_fusion_no_deepsets_20260823,2024-08-07,0.15852722086301327,0.21737143359352776,False
k15_no_stats_no_fusion_no_deepsets_20260823,2024-08-08,0.2248629374395043,0.2754724584296543,False
k15_no_stats_no_fusion_no_deepsets_20260823,2024-08-09,0.09230888012961713,0.11807971222226119,False
k15_no_stats_no_fusion_no_deepsets_20260823,2024-08-12,0.02667473362166911,0.040886375837280414,False
k15_no_stats_no_fusion_no_deepsets_20260823,2024-08-13,0.008137975482620024,0.10971188023838176,False
k15_no_stats_no_fusion_no_deepsets_20260823,2024-08-14,-0.04510632400444885,-0.022952297625097057,False
k15_no_stats_no_fusion_no_deepsets_20260823,2024-08-15,0.009374612861159735,0.034223171025677845,False
k15_no_stats_no_fusion_no_deepsets_20260823,2024-08-16,0.06081877601683178,0.14315582488407072,False
k15_no_stats_no_fusion_no_deepsets_20260823,2024-08-19,0.02934465537594308,0.10885782412807297,False
k15_no_stats_no_fusion_no_deepsets_20260823,2024-08-20,0.02705084514853472,0.03855295713042464,False
k15_no_stats_no_fusion_no_deepsets_20260823,2024-08-21,0.12663925838801862,0.20533297516330468,False
k15_no_stats_no_fusion_no_deepsets_20260823,2024-08-22,-0.03719460212069572,-0.008901541143651086,False
k15_no_stats_no_fusion_no_deepsets_20260823,2024-08-23,0.058366598295373336,0.1337356026792371,False
k15_no_stats_no_fusion_no_deepsets_20260823,2024-08-26,0.15776761073862988,0.2119108451918077,False
k15_no_stats_no_fusion_no_deepsets_20260823,2024-08-27,0.014909612005532619,0.03614301350353694,False
k15_no_stats_no_fusion_no_deepsets_20260823,2024-08-28,-0.04745465526396149,-0.03212618501696242,False
k15_no_stats_no_fusion_no_deepsets_20260823,2024-08-29,-0.20158752602096497,-0.20751776693992557,False
k15_no_stats_no_fusion_no_deepsets_20260823,2024-08-30,0.04404060240553744,0.16480451741628271,False
k15_no_stats_no_fusion_no_deepsets_20260823,2024-09-02,0.0025608875212205107,0.009092376720235553,False
k15_no_stats_no_fusion_no_deepsets_20260823,2024-09-03,-0.16079774267433367,-0.14990990081262462,False
k15_no_stats_no_fusion_no_deepsets_20260823,2024-09-04,0.01135777377388415,0.05918365276323104,False
k15_no_stats_no_fusion_no_deepsets_20260823,2024-09-05,0.05308236773310324,0.12625946310707972,False
k15_no_stats_no_fusion_no_deepsets_20260823,2024-09-06,-0.08403538455708098,-0.07435069523322808,False
k15_no_stats_no_fusion_no_deepsets_20260823,2024-09-09,-0.03751053912686649,-0.03396547294424732,False
k15_no_stats_no_fusion_no_deepsets_20260823,2024-09-10,-0.16857747351503988,-0.16765504392781289,False
k15_no_stats_no_fusion_no_deepsets_20260823,2024-09-11,0.1119010395566666,0.13456305867033028,False
k15_no_stats_no_fusion_no_deepsets_20260823,2024-09-12,0.1105030813889334,0.16877491395099897,False
k15_no_stats_no_fusion_no_deepsets_20260823,2024-09-13,0.00597745853671374,0.02075471547094368,False
k15_no_stats_no_fusion_no_deepsets_20260823,2024-09-18,0.06087725334096383,0.1473360701733723,False
k15_no_stats_no_fusion_no_deepsets_20260823,2024-09-19,-0.003337717339032614,0.03772524335870423,False
k15_no_stats_no_fusion_no_deepsets_20260823,2024-09-20,-0.01716458272590843,0.008916665966166146,False
k15_no_stats_no_fusion_no_deepsets_20260823,2024-09-23,0.06761609364110975,0.08130952057987925,True
k15_no_stats_no_fusion_no_deepsets_20260823,2024-09-24,0.033691827554205925,0.10492604681813335,False
k15_no_stats_no_fusion_no_deepsets_20260823,2024-09-25,0.016398981517494755,0.047462185641558415,True
k15_no_stats_no_fusion_no_deepsets_20260823,2024-09-26,-0.18132439647417686,-0.18186284914670425,True
k15_no_stats_no_fusion_no_deepsets_20260823,2024-09-27,0.018546586775209043,0.03030837121868064,True
k15_no_stats_no_fusion_no_deepsets_20260823,2024-09-30,-0.09981897613860163,-0.08045643583043528,True
k15_no_stats_no_fusion_no_deepsets_20260823,2024-10-08,0.0437280270743362,0.08383106616617954,True
k15_no_stats_no_fusion_no_deepsets_20260823,2024-10-09,0.13622035787149012,0.263703920708643,True
k15_no_stats_no_fusion_no_deepsets_20260823,2024-10-10,0.03622665265849052,0.07646364881854972,True
k15_no_stats_no_fusion_no_deepsets_20260823,2024-10-11,-0.13083154015606077,-0.1118717867484038,True
k15_no_stats_no_fusion_no_deepsets_20260823,2024-10-14,-0.06970060072886732,-0.02176783571045567,False
k15_no_stats_no_fusion_no_deepsets_20260823,2024-10-15,-0.02495521556476642,-0.0005453017350667708,True
k15_no_stats_no_fusion_no_deepsets_20260823,2024-10-16,0.042966241234535664,0.07049799039450387,False
k15_no_stats_no_fusion_no_deepsets_20260823,2024-10-17,-0.08075756194434482,-0.08228817314836691,True
k15_no_stats_no_fusion_no_deepsets_20260823,2024-10-18,-0.18493925843158138,-0.1895054393252499,True
k15_no_stats_no_fusion_no_deepsets_20260823,2024-10-21,0.030426657658635923,0.16293521454464696,True
k15_no_stats_no_fusion_no_deepsets_20260823,2024-10-22,0.08582551009302461,0.11162022332006563,True
k15_no_stats_no_fusion_no_deepsets_20260823,2024-10-23,0.00828797135116842,0.0544290115153822,True
k15_no_stats_no_fusion_no_deepsets_20260823,2024-10-24,0.06402504718150762,0.10219014118632681,True
k15_no_stats_no_fusion_no_deepsets_20260823,2024-10-25,-0.020518050234549896,0.02975017542339422,True
k15_no_stats_no_fusion_no_deepsets_20260823,2024-10-28,-0.029849440207592986,0.04288151037072816,True
k15_no_stats_no_fusion_no_deepsets_20260823,2024-10-29,-0.05172813024289,-0.009053291995345622,True
k15_no_stats_no_fusion_no_deepsets_20260823,2024-10-30,-0.03745679375006808,-0.024514064010034104,True
k15_no_stats_no_fusion_no_deepsets_20260823,2024-10-31,0.18752983087754607,0.29621530145408553,True
k15_no_stats_no_fusion_no_deepsets_20260823,2024-11-01,-0.042323985138849954,-0.026784065903882614,True
k15_no_stats_no_fusion_no_deepsets_20260823,2024-11-04,-0.09123886260254004,-0.08409677345217369,True
k15_no_stats_no_fusion_no_deepsets_20260823,2024-11-05,-0.005646403905274799,0.060344808072786,True
k15_no_stats_no_fusion_no_deepsets_20260823,2024-11-06,0.0361810673591797,0.10645036599979595,True
k15_no_stats_no_fusion_no_deepsets_20260823,2024-11-07,-0.011522669723301753,0.02016470678450952,True
k15_no_stats_no_fusion_no_deepsets_20260823,2024-11-08,-0.08848713961808544,-0.0843579695878746,True
k15_no_stats_no_fusion_no_deepsets_20260823,2024-11-11,-0.036927714841960904,0.1284313624739741,True
k15_no_stats_no_fusion_no_deepsets_20260823,2024-11-12,0.07874704282872291,0.13974881116304955,False
k15_no_stats_no_fusion_no_deepsets_20260823,2024-11-13,0.06557705247635615,0.2250510642628179,False
k15_no_stats_no_fusion_no_deepsets_20260823,2024-11-14,0.1377764536203681,0.177740640284308,True
k15_no_stats_no_fusion_no_deepsets_20260823,2024-11-15,0.23227049663005636,0.3004112258798024,True
k15_no_stats_no_fusion_no_deepsets_20260823,2024-11-18,-0.0933928696727462,-0.0845541638272671,False
k15_no_stats_no_fusion_no_deepsets_20260823,2024-11-19,-0.10670714163698004,-0.09853433347817928,True
k15_no_stats_no_fusion_no_deepsets_20260823,2024-11-20,0.05303592465079287,0.09960868203985117,False
k15_no_stats_no_fusion_no_deepsets_20260823,2024-11-21,-0.035937744659708525,0.03498866358458459,True
k15_no_stats_no_fusion_no_deepsets_20260823,2024-11-22,0.13831693641006054,0.16285259725070086,True
k15_no_stats_no_fusion_no_deepsets_20260823,2024-11-25,0.10003105724168279,0.27423943359728326,False
k15_no_stats_no_fusion_no_deepsets_20260823,2024-11-26,-0.23074434824147647,-0.22375862779479394,True
k15_no_stats_no_fusion_no_deepsets_20260823,2024-11-27,0.13280401533475897,0.26009758781726067,False
k15_no_stats_no_fusion_no_deepsets_20260823,2024-11-28,-0.030474718697227843,-0.010087413508393013,False
k15_no_stats_no_fusion_no_deepsets_20260823,2024-11-29,-0.010272187168944291,-0.0015211459774898144,False
k15_no_stats_no_fusion_no_deepsets_20260823,2024-12-02,0.04879486902086374,0.1325962537121265,False
k15_no_stats_no_fusion_no_deepsets_20260823,2024-12-03,0.07898889196825579,0.11293353306015165,False
k15_no_stats_no_fusion_no_deepsets_20260823,2024-12-04,-0.07864859576020503,-0.07508891178605123,True
k15_no_stats_no_fusion_no_deepsets_20260823,2024-12-05,0.17438054629218883,0.31478714850447875,False
k15_no_stats_no_fusion_no_deepsets_20260823,2024-12-06,-0.044842487452245866,-0.026278453323916845,False
k15_no_stats_no_fusion_no_deepsets_20260823,2024-12-09,0.021072677354241186,0.06666549286503672,False
k15_no_stats_no_fusion_no_deepsets_20260823,2024-12-10,-0.020231119025894806,0.02148117263665466,False
k15_no_stats_no_fusion_no_deepsets_20260823,2024-12-11,-0.023890969067273907,0.08163704832062374,False
k15_no_stats_no_fusion_no_deepsets_20260823,2024-12-12,-0.030253606863160934,0.002189929053108603,True
k15_no_stats_no_fusion_no_deepsets_20260823,2024-12-13,0.13921835241970243,0.22798582189511915,False
k15_no_stats_no_fusion_no_deepsets_20260823,2024-12-16,0.08095787359207691,0.13838250795799936,False
k15_no_stats_no_fusion_no_deepsets_20260823,2024-12-17,-0.05064750573863959,-0.03163066880554209,True
k15_no_stats_no_fusion_no_deepsets_20260823,2024-12-18,-0.08983413840660355,-0.06690232733811273,False
k15_no_stats_no_fusion_no_deepsets_20260823,2024-12-19,-0.2738598213356632,-0.2746339725466499,False
k15_no_stats_no_fusion_no_deepsets_20260823,2024-12-20,0.08812475036092147,0.19600177520318054,False
k15_no_stats_no_fusion_no_deepsets_20260823,2024-12-23,0.04901583151159034,0.05618618073256181,False
k15_no_stats_no_fusion_no_deepsets_20260823,2024-12-24,0.05162861851571197,0.13006354222354602,False
k15_no_stats_no_fusion_no_deepsets_20260823,2024-12-25,-0.16952581126502292,-0.16737202080673735,False
k15_no_stats_no_fusion_no_deepsets_20260823,2024-12-26,0.13221369868681807,0.3039356136707936,False
k15_no_stats_no_fusion_no_deepsets_20260823,2024-12-27,0.0823362719230687,0.11767056442217087,False
k15_minimal_20260823,2024-01-02,0.11606709250685125,0.14921712533790926,False
k15_minimal_20260823,2024-01-03,0.060246942729251844,0.10081552025806821,False
k15_minimal_20260823,2024-01-04,0.19116249694062004,0.2914819338765625,False
k15_minimal_20260823,2024-01-05,0.019973748050142456,0.037440996235524736,False
k15_minimal_20260823,2024-01-08,0.12965181241933038,0.1587524909628042,False
k15_minimal_20260823,2024-01-09,0.05625403795783427,0.06130573355735926,False
k15_minimal_20260823,2024-01-10,-0.21641292272458543,-0.19130327546300582,False
k15_minimal_20260823,2024-01-11,0.2507617752418572,0.28057483747037365,False
k15_minimal_20260823,2024-01-12,-0.015613309432511786,0.016341965743806048,False
k15_minimal_20260823,2024-01-15,0.024251535341285223,0.047567040686192975,False
k15_minimal_20260823,2024-01-16,0.14341068121060466,0.26520942391190033,False
k15_minimal_20260823,2024-01-17,-0.2144973121341527,-0.2144640578291244,False
k15_minimal_20260823,2024-01-18,0.15800639989420992,0.2568528318019506,False
k15_minimal_20260823,2024-01-19,0.1046752890930588,0.115571336417559,False
k15_minimal_20260823,2024-01-22,-0.02559263377396133,-0.010225093972894516,False
k15_minimal_20260823,2024-01-23,0.12277465377111116,0.20360191239232256,False
k15_minimal_20260823,2024-01-24,0.0707411552945875,0.1303071947990818,False
k15_minimal_20260823,2024-01-25,0.12014762921597612,0.2656736298263659,False
k15_minimal_20260823,2024-01-26,0.2203747798094728,0.2483942344028818,False
k15_minimal_20260823,2024-01-29,0.11885440444582972,0.13767648323875442,False
k15_minimal_20260823,2024-01-30,0.12712887306316584,0.18530468510684475,False
k15_minimal_20260823,2024-01-31,-0.10424953427101996,-0.09592500940215347,False
k15_minimal_20260823,2024-02-01,-0.014477421827595448,0.08911239075054038,True
k15_minimal_20260823,2024-02-02,0.15709435806104347,0.22082056936053795,True
k15_minimal_20260823,2024-02-05,0.15078226020470128,0.15286273732581224,True
k15_minimal_20260823,2024-02-06,0.04235807087204398,0.060282408580021124,True
k15_minimal_20260823,2024-02-07,0.04620791555597747,0.04351171561413287,True
k15_minimal_20260823,2024-02-08,-0.14276386545157266,-0.1089350466155644,False
k15_minimal_20260823,2024-02-19,-0.07137936043558596,-0.04116109410257248,False
k15_minimal_20260823,2024-02-20,-0.13311636123305318,-0.1175501957474304,False
k15_minimal_20260823,2024-02-21,-0.1916929322676792,-0.18689908487149162,False
k15_minimal_20260823,2024-02-22,-0.08340054892998958,-0.07655055308267804,False
k15_minimal_20260823,2024-02-23,-0.02713312200565317,-0.0038989982267002006,False
k15_minimal_20260823,2024-02-26,-0.24236216460233362,-0.24187446658421707,False
k15_minimal_20260823,2024-02-27,0.05525563153317996,0.24797934610350877,True
k15_minimal_20260823,2024-02-28,-0.10061571773873956,-0.09232657230890833,True
k15_minimal_20260823,2024-02-29,-0.11366208566887703,-0.09467909871661875,False
k15_minimal_20260823,2024-03-01,-0.04845711743494285,0.0012359594139375824,False
k15_minimal_20260823,2024-03-04,-0.01254788257650612,0.15597666289149723,False
k15_minimal_20260823,2024-03-05,0.026714593558507676,0.09064417008448306,False
k15_minimal_20260823,2024-03-06,0.09304594950103819,0.2229108990188429,False
k15_minimal_20260823,2024-03-07,0.017780762995202183,0.03307638466476992,False
k15_minimal_20260823,2024-03-08,-0.06721809775316132,-0.06577964268191516,False
k15_minimal_20260823,2024-03-11,-0.06236854015526544,-0.046430436571197865,False
k15_minimal_20260823,2024-03-12,0.03827581017994182,0.04790566084841242,False
k15_minimal_20260823,2024-03-13,0.09163441153177593,0.2280689869271749,False
k15_minimal_20260823,2024-03-14,0.06226141347091367,0.0757750791972596,False
k15_minimal_20260823,2024-03-15,-0.05726150750907521,-0.047479558631833,False
k15_minimal_20260823,2024-03-18,0.047597057878484776,0.09181357961407306,False
k15_minimal_20260823,2024-03-19,-0.07587285954519359,-0.06654574586884059,False
k15_minimal_20260823,2024-03-20,0.03886964341392792,0.14387203706203644,False
k15_minimal_20260823,2024-03-21,-0.07724388166129371,-0.05239804031817317,True
k15_minimal_20260823,2024-03-22,0.1829906545891795,0.28654538468131335,False
k15_minimal_20260823,2024-03-25,0.09012101604986232,0.09955420824661697,False
k15_minimal_20260823,2024-03-26,0.1235263169604318,0.2708546646754396,False
k15_minimal_20260823,2024-03-27,-0.16083793108931707,-0.13960065966022384,False
k15_minimal_20260823,2024-03-28,0.06362857431817569,0.1132837120537392,False
k15_minimal_20260823,2024-03-29,0.09733643382115137,0.12962120545234124,False
k15_minimal_20260823,2024-04-01,0.18009141034676965,0.3275730870005402,True
k15_minimal_20260823,2024-04-02,0.12158344114047359,0.18849542870681724,False
k15_minimal_20260823,2024-04-03,-0.03379927709992166,0.07640965819239323,False
k15_minimal_20260823,2024-04-08,0.14639576714556488,0.17943922903735895,False
k15_minimal_20260823,2024-04-09,0.10381481681293003,0.184676403026217,False
k15_minimal_20260823,2024-04-10,-0.01516836295084759,0.04941290850537708,False
k15_minimal_20260823,2024-04-11,0.13949054771286798,0.1821235151214607,False
k15_minimal_20260823,2024-04-12,0.01735869326439969,0.04300928281540036,True
k15_minimal_20260823,2024-04-15,0.05104007759593823,0.07997382964739416,True
k15_minimal_20260823,2024-04-16,-0.1136380134339933,-0.09436927009559486,True
k15_minimal_20260823,2024-04-17,-0.05513480690881515,8.667610149771527e-05,False
k15_minimal_20260823,2024-04-18,0.0595988855908768,0.11071682182186197,True
k15_minimal_20260823,2024-04-19,0.04005041614312175,0.0718007060485061,True
k15_minimal_20260823,2024-04-22,-0.014924821133621168,-0.005428945204210402,False
k15_minimal_20260823,2024-04-23,-0.007646581088172971,-0.007371684179303747,True
k15_minimal_20260823,2024-04-24,0.05429821615149125,0.08070670714065734,False
k15_minimal_20260823,2024-04-25,-0.05933481404370513,-0.04144163099293357,True
k15_minimal_20260823,2024-04-26,0.0657756090854876,0.09451311924111158,True
k15_minimal_20260823,2024-04-29,0.0750784548380484,0.15690939867156037,True
k15_minimal_20260823,2024-04-30,-0.02638760488018256,-0.0009411024046968859,False
k15_minimal_20260823,2024-05-06,0.067245751128661,0.08019021800545569,False
k15_minimal_20260823,2024-05-07,0.020860168602882645,0.08197697822844818,False
k15_minimal_20260823,2024-05-08,0.003672011538828171,0.04272453127046385,False
k15_minimal_20260823,2024-05-09,0.16005464527933866,0.2828218686880477,False
k15_minimal_20260823,2024-05-10,0.020812961004829367,0.04127048127244017,True
k15_minimal_20260823,2024-05-13,0.04155767838394826,0.0705400393740734,False
k15_minimal_20260823,2024-05-14,0.06818091650112064,0.1208810976750039,False
k15_minimal_20260823,2024-05-15,0.05367120531564003,0.07632037255498184,True
k15_minimal_20260823,2024-05-16,0.022376744754933148,0.033008270164679124,False
k15_minimal_20260823,2024-05-17,-0.035905423382821315,0.02651637527652474,False
k15_minimal_20260823,2024-05-20,0.0828494034933188,0.12321809655813584,False
k15_minimal_20260823,2024-05-21,0.034260533451747864,0.05528008140416338,False
k15_minimal_20260823,2024-05-22,0.04778883066325088,0.11571406009354165,False
k15_minimal_20260823,2024-05-23,0.20074639570256786,0.25292686233965184,False
k15_minimal_20260823,2024-05-24,0.05613047009478691,0.07392689367860703,False
k15_minimal_20260823,2024-05-27,-0.02127095907034162,-0.009832835272272394,False
k15_minimal_20260823,2024-05-28,0.02639201528064126,0.04112046713216716,False
k15_minimal_20260823,2024-05-29,0.029226774815855328,0.08157487541806782,False
k15_minimal_20260823,2024-05-30,0.03161364606791887,0.03280058158124049,False
k15_minimal_20260823,2024-05-31,-0.1637062808744088,-0.1344874378766465,False
k15_minimal_20260823,2024-06-03,-0.04215432087401227,0.06414402783236514,False
k15_minimal_20260823,2024-06-04,-1.1079357930836112e-05,0.011210005599890226,False
k15_minimal_20260823,2024-06-05,0.07445388338966097,0.12344692492758887,False
k15_minimal_20260823,2024-06-06,0.2546727138904398,0.3166309514504847,False
k15_minimal_20260823,2024-06-07,-0.21562473362648368,-0.21275296006892697,False
k15_minimal_20260823,2024-06-11,-0.0688589294056207,-0.05372367127188083,False
k15_minimal_20260823,2024-06-12,-0.08045961385333691,-0.06862190314073886,True
k15_minimal_20260823,2024-06-13,-0.0232496226342199,0.03621220224292019,False
k15_minimal_20260823,2024-06-14,-0.08239136942040409,-0.07294052663131542,False
k15_minimal_20260823,2024-06-17,-0.026682213486178465,0.010862556748773343,False
k15_minimal_20260823,2024-06-18,0.040963236582399296,0.08530764843079541,False
k15_minimal_20260823,2024-06-19,0.18325730548564498,0.19295726652896697,False
k15_minimal_20260823,2024-06-20,0.11650207777189006,0.12384946680529423,False
k15_minimal_20260823,2024-06-21,0.029640860457160734,0.08700630403860596,False
k15_minimal_20260823,2024-06-24,0.23481612247557856,0.26007829639463637,False
k15_minimal_20260823,2024-06-25,0.04215070965730657,0.0506016121896358,False
k15_minimal_20260823,2024-06-26,-0.011860726664635932,0.0229719123416392,False
k15_minimal_20260823,2024-06-27,-0.003861778643468085,0.012359462755781129,False
k15_minimal_20260823,2024-06-28,0.12193084219672508,0.19345455043967527,False
k15_minimal_20260823,2024-07-01,0.07733590183486022,0.12101886184680971,False
k15_minimal_20260823,2024-07-02,0.04888255118030859,0.0780449267230284,False
k15_minimal_20260823,2024-07-03,0.12342780455100405,0.163015507081095,False
k15_minimal_20260823,2024-07-04,0.0849030757404812,0.11251467297488107,False
k15_minimal_20260823,2024-07-05,0.06770165043677255,0.1077081731536993,False
k15_minimal_20260823,2024-07-08,-0.13928523174606117,-0.13332153074556896,True
k15_minimal_20260823,2024-07-09,-0.21479724567001346,-0.21220325201323037,False
k15_minimal_20260823,2024-07-10,0.08300827319186334,0.10501642963721834,False
k15_minimal_20260823,2024-07-11,0.04358078097998027,0.07357684098744632,False
k15_minimal_20260823,2024-07-12,0.001317018710521272,0.10365255327377844,False
k15_minimal_20260823,2024-07-15,-0.17220448466996646,-0.17771599754359124,False
k15_minimal_20260823,2024-07-16,0.17327916840756974,0.2761582100986124,False
k15_minimal_20260823,2024-07-17,0.04009329743247161,0.04360590990260348,False
k15_minimal_20260823,2024-07-18,-0.07633466323661085,-0.06321618233479158,True
k15_minimal_20260823,2024-07-19,-0.10813060918474954,-0.09050427115389348,False
k15_minimal_20260823,2024-07-22,0.06355204100179956,0.17864127160497983,False
k15_minimal_20260823,2024-07-23,0.11144104515339912,0.13954810373566573,False
k15_minimal_20260823,2024-07-24,0.040660408899095744,0.05894634984889786,False
k15_minimal_20260823,2024-07-25,0.03015446742806077,0.04737979322701865,False
k15_minimal_20260823,2024-07-26,-0.05071836167973232,0.016811852914288543,False
k15_minimal_20260823,2024-07-29,0.027633411613945075,0.03505345578614021,False
k15_minimal_20260823,2024-07-30,-0.05620222972884437,-0.04204317111469529,False
k15_minimal_20260823,2024-07-31,0.01351139686969704,0.10333075508521428,False
k15_minimal_20260823,2024-08-01,0.1667281131028414,0.21863961879999472,False
k15_minimal_20260823,2024-08-02,0.12667491775460898,0.15476072286951226,False
k15_minimal_20260823,2024-08-05,0.05563699039875102,0.07621533553258775,False
k15_minimal_20260823,2024-08-06,0.06838638351122676,0.11113311055312416,False
k15_minimal_20260823,2024-08-07,0.17526317519944382,0.23626725376543048,False
k15_minimal_20260823,2024-08-08,0.24912874629496687,0.29985113333931795,False
k15_minimal_20260823,2024-08-09,0.08370459241759748,0.11551105110060865,False
k15_minimal_20260823,2024-08-12,0.03656740686619739,0.05373289280001941,False
k15_minimal_20260823,2024-08-13,0.009928845416843898,0.11179312269090906,False
k15_minimal_20260823,2024-08-14,-0.03973468441153831,-0.015178675497754372,False
k15_minimal_20260823,2024-08-15,-0.026380892188485907,0.0005937462078802245,False
k15_minimal_20260823,2024-08-16,0.06336729937166977,0.14628870607599312,False
k15_minimal_20260823,2024-08-19,0.03132387862642067,0.11669663988185272,False
k15_minimal_20260823,2024-08-20,-0.019061729413820467,-0.007305121899865458,False
k15_minimal_20260823,2024-08-21,0.14404974709579432,0.22431079155384176,False
k15_minimal_20260823,2024-08-22,-0.06135123955643562,-0.030405305131786277,False
k15_minimal_20260823,2024-08-23,0.060794062637011086,0.14108859065155369,False
k15_minimal_20260823,2024-08-26,0.15456996610224225,0.21205934030923698,False
k15_minimal_20260823,2024-08-27,0.017286488354046205,0.038679630112803134,False
k15_minimal_20260823,2024-08-28,-0.07947486155574743,-0.06336868361109307,False
k15_minimal_20260823,2024-08-29,-0.21024869606182178,-0.21604771921390095,False
k15_minimal_20260823,2024-08-30,0.06312773446777581,0.1830131384661225,False
k15_minimal_20260823,2024-09-02,-0.03997585152766733,-0.03275490864494199,False
k15_minimal_20260823,2024-09-03,-0.19310362388990263,-0.18168366781640813,False
k15_minimal_20260823,2024-09-04,0.02216062145699469,0.07048033845720775,False
k15_minimal_20260823,2024-09-05,0.06807583494216896,0.1479484339106906,False
k15_minimal_20260823,2024-09-06,-0.08269281175642093,-0.07380040294765576,False
k15_minimal_20260823,2024-09-09,-0.06801539993100449,-0.06440839250381124,False
k15_minimal_20260823,2024-09-10,-0.1695221134806715,-0.16882369054454746,False
k15_minimal_20260823,2024-09-11,0.1742693682764821,0.19939990806805336,False
k15_minimal_20260823,2024-09-12,0.12569871211889505,0.18041819613489007,False
k15_minimal_20260823,2024-09-13,-0.00770493118665167,0.006722947098024622,False
k15_minimal_20260823,2024-09-18,0.08979285246133344,0.1780504416267222,False
k15_minimal_20260823,2024-09-19,-0.009814013904398938,0.03236635211654256,False
k15_minimal_20260823,2024-09-20,-0.008348092877565402,0.019727666060247666,False
k15_minimal_20260823,2024-09-23,0.07582795056704732,0.09030968748171624,True
k15_minimal_20260823,2024-09-24,0.041209350503406024,0.11533905866632246,False
k15_minimal_20260823,2024-09-25,-0.017764217519824932,0.01291597710075436,True
k15_minimal_20260823,2024-09-26,-0.20436788138652828,-0.20442900946471107,True
k15_minimal_20260823,2024-09-27,0.1367638700990355,0.14927411256087597,True
k15_minimal_20260823,2024-09-30,-0.09052635012846687,-0.0714247899192065,True
k15_minimal_20260823,2024-10-08,0.06470483651639534,0.10599346929815853,True
k15_minimal_20260823,2024-10-09,0.17097323942413395,0.27873136352244254,True
k15_minimal_20260823,2024-10-10,0.050801618079578545,0.09066310806230954,True
k15_minimal_20260823,2024-10-11,-0.15895400099631005,-0.14036345373432957,True
k15_minimal_20260823,2024-10-14,-0.06477147481897025,-0.01589636485308899,False
k15_minimal_20260823,2024-10-15,-0.024340733160198802,0.0016666280016202617,True
k15_minimal_20260823,2024-10-16,0.009445458477451098,0.03726372722538544,False
k15_minimal_20260823,2024-10-17,-0.1296115476952198,-0.1316079130801313,True
k15_minimal_20260823,2024-10-18,-0.22433821769030965,-0.22920571122305572,True
k15_minimal_20260823,2024-10-21,0.0474977438146452,0.1780680806210619,True
k15_minimal_20260823,2024-10-22,0.11014404011694277,0.13419515015595093,True
k15_minimal_20260823,2024-10-23,0.011108807044894376,0.0556958255089836,True
k15_minimal_20260823,2024-10-24,0.0601310697848604,0.09859775599043516,True
k15_minimal_20260823,2024-10-25,-0.012706400692182538,0.03782914130957399,True
k15_minimal_20260823,2024-10-28,-0.021839281682190775,0.05302337272720685,True
k15_minimal_20260823,2024-10-29,-0.06022152459555233,-0.017145087230498332,True
k15_minimal_20260823,2024-10-30,-0.042999943887935994,-0.029840312735667774,True
k15_minimal_20260823,2024-10-31,0.20047478148034195,0.30840862241400563,True
k15_minimal_20260823,2024-11-01,-0.0799650704785053,-0.06420659768622684,True
k15_minimal_20260823,2024-11-04,-0.12281968234352761,-0.11566157887274192,True
k15_minimal_20260823,2024-11-05,0.0016318373825010902,0.06973693367606754,True
k15_minimal_20260823,2024-11-06,0.05148633244920183,0.1211989938628713,True
k15_minimal_20260823,2024-11-07,-0.037607225261937355,-0.007693462129607685,True
k15_minimal_20260823,2024-11-08,-0.10237785245041207,-0.09811258737233094,True
k15_minimal_20260823,2024-11-11,-0.0018069219428161359,0.16122308462295598,True
k15_minimal_20260823,2024-11-12,0.07865418300361297,0.14201960770548933,False
k15_minimal_20260823,2024-11-13,0.07422553452814996,0.23288502886389817,False
k15_minimal_20260823,2024-11-14,0.16570749097352672,0.21528364839641248,True
k15_minimal_20260823,2024-11-15,0.2674306660652192,0.3371781888677003,True
k15_minimal_20260823,2024-11-18,-0.11360260145571277,-0.10497836618728847,False
k15_minimal_20260823,2024-11-19,-0.11228379891617113,-0.10406255259850672,True
k15_minimal_20260823,2024-11-20,0.041580494187656976,0.08772213293457702,False
k15_minimal_20260823,2024-11-21,-0.03187950219164425,0.04211589270753559,True
k15_minimal_20260823,2024-11-22,0.16330534221038967,0.18503776378945014,True
k15_minimal_20260823,2024-11-25,0.1170746793091392,0.29456554463302903,False
k15_minimal_20260823,2024-11-26,-0.2656154321109398,-0.25859379097441243,True
k15_minimal_20260823,2024-11-27,0.1343578169349477,0.26509024127514547,False
k15_minimal_20260823,2024-11-28,-0.038163684033147745,-0.017289713453731273,False
k15_minimal_20260823,2024-11-29,-0.018760642362685962,-0.01000497010601394,False
k15_minimal_20260823,2024-12-02,0.060868336777776436,0.14318041454831695,False
k15_minimal_20260823,2024-12-03,0.0928279248276613,0.1314079161629784,False
k15_minimal_20260823,2024-12-04,-0.09647725336838549,-0.0928541313676227,True
k15_minimal_20260823,2024-12-05,0.1790854158580496,0.3189099873570602,False
k15_minimal_20260823,2024-12-06,-0.050334895660248465,-0.0318764490486509,False
k15_minimal_20260823,2024-12-09,0.007423443338691967,0.05518130741808657,False
k15_minimal_20260823,2024-12-10,-0.020079977995574087,0.019590527469452272,False
k15_minimal_20260823,2024-12-11,-0.01274230418027045,0.09182372847377639,False
k15_minimal_20260823,2024-12-12,-0.03608453593686335,-0.004694665004881134,True
k15_minimal_20260823,2024-12-13,0.1650426518385316,0.2457240936163227,False
k15_minimal_20260823,2024-12-16,0.1071682039140523,0.16708655043622195,False
k15_minimal_20260823,2024-12-17,-0.04242865874710967,-0.02535514754255931,True
k15_minimal_20260823,2024-12-18,-0.081708644397252,-0.05907096677918864,False
k15_minimal_20260823,2024-12-19,-0.27566281000498216,-0.27702172521027285,False
k15_minimal_20260823,2024-12-20,0.09947702038839928,0.2103818661040102,False
k15_minimal_20260823,2024-12-23,0.08918140347181305,0.09622578654027966,False
k15_minimal_20260823,2024-12-24,0.04952041691783159,0.1304356492996694,False
k15_minimal_20260823,2024-12-25,-0.22483252562872497,-0.22276296748909397,False
k15_minimal_20260823,2024-12-26,0.14456931848430915,0.31336812828900956,False
k15_minimal_20260823,2024-12-27,0.07197468479977437,0.10810506915949467,False
noise_control,2024-01-02,-0.0003138565619690863,0.005269759557272828,False
noise_control,2024-01-03,0.0031225642002670616,0.006594324850259728,False
noise_control,2024-01-04,-0.0013554477849165518,0.005405529847992343,False
noise_control,2024-01-05,0.05273032020408418,0.04798171104321837,False
noise_control,2024-01-08,0.07543350897493405,0.06776965990344304,False
noise_control,2024-01-09,0.003863005812932993,0.0020106288605855685,False
noise_control,2024-01-10,0.018344545111344715,0.009647361135990707,False
noise_control,2024-01-11,-0.003450938285681828,-0.007292274097273758,False
noise_control,2024-01-12,0.015687273150833504,0.014920505614847316,False
noise_control,2024-01-15,0.03861072954634087,0.04182108813891824,False
noise_control,2024-01-16,-0.027996648034798267,-0.027164611505292865,False
noise_control,2024-01-17,-0.07365720228118347,-0.07340684438822992,False
noise_control,2024-01-18,0.014245698861609687,0.006502232032437201,False
noise_control,2024-01-19,-0.04407598379943069,-0.041490079257614325,False
noise_control,2024-01-22,-0.061607003982761324,-0.06078354999463718,False
noise_control,2024-01-23,0.00030268344496801403,-0.003462510627636719,False
noise_control,2024-01-24,0.04021487233551695,0.022780582848924598,False
noise_control,2024-01-25,-0.036093366201646306,-0.03335936336092522,False
noise_control,2024-01-26,-0.002961026961026961,0.001718041718041718,False
noise_control,2024-01-29,0.029317457317457322,0.026445578445578447,False
noise_control,2024-01-30,0.054515382515382516,0.061833505833505845,False
noise_control,2024-01-31,0.06153025005885795,0.06705686047942314,False
noise_control,2024-02-01,0.022596014852527872,0.03248873723422821,True
noise_control,2024-02-02,-0.03101659174204264,-0.025107379925015192,True
noise_control,2024-02-05,-0.006244200300398103,-0.007529689642634989,True
noise_control,2024-02-06,0.021360717360717364,0.025234771310475624,True
noise_control,2024-02-07,-0.019665547665547668,-0.017970161970161973,True
noise_control,2024-02-08,-0.026942667023495025,-0.029050229573133714,False
noise_control,2024-02-19,0.030421602604132215,0.01979666098446068,False
noise_control,2024-02-20,-0.005534027567231733,-0.0044583945252704435,False
noise_control,2024-02-21,-0.005652547687465221,-0.0059843610004797045,False
noise_control,2024-02-22,-0.001678172106106048,-0.000844825402410352,False
noise_control,2024-02-23,-0.01228422742666063,-0.01776817821802808,False
noise_control,2024-02-26,-0.01396185800374358,-0.01211932819204416,False
noise_control,2024-02-27,0.036296052296052296,0.03361062961062962,True
noise_control,2024-02-28,0.02893417693417694,0.025392037544389772,True
noise_control,2024-02-29,0.010181824945461845,0.011569610519861578,False
noise_control,2024-03-01,-0.029835437835437836,-0.032871104871104874,False
noise_control,2024-03-04,-0.003865242963298653,-0.0017619403240304711,False
noise_control,2024-03-05,8.865294862637699e-05,0.007897902542565007,False
noise_control,2024-03-06,-0.014814048044814714,-0.028946874195019203,False
noise_control,2024-03-07,-0.08299423954242911,-0.08438735276159368,False
noise_control,2024-03-08,0.024831448912427074,0.02726446696238851,False
noise_control,2024-03-11,0.02058663408771285,0.02497462830418695,False
noise_control,2024-03-12,-0.006868909278511172,-0.009137098556505088,False
noise_control,2024-03-13,0.014156005918082498,0.012482490685910785,False
noise_control,2024-03-14,-0.02514564910864942,-0.01815267898412931,False
noise_control,2024-03-15,0.04167528826499456,0.03968975966498085,False
noise_control,2024-03-18,-0.00665800277784683,-0.009411344182896892,False
noise_control,2024-03-19,0.030514225887366086,0.031878931642259585,False
noise_control,2024-03-20,-0.001746277877248723,-0.0038545204331954658,False
noise_control,2024-03-21,-0.07854443454443456,-0.07607268407268408,True
noise_control,2024-03-22,-0.03111652498351654,-0.03669274885566404,False
noise_control,2024-03-25,0.01298744074074536,0.01810714523314873,False
noise_control,2024-03-26,-0.005016125016125017,-0.003490335500806508,False
noise_control,2024-03-27,-0.008893454946815676,-0.009080579423369217,False
noise_control,2024-03-28,-0.06493585693585695,-0.06878389705376571,False
noise_control,2024-03-29,-0.001374649420012852,0.004956995269285981,False
noise_control,2024-04-01,0.012182916219464969,0.009364528375897494,True
noise_control,2024-04-02,0.04557815308223216,0.04476281030627486,False
noise_control,2024-04-03,0.011596703666283889,-0.0007835950680401295,False
noise_control,2024-04-08,-0.0042256122636427735,0.004362418519465589,False
noise_control,2024-04-09,-0.004620616620616622,0.0004926004940782957,False
noise_control,2024-04-10,-0.0022130242196632924,-0.0013825874282128144,False
noise_control,2024-04-11,-0.033567081567081575,-0.027515813166762007,False
noise_control,2024-04-12,0.03900788700788701,0.03921833133598634,True
noise_control,2024-04-15,0.01565707565707566,0.011665211665211665,True
noise_control,2024-04-16,0.009874749874749875,0.00304931104931105,True
noise_control,2024-04-17,0.03925656349210288,0.04175000525300547,False
noise_control,2024-04-18,0.004106560279035815,0.0028893636174833408,True
noise_control,2024-04-19,0.05132481486455933,0.04771854258165523,True
noise_control,2024-04-22,-0.025032421407907735,-0.029060010803611504,False
noise_control,2024-04-23,0.018173056130740044,0.016798881279394242,True
noise_control,2024-04-24,0.027461583910949775,0.02506920229576639,False
noise_control,2024-04-25,-0.017640281753261978,-0.020165082801891023,True
noise_control,2024-04-26,0.05883929485341473,0.04979396483317324,True
noise_control,2024-04-29,-0.02036028934272174,-0.012466265341107187,True
noise_control,2024-04-30,0.0030749311602067783,0.0011732359421063707,False
noise_control,2024-05-06,-0.0050224957435890324,-0.006145469685211233,False
noise_control,2024-05-07,0.0073199732798931195,0.008855639232987414,False
noise_control,2024-05-08,0.02021709485036138,0.019975097462041784,False
noise_control,2024-05-09,-0.018799322425028204,-0.011684185327823038,False
noise_control,2024-05-10,0.0037998843366664585,0.003919199080182872,True
noise_control,2024-05-13,0.002564775344461159,0.0028998226255385726,False
noise_control,2024-05-14,0.03233279899235827,0.03441618876994998,False
noise_control,2024-05-15,-0.003946945071573768,-0.005823413589745866,True
noise_control,2024-05-16,0.02737236735443703,0.025748691220705094,False
noise_control,2024-05-17,0.04189180288721942,0.03697895316611273,False
noise_control,2024-05-20,0.023053918123124656,0.01674658923202185,False
noise_control,2024-05-21,0.025464707881776686,0.031266077579636294,False
noise_control,2024-05-22,-0.048425439467523625,-0.04770449679696475,False
noise_control,2024-05-23,0.026706789114004516,0.030687197440081256,False
noise_control,2024-05-24,0.04677718199161084,0.045221448616238474,False
noise_control,2024-05-27,0.025778709075332803,0.024137476096011433,False
noise_control,2024-05-28,-0.03376845958539094,-0.034867394734900505,False
noise_control,2024-05-29,-0.02508951175253553,-0.02131261398672661,False
noise_control,2024-05-30,0.05649339862473549,0.053114931015094895,False
noise_control,2024-05-31,0.012788930984399151,0.012612808183890168,False
noise_control,2024-06-03,-0.05628881271253399,-0.06021496389617879,False
noise_control,2024-06-04,-0.004785852802658977,-0.00480267002645308,False
noise_control,2024-06-05,0.0931490668793291,0.08789187523179008,False
noise_control,2024-06-06,0.0072960219190493164,0.015856231302250036,False
noise_control,2024-06-07,-0.03906980588792874,-0.040510207333146954,False
noise_control,2024-06-11,0.0379261802830647,0.0370416088672145,False
noise_control,2024-06-12,-0.000888461623940884,-0.0016082737058915092,True
noise_control,2024-06-13,0.04541658281882653,0.047529574255348664,False
noise_control,2024-06-14,0.033048885747412604,0.03222713176067995,False
noise_control,2024-06-17,0.018430542928167596,0.010686976009091386,False
noise_control,2024-06-18,0.011066375066375067,0.010594228626011313,False
noise_control,2024-06-19,-0.030232182232182235,-0.03124998734373731,False
noise_control,2024-06-20,0.03235216388438187,0.03526497821330133,False
noise_control,2024-06-21,-0.021028314888034322,-0.020231104852347335,False
noise_control,2024-06-24,-0.016397979388175443,-0.014040601303060365,False
noise_control,2024-06-25,0.010874939067323836,0.009708967513733074,False
noise_control,2024-06-26,0.009123574503732915,0.014868457859690218,False
noise_control,2024-06-27,0.017274128510966904,0.018739978994074386,False
noise_control,2024-06-28,-0.009461102584230678,-0.012261276507162057,False
noise_control,2024-07-01,0.03009254169694816,0.02712096383243662,False
noise_control,2024-07-02,0.02881458499023829,0.032288612782475114,False
noise_control,2024-07-03,0.022597254569198453,0.025644321830714408,False
noise_control,2024-07-04,-0.04738658467701543,-0.03836654479987988,False
noise_control,2024-07-05,0.010669483110364872,0.005851342324288216,False
noise_control,2024-07-08,0.021881071715576156,0.023999001293867027,True
noise_control,2024-07-09,-0.006123189321586114,-0.005946872724427834,False
noise_control,2024-07-10,0.045992104467168886,0.04882339028170663,False
noise_control,2024-07-11,0.0546972386496551,0.05753074099927337,False
noise_control,2024-07-12,0.02054737703635499,0.03592341655824668,False
noise_control,2024-07-15,-0.0006588794629478972,-0.0010493852090824232,False
noise_control,2024-07-16,-0.017805220372879432,-0.031323948822801984,False
noise_control,2024-07-17,-0.0028886723802093155,-0.000690433130367042,False
noise_control,2024-07-18,-0.033821064136516026,-0.03103481627698179,True
noise_control,2024-07-19,-0.011959245960674434,-0.005554817467466034,False
noise_control,2024-07-22,0.03467324829206064,0.01811887802605022,False
noise_control,2024-07-23,0.01903022613852498,0.024438750114332237,False
noise_control,2024-07-24,0.00895330754691795,0.0030054055995410787,False
noise_control,2024-07-25,-0.01429475738776386,-0.012947458562384374,False
noise_control,2024-07-26,-0.012466160019348277,-0.0046814302033212326,False
noise_control,2024-07-29,0.035042993187541734,0.03571441772043609,False
noise_control,2024-07-30,0.005199548594313979,0.00638540939230935,False
noise_control,2024-07-31,-0.04025723148226711,-0.03257637867691177,False
noise_control,2024-08-01,0.02949425871648057,0.030944857182604306,False
noise_control,2024-08-02,-0.005462884052597226,-0.013803270884193253,False
noise_control,2024-08-05,0.007533084396558293,0.007121496065845737,False
noise_control,2024-08-06,-0.044674245774444066,-0.04450406592843264,False
noise_control,2024-08-07,0.007457519149302847,0.007634360367465399,False
noise_control,2024-08-08,-0.024088110052425626,-0.025319071260518217,False
noise_control,2024-08-09,-0.001832593435069312,0.0050659553286779594,False
noise_control,2024-08-12,-0.01340912803210459,-0.014908793492536243,False
noise_control,2024-08-13,0.01212119393959498,0.021834663432641954,False
noise_control,2024-08-14,-0.03869005891269042,-0.03776612230755685,False
noise_control,2024-08-15,0.0012764869192723608,-7.966083201673897e-05,False
noise_control,2024-08-16,0.007234511107707975,-0.0012866938362279816,False
noise_control,2024-08-19,-0.03545273128840262,-0.02353772416766784,False
noise_control,2024-08-20,0.05500110808718208,0.0570107801169504,False
noise_control,2024-08-21,0.033660101590450006,0.03212796721177117,False
noise_control,2024-08-22,-0.025072102237725005,-0.027696727620307518,False
noise_control,2024-08-23,0.0025095476539812073,-0.0005929878398074691,False
noise_control,2024-08-26,0.01271958675774552,0.008866846356476669,False
noise_control,2024-08-27,0.024364843899829115,0.02979003309672695,False
noise_control,2024-08-28,0.027248283738752856,0.026981326762094388,False
noise_control,2024-08-29,-0.018744174744174745,-0.01764096569388859,False
noise_control,2024-08-30,-0.04371828771828772,-0.04803780292007118,False
noise_control,2024-09-02,0.00035911236126703547,-0.0013442653845933466,False
noise_control,2024-09-03,0.019873212404305347,0.018626686664270788,False
noise_control,2024-09-04,0.09492840595049148,0.09168322807641778,False
noise_control,2024-09-05,0.002672138672138672,0.018503634503634504,False
noise_control,2024-09-06,-0.00886209947358436,-0.008388621636393862,False
noise_control,2024-09-09,0.0627347808050286,0.06105747783485825,False
noise_control,2024-09-10,0.02786043433190842,0.02693124302059449,False
noise_control,2024-09-11,0.04900077541084539,0.048237842932570545,False
noise_control,2024-09-12,0.012647745942335118,0.01182742733680139,False
noise_control,2024-09-13,-0.032552974011404036,-0.03134616325166136,False
noise_control,2024-09-18,-0.007922023945790018,-0.012342913675948424,False
noise_control,2024-09-19,-0.06418400507228536,-0.060489534976268286,False
noise_control,2024-09-20,-0.016964896964896965,-0.020025656386118206,False
noise_control,2024-09-23,0.02818168018168018,0.02852393252393253,True
noise_control,2024-09-24,0.0325197989100365,0.028511531731676074,False
noise_control,2024-09-25,0.0238973038973039,0.025998169998170003,True
noise_control,2024-09-26,0.04346860346860347,0.04178328578328579,True
noise_control,2024-09-27,0.03255460455460455,0.03095703095703096,True
noise_control,2024-09-30,-0.102555909169649,-0.1034315206156426,True
noise_control,2024-10-08,0.010343452374482733,0.002096708109288358,True
noise_control,2024-10-09,-0.007665751688748944,-0.01535781381854824,True
noise_control,2024-10-10,-0.03298716898716899,-0.036818136928591344,True
noise_control,2024-10-11,-0.008891240891240892,-0.005158331189281176,True
noise_control,2024-10-14,0.05502641502641503,0.04945134145134145,False
noise_control,2024-10-15,-0.0038952518952518954,0.00127010527391559,True
noise_control,2024-10-16,0.04028400452570856,0.03238149257578153,False
noise_control,2024-10-17,0.016053476322013392,0.014963055239608341,True
noise_control,2024-10-18,-0.033460721473131984,-0.03622601295901271,True
noise_control,2024-10-21,0.05053051833545191,0.04161412385916718,True
noise_control,2024-10-22,0.08426492213543774,0.0849715157215455,True
noise_control,2024-10-23,-0.009995243724566548,-0.005608803765153165,True
noise_control,2024-10-24,0.00033961194203385573,0.005016970985402584,True
noise_control,2024-10-25,-0.03347384113582704,-0.038691429785505424,True
noise_control,2024-10-28,0.04866065093038598,0.052303552919901235,True
noise_control,2024-10-29,0.026668865115606816,0.01901807275544959,True
noise_control,2024-10-30,-0.00031311323705540423,0.0016877137327347721,True
noise_control,2024-10-31,-0.009834467734267332,-0.020020118435189405,True
noise_control,2024-11-01,-0.0283530003744194,-0.020504580300502152,True
noise_control,2024-11-04,-0.013602954215221551,-0.011589052942373352,True
noise_control,2024-11-05,-0.015471722284004402,-0.011681490552049641,True
noise_control,2024-11-06,0.0046839502058867565,0.013059742917872827,True
noise_control,2024-11-07,-0.010299851874676549,-0.006408007615279981,True
noise_control,2024-11-08,-0.026721363528799454,-0.027108990542651666,True
noise_control,2024-11-11,-0.043849959671572805,-0.03296247083113213,True
noise_control,2024-11-12,-0.03412401312408832,-0.0383006432165363,False
noise_control,2024-11-13,0.004489018760289487,0.010808814117455209,False
noise_control,2024-11-14,0.0500427724645468,0.05463472570002581,True
noise_control,2024-11-15,0.013282408661166173,0.01057854450817113,True
noise_control,2024-11-18,-0.021664728987492877,-0.02529666555511422,False
noise_control,2024-11-19,-0.039439617557936416,-0.03742986754215715,True
noise_control,2024-11-20,0.0009368709621664786,-3.432005130848091e-05,False
noise_control,2024-11-21,0.0010122730122730124,-0.0017628137733906564,True
noise_control,2024-11-22,0.011713811854377598,0.011490443628328953,True
noise_control,2024-11-25,0.01285014723565166,0.019917994009383492,False
noise_control,2024-11-26,0.044256284473620774,0.0424332090152269,True
noise_control,2024-11-27,-0.01635883182689352,-0.007822775502347508,False
noise_control,2024-11-28,-0.029111729199064393,-0.032097812290399166,False
noise_control,2024-11-29,0.026737467058316665,0.02701078582110941,False
noise_control,2024-12-02,-0.01435880173066494,-0.0026829096448206997,False
noise_control,2024-12-03,0.02687095512346013,0.03143343782379699,False
noise_control,2024-12-04,-0.028940106850153965,-0.029722681862715036,True
noise_control,2024-12-05,0.041705045955276236,0.05227422427422428,False
noise_control,2024-12-06,-0.031944043944043946,-0.03631347631347632,False
noise_control,2024-12-09,-0.016432204432204434,-0.016565308565308568,False
noise_control,2024-12-10,-0.027975939975939976,-0.02363618370709226,False
noise_control,2024-12-11,0.003660678714786931,0.007544506521084289,False
noise_control,2024-12-12,0.040497070572515115,0.04127149145151822,True
noise_control,2024-12-13,0.04131881585824888,0.04556693312440985,False
noise_control,2024-12-16,-0.02278729524796383,-0.0363999979151136,False
noise_control,2024-12-17,-0.025132375950360965,-0.02761069268699867,True
noise_control,2024-12-18,0.043461777584818215,0.04056247726313682,False
noise_control,2024-12-19,-0.011890859248676609,-0.01099198549580555,False
noise_control,2024-12-20,0.012494639191980175,0.0006840426148426205,False
noise_control,2024-12-23,-0.03787896900421288,-0.03988928673282978,False
noise_control,2024-12-24,0.04971136700053562,0.038748579237449086,False
noise_control,2024-12-25,0.026708746534939303,0.022336675490777388,False
noise_control,2024-12-26,-0.05794163764684207,-0.06247793063643551,False
noise_control,2024-12-27,-0.006066373839021718,-0.0003796127495879332,False
