candidate_id,period,variant,label,rank_ic_mean,rank_ic_ir,rank_ic_positive_rate,rank_ic_t_stat,group_monotonicity,long_short_mean,long_short_sharpe,long_short_max_drawdown,stress_ic_ir,up_market_ic,down_market_ic,observations
PV-001,development,raw_full,ret_close_to_close,-0.0104788041390923,-0.091021344535284,0.45,-2.4423589654118887,0.0999999999999999,0.0008569964711935,1.7151360322038014,-0.0868130457775695,0.1391308293964803,-0.0317062241621722,0.0146081467972747,720.0
PV-001,development,raw_full,ret_next_open_to_close,-0.0193626919613352,-0.1834294167450084,0.4125,-4.9219277389797265,-1.0,-0.001189838508815,-2.608724312022884,-0.8504335002119635,-0.0628640370698069,-0.0375012561778563,0.0056002825544709,720.0
PV-001,development,raw_full,ret_close_to_next_open,0.0029461297713262,0.026876451299301,0.4958333333333333,0.721170865190396,0.7,0.0020693912064343,9.347678636612033,-0.0164524360284414,0.5469586762635857,0.0062277756417629,-2.297839716415819e-05,720.0
PV-001,development,neutral_full,ret_close_to_close,-0.0145990566041847,-0.1824450892667584,0.4152777777777778,-4.895515461137869,0.0,0.0004889704599251,1.5537111496394256,-0.1374544065184211,0.0971471296421456,-0.0299130195683608,0.0034992632625689,720.0
PV-001,development,neutral_full,ret_next_open_to_close,-0.0188694505282998,-0.2742647163839556,0.3763888888888889,-7.359294595970702,-1.0,-0.0011879761180319,-4.267889199048347,-0.8566790444033264,-0.1253676850168012,-0.0323821811453415,-0.0002727222533611,720.0
PV-001,development,neutral_full,ret_close_to_next_open,-0.0070292516695057,-0.0766219654160396,0.4416666666666666,-2.0559830788788327,0.7,0.001693576562862,9.474669984732312,-0.0121842266056119,0.5150957608360739,-0.0020565936276791,-0.0115283232311583,720.0
PV-001,development,raw_tradable,ret_close_to_close,-0.0116356528490771,-0.0958658508633508,0.4430555555555555,-2.5723507110157136,0.1999999999999999,0.0010125986385596,1.6985490726417234,-0.1097536006732888,0.1222015959604366,-0.0312444199021712,0.0123306179935934,720.0
PV-001,development,raw_tradable,ret_next_open_to_close,-0.0221965369265873,-0.195936043767932,0.4041666666666667,-5.257515757289642,-1.0,-0.0013181154798317,-2.4103060906355194,-0.9443866682049654,-0.027165202372958,-0.0424882612286178,0.0047934264654337,720.0
PV-001,development,raw_tradable,ret_close_to_next_open,0.0041247980308401,0.0333494198618602,0.4930555555555556,0.8948588378556145,0.7,0.0023587896736213,8.573904734546248,-0.0216128899965999,0.6015343173327621,0.0098681195043434,-0.0010715404451867,720.0
PV-001,validation_2022,raw_full,ret_close_to_close,-0.013400560267067,-0.0938235881270615,0.4586776859504132,-1.4595524987977753,0.0999999999999999,0.0005359037331041,0.9545815107403096,-0.1811852795362345,0.1992949687298251,-0.0252061993791925,-0.0007876979677875,242.0
PV-001,validation_2022,raw_full,ret_next_open_to_close,-0.0121402029851505,-0.0889009785987234,0.4669421487603306,-1.3829746660681048,-0.7,-0.0004909607277055,-0.9252024241299716,-0.2252417835451998,0.0747675931076342,-0.0269330964241171,0.0071610008352152,242.0
PV-001,validation_2022,raw_full,ret_close_to_next_open,-0.0157378952766474,-0.1386135316397483,0.4462809917355372,-2.1563205001070056,0.1999999999999999,0.0010327239743823,5.1937149304397785,-0.0307403339344498,0.1474953240321413,-0.030442926363716,-0.0007877803381278,242.0
PV-001,validation_2022,neutral_full,ret_close_to_close,-0.0194857259076056,-0.2373030478246192,0.3760330578512397,-3.6915690748865257,-0.3999999999999999,-0.0001242727231486,-0.3949358172681219,-0.1805953586006689,0.0919253734318326,-0.0307703054146879,-0.0074295512205518,242.0
PV-001,validation_2022,neutral_full,ret_next_open_to_close,-0.0144118230877493,-0.1881404007676978,0.3925619834710744,-2.9267777703558653,-1.0,-0.0007692884410921,-2.607443653662363,-0.2391523867842888,-0.0289110808429152,-0.029147401289607,0.0048145979946746,242.0
PV-001,validation_2022,neutral_full,ret_close_to_next_open,-0.0275380759247694,-0.3256924173681986,0.3677685950413223,-5.066584971846035,0.1999999999999999,0.0006547978250094,4.676157513298749,-0.0303564910244873,0.0706379363053828,-0.038914010823234,-0.0159725421113304,242.0
PV-001,validation_2022,raw_tradable,ret_close_to_close,-0.0156566557938037,-0.1076095219847811,0.4669421487603306,-1.6740112997449956,0.3,0.0004794930549031,0.7760264494476973,-0.2197765789735836,0.2769993355683929,-0.026051003584986,-0.0035917878218957,242.0
PV-001,validation_2022,raw_tradable,ret_next_open_to_close,-0.0147365037472348,-0.1061902487019253,0.4917355371900826,-1.6519325889663825,-0.6,-0.0006811724108536,-1.1584075997062893,-0.302953739400117,0.0714945846893449,-0.0255657250930691,-0.0010734674697804,242.0
PV-001,validation_2022,raw_tradable,ret_close_to_next_open,-0.0177653574559363,-0.1478530947013537,0.4214876033057851,-2.3000543694203683,0.1999999999999999,0.0011613686768315,5.177032203423539,-0.0287894967219901,0.137931163992125,-0.0317315557449113,-0.0066958521454153,242.0
PV-001,validation_2023,raw_full,ret_close_to_close,-0.0180155981348603,-0.1301583774195135,0.4586776859504132,-2.0247891686346717,-0.0999999999999999,0.0001023235841851,0.2174404341864906,-0.0830646302583526,0.0451201579826629,-0.040049358765051,0.0071379870093397,242.0
PV-001,validation_2023,raw_full,ret_next_open_to_close,-0.0068717317415502,-0.0511968059402575,0.4669421487603306,-0.7964353904198518,-0.0999999999999999,-5.2865363899306816e-05,-0.1178605450835942,-0.1100690700457485,0.0829820235442604,-0.030454025466714,0.0175032441256359,242.0
PV-001,validation_2023,raw_full,ret_close_to_next_open,-0.0448858826663392,-0.4977760441718102,0.3388429752066115,-7.743577959614232,0.0999999999999999,0.0001517234521966,1.254686162732539,-0.0185193863452856,-0.1050121965731144,-0.0585406138821137,-0.0351048340649689,242.0
PV-001,validation_2023,neutral_full,ret_close_to_close,-0.0173958517981358,-0.2267208983860344,0.371900826446281,-3.526949463080365,-0.3999999999999999,-0.0001102874384234,-0.4421367543433647,-0.0546937232755914,-0.0940428272235404,-0.0308965505834543,-0.0019835496449845,242.0
PV-001,validation_2023,neutral_full,ret_next_open_to_close,-0.0038691259432346,-0.0535667334036597,0.4586776859504132,-0.8333028095862741,0.0,-6.700260343162327e-05,-0.2956173666429444,-0.0457450369924277,-0.0196833510687329,-0.0190759564955306,0.0118488585772057,242.0
PV-001,validation_2023,neutral_full,ret_close_to_next_open,-0.0529637285826827,-0.8193769864198347,0.2644628099173554,-12.74651451580458,-0.3999999999999999,-4.427514120481772e-05,-0.4803461285360423,-0.0263317098299344,-0.3704420851891676,-0.0614583117651761,-0.0468789562321024,242.0
PV-001,validation_2023,raw_tradable,ret_close_to_close,-0.0198996403662133,-0.1398275711164057,0.4297520661157025,-2.1752065221316044,-0.0999999999999999,0.000174250191622,0.3284546446487187,-0.0948408115014013,0.1402611099045889,-0.0406473423740914,0.0019030295403705,242.0
PV-001,validation_2023,raw_tradable,ret_next_open_to_close,-0.0103928731870042,-0.0760004503751088,0.4256198347107438,-1.1822895443363646,-0.4999999999999999,-0.0001633471828848,-0.3288416799182713,-0.1084015684513691,0.2044443901802138,-0.0327678042748952,0.0135119677188622,242.0
PV-001,validation_2023,raw_tradable,ret_close_to_next_open,-0.0431019933617893,-0.4344845457387724,0.3512396694214876,-6.758993309478138,0.3,0.0003387533498663,2.221822138569913,-0.0186324240641091,-0.0490403313989586,-0.0536600136322638,-0.0362787829829112,242.0
PV-002,development,raw_full,ret_close_to_close,-0.0294965035637488,-0.3733908067576721,0.3273972602739726,-10.088464057374445,-0.7999999999999999,-0.0012493950484559,-2.686011331304111,-0.9141426761751484,-0.0536256929789637,-0.0384027308596979,-0.0189951310804655,730.0
PV-002,development,raw_full,ret_next_open_to_close,-0.0124198419638657,-0.1674313196655306,0.4328767123287671,-4.523745148392758,-0.3,-0.0003148844119035,-0.7258981251329341,-0.2962295444892037,-0.0533860351046085,-0.0176931299016236,-0.0051947526465479,730.0
PV-002,development,raw_full,ret_close_to_next_open,-0.0626945383460284,-0.8512978884599856,0.147945205479452,-23.000802361535,-0.3999999999999999,-0.000928270287191,-4.905924338146763,-0.6942861539255701,-0.4170191408060165,-0.0607623100594518,-0.0644355565417458,730.0
PV-002,development,neutral_full,ret_close_to_close,-0.0256562586258162,-0.5224182073345116,0.2931506849315068,-14.114962693852984,-1.0,-0.001094604033936,-4.24052391643266,-0.8055009273141839,-0.1880875074004817,-0.0363699921774144,-0.0130236474231856,730.0
PV-002,development,neutral_full,ret_next_open_to_close,-0.009328662514727,-0.200074293169471,0.4301369863013699,-5.405709725346184,-0.3999999999999999,-0.000127410581933,-0.5328632617814776,-0.1632381781359378,-0.0969526570629004,-0.015735634353991,-0.0005502790206705,730.0
PV-002,development,neutral_full,ret_close_to_next_open,-0.0558954728107068,-1.112001904620493,0.1232876712328767,-30.044636995512377,-0.7,-0.0009646888893916,-8.310832150259525,-0.703173073549063,-0.7179199950699345,-0.0589749558561983,-0.0531207302749255,730.0
PV-002,development,raw_tradable,ret_close_to_close,-0.0312089193630947,-0.3544191110170575,0.3260273972602739,-9.575877065079135,-0.4999999999999999,-0.0015942233738088,-2.877806843975072,-1.173254166224314,-0.0572343235927834,-0.0394050959076186,-0.0212190506872465,730.0
PV-002,development,raw_tradable,ret_next_open_to_close,-0.0145111974666945,-0.1741889350233078,0.4191780821917808,-4.706325861191989,-0.1999999999999999,-0.0005068290225213,-0.979658226102778,-0.4475557887176285,-0.0566689984535659,-0.0209144892393595,-0.0060278555003612,730.0
PV-002,development,raw_tradable,ret_close_to_next_open,-0.0640094179793752,-0.7525410251133411,0.1958904109589041,-20.332538847114147,-0.3999999999999999,-0.0010828261856269,-4.747404511847014,-0.7959951518349117,-0.3066295882196899,-0.0641115109829341,-0.0639179320411212,730.0
PV-002,validation_2022,raw_full,ret_close_to_close,-0.0244871312203133,-0.2773730406870974,0.3884297520661157,-4.3149118757399325,-0.7,-0.00096839012357,-1.9654603011524443,-0.2918036186759622,-0.021421786030055,-0.0319129979840346,-0.0165535128830043,242.0
PV-002,validation_2022,raw_full,ret_next_open_to_close,-0.0083073431929881,-0.0975453598505433,0.4710743801652892,-1.5174496793192267,0.3,0.0001896457384923,0.3924622256980256,-0.1061604563685702,0.0833430352899566,-0.015287271323929,0.0007998011302394,242.0
PV-002,validation_2022,raw_full,ret_close_to_next_open,-0.0579481030847631,-0.8152581435808754,0.1818181818181818,-12.682440358359049,-0.3999999999999999,-0.0011662384957975,-6.956459851499063,-0.2815584052465683,-0.6906974364264965,-0.0588388805684414,-0.0570424793096901,242.0
PV-002,validation_2022,neutral_full,ret_close_to_close,-0.0210237295207373,-0.4336605685460709,0.3305785123966942,-6.746175232547087,-0.7,-0.0008641748153929,-3.364846636205834,-0.2320457410329192,-0.3979188082315238,-0.0306039032578864,-0.0107885011690822,242.0
PV-002,validation_2022,neutral_full,ret_next_open_to_close,-0.0075066269984973,-0.1591943555017159,0.4008264462809917,-2.476482982641478,-0.6,-5.518944745579108e-05,-0.2220847329528201,-0.0812174361926574,-0.2180440466089863,-0.0153449486766567,0.0027205165244344,242.0
PV-002,validation_2022,neutral_full,ret_close_to_next_open,-0.0483159356267101,-1.0020610530424348,0.1446280991735537,-15.588411646923245,-0.6,-0.0008077649170767,-8.768058427470702,-0.195057980184399,-0.8649359775837665,-0.0542277114656327,-0.042305630190472,242.0
PV-002,validation_2022,raw_tradable,ret_close_to_close,-0.0251163574080553,-0.2669554789367402,0.4132231404958678,-4.1528526474835745,-0.7,-0.0011824672258419,-2.1128820580273944,-0.3648313575954247,0.1111084696539566,-0.03242831798422,-0.0166292603107213,242.0
PV-002,validation_2022,raw_tradable,ret_next_open_to_close,-0.0114740503235073,-0.1252256353582637,0.4586776859504132,-1.9480537106848872,-0.3,-0.0001585167856006,-0.2873062003932377,-0.1736139149258878,0.1460663135202275,-0.0185425596111434,-0.0025558376708824,242.0
PV-002,validation_2022,raw_tradable,ret_close_to_next_open,-0.0531105856763903,-0.6814452982030078,0.2148760330578512,-10.60080101007479,-0.3999999999999999,-0.0010358447029607,-5.542550870754516,-0.2488009173684738,-0.5230699999416656,-0.0547429540204549,-0.0518167826185021,242.0
PV-002,validation_2023,raw_full,ret_close_to_close,-0.0238207612063029,-0.2684472336443136,0.4008264462809917,-4.1760589046146,-0.3,-0.0004821188693181,-1.1516568868015131,-0.1332875616803115,-0.0598146418729382,-0.0308578701026165,-0.0157872475105114,242.0
PV-002,validation_2023,raw_full,ret_next_open_to_close,-0.0025337457786067,-0.0289679016050059,0.4958677685950413,-0.4506347925561768,0.4999999999999999,0.0005885439169084,1.488151584049233,-0.063137438126528,0.0916086241352316,-0.0121458636323667,0.0074014684735989,242.0
PV-002,validation_2023,raw_full,ret_close_to_next_open,-0.0759199047110622,-1.3886270812305634,0.0826446280991735,-21.60196776490311,-0.7999999999999999,-0.0010734284918876,-10.921708487433554,-0.2608779262540034,-0.9257612855031514,-0.0673346008352865,-0.0820696613880363,242.0
PV-002,validation_2023,neutral_full,ret_close_to_close,-0.0135787509496668,-0.2927654116570656,0.3636363636363636,-4.554360973350808,-0.3,-0.0003721908527818,-1.5762272573977056,-0.0996191218040476,-0.1804066633955836,-0.0205268837448646,-0.0056468117409897,242.0
PV-002,validation_2023,neutral_full,ret_next_open_to_close,0.0037983611872711,0.08411071858291,0.5289256198347108,1.3084557085698787,0.7,0.0005159452694341,2.3007964047691565,-0.0290230755144871,0.1350817801213245,-0.0047627138106393,0.0126472034120022,242.0
PV-002,validation_2023,neutral_full,ret_close_to_next_open,-0.0608311542095112,-1.5531035436566525,0.0619834710743801,-24.16062104729847,-0.7999999999999999,-0.0008894493332939,-13.38861988281928,-0.2152261218743819,-1.277855877529312,-0.0599319917400683,-0.0614752351273392,242.0
PV-002,validation_2023,raw_tradable,ret_close_to_close,-0.0249852708481203,-0.2552937299300349,0.3553719008264462,-3.9714384078145657,-0.3,-0.0005366989895214,-1.074376714834399,-0.1537068933166551,0.0321471701681247,-0.0323702787907796,-0.0172247540270207,242.0
PV-002,validation_2023,raw_tradable,ret_next_open_to_close,-0.0063516710804091,-0.0665065772507655,0.4793388429752066,-1.0345995388855125,0.1999999999999999,0.0005026643724033,1.0866214143218318,-0.0826175603239646,0.166909644942745,-0.0131366473624522,0.0008972352038247,242.0
PV-002,validation_2023,raw_tradable,ret_close_to_next_open,-0.0697943226869676,-1.1000380684847573,0.1115702479338843,-17.11257631135632,-0.3,-0.0010446045158715,-8.429155535574647,-0.2526764237757839,-0.670281769161469,-0.0623350142960317,-0.0746149641641031,242.0
PV-003,development,raw_full,ret_close_to_close,0.0409086625631909,0.3082368008295429,0.6282940360610264,8.276602938587798,0.7999999999999999,4.246332757142171e-05,0.0701351614509544,-0.2779163443212107,0.31435585593487,-0.0120204196326383,0.1032722337304822,721.0
PV-003,development,raw_full,ret_next_open_to_close,0.0198034678952196,0.1442326744611266,0.5644937586685159,3.872855460712795,-1.0,-0.000875193616316,-1.4851157799643326,-0.7668126942143162,0.1323867578363507,-0.0303798905557417,0.0886405089282819,721.0
PV-003,development,raw_full,ret_close_to_next_open,0.0636233609017986,0.5517545999215605,0.753120665742025,14.81540728037699,1.0,0.0008546705685278,3.5632604683926203,-0.0600393538603587,0.4615460935114493,-0.0120735575587292,0.1319303427316152,721.0
PV-003,development,neutral_full,ret_close_to_close,0.0284448719012306,0.4196548736250065,0.6754507628294036,11.26833898771934,-0.0999999999999999,-0.0001437537540859,-0.4809421991383255,-0.2163661235746605,0.3056002547407074,0.0128135203218769,0.0468624764811338,721.0
PV-003,development,neutral_full,ret_next_open_to_close,0.0143939548279391,0.2025230366623402,0.5908460471567267,5.43803580837903,-1.0,-0.0005423190236986,-1.8931908122213383,-0.4445849784302128,0.1057896367867657,-0.0017792028576335,0.0365788454690044,721.0
PV-003,development,neutral_full,ret_close_to_next_open,0.0422661072261594,0.6947452640686027,0.7891816920943134,18.654912971731804,0.8999999999999998,0.0003444579458878,2.3880296409344237,-0.0545669068256544,0.610060736986014,0.0111882661800532,0.0703099637901919,721.0
PV-003,development,raw_tradable,ret_close_to_close,0.0340100574382083,0.2780532290450845,0.6171983356449375,7.466130476325009,-0.1999999999999999,-5.16471010503263e-05,-0.0839714901326882,-0.3546104549965834,0.1810031346395232,-0.0079836888954896,0.0851778222017295,721.0
PV-003,development,raw_tradable,ret_next_open_to_close,0.0139237358685178,0.1097440471202039,0.5603328710124826,2.9467860438569056,-0.8999999999999998,-0.0010271998654943,-1.735694277759206,-0.872322438293555,0.0495300616790869,-0.0287606206235377,0.0705149310886303,721.0
PV-003,development,raw_tradable,ret_close_to_next_open,0.0633967199056189,0.5907345359642635,0.7545076282940361,15.86207481757159,1.0,0.0009065251166423,3.635350540477499,-0.0718309505542508,0.5789945990866052,-0.0056029358073138,0.1256602614724342,721.0
PV-003,validation_2022,raw_full,ret_close_to_close,0.0492614473077228,0.38917874931203,0.6652892561983471,6.054200520109188,0.8999999999999998,0.0006545904807364,1.20475898045247,-0.0835629317825371,0.3149854929041135,0.0162730532858828,0.0845054580148168,242.0
PV-003,validation_2022,raw_full,ret_next_open_to_close,0.0175277399826817,0.1295217108299137,0.5371900826446281,2.0148849608517314,-0.8999999999999998,-0.0009594678718338,-1.6940361649892317,-0.292687814129825,-0.0218785609995823,-0.0162132811063308,0.0615517389273934,242.0
PV-003,validation_2022,raw_full,ret_close_to_next_open,0.0917634523162372,0.951626873172612,0.859504132231405,14.8038399339535,1.0,0.0015613454926917,9.920776266011451,-0.0083222375887888,0.8303602005276338,0.0404206023911237,0.1439620164067692,242.0
PV-003,validation_2022,neutral_full,ret_close_to_close,0.0286395725299856,0.4168214331148751,0.6528925619834711,6.484219761787308,0.1999999999999999,-9.77060611696521e-06,-0.0353951571957538,-0.0535936998181464,0.2906826060131847,0.0206381654087838,0.0371880844116115,242.0
PV-003,validation_2022,neutral_full,ret_next_open_to_close,0.0118871163213758,0.1669873859797094,0.5537190082644629,2.597714085975095,-0.8999999999999998,-0.0005807661691234,-2.1176312748227293,-0.1467801227130995,-0.0371436558712946,0.0032484250145336,0.0231585516455412,242.0
PV-003,validation_2022,neutral_full,ret_close_to_next_open,0.0462425214044405,0.9067635714866512,0.8223140495867769,14.105930747285164,0.7999999999999999,0.000536486282246,5.794425524838577,-0.0059292722635354,0.8158727790138185,0.0300782556028541,0.0626761916360535,242.0
PV-003,validation_2022,raw_tradable,ret_close_to_close,0.0409432585291529,0.3319205350379283,0.640495867768595,5.163471745088496,0.8999999999999998,0.0004101237313165,0.6937015167488408,-0.0892390565249972,0.1245150598216956,0.016889115438245,0.0688632460453853,242.0
PV-003,validation_2022,raw_tradable,ret_next_open_to_close,0.011059436715075,0.0838513568836815,0.5289256198347108,1.3044209874111792,-0.8999999999999998,-0.0012443478957673,-2.0385927759451548,-0.3456255158202209,-0.048171783299449,-0.0124373173727478,0.0407048741155991,242.0
PV-003,validation_2022,raw_tradable,ret_close_to_next_open,0.0890362744752719,0.969474690970322,0.8553719008264463,15.081486819824638,1.0,0.0015978854628682,9.37500090121746,-0.0081863879976772,0.7840741824510301,0.0414494862160132,0.1267532103548324,242.0
PV-003,validation_2023,raw_full,ret_close_to_close,0.0561560147659582,0.4146008743364623,0.6611570247933884,6.449675974042051,0.8999999999999998,0.000484186923512,0.9309763301426988,-0.1336724308616925,0.1512873307737735,0.012280285186076,0.1062442370297175,242.0
PV-003,validation_2023,raw_full,ret_next_open_to_close,0.0262835454968994,0.1861111200996822,0.5495867768595041,2.8952095716876034,-1.0,-0.0008700629631204,-1.6641737787472557,-0.2854747416441138,-0.0278320367179159,-0.0187612867427791,0.0728424897446343,242.0
PV-003,validation_2023,raw_full,ret_close_to_next_open,0.1025593495581355,1.2723725043658949,0.9049586776859504,19.79347097271355,1.0,0.0013326531204591,9.608286864067196,-0.0168277065192876,0.9765850135793636,0.0604304006938554,0.1327368235673008,242.0
PV-003,validation_2023,neutral_full,ret_close_to_close,0.0335718378567042,0.5769105510738811,0.7272727272727273,8.974621981653007,0.8999999999999998,0.0002579037390205,1.354578167270531,-0.0440988438574815,0.2414440520773039,0.0298778426314438,0.037788876653683,242.0
PV-003,validation_2023,neutral_full,ret_next_open_to_close,0.0187664299741099,0.3102203455625996,0.6363636363636364,4.825896020205662,-0.7,-0.0002314808284329,-1.2277368077846722,-0.0906954468250353,0.0573545175875749,0.0137345204240973,0.0239674793409295,242.0
PV-003,validation_2023,neutral_full,ret_close_to_next_open,0.0477052997014337,1.1959515326568704,0.9132231404958676,18.60463965166659,0.8999999999999998,0.0004738814940294,7.325847801301832,-0.0058806434849127,0.9049338327507654,0.041331927384405,0.052270623134199,242.0
PV-003,validation_2023,raw_tradable,ret_close_to_close,0.0493851196424863,0.3842086619594468,0.6735537190082644,5.976884105766965,1.0,0.0004323405290002,0.7423342211275366,-0.1571815600055107,0.1547459842618297,0.0086253353072926,0.0922174353845543,242.0
PV-003,validation_2023,raw_tradable,ret_next_open_to_close,0.0208356868060634,0.1529168669783242,0.5578512396694215,2.3788281791598354,-1.0,-0.0010312909864855,-1.764678729779997,-0.34506651998284,-0.0536017704079641,-0.0248213265129406,0.0696145471896148,242.0
PV-003,validation_2023,raw_tradable,ret_close_to_next_open,0.0983731741017113,1.2223365580069752,0.8966942148760331,19.015094319297027,1.0,0.0014421670404807,9.519775724796762,-0.015816727588233,1.019825994712937,0.0539309855452052,0.1270943163661201,242.0
PV-004,development,raw_full,ret_close_to_close,0.0113993375874702,0.1585905168003568,0.5686546463245492,4.258384248245111,-0.8999999999999998,-0.000414802334068,-1.2522845982813025,-0.4374459921632896,-0.0395317289986995,0.0146165640908993,0.0076086477495931,721.0
PV-004,development,raw_full,ret_next_open_to_close,0.0059365287824018,0.0827725280362839,0.5270457697642164,2.2225618321230236,-0.7999999999999999,-0.0002292217969776,-0.7332443863743406,-0.341058896070885,-0.0439127586265602,0.0083056267477504,0.0026868121654598,721.0
PV-004,development,raw_full,ret_close_to_next_open,0.0188189020002506,0.3469770788313655,0.6546463245492372,9.316835311518856,-0.7,-0.000207867845838,-1.4644818291464097,-0.1959914932745023,0.1287559293703608,0.0117406265646771,0.0252061584619027,721.0
PV-004,development,neutral_full,ret_close_to_close,0.010328328672673,0.2157214741808923,0.5963938973647711,5.792432903264613,-1.0,-0.0003748986083305,-1.715053893643182,-0.3645380336049696,0.0176478564023432,0.0127163380831577,0.007514661995667,721.0
PV-004,development,neutral_full,ret_next_open_to_close,0.0061090855927492,0.1277642543301323,0.5547850208044383,3.4306546135613165,-0.8999999999999998,-0.0001338881213353,-0.6331017572682067,-0.210441184935077,0.0044622809415725,0.0074105420020534,0.0043238641365656,721.0
PV-004,development,neutral_full,ret_close_to_next_open,0.0150992195021189,0.3614129302691449,0.6546463245492372,9.704458755927153,-0.8999999999999998,-0.000262469422825,-2.3255874792988647,-0.2019795006387867,0.2344138528040425,0.0088006936658132,0.020782849676305,721.0
PV-004,development,raw_tradable,ret_close_to_close,0.0053599607224323,0.0704143062245243,0.5173370319001387,1.8907257415340453,-1.0,-0.000610611256037,-1.5783988681611003,-0.5172432282911095,-0.0758098150846325,0.0107666619006107,-0.0012278967131326,721.0
PV-004,development,raw_tradable,ret_next_open_to_close,0.0037238781653095,0.0492111474981195,0.492371705963939,1.3213903300905796,-1.0,-0.0002013706085181,-0.557523304485816,-0.3788057851020516,-0.0670535748438743,0.0092547965331745,-0.0036090490901501,721.0
PV-004,development,raw_tradable,ret_close_to_next_open,0.0110845277184671,0.1790657645316679,0.5936199722607489,4.808174198975225,-1.0,-0.0004286992482807,-2.382534191890052,-0.3408607734264682,0.0629746809307247,0.0070787640596365,0.0146992273789422,721.0
PV-004,validation_2022,raw_full,ret_close_to_close,0.0212854498954035,0.230058394138969,0.5950413223140496,3.5788687124201553,0.3,7.370263525990288e-05,0.1974352288842918,-0.1096520955796738,0.0125964985084653,0.0195554459774216,0.0231337446795722,242.0
PV-004,validation_2022,raw_full,ret_next_open_to_close,0.0107794402200986,0.1177090896170608,0.5330578512396694,1.831123700461413,-0.8999999999999998,-0.0001353028188769,-0.3730386426279679,-0.1014198416739194,-0.0494032212015234,0.0072297219830408,0.0154109773484503,242.0
PV-004,validation_2022,raw_full,ret_close_to_next_open,0.0317436921119604,0.4791193662081462,0.6735537190082644,7.4533481625587825,0.7,0.0001867305467866,1.732802686456018,-0.0245857101295088,0.3580914379502228,0.0159481892376127,0.0478024533675471,242.0
PV-004,validation_2022,neutral_full,ret_close_to_close,0.0153874223177337,0.2735826053018404,0.6157024793388429,4.25594653931951,0.0999999999999999,-0.0001336886940252,-0.5956644277529864,-0.069204688640751,0.0923721180663013,0.0137950802515364,0.0170886424739273,242.0
PV-004,validation_2022,neutral_full,ret_next_open_to_close,0.0091511140454384,0.167024279185601,0.5702479338842975,2.598288009568539,-0.3999999999999999,-0.0001584997891047,-0.7441828615492977,-0.0730616222757265,0.0456610716161634,0.0082347767673669,0.0103467160177792,242.0
PV-004,validation_2022,neutral_full,ret_close_to_next_open,0.0182630655875968,0.4155517574306834,0.6652892561983471,6.464468243490917,0.3,1.0340395092825233e-05,0.1283424180589854,-0.0198642623564276,0.3809235511154568,0.0121685962165197,0.0244591094481918,242.0
PV-004,validation_2022,raw_tradable,ret_close_to_close,0.0146407854396236,0.1588791334738246,0.5743801652892562,2.4715792787044473,-0.4999999999999999,-0.000108588090974,-0.266725471760882,-0.1151636169716861,-0.0578333053716712,0.0119735441784829,0.0177366904748762,242.0
PV-004,validation_2022,raw_tradable,ret_next_open_to_close,0.0062917176784231,0.0693711936260827,0.5619834710743802,1.079162511504178,-0.8999999999999998,-0.0002465846529246,-0.631843994424746,-0.1087889415573575,-0.0976417082177505,0.0048332436233835,0.0081318484955291,242.0
PV-004,validation_2022,raw_tradable,ret_close_to_next_open,0.0267331313210505,0.3655296554858411,0.640495867768595,5.686306958614057,0.6,0.0001176359614277,0.8945075576364568,-0.0278927103296627,0.2155113331473156,0.0121620235584538,0.0382820833995531,242.0
PV-004,validation_2023,raw_full,ret_close_to_close,0.0185324701435361,0.2880221701491735,0.6157024793388429,4.480573452180016,-0.4999999999999999,-0.0002485575824728,-1.155479152053451,-0.0739680379749363,0.1519599932597601,0.0158050808380358,0.0216460384657443,242.0
PV-004,validation_2023,raw_full,ret_next_open_to_close,0.0098026661500213,0.1515303239767304,0.5289256198347108,2.3572586320654927,-0.7999999999999999,-0.0004972449055661,-2.292901477343428,-0.1382778343414485,-0.00929536513661,0.0083292068111413,0.0113256535339056,242.0
PV-004,validation_2023,raw_full,ret_close_to_next_open,0.0293934332367155,0.6368959502623529,0.756198347107438,9.907775797496717,0.8999999999999998,0.0002408607770193,3.279575555990629,-0.0147141439401966,0.5539782539078003,0.0271927981256428,0.030969774699257,242.0
PV-004,validation_2023,neutral_full,ret_close_to_close,0.0157796941449872,0.3735892612624156,0.6363636363636364,5.811685000376791,-0.4999999999999999,-8.044239621815021e-05,-0.5090735364838279,-0.0461300007086648,0.1983626040493837,0.0183033928299701,0.012898657593104,242.0
PV-004,validation_2023,neutral_full,ret_next_open_to_close,0.0100405821787913,0.2330626633818725,0.5826446280991735,3.6256041738118334,-0.6,-0.0001719871096163,-1.1212611554852985,-0.0630119069422098,0.0308002654024889,0.0130211039583776,0.0069598747931686,242.0
PV-004,validation_2023,neutral_full,ret_close_to_next_open,0.0191926272249528,0.5307356856724323,0.7024793388429752,8.256309651846715,0.3999999999999999,8.680412514792228e-05,1.3875072632982195,-0.0170026947365152,0.5692927188773703,0.0197426087544782,0.0187986688243707,242.0
PV-004,validation_2023,raw_tradable,ret_close_to_close,0.0157890751029172,0.2218917011406102,0.5785123966942148,3.4518247844419747,-0.8999999999999998,-0.0003425842463562,-1.3161035871994435,-0.1052470387237039,0.0992626677263017,0.0213608457903409,0.0099339940415567,242.0
PV-004,validation_2023,raw_tradable,ret_next_open_to_close,0.0079285038054428,0.1123351731391105,0.5413223140495868,1.7475251792334596,-0.8999999999999998,-0.0005473320497208,-2.109970616931847,-0.1519743727720661,-0.0911379866715888,0.014816450071379,0.0005695868546563,242.0
PV-004,validation_2023,raw_tradable,ret_close_to_next_open,0.0248997544365359,0.4520818587301313,0.6900826446280992,7.032743255108882,0.8999999999999998,0.0001960771122408,2.1346928912227563,-0.0167081202404516,0.3676542553313102,0.0263517402994853,0.0239613962257862,242.0
PV-005,development,raw_full,ret_close_to_close,0.0146643280948834,0.0987920494507116,0.5312066574202496,2.6527091009001365,0.3,0.0002863194670159,0.4111485990128162,-0.2650790661291121,0.237483818379422,-0.0328375311105531,0.0706332860710776,721.0
PV-005,development,raw_full,ret_next_open_to_close,0.0084195645383364,0.0577337747160132,0.5159500693481276,1.5502351704414734,-0.0999999999999999,-3.208625801713066e-05,-0.0504440386999671,-0.3318958442556203,0.151251103438729,-0.0366963765219485,0.070305575795372,721.0
PV-005,development,raw_full,ret_close_to_next_open,0.0228502203711163,0.1845908102954054,0.59500693481276,4.9565296512798005,0.3999999999999999,0.0003375016025203,1.2007323138010624,-0.1357182274893571,0.1276171500750458,-0.0496865141221548,0.0883055322357568,721.0
PV-005,development,neutral_full,ret_close_to_close,-0.0040340277255221,-0.0680638495171313,0.4993065187239944,-1.8276125868455804,0.0,-4.507862732759989e-06,-0.0149010861390279,-0.1601337332596761,-0.087794258692531,-0.0170977338246549,0.0113582543852386,721.0
PV-005,development,neutral_full,ret_next_open_to_close,-0.0028115060763035,-0.0512152641358843,0.4868238557558946,-1.3752037540839384,0.8999999999999998,0.0002289893557528,0.9751833905668934,-0.1322104458126027,-0.0115778254442476,-0.0157872766955057,0.0149874950691151,721.0
PV-005,development,neutral_full,ret_close_to_next_open,0.0012326713538695,0.0235000602283188,0.5353675450762829,0.6310105315758645,0.0,-0.0001905453400704,-1.0301614293646255,-0.1866773615804092,-0.0567280376989979,-0.0172449923913664,0.0179064470817606,721.0
PV-005,development,raw_tradable,ret_close_to_close,0.0089927684226198,0.0705741715373818,0.5201109570041609,1.8950183558961635,0.7,0.0002932210320296,0.4304522964763237,-0.2553106554331002,0.1201985915605965,-0.025711037735636,0.0512780214646795,721.0
PV-005,development,raw_tradable,ret_next_open_to_close,0.0026581988519217,0.0212370360168612,0.5020804438280166,0.570245065582713,-0.0999999999999999,-0.0001686381054296,-0.2737404316274081,-0.3492223270316946,0.1283374669652875,-0.0340061077776343,0.0512679731253008,721.0
PV-005,development,raw_tradable,ret_close_to_next_open,0.0211377158133679,0.1957871205187217,0.6019417475728155,5.257166738889873,0.3999999999999999,0.0004934093950022,1.7066365990104504,-0.1009668351358151,0.1435315595753411,-0.0345503161882561,0.0713891853240683,721.0
PV-005,validation_2022,raw_full,ret_close_to_close,0.0330136850384827,0.2547445613081331,0.6157024793388429,3.9628953489702097,1.0,0.0015291020468827,2.7129810074627887,-0.0919910436680369,0.4930789003662209,0.0026395620958268,0.0654646710883287,242.0
PV-005,validation_2022,raw_full,ret_next_open_to_close,0.0003779918183444,0.0027817187393496,0.4752066115702479,0.0432733880468518,-0.8999999999999998,-0.0003932535653657,-0.6866651086409571,-0.2575095523358803,0.0728718222275483,-0.0308179782928564,0.0410813052015303,242.0
PV-005,validation_2022,raw_full,ret_close_to_next_open,0.0977325219362715,0.8497169809583525,0.8223140495867769,13.218494065150251,1.0,0.0019339235812417,11.199360301208683,-0.0108997048574048,0.8638614581876352,0.0265470968222396,0.1701043708022038,242.0
PV-005,validation_2022,neutral_full,ret_close_to_close,-0.0053950613753262,-0.0906307040613265,0.4669421487603306,-1.4098828793604534,0.3,0.0001069421118599,0.4042697005148989,-0.1017413065920161,0.2282332696810564,-0.0074485074134073,-0.0032012087705387,242.0
PV-005,validation_2022,neutral_full,ret_next_open_to_close,-0.0150658602722722,-0.2564766770167424,0.4173553719008264,-3.989840745764071,-0.7999999999999999,-0.0002698852200922,-1.0486946831978838,-0.1373728802670684,0.1187037824812482,-0.015447153422654,-0.0145683634951073,242.0
PV-005,validation_2022,neutral_full,ret_close_to_next_open,0.0295059952062397,0.6233086995100379,0.7479338842975206,9.696407780314548,0.8999999999999998,0.000411944229547,4.889259145245618,-0.0113013278895934,0.6874192974515462,0.0085213980229169,0.0508403356759513,242.0
PV-005,validation_2022,raw_tradable,ret_close_to_close,0.0263913404331878,0.2207800625626909,0.5950413223140496,3.4345317465551166,1.0,0.0015704160851974,2.782831114980644,-0.0871903598494861,0.2591627601201723,-0.0023827158333683,0.0597897985997262,242.0
PV-005,validation_2022,raw_tradable,ret_next_open_to_close,0.0020351307036845,0.0163004754088053,0.512396694214876,0.2535758873588778,-0.0999999999999999,2.084028937694027e-05,0.0371139006047473,-0.2300439087703013,-0.0235262906529278,-0.0235538392868553,0.0343202797571695,242.0
PV-005,validation_2022,raw_tradable,ret_close_to_next_open,0.0760605987592145,0.6850716847969422,0.7851239669421488,10.65721434621384,1.0,0.0015679696182003,8.69618199049756,-0.015129168421605,0.7347808281633642,0.0031152491438294,0.1338765425284456,242.0
PV-005,validation_2023,raw_full,ret_close_to_close,0.0337860281790086,0.2575612433722222,0.6157024793388429,4.006712638705415,1.0,0.0009329631376676,1.8153838222333152,-0.1025021234335283,0.1436706200985133,0.0069676617012558,0.0644016854854698,242.0
PV-005,validation_2023,raw_full,ret_next_open_to_close,0.0078549561677469,0.0583726705537426,0.5206611570247934,0.9080656460594349,-0.7999999999999999,-0.0002701101693361,-0.5376412354759852,-0.1912138184090818,0.0102301025739826,-0.0233762063625793,0.0401359056738825,242.0
PV-005,validation_2023,raw_full,ret_close_to_next_open,0.0896690197503822,1.0702385097264822,0.8842975206611571,16.649003969720766,1.0,0.0012076044135192,9.289332081425304,-0.014154903201631,0.9298275654398664,0.0406621248693126,0.124773249416964,242.0
PV-005,validation_2023,neutral_full,ret_close_to_close,-0.003937400023733,-0.0632993487066601,0.4462809917355372,-0.9847067717337684,-0.0999999999999999,-0.0001306108671509,-0.6233382073767477,-0.0648327771876784,-0.0758382762154842,-0.0037215388367159,-0.004183825626611,242.0
PV-005,validation_2023,neutral_full,ret_next_open_to_close,-0.0112186680123699,-0.1798088911522624,0.4049586776859504,-2.797169897530769,-0.3999999999999999,-0.0002266900403775,-1.1306183423690492,-0.079659969055635,-0.0883580717550058,-0.0133811160125427,-0.0089835326844601,242.0
PV-005,validation_2023,neutral_full,ret_close_to_next_open,0.0217269737764655,0.5268379851489734,0.7024793388429752,8.195675661480927,0.7999999999999999,0.0001092387637869,1.7551092203308418,-0.0094446320553913,0.4834123767523623,0.0094895972410191,0.0304927541316434,242.0
PV-005,validation_2023,raw_tradable,ret_close_to_close,0.0280383037815401,0.2231950471092974,0.5661157024793388,3.4721000894411733,0.6,0.0008314606416403,1.558664613856394,-0.0981849503007778,0.2311084390798269,-0.0062231485157535,0.0640418638227639,242.0
PV-005,validation_2023,raw_tradable,ret_next_open_to_close,0.0079890612018306,0.0627389757391804,0.4958677685950413,0.9759894141772016,-0.8999999999999998,-0.0002885382031147,-0.5636196122844633,-0.1481188127245516,0.0729468774269144,-0.0292150976308774,0.0477370941427581,242.0
PV-005,validation_2023,raw_tradable,ret_close_to_next_open,0.0719766572568493,0.8613184406248963,0.8347107438016529,13.39897042279151,1.0,0.0011298157467974,8.163332125263173,-0.0124197179331836,0.7881309359749646,0.0217449272188268,0.1044393399344829,242.0
PV-006,development,raw_full,ret_close_to_close,-0.0320943182052263,-0.2169709944912461,0.4277777777777777,-5.821942713937907,-0.3,-0.0003634679832081,-0.5332909353806051,-0.3491564562750671,-0.3606111626898998,0.0292302562059724,-0.104568815236643,720.0
PV-006,development,raw_full,ret_next_open_to_close,-0.0201839080219131,-0.1346385257412792,0.4430555555555555,-3.6127307513742686,1.0,0.0004367804500038,0.6618580616339712,-0.1938862782486724,-0.203008269536026,0.0385691563597583,-0.1010420857353026,720.0
PV-006,development,raw_full,ret_close_to_next_open,-0.0381684020452805,-0.3378736184867784,0.3180555555555555,-9.066100544883197,-0.8999999999999998,-0.0007783494566444,-3.595108590973187,-0.5615718726543645,-0.3159027025689093,0.0278676733538065,-0.0979153274063592,720.0
PV-006,development,neutral_full,ret_close_to_close,-0.0196917157846636,-0.2878515182674101,0.3833333333333333,-7.723866747269419,-0.3,-1.9420880312766095e-06,-0.0064469370851649,-0.1276157172301298,-0.4040280937852534,0.0059601467325877,-0.0500075533050516,720.0
PV-006,development,neutral_full,ret_next_open_to_close,-0.0140014383836475,-0.2023961113583959,0.4222222222222222,-5.430857560547889,0.8999999999999998,0.0002684163915152,0.9470495608917596,-0.0946634074168905,-0.2396054496328277,0.0112248557792471,-0.0487188135187204,720.0
PV-006,development,neutral_full,ret_close_to_next_open,-0.0191263004049642,-0.3521240755533641,0.3277777777777778,-9.44848043341913,-0.8999999999999998,-0.0002593447089629,-2.2308458816531456,-0.2001284922477071,-0.3669524313953153,0.001809856133143,-0.0380685372727757,720.0
PV-006,development,raw_tradable,ret_close_to_close,-0.027221775476768,-0.1986874249612056,0.4347222222222222,-5.331343061851731,0.0,-0.0005215378286143,-0.741660983037051,-0.4106685183749978,-0.2466341243352893,0.0217741922005628,-0.0871057359712835,720.0
PV-006,development,raw_tradable,ret_next_open_to_close,-0.0155492820043425,-0.1115724857296457,0.4666666666666667,-2.993803950121358,0.8999999999999998,0.0003917992725643,0.57822783472524,-0.1913281442663102,-0.1542861771519024,0.0358581009328005,-0.0839260923187949,720.0
PV-006,development,raw_tradable,ret_close_to_next_open,-0.0379102728177449,-0.3680362558453555,0.3041666666666666,-9.875449035056633,-0.7999999999999999,-0.0008935024293345,-3.929361878529483,-0.6458866009884332,-0.4155171212875356,0.015341145262362,-0.0860901272711751,720.0
PV-006,validation_2022,raw_full,ret_close_to_close,-0.0497497553575771,-0.3145940949058056,0.3636363636363636,-4.8939355922410686,-1.0,-0.001310462724357,-1.935604586801776,-0.3101732812021199,-0.279340083571215,0.0001517235022365,-0.1030633011479763,242.0
PV-006,validation_2022,raw_full,ret_next_open_to_close,-0.0251656003421492,-0.1536391809943825,0.4338842975206611,-2.3900647482156545,0.7999999999999999,0.0001875884701231,0.2718357355375093,-0.1180889162919528,-0.0456003200116525,0.0259300792245342,-0.091833296538679,242.0
PV-006,validation_2022,raw_full,ret_close_to_next_open,-0.0724460021161821,-0.7932210950513019,0.1900826446280991,-12.33962433640188,-1.0,-0.0014689409207814,-9.645326543968473,-0.3556112760174129,-0.7868827258524772,-0.0303724910624694,-0.1152207383541233,242.0
PV-006,validation_2022,neutral_full,ret_close_to_close,-0.024671259114121,-0.2807535397052277,0.3801652892561983,-4.3675000988892485,-0.6,-0.0001846886410168,-0.5263342288894299,-0.0815838666033625,-0.2069770186597211,-0.0039239522000447,-0.0468371853043734,242.0
PV-006,validation_2022,neutral_full,ret_next_open_to_close,-0.0163124742563708,-0.1830579155060214,0.4421487603305785,-2.847712854891999,0.8999999999999998,0.0002090923825347,0.6110155396500155,-0.045675773012392,-0.0089788327453525,0.0053520039185919,-0.0445794600656079,242.0
PV-006,validation_2022,neutral_full,ret_close_to_next_open,-0.0240716011862625,-0.5084016211467928,0.2851239669421487,-7.908873145340887,-0.7999999999999999,-0.000381821405281,-4.469173437886981,-0.0924999580331265,-0.6803732822090008,-0.0168117048014932,-0.0314524958441113,242.0
PV-006,validation_2022,raw_tradable,ret_close_to_close,-0.04265432922515,-0.2693865605734009,0.4008264462809917,-4.190671402323393,-1.0,-0.0011085029596693,-1.5152504563035167,-0.2797400157167481,-0.1345494148417664,0.0004293728856599,-0.0926621977466258,242.0
PV-006,validation_2022,raw_tradable,ret_next_open_to_close,-0.0198439402064405,-0.1210695579619088,0.4504132231404958,-1.883400319462717,1.0,0.0003940264261483,0.5349652956598209,-0.1137847078140431,-0.0630180465856936,0.0258404743262552,-0.0774831548037671,242.0
PV-006,validation_2022,raw_tradable,ret_close_to_next_open,-0.0675841110580555,-0.7408971613972681,0.2190082644628099,-11.52565495368919,-1.0,-0.0014724651282365,-8.65710750595563,-0.3584683047433051,-0.7073043730022969,-0.0303436594307157,-0.0971006171626878,242.0
PV-006,validation_2023,raw_full,ret_close_to_close,-0.0460011326637019,-0.300143618870582,0.4090909090909091,-4.669138941131702,-0.7,-0.000483012171097,-0.8791607606322075,-0.2268615378688726,-0.1189358330048516,0.0103357515667902,-0.1103149208560337,242.0
PV-006,validation_2023,raw_full,ret_next_open_to_close,-0.0264513097385619,-0.1689175132464377,0.4421487603305785,-2.627739819709941,0.8999999999999998,0.0004678339280042,0.8543562103172413,-0.1662788812355854,0.0082455391555019,0.0327386013725201,-0.0876307976937139,242.0
PV-006,validation_2023,raw_full,ret_close_to_next_open,-0.0716634419169754,-0.8785199395416552,0.1735537190082644,-13.666562946465003,-0.8999999999999998,-0.0009349382795361,-7.393746930168126,-0.2273616353004488,-0.7212943447597394,-0.0331459307964395,-0.0992539995281394,242.0
PV-006,validation_2023,neutral_full,ret_close_to_close,-0.0247429629308974,-0.3742754079764214,0.3264462809917355,-5.822358938252762,-0.3,-0.000233245883244,-1.0360372733069103,-0.0957189086134941,-0.217669535822203,-0.009413924120147,-0.0422424851130815,242.0
PV-006,validation_2023,neutral_full,ret_next_open_to_close,-0.0200112978121927,-0.3009881391004218,0.359504132231405,-4.682276592721818,-0.3999999999999999,-0.0001333812054945,-0.6036497733639469,-0.0815747065606449,-0.1477645595962069,-0.0020720511435758,-0.0385535443688302,242.0
PV-006,validation_2023,neutral_full,ret_close_to_next_open,-0.0183309307418038,-0.4519991699804881,0.3471074380165289,-7.03145692004567,-0.7999999999999999,-8.857607934485053e-05,-1.447836878807425,-0.0277019667254404,-0.3900808811709104,-0.01394032493467,-0.0214759746178358,242.0
PV-006,validation_2023,raw_tradable,ret_close_to_close,-0.0388778620132924,-0.2586907164953729,0.4214876033057851,-4.024283117005467,-0.3,-0.0002729277388905,-0.4586033861148665,-0.2229135324197327,-0.1255070938918255,0.0180604925355941,-0.0987113871324613,242.0
PV-006,validation_2023,raw_tradable,ret_next_open_to_close,-0.0188113501510583,-0.1216512755583162,0.4545454545454545,-1.8924497215201317,0.8999999999999998,0.0007982151666254,1.3438568317943311,-0.1551927819781179,0.0239912327163437,0.0444572948427468,-0.086406056341021,242.0
PV-006,validation_2023,raw_tradable,ret_close_to_next_open,-0.074086136111068,-0.8469991823942384,0.1652892561983471,-13.176215041669405,-1.0,-0.0010551099685809,-6.959704237548876,-0.2603115005817227,-0.788547247020933,-0.0286876519126918,-0.1034252925658009,242.0
PV-008,development,raw_full,ret_close_to_close,0.000529147647319,0.003636763789042,0.5160075329566854,0.083803538142609,0.6,0.0008014726445595,1.0707587779285457,-0.1786230051572849,-0.0215601205006707,-0.0081188776903421,0.0106243935516909,531.0
PV-008,development,raw_full,ret_next_open_to_close,-0.0018173571139648,-0.0124569006367255,0.5065913370998116,-0.2870498080722183,0.3,0.0003629634372137,0.5089821244314708,-0.1961285187776688,-0.0039931034003387,-0.0090292873655985,0.0080668508648368,531.0
PV-008,development,raw_full,ret_close_to_next_open,-0.0065642330226808,-0.0893606677279735,0.4726930320150659,-2.059176938836271,0.6,0.0004607873086978,2.2796582366210023,-0.0455938650390498,-0.0682694683864968,0.0096608239949582,-0.0205690190800114,531.0
PV-008,development,neutral_full,ret_close_to_close,-0.0007584170124663,-0.0088191407736162,0.5028248587570622,-0.2032233169593507,0.6,0.0004732146922694,1.225860532880208,-0.0999751534373284,0.0446357102371459,-0.0093160754164914,0.0092313393285588,531.0
PV-008,development,neutral_full,ret_next_open_to_close,-0.0006088116380355,-0.0071251007635848,0.4990583804143126,-0.1641868123000353,0.6,0.0002906932936727,0.8058737607794252,-0.1116468863215825,0.0559334497335911,-0.0079836013440844,0.009498601039451,531.0
PV-008,development,neutral_full,ret_close_to_next_open,-0.0115283725669012,-0.2409943395136602,0.4124293785310734,-5.553337938647266,1.0,0.0002019039942302,1.6100356107032,-0.0509330984098018,-0.105141236650805,-0.007324294761168,-0.0151571555150077,531.0
PV-008,development,raw_tradable,ret_close_to_close,0.0029307247140584,0.0193231937293431,0.5329566854990584,0.4452728020481555,0.7,0.0011878384127637,1.4398920227308865,-0.172530283889156,0.057665174046235,0.0110791703568953,-0.0074115332172345,531.0
PV-008,development,raw_tradable,ret_next_open_to_close,0.002540544233669,0.0166485185014812,0.5216572504708098,0.3836390912878947,0.6,0.000788526388929,0.9956126476109592,-0.1934403810255203,0.0501255038216871,0.0123751064604886,-0.0106299708189879,531.0
PV-008,development,raw_tradable,ret_close_to_next_open,-0.0118804437750477,-0.140653826165655,0.448210922787194,-3.241147616321314,0.3999999999999999,0.0004322055685576,1.8800183178969825,-0.0517702702526357,-0.0781303926971774,0.0062780639561876,-0.0274358087895676,531.0
PV-008,validation_2022,raw_full,ret_close_to_close,-0.015620356939804,-0.1140007450440958,0.5,-1.7734353973819743,-0.8999999999999998,-0.0011879738711194,-2.072418741539904,-0.3795180876552785,-0.2461529367606948,-0.0704380652180664,0.0429455707079121,242.0
PV-008,validation_2022,raw_full,ret_next_open_to_close,-0.0027934194468622,-0.0205646036483534,0.5247933884297521,-0.3199101552276157,-1.0,-0.0003711388539386,-0.6633866193346584,-0.266155111987662,-0.2299587746741596,-0.0495784151008667,0.0582498605969342,242.0
PV-008,validation_2022,raw_full,ret_close_to_next_open,-0.0399412073442445,-0.5889479312015147,0.2727272727272727,-9.161879670204344,-0.8999999999999998,-0.0007933338773729,-6.420947145932174,-0.1959414724056807,-0.8137636762552843,-0.0617043912493385,-0.017815303707399,242.0
PV-008,validation_2022,neutral_full,ret_close_to_close,-0.0070810132895332,-0.0725560951032432,0.5,-1.128707951006226,-1.0,-0.0006237110039967,-1.5987519605230769,-0.2317843919167745,-0.2185049922026581,-0.0471460203742977,0.0357234814591467,242.0
PV-008,validation_2022,neutral_full,ret_next_open_to_close,0.0022496599021789,0.0232003358852279,0.5247933884297521,0.3609125262655063,-0.6,-6.0204038218885394e-05,-0.1559756279629691,-0.1583591022522415,-0.2163171424406911,-0.0314942618636444,0.0462774435394912,242.0
PV-008,validation_2022,neutral_full,ret_close_to_next_open,-0.0302062153228285,-0.5424478691906668,0.2892561983471074,-8.438508468388102,-1.0,-0.0005429517169223,-5.43659507408767,-0.1378771716224985,-0.8968421787752451,-0.0482129606029975,-0.0118993576213233,242.0
PV-008,validation_2022,raw_tradable,ret_close_to_close,-0.0236142046168049,-0.1773415423276483,0.4504132231404958,-2.758786957651148,-1.0,-0.0016782426580968,-2.6643775481275087,-0.4435977924240648,-0.1832685289596489,-0.0611475034369483,0.0199512315137187,242.0
PV-008,validation_2022,raw_tradable,ret_next_open_to_close,-0.0112232984178753,-0.0840289779117732,0.4793388429752066,-1.3071841221469684,-0.8999999999999998,-0.0008260758742876,-1.3438021112061609,-0.3366550804208604,-0.1669781626502795,-0.0469681142660544,0.0338753010167432,242.0
PV-008,validation_2022,raw_tradable,ret_close_to_next_open,-0.0405438076418478,-0.5187226840958373,0.2809917355371901,-8.069431204547985,-0.8999999999999998,-0.0008179929482351,-5.339122392578924,-0.20143205426897,-0.7564887980980027,-0.0666558760734253,-0.0198475756257087,242.0
PV-008,validation_2023,raw_full,ret_close_to_close,0.0027479771992775,0.018771582916448,0.5041322314049587,0.2920172986241719,-0.3,-0.000137271975761,-0.2579104288728383,-0.1391257207488088,-0.0840092228874166,-0.0486006708455022,0.0613672302769465,242.0
PV-008,validation_2023,raw_full,ret_next_open_to_close,0.0050847350197235,0.0344322606329057,0.5165289256198347,0.5356402696724264,-0.3,-7.095752080012208e-05,-0.1341901827447338,-0.1133814461182106,-0.1114150653029171,-0.0444610691656818,0.0562959443878316,242.0
PV-008,validation_2023,raw_full,ret_close_to_next_open,-0.0139851281554641,-0.2528032057257497,0.3925619834710744,-3.932694943636261,-0.3999999999999999,-6.554594397801584e-05,-0.7804881470787923,-0.0313678893861096,-0.3242305076099652,-0.0308128429188864,-0.0019312331830836,242.0
PV-008,validation_2023,neutral_full,ret_close_to_close,0.0073377788779293,0.0689779115940389,0.5247933884297521,1.0730444788850848,0.0999999999999999,0.0001675470404892,0.4468676261482452,-0.0605934676602308,-0.0160834118201608,-0.0327016185315351,0.0530464714958136,242.0
PV-008,validation_2023,neutral_full,ret_next_open_to_close,0.0081655699807915,0.0771688686518878,0.5371900826446281,1.200465867045366,0.0999999999999999,0.0001792004338058,0.4863891064584387,-0.0585263953701504,-0.0862725901202721,-0.0300547864790211,0.0476706443047996,242.0
PV-008,validation_2023,neutral_full,ret_close_to_next_open,-0.0079225052348146,-0.1783003664135042,0.4214876033057851,-2.773702759938769,-0.3,-6.368335255993474e-06,-0.0999584388862324,-0.02006040396092,-0.2079035467301049,-0.0246259681675373,0.004042386653164,242.0
PV-008,validation_2023,raw_tradable,ret_close_to_close,-0.0006938543420015,-0.0046360652637901,0.4876033057851239,-0.0721202500930865,-0.3,-5.152967251701685e-05,-0.0852196003474267,-0.1548951972724738,-0.0986476577277128,-0.0279980250475065,0.0279986640264953,242.0
PV-008,validation_2023,raw_tradable,ret_next_open_to_close,0.0044815378878807,0.0295511885192046,0.5247933884297521,0.4597086074691369,0.3,0.0001363432983203,0.2291328806789053,-0.1220184598905718,-0.0320173140795202,-0.019147553980324,0.0297262941573303,242.0
PV-008,validation_2023,raw_tradable,ret_close_to_next_open,-0.0221055107942643,-0.3350927089490887,0.3636363636363636,-5.212819190129556,-0.7,-0.0001816655821586,-1.6790979368534853,-0.0620779669570321,-0.396348276667844,-0.0358918008866579,-0.013196003591697,242.0
PV-009,development,raw_full,ret_close_to_close,0.0147738043625961,0.216077032911293,0.6015180265654649,4.960368206894645,0.8999999999999998,0.0008159960658647,2.439115837079645,-0.0560522403944498,0.1890907183409835,0.0344167523305195,-0.0080087951247904,527.0
PV-009,development,raw_full,ret_next_open_to_close,0.0087891597654642,0.1275271634178197,0.5635673624288425,2.927574848701792,0.6,0.0003075433524713,0.9547499303501608,-0.1556902264847151,0.1409550558714337,0.0270386923827033,-0.0160891268517585,527.0
PV-009,development,raw_full,ret_close_to_next_open,0.0114736182504379,0.2287855696940697,0.5958254269449715,5.2521114845770835,1.0,0.0004984526843578,4.504187702228731,-0.0239697946349666,0.2366529222384869,0.0269252283324611,-0.0018486180040273,527.0
PV-009,development,neutral_full,ret_close_to_close,0.0101245435029173,0.2667903924038129,0.6166982922201139,6.1245684585465066,0.7,0.0006031349694501,3.0851997273838143,-0.0352576676047528,0.2662853667601533,0.0184862446960178,0.0004263408896081,527.0
PV-009,development,neutral_full,ret_next_open_to_close,0.0044158833021543,0.1155765501308784,0.5559772296015181,2.653230827022392,0.3,0.0001427746210437,0.7751836198752204,-0.0806466799617711,0.1650124576108183,0.0128211630557308,-0.007042435285681,527.0
PV-009,development,neutral_full,ret_close_to_next_open,0.0105520848763708,0.2793026968689075,0.6015180265654649,6.4118069328415555,1.0,0.0004506573929886,5.096524619072262,-0.0122965212884379,0.3670927774604572,0.0177957079610612,0.0043066996019382,527.0
PV-009,development,raw_tradable,ret_close_to_close,0.0152376298128187,0.1853750680524874,0.5977229601518027,4.255559147260172,0.8999999999999998,0.0010764476264879,2.416863209117946,-0.0916234295300781,0.1406145611835165,0.0388244520198173,-0.0145242831865699,527.0
PV-009,development,raw_tradable,ret_next_open_to_close,0.0094599246751815,0.1140977842822256,0.5673624288425048,2.6192835675553936,0.6,0.0005012782836202,1.1779380631330365,-0.1913402128971887,0.1123610077797053,0.033928179134393,-0.0231283257328832,527.0
PV-009,development,raw_tradable,ret_close_to_next_open,0.0127648436279744,0.1984119631854083,0.5768500948766604,4.554840377026542,0.7,0.000567033749395,3.678549979341007,-0.0230280129196221,0.1742227895372999,0.0353117724588058,-0.0065270708293918,527.0
PV-009,validation_2022,raw_full,ret_close_to_close,0.013221152112419,0.1395702733303501,0.5826446280991735,2.1712039079269116,0.8999999999999998,0.0007801190036678,1.8825897832026055,-0.0810266238689076,0.113267581416525,0.0474976044632857,-0.0233989892880795,242.0
PV-009,validation_2022,raw_full,ret_next_open_to_close,0.0048208728583129,0.0509714906546548,0.5082644628099173,0.7929303071600498,0.0999999999999999,3.114869625015053e-05,0.0783200952579768,-0.102520352495065,0.0541865175933985,0.0392457810755639,-0.0400954359584811,242.0
PV-009,validation_2022,raw_full,ret_close_to_next_open,0.0233110568419364,0.4507143738493959,0.6735537190082644,7.011470182797444,0.8999999999999998,0.0007467530235864,7.129531555093264,-0.005694337921486,0.6643813572543897,0.0410094750984677,0.0053176649477961,242.0
PV-009,validation_2022,neutral_full,ret_close_to_close,0.0091823497828665,0.2078056464233963,0.5909090909090909,3.2326971986064263,0.8999999999999998,0.0002883376540158,1.2519297169980177,-0.0544929642326495,-0.0312803582750447,0.0235672843519547,-0.0061861700559029,242.0
PV-009,validation_2022,neutral_full,ret_next_open_to_close,0.003833259401572,0.0865272977607388,0.5289256198347108,1.3460488580960517,-0.6,-0.0001065489641185,-0.483557775919838,-0.0734072947077148,-0.0968825136626,0.0173545636834978,-0.0138088233281787,242.0
PV-009,validation_2022,neutral_full,ret_close_to_next_open,0.0157715345476191,0.4470775741837436,0.6446280991735537,6.954894857278652,0.8999999999999998,0.0003905418638884,5.361267469329899,-0.0064175472170065,0.630696398060437,0.024568746011679,0.0068277028924915,242.0
PV-009,validation_2022,raw_tradable,ret_close_to_close,0.015800885176959,0.1557681442712164,0.5743801652892562,2.423183644354475,1.0,0.0011105935618339,2.326603329076447,-0.0691934019404897,0.1997832192530743,0.0555467740071788,-0.0303327357866889,242.0
PV-009,validation_2022,raw_tradable,ret_next_open_to_close,0.0067132787506492,0.0662432677349959,0.5247933884297521,1.0305034041141767,0.3,0.0002306084238964,0.5100585681379205,-0.1017403301712941,0.0586951195963228,0.0452744648955914,-0.0419386850770814,242.0
PV-009,validation_2022,raw_tradable,ret_close_to_next_open,0.0250221548306493,0.3967487046576134,0.640495867768595,6.171961388788299,0.8999999999999998,0.0008783602627479,6.695486011101346,-0.010594915486007,0.6192698174016753,0.0505248058788027,0.0048089425184092,242.0
PV-009,validation_2023,raw_full,ret_close_to_close,0.0109879528481645,0.1062333209822279,0.5206611570247934,1.652602636399012,0.8999999999999998,0.000672320304075,2.014486496919384,-0.035906195579987,0.3013604580358571,0.0518733651133743,-0.0356865443395529,242.0
PV-009,validation_2023,raw_full,ret_next_open_to_close,0.0071739060914602,0.0710862840424642,0.5165289256198347,1.1058430569071491,0.8999999999999998,0.00058888186419,1.8277259925985296,-0.0384057704220971,0.23474712686651,0.0437947479164705,-0.0306778883999369,242.0
PV-009,validation_2023,raw_full,ret_close_to_next_open,0.0018353905105846,0.0349343317157398,0.4917355371900826,0.5434506627532388,1.0,7.856758085552501e-05,1.0252028297170628,-0.0186079785519932,0.0670435634206492,0.0222524664248728,-0.0127896071301465,242.0
PV-009,validation_2023,neutral_full,ret_close_to_close,0.0085425471859037,0.1966531687449575,0.5413223140495868,3.059205361550401,0.7999999999999999,0.000163904784466,1.0594790863753392,-0.017974232676175,0.407682548954178,0.0172946370494627,-0.0014487766406372,242.0
PV-009,validation_2023,neutral_full,ret_next_open_to_close,0.0051002686307977,0.1219626087810883,0.5082644628099173,1.897292929846809,0.1999999999999999,-2.4782588920910815e-05,-0.1670553253009788,-0.0332520278187874,0.2897539619673219,0.011254852033651,-0.0012611915250926,242.0
PV-009,validation_2023,neutral_full,ret_close_to_next_open,0.0036457210604006,0.1031639613145,0.5537190082644629,1.6048546056300923,0.6,0.0001815649059017,2.994335041397057,-0.0085588579115954,0.1431425394604091,0.0125913734038459,-0.002762157568592,242.0
PV-009,validation_2023,raw_tradable,ret_close_to_close,0.0086176525249352,0.0816240556844061,0.5247933884297521,1.2697723122126234,1.0,0.0005757807634603,1.531186612178849,-0.0583109910811936,0.1710384534038438,0.0513786873290496,-0.036317672184473,242.0
PV-009,validation_2023,raw_tradable,ret_next_open_to_close,0.0031580604212784,0.0305965928312498,0.5,0.4759712819879708,0.7999999999999999,0.0004202362926608,1.1596193916267186,-0.0562395468176482,0.1214648679509287,0.044709230774792,-0.0412342155974325,242.0
PV-009,validation_2023,raw_tradable,ret_close_to_next_open,0.0051120713740828,0.0822155425128299,0.5247933884297521,1.2789736878545648,0.7999999999999999,0.0001488798234466,1.463621084024327,-0.0192444346457417,0.1596727808260639,0.0334688908818569,-0.0132137643622337,242.0
PV-010,development,raw_full,ret_close_to_close,0.0093947903162379,0.1073752831747857,0.5555555555555556,2.4742955993525797,0.1999999999999999,0.0002206447659221,0.5511060402724627,-0.1470245042190898,0.1682865759920736,-0.0057796675971572,0.0271086473090177,531.0
PV-010,development,raw_full,ret_next_open_to_close,0.0041680432668066,0.0477505591813317,0.519774011299435,1.100337013842105,-0.6,-0.0001031812537395,-0.2720600024387229,-0.1352326127512714,0.1465024778971201,-0.0078105478242376,0.0205851301639075,531.0
PV-010,development,raw_full,ret_close_to_next_open,0.0126361803675252,0.2275432974337953,0.5800376647834274,5.243379694618798,0.8999999999999998,0.0003162098837913,2.5053536025814203,-0.0391355833491325,0.1844833332055287,-0.0047821092684979,0.0276709145796716,531.0
PV-010,development,neutral_full,ret_close_to_close,0.0057383922017665,0.1257088568597258,0.5499058380414312,2.8967641540125206,0.7,9.484003742879436e-05,0.4583430812626485,-0.0965754605107851,0.0687941234807844,0.0042616757973679,0.0074622325758807,531.0
PV-010,development,neutral_full,ret_next_open_to_close,0.0031958209314393,0.0718056697644891,0.5404896421845574,1.6546494449530902,-0.0999999999999999,-1.0248502884387851e-05,-0.052950274141291,-0.06910891688099,0.061548021664099,0.0029871835164648,0.0034817659599981,531.0
PV-010,development,neutral_full,ret_close_to_next_open,0.0047196340499642,0.123275063996114,0.5404896421845574,2.8406812008959452,0.6,9.993726382640532e-05,1.1336461310821713,-0.0372978537486444,0.1097469819709587,0.0024527762944816,0.0066762902178544,531.0
PV-010,development,raw_tradable,ret_close_to_close,0.0055131544931319,0.0651347991437952,0.5536723163841808,1.5009296564449168,0.3,0.0001673219076939,0.374045271180535,-0.1825317761980476,-0.0669674309807142,-0.0013202550771601,0.0141863281785027,531.0
PV-010,development,raw_tradable,ret_next_open_to_close,0.0011784160162689,0.0138948108402686,0.5160075329566854,0.3201842016095053,-0.6,-1.3515180837081615e-05,-0.0321458086358131,-0.1885082378274868,-0.033825730910613,-0.0017930845268074,0.0051578704880541,531.0
PV-010,development,raw_tradable,ret_close_to_next_open,0.0123477044225334,0.2181887991741537,0.576271186440678,5.027819901027326,0.6,0.0001785872011757,1.1052376940238224,-0.0695419157750707,0.1550889998548004,0.0083963406450234,0.0157326139522186,531.0
PV-010,validation_2022,raw_full,ret_close_to_close,0.0254940022000962,0.2150601550223323,0.5909090909090909,3.345550867545069,0.8999999999999998,0.0007612410589944,1.5994713965134832,-0.0744721934380772,0.0081632979194831,0.0007839505307777,0.0518936300519321,242.0
PV-010,validation_2022,raw_full,ret_next_open_to_close,0.012758103635378,0.1062982791433817,0.5661157024793388,1.6536131482364071,-0.7,-1.0612075468170918e-05,-0.0222328058688431,-0.1937073356466242,-0.2079887318293507,-0.0108206690551418,0.0435227880030087,242.0
PV-010,validation_2022,raw_full,ret_close_to_next_open,0.0378472617007958,0.5463124616909392,0.6859504132231405,8.49862741878434,0.8999999999999998,0.0007598142110774,6.486439671920553,-0.00945919958819,0.5053249059908907,0.006382789140591,0.0698361421370039,242.0
PV-010,validation_2022,neutral_full,ret_close_to_close,0.0086867870315436,0.1199646115747816,0.5330578512396694,1.8662113876326416,0.1999999999999999,-0.0001157152287936,-0.410749910360986,-0.1465859961513242,-0.1842512752226831,-0.0054344675778677,0.0237735975116841,242.0
PV-010,validation_2022,neutral_full,ret_next_open_to_close,0.0059837228172761,0.0823964022505595,0.5247933884297521,1.281787205088393,-0.4999999999999999,-0.000189624976669,-0.6831903504570853,-0.153040192007608,-0.3007305941789401,-0.0064548230215003,0.0222130635783464,242.0
PV-010,validation_2022,neutral_full,ret_close_to_next_open,0.0080514534417777,0.189329316342613,0.5743801652892562,2.9452729561920443,0.6,6.96190189287242e-05,0.8437317912720654,-0.0345559175134738,0.218696021619269,-0.0027161068552023,0.0189984730770408,242.0
PV-010,validation_2022,raw_tradable,ret_close_to_close,0.0203046898761756,0.1637314565744391,0.5743801652892562,2.5470637112214063,0.6,0.0007610768153047,1.4316841288598587,-0.090549159724748,-0.0139097902904254,-0.0043595186381412,0.0489327890445791,242.0
PV-010,validation_2022,raw_tradable,ret_next_open_to_close,0.0115495308865504,0.0926310437389041,0.5330578512396694,1.4410008618756691,0.3,8.154065419925836e-05,0.1540733097614714,-0.1934465206194615,-0.1281276162428883,-0.0119275931628844,0.0411702014162114,242.0
PV-010,validation_2022,raw_tradable,ret_close_to_next_open,0.0263871079301878,0.3546695095505902,0.640495867768595,5.517362736233245,0.7,0.0006672332868976,4.810375108115152,-0.0165256269233663,0.3365251317331502,-0.0064870363822245,0.0524429112000257,242.0
PV-010,validation_2023,raw_full,ret_close_to_close,0.0227477579462359,0.2582742217979647,0.6074380165289256,4.017803980058424,0.8999999999999998,0.0006202337592464,2.1355575970036504,-0.0378046347356806,0.3741619429726732,0.0061169653958418,0.0417333529816416,242.0
PV-010,validation_2023,raw_full,ret_next_open_to_close,0.0156194424919438,0.1764000337866599,0.5909090909090909,2.7441405220258326,0.4999999999999999,0.0003392506811111,1.1916228332997023,-0.0390946756141272,0.2078202363287535,-0.0001440928111887,0.0319128445279549,242.0
PV-010,validation_2023,raw_full,ret_close_to_next_open,0.0224208301667236,0.4780382386628157,0.6818181818181818,7.436529764948904,0.7,0.000272634972785,3.719760912872938,-0.0097495199659805,0.2212331659792716,0.015293493783227,0.0275262271506467,242.0
PV-010,validation_2023,neutral_full,ret_close_to_close,0.0140652978462674,0.2389226451508184,0.5991735537190083,3.716764096433761,0.8999999999999998,0.0004392684620695,1.9329696757787111,-0.0290581730739783,0.2552220887824199,0.0025981268206331,0.0271561391056198,242.0
PV-010,validation_2023,neutral_full,ret_next_open_to_close,0.0121064906372295,0.2044508969606522,0.5950413223140496,3.180509544532085,0.8999999999999998,0.0004330602286119,1.9843508491136317,-0.0249809735432429,0.1272021559882697,0.0013916812952336,0.0231814616377798,242.0
PV-010,validation_2023,neutral_full,ret_close_to_next_open,0.0049715735098952,0.1365053740226054,0.5826446280991735,2.1235252640753868,0.3999999999999999,1.147303173865887e-06,0.0195482156263909,-0.0194880738173375,-0.0034856007422182,-0.0001212986122698,0.0086196592144248,242.0
PV-010,validation_2023,raw_tradable,ret_close_to_close,0.0150954194420643,0.1808463957701483,0.5578512396694215,2.8133096816487964,1.0,0.0005856321825789,1.8650393659264024,-0.0378556793648241,0.2905650733242447,0.0069347463496577,0.0236710420137457,242.0
PV-010,validation_2023,raw_tradable,ret_next_open_to_close,0.0107810028586227,0.126107219423784,0.5454545454545454,1.9617679402450263,0.6,0.0004177892023584,1.3313409818415154,-0.0359871053723877,0.1645274399124535,0.005083429849615,0.0168681535092719,242.0
PV-010,validation_2023,raw_tradable,ret_close_to_next_open,0.0146989565338005,0.2740993719168178,0.6033057851239669,4.263985541229819,0.3999999999999999,0.0001607873647553,1.8148246693583303,-0.0154425336397868,0.1495197149304286,0.0129804506501,0.0158095555742873,242.0
PV-011,development,raw_full,ret_close_to_close,0.0089703715678289,0.0918178107087341,0.5857740585774058,2.0074321790981835,0.6,0.0006040436568328,1.2629532352734334,-0.1420330939141849,-0.032112687165809,0.0175195039103301,-0.0007237338562572,478.0
PV-011,development,raw_full,ret_next_open_to_close,0.0021408056619656,0.0220926749419017,0.5523012552301255,0.4830168162189787,0.6,5.3903326316075264e-05,0.1171135441700324,-0.1646601164225679,-0.1166345847311479,0.0114035235297595,-0.0101944234985599,478.0
PV-011,development,raw_full,ret_close_to_next_open,0.0177173878201743,0.2711192841817725,0.6108786610878661,5.927538145807513,0.8999999999999998,0.0005461626898628,4.08892229116765,-0.0262337290945349,0.2979392593134541,0.0430806664831544,-0.0042773303953786,478.0
PV-011,development,neutral_full,ret_close_to_close,0.0122893079733482,0.286946764985435,0.6192468619246861,6.273577699942825,0.7999999999999999,0.0005393143542174,2.7256399935241165,-0.0499092006810282,0.2474485748442103,0.0134503871071364,0.0109727271698563,478.0
PV-011,development,neutral_full,ret_next_open_to_close,0.0064871202243659,0.1523813345878971,0.5669456066945606,3.3315452871778546,0.6,0.000155323591884,0.8378990943824435,-0.0860337807128859,0.1437380791590089,0.0071370231013606,0.0056216398076851,478.0
PV-011,development,neutral_full,ret_close_to_next_open,0.0161245972141087,0.4430500697060882,0.6673640167364017,9.6864972058748,0.8999999999999998,0.0003749365256601,4.293913113885682,-0.0107344317455752,0.3942591340854298,0.0201526224777961,0.0126315440557548,478.0
PV-011,development,raw_tradable,ret_close_to_close,0.0130786508727906,0.1440798148330138,0.5815899581589958,3.150047408250681,0.8999999999999998,0.0006153278870905,1.2272344193025702,-0.1614247673082199,0.053047312897185,0.0222873015151574,0.0017184463420203,478.0
PV-011,development,raw_tradable,ret_next_open_to_close,0.005636462769938,0.062000236744671,0.5523012552301255,1.3555242647613994,0.6,2.7299690517930735e-05,0.0563868312783202,-0.1824864039482071,0.0292125812077746,0.0156022637247657,-0.0071903336743137,478.0
PV-011,development,raw_tradable,ret_close_to_next_open,0.0200946240439974,0.3219337061580798,0.6255230125523012,7.0385045808611615,0.8999999999999998,0.0005772960762858,3.832127826021931,-0.0337821973931041,0.3482165072236316,0.0398143754174128,0.0029939021498637,478.0
PV-011,validation_2022,raw_full,ret_close_to_close,0.0118730935205566,0.0970135106762922,0.5165289256198347,1.5091760478502352,0.8999999999999998,0.0009245451317604,1.7081379747918348,-0.0867012078617473,-0.0469124948387477,0.0243505370310027,-0.0014575085205181,242.0
PV-011,validation_2022,raw_full,ret_next_open_to_close,0.0111775711458868,0.0938750771564707,0.5082644628099173,1.4603534801185178,0.7,0.0007911241815144,1.5296265306273658,-0.0878945273668327,0.1009358665952961,0.0172638776049998,0.0032363903373299,242.0
PV-011,validation_2022,raw_full,ret_close_to_next_open,-0.0029972952704313,-0.0460963234699772,0.4834710743801653,-0.71709050409457,0.4999999999999999,0.0001306238848326,1.1624107885416994,-0.0118961464543246,0.0034975861824015,0.0149180709238844,-0.0212112509013189,242.0
PV-011,validation_2022,neutral_full,ret_close_to_close,0.0126798525355475,0.211041455278078,0.5661157024793388,3.2830345710493423,1.0,0.000643601334065,2.5461312960335127,-0.0470237988004663,0.0739033392772908,0.0208373999117149,0.0039645241422062,242.0
PV-011,validation_2022,neutral_full,ret_next_open_to_close,0.0077107129014844,0.1351284332926625,0.5371900826446281,2.1021050932718253,1.0,0.0002464128428626,1.033715841787913,-0.0498902999036599,0.0790840692400868,0.0109981048357348,0.0034214491396528,242.0
PV-011,validation_2022,neutral_full,ret_close_to_next_open,0.010191574967856,0.2691308973371338,0.5991735537190083,4.186694215745972,0.8999999999999998,0.0003889258337012,5.104162038238077,-0.0061575435072637,0.4779284037379318,0.0126535179688033,0.0076885995835596,242.0
PV-011,validation_2022,raw_tradable,ret_close_to_close,0.0147229053568501,0.1165859432218899,0.5413223140495868,1.8136516429510208,0.8999999999999998,0.0009715336594999,1.5558620067619238,-0.1052671691746666,0.0734649416736536,0.0321679964268411,-0.005525861063675,242.0
PV-011,validation_2022,raw_tradable,ret_next_open_to_close,0.0102070249311782,0.0828513435712002,0.5165289256198347,1.288864431131467,1.0,0.0006075823292683,1.021372830465238,-0.1233421992676488,0.0701812786481648,0.0208400271994662,-0.0032084452204,242.0
PV-011,validation_2022,raw_tradable,ret_close_to_next_open,0.0086764361237085,0.1214156363431583,0.5785123966942148,1.8887840356071963,0.7999999999999999,0.0003583196766221,2.5035133023178395,-0.0142806936238842,0.1581313913012828,0.0274994521419255,-0.0062425469425819,242.0
PV-011,validation_2023,raw_full,ret_close_to_close,-0.0029471165688203,-0.0256432005453679,0.4876033057851239,-0.3989145819330378,-0.3,-0.0001745371609977,-0.4316508935976375,-0.1515158735618174,-0.1004649999781909,-0.0114873474699413,0.0068023505660875,242.0
PV-011,validation_2023,raw_full,ret_next_open_to_close,-0.0017601860434711,-0.0153637894252185,0.4834710743801653,-0.2390044731204729,-0.6,-0.0002204360105891,-0.560667906973262,-0.1623050350048257,-0.1528223124130855,-0.0031945067696891,-0.0002776528558676,242.0
PV-011,validation_2023,raw_full,ret_close_to_next_open,-0.0068833974407885,-0.1422259306153414,0.4462809917355372,-2.212516239970857,0.0999999999999999,4.95295404588066e-05,0.6647329591807928,-0.0232934814736365,0.0518796612845832,-0.0023329657925177,-0.0101429264938051,242.0
PV-011,validation_2023,neutral_full,ret_close_to_close,0.0092527859486928,0.1519724924265097,0.5413223140495868,2.364137158869338,0.8999999999999998,0.000334280078519,1.4913992514065375,-0.037204039242419,0.0444786114027291,-0.0013476839406231,0.0213542073267615,242.0
PV-011,validation_2023,neutral_full,ret_next_open_to_close,0.0059766374422644,0.0998261983482439,0.5495867768595041,1.552931199426565,0.3,9.156169490918776e-05,0.4315578721772974,-0.0395263807524668,-0.0998234013165507,7.743182682690547e-06,0.0121461668030085,242.0
PV-011,validation_2023,neutral_full,ret_close_to_next_open,0.007327751541921,0.2088669179140288,0.6239669421487604,3.2492067084959624,1.0,0.0002439113410296,3.9617600687808143,-0.006877306720968,0.3507754551172681,0.0035397244847341,0.0100411609942322,242.0
PV-011,validation_2023,raw_tradable,ret_close_to_close,-0.000935914506167,-0.0075095912049703,0.5,-0.1168218230294148,-0.3,-0.0002445795229702,-0.5056013784973494,-0.1799221850171393,-0.0542297336601643,-0.0090246144965853,0.0075640753142726,242.0
PV-011,validation_2023,raw_tradable,ret_next_open_to_close,-1.652846046337317e-05,-0.0001326457604783,0.5,-0.0020634837680575,-0.6,-0.0002271098504617,-0.4799856220897239,-0.1976472372693813,-0.0937910775794694,-5.983651571137738e-05,2.9740829331505925e-05,242.0
PV-011,validation_2023,raw_tradable,ret_close_to_next_open,-0.0044462785392975,-0.0765529044431485,0.4917355371900826,-1.190883712728075,-0.3999999999999999,-1.2715356025019403e-05,-0.1287176166159999,-0.0351392320870996,0.0654114692962877,-0.0079722876502741,-0.0021675651682582,242.0
PV-013,development,raw_full,ret_close_to_close,0.0049706950346436,0.0331396285395935,0.5669456066945606,0.7245386948374747,0.6,0.0006376029022215,0.857150113038249,-0.1971392510745671,-0.1437400718598442,0.032972085355696,-0.0267808814901212,478.0
PV-013,development,raw_full,ret_next_open_to_close,-0.002005509981072,-0.0134518761921496,0.5313807531380753,-0.2941012090021129,0.6,9.280284526841431e-05,0.1291899517612517,-0.2137987533713542,-0.1929997380505239,0.0241138725350858,-0.0367888827952725,478.0
PV-013,development,raw_full,ret_close_to_next_open,0.0162430770356508,0.1678333219318729,0.5543933054393305,3.66937534853396,0.7999999999999999,0.0005449209479884,2.8974332553305593,-0.0316670317055387,0.1141250313136962,0.0647760496454475,-0.0258441101494071,478.0
PV-013,development,neutral_full,ret_close_to_close,0.0133951415496439,0.2113974369893482,0.6150627615062761,4.621826792815596,1.0,0.0008195353809413,3.1428938396972668,-0.0531695868803778,0.0355973694738151,0.0255821983977313,-0.0004241104120265,478.0
PV-013,development,neutral_full,ret_next_open_to_close,0.0052704366943692,0.0850265043363926,0.5523012552301255,1.8589524141732705,1.0,0.0002700047843803,1.1004512881915751,-0.0647168973736399,-0.0557860525100122,0.015613418672162,-0.0085033880858132,478.0
PV-013,development,neutral_full,ret_close_to_next_open,0.021604266557635,0.4874224588668698,0.694560669456067,10.65662011751102,1.0,0.0005420616379873,5.7800413457024264,-0.0129330001958289,0.3652560821725726,0.0331610375233399,0.0115823792358129,478.0
PV-013,development,raw_tradable,ret_close_to_close,0.0111969950017457,0.0808317157718536,0.5732217573221757,1.7672408662288197,1.0,0.0008777816191582,1.149363205451965,-0.1829785626091417,-0.0592178049697726,0.0405796625471273,-0.0250507817832108,478.0
PV-013,development,raw_tradable,ret_next_open_to_close,0.0045442997346144,0.03265294291116,0.5669456066945606,0.7138981841992804,1.0,0.0004181520840702,0.5616189080015045,-0.1926350302486229,-0.0342069100341535,0.0352425883174,-0.034966894661411,478.0
PV-013,development,raw_tradable,ret_close_to_next_open,0.0170398872018177,0.1873781152231673,0.5627615062761506,4.096687290344771,0.6,0.0004612380056124,2.3060026600460106,-0.0419963084171097,0.0821368805925256,0.0596250535884434,-0.0198894367740842,478.0
PV-013,validation_2022,raw_full,ret_close_to_close,-0.0035429940833221,-0.0285992583579203,0.5206611570247934,-0.4449000494794135,-0.0999999999999999,-9.315678601895405e-06,-0.0165787844024013,-0.0970529787290615,-0.2199768929447676,0.0025656081999841,-0.010069278574034,242.0
PV-013,validation_2022,raw_full,ret_next_open_to_close,0.0045834269941427,0.0376320181409197,0.5371900826446281,0.5854168147779488,1.0,0.0004356089055032,0.804353168651195,-0.0805524503945363,-0.0487884772520933,0.0102807988646837,-0.0028502867798011,242.0
PV-013,validation_2022,raw_full,ret_close_to_next_open,-0.0273916050153204,-0.3790451296031727,0.3181818181818182,-5.896558393399018,-0.3,-0.0004415540559974,-3.5540759923016645,-0.1150705467994353,-0.3633754174881246,-0.0046939939301155,-0.0504675096186121,242.0
PV-013,validation_2022,neutral_full,ret_close_to_close,0.0100818044821359,0.1542582672827044,0.5785123966942148,2.3996954706931186,0.8999999999999998,0.0004906612287614,1.7720657463505374,-0.0511368114984071,-0.0423233337017244,0.0118050635064794,0.0082407157809142,242.0
PV-013,validation_2022,neutral_full,ret_next_open_to_close,0.0076762465728706,0.1214115667385101,0.5454545454545454,1.888720727416239,0.8999999999999998,0.0002402551283394,0.9027823554291448,-0.0520747531781072,-0.0372629328915484,0.0074242902191892,0.0080049896248169,242.0
PV-013,validation_2022,neutral_full,ret_close_to_next_open,0.0034863797908971,0.0841375114052027,0.5413223140495868,1.3088725070691465,0.7,0.0002493393938104,3.230479443664303,-0.0108792991034957,0.1347824885704228,0.0023071016553146,0.0046853125620725,242.0
PV-013,validation_2022,raw_tradable,ret_close_to_close,0.0009071091974006,0.007529896709638,0.5289256198347108,0.1171377025504258,0.8999999999999998,0.000169051641372,0.273190842361969,-0.1095334545680063,-0.0767372529276176,0.0168270333534067,-0.0175713741979636,242.0
PV-013,validation_2022,raw_tradable,ret_next_open_to_close,0.0044637280607591,0.0380380115048043,0.5413223140495868,0.5917325893137793,0.7,0.0004439316830683,0.7543980574312141,-0.1018112951475089,-0.0295912475607896,0.0159498645879575,-0.0100281264361733,242.0
PV-013,validation_2022,raw_tradable,ret_close_to_next_open,-0.012818369557477,-0.16241516419748,0.4338842975206611,-2.526587007374424,-0.0999999999999999,-0.0002671970070963,-1.8588024574461848,-0.0823498867548282,-0.1780307852336506,0.0069911398612452,-0.0285192399856495,242.0
PV-013,validation_2023,raw_full,ret_close_to_close,-0.0019110926353755,-0.0144143011031741,0.4917355371900826,-0.2242339012346222,-0.3,-3.468707984402183e-05,-0.0757917829529237,-0.1130156739499905,-0.1140442204862699,-0.0157273786120425,0.0138614816211734,242.0
PV-013,validation_2023,raw_full,ret_next_open_to_close,0.0031107194016249,0.0235246707035137,0.5206611570247934,0.3659579919519722,0.3,0.000223951974698,0.4984085145263466,-0.1014738798505722,-0.1099531813482644,-0.004064415213716,0.0105270350124395,242.0
PV-013,validation_2023,raw_full,ret_close_to_next_open,-0.0225873955320802,-0.4347212287696435,0.3057851239669421,-6.762675233352795,-0.4999999999999999,-0.0002580880682282,-3.2955964753275335,-0.0671989779376233,-0.4171518216417634,-0.0141401589012112,-0.028638252976887,242.0
PV-013,validation_2023,neutral_full,ret_close_to_close,0.0140324180933301,0.1691142341063139,0.5661157024793388,2.630800078098366,0.7,0.0004541809039026,1.6089427767067903,-0.0438460188197955,0.0059635219771421,-0.0067726399568758,0.0377833250709989,242.0
PV-013,validation_2023,neutral_full,ret_next_open_to_close,0.0102200108803756,0.1255830335522552,0.5537190082644629,1.9536135217891033,0.3999999999999999,0.0001397138557047,0.517039506738609,-0.0604167106323001,-0.0998741498761169,-0.0059170071409974,0.0268994496755764,242.0
PV-013,validation_2023,neutral_full,ret_close_to_next_open,0.0084706396907777,0.2235988543996003,0.6033057851239669,3.47838185665302,0.7,0.0003140878734376,4.760211380003031,-0.0089324113741896,0.2295679797339055,-0.0015315277168869,0.0156353127983956,242.0
PV-013,validation_2023,raw_tradable,ret_close_to_close,0.0029382921212353,0.0210766260825162,0.5206611570247934,0.3278753550045716,0.4999999999999999,0.0001326057156848,0.2598814911563531,-0.1093115548069121,-0.127035671511757,0.001068231571081,0.0049034404959737,242.0
PV-013,validation_2023,raw_tradable,ret_next_open_to_close,0.0075502446623064,0.0542005430255493,0.5247933884297521,0.843162573381902,0.7999999999999999,0.0004351600783183,0.8663928918576673,-0.0960403464459062,-0.051791270979499,0.012114022244698,0.0026744139118881,242.0
PV-013,validation_2023,raw_tradable,ret_close_to_next_open,-0.0206972175448597,-0.3314347855689709,0.3264462809917355,-5.1559152567324285,-0.4999999999999999,-0.0003028117265556,-3.0979964416850216,-0.0810839212773212,-0.3433470546086483,-0.0185660719307067,-0.0220744885199925,242.0
PV-014,development,raw_full,ret_close_to_close,0.0512844229299268,0.3618510346050643,0.6410614525139665,9.682473785724644,0.8999999999999998,0.0009612626209164,1.447375896061745,-0.1883650089095712,0.4291075691244348,-0.0031571875093602,0.1156848645471323,716.0
PV-014,development,raw_full,ret_next_open_to_close,0.0230632038550367,0.1570841457546074,0.5656424581005587,4.20328526925994,-1.0,-0.0006738543951177,-1.0356785404225466,-0.6357500326145109,0.2059212230616699,-0.0290680344105171,0.0949384991381094,716.0
PV-014,development,raw_full,ret_close_to_next_open,0.0766550848961431,0.6453858553068026,0.7918994413407822,17.269348511068582,1.0,0.001573672149615,6.397441397796821,-0.0543135343286989,0.5807480190644091,0.0016385170327519,0.1444892154109118,716.0
PV-014,development,neutral_full,ret_close_to_close,0.0366606342988005,0.5364168881070919,0.7108938547486033,14.35353767327384,0.8999999999999998,0.0003885124583048,1.2741906845341382,-0.0771010676351728,0.4658401117080166,0.022382072070396,0.053551128642157,716.0
PV-014,development,neutral_full,ret_next_open_to_close,0.0165494503363649,0.2308749260225278,0.5963687150837989,6.177791978497649,-1.0,-0.0005645969004121,-1.9016280938196244,-0.4838665730192563,0.1784125010177359,0.0012797067378138,0.0376024190851979,716.0
PV-014,development,neutral_full,ret_close_to_next_open,0.0531760223075741,0.8943417713663846,0.8337988826815642,23.93095480902728,1.0,0.0008972927109488,6.333184719599096,-0.0489461480808501,0.8397775622487723,0.0268369299613864,0.0769932866631692,716.0
PV-014,development,raw_tradable,ret_close_to_close,0.0452426018250017,0.3404255901625475,0.6298882681564246,9.109167965586288,0.7,0.0008526895156812,1.2335508297095206,-0.2280781046302406,0.3053991958595614,0.0030730297004741,0.0968413950456969,716.0
PV-014,development,raw_tradable,ret_next_open_to_close,0.0182308946169768,0.1319255555095651,0.5558659217877095,3.5300872755074004,-0.8999999999999998,-0.0008883809634045,-1.311055340386458,-0.8280716668421135,0.1380030161723999,-0.0261644929090699,0.0773765411907655,716.0
PV-014,development,raw_tradable,ret_close_to_next_open,0.0764722272148389,0.6905319394262939,0.7849162011173184,18.47737539011893,1.0,0.001673775783339,6.463579569321412,-0.0582122632252767,0.7137137938078134,0.0110322162657724,0.1356467052006969,716.0
PV-014,validation_2022,raw_full,ret_close_to_close,0.0632355557111303,0.4595478784869869,0.6611570247933884,7.148887265476881,1.0,0.0015834389297587,2.6634285887846274,-0.0756343131630692,0.4498109472338146,0.0284591915150539,0.1003897909633486,242.0
PV-014,validation_2022,raw_full,ret_next_open_to_close,0.0231085868929385,0.1566154686412638,0.5537190082644629,2.436364918128828,-1.0,-0.0007667655983777,-1.222123765712164,-0.2871607909873024,0.0186788144808133,-0.0130966080311219,0.0703477459843317,242.0
PV-014,validation_2022,raw_full,ret_close_to_next_open,0.1138465231392972,1.1196729833658634,0.8884297520661157,17.418023903486237,1.0,0.0023023082732118,13.152266461208486,-0.0087070860223777,1.066355476736686,0.063424650998036,0.1651087598162461,242.0
PV-014,validation_2022,neutral_full,ret_close_to_close,0.0351160314592079,0.4699103126231114,0.6776859504132231,7.310088909316437,0.6,0.0001648650345842,0.5215332037095745,-0.0473060357281771,0.3216490139798289,0.0295373742334956,0.0410761353328321,242.0
PV-014,validation_2022,neutral_full,ret_next_open_to_close,0.0138223973753307,0.1756975783678239,0.5619834710743802,2.733212880242749,-0.8999999999999998,-0.0008469100098388,-2.633953498650903,-0.2155655422739783,-0.0945893960748436,0.0055149969378147,0.0246615769938041,242.0
PV-014,validation_2022,neutral_full,ret_close_to_next_open,0.0568013489881591,1.0818736525805348,0.859504132231405,16.830004314788614,1.0,0.0009726134751589,10.092493905746156,-0.0035602465468578,1.0324585373886406,0.0462157763860459,0.0675633478003076,242.0
PV-014,validation_2022,raw_tradable,ret_close_to_close,0.0550895132084361,0.4098704107173946,0.6487603305785123,6.376087230171673,1.0,0.0016802389712184,2.5954428899316495,-0.0953990488022082,0.2428453469509014,0.028592233848954,0.0858452838935493,242.0
PV-014,validation_2022,raw_tradable,ret_next_open_to_close,0.0171437940601993,0.1188745078717385,0.5371900826446281,1.849253353779038,-0.8999999999999998,-0.0007571695604581,-1.109937453189576,-0.3089914183974829,0.0016747205610798,-0.0100755843265034,0.0514860004359459,242.0
PV-014,validation_2022,raw_tradable,ret_close_to_next_open,0.1095324573534635,1.1254892406220902,0.8842975206611571,17.508503632320313,1.0,0.0023796300343422,12.792118647231066,-0.0078205254732136,1.0186494440384162,0.0661875086330058,0.1438873426356041,242.0
PV-014,validation_2023,raw_full,ret_close_to_close,0.0620243932935223,0.4409124680428706,0.6694214876033058,6.858988313381837,1.0,0.0008471109132868,1.5258994310768788,-0.110965407231551,0.1918440515148671,0.0213075965404642,0.1085064002063055,242.0
PV-014,validation_2023,raw_full,ret_next_open_to_close,0.0275369223306449,0.1876528960146801,0.5495867768595041,2.919193976188036,-0.8999999999999998,-0.000849866136217,-1.5375900028744207,-0.2805385100802622,-0.0038358918007053,-0.016314909273746,0.0728627650814021,242.0
PV-014,validation_2023,raw_full,ret_close_to_next_open,0.1137757358855668,1.3460526819314245,0.9462809917355371,20.93966554301708,1.0,0.0016736361985008,11.441029369868271,-0.0192120377769212,1.0419949209032977,0.0712294503303371,0.1442521531981782,242.0
PV-014,validation_2023,neutral_full,ret_close_to_close,0.0360357512562094,0.5640471386472035,0.7355371900826446,8.77451424621874,0.8999999999999998,0.0002392429830494,1.120722683730868,-0.0511227083682637,0.2535841759414421,0.0344704290079936,0.037822712052845,242.0
PV-014,validation_2023,neutral_full,ret_next_open_to_close,0.0192019610574603,0.2987586753105428,0.6363636363636364,4.647594275508685,-0.8999999999999998,-0.0004002989326081,-1.9289254480308369,-0.1289896748557413,0.0760391705881974,0.014789413764268,0.0237628292680707,242.0
PV-014,validation_2023,neutral_full,ret_close_to_next_open,0.0506608809194243,1.2068224301775312,0.9008264462809916,18.773751129464344,1.0,0.0006194588251046,8.8392199902292,-0.0072419179846902,0.8738130184893346,0.0451763160777489,0.0545895408414755,242.0
PV-014,validation_2023,raw_tradable,ret_close_to_close,0.0532725300076299,0.384857009796562,0.640495867768595,5.9869700311151846,0.8999999999999998,0.0007263465024396,1.180125487931825,-0.134478869776676,0.1787939847603036,0.0108240397356129,0.0978794180900884,242.0
PV-014,validation_2023,raw_tradable,ret_next_open_to_close,0.0204786233902423,0.1404958255476033,0.5537190082644629,2.1856021214084755,-1.0,-0.0010155746867674,-1.6463791377717585,-0.3456250810466633,-0.020838500357608,-0.0268914686996696,0.0710876961358747,242.0
PV-014,validation_2023,raw_tradable,ret_close_to_next_open,0.1112774211979904,1.291748449335275,0.9173553719008264,20.094889938467972,1.0,0.0017178165929409,10.39162821787585,-0.0207235249572845,1.0930060764381109,0.0653572124695797,0.1409537465666913,242.0
PV-015,development,raw_full,ret_close_to_close,0.0012232697534626,0.0146217827503868,0.5224489795918368,0.2288671012746914,0.0,-8.882893816205242e-05,-0.2003727328407454,-0.2394704875758202,-0.0273106064483537,-0.0184996146672922,0.0258316393059642,245.0
PV-015,development,raw_full,ret_next_open_to_close,-0.0061354471096038,-0.0723997446402616,0.4693877551020408,-1.1332352539847586,-0.7999999999999999,-0.0005296623741629,-1.230217115046498,-0.3007867531713667,0.1005822067226339,-0.0233393844714274,0.0219828161054198,245.0
PV-015,development,raw_full,ret_close_to_next_open,0.0253065020719293,0.5090854078599373,0.7346938775510204,7.968447048296179,0.7999999999999999,0.0004364371910242,4.149472164662582,-0.0171890146031556,0.3556362349706173,0.003165919823212,0.0413662201819145,245.0
PV-015,development,neutral_full,ret_close_to_close,-0.0052676204244947,-0.085312274681631,0.4612244897959183,-1.3353483185228283,-0.3,-8.960313549774513e-05,-0.2875523614568344,-0.1312715911954109,-0.1318315641604929,-0.0063214234517833,-0.0039527836198043,245.0
PV-015,development,neutral_full,ret_next_open_to_close,-0.0051818881744029,-0.0835960449951276,0.4897959183673469,-1.3084850748146557,0.0999999999999999,1.022012438370888e-05,0.0340502946551593,-0.1073104914992884,-0.0247281306748501,-0.0061827494321869,-0.0035460719251216,245.0
PV-015,development,neutral_full,ret_close_to_next_open,0.0020356805537647,0.0557550093472768,0.5510204081632653,0.87270393690653,-0.0999999999999999,-9.679629286468006e-05,-1.2107064046937996,-0.0424410335586016,-0.0648908200983804,0.000184464409654,0.0033784640949154,245.0
PV-015,development,raw_tradable,ret_close_to_close,-0.0002644361830434,-0.0026999242542284,0.5346938775510204,-0.0422604991658861,0.6,0.0001423384546806,0.2557501184738443,-0.288559942334213,-0.014612628125856,-0.0118552147461483,0.0149347923100846,245.0
PV-015,development,raw_tradable,ret_next_open_to_close,-0.0076607065152953,-0.0787561279895787,0.5183673469387755,-1.2327283908056033,-0.7,-0.0003696318226726,-0.6996316841435828,-0.3518167292289054,-0.0143891450698929,-0.0174571691896796,0.0072864736476827,245.0
PV-015,development,raw_tradable,ret_close_to_next_open,0.0258165903516019,0.4562507010739313,0.6979591836734694,7.141453076682727,0.7999999999999999,0.0005040781120179,3.8196459933801714,-0.0215501895816516,0.2950308378494819,0.0068651475114967,0.0388865509309848,245.0
PV-015,validation_2022,raw_full,ret_close_to_close,5.130466531679839e-05,0.0005477060913608,0.4958677685950413,0.0085203072085662,0.6,0.0002239844992904,0.5497464708574901,-0.1296892249424974,0.4570205592035448,-0.0058913842763602,0.0064003313124076,242.0
PV-015,validation_2022,raw_full,ret_next_open_to_close,-0.0089122443548315,-0.0965623030456286,0.4669421487603306,-1.5021569043921972,-0.8999999999999998,-0.0003444551868308,-0.8790237472958071,-0.1882853478221692,0.2591505554760678,-0.0150179171343433,-0.0009457951091828,242.0
PV-015,validation_2022,raw_full,ret_close_to_next_open,0.0281087395800438,0.5069581169091211,0.731404958677686,7.8864174893680445,0.7999999999999999,0.0005780551554484,5.875439124911346,-0.0160431810127487,0.5670447838220612,0.0119202809462645,0.0445670058577195,242.0
PV-015,validation_2022,neutral_full,ret_close_to_close,-0.0082526377724352,-0.1151539763748852,0.4628099173553719,-1.7913754666560908,-0.0999999999999999,-5.931348248017291e-05,-0.1878327470448023,-0.095213515766937,0.164004174872137,-0.0006217551442812,-0.0164052901529416,242.0
PV-015,validation_2022,neutral_full,ret_next_open_to_close,-0.0075683071145803,-0.1049658170747336,0.4545454545454545,-1.6328849030192782,0.1999999999999999,-9.04376256690074e-06,-0.0291502840085106,-0.1031136932143072,0.2253396987856209,-0.0004347340334222,-0.0168759215157103,242.0
PV-015,validation_2022,neutral_full,ret_close_to_next_open,-0.0008422034315932,-0.0211396927070773,0.5082644628099173,-0.3288564414382325,-0.3,-3.835352344152225e-05,-0.4836938021444261,-0.0250392464211451,-0.0341156828675827,0.0041577638878456,-0.0059255035396895,242.0
PV-015,validation_2022,raw_tradable,ret_close_to_close,-0.0047937329609152,-0.0435106132522959,0.4834710743801653,-0.6768662930542426,0.7999999999999999,0.0002988692921886,0.6193939237238221,-0.12109022776306,0.1915451398652509,-0.0017687362936939,-0.0083048898067972,242.0
PV-015,validation_2022,raw_tradable,ret_next_open_to_close,-0.009628419942668,-0.0882687751148945,0.4462809917355372,-1.37313988791699,-0.0999999999999999,-0.0001721926224606,-0.3737130132409414,-0.1591232152254015,0.1410904629863063,-0.0051034733415738,-0.0153374647197495,242.0
PV-015,validation_2022,raw_tradable,ret_close_to_next_open,0.0165964645390147,0.282076098134245,0.6363636363636364,4.388074279630068,0.8999999999999998,0.0004823513284167,4.612439196297011,-0.0247878888745983,0.3075182989104932,0.0104543112181343,0.0214646897637125,242.0
PV-015,validation_2023,raw_full,ret_close_to_close,-0.0056352715851431,-0.0594122102767022,0.4876033057851239,-0.9242370889826188,0.0999999999999999,5.09283895226776e-05,0.1512657762072186,-0.0630909417078928,-0.1161667846153741,-0.0054866838402382,-0.0058048983027779,242.0
PV-015,validation_2023,raw_full,ret_next_open_to_close,-0.0104212312104226,-0.1081829096529069,0.4710743801652892,-1.6829311185293665,-0.6,-0.0002788671670922,-0.8404140160063045,-0.1169798420138526,-0.0905306736842791,-0.0089225347677277,-0.0119703040041325,242.0
PV-015,validation_2023,raw_full,ret_close_to_next_open,0.0161079441767105,0.3610688860327312,0.6611570247933884,5.616913671362773,0.7999999999999999,0.0003395248217106,5.03520286854888,-0.0051733431966411,0.4151101706841273,0.0065694657028849,0.0229404713104437,242.0
PV-015,validation_2023,neutral_full,ret_close_to_close,-0.0134591782345706,-0.2000382468209023,0.4297520661157025,-3.111864818122025,-0.6,-0.0001980411277493,-0.8263899295555575,-0.080636017008253,-0.1747648397175603,-0.0059825251607763,-0.0219944724515569,242.0
PV-015,validation_2023,neutral_full,ret_next_open_to_close,-0.0130262402856539,-0.1882567128437631,0.4173553719008264,-2.928587161625698,-0.4999999999999999,-0.0002704636783352,-1.125965758292368,-0.0988081108161333,-0.0974002959670033,-0.0047494670020986,-0.0215812244358833,242.0
PV-015,validation_2023,neutral_full,ret_close_to_next_open,-0.0018119519301441,-0.0466244013667645,0.4834710743801653,-0.7253054682544564,0.0999999999999999,8.376785111998992e-05,1.2524037584504362,-0.0127484423177997,-0.0066011388718602,0.0050872286203427,-0.0067539181400673,242.0
PV-015,validation_2023,raw_tradable,ret_close_to_close,-0.0034236180758802,-0.0347540080004578,0.5,-0.5406454840717764,0.0999999999999999,0.0001949101552942,0.5246312405371528,-0.0563613858419893,-0.0603356907257861,-0.0046055272618682,-0.0021816118126385,242.0
PV-015,validation_2023,raw_tradable,ret_next_open_to_close,-0.00639179877111,-0.0631894629590189,0.5,-0.9829973506728852,-0.6,-0.0001182053466071,-0.3192468855422506,-0.1031734823808393,-0.022851135963423,-0.0078180838573497,-0.0048679899182899,242.0
PV-015,validation_2023,raw_tradable,ret_close_to_next_open,0.0109803109845245,0.2083089861461118,0.5537190082644629,3.240527327092225,0.7999999999999999,0.0003263516172503,3.9370430502151543,-0.0093627984945898,0.2472194464378784,-0.0013080818755279,0.01892178936347,242.0
PV-017,development,raw_full,ret_close_to_close,0.0142639919731484,0.148694899184031,0.5354330708661418,1.6757064111906184,0.1999999999999999,0.0003275005431289,0.6046339825375496,-0.0948750931779925,0.3306404637669683,-0.0123804254062954,0.0502832969490633,127.0
PV-017,development,raw_full,ret_next_open_to_close,0.0093260267415109,0.0917285847830947,0.5511811023622047,1.0337286514464492,-0.6,-5.8274437568987166e-05,-0.1037551751410384,-0.1161249701682251,0.3170594146796713,-0.0177053531294675,0.056924760862147,127.0
PV-017,development,raw_full,ret_close_to_next_open,0.0187184788087811,0.2807993958131198,0.6220472440944882,3.1644484807790225,0.6,0.0003769745125041,2.5983190320126774,-0.0113662119454963,0.2068634492659557,-0.025465310741278,0.0493525728968221,127.0
PV-017,development,neutral_full,ret_close_to_close,0.0005058328089297,0.0130715973504265,0.4803149606299212,0.1473094208665659,-0.4999999999999999,-0.0001715776215652,-0.8051096574020896,-0.0586233479079546,0.1146139398030287,-0.0104466589966877,0.0153119791387461,127.0
PV-017,development,neutral_full,ret_next_open_to_close,0.0016871324787601,0.0439229823885478,0.5039370078740157,0.4949868730601802,-0.6,-0.0002513451093234,-1.1797022561419526,-0.0659766441601375,0.1328288621064783,-0.0065948595567435,0.0162706401934515,127.0
PV-017,development,neutral_full,ret_close_to_next_open,-0.0036502763343701,-0.1082869290885754,0.4645669291338583,-1.220331714925143,0.3,8.700089984875325e-05,1.1824357089543132,-0.0095385047627669,0.0485309427296942,-0.0113586863279688,0.0016942212611916,127.0
PV-017,development,raw_tradable,ret_close_to_close,0.0065985119865535,0.0691555362354392,0.5118110236220472,0.7793433135566228,0.3,0.000293398880242,0.4660630153877345,-0.1422497775695294,0.2394109632956224,-0.0206167733799922,0.0499208029781977,127.0
PV-017,development,raw_tradable,ret_next_open_to_close,0.0034688621388112,0.0339207935774262,0.4881889763779528,0.3822679297157166,-0.4999999999999999,5.867693944088467e-05,0.0896984540483449,-0.1275541228263479,0.1568669079879509,-0.0288674176486577,0.0604088330689196,127.0
PV-017,development,raw_tradable,ret_close_to_next_open,0.0129681385649344,0.1902612964909062,0.5826771653543307,2.144135919125667,0.7,0.0002264157806758,1.385545071537882,-0.0232809697963607,0.1770442157128438,-0.0265369753685832,0.041262341787589,127.0
PV-017,validation_2022,raw_full,ret_close_to_close,0.0150150190579455,0.2028986734782526,0.5619834710743802,3.156362614025005,0.8999999999999998,0.0003868353171061,1.1846565561164797,-0.0467533166253537,0.3903527965531121,0.0012557387659086,0.0297151048400362,242.0
PV-017,validation_2022,raw_full,ret_next_open_to_close,0.0040064888387993,0.0549562474219554,0.4917355371900826,0.854918574853869,-0.4999999999999999,-0.0003049692916931,-0.9633301693444556,-0.1109297913461224,0.1274320022942429,-0.0082495741659067,0.0199977329497015,242.0
PV-017,validation_2022,raw_full,ret_close_to_next_open,0.032519114288462,0.5464435511401398,0.7066115702479339,8.500666692030718,0.8999999999999998,0.0006935393076753,6.908239542337312,-0.0068045575042562,0.6728973387870895,0.0040704414596259,0.0614419316644452,242.0
PV-017,validation_2022,neutral_full,ret_close_to_close,0.0037657713869027,0.1056774524202363,0.5537190082644629,1.643955350947092,0.7,0.0001635804733053,0.8780557642033785,-0.0353425648797493,0.1041327471406866,-0.0055500314190223,0.0137185521624637,242.0
PV-017,validation_2022,neutral_full,ret_next_open_to_close,0.0035445663824143,0.1039161321385469,0.5413223140495868,1.6165556376165648,0.4999999999999999,8.150597955883881e-05,0.4654916719516467,-0.0406424465818756,0.017270532630594,-0.003983228315175,0.0133665461306978,242.0
PV-017,validation_2022,neutral_full,ret_close_to_next_open,-0.0006511572453243,-0.0207589886497208,0.4834710743801653,-0.3229340761854275,-0.1999999999999999,8.768742550413784e-05,1.1936045930534642,-0.0126964055986432,0.0728511512731172,-0.0075331412321113,0.0063455264745757,242.0
PV-017,validation_2022,raw_tradable,ret_close_to_close,0.0078949730582857,0.09499001281449,0.4793388429752066,1.4776978085347048,0.4999999999999999,0.0001929432251768,0.4811558209121173,-0.0907244891438825,0.2527963667987942,0.0015948947210917,0.0152075639853859,242.0
PV-017,validation_2022,raw_tradable,ret_next_open_to_close,0.0012483604680733,0.0152123329517817,0.4669421487603306,0.2366483633331931,-0.3,-0.0002916627770427,-0.7507136858355997,-0.1559825774115797,0.1206949689720892,-0.0014916049382326,0.0047053261676182,242.0
PV-017,validation_2022,raw_tradable,ret_close_to_next_open,0.0205353431929809,0.3341282703481831,0.5950413223140496,5.19781604648531,0.7,0.0004918340845632,4.250226845929088,-0.0148498971507149,0.442515684296705,-0.0022052280242034,0.0385593514910456,242.0
PV-017,validation_2023,raw_full,ret_close_to_close,0.017264123773119,0.2741668063973248,0.6157024793388429,4.265034575555769,0.4999999999999999,0.0004033459336746,1.6519391621682071,-0.0469129852093439,0.3329267289387302,-0.001327702707008,0.0384884212592819,242.0
PV-017,validation_2023,raw_full,ret_next_open_to_close,0.0095496770585759,0.1531648901327702,0.5950413223140496,2.3826865139566356,-0.7,-4.43223960875996e-05,-0.189028940547542,-0.0665637607840821,0.159416523558064,-0.0109043575705102,0.0306912422634297,242.0
PV-017,validation_2023,raw_full,ret_close_to_next_open,0.0258251652544373,0.5671129892098465,0.7272727272727273,8.822207688123628,0.7999999999999999,0.0004463321887205,5.827678271594343,-0.0082748149469021,0.6759156886523239,0.0060378890953768,0.0399990297371687,242.0
PV-017,validation_2023,neutral_full,ret_close_to_close,0.0019879402378964,0.0621409804736028,0.5371900826446281,0.9666867910142384,0.0999999999999999,0.0002612438886364,1.6737489611187018,-0.0242126706569265,0.3430234100428082,-0.0033883179675675,0.0081254385432491,242.0
PV-017,validation_2023,neutral_full,ret_next_open_to_close,0.0024587837256307,0.0782222459176669,0.5247933884297521,1.2168525716165284,0.0999999999999999,0.0001274157459074,0.8733183102044126,-0.0300415582229247,0.2736418355914479,-0.0048472050146924,0.0100103519194101,242.0
PV-017,validation_2023,neutral_full,ret_close_to_next_open,-0.0017923389913286,-0.0576931298725038,0.4421487603305785,-0.8974944739359199,-0.0999999999999999,0.0001353311163938,2.427911157328094,-0.009753112902295,0.1680413751171899,-0.0059959528711327,0.0012187603126444,242.0
PV-017,validation_2023,raw_tradable,ret_close_to_close,0.0138086342588185,0.2081194127021684,0.5454545454545454,3.23757825640183,0.1999999999999999,0.0004814409241558,1.7100130797980302,-0.0475050853324337,0.2951841790182568,-0.0040994852806393,0.0326273361477403,242.0
PV-017,validation_2023,raw_tradable,ret_next_open_to_close,0.0100998408009666,0.1535958649923374,0.5495867768595041,2.389390909362495,0.0999999999999999,0.0002461356998393,0.9101857868748991,-0.0555519981216424,0.24244272797878,-0.0079235112335729,0.0293555587865858,242.0
PV-017,validation_2023,raw_tradable,ret_close_to_next_open,0.0140205091133067,0.2618213901524236,0.5991735537190083,4.072984969602285,0.7999999999999999,0.0002377499639551,2.414312151793497,-0.0083601797789411,0.4413296564950199,-0.001617933351826,0.0241269855363517,242.0
PV-018,validation_2022,raw_full,ret_close_to_close,0.0077600124846367,0.0803524685139215,0.5138888888888888,1.1809352845929544,0.7,0.0003647265098478,0.895551548180681,-0.0902922950660279,0.0611223053918436,-0.005138501133821,0.0219108089786729,216.0
PV-018,validation_2022,raw_full,ret_next_open_to_close,0.0049329022916285,0.0520373584335772,0.5185185185185185,0.7647898543474753,-0.1999999999999999,0.000172373296567,0.4435734556795376,-0.0837421073262085,-0.0758018135497403,-0.0065669948198462,0.0201424436326112,216.0
PV-018,validation_2022,raw_full,ret_close_to_next_open,0.0066699773504095,0.1233313442224433,0.5740740740740741,1.8125931758192184,0.6,0.0002005549846573,2.0062811530710496,-0.0149438150797351,-0.1741038614298442,-0.017386242746697,0.0307261974475161,216.0
PV-018,validation_2022,neutral_full,ret_close_to_close,0.0031126805171465,0.0670842704424792,0.5324074074074074,0.9859333941056736,-0.0999999999999999,8.469466745113895e-05,0.3188389813022715,-0.0634789227576448,-0.0375758132655449,-0.0103292499139693,0.017859652737691,216.0
PV-018,validation_2022,neutral_full,ret_next_open_to_close,0.0036407144172524,0.0809209202519641,0.5601851851851852,1.1892897848025703,-0.1999999999999999,3.143854747882091e-05,0.1272359788224147,-0.0572690784898743,-0.0440506852704587,-0.008252476327038,0.0193704183048625,216.0
PV-018,validation_2022,neutral_full,ret_close_to_next_open,-0.0029555738132039,-0.083256570300975,0.4861111111111111,-1.2236166898292695,0.0999999999999999,6.169285998157008e-05,0.7758157130237355,-0.0146609406728351,-0.3382575875410618,-0.0161569292661344,0.0102457816397265,216.0
PV-018,validation_2022,raw_tradable,ret_close_to_close,0.0040887994635068,0.0384844676797358,0.5231481481481481,0.5656038530279021,0.8999999999999998,0.0002877495467615,0.5670379173969634,-0.112432422203842,-0.05152971647432,-0.0168985770658393,0.0288920626345524,216.0
PV-018,validation_2022,raw_tradable,ret_next_open_to_close,0.0034348027291164,0.0327731365957216,0.5231481481481481,0.4816647715803134,0.3,0.0002832856459001,0.5889635091740318,-0.0868652703239323,-0.1343255233481105,-0.0140105806046809,0.0265077290738161,216.0
PV-018,validation_2022,raw_tradable,ret_close_to_next_open,-0.0004043582830334,-0.0064260917035157,0.5138888888888888,-0.0944438742836747,0.6,1.641028090156867e-05,0.1263011522279304,-0.0341923081277225,-0.2045100984759711,-0.0279680531124143,0.0216465975804713,216.0
PV-018,validation_2023,raw_full,ret_close_to_close,0.0067056876320718,0.0731892395963895,0.5330578512396694,1.1385573678268683,0.1999999999999999,0.0005897797097168,1.70273605847473,-0.0484503937730229,0.0580410431717994,0.0152142325579077,-0.0030076070177761,242.0
PV-018,validation_2023,raw_full,ret_next_open_to_close,0.0112498801565212,0.1228814311304813,0.5619834710743802,1.9115864511539635,0.3,0.0007970224923791,2.3652900620917388,-0.0385330260320785,0.1082347380094093,0.0215902606669741,0.0005619238305908,242.0
PV-018,validation_2023,raw_full,ret_close_to_next_open,-0.0137852374499543,-0.3102743667435774,0.3471074380165289,-4.826736392560399,-0.1999999999999999,-0.000204462228909,-2.7790590126909125,-0.0604033379168453,-0.4768579609076786,-0.0043727779139816,-0.0205274956991263,242.0
PV-018,validation_2023,neutral_full,ret_close_to_close,0.0045063694821219,0.1055122831062547,0.5330578512396694,1.6413859194239655,0.0,0.0003746208356594,1.5746741878530004,-0.038108261911256,0.0591972117940236,-0.0089472351935471,0.019864909333107,242.0
PV-018,validation_2023,neutral_full,ret_next_open_to_close,0.0059829716028482,0.1447690170429249,0.5454545454545454,2.2520773804487875,0.1999999999999999,0.0004711831775315,2.04214815599891,-0.0293122405277551,0.0573904361310163,-0.0055171432536358,0.0178696449419032,242.0
PV-018,validation_2023,neutral_full,ret_close_to_next_open,-0.0035176901037123,-0.1083794151939356,0.4462809917355372,-1.6859880273426124,-0.0999999999999999,-9.545453099998186e-05,-1.6568827474443608,-0.0360325416346046,-0.3823050490639508,-0.0077655270004981,-0.0004749133194899,242.0
PV-018,validation_2023,raw_tradable,ret_close_to_close,0.0044490215359357,0.0391175107556256,0.4958677685950413,0.6085256566056937,0.4999999999999999,0.000792154583056,1.6423689009488738,-0.0761069798289065,0.0299528085873823,0.020228032413614,-0.012132311928743,242.0
PV-018,validation_2023,raw_tradable,ret_next_open_to_close,0.0114225360954188,0.0998927888300265,0.5495867768595041,1.5539671042136467,0.6,0.0011054118955911,2.359940168428499,-0.0623222410501906,0.084820523140243,0.0349993411841401,-0.013766358230138,242.0
PV-018,validation_2023,raw_tradable,ret_close_to_next_open,-0.0226957093771136,-0.3950656524984068,0.3388429752066115,-6.145779241701254,-0.1999999999999999,-0.0003074153992058,-3.0162923049810852,-0.0811096300532631,-0.558732893191558,-0.0104637759398335,-0.0306007003739952,242.0
PV-019,development,raw_full,ret_close_to_close,0.000674845327884,0.0057958040510998,0.5196374622356495,0.1054454127128564,0.7,0.0004091398944558,0.6813860752796577,-0.1520270198432182,-0.1089360937540264,0.0215135601752766,-0.0229871792730263,331.0
PV-019,development,raw_full,ret_next_open_to_close,0.0022609499259368,0.0191953572621338,0.5045317220543807,0.3492289164421187,0.7,0.0004938384832231,0.8357535026933869,-0.1427837732257967,-0.1667800195949037,0.0192013608688272,-0.0220286098818839,331.0
PV-019,development,raw_full,ret_close_to_next_open,-0.0067689449414524,-0.1104062724931031,0.459214501510574,-2.008666074021978,-0.1999999999999999,-7.797860308948968e-05,-0.5737830882029381,-0.0540814607259402,-0.0790851185063618,0.0208296750349441,-0.027250026081831,331.0
PV-019,development,neutral_full,ret_close_to_close,0.004517369300657,0.0802889841003099,0.5317220543806647,1.4607300367835263,0.7,0.000393146417082,1.432007412403994,-0.0469068512295894,-0.0425991951029347,0.0132257600290613,-0.0053708679135311,331.0
PV-019,development,neutral_full,ret_next_open_to_close,0.0032208966288507,0.0568020991944538,0.540785498489426,1.0334236181396117,0.7,0.0003040226371089,1.1449207853973082,-0.0450039836746194,-0.1518066176036309,0.0105050226123369,-0.0072232545974711,331.0
PV-019,development,neutral_full,ret_close_to_next_open,0.0029153185512054,0.0822022393722499,0.5317220543806647,1.4955386655770548,0.6,9.624688386712084e-05,1.2497238752099158,-0.0233599495549653,0.0364927011030344,0.0080354485779555,-0.0008843568896985,331.0
PV-019,development,raw_tradable,ret_close_to_close,0.0045892818460615,0.0364027181194942,0.5438066465256798,0.6622894083611135,0.8999999999999998,0.0006274897846844,0.905333841855364,-0.1920000826813513,-0.0561539725139132,0.0321380067774527,-0.028652846237817,331.0
PV-019,development,raw_tradable,ret_next_open_to_close,0.0067124899847274,0.0519517141206989,0.540785498489426,0.9451785961531786,0.8999999999999998,0.0007839228797365,1.139043690064719,-0.1888119031513458,-0.0726933364723153,0.0321780480989059,-0.027602801091116,331.0
PV-019,development,raw_tradable,ret_close_to_next_open,-0.0078391073816489,-0.1077583043467247,0.4743202416918429,-1.960490516052177,-0.3,-0.0001447982115849,-0.8496775386922027,-0.078314732439379,-0.0703969450110038,0.0217526337383038,-0.0295293888308289,331.0
PV-019,validation_2022,raw_full,ret_close_to_close,-0.0025047420276056,-0.0306834643909102,0.4710743801652892,-0.4773226863043883,0.3,8.277919489688701e-05,0.2282911688824232,-0.1182523905179436,-0.0756656469862513,-0.0074957048658022,0.0028274832268779,242.0
PV-019,validation_2022,raw_full,ret_next_open_to_close,0.0018827783764636,0.0235063488854006,0.4793388429752066,0.3656729713516803,0.3,0.0003507994808962,1.012004567655243,-0.0634146231553418,-0.0956137655079112,-0.0010957669475269,0.0057690708468132,242.0
PV-019,validation_2022,raw_full,ret_close_to_next_open,-0.0144457688267989,-0.2776199522634596,0.3925619834710744,-4.318752918439914,-0.3,-0.0002548319990227,-2.6048519606266884,-0.0892725792846433,-0.4904076493778715,-0.0183212014876721,-0.0105057456215778,242.0
PV-019,validation_2022,neutral_full,ret_close_to_close,0.0028440812050726,0.0554034202704231,0.5330578512396694,0.861874951831178,0.8999999999999998,0.0002616471996601,1.0644074349263295,-0.0577273735635088,0.0298353662587475,-0.0068599885264187,0.0132116770720506,242.0
PV-019,validation_2022,neutral_full,ret_next_open_to_close,0.0043857333161455,0.0873159692527408,0.5082644628099173,1.3583177072187615,0.7,0.0002687089106641,1.1459088566636475,-0.03978029404819,-0.0477592043866907,-0.0027971373984461,0.0137576693913747,242.0
PV-019,validation_2022,neutral_full,ret_close_to_next_open,-0.0054766420525677,-0.1435761865507737,0.4338842975206611,-2.233521292793051,0.0999999999999999,1.4932897598228726e-06,0.0205095806205198,-0.0300460000329482,-0.2642004872608126,-0.0170251700737896,0.0062643614356744,242.0
PV-019,validation_2022,raw_tradable,ret_close_to_close,-0.0056202089096021,-0.0617757992905229,0.4504132231404958,-0.9610059050140544,-0.0999999999999999,-9.4521923562243e-05,-0.2189836187817466,-0.124105090376877,-0.168092631370676,-0.0126092529970478,0.002492074406183,242.0
PV-019,validation_2022,raw_tradable,ret_next_open_to_close,-0.0014215038700621,-0.0158328379699352,0.4834710743801653,-0.2463011560673189,0.6,7.889691102820039e-05,0.194202002402922,-0.0862983942313293,-0.1193528475336194,-0.0057835434015998,0.0040820039501023,242.0
PV-019,validation_2022,raw_tradable,ret_close_to_next_open,-0.0128247740690934,-0.2099115175367532,0.4338842975206611,-3.2654568649867355,-0.4999999999999999,-0.0001552017181193,-1.301032651129766,-0.0780870640957677,-0.311512670737499,-0.0222285321309585,-0.0053714250867263,242.0
PV-019,validation_2023,raw_full,ret_close_to_close,-0.0018951689023425,-0.0179794654852132,0.4834710743801653,-0.2796948432674835,0.1999999999999999,0.0001659334716398,0.4189399509651221,-0.0990220172239614,-0.0741185720781369,0.0001170673643601,-0.0041923235784898,242.0
PV-019,validation_2023,raw_full,ret_next_open_to_close,0.0023663078714658,0.0223786126044532,0.4834710743801653,0.3481295119754238,0.7,0.0003621810635658,0.9282456032231284,-0.0969113394797936,-0.0841033193403636,0.0086819773961442,-0.0041616530658067,242.0
PV-019,validation_2023,raw_full,ret_close_to_next_open,-0.0179929652423216,-0.3675046833893349,0.3223140495867768,-5.717031182333105,-0.3,-0.0001931404164061,-2.331178739289386,-0.0496359238025065,-0.3865425351498061,-0.0071511924542244,-0.0257590578068451,242.0
PV-019,validation_2023,neutral_full,ret_close_to_close,0.0074435845315371,0.1258187690750437,0.5950413223140496,1.957280705897169,0.7,0.0003134045479242,1.4495419233182123,-0.035104446998614,-0.0049846452800759,-0.0039622383769029,0.0204643912146235,242.0
PV-019,validation_2023,neutral_full,ret_next_open_to_close,0.0059407222931775,0.100560608986596,0.5619834710743802,1.564355947762761,0.7,0.0001867217735034,0.9029560363716376,-0.0474347446513674,-0.1053527275153633,-0.0028590277374816,0.0150362622408337,242.0
PV-019,validation_2023,neutral_full,ret_close_to_next_open,0.0029977839082097,0.0888992439855745,0.5495867768595041,1.3829476818202573,0.1999999999999999,0.000129836736258,2.1663455079752363,-0.0091790526341639,0.0437103650658369,-0.0013852717726391,0.0061374195377539,242.0
PV-019,validation_2023,raw_tradable,ret_close_to_close,0.0003963272916817,0.0032536110371775,0.5,0.0506143094100962,0.3,0.0002264788582033,0.4541032048187823,-0.1278806562010705,-0.0950215991413217,0.0152032977503903,-0.0151635399700119,242.0
PV-019,validation_2023,raw_tradable,ret_next_open_to_close,0.0055310953895311,0.0449811964459492,0.5082644628099173,0.6997431987219291,0.8999999999999998,0.0005250703052332,1.0663872836949324,-0.1042667412448943,-0.0251899303547069,0.026605089125657,-0.016983855183253,242.0
PV-019,validation_2023,raw_tradable,ret_close_to_next_open,-0.0217929817872819,-0.3627693291685858,0.3553719008264462,-5.643366358555241,-0.7999999999999999,-0.0002934913547009,-2.6719976204857008,-0.0789722117145986,-0.4290950737258347,-0.0065466570318964,-0.0316460488060685,242.0
PV-016,development,raw_full,ret_close_to_close,0.0067541630320355,0.0823551565231709,0.5142857142857142,1.289062097984118,-0.6,-8.315791490475023e-05,-0.2087527685397749,-0.1723807480169905,0.0298522953685318,-0.0263877437432612,0.0481055329535067,245.0
PV-016,development,raw_full,ret_next_open_to_close,-0.0044226487417899,-0.0526344173720588,0.4857142857142857,-0.8238589464001361,-1.0,-0.0007594374556233,-1.959528993613004,-0.3268108248342175,0.1363963002687219,-0.0340100768625523,0.0439352982942947,245.0
PV-016,development,raw_full,ret_close_to_next_open,0.034801189524698,0.6010901309229577,0.7591836734693878,9.408548753435872,0.8999999999999998,0.0006686265652745,5.922798268177948,-0.0135432941794735,0.4399319357934174,0.0029378618737406,0.0579133215532093,245.0
PV-016,development,neutral_full,ret_close_to_close,-0.0032682739048167,-0.0901378297384928,0.4693877551020408,-1.410880202477004,-0.7,-0.0001594042840559,-0.762666444575246,-0.0996068241422911,-0.0440788394584483,-0.0032268834709554,-0.0033199170149555,245.0
PV-016,development,neutral_full,ret_next_open_to_close,-0.0044388561715471,-0.1223577289824833,0.4816326530612245,-1.9152013970413029,-0.6,-0.0001424828642115,-0.7145751652587795,-0.1143795524203924,0.0130667389192995,-0.0044313021457621,-0.0044512025362708,245.0
PV-016,development,neutral_full,ret_close_to_next_open,0.0027998655288793,0.0797419719712808,0.5551020408163265,1.248159289913668,-0.0999999999999999,-1.9043503769174044e-05,-0.2412109082659986,-0.0292392639289219,-0.1364169464334851,0.0036719867180906,0.0021672705817753,245.0
PV-016,development,raw_tradable,ret_close_to_close,0.0042676211590945,0.0556363696552994,0.4938775510204081,0.8708469319938928,-0.3,-2.6357156378904135e-05,-0.0607301640407656,-0.2347290881019477,0.0725805607568895,-0.0156152062266787,0.0303403853725141,245.0
PV-016,development,raw_tradable,ret_next_open_to_close,-0.0068751933519552,-0.0874579091140412,0.4571428571428571,-1.3689328096429625,-0.8999999999999998,-0.0008171035084348,-1.919075451918135,-0.4019141865041979,0.0166454673310089,-0.0271114134823996,0.024000688908929,245.0
PV-016,development,raw_tradable,ret_close_to_next_open,0.0360527087785973,0.6292914324219565,0.7387755102040816,9.84996894387597,0.8999999999999998,0.0007845592969519,6.207937952900724,-0.0107106049983742,0.5506189043912733,0.0084720270589978,0.0550738685852176,245.0
PV-016,validation_2022,raw_full,ret_close_to_close,0.0132017602166772,0.1663062385406312,0.5867768595041323,2.5871179185655735,0.7,0.000570929903931,1.7892450633525747,-0.0450875468348306,0.284112934666218,-0.0253752956155434,0.0544165634562292,242.0
PV-016,validation_2022,raw_full,ret_next_open_to_close,0.0015870456140883,0.0198903283954485,0.5330578512396694,0.3094208939458789,-0.7999999999999999,-0.0001665692777657,-0.5330444919674696,-0.1017791608468176,0.0464514793185519,-0.0375792967153375,0.0526897970343867,242.0
PV-016,validation_2022,raw_full,ret_close_to_next_open,0.0356728419731403,0.5487178487860499,0.743801652892562,8.53604646036363,0.8999999999999998,0.0007396908233447,7.236712068967321,-0.0081143340980057,0.3683701972788718,-0.0024091085238204,0.0743894916450504,242.0
PV-016,validation_2022,neutral_full,ret_close_to_close,-0.0015082161285072,-0.037763945251573,0.4669421487603306,-0.5874691189783863,0.7,0.0001795881912945,0.9630441856148008,-0.0229731872212166,0.0581084176746967,-0.0088407773172247,0.0063257167654216,242.0
PV-016,validation_2022,neutral_full,ret_next_open_to_close,-0.0017680607157896,-0.045161078414189,0.4710743801652892,-0.7025415054321502,0.6,0.0001750998990146,0.9763361006336444,-0.0264524749996629,0.0752973385951839,-0.0099403854699463,0.0088948772967768,242.0
PV-016,validation_2022,neutral_full,ret_close_to_next_open,0.0014574268532652,0.0475842627382984,0.4876033057851239,0.7402374069202906,0.3,1.2638984300115708e-05,0.2041875137752762,-0.0178989630342708,-0.2288273501726201,-0.0047908640204644,0.0078098559082236,242.0
PV-016,validation_2022,raw_tradable,ret_close_to_close,0.0055645292183033,0.0739979240981097,0.5247933884297521,1.151137546317018,0.7,0.0003170628248821,0.8971218177617618,-0.0655825124135315,0.1472271074389502,-0.0202162833752575,0.0354886866929721,242.0
PV-016,validation_2022,raw_tradable,ret_next_open_to_close,-0.0037042561103711,-0.0495421713463138,0.4917355371900826,-0.770695316901057,-0.0999999999999999,-0.0002983499119101,-0.8936570973015252,-0.094614188685061,-0.0470925546629819,-0.031229065005086,0.0310233065138018,242.0
PV-016,validation_2022,raw_tradable,ret_close_to_next_open,0.0298740749677077,0.4706871334323518,0.6570247933884298,7.322173405080012,0.7999999999999999,0.0006215022746835,5.432824680801765,-0.0135929896495497,0.263809272092584,-0.0070867762636859,0.0591689718696271,242.0
PV-016,validation_2023,raw_full,ret_close_to_close,0.0094000073884967,0.1044095534476502,0.5785123966942148,1.62423147179684,-0.0999999999999999,6.7159582791309976e-06,0.0202181011357136,-0.0640081032940948,-0.0681691909723842,-0.029362741454247,0.0536512870408326,242.0
PV-016,validation_2023,raw_full,ret_next_open_to_close,-0.0047792939442552,-0.0540172941764074,0.4917355371900826,-0.8403118902966991,-1.0,-0.0007716659771928,-2.445801733728711,-0.2163289951972909,-0.209466000913565,-0.042764644201769,0.0344828748093095,242.0
PV-016,validation_2023,raw_full,ret_close_to_next_open,0.0489951919546692,0.8541137430475926,0.8264462809917356,13.286891631498696,0.8999999999999998,0.0007810794804481,8.427323632000196,-0.0097762132487759,0.6512098199249112,0.0182438401279714,0.0710227560291123,242.0
PV-016,validation_2023,neutral_full,ret_close_to_close,-0.0082464982623295,-0.2242674158477365,0.4338842975206611,-3.488782231992594,-0.6,-0.0001652513608614,-1.1160423544589386,-0.0567547527593154,-0.1736024894383371,-0.0099766601006213,-0.0062713577566688,242.0
PV-016,validation_2023,neutral_full,ret_next_open_to_close,-0.0100840548301055,-0.2757782077657431,0.4173553719008264,-4.29010209792185,-0.6,-7.800577364856369e-05,-0.542970175539257,-0.042927646215925,-0.1702156436892768,-0.0113860674062069,-0.0087382771253956,242.0
PV-016,validation_2023,neutral_full,ret_close_to_next_open,0.0062812323981638,0.1869679805553677,0.5702479338842975,2.908539192140011,-0.3999999999999999,-7.912160483336039e-05,-1.3438017876229411,-0.0311041769007288,0.0183377641881165,0.0064173229434223,0.0061837490997871,242.0
PV-016,validation_2023,raw_tradable,ret_close_to_close,0.0077480711790561,0.0793368681493869,0.5495867768595041,1.2341920242637592,0.1999999999999999,0.0001326141057714,0.3424648405657814,-0.0573552490921246,0.0442423671657639,-0.0306198386182399,0.0480668916440112,242.0
PV-016,validation_2023,raw_tradable,ret_next_open_to_close,-0.0042461550226119,-0.0440299913302541,0.4917355371900826,-0.6849459197945669,-0.7999999999999999,-0.0006631857365022,-1.8086748665036148,-0.2049635142022507,-0.070692055976149,-0.0413119072668738,0.0353540076315139,242.0
PV-016,validation_2023,raw_tradable,ret_close_to_next_open,0.0430126266192061,0.6819018377118329,0.7603305785123967,10.607903098091324,0.8999999999999998,0.0008023856863788,7.278578853335212,-0.0089427301207127,0.622109073495307,0.0086318930076065,0.0652314680688793,242.0
FR-001,development,raw_full,ret_close_to_close,-0.0037110126938815,-0.0921625764602951,0.4726027397260274,-2.4900956939149586,-0.6,-0.0002278709473468,-1.1542622287676687,-0.2291013060848274,-0.1018516341754117,-0.0022582838472416,-0.0054239317817107,730.0
FR-001,development,raw_full,ret_next_open_to_close,-0.0026329604389737,-0.0662737311990961,0.4767123287671233,-1.790617613100724,-0.3,-0.0001296370043042,-0.714865655554238,-0.1822840588221368,-0.1444250195810629,-0.003577996228339,-0.0013381386756225,730.0
FR-001,development,raw_full,ret_close_to_next_open,-0.0003178254680826,-0.0092041910297105,0.4945205479452055,-0.2486835473716047,-0.0999999999999999,-9.690603093277554e-05,-1.1303335947894837,-0.0819242135471821,0.0164861609486368,-0.0028826071960401,0.0019931497347123,730.0
FR-001,development,neutral_full,ret_close_to_close,-0.0029271593525894,-0.092197852990105,0.4671232876712329,-2.4910488132650204,-0.3999999999999999,-9.79858440957858e-05,-0.6029563674380752,-0.1166032254036667,-0.1710348944262298,-0.0017280781360047,-0.0043410013840847,730.0
FR-001,development,neutral_full,ret_next_open_to_close,-0.002392301394808,-0.0753958551579476,0.4794520547945205,-2.0370838303193866,-0.7,-7.262070521119312e-05,-0.4781291802060185,-0.1106298116427569,-0.2273797819938305,-0.0032756980807989,-0.0011819332081582,730.0
FR-001,development,neutral_full,ret_close_to_next_open,0.0008185048009115,0.0258928783659872,0.5246575342465754,0.6995870493050459,-0.3,-2.436002910300108e-05,-0.3256148453332648,-0.0326318612220058,0.0709668612060087,0.0006294095314308,0.0009888875176832,730.0
FR-001,development,raw_tradable,ret_close_to_close,-0.004790840772552,-0.1038593634273027,0.4547945205479452,-2.8061254749588302,-0.6,-0.0003147364182359,-1.2692785865337826,-0.2755123957522863,-0.1504092571637186,-0.004504021756065,-0.0051404286923431,730.0
FR-001,development,raw_tradable,ret_next_open_to_close,-0.0046550579929846,-0.1022474210498466,0.4561643835616438,-2.762573190212628,-1.0,-0.0003045636176571,-1.3459374995003497,-0.292044267519864,-0.2083135238846074,-0.0062379625645192,-0.0025579614905694,730.0
FR-001,development,raw_tradable,ret_close_to_next_open,0.0006259387623162,0.0149383510863805,0.5095890410958904,0.4036120206601575,-0.0999999999999999,-9.84634034062466e-06,-0.0855983250608897,-0.0581123735214412,0.0184068368731851,-0.00084649188358,0.0019453896008465,730.0
FR-001,validation_2022,raw_full,ret_close_to_close,0.005855819085272,0.1680771499352524,0.5371900826446281,2.614666834597952,0.8999999999999998,0.0005235666804699,3.18165576294954,-0.0252586894300696,0.2559453855997528,-0.0026905869212558,0.0149865947332718,242.0
FR-001,validation_2022,raw_full,ret_next_open_to_close,0.0042466726759967,0.1272790999939145,0.5247933884297521,1.979998123598388,0.8999999999999998,0.0004047227212576,2.6804843935756613,-0.0458324662004616,0.2026858636183721,-0.0030189479106359,0.013726577631889,242.0
FR-001,validation_2022,raw_full,ret_close_to_next_open,0.0038521166855779,0.1107740526866917,0.5454545454545454,1.7232398443540635,0.3,0.000115921398015,1.5790537648300067,-0.0223059609875773,0.0724611519852193,-0.0030099773567772,0.0108285789619724,242.0
FR-001,validation_2022,neutral_full,ret_close_to_close,0.0026506725551472,0.0934506072229082,0.5330578512396694,1.453750277613018,0.3,0.0004317868061749,2.7828740820654136,-0.0172429080061996,0.2148280811612054,-0.0013590898559899,0.0069346067550802,242.0
FR-001,validation_2022,neutral_full,ret_next_open_to_close,0.0033658576215155,0.1259925150147838,0.5413223140495868,1.9599835584054344,0.8999999999999998,0.0003790122632093,2.74226711786123,-0.0170196996192221,0.2954622531314897,0.0018270744987123,0.0053736032198397,242.0
FR-001,validation_2022,neutral_full,ret_close_to_next_open,-0.0024548498652172,-0.0818802726118075,0.4380165289256198,-1.273758112202669,0.0999999999999999,5.104917484050218e-05,0.7946990153277557,-0.0146560025243398,-0.1011955590973756,-0.0024709987008638,-0.0024384318823098,242.0
FR-001,validation_2022,raw_tradable,ret_close_to_close,0.0022225496210448,0.0565609590211909,0.5,0.8798820288345678,0.7,0.0003392708286504,1.713458349210213,-0.0345830767561207,0.2310316997339146,-0.0058595832300082,0.0116035966803029,242.0
FR-001,validation_2022,raw_tradable,ret_next_open_to_close,0.0009064892116299,0.0234668669425379,0.512396694214876,0.3650587764619622,0.4999999999999999,0.0002439975462807,1.3191609331156684,-0.0549720569986829,0.066115016690188,-0.005191252791379,0.0085999020191647,242.0
FR-001,validation_2022,raw_tradable,ret_close_to_next_open,0.0035837950321184,0.0860547935721677,0.5206611570247934,1.3386984179467436,0.3,9.267258534622738e-05,0.9901538506000404,-0.0299378745797936,0.0881632525223416,-0.0055118585614507,0.0107929426951696,242.0
FR-001,validation_2023,raw_full,ret_close_to_close,-0.0022205244754551,-0.05651556480058,0.5041322314049587,-0.8791758604877143,0.0,0.0001685210052539,1.16498063528745,-0.0180876458129123,0.279847271579098,0.0079843344061443,-0.0138703191279005,242.0
FR-001,validation_2023,raw_full,ret_next_open_to_close,-0.0005707741608899,-0.0141498974864112,0.4917355371900826,-0.220120746246189,0.3,0.0002239431652629,1.548349928225635,-0.0226634670211599,0.3668602332512286,0.011919913800854,-0.0134813171801715,242.0
FR-001,validation_2023,raw_full,ret_close_to_next_open,-0.0028172897509887,-0.0836939133066481,0.4834710743801653,-1.3019717401497382,0.0,-5.190510886055252e-05,-0.9095600676936796,-0.0259139414360795,-0.0315413194940916,-0.0023070731637756,-0.0031827640439569,242.0
FR-001,validation_2023,neutral_full,ret_close_to_close,-0.0039473509339113,-0.1259005260207046,0.4545454545454545,-1.95855254549226,-0.3999999999999999,-3.561167431771248e-05,-0.2836432679809467,-0.0442453160034608,0.142508358076712,-0.0031867875078878,-0.0048156047565399,242.0
FR-001,validation_2023,neutral_full,ret_next_open_to_close,-0.0028947131071818,-0.0909373263666198,0.4545454545454545,-1.4146528030098442,0.0999999999999999,1.4542240513788074e-05,0.120912889447889,-0.0436279634308531,0.2602628312830701,-0.0007052971408406,-0.0051577228875176,242.0
FR-001,validation_2023,neutral_full,ret_close_to_next_open,-0.0012716671915317,-0.0402099926858726,0.5041322314049587,-0.6255206869921249,-0.0999999999999999,-4.7251975957630946e-05,-0.8991856353008391,-0.016563320435698,0.0459620172636565,-0.0027946135707491,-0.0001807623383333,242.0
FR-001,validation_2023,raw_tradable,ret_close_to_close,-0.001361785085828,-0.0302488763967287,0.5206611570247934,-0.4705620837148125,0.0999999999999999,0.0002231858863699,1.1549507720859873,-0.0313533881219213,0.2496184666137096,0.0066480639052359,-0.0097789145340647,242.0
FR-001,validation_2023,raw_tradable,ret_next_open_to_close,0.000264093488801,0.0056647787141999,0.4876033057851239,0.0881232757401042,0.3999999999999999,0.000295653564007,1.5784305907025713,-0.0341140775608451,0.2991871720556768,0.0100265984530999,-0.0101659331824583,242.0
FR-001,validation_2023,raw_tradable,ret_close_to_next_open,-0.003541238845335,-0.0795830415338789,0.4545454545454545,-1.238021583393242,0.0,-7.012569680936694e-05,-0.8950423311788629,-0.0256602992031902,-0.0033996882111089,-0.004256684047835,-0.0030788762995016,242.0
FR-002,development,raw_full,ret_close_to_close,0.0105980172268083,0.1692808549141453,0.5931506849315068,4.57371683902039,1.0,0.00067692940588,2.225728662409812,-0.1177316325436315,-0.0179762091826112,0.0117716763704581,0.0092141504753407,730.0
FR-002,development,raw_full,ret_next_open_to_close,0.0061910424818546,0.10328708433692,0.5671232876712329,2.7906633453894214,0.8999999999999998,0.0003690907137623,1.3154124687326207,-0.1141361149880573,-0.0096230028426143,0.0080014030145123,0.0037106134403561,730.0
FR-002,development,raw_full,ret_close_to_next_open,0.0093785647998798,0.2006004793751094,0.5821917808219178,5.419926493748075,0.8999999999999998,0.0003065732409179,2.869829612564875,-0.0308998236709648,0.2675692339798529,0.0231466803009529,-0.0030270809380662,730.0
FR-002,development,neutral_full,ret_close_to_close,0.0108665508675567,0.2627930253905678,0.6164383561643836,7.100276555287629,1.0,0.0005643427291486,2.867752598349468,-0.0536265726671797,0.1327837121390447,0.0096205846242488,0.0123356752439943,730.0
FR-002,development,neutral_full,ret_next_open_to_close,0.0075329462994031,0.1894268610817682,0.5794520547945206,5.11803195188178,1.0,0.0003100228029908,1.683610672106663,-0.0559747301204462,0.123525839719141,0.006787348370992,0.0085545122922261,730.0
FR-002,development,neutral_full,ret_close_to_next_open,0.0072065150652047,0.1994128961559949,0.6068493150684932,5.387839762086916,1.0,0.0002506752782909,2.854387127287138,-0.0413952341853411,0.1995308589825788,0.0130551624591901,0.0019366400695825,730.0
FR-002,development,raw_tradable,ret_close_to_close,0.0119670835557458,0.1824709714466486,0.6041095890410959,4.930094163106731,1.0,0.0008473325632652,2.5687602015638946,-0.1367602320947319,0.0674666607483505,0.0139101244832602,0.009598817865979,730.0
FR-002,development,raw_tradable,ret_next_open_to_close,0.0088343862179178,0.1410057328594126,0.5684931506849316,3.8097651096137968,0.8999999999999998,0.000623274943795,2.0459552151974383,-0.1420718618190253,0.0393257305629518,0.0120412845063121,0.004585756638389,730.0
FR-002,development,raw_tradable,ret_close_to_next_open,0.0076622204685431,0.150829396985033,0.5616438356164384,4.075185898367601,0.7999999999999999,0.0002214571318397,1.7379221008946055,-0.0522789265534948,0.1277066420775382,0.0171803354148234,-0.0008669994183834,730.0
FR-002,validation_2022,raw_full,ret_close_to_close,0.0071820218262685,0.1122571957397679,0.5454545454545454,1.746312135580662,1.0,0.0004426915000505,1.513900118296895,-0.0893560762089911,-0.0298514059222221,0.0045900658331657,0.0099512055795834,242.0
FR-002,validation_2022,raw_full,ret_next_open_to_close,0.0099514949943682,0.1503091361681773,0.5785123966942148,2.3382614080938273,0.8999999999999998,0.0005417284041844,1.8681794504579683,-0.0694165479349055,0.0968351643756107,0.0095622647220297,0.0104593478258956,242.0
FR-002,validation_2022,raw_full,ret_close_to_next_open,-0.0085074510788819,-0.1890563794307231,0.396694214876033,-2.941027054284908,-0.3,-9.723469885114912e-05,-1.2245841289212709,-0.0425902832676404,-0.1731363759055812,0.0049588354154568,-0.0221981756814596,242.0
FR-002,validation_2022,neutral_full,ret_close_to_close,0.0085616503399978,0.205040361914572,0.6033057851239669,3.189679467188231,0.8999999999999998,0.0004171678366417,2.234109933711214,-0.0644792891106185,0.0725000401451837,0.0072393281515263,0.0099743877208435,242.0
FR-002,validation_2022,neutral_full,ret_next_open_to_close,0.0078745297868434,0.1824016179143875,0.5950413223140496,2.8375032603865433,0.8999999999999998,0.0002782872915146,1.5487699164551612,-0.0611417691467792,0.0540769175260795,0.0071908028236628,0.0087666306816598,242.0
FR-002,validation_2022,neutral_full,ret_close_to_next_open,0.0023942454648989,0.0696566479720443,0.5041322314049587,1.0836031389866485,0.3999999999999999,0.0001387554258491,2.081579750119643,-0.0118787275194192,0.0191194945691769,0.008484048467425,-0.003797054254336,242.0
FR-002,validation_2022,raw_tradable,ret_close_to_close,0.0087813696888322,0.130928144243188,0.5661157024793388,2.0367639301356313,0.6,0.000513620841182,1.5608322228935756,-0.1047803490284191,0.1658161589720164,0.0085108916401427,0.0090953174239184,242.0
FR-002,validation_2022,raw_tradable,ret_next_open_to_close,0.0088454938982697,0.1289694809976157,0.5619834710743802,2.0062942807495205,0.7,0.0004912030611519,1.5484723366249225,-0.0803815096391422,0.2305886292371206,0.0073201498242227,0.0107699934309458,242.0
FR-002,validation_2022,raw_tradable,ret_close_to_next_open,-0.0004684115852439,-0.0091393538140316,0.4876033057851239,-0.1421749792664281,0.3,2.0794244459114008e-05,0.2061846343858207,-0.0326158718217523,-0.078713760644501,0.013604429122575,-0.0116224408869968,242.0
FR-002,validation_2023,raw_full,ret_close_to_close,0.0017946651755189,0.0289358982795871,0.5082644628099173,0.4501369376508454,-0.0999999999999999,-0.0001159088002098,-0.5245189060272788,-0.0706572850929016,-0.0713563266863365,-0.0107145701522369,0.016075119664727,242.0
FR-002,validation_2023,raw_full,ret_next_open_to_close,0.0016704367017917,0.0273574968952499,0.5330578512396694,0.425582774560266,-0.3999999999999999,-0.0001778213537689,-0.834703780560629,-0.0787939034612811,-0.1287161076272288,-0.0100683615045698,0.0138038163604679,242.0
FR-002,validation_2023,raw_full,ret_close_to_next_open,-0.0024418522105677,-0.0635168682419486,0.5082644628099173,-0.9880905815795163,0.0999999999999999,5.919871902316804e-05,0.991459264854455,-0.0223856633405903,-0.0148649534934486,-0.0008405343205357,-0.0035888955218672,242.0
FR-002,validation_2023,neutral_full,ret_close_to_close,0.0059950098916854,0.1292246891437646,0.5661157024793388,2.010264387786151,0.3,0.0002272003724433,1.371510489436554,-0.0388738632020029,0.0513748796439572,-0.0018200500575209,0.0149166270018414,242.0
FR-002,validation_2023,neutral_full,ret_next_open_to_close,0.0047213476775092,0.1050018006354974,0.5537190082644629,1.6334446758554797,0.4999999999999999,0.0001476887518344,0.9386303056247404,-0.0459510061891451,-0.0204519817112513,-0.0017450115853684,0.0114050635542651,242.0
FR-002,validation_2023,neutral_full,ret_close_to_next_open,0.0010877467220122,0.0328147035758354,0.5247933884297521,0.5104769872641927,0.0999999999999999,7.504237277398475e-05,1.3512135058041816,-0.0083888806397002,0.0861157732711178,0.0005904885616413,0.001443938737597,242.0
FR-002,validation_2023,raw_tradable,ret_close_to_close,0.0034573372630755,0.0534957704694215,0.512396694214876,0.8321988854019954,0.0,-0.0001680471549151,-0.6466444498911147,-0.0825251187776421,-0.0887939593150902,-0.0081666169966384,0.0156723400444698,242.0
FR-002,validation_2023,raw_tradable,ret_next_open_to_close,0.0022146055572721,0.0345406052578414,0.5206611570247934,0.5373257164903634,-0.3,-0.0002411787357752,-0.975089803389832,-0.0943170656784525,-0.1205033114609469,-0.0111581394936331,0.0165017263381539,242.0
FR-002,validation_2023,raw_tradable,ret_close_to_next_open,0.0026217242830852,0.0542463518835615,0.5454545454545454,0.8438751919729564,0.0999999999999999,7.09844023006173e-05,0.9228781040993898,-0.0275010762774565,0.014408986823133,-0.0004575430647693,0.0046117269908823,242.0
FR-003,development,raw_full,ret_close_to_close,-0.0076301404518895,-0.0934839455481518,0.4472140762463343,-2.441345364204002,-0.4999999999999999,-0.0003995154415705,-1.0800381393181522,-0.4830807281665774,0.0877295946210249,0.0011088529319391,-0.0176923883544052,682.0
FR-003,development,raw_full,ret_next_open_to_close,0.0024052218218559,0.0303302048788584,0.4941348973607038,0.7920772346757523,0.8999999999999998,0.0002493169913764,0.7168373361854231,-0.129066201461605,0.0735479034186642,0.0115791398521422,-0.0099212453597314,682.0
FR-003,development,raw_full,ret_close_to_next_open,-0.0260444359155149,-0.5307394770278122,0.2917888563049853,-13.860330287134769,-1.0,-0.0006383812673782,-5.82753228113161,-0.4399078868802142,-0.39795051137638,-0.0292841287804021,-0.0231467106308102,682.0
FR-003,development,neutral_full,ret_close_to_close,-0.010816592944874,-0.2100989629249194,0.3900293255131964,-5.486761669645436,-0.6,-0.0003871079114274,-1.598177781803637,-0.3242305294324207,-0.0466642382699984,-0.0027357869738702,-0.020120990987197,682.0
FR-003,development,neutral_full,ret_next_open_to_close,-0.0018984249746117,-0.0373976817304832,0.4809384164222874,-0.9766453094094616,0.3,0.0001299123677237,0.5647686001024934,-0.1020251987901277,-0.0003591715408737,0.00640421743807,-0.0130542091098645,682.0
FR-003,development,neutral_full,ret_close_to_next_open,-0.0241589444333295,-0.631094830231616,0.2624633431085044,-16.481123353586653,-0.8999999999999998,-0.0005042025295134,-5.468417779319541,-0.3427453697440611,-0.4674304961425574,-0.0157994983061637,-0.0316360045804055,682.0
FR-003,development,raw_tradable,ret_close_to_close,-0.0098749357597488,-0.1191756467300746,0.4486803519061583,-3.1122874731535526,-0.4999999999999999,-0.0005147314437007,-1.236615820020059,-0.5114686971065774,-0.0171683987037145,-0.0006245808954099,-0.0209753615969555,682.0
FR-003,development,raw_tradable,ret_next_open_to_close,0.0013632466337874,0.0167533976823837,0.4912023460410557,0.4375171536323995,0.6,0.0001610173929543,0.4097722624495657,-0.172627186264796,0.0625136283034024,0.008490501479384,-0.0078757874253192,682.0
FR-003,development,raw_tradable,ret_close_to_next_open,-0.0322344480712622,-0.5992763808512972,0.2595307917888563,-15.650180420708518,-1.0,-0.0006659633030239,-5.013623426344503,-0.4578092808428692,-0.4900172864210415,-0.0283448885594542,-0.0356930314598781,682.0
FR-003,validation_2022,raw_full,ret_close_to_close,0.0107075793136782,0.0868908279465315,0.5537190082644629,1.3517040606059323,0.0999999999999999,0.0002817465493254,0.5578533291936755,-0.1392837570908736,-0.002326170951884,-0.0056167934776569,0.0281481485351902,242.0
FR-003,validation_2022,raw_full,ret_next_open_to_close,0.0084768897510193,0.0695882061382723,0.5578512396694215,1.0825384339215534,0.3,0.0002790497045607,0.562455818385598,-0.1373621928405589,-0.1547598368250259,-0.0067229855771435,0.0283091080363368,242.0
FR-003,validation_2022,raw_full,ret_close_to_next_open,0.0083920203325605,0.1299278056216158,0.5537190082644629,2.0212023132341086,-0.0999999999999999,-5.279842933317234e-06,-0.0467281654263973,-0.0496937269552538,-0.013383404924018,-0.0194014758748174,0.0366487414767282,242.0
FR-003,validation_2022,neutral_full,ret_close_to_close,-8.941665522858041e-06,-0.0001274500977244,0.5165289256198347,-0.001982658224004,0.0,-0.0003003615334592,-1.1346676202615515,-0.1102459915047156,-0.2718347711807163,-0.0095268854600435,0.0101598017046915,242.0
FR-003,validation_2022,neutral_full,ret_next_open_to_close,0.0045706179510873,0.0665574598700885,0.5454545454545454,1.0353910866792049,0.0,0.0001241425843337,0.483290355027163,-0.0634744375508558,-0.3001571301383867,-0.0029533612278108,0.0143876193559355,242.0
FR-003,validation_2022,neutral_full,ret_close_to_next_open,-0.0106328381250003,-0.2705274147300009,0.4049586776859504,-4.208418927953881,-0.6,-0.0004269384131165,-5.752532608699908,-0.1041080276854431,-0.303075132849223,-0.0215423766339097,0.0004585260257242,242.0
FR-003,validation_2022,raw_tradable,ret_close_to_close,0.0044167280841397,0.0339727949229181,0.5206611570247934,0.5284926606488168,0.0999999999999999,5.9624445717039635e-05,0.1008591164651755,-0.1951877709110471,-0.1534137100513894,-0.0182559316775527,0.0307332081646757,242.0
FR-003,validation_2022,raw_tradable,ret_next_open_to_close,0.005385403746321,0.0416737573881812,0.5247933884297521,0.648291521827531,0.3,0.0002563611334679,0.4481196638889937,-0.188921929768353,-0.2141861507816441,-0.0134415058855629,0.0291389813192589,242.0
FR-003,validation_2022,raw_tradable,ret_close_to_next_open,-8.170493194762988e-05,-0.0011396152664492,0.5165289256198347,-0.0177282530226989,-0.1999999999999999,-0.000207034939669,-1.4822368999325184,-0.0844529269798432,-0.1021758068884796,-0.0329818012886702,0.0259946677359732,242.0
FR-003,validation_2023,raw_full,ret_close_to_close,0.0178259163447127,0.1795778942625016,0.5867768595041323,2.793576429252746,0.8999999999999998,0.0008976243703541,2.3824463995753775,-0.0496035446155675,0.1514714274495383,0.0182771437686341,0.0173107983120944,242.0
FR-003,validation_2023,raw_full,ret_next_open_to_close,0.0199185771755349,0.2011763674371972,0.6033057851239669,3.1295698198450115,1.0,0.0010154938344586,2.789235476544891,-0.0411423862889132,0.1164498340462208,0.0166911213512615,0.0232545189098679,242.0
FR-003,validation_2023,raw_full,ret_close_to_next_open,-0.0036780823037773,-0.0918118620573741,0.4958677685950413,-1.4282573855909286,-0.4999999999999999,-0.000120097805436,-1.8112915419314168,-0.0401162781494014,-0.1822848430876423,-0.0012050802983365,-0.0054495234566107,242.0
FR-003,validation_2023,neutral_full,ret_close_to_close,0.0085522176081824,0.1359711960361842,0.5661157024793388,2.115215404791088,0.7999999999999999,0.000308200470434,1.3727723225693078,-0.0290820183908555,0.1399967246040107,0.0054936400018298,0.0120438681499477,242.0
FR-003,validation_2023,neutral_full,ret_next_open_to_close,0.0125676384880829,0.1973120542973634,0.5702479338842975,3.0694552152773076,0.8999999999999998,0.0004951803223021,2.2599412925828,-0.0202381083721202,0.1216098093073217,0.0068134346007203,0.0185152609935082,242.0
FR-003,validation_2023,neutral_full,ret_close_to_next_open,-0.0105997690007641,-0.3193084519528409,0.4049586776859504,-4.96727377665272,-1.0,-0.0001881344689251,-3.2853402491128647,-0.0483500087503429,-0.3523608082483792,-0.0129977398211779,-0.0088820735903968,242.0
FR-003,validation_2023,raw_tradable,ret_close_to_close,0.0112442322125116,0.0995093594821569,0.5289256198347108,1.5480023433899863,1.0,0.0009128854882744,1.9328802806458656,-0.0637190867561834,0.129314700008104,0.0234935790182987,-0.0016279627359425,242.0
FR-003,validation_2023,raw_tradable,ret_next_open_to_close,0.0152711145654237,0.1349024419231335,0.5537190082644629,2.0985894926143867,1.0,0.0011131849747579,2.429090238574483,-0.0550447976074748,0.10171812851065,0.026152376417382,0.003645834809058,242.0
FR-003,validation_2023,raw_tradable,ret_close_to_next_open,-0.0122730704004811,-0.2402071474216854,0.3884297520661157,-3.7367462622897114,-0.4999999999999999,-0.0001982166112455,-2.410639855536373,-0.0500964658521516,-0.3797383933802815,-0.0025205316406511,-0.0185757315037726,242.0
FR-004,development,raw_full,ret_close_to_close,0.0077046238638346,0.0951814136731873,0.5454545454545454,2.485674964475368,0.6,0.0004873826847915,1.3264162516617723,-0.1046880039775536,-0.0880112628217425,0.0043370038855553,0.0115821673719479,682.0
FR-004,development,raw_full,ret_next_open_to_close,0.0002589245443658,0.0033022387327147,0.5205278592375366,0.086238392852765,0.1999999999999999,5.6901203986397465e-05,0.164259498552942,-0.1153460536064738,-0.0551807092735687,-0.0036783739972769,0.0055492466398378,682.0
FR-004,development,raw_full,ret_close_to_next_open,0.0182938002880413,0.3683881813439724,0.6510263929618768,9.62050514105019,0.7,0.0004233366687162,3.778425077899507,-0.0299529660619851,0.3439942203787255,0.0269640924260708,0.0105387056534705,682.0
FR-004,development,neutral_full,ret_close_to_close,0.0116398962293749,0.2409539826055234,0.593841642228739,6.292544510944812,0.7,0.0005626219406188,2.5268432905399068,-0.0487615048131294,0.1048685628372809,0.0052495813202727,0.0189978297997922,682.0
FR-004,development,neutral_full,ret_next_open_to_close,0.005370207015699,0.1138898485667502,0.5439882697947214,2.974248168474191,0.6,0.0001921438614489,0.9365234466166336,-0.0544994016053949,0.1150157847102489,-0.0019457647971335,0.0152002584892989,682.0
FR-004,development,neutral_full,ret_close_to_next_open,0.0171988051032312,0.4963139334779004,0.7067448680351907,12.961302751840051,0.8999999999999998,0.0003610940371796,4.214951480545921,-0.0092939226565453,0.4171717676267961,0.0135740339009015,0.0204409615675371,682.0
FR-004,development,raw_tradable,ret_close_to_close,0.0112750815446557,0.1353847580205076,0.5645161290322581,3.5355905170583743,0.7,0.0006644068869718,1.57450633613454,-0.1164295501326908,0.0255080432178502,0.0047081553106348,0.0191553930254807,682.0
FR-004,development,raw_tradable,ret_next_open_to_close,0.0039403418213921,0.0490465633401631,0.5205278592375366,1.2808573636739542,0.4999999999999999,0.0002446930991187,0.6273045171892606,-0.1252116115935199,-0.0265094616788226,-0.0004108984962508,0.0095808385294477,682.0
FR-004,development,raw_tradable,ret_close_to_next_open,0.0207794677136298,0.3916841563269796,0.6510263929618768,10.228882549554868,0.7,0.0004153420452932,3.0157517183736227,-0.0322751989332134,0.3245776555631007,0.0187256114481841,0.0226057498776411,682.0
FR-004,validation_2022,raw_full,ret_close_to_close,-0.0071280106837085,-0.0631651776972817,0.4958677685950413,-0.9826195606612256,0.0999999999999999,1.8977959419344618e-05,0.0408612615888089,-0.1441240254099597,-0.0633617182667758,0.0041307178163668,-0.0191565667735326,242.0
FR-004,validation_2022,raw_full,ret_next_open_to_close,-0.0033716592282976,-0.0300507156184549,0.5,-0.4674794254529957,0.4999999999999999,0.0001410094256791,0.3096457764782337,-0.0932418737668252,0.1229321243072435,0.0087296381829488,-0.0191609710886858,242.0
FR-004,validation_2022,raw_full,ret_close_to_next_open,-0.0117456362348308,-0.1860405651543393,0.4256198347107438,-2.894111994321044,-0.3,-0.0001183343240811,-1.042981651161375,-0.067953972932372,-0.0760416859771194,0.018782573968431,-0.0427826499414805,242.0
FR-004,validation_2022,neutral_full,ret_close_to_close,0.0008787807856495,0.0152195711038485,0.4958677685950413,0.2367609625542077,0.0999999999999999,0.0003587683763309,1.5553855332005468,-0.0383856449876609,0.265665272498015,0.0067741111776263,-0.0054196491203086,242.0
FR-004,validation_2022,neutral_full,ret_next_open_to_close,-0.0020509129608914,-0.0359064290477384,0.4752066115702479,-0.558572948292689,0.0,-4.28874138759982e-05,-0.195032548823041,-0.0572776737573818,0.2600148357808398,0.0045481071545858,-0.0106610630163236,242.0
FR-004,validation_2022,neutral_full,ret_close_to_next_open,0.0066315547113833,0.173387286099652,0.5537190082644629,2.697273166997111,0.6,0.0004046382246774,5.499024821855308,-0.0087835650212244,0.315602563357053,0.0190618098055319,-0.006005871301001,242.0
FR-004,validation_2022,raw_tradable,ret_close_to_close,-0.0018790408972148,-0.0157664814349285,0.4958677685950413,-0.2452688906379754,0.6,0.0001887661571453,0.3553496392244333,-0.1672243974506537,0.1209392637158309,0.016221983764236,-0.0228891588078274,242.0
FR-004,validation_2022,raw_tradable,ret_next_open_to_close,-0.0012181229370729,-0.0102831765595068,0.4669421487603306,-0.1599686853020488,0.4999999999999999,0.0001669593572606,0.3292574149414627,-0.1301372166191446,0.1891055518007354,0.0142354117784207,-0.020715573279051,242.0
FR-004,validation_2022,raw_tradable,ret_close_to_next_open,-0.0024758749816261,-0.0352218332537958,0.4669421487603306,-0.5479231370707791,0.0999999999999999,2.313320472191208e-05,0.1681529056721548,-0.052934684785545,-0.032478007571218,0.0327882256532523,-0.0304259399292705,242.0
FR-004,validation_2023,raw_full,ret_close_to_close,-0.0167966950254635,-0.1986715212419229,0.4132231404958678,-3.090603557773841,-1.0,-0.0009159619552665,-2.85142238845498,-0.2638654673063764,-0.2203387864612725,-0.0223598854634466,-0.010445796206881,242.0
FR-004,validation_2023,raw_full,ret_next_open_to_close,-0.0151259043514683,-0.1796999810097669,0.3884297520661157,-2.7954756533242007,-1.0,-0.0008633755288095,-2.75613119793177,-0.245429816363242,-0.146645433319837,-0.0166650561291149,-0.0135350163796151,242.0
FR-004,validation_2023,raw_full,ret_close_to_next_open,-0.0080891044168113,-0.2081315561828181,0.4214876033057851,-3.237767164627151,-0.3999999999999999,-5.395914198522071e-05,-0.9494684787398708,-0.0254050480752649,-0.140992224147352,-0.0091467522153888,-0.0073314985469082,242.0
FR-004,validation_2023,neutral_full,ret_close_to_close,-0.0074119720947394,-0.1322669887785197,0.4504132231404958,-2.0575914632331584,-0.8999999999999998,-0.000308220612751,-1.46094400858466,-0.1140408670855202,-0.1995948889796215,-0.0078976939615197,-0.0068574754503618,242.0
FR-004,validation_2023,neutral_full,ret_next_open_to_close,-0.0080580330051,-0.1428395653199615,0.4338842975206611,-2.222062155708638,-1.0,-0.00038593601074,-1.925031511898487,-0.1242422685621742,-0.1301865961233153,-0.0054898584683001,-0.0107125327364142,242.0
FR-004,validation_2023,neutral_full,ret_close_to_next_open,-0.0001561173561758,-0.0045989054458171,0.4958677685950413,-0.0715421789890066,0.0999999999999999,7.557296071632653e-05,1.2753886558053107,-0.0166964004710333,0.0227520383128623,0.0019286759637995,-0.0016494799470802,242.0
FR-004,validation_2023,raw_tradable,ret_close_to_close,-0.0102260287070314,-0.1071299328276065,0.4834710743801653,-1.6665506433501174,-0.8999999999999998,-0.0008766318164645,-2.1687780014129747,-0.2704950953967024,-0.148146824311612,-0.025167312418283,0.0054749812946226,242.0
FR-004,validation_2023,raw_tradable,ret_next_open_to_close,-0.0109893524886908,-0.1143472247717055,0.4504132231404958,-1.7788253570105783,-1.0,-0.0008586606409766,-2.1906359896848437,-0.2622568392892651,-0.0903330565164048,-0.0228176802400196,0.0016477498097374,242.0
FR-004,validation_2023,raw_tradable,ret_close_to_next_open,0.001036238312515,0.0208437779343722,0.5330578512396694,0.3242530879047053,-0.0999999999999999,-2.0641082748588737e-05,-0.2602344292461498,-0.0290044562987645,0.0825302911678715,-0.0093316995265368,0.007736606303739,242.0
FR-005,development,raw_full,ret_close_to_close,0.0131547282434069,0.1503681202091497,0.5739726027397261,4.062722886183639,0.6,0.0002375610847851,0.6766479645781216,-0.1822014961750255,0.25735634603813,-0.0200542955764027,0.0523116369264659,730.0
FR-005,development,raw_full,ret_next_open_to_close,0.0082646051876684,0.0966928477919743,0.5397260273972603,2.6124968850333588,-0.3,-6.444128666070071e-05,-0.1991659421668237,-0.2249001220491975,0.1561521690700294,-0.0233263858545495,0.0515483656416163,730.0
FR-005,development,raw_full,ret_close_to_next_open,0.0145246284254629,0.239619743435756,0.6054794520547945,6.474168954721433,0.7,0.0002857892637032,2.32812764610288,-0.0308707878119915,0.2156068783946332,-0.0150275842070736,0.0411524033495714,730.0
FR-005,development,neutral_full,ret_close_to_close,0.0116657018797429,0.2531894181382595,0.5986301369863014,6.84080137584399,0.3999999999999999,0.0003339084293732,1.6644965414424635,-0.0777953126909751,0.321875874748288,-0.00203900313805,0.0278249809305734,730.0
FR-005,development,neutral_full,ret_next_open_to_close,0.007581420548782,0.1667843667352351,0.5794520547945206,4.50626544277072,0.3999999999999999,0.0001003910263821,0.5302335758099895,-0.1116523556672554,0.2171422400032236,-0.0052969383087118,0.025226444697686,730.0
FR-005,development,neutral_full,ret_close_to_next_open,0.0104968014083593,0.2706857955912604,0.6027397260273972,7.313527463027518,0.7,0.0002198075210792,2.566592100753381,-0.0181664020558208,0.2870333544550895,-0.0022881755145872,0.0220165983233059,730.0
FR-005,development,raw_tradable,ret_close_to_close,0.0112672504691401,0.1241084609736843,0.5643835616438356,3.353225963492063,0.7,0.0002800786588593,0.6719831574763492,-0.2014743472204838,0.171004605612253,-0.0150864881322757,0.0433883725942702,730.0
FR-005,development,raw_tradable,ret_next_open_to_close,0.0065907654879078,0.0745167038847715,0.5315068493150685,2.0133304709438624,-0.0999999999999999,-2.0064838883864937e-05,-0.0527480096181475,-0.2560725035035291,0.096423789015011,-0.0209745354683711,0.0431103998758444,730.0
FR-005,development,raw_tradable,ret_close_to_next_open,0.0134637548852794,0.2120756535704266,0.5904109589041096,5.7299686274225134,0.7,0.0002837217284666,1.9377672489161568,-0.0402636436479466,0.2446405864626088,-0.010897922862224,0.0352943492304448,730.0
FR-005,validation_2022,raw_full,ret_close_to_close,0.0153175453251498,0.1347879574087365,0.5165289256198347,2.0968085315320257,0.3999999999999999,0.0002451387258667,0.5734252980730434,-0.1496435548835836,-0.0143181700689601,-0.0215111547023347,0.0546644470639154,242.0
FR-005,validation_2022,raw_full,ret_next_open_to_close,0.0108087806213438,0.0945294440878889,0.5041322314049587,1.4705330405994994,0.3,6.1550004983924755e-06,0.0146088792755569,-0.1570875631363605,-0.088297473998929,-0.0289896514628034,0.0627362586739932,242.0
FR-005,validation_2022,raw_full,ret_close_to_next_open,0.015723130581691,0.2663377723786102,0.6033057851239669,4.143243388570758,0.7999999999999999,0.0002199871385381,2.181355348049995,-0.0235754475378366,0.1362661360088377,-0.0109733895361963,0.0428645927015432,242.0
FR-005,validation_2022,neutral_full,ret_close_to_close,0.0112202132816745,0.1924368815086313,0.5785123966942148,2.993615325033198,0.8999999999999998,0.0001697882417717,0.7793813807160411,-0.0553195297580323,0.1554625861277034,-0.0030206236193723,0.0264347826203997,242.0
FR-005,validation_2022,neutral_full,ret_next_open_to_close,0.0067521956905532,0.1126124786372643,0.5537190082644629,1.751839040393966,-0.1999999999999999,-3.011410420340971e-05,-0.1400517935903028,-0.0784577792099688,-0.0119065910023188,-0.0089438988148751,0.027231861854779,242.0
FR-005,validation_2022,neutral_full,ret_close_to_next_open,0.0138636612753198,0.3515897074232384,0.628099173553719,5.469452258916054,0.8999999999999998,0.0001866258644642,2.4656804200655627,-0.0097204430737376,0.2881905504536954,0.0006124230548938,0.0273357534660863,242.0
FR-005,validation_2022,raw_tradable,ret_close_to_close,0.0157569573619483,0.133996749491944,0.5454545454545454,2.084500224899591,0.4999999999999999,0.0004505203371792,0.9095167054791504,-0.134444798718109,0.0045082580746388,-0.0190944794300129,0.0562095179240463,242.0
FR-005,validation_2022,raw_tradable,ret_next_open_to_close,0.0128531279488068,0.1094118509754478,0.5495867768595041,1.702048958872045,0.0999999999999999,0.0002945291404013,0.6160681136252272,-0.1242567071881969,-0.020241950900553,-0.0261979747841264,0.0621232108361526,242.0
FR-005,validation_2022,raw_tradable,ret_close_to_next_open,0.011351883781834,0.1766858653248622,0.5785123966942148,2.7485870172425098,0.7999999999999999,0.0001382807332172,1.1561460219167103,-0.0354013794239165,0.0399514650596397,-0.0137598889938996,0.0312552888707489,242.0
FR-005,validation_2023,raw_full,ret_close_to_close,0.0242779471127703,0.1936512090512492,0.5702479338842975,3.0125058283124653,0.8999999999999998,0.0003536718854969,0.917851481810379,-0.0718718157597939,0.0549541107213343,-0.0309457822422209,0.0873209655799726,242.0
FR-005,validation_2023,raw_full,ret_next_open_to_close,0.0153959262740437,0.1227140068675682,0.5206611570247934,1.9089819408578617,0.0999999999999999,5.416310477602779e-05,0.1430522178487724,-0.0893937163637359,-0.0459275160998176,-0.0410510282991919,0.0737402574715898,242.0
FR-005,validation_2023,raw_full,ret_close_to_next_open,0.0314641565039899,0.5429113940804898,0.7355371900826446,8.44571922343064,0.7999999999999999,0.0002928613636307,3.6335878693482258,-0.0127992327252558,0.439219267264746,0.0045221418478652,0.0507630464349729,242.0
FR-005,validation_2023,neutral_full,ret_close_to_close,0.0212545515330333,0.3535757803161521,0.6198347107438017,5.500348302347277,1.0,0.0005988004637359,3.343239919465581,-0.0322190414385134,0.2591544322634396,-0.0001991991904629,0.0457460014740156,242.0
FR-005,validation_2023,neutral_full,ret_next_open_to_close,0.015666568192909,0.2627884675829294,0.5950413223140496,4.088029163801233,0.7,0.0004332923682201,2.454003042244419,-0.0389223892052184,0.149660631281553,-0.0063593279210558,0.0384328305628055,242.0
FR-005,validation_2023,neutral_full,ret_close_to_next_open,0.0169906228470242,0.4535551084774816,0.6859504132231405,7.055661642617004,0.6,0.0001597975793964,2.7562874669350825,-0.0075610182176177,0.4560093308275539,0.0039840165237678,0.0263074117736121,242.0
FR-005,validation_2023,raw_tradable,ret_close_to_close,0.021302886733122,0.1674369696394683,0.5537190082644629,2.6047079663746717,0.7999999999999999,0.0004436283966998,1.0605287011689977,-0.0834361947744626,0.0986063369809402,-0.0386354369076923,0.0842889217455031,242.0
FR-005,validation_2023,raw_tradable,ret_next_open_to_close,0.0142871703242111,0.1125131664139551,0.5371900826446281,1.7502941047697194,0.3,0.0001478402744252,0.363734335211988,-0.1147322298304387,0.0116937106483463,-0.0498571641810653,0.0828174422315577,242.0
FR-005,validation_2023,raw_tradable,ret_close_to_next_open,0.0290211023394371,0.4629118684484044,0.7066115702479339,7.201218667975239,0.7,0.0002874750124255,3.132530151450811,-0.0099339124422837,0.3597309335995892,-0.0035195177071804,0.0500507547505165,242.0
FR-006,development,raw_full,ret_close_to_close,0.0107911323268609,0.1387056492700262,0.5835777126099707,3.622316022806973,0.8999999999999998,0.0004362393903644,1.3172832850780791,-0.1480300813427225,-0.0521830872615875,0.0073234876076539,0.0147838462779983,682.0
FR-006,development,raw_full,ret_next_open_to_close,0.003373676909831,0.0447826236107749,0.530791788856305,1.169504024546594,0.0999999999999999,-3.430540205644513e-05,-0.1126238735449459,-0.1361024892446172,-0.0215594170602148,5.637460215032717e-05,0.0078309456462681,682.0
FR-006,development,raw_full,ret_close_to_next_open,0.0167312382885746,0.3325069411693259,0.6524926686217009,8.683461899575713,0.3999999999999999,0.0004587537102885,4.045477970710157,-0.0361086308508544,0.3443473736185937,0.0278342550063337,0.0068002066688011,682.0
FR-006,development,neutral_full,ret_close_to_close,0.014455462779246,0.3089698164281205,0.6173020527859238,8.068786833855093,1.0,0.0005292285619156,2.5099963491916046,-0.0645090339844433,0.1593720891493846,0.0106355825277416,0.0188537476114198,682.0
FR-006,development,neutral_full,ret_next_open_to_close,0.0076387017137665,0.1682620557117195,0.5630498533724341,4.394185410923356,0.7,0.0001197250398405,0.6294455148970282,-0.1010027488162568,0.1519911596055387,0.0032355054579644,0.013555023830669,682.0
FR-006,development,neutral_full,ret_close_to_next_open,0.0160742842507317,0.4494972391401977,0.6744868035190615,11.738678706411475,0.7,0.0003949280365747,4.183848780973355,-0.0211651482797072,0.4203764919321112,0.0162741525692944,0.0158955131435728,682.0
FR-006,development,raw_tradable,ret_close_to_close,0.014007129321558,0.191567974148173,0.5953079178885631,5.002822494004593,0.7,0.0005202365054208,1.4567548409935875,-0.1761120618373426,0.097815576842377,0.010222220289165,0.0185490201604297,682.0
FR-006,development,raw_tradable,ret_next_open_to_close,0.0068439737442664,0.0964379567863447,0.5557184750733137,2.518489750867209,0.7,0.0001296024729892,0.3950911912530003,-0.1780128161997372,0.0416331062274211,0.00550719724565,0.0085768321683987,682.0
FR-006,development,raw_tradable,ret_close_to_next_open,0.0175726066950273,0.3498940547872764,0.6363636363636364,9.13752862706752,0.3999999999999999,0.0003780075827132,2.916809399575777,-0.0541034079787457,0.2896496669226496,0.0221864676394592,0.0134699768801723,682.0
FR-006,validation_2022,raw_full,ret_close_to_close,-0.0008760459435522,-0.0099550675568291,0.5082644628099173,-0.1548645070852893,-0.3999999999999999,-0.0001674935116932,-0.4584436385172434,-0.1547321183563176,-0.072551439496026,0.0011308326002182,-0.003020146951854,242.0
FR-006,validation_2022,raw_full,ret_next_open_to_close,0.0032450545533347,0.0369862435864577,0.5,0.5753709203132379,0.3,0.0001447590748268,0.4125553473037565,-0.1003145764624372,0.1440503908267875,0.0079979333952286,-0.0029563206975173,242.0
FR-006,validation_2022,raw_full,ret_close_to_next_open,-0.0132844542771947,-0.2391567627471558,0.3553719008264462,-3.7204061115129954,-0.3,-0.0003139529893469,-3.015638932874855,-0.0912571755014587,-0.2975717723033077,0.0071640442465558,-0.0340737611096746,242.0
FR-006,validation_2022,neutral_full,ret_close_to_close,0.0064494951946889,0.1523156800120381,0.5578512396694215,2.3694759047861536,0.0,0.0001555592402384,0.8752553008469306,-0.0517605308563325,0.154741320778577,0.0060319773225919,0.0068955612973566,242.0
FR-006,validation_2022,neutral_full,ret_next_open_to_close,0.0035602973409235,0.0846459369964032,0.5495867768595041,1.3167817531010124,-0.7,-0.0001327130711225,-0.8193095634492684,-0.088117615305098,0.1777720323919309,0.0041994312139861,0.0027263798113084,242.0
FR-006,validation_2022,neutral_full,ret_close_to_next_open,0.0070053854769146,0.199350151322436,0.5909090909090909,3.1011605642744953,0.0999999999999999,0.0002801772396344,3.722129234729519,-0.0151268084579332,0.0717964418859362,0.0141170901095718,-0.0002248475662867,242.0
FR-006,validation_2022,raw_tradable,ret_close_to_close,0.0047617594036921,0.0522691717347398,0.5247933884297521,0.8131174871740532,0.0999999999999999,0.0002832335222171,0.6777994522041005,-0.1216725065360061,0.1348235832573989,0.0081580485228971,0.0008196381046149,242.0
FR-006,validation_2022,raw_tradable,ret_next_open_to_close,0.0055331343534898,0.0610605339838409,0.4876033057851239,0.9498789881426032,0.3,0.000245309671015,0.6190282949524847,-0.1054221596228654,0.2527195866035723,0.0092551254054122,0.0008371643347092,242.0
FR-006,validation_2022,raw_tradable,ret_close_to_next_open,-0.0012871570530608,-0.0212194729691116,0.4834710743801653,-0.3300975310525969,0.0,3.243731747057329e-05,0.2663098060970605,-0.0433605693453588,-0.2442985143557406,0.0227099298714361,-0.0203070703932177,242.0
FR-006,validation_2023,raw_full,ret_close_to_close,-0.0029641066269555,-0.0405459815237295,0.5082644628099173,-0.6307474466764598,-0.7999999999999999,-0.0002720062634583,-1.1028857438723867,-0.108914332318618,-0.2121285883921299,-0.0247741605728657,0.021934096550234,242.0
FR-006,validation_2023,raw_full,ret_next_open_to_close,-0.0011583181340757,-0.016044061718318,0.4834710743801653,-0.2495870264535598,-0.6,-0.0001780490867333,-0.7512916525677946,-0.0868168642370767,-0.1699700136953184,-0.0217239449057143,0.0200985902097187,242.0
FR-006,validation_2023,raw_full,ret_close_to_next_open,-0.007771240609338,-0.2002197744832418,0.4297520661157025,-3.114688725824314,-0.3,-9.749501091394062e-05,-1.6513746985731583,-0.0394460276520479,-0.1413172501985228,-0.0067612128616454,-0.0084947356626497,242.0
FR-006,validation_2023,neutral_full,ret_close_to_close,0.0045827601860307,0.0940576734178331,0.5661157024793388,1.463194011320348,-0.0999999999999999,4.657257392922873e-06,0.0255345091833583,-0.0451367024048259,-0.1343809936732582,-0.0088813590722734,0.0199533034101126,242.0
FR-006,validation_2023,neutral_full,ret_next_open_to_close,0.0035457746561558,0.0734443683164165,0.5413223140495868,1.1425262392830124,-0.3999999999999999,-3.637741778262797e-05,-0.2142874408423341,-0.0490202343113983,-0.1215051315028054,-0.0090613131749853,0.0165766301454867,242.0
FR-006,validation_2023,neutral_full,ret_close_to_next_open,0.0012535789700496,0.0362409336928449,0.4958677685950413,0.5637766193563385,0.3,3.8671264071748155e-05,0.6834681674844383,-0.019157050020376,0.088267694466309,0.0046328790578917,-0.0011670544262059,242.0
FR-006,validation_2023,raw_tradable,ret_close_to_close,0.0006083312054785,0.0071464183943024,0.5,0.1111721799717666,-0.7999999999999999,-0.0002227308048274,-0.6761330417616357,-0.1166378764017647,-0.1620277306876078,-0.0303569078987553,0.0331480739929786,242.0
FR-006,validation_2023,raw_tradable,ret_next_open_to_close,-0.0003600776289714,-0.0042818707439702,0.4917355371900826,-0.0666102764629636,-0.4999999999999999,-0.0001412006691697,-0.452262569092038,-0.0910240106826854,-0.1040086136399694,-0.0298224547261086,0.0311168209790811,242.0
FR-006,validation_2023,raw_tradable,ret_close_to_next_open,0.0029996765047105,0.0577187121462693,0.5371900826446281,0.8978924407195912,0.0,-8.65794648173011e-05,-1.0296251860992385,-0.0604426940589249,0.1487543955802089,-0.0069978163367985,0.00946064126623,242.0
FR-008,development,raw_full,ret_close_to_close,-0.0086824696377868,-0.2117572791824244,0.4,-1.4973500807550528,-0.6,-0.0002980405810265,-1.1124182084858405,-0.0300539625020376,-0.815017457567054,-0.0007532081138884,-0.0227789345691618,50.0
FR-008,development,raw_full,ret_next_open_to_close,-0.0087226301327299,-0.2088166382455702,0.44,-1.4765566092802087,-0.6,-0.0004316721276407,-1.5615009390424404,-0.0412916140017363,-0.6729725504919091,0.000592835548701,-0.0285179947057708,50.0
FR-008,development,raw_full,ret_close_to_next_open,0.0020750509561992,0.0655863476915603,0.48,0.4637655120596096,0.0999999999999999,0.0001244800388494,1.6211026283544652,-0.0060779699322942,-0.2638924749028708,0.0123759215905026,-0.0082258196781042,50.0
FR-008,development,neutral_full,ret_close_to_close,0.0187047918187495,0.3919740943570601,0.66,2.771675401693329,0.6,0.0007040604455453,3.817596351440745,-0.0087891459790395,0.4613878856047932,0.0172481033421602,0.0212944602215751,50.0
FR-008,development,neutral_full,ret_next_open_to_close,0.0152731556841865,0.29041432517384,0.62,2.053539386841374,0.6,0.0003252042277048,1.711584513393767,-0.0088125706382329,0.4766575059199878,0.0138672895918043,0.0182606211304984,50.0
FR-008,development,neutral_full,ret_close_to_next_open,0.0131434168533597,0.304804848021243,0.62,2.15529574974356,1.0,0.0003649304288394,5.363034557830734,-0.0019658726370137,0.2628121956889491,-0.0071259855655834,0.0334128192723029,50.0
FR-008,development,raw_tradable,ret_close_to_close,-0.0037354761750416,-0.0955951966880826,0.42,-0.67596011827005,-0.7999999999999999,-0.00012995225163,-0.4412033158452864,-0.0307437252859423,-0.7280188239556892,0.0033444729717666,-0.0174789068717872,50.0
FR-008,development,raw_tradable,ret_next_open_to_close,-0.0046976561718414,-0.1195514041780683,0.52,-0.845356085946859,-0.7999999999999999,-0.000300887665647,-1.0255699771969615,-0.0292005708776108,-0.4333453183086507,0.0063649913560654,-0.0243645851103425,50.0
FR-008,development,raw_tradable,ret_close_to_next_open,0.0046505884661605,0.1199364015691891,0.54,0.8480784286068653,0.0999999999999999,0.0001552128435711,1.5063846712525726,-0.0064032674487694,-0.3342744685093755,0.0143007633508521,-0.004999586418531,50.0
FR-008,validation_2022,raw_full,ret_close_to_close,-0.0059961660373789,-0.1019724347713485,0.4421487603305785,-1.5863188026603157,-0.3999999999999999,-0.0001262995188678,-0.4794107575007697,-0.0793740989871026,-0.1918517354901279,0.0045004159193193,-0.0172104629996634,242.0
FR-008,validation_2022,raw_full,ret_next_open_to_close,-0.0021659220691402,-0.0373912643389981,0.4710743801652892,-0.581671564567375,-0.3999999999999999,5.9287960796089495e-05,0.2406793497050924,-0.0467826815190055,0.0556597435716769,0.0065031418878009,-0.0134769864701016,242.0
FR-008,validation_2022,raw_full,ret_close_to_next_open,-0.0111726401265687,-0.2570058552066694,0.3884297520661157,-3.998072826468246,-0.4999999999999999,-0.0001834503608651,-2.1905196651858283,-0.0517909491330472,-0.1512329282968074,0.0072518980220173,-0.0299042539109647,242.0
FR-008,validation_2022,neutral_full,ret_close_to_close,0.0028411138823349,0.0679756731801884,0.5413223140495868,1.0574533081514998,0.4999999999999999,0.0002340016529373,1.1255132617984327,-0.0358146695308161,0.1171910891404255,0.010251503191158,-0.0050759687125615,242.0
FR-008,validation_2022,neutral_full,ret_next_open_to_close,0.0011102896960079,0.0263265510649817,0.5206611570247934,0.4095450212326547,0.0999999999999999,0.0002548852019283,1.330130164943626,-0.0337386617543101,0.0689172699179953,0.0064476748956374,-0.0058537271835085,242.0
FR-008,validation_2022,neutral_full,ret_close_to_next_open,0.0051407938162089,0.1366022368784015,0.5578512396694215,2.125032096483314,0.0,-1.5713307796829277e-05,-0.2140858170555578,-0.0292177521055846,0.1154441423392318,0.0023541753124836,0.0079738559616629,242.0
FR-008,validation_2022,raw_tradable,ret_close_to_close,-0.0045785787967079,-0.0674351793838607,0.4462809917355372,-1.0490451979229023,-0.3999999999999999,-9.972025188361428e-05,-0.3071073546013739,-0.1130571600282561,-0.0415400523608718,0.0055078286292489,-0.0162860159875507,242.0
FR-008,validation_2022,raw_tradable,ret_next_open_to_close,-0.0009253052695216,-0.0137930724882984,0.4504132231404958,-0.2145698519772162,0.0999999999999999,8.616408509337364e-05,0.2808033431465918,-0.0629715299478137,0.0761054970504189,0.0057183057514525,-0.0093074313240218,242.0
FR-008,validation_2022,raw_tradable,ret_close_to_next_open,-0.0102733248040846,-0.2065118063479693,0.4214876033057851,-3.212569770602109,-0.6,-0.0001840152250745,-1.7243524972847504,-0.0637239420177364,-0.1249303684083028,0.0097375796782251,-0.0261338194678411,242.0
FR-008,validation_2023,raw_full,ret_close_to_close,-0.0083388745834967,-0.1214081526217149,0.4421487603305785,-1.8886676162232112,-0.8999999999999998,-0.0003813592660995,-1.4259082273284378,-0.1341714463503943,-0.1011439192974004,-0.0158244437700748,0.0002065982047208,242.0
FR-008,validation_2023,raw_full,ret_next_open_to_close,-0.0101033139104525,-0.1470593491221944,0.4545454545454545,-2.2877065860260397,-0.8999999999999998,-0.000566158820105,-2.1413664363639806,-0.1804698277240824,-0.1048414072468228,-0.0168142134643249,-0.0031668379009878,242.0
FR-008,validation_2023,raw_full,ret_close_to_next_open,0.0051800487510941,0.1534603952933021,0.5785123966942148,2.387283495420166,0.3,0.0001801733780404,3.086306981000685,-0.0068517873370421,0.182381692081217,0.0070572038237829,0.0038354199401609,242.0
FR-008,validation_2023,neutral_full,ret_close_to_close,-0.0058342564037733,-0.1339114294748054,0.4297520661157025,-2.0831729569204187,-0.6,-3.2960341401104696e-05,-0.2080142778825612,-0.046754911277224,-0.0526173047556996,-0.0009106593653466,-0.0114549999255171,242.0
FR-008,validation_2023,neutral_full,ret_next_open_to_close,-0.0071319985962597,-0.1568826612525602,0.4586776859504132,-2.440521459690102,-0.6,-0.000116280264878,-0.7288098923588688,-0.0735559061664525,-0.0720791725529275,-0.0029535059726426,-0.0114509447534438,242.0
FR-008,validation_2023,neutral_full,ret_close_to_next_open,0.0031114521984915,0.1024226484273094,0.5537190082644629,1.5933224835007953,0.3,8.08478989199195e-05,1.4435410861476323,-0.0112884395680382,0.1388696595551611,0.0116117552024526,-0.0029774173291684,242.0
FR-008,validation_2023,raw_tradable,ret_close_to_close,-0.0052426258397409,-0.0591738582823344,0.4793388429752066,-0.92052920212903,-0.4999999999999999,-0.0004148798514661,-1.110966474342215,-0.1587098742719494,-0.0197806041088051,-0.0216264935919088,0.0119743199337236,242.0
FR-008,validation_2023,raw_tradable,ret_next_open_to_close,-0.009266544081205,-0.1040615791241693,0.4710743801652892,-1.618818261712973,-0.6,-0.0006899593252065,-1.8795848828251192,-0.2253749015475987,-0.0750661950358657,-0.0273363790582346,0.0100388351677582,242.0
FR-008,validation_2023,raw_tradable,ret_close_to_next_open,0.0127386998991494,0.2908274493769091,0.640495867768595,4.524213355411195,0.0,0.00027067601399,3.1628679518882294,-0.007907391272732,0.257788025909995,0.0119998915469907,0.0132161610791159,242.0
FR-009,validation_2022,raw_full,ret_close_to_close,-0.0013074615760454,-0.043368916077792,0.5161290322580645,-0.2414679053924963,0.3,0.0003403688885865,1.0651840419416676,-0.0297043972890626,-0.0022052799505332,-0.011699555626897,0.0072507335246558,31.0
FR-009,validation_2022,raw_full,ret_next_open_to_close,-7.835751078570249e-06,-0.0002344225345932,0.4838709677419355,-0.0013052094339524,0.3,0.0006786201222706,1.9815990919760804,-0.0325571887876469,-0.2571574887927688,-0.0105776023882694,0.012826880879796,31.0
FR-009,validation_2022,raw_full,ret_close_to_next_open,-0.0037135497672049,-0.1378033843506572,0.5483870967741935,-0.7672567724649576,0.7,-0.0003465364050867,-2.4722309809582304,-0.0194913180336825,0.5087071130265601,0.0023493192173162,-0.0110756049626949,31.0
FR-009,validation_2022,neutral_full,ret_close_to_close,-0.0064505435424332,-0.0859297225939116,0.5806451612903226,-0.4784364471662511,-0.3999999999999999,-3.1098497716618577e-05,-0.1126161666839527,-0.0264278469005371,-0.0136421357522725,0.0060805504521165,-0.0167702680085331,31.0
FR-009,validation_2022,neutral_full,ret_next_open_to_close,-0.0073830935981216,-0.1049348953216995,0.5161290322580645,-0.5842527705894576,0.0,4.5725985582135856e-05,0.182387064115986,-0.0209589358554912,-0.0029929254196225,-0.0113517183932006,-0.0025640492040971,31.0
FR-009,validation_2022,neutral_full,ret_close_to_next_open,0.0009888705634185,0.0237908000060858,0.4193548387096774,0.1324615684371013,-0.3,-6.989106179744447e-05,-1.0367368262666803,-0.0057739813537879,-0.1424703177570193,4.918874141128352e-05,0.0021299127758559,31.0
FR-009,validation_2022,raw_tradable,ret_close_to_close,-0.007486993761732,-0.188364064931828,0.4516129032258064,-1.0487667279652322,0.4999999999999999,-0.0005863950737959,-1.202346483746559,-0.0617103065352598,-0.2778248793308727,-0.0069373353630608,-0.0081544361029755,31.0
FR-009,validation_2022,raw_tradable,ret_next_open_to_close,-0.004203163818888,-0.0967978350239356,0.4516129032258064,-0.5389475362453687,0.0999999999999999,0.00023232712859,0.4855060258554922,-0.0664811741910123,-0.3026006370104159,-0.0108764043586013,0.003900056836478,31.0
FR-009,validation_2022,raw_tradable,ret_close_to_next_open,-0.0137600539413951,-0.3725260135765908,0.3548387096774194,-2.0741370626188753,0.3,-0.0008432744854798,-4.085740312504931,-0.0335225896698301,-0.2232858210816667,0.0076766491655046,-0.0338569631041136,31.0
FR-009,validation_2023,raw_full,ret_close_to_close,-0.0126613487982165,-0.2004762129996226,0.4,-2.5751635824701617,-0.8999999999999998,-0.0004964743949066,-2.0696073084411153,-0.1050937173500648,-0.0985992940605695,-0.00814464011147,-0.0172331392982159,165.0
FR-009,validation_2023,raw_full,ret_next_open_to_close,-0.0162006012083883,-0.2627114648586197,0.3696969696969697,-3.3745898671907817,-0.8999999999999998,-0.0006588925680564,-2.864656138363926,-0.1328389341963187,-0.0151002025591484,-0.0090634199070669,-0.0227568491479742,165.0
FR-009,validation_2023,raw_full,ret_close_to_next_open,0.0067637211024711,0.1905766975108092,0.5575757575757576,2.448002003600256,0.6,0.0001640493779917,2.6292117684008134,-0.0051343617414989,0.2332603548088864,0.007292339260077,0.006477180418909,165.0
FR-009,validation_2023,neutral_full,ret_close_to_close,-0.005554221506412,-0.1072875177303406,0.4424242424242424,-1.3781331180338847,-0.6,-6.41734441315943e-05,-0.3360719062117495,-0.0630983940410666,-0.1860774609454311,0.0054445037659585,-0.0166870775747871,165.0
FR-009,validation_2023,neutral_full,ret_next_open_to_close,-0.007934687811867,-0.1557688594381272,0.4424242424242424,-2.0008872279961416,-0.6,-0.0002319460837734,-1.297037141972013,-0.0718874114542925,-0.0658338176062179,0.004085997874134,-0.0189769455931937,165.0
FR-009,validation_2023,neutral_full,ret_close_to_next_open,0.0068732898330403,0.1680629267987582,0.5818181818181818,2.1588073825812217,0.7,0.0001692761763807,2.6497446394847293,-0.0050670835326851,0.2961532559286615,0.0108254619507614,0.0047309909281074,165.0
FR-009,validation_2023,raw_tradable,ret_close_to_close,-0.0090946990541936,-0.1196188990745186,0.4666666666666667,-1.5365325794160636,-1.0,-0.0005444138277716,-1.767850954982546,-0.1439791363579062,-0.1184091700947493,-0.0074990382841749,-0.0105964974259759,165.0
FR-009,validation_2023,raw_tradable,ret_next_open_to_close,-0.0154043162182381,-0.2065153849663129,0.406060606060606,-2.652738150964854,-0.8999999999999998,-0.0008253398256442,-2.7990516438681845,-0.1894008984816671,0.0145206334613455,-0.0120687230430465,-0.0187805873589808,165.0
FR-009,validation_2023,raw_tradable,ret_close_to_next_open,0.0122362794933472,0.2752410275436346,0.5757575757575758,3.535535013988762,0.8999999999999998,0.0002824971714271,3.4409489274044343,-0.0068848379329662,0.2451215148916728,0.0098460577125859,0.0135319137296478,165.0
FR-010,development,raw_full,ret_close_to_close,-0.0004549805320158,-0.0090337580783491,0.4876712328767123,-0.2440787026007007,0.3999999999999999,7.67006911519635e-05,0.3200514415796992,-0.1178378876460228,0.1351160307766822,-0.0027807451695291,0.0022873389659476,730.0
FR-010,development,raw_full,ret_next_open_to_close,0.0048132364536701,0.0981530149677699,0.5397260273972603,2.651948429646056,1.0,0.0003303831839334,1.4667626045004152,-0.0577581663211815,0.1095059335925366,0.0022894974026332,0.0082710867119089,730.0
FR-010,development,raw_full,ret_close_to_next_open,-0.0108509136642907,-0.2834756179971138,0.3780821917808219,-7.6590894353805075,-0.0999999999999999,-0.0002470968364087,-2.7640948506708187,-0.1903639194862035,-0.2719931939302836,-0.0133603279579153,-0.008589826826806,730.0
FR-010,development,neutral_full,ret_close_to_close,-0.000821248285248,-0.022745568171171,0.4821917808219178,-0.6145514104966767,0.4999999999999999,8.509378389590514e-05,0.4501552652584554,-0.0800211873197343,0.0779820459527523,0.0005861784633203,-0.0024807514663957,730.0
FR-010,development,neutral_full,ret_next_open_to_close,0.0027120338894199,0.075372915417539,0.5191780821917809,2.036464032663929,0.8999999999999998,0.0002914691534389,1.6107685991709588,-0.0440079017054517,0.0859487085064809,0.0040824597332563,0.0008343725059817,730.0
FR-010,development,neutral_full,ret_close_to_next_open,-0.0076702336491237,-0.2215054612655275,0.4013698630136986,-5.98474800141422,0.0,-0.0001959982159262,-2.251848993801325,-0.148615969928637,-0.231855152315492,-0.0027809988840438,-0.012075637890576,730.0
FR-010,development,raw_tradable,ret_close_to_close,-0.001309117751651,-0.0239583869466261,0.4986301369863014,-0.6473199693439973,0.3999999999999999,9.478148036245038e-05,0.3244536633759619,-0.1518263821396762,-0.024316265651918,-0.0045816481753202,0.0026795895428514,730.0
FR-010,development,raw_tradable,ret_next_open_to_close,0.003531375755086,0.0660150733141474,0.541095890410959,1.783629061887798,0.8999999999999998,0.0002854289384828,1.0545887552833484,-0.1120542415136203,0.0025396921806758,-0.0006892246905243,0.0091229992753851,730.0
FR-010,development,raw_tradable,ret_close_to_next_open,-0.0116041139548925,-0.2620976962756614,0.3917808219178082,-7.081489797132836,-0.3,-0.0001842244305406,-1.6005327819686974,-0.1500806969290567,-0.2293226242048311,-0.011576408443232,-0.011628940971835,730.0
FR-010,validation_2022,raw_full,ret_close_to_close,0.0069246186736535,0.0722021261017493,0.5495867768595041,1.1232014856179304,0.7,0.0003149984597074,0.7789203249471381,-0.1269777398737387,-0.0663819012429761,-0.0140311848872251,0.0293132976916863,242.0
FR-010,validation_2022,raw_full,ret_next_open_to_close,0.0085962223507147,0.0894321380735035,0.5413223140495868,1.3912375683312914,0.3,0.0003350786323079,0.8354317572891744,-0.1109420849591504,-0.1293688762516032,-0.0119388593160884,0.0353896146207341,242.0
FR-010,validation_2022,raw_full,ret_close_to_next_open,-0.0019360864703392,-0.0391124221933064,0.4793388429752066,-0.6084464971534003,-0.3,-2.844641167541418e-05,-0.2794192324852931,-0.0613180559041304,-0.2483843379163765,-0.0209936945341598,0.017439148394545,242.0
FR-010,validation_2022,neutral_full,ret_close_to_close,0.0029098556406742,0.0571146323068378,0.5289256198347108,0.8884951638011084,0.7,0.0002629899755279,1.130743168369361,-0.0493561673923559,-0.0394429611338773,-0.0017028239620166,0.0078379321392755,242.0
FR-010,validation_2022,neutral_full,ret_next_open_to_close,0.0065421701225681,0.12637899263966,0.5330578512396694,1.965995739290624,0.4999999999999999,0.0004295177417649,1.897570117570682,-0.0355931873584677,-0.0580701661395786,0.003623885061713,0.0103498372972076,242.0
FR-010,validation_2022,neutral_full,ret_close_to_next_open,-0.0084860908329195,-0.2691757174569416,0.4008264462809917,-4.187391453180266,0.0,-0.0001662267967814,-2.302912285147773,-0.0541379297476238,-0.3974139859231421,-0.0134907937785321,-0.0033979761715468,242.0
FR-010,validation_2022,raw_tradable,ret_close_to_close,0.0058353271493181,0.0572662250190748,0.5247933884297521,0.8908533929667359,0.6,0.0001079152322666,0.2322992451255752,-0.1690471422690578,-0.1043847518961861,-0.0192181748877229,0.0349152848708837,242.0
FR-010,validation_2022,raw_tradable,ret_next_open_to_close,0.0075256192776388,0.0736919642409191,0.5371900826446281,1.1463779279416315,0.3,0.0002472765130912,0.5378212718712566,-0.1526032571867014,-0.1186008092176339,-0.0164758154152759,0.0378078032359893,242.0
FR-010,validation_2022,raw_tradable,ret_close_to_next_open,-0.0039396442936256,-0.065720939131025,0.5,-1.0223778779609152,-0.0999999999999999,-0.0001461737266983,-1.12936454148176,-0.0799215731269102,-0.1961422937984044,-0.0290004477363883,0.0159233628795269,242.0
FR-010,validation_2023,raw_full,ret_close_to_close,0.0141341500714896,0.1805761259950045,0.5785123966942148,2.809105270652211,0.8999999999999998,0.0005480689909629,1.940713785650729,-0.0438559406769997,0.1009212715223388,-0.0050458893842899,0.0360299473263177,242.0
FR-010,validation_2023,raw_full,ret_next_open_to_close,0.0132383281066548,0.1735756977643034,0.5785123966942148,2.700204164643163,1.0,0.0004906463674293,1.820306042219704,-0.0390328967394441,0.0509453520613968,-0.0070567313320137,0.0342155744172114,242.0
FR-010,validation_2023,raw_full,ret_close_to_next_open,0.0054558125014544,0.1306450893546809,0.5743801652892562,2.032360629451181,0.0999999999999999,5.922591711717904e-05,0.8573668646628045,-0.0133203512633016,0.0727806817059369,-0.0075701124334828,0.0147864395825087,242.0
FR-010,validation_2023,neutral_full,ret_close_to_close,0.0095397667437993,0.193114778618263,0.6074380165289256,3.0041609291828792,1.0,0.000547983608287,2.850531372234802,-0.0270448951174861,0.1713423423496323,0.0031753488993159,0.016805341097236,242.0
FR-010,validation_2023,neutral_full,ret_next_open_to_close,0.0096972757949964,0.2001183642719176,0.5950413223140496,3.113111153165918,1.0,0.0005106234820099,2.7432154451759674,-0.0237558858327572,0.1303386409607319,0.0027080020418842,0.0169214831196418,242.0
FR-010,validation_2023,neutral_full,ret_close_to_next_open,-6.030639563359646e-06,-0.0001727182186307,0.4917355371900826,-0.0026868649198213,0.0,3.981900216959928e-05,0.6499427709621709,-0.0115947990035318,-0.0393184449124435,-0.0113730821522235,0.0081363254085123,242.0
FR-010,validation_2023,raw_tradable,ret_close_to_close,0.0120019792050299,0.1493682533522688,0.5578512396694215,2.3236247064663504,0.8999999999999998,0.0007334045075896,2.2297797804870587,-0.0510370850908454,0.1552667909342527,-0.0050938738033495,0.0299671128748525,242.0
FR-010,validation_2023,raw_tradable,ret_next_open_to_close,0.0120504593687864,0.1515044392449113,0.5702479338842975,2.356855960138726,0.8999999999999998,0.0006537699664708,2.0654166284226347,-0.0491927747879126,0.1237569533300788,-0.0055789716701547,0.0308853215898774,242.0
FR-010,validation_2023,raw_tradable,ret_close_to_next_open,0.0019746997715812,0.0425169823838182,0.5041322314049587,0.6614090243021109,0.0999999999999999,8.287468518217083e-05,1.039188097988909,-0.0161345202627376,-0.0604688029271111,-0.0114681333635005,0.0106622449949334,242.0
FR-011,development,raw_full,ret_close_to_close,0.0051962330334054,0.0357276521678119,0.4931506849315068,0.9653080049806052,-0.7999999999999999,-0.0002467012562395,-0.3849565060329999,-0.4403791456890067,0.2364941241086183,-0.0238695826542296,0.0394678664561393,730.0
FR-011,development,raw_full,ret_next_open_to_close,0.0067424018758791,0.0466164694535529,0.4958904109589041,1.2595076473563958,-0.7999999999999999,-7.730132390576125e-05,-0.1272005207906385,-0.3035992712005859,0.1559501392730947,-0.0224007630007366,0.0466723225834501,730.0
FR-011,development,raw_full,ret_close_to_next_open,-0.0022309832229047,-0.0254590083213924,0.5123287671232877,-0.6878645262240038,-0.8999999999999998,-0.0001828995766648,-1.043878533327074,-0.2245824517182872,-0.0553868063841252,-0.0414878570670067,0.033141095813708,730.0
FR-011,development,neutral_full,ret_close_to_close,0.0033830461173567,0.0459683548129739,0.4904109589041096,1.2419965540509232,-1.0,-0.000256135328843,-0.8504673128144404,-0.3068015819615113,0.2409999183201456,-0.0047674151811335,0.0129932915290095,730.0
FR-011,development,neutral_full,ret_next_open_to_close,0.0049921780680347,0.0679908255471787,0.5054794520547945,1.837010947645232,0.0,-0.0001343511666358,-0.4749301760259316,-0.2014103158880696,0.1795067497568771,-0.0033371963872341,0.0164045028086953,730.0
FR-011,development,neutral_full,ret_close_to_next_open,-0.0045160737387804,-0.0937356339314305,0.4616438356164383,-2.5325973663464185,-0.7,-0.0001295430579706,-1.2902454917979462,-0.1500751672642765,-0.0893310208898176,-0.0183905284402687,0.0079853880495397,730.0
FR-011,development,raw_tradable,ret_close_to_close,-0.0002271483634771,-0.0016550955460202,0.4506849315068493,-0.0447182191563221,-0.4999999999999999,-0.0003090663004466,-0.4650508868630663,-0.4892974354849505,0.1670502392613111,-0.0178889401741129,0.021299838007541,730.0
FR-011,development,raw_tradable,ret_next_open_to_close,0.0013774002837276,0.0100339207348279,0.4643835616438356,0.271101609508964,-0.7999999999999999,-0.0001745825154044,-0.2760883806133093,-0.3436980784174299,0.1330371172001981,-0.0195670335774199,0.0291254400488149,730.0
FR-011,development,raw_tradable,ret_close_to_next_open,-0.0037077033398726,-0.0456981689303932,0.4890410958904109,-1.2346965334936586,-0.0999999999999999,-0.0001477552421796,-0.8025077482888302,-0.2020732009339594,0.0097977604932188,-0.0300095323750118,0.0198614681331741,730.0
FR-011,validation_2022,raw_full,ret_close_to_close,0.0270694251688286,0.1411122436321892,0.5495867768595041,2.195191336376922,1.0,0.0007215478629382,0.9238314401320764,-0.2240054288809061,-0.0264274933890166,-0.0212556735322849,0.0786988041230098,242.0
FR-011,validation_2022,raw_full,ret_next_open_to_close,0.0189399290712626,0.0989523796119744,0.5330578512396694,1.5393377700397974,0.3999999999999999,0.0002379283200977,0.308816111641247,-0.2531785346849592,-0.1373825396795063,-0.0327398203260715,0.0863696973325463,242.0
FR-011,validation_2022,raw_full,ret_close_to_next_open,0.0218860618210227,0.2479186314989085,0.5785123966942148,3.8567088013380744,0.7,0.0004574247923825,3.0555498898241,-0.021743456015642,0.0215591054986301,-0.0157271623722562,0.0601261730841898,242.0
FR-011,validation_2022,neutral_full,ret_close_to_close,0.016833151606654,0.1569936463313001,0.5743801652892562,2.4422479823294267,0.6,0.0003242102463341,0.7806808029684585,-0.109028590025503,0.0283365593159752,-0.0078487306372916,0.0432026839185617,242.0
FR-011,validation_2022,neutral_full,ret_next_open_to_close,0.0105820421060213,0.0981410125735644,0.5371900826446281,1.5267158610721967,-0.3,-1.853948563038415e-05,-0.0451443725725779,-0.1371216903599767,-0.1357925213200786,-0.015610673152592,0.0447572991577359,242.0
FR-011,validation_2022,neutral_full,ret_close_to_next_open,0.0146378475652237,0.2632833226750189,0.6074380165289256,4.0957273024103,1.0,0.0003210219746997,3.163983057298511,-0.0133799874282848,0.06651148587466,-0.0088394165898689,0.0385063994562347,242.0
FR-011,validation_2022,raw_tradable,ret_close_to_close,0.0205758861433967,0.1051914418186777,0.5371900826446281,1.6363948003210986,1.0,0.0005474687420581,0.6103952009860231,-0.2611451377391692,-0.0703709164498789,-0.026112344155594,0.0747675820261538,242.0
FR-011,validation_2022,raw_tradable,ret_next_open_to_close,0.0146150790031077,0.0751196016428011,0.5082644628099173,1.1685867538764494,0.3,0.0001739596820845,0.2004846138205174,-0.2923614936509425,-0.118898349679122,-0.0362935023678447,0.0788455321346832,242.0
FR-011,validation_2022,raw_tradable,ret_close_to_next_open,0.0148347095880575,0.1570232023692599,0.5909090909090909,2.4427077663764876,0.1999999999999999,0.0003469752200511,1.9867393233963888,-0.0333314514380541,-0.0830749747247713,-0.0273357755744871,0.0482587237539263,242.0
FR-011,validation_2023,raw_full,ret_close_to_close,0.0313261727389043,0.1833226930223998,0.5371900826446281,2.851831826393411,0.7,0.0004222850115007,0.7612664114884197,-0.1165521782703279,0.121679252760107,-0.0249779217743992,0.0956025284222332,242.0
FR-011,validation_2023,raw_full,ret_next_open_to_close,0.0187670752192037,0.108965343227347,0.5206611570247934,1.6951029284282888,-0.6,-0.0001470878774871,-0.2683266746362266,-0.1447884577906947,0.0085436229963737,-0.0433190774346822,0.0829401573740605,242.0
FR-011,validation_2023,raw_full,ret_close_to_next_open,0.0447416088633215,0.6115079567630122,0.7520661157024794,9.512831305486433,0.8999999999999998,0.0005602094248398,5.664448739627556,-0.0136065152953952,0.5379290821809989,0.0224768738916124,0.0606901069636237,242.0
FR-011,validation_2023,neutral_full,ret_close_to_close,0.0260320231644884,0.300807104146072,0.6157024793388429,4.679460349757062,0.7,0.0003651699323227,1.4476848573083798,-0.0423527194010446,0.2429366800935909,0.0034927153449593,0.051762737400942,242.0
FR-011,validation_2023,neutral_full,ret_next_open_to_close,0.019247234027396,0.2199037414131303,0.5909090909090909,3.4208993887533836,0.4999999999999999,0.0001675212769218,0.658768732528569,-0.0524929866441215,0.1595249189322913,-0.0070330043411324,0.0464108417528499,242.0
FR-011,validation_2023,neutral_full,ret_close_to_next_open,0.0231867360269676,0.5141159045167762,0.7107438016528925,7.9977665327926974,0.7,0.0001896519271449,2.868632363653267,-0.0113474184212226,0.5015098079388725,0.0111523558542209,0.0318071076400699,242.0
FR-011,validation_2023,raw_tradable,ret_close_to_close,0.025524015123929,0.14775605966104,0.5247933884297521,2.2985448584499606,0.4999999999999999,0.0004099575631636,0.661537494741123,-0.141070643359773,0.0939601396970399,-0.0362548673907814,0.0904441967495569,242.0
FR-011,validation_2023,raw_tradable,ret_next_open_to_close,0.0129196815900767,0.073825745537767,0.512396694214876,1.1484590765099665,-0.7999999999999999,-0.0002447481896705,-0.4032832136089597,-0.1843278467295135,-0.0260485531261247,-0.0544801887625963,0.0849280900865223,242.0
FR-011,validation_2023,raw_tradable,ret_close_to_next_open,0.0446201087097929,0.5604142693999539,0.7066115702479339,8.718000063661066,0.8999999999999998,0.0006466269389089,5.228501826267552,-0.0184469234220945,0.4609342311068891,0.0189583084610024,0.0612042653331609,242.0
HF-001,development,raw_full,ret_close_to_close,0.0117750360051706,0.2497804606115883,0.5958904109589042,6.748696415415066,0.0999999999999999,-0.000123235702192,-0.3411158652719825,-0.2701451528374934,0.1590201105325471,0.0060981335523211,0.0184686971062917,730.0
HF-001,development,raw_full,ret_next_open_to_close,0.0044242645883463,0.0941792785141757,0.5438356164383562,2.5445839829054577,-0.8999999999999998,-0.0002707709595922,-0.7789599320083433,-0.3714842152198472,0.0738744690503179,-0.0008802835096407,0.0116921843849391,730.0
HF-001,development,raw_full,ret_close_to_next_open,0.0234801172261341,0.5014230636904613,0.6917808219178082,13.54770514974886,0.0999999999999999,0.0001268032317193,0.9042845527934578,-0.0599652792766715,0.2534888666932853,0.0044310191910757,0.0406441482681398,730.0
HF-001,development,neutral_full,ret_close_to_close,0.0083235580125061,0.2444640879037078,0.5835616438356165,6.605055934695178,0.0,3.581433443167043e-05,0.1986772910161737,-0.0950563733498563,0.0831668624742236,0.0080681457107214,0.0086247158011776,730.0
HF-001,development,neutral_full,ret_next_open_to_close,0.0028923198001603,0.0883905050552496,0.5315068493150685,2.388179936743281,-0.3999999999999999,-2.877971331260324e-05,-0.1708308339489051,-0.1355652735153654,0.0386510796854178,0.0031861808607619,0.0024896919833621,730.0
HF-001,development,neutral_full,ret_close_to_next_open,0.0177901331805839,0.4688892151708377,0.673972602739726,12.66868896751249,0.3,5.154443011093574e-05,0.5879730898826279,-0.0330941693934444,0.2255675294536754,0.0090485737471117,0.0256666424617854,730.0
HF-001,development,raw_tradable,ret_close_to_close,0.0095275711525689,0.1873080088760327,0.5821917808219178,5.060783717769994,0.0999999999999999,-0.0001325672953788,-0.367962213026511,-0.2464853077044315,0.0806933209686254,0.0066150796971605,0.0130774467562735,730.0
HF-001,development,raw_tradable,ret_next_open_to_close,0.0041495307833463,0.0806084076031761,0.5273972602739726,2.177919242009089,-0.4999999999999999,-0.0001756253174867,-0.5145486230805112,-0.3166749067352008,0.0125385761395384,0.0010662292564879,0.008234414334853,730.0
HF-001,development,raw_tradable,ret_close_to_next_open,0.0200089001110016,0.3810863523883472,0.6520547945205479,10.296386250668656,0.0999999999999999,2.5424792366972676e-05,0.1676837604256634,-0.0701807811734949,0.170266885730917,0.0034979740374115,0.0348044052938291,730.0
HF-001,validation_2022,raw_full,ret_close_to_close,0.007426891552322,0.1205406658467425,0.5537190082644629,1.8751726890374127,-0.1999999999999999,0.0002068455468586,0.4743450063680578,-0.1240646467490317,-0.1036888175349135,-0.0068817523183476,0.0227139042346615,242.0
HF-001,validation_2022,raw_full,ret_next_open_to_close,0.0025851820659762,0.0421721256332651,0.512396694214876,0.6560443122713217,-0.4999999999999999,-0.0001601914868907,-0.3747977057873827,-0.1311635692701481,-0.2126910142797719,-0.0091039670124072,0.0178367384825336,242.0
HF-001,validation_2022,raw_full,ret_close_to_next_open,0.0184135311601007,0.4279728943937984,0.6942148760330579,6.657695787377559,0.3,0.00035433077672,3.247493081220804,-0.0206711817561164,0.2981905980985587,0.0077288713261313,0.0292762686579696,242.0
HF-001,validation_2022,neutral_full,ret_close_to_close,0.0035534195754043,0.1056902452650928,0.5702479338842975,1.6441543609087632,-0.6,-0.0001034797855128,-0.5326545807597337,-0.06820294918722,-0.1373125162218214,-0.0004761460874614,0.0078585110955601,242.0
HF-001,validation_2022,neutral_full,ret_next_open_to_close,0.0021171099935259,0.0617170766267988,0.5330578512396694,0.9600923947520228,-0.4999999999999999,-8.942813412634276e-05,-0.4846222960206875,-0.044440823401728,-0.1032508739788302,-0.0001657334052205,0.0050956770947476,242.0
HF-001,validation_2022,neutral_full,ret_close_to_next_open,0.007630482327612,0.2289600172920475,0.6157024793388429,3.561781978651512,-0.6,-1.9129063592851446e-05,-0.2700442052561481,-0.0292083245502731,0.1678685648956812,0.0052773863628476,0.0100227965584557,242.0
HF-001,validation_2022,raw_tradable,ret_close_to_close,0.0045377110909817,0.0653362677892839,0.5702479338842975,1.0163937962469023,-0.3999999999999999,4.677311853059553e-05,0.1025166911687285,-0.1379903353980366,-0.1912845554593311,-0.0084122187716331,0.0195688796815168,242.0
HF-001,validation_2022,raw_tradable,ret_next_open_to_close,0.0024204979781467,0.0354935690604599,0.5537190082644629,0.5521503541656145,-0.0999999999999999,-7.035920640999617e-05,-0.1605578615160707,-0.1252469146469373,-0.1756281755084198,-0.0067149536504689,0.0139465350796713,242.0
HF-001,validation_2022,raw_tradable,ret_close_to_next_open,0.0106863475216104,0.2237491887370683,0.6115702479338843,3.4807205101013334,-0.1999999999999999,0.0001061682481015,0.8500673165448397,-0.0378538820860535,-0.0152502854771993,0.0017522571607836,0.0177674413631547,242.0
HF-001,validation_2023,raw_full,ret_close_to_close,0.0065753142950299,0.1200127047887976,0.5619834710743802,1.8669595424633576,-0.6,0.0001223988818413,0.3942576000700482,-0.0790225741212853,-0.1029919747978096,-0.0040562184538816,0.0187121968136989,242.0
HF-001,validation_2023,raw_full,ret_next_open_to_close,-0.0021131772214456,-0.0382206785047863,0.512396694214876,-0.5945742209502772,-0.8999999999999998,-0.0003507668833677,-1.1538231885846584,-0.137443478053578,-0.2945064131655598,-0.0142492012626829,0.0104307804010097,242.0
HF-001,validation_2023,raw_full,ret_close_to_next_open,0.0294247349634021,0.7109382806884832,0.7644628099173554,11.059604144158495,0.4999999999999999,0.0004655596362443,5.153001413221121,-0.0090287227213905,0.6424103690525631,0.0159645484649982,0.0390664288381454,242.0
HF-001,validation_2023,neutral_full,ret_close_to_close,0.0042833048107443,0.1237880824810733,0.5619834710743802,1.925690636153825,0.3,0.0001670060575254,1.1280533081404192,-0.027117386351018,-0.146794706450141,-0.0006149848778901,0.0098751576411323,242.0
HF-001,validation_2023,neutral_full,ret_next_open_to_close,-0.0001715199062462,-0.0050199989624842,0.4917355371900826,-0.0780928567742855,0.0,4.341987947817265e-05,0.3046069960320641,-0.0323191999137547,-0.2469001350924132,-0.0061514673371294,0.0060094341609692,242.0
HF-001,validation_2023,neutral_full,ret_close_to_next_open,0.0153649503969634,0.478817852344099,0.6528925619834711,7.448657707605212,0.1999999999999999,0.0001201213589473,2.0055950849813375,-0.0070410445368048,0.4039939106966578,0.0117643981956642,0.0179440693496671,242.0
HF-001,validation_2023,raw_tradable,ret_close_to_close,0.0042211507236431,0.072501246044162,0.5330578512396694,1.1278546998906294,-0.6,3.918438847459026e-06,0.0122819975932723,-0.0723748754105481,-0.146601406631761,-0.0016586181992926,0.010399890947745,242.0
HF-001,validation_2023,raw_tradable,ret_next_open_to_close,-0.0020942019422002,-0.0356110894233979,0.4876033057851239,-0.5539785419679546,-0.7,-0.0003551220131768,-1.1583723185147308,-0.1183687854402845,-0.2828528131413411,-0.0110399124499069,0.0074631810788539,242.0
HF-001,validation_2023,raw_tradable,ret_close_to_next_open,0.0221313097124915,0.4486201542611608,0.6900826446280992,6.97889177161048,0.0999999999999999,0.0003534316341562,3.4826634356045125,-0.0078281999036646,0.2907483528146354,0.0081582836776904,0.0311614966057303,242.0
HF-002,development,raw_full,ret_close_to_close,-0.0314786220113354,-0.4079508531819845,0.3136986301369863,-11.022225092361962,-0.8999999999999998,-0.0006138068373428,-1.613065914722252,-0.513627731197949,-0.109156917802483,-0.0258596321717217,-0.03810399809088,730.0
HF-002,development,raw_full,ret_next_open_to_close,-0.0154060977416632,-0.2134345136167037,0.4205479452054794,-5.766683004123184,-0.3,-0.0004540226719131,-1.3711271283562283,-0.3967635094213877,-0.123124765880894,-0.0082447819912868,-0.0252180303606855,730.0
HF-002,development,raw_full,ret_close_to_next_open,-0.0537957135844128,-0.7288795616400835,0.2082191780821917,-19.693241308249576,-0.3999999999999999,-0.0001384143954342,-0.6345524364186153,-0.2340869508459392,-0.2245517068902061,-0.024527073284115,-0.0801679780216603,730.0
HF-002,development,neutral_full,ret_close_to_close,-0.0234394338387828,-0.3959096535842403,0.3410958904109589,-10.696889794462267,-0.7,-0.0004085779417994,-1.4398400783604874,-0.4227524290175939,-0.0334640425555336,-0.0291940474713783,-0.0166541431376626,730.0
HF-002,development,neutral_full,ret_next_open_to_close,-0.0111428562290981,-0.2076322449908174,0.4150684931506849,-5.609914338628229,-0.8999999999999998,-0.0005175276517439,-2.1386983220829787,-0.3907123846333609,-0.089422066310158,-0.0147991930214721,-0.0061331999746116,730.0
HF-002,development,neutral_full,ret_close_to_next_open,-0.041801687902031,-0.7409924909454626,0.2027397260273972,-20.02051463612811,0.0,0.0001269200191716,0.8147688808200754,-0.1303771474668064,-0.2030317120146854,-0.0305894360612035,-0.0519043939877765,730.0
HF-002,development,raw_tradable,ret_close_to_close,-0.0292097243131597,-0.3470193303993551,0.3397260273972602,-9.37594600238804,-0.8999999999999998,-0.0007295841611694,-1.6558285276849705,-0.594609506254797,-0.0572255266860975,-0.0269291435187552,-0.0319893987768563,730.0
HF-002,development,raw_tradable,ret_next_open_to_close,-0.0154506026234082,-0.1998596042027601,0.4164383561643835,-5.3999091488858655,-0.7,-0.0006825480417835,-1.811747758493533,-0.5563189979080699,-0.0312567608606982,-0.0125754892034015,-0.0192596700843089,730.0
HF-002,development,raw_tradable,ret_close_to_next_open,-0.0511231208005544,-0.6363635173439478,0.2273972602739726,-17.193595439309473,-0.3999999999999999,-2.7246824110545488e-05,-0.1075283022052457,-0.2229210795139432,-0.1300691393993295,-0.0237203158679273,-0.0756788810648565,730.0
HF-002,validation_2022,raw_full,ret_close_to_close,-0.0410630540953156,-0.5087449470147876,0.2892561983471074,-7.914214042428036,-1.0,-0.0016404937100348,-5.029956314618238,-0.4081143650453366,-0.3944222297173729,-0.0385597361306222,-0.0437375391003299,242.0
HF-002,validation_2022,raw_full,ret_next_open_to_close,-0.0145809557968387,-0.1889019574884607,0.4338842975206611,-2.9386248126290764,-0.3,-0.0002615831132497,-0.8308772143738089,-0.1260473889898083,0.0091871522757137,-0.0087884409094741,-0.0221388085546381,242.0
HF-002,validation_2022,raw_full,ret_close_to_next_open,-0.0863910531484191,-1.1736721381236157,0.0950413223140495,-18.2580536106523,-1.0,-0.001358118338318,-10.57623014344646,-0.330747128498837,-1.0337396934809362,-0.0661243682725463,-0.1069955161055564,242.0
HF-002,validation_2022,neutral_full,ret_close_to_close,-0.0230842936685875,-0.3986539439660533,0.3264462809917355,-6.201599956753482,-0.8999999999999998,-0.000786210423319,-3.0121397989076275,-0.2116329071238727,-0.2541329148299072,-0.036471965644363,-0.0087812253183999,242.0
HF-002,validation_2022,neutral_full,ret_next_open_to_close,-0.0075173423294298,-0.1389877113728873,0.4297520661157025,-2.16214137069408,-0.4999999999999999,-0.0001016488811623,-0.4173956860365771,-0.0985864996880534,0.0009086398913084,-0.0175963754359041,0.0056333961047319,242.0
HF-002,validation_2022,neutral_full,ret_close_to_next_open,-0.0524660779923068,-1.0173492921232092,0.1570247933884297,-15.826240832504412,-0.8999999999999998,-0.0006692539862284,-6.920665938109007,-0.1659835291235983,-0.8130709713157475,-0.0559997103315605,-0.0488735517807321,242.0
HF-002,validation_2022,raw_tradable,ret_close_to_close,-0.0376272810040151,-0.4221511704873642,0.2975206611570248,-6.5671310174239785,-0.8999999999999998,-0.0020322721372144,-4.969263634184555,-0.5017650377408064,-0.2972942321482471,-0.0449975998017734,-0.0290724466851886,242.0
HF-002,validation_2022,raw_tradable,ret_next_open_to_close,-0.0150891278593707,-0.1797493879966912,0.4297520661157025,-2.796244245665028,-0.3999999999999999,-0.0007194219714746,-1.883249873624612,-0.2419972427289004,-0.046620300887782,-0.0217268802140228,-0.0067143935801368,242.0
HF-002,validation_2022,raw_tradable,ret_close_to_next_open,-0.0789320009644117,-1.048084223006703,0.140495867768595,-16.30436414953881,-1.0,-0.0012956494172022,-8.609621337622404,-0.3138722847401086,-0.8495727613722357,-0.0635513599290163,-0.0911225831183917,242.0
HF-002,validation_2023,raw_full,ret_close_to_close,-0.0397896904775013,-0.3540194203031855,0.359504132231405,-5.507249720898486,-0.8999999999999998,-0.0008230705079382,-2.0564393896742548,-0.2240897219402303,-0.1215779912098985,-0.0056622469178144,-0.07874933843502,242.0
HF-002,validation_2023,raw_full,ret_next_open_to_close,-0.0107356580049743,-0.0959304928923996,0.4586776859504132,-1.4923282450292414,0.8999999999999998,0.0005381298611429,1.3934344500645153,-0.1164502831728224,0.0816453993014715,0.0264049543468868,-0.0491246943014358,242.0
HF-002,validation_2023,raw_full,ret_close_to_next_open,-0.0966702881312986,-1.3097916606548945,0.0826446280991735,-20.37557643419463,-1.0,-0.0013523731257778,-12.35099080554586,-0.3273902135768178,-1.1233192835943857,-0.0597028572441476,-0.1231505045823785,242.0
HF-002,validation_2023,neutral_full,ret_close_to_close,-0.022832773778138,-0.4495940612480312,0.3305785123966942,-6.994042208773022,-0.7,-0.0004958339526043,-2.7848068429013315,-0.1206747020185039,-0.1838139060674385,-0.0185255404348466,-0.0277498808691521,242.0
HF-002,validation_2023,neutral_full,ret_next_open_to_close,-0.0064334867444974,-0.1309580628776571,0.4338842975206611,-2.037229354860604,0.3,7.00079893228251e-05,0.410196011994714,-0.0528055750289328,0.0107379024013281,0.0008657946901819,-0.0139781221769811,242.0
HF-002,validation_2023,neutral_full,ret_close_to_next_open,-0.0508409307898606,-1.1282265030364176,0.1157024793388429,-17.551085442251587,-1.0,-0.0005597885000766,-9.119923966586995,-0.1342741456574201,-1.099383498682614,-0.0438016745353661,-0.0558832349154205,242.0
HF-002,validation_2023,raw_tradable,ret_close_to_close,-0.0321051056015698,-0.2924868019364213,0.359504132231405,-4.550026823249822,-0.7,-0.0006414056913939,-1.4395206577836577,-0.2036312053986577,-0.0539633967439797,-0.0015362425784211,-0.0642283175919973,242.0
HF-002,validation_2023,raw_tradable,ret_next_open_to_close,-0.0080451383430156,-0.0736257141655128,0.4504132231404958,-1.1453473186350045,0.8999999999999998,0.0005473368219327,1.2879249517484042,-0.1006988436465755,0.1058692109677167,0.0306140623321614,-0.0493477031669227,242.0
HF-002,validation_2023,raw_tradable,ret_close_to_next_open,-0.0832253975577651,-1.108237501029414,0.140495867768595,-17.240129547148907,-1.0,-0.0011812439078578,-10.4238332858494,-0.2868037302091414,-1.0292667453363304,-0.0458719490909291,-0.1073653812608224,242.0
OB-001,development,raw_full,ret_close_to_close,-0.0055527137399747,-0.0545619510956643,0.4917808219178082,-1.4741827398178755,0.8999999999999998,0.0006717213109475,1.5821011212735008,-0.1010693313423569,-0.2988828465910228,0.0175361859424114,-0.0327769387386091,730.0
OB-001,development,raw_full,ret_next_open_to_close,-0.0120755348348574,-0.120615116630052,0.4465753424657534,-3.258840996821902,-1.0,-0.0005270038712472,-1.3201312838418704,-0.3811033797576444,-0.272225860125823,0.008784281395113,-0.0406561921369599,730.0
OB-001,development,raw_full,ret_close_to_next_open,0.0037590099223532,0.0528884750654063,0.5041095890410959,1.428967907324444,1.0,0.0012052114343784,7.559016045754186,-0.0242603439505277,0.0553370201235839,0.0287280198497486,-0.0187391083976436,730.0
OB-001,development,neutral_full,ret_close_to_close,0.0035594299995536,0.0629377099053007,0.5356164383561643,1.700483281167552,1.0,0.000870106773542,3.6002075246767102,-0.0511294836966784,-0.1388710149320239,0.0054361510851752,0.0013465797642685,730.0
OB-001,development,neutral_full,ret_next_open_to_close,-0.0067822848592619,-0.1214222644492751,0.4643835616438356,-3.280648930000357,-1.0,-0.000645266672115,-2.9192673914537703,-0.5273848472934761,-0.2578266490483537,-0.0059816277752297,-0.0078792890458256,730.0
OB-001,development,neutral_full,ret_close_to_next_open,0.0153044990723749,0.3413235390275556,0.6328767123287671,9.22205419387869,1.0,0.0015161776889756,11.720563666962343,-0.0069343956101019,0.2949553890559943,0.0131389295096158,0.017255767480486,730.0
OB-001,development,raw_tradable,ret_close_to_close,0.0008328405173204,0.0089226212327216,0.5054794520547945,0.241075950384332,1.0,0.0007290995616015,1.695841699384698,-0.1204176355386326,-0.1686744085176181,0.0132724490855234,-0.014329113998939,730.0
OB-001,development,raw_tradable,ret_next_open_to_close,-0.0084150631535373,-0.0905899310703766,0.4753424657534246,-2.4476051553048706,-1.0,-0.0004943445640033,-1.2224835430682857,-0.35985508953659,-0.2597333150484041,0.0036854296226435,-0.0244462892519171,730.0
OB-001,development,raw_tradable,ret_close_to_next_open,0.0104432106015554,0.154770550424669,0.547945205479452,4.181670000548964,1.0,0.0012270606213985,7.534079669015388,-0.0179547711112794,0.1491918615334077,0.026160380374634,-0.0036410064678267,730.0
OB-001,validation_2022,raw_full,ret_close_to_close,-0.023574248489991,-0.2176248842556294,0.3884297520661157,-3.3854486910660486,-0.6,-0.0004083447309746,-0.987962983789718,-0.1390274470814546,-0.1528898795500811,0.0129125020852905,-0.0625558196174286,242.0
OB-001,validation_2022,raw_full,ret_next_open_to_close,-0.015578899512226,-0.1459778104296955,0.4214876033057851,-2.2708817924672453,-0.6,-0.0004451607760257,-1.105210888627925,-0.183428810485503,-0.0056849577406817,0.0215712261957389,-0.0640509682930947,242.0
OB-001,validation_2022,raw_full,ret_close_to_next_open,-0.0302815962137041,-0.4377252654085332,0.3388429752066115,-6.809407076275212,0.3999999999999999,4.465797543595876e-05,0.3707806878212047,-0.0485117196919003,-0.3482047797814043,-0.0002674380511373,-0.060795990345647,242.0
OB-001,validation_2022,neutral_full,ret_close_to_close,-0.0104990357546184,-0.1661011016909873,0.4256198347107438,-2.5839267381015767,0.0999999999999999,0.0002230637386505,0.9423145291859096,-0.0552957140862575,0.0411104677089784,0.0091926499981154,-0.0315371615588213,242.0
OB-001,validation_2022,neutral_full,ret_next_open_to_close,-0.0112819852664413,-0.1839807021796518,0.4173553719008264,-2.8620680466112773,-0.6,-0.0004701999443419,-2.029460370589179,-0.1641971765127511,0.0835741618917889,0.007520404365835,-0.0358146269771257,242.0
OB-001,validation_2022,neutral_full,ret_close_to_next_open,-0.004734483408089,-0.1097913002234613,0.4256198347107438,-1.7079518038725483,0.7,0.0006966756900435,7.840073176741535,-0.0053012451033156,0.0092854705395014,0.0063572376299407,-0.0160110664634194,242.0
OB-001,validation_2022,raw_tradable,ret_close_to_close,-0.0154198007932207,-0.1402123563804536,0.4173553719008264,-2.181192376060801,0.1999999999999999,7.173794274262525e-05,0.1566191002920831,-0.0946422939080138,-0.0593184388431336,0.0187698133647357,-0.0551041743694201,242.0
OB-001,validation_2022,raw_tradable,ret_next_open_to_close,-0.0093232852971535,-0.0864932838592491,0.4421487603305785,-1.3455197259672962,-0.3,-0.0001056415260604,-0.2372370943995778,-0.1464203780267593,0.0437043332489682,0.0247784323953054,-0.0523488169652093,242.0
OB-001,validation_2022,raw_tradable,ret_close_to_next_open,-0.0242140130375727,-0.3439694458130338,0.371900826446281,-5.3509088084182475,0.8999999999999998,0.0001822117337649,1.3053487702163218,-0.0371545468645892,-0.1956047990915217,0.002292272972533,-0.0452226989863232,242.0
OB-001,validation_2023,raw_full,ret_close_to_close,-0.0301469959859089,-0.2871138460188707,0.3925619834710744,-4.466443244834862,-1.0,-0.0005219413320962,-1.5871081899557418,-0.1784003968117432,-0.1922157235230606,0.0120534894588368,-0.0783227714051318,242.0
OB-001,validation_2023,raw_full,ret_next_open_to_close,-0.0239184565317261,-0.2254673271361033,0.4008264462809917,-3.507448470986775,-0.8999999999999998,-0.0003966213609224,-1.2281852299676246,-0.1567841515269673,-0.1205756607785142,0.0203442271413049,-0.069668961504691,242.0
OB-001,validation_2023,raw_full,ret_close_to_next_open,-0.0311390515323761,-0.5424136508770562,0.2727272727272727,-8.437976156353017,-0.6,-0.0001239381189687,-1.5798209116882769,-0.0380456062265768,-0.500079670271082,-0.0105133450403595,-0.0459134937713384,242.0
OB-001,validation_2023,neutral_full,ret_close_to_close,-0.0138793712052314,-0.2312537474790583,0.3925619834710744,-3.5974640463793595,-0.3,-1.0711915643581118e-05,-0.0527846943777553,-0.0569110984962979,-0.1321956328306734,0.0052833904326856,-0.0357554442255083,242.0
OB-001,validation_2023,neutral_full,ret_next_open_to_close,-0.0157512829407019,-0.2580547284112852,0.3925619834710744,-4.014389464291197,-0.8999999999999998,-0.0004173882507587,-2.091645514196876,-0.1297592254710442,-0.1631112776661336,0.0038551045912393,-0.0360167087090109,242.0
OB-001,validation_2023,neutral_full,ret_close_to_next_open,-0.0024823711930274,-0.0647838732428713,0.4628099173553719,-1.0078005537944097,0.7,0.0004094662226887,6.523995911190877,-0.0042264956099485,-0.0750223968862112,0.0053978631170823,-0.0081270780392762,242.0
OB-001,validation_2023,raw_tradable,ret_close_to_close,-0.0239421298671959,-0.2405683482579844,0.3884297520661157,-3.742365228625491,-0.7,-0.0006127078174824,-1.731710974799861,-0.1913596580847062,-0.1812953305381995,0.0133535360993225,-0.0631341856286222,242.0
OB-001,validation_2023,raw_tradable,ret_next_open_to_close,-0.0205192394167287,-0.2016651800108388,0.4132231404958678,-3.1371739589271384,-0.7,-0.0006048088332768,-1.7352103517034452,-0.1937773676353743,-0.1212008203784388,0.0182709039568028,-0.0619617002858864,242.0
OB-001,validation_2023,raw_tradable,ret_close_to_next_open,-0.0221605895641954,-0.3558769211762276,0.3553719008264462,-5.536145653093023,-0.0999999999999999,-6.019527808173881e-06,-0.0696284003298654,-0.0217365632424054,-0.3220568155629726,-0.002168018623002,-0.0350809585397965,242.0
OB-002,development,raw_full,ret_close_to_close,-0.0131543314768769,-0.1893388218544839,0.4082191780821917,-5.115653262947767,-0.6,-0.0003432667438226,-1.1849317713052916,-0.3000051506556782,0.087633451718753,-0.0312876075204415,0.0082266954998634,730.0
OB-002,development,raw_full,ret_next_open_to_close,-0.0142824122843999,-0.2247656826633398,0.4068493150684931,-6.072834332935121,-0.8999999999999998,-0.0004550589336803,-1.757448772781716,-0.3555893162608282,-0.0335063737985862,-0.0299315758820436,0.0071589742032807,730.0
OB-002,development,raw_full,ret_close_to_next_open,-0.0003192537877444,-0.0052552674695957,0.5054794520547945,-0.1419895080955054,0.4999999999999999,0.0001188558175231,0.8990718950217975,-0.0310991935690126,0.239192879482446,-0.0090104488733521,0.0075118751175166,730.0
OB-002,development,neutral_full,ret_close_to_close,-0.0141896171129008,-0.3055838881173052,0.3589041095890411,-8.256422000729463,-0.7,-0.0003132766007679,-1.5433081544200464,-0.2391032703732713,-0.0345536683733449,-0.0245954249312011,-0.0019200825211735,730.0
OB-002,development,neutral_full,ret_next_open_to_close,-0.0121823640837087,-0.2883120390342091,0.3753424657534246,-7.789762336041211,-0.8999999999999998,-0.0002703687097967,-1.54835650962139,-0.2160872635334444,-0.1042443439796838,-0.0205841153615493,-0.0006708736965374,730.0
OB-002,development,neutral_full,ret_close_to_next_open,-0.0067710998586656,-0.1519670100697208,0.4383561643835616,-4.105922511343508,0.0999999999999999,-3.910456027878834e-05,-0.3527387537171676,-0.0769809260150845,0.1439338937129281,-0.0077666643058279,-0.0058740548099204,730.0
OB-002,development,raw_tradable,ret_close_to_close,-0.0123918105540251,-0.1668185140663739,0.421917808219178,-4.507188052852741,-0.0999999999999999,-0.0002587074271873,-0.7612725659547092,-0.2772643614937858,0.0938181810891372,-0.0281708146078892,0.0068403494022043,730.0
OB-002,development,raw_tradable,ret_next_open_to_close,-0.0117830330375577,-0.1709805027977136,0.4191780821917808,-4.619638796051056,-0.7999999999999999,-0.0003010220701549,-0.9765737357790876,-0.2937542588967269,0.016056509997842,-0.0251815309570179,0.0059678431869499,730.0
OB-002,development,raw_tradable,ret_close_to_next_open,-0.0041948203475067,-0.0615300303956991,0.4917808219178082,-1.662449875202808,0.6,5.014710052041898e-05,0.3411624252093586,-0.0593017795002592,0.2876083405904504,-0.0076761092573629,-0.0010752237919213,730.0
OB-002,validation_2022,raw_full,ret_close_to_close,0.0014879338428797,0.0212015339813602,0.5578512396694215,0.3298184658950909,0.6,0.0001410939324077,0.4913024280937714,-0.065858263632867,0.1479229579813057,-0.0212962238213364,0.0258299826294354,242.0
OB-002,validation_2022,raw_full,ret_next_open_to_close,0.0037851676558418,0.0554499544915878,0.5082644628099173,0.862598854424719,0.8999999999999998,0.0002948975465959,1.0715876947946408,-0.0653471147458322,0.1717004067422247,-0.0161313377063394,0.029771465128402,242.0
OB-002,validation_2022,raw_full,ret_close_to_next_open,-0.0100740681573546,-0.1735328697296127,0.4504132231404958,-2.6995379167805607,0.0,-0.0001515502091174,-1.5880055246132536,-0.0418344392554735,-0.1166767239878602,-0.0280293786782468,0.0081804975388857,242.0
OB-002,validation_2022,neutral_full,ret_close_to_close,-0.0016160565004916,-0.0363157464173674,0.4876033057851239,-0.5649404322225751,0.3,4.4459001699246425e-06,0.0235244892223194,-0.041092142687771,-0.0263912013264346,-0.0172903455191981,0.0151299787759041,242.0
OB-002,validation_2022,neutral_full,ret_next_open_to_close,0.0035335063119501,0.082217298202551,0.5247933884297521,1.2790009999769287,1.0,0.0003571932464844,2.0311667235800894,-0.0284470847299954,0.1001071457342631,-0.0104390063595815,0.0217643085595675,242.0
OB-002,validation_2022,neutral_full,ret_close_to_next_open,-0.0177683198106858,-0.4051920853589729,0.3636363636363636,-6.303309567289859,-0.7,-0.0003503717202297,-4.867518410398325,-0.0844112385732358,-0.3959617993634353,-0.0295921737104965,-0.0057474016792115,242.0
OB-002,validation_2022,raw_tradable,ret_close_to_close,-0.0030818087846645,-0.0395770351989166,0.5,-0.6156741793050774,-0.0999999999999999,-1.5183762931905087e-05,-0.0444792184445854,-0.0904738641951967,0.2400019526936948,-0.0224695310586349,0.0194217974261939,242.0
OB-002,validation_2022,raw_tradable,ret_next_open_to_close,-0.0002018919063059,-0.0026528060995495,0.5041322314049587,-0.04126797800762,0.0999999999999999,0.0002074978811843,0.6186943614145093,-0.0861359515488375,0.1887334929425445,-0.0203820340084836,0.0252590350450396,242.0
OB-002,validation_2022,raw_tradable,ret_close_to_next_open,-0.0143591260590957,-0.2181347314333705,0.4462809917355372,-3.3933800517945376,-0.3,-0.0002167285437273,-1.9288164911371863,-0.0543529864718139,-0.1503372212473377,-0.0299580281551232,-0.0019955518052073,242.0
OB-002,validation_2023,raw_full,ret_close_to_close,-0.0042343870947287,-0.0550372132117297,0.4917355371900826,-0.8561781069517265,-0.7999999999999999,-0.0002286080856562,-0.9004651220261911,-0.0791574108330468,-0.0564484146166361,-0.0298095585027522,0.0249620475215105,242.0
OB-002,validation_2023,raw_full,ret_next_open_to_close,-0.0027432169851417,-0.0358502635943929,0.4834710743801653,-0.5576992188882501,-0.7,-0.0001788662470837,-0.7276182693641253,-0.0638209884567924,-0.0229661772993272,-0.03082229791031,0.0262796985929734,242.0
OB-002,validation_2023,raw_full,ret_close_to_next_open,-0.0066663338202981,-0.1210956421638031,0.4421487603305785,-1.8838060944156256,-0.0999999999999999,-5.174798301121643e-05,-0.7800190894294972,-0.0245905889005242,-0.0324518509537627,-0.0252266113281933,0.0066286167350027,242.0
OB-002,validation_2023,neutral_full,ret_close_to_close,-0.0040596469487094,-0.0900072068803354,0.512396694214876,-1.400183539496405,-0.1999999999999999,9.629315400454286e-06,0.0653166228136026,-0.0393580663262047,-0.1251153523834166,-0.0201183788690553,0.0142728877214199,242.0
OB-002,validation_2023,neutral_full,ret_next_open_to_close,0.0001909048607249,0.0043019989238219,0.5289256198347108,0.0669233974572183,0.0999999999999999,0.0002035050278241,1.454375610346296,-0.0277574711487762,-0.0400946267578067,-0.0160641107705169,0.0169923075720086,242.0
OB-002,validation_2023,neutral_full,ret_close_to_next_open,-0.0157371785332662,-0.3839447338563087,0.3636363636363636,-5.972778348034523,-0.4999999999999999,-0.000193679924654,-3.8151503089818903,-0.0480261263925394,-0.281534787354167,-0.0269746804968348,-0.0076876203891497,242.0
OB-002,validation_2023,raw_tradable,ret_close_to_close,-0.0070913449220359,-0.0862166725166176,0.4876033057851239,-1.3412166633324845,-0.7999999999999999,-0.0002657684354674,-0.8907955266607911,-0.1005879715795279,0.0041713109798132,-0.0337167487885917,0.0208878930394294,242.0
OB-002,validation_2023,raw_tradable,ret_next_open_to_close,-0.0048937918126659,-0.0604627787713596,0.5330578512396694,-0.9405800993294292,-0.6,-0.0001587750732409,-0.5542740111082523,-0.0724562402516527,0.0753056814721661,-0.0324484337122149,0.0245449281654846,242.0
OB-002,validation_2023,raw_tradable,ret_close_to_next_open,-0.012558535406687,-0.2055472140862236,0.4049586776859504,-3.197564236556179,0.0,-0.0001097431355758,-1.3524243342242366,-0.0343371312796205,-0.1276600564216561,-0.0297317806958875,-0.0014601796075437,242.0
PV-020,development,raw_full,ret_close_to_close,0.023645337660307793,0.18198303497184126,0.5875,4.883117243385104,-0.6,-0.0007898757940954556,-1.3197171985075478,-0.6660112959850006,-0.07940233417616252,0.04738138324047027,-0.004406352570793315,720.0
PV-020,development,raw_full,ret_next_open_to_close,0.019457862133650687,0.16990226016241622,0.5833333333333334,4.558956039048206,0.6,0.000544319636584015,1.097418114654481,-0.17428114148072876,0.02532864378219961,0.03869953092394943,-0.007023246399532728,720.0
PV-020,development,raw_full,ret_close_to_next_open,0.03590878418500133,0.28785217940856045,0.6486111111111111,7.7238844875480765,-0.6,-0.001359752192799979,-3.874835518615582,-0.9849140938283328,-0.1740740683627739,0.020658482260025927,0.04970667640283622,720.0
PV-020,development,neutral_full,ret_close_to_close,0.028023475548331157,0.2950374124506029,0.6486111111111111,7.916684521742291,-0.09999999999999999,-0.0001994669142112501,-0.4947492618192398,-0.40780526348848534,-0.002510372585216398,0.046488077656120716,0.006201673057307132,720.0
PV-020,development,neutral_full,ret_next_open_to_close,0.020168414520285935,0.2595888284622178,0.6152777777777778,6.965499199692615,0.7999999999999999,0.0006769397365732545,2.1780923691881138,-0.11515251671356153,0.09206179089865275,0.035034828442192106,-0.00029130364946612446,720.0
PV-020,development,neutral_full,ret_close_to_next_open,0.04324029064948934,0.4093639518444282,0.6875,10.984387486345103,-0.6,-0.0009001617710954563,-3.2897906058751536,-0.6546007548334055,-0.09872850371503206,0.02789331342274527,0.05712565099749588,720.0
PV-020,development,raw_tradable,ret_close_to_close,0.02394601558551245,0.17673574976654735,0.5819444444444445,4.7423178063887095,-0.6,-0.0007484984853767734,-1.1136052294346608,-0.6361037210292879,-0.07398771255053418,0.04394730291020749,-0.0005000022557815003,720.0
PV-020,development,raw_tradable,ret_next_open_to_close,0.02227112685498362,0.18381792715382772,0.5833333333333334,4.932352567188759,0.7,0.0007642111519103591,1.3450453744285442,-0.16083626045742516,-0.002133080004044282,0.04227425701418621,-0.004334978308227593,720.0
PV-020,development,raw_tradable,ret_close_to_next_open,0.033224618159467124,0.2424456301648467,0.6277777777777778,6.505498918756449,-0.6,-0.0015413944428370407,-3.926222468042425,-1.1154648967867007,-0.24639509938216222,0.014230473757455264,0.05040979642795405,720.0
PV-020,validation_2022,raw_full,ret_close_to_close,0.027075242276802407,0.1795515924837052,0.5826446280991735,2.7931672695975727,0.19999999999999998,-8.599812528113258e-05,-0.1481695098916926,-0.227781713293298,-0.171214764700483,0.04841625347018106,0.004275016642850847,242.0
PV-020,validation_2022,raw_full,ret_next_open_to_close,0.015810330073977148,0.11090611369798717,0.5661157024793388,1.7252942315596453,0.7,9.38622633133118e-05,0.17214841897572086,-0.15291188032521863,-0.1499637670203258,0.03891015063198953,-0.014329435796953288,242.0
PV-020,validation_2022,raw_full,ret_close_to_next_open,0.04339601511137681,0.3495726505335809,0.6239669421487604,5.4380742176123045,-0.3,-0.0001975374502987067,-0.9115760599403901,-0.10854203537318394,0.12231364848523384,0.0596082029360755,0.02691362415626646,242.0
PV-020,validation_2022,neutral_full,ret_close_to_close,0.0320036447159175,0.3555953916255778,0.6652892561983471,5.531766081096906,0.8999999999999998,0.0006375158513819022,1.863123336987392,-0.11143332101176251,0.012129903069679145,0.04998011931790664,0.012798009457382067,242.0
PV-020,validation_2022,neutral_full,ret_next_open_to_close,0.0179752398083627,0.2173092614440253,0.6198347107438017,3.380538752397634,0.7,0.0005134588112630996,1.61245985639044,-0.07513268634109456,-0.03138300279375586,0.03829560223347747,-0.008537994974882283,242.0
PV-020,validation_2022,neutral_full,ret_close_to_next_open,0.05214079292971604,0.5674312541853713,0.6900826446280992,8.827158729216599,0.49999999999999994,0.00010690847757582048,0.6835322922671725,-0.06629884864213109,0.2604451239059795,0.06557376362287895,0.03848393939166706,242.0
PV-020,validation_2022,raw_tradable,ret_close_to_close,0.02897145036005354,0.19148075765368758,0.5702479338842975,2.9787415284805285,0.19999999999999998,-2.667437744828871e-05,-0.042587527921590186,-0.22371140891448926,-0.23221100204820982,0.04612785120401856,0.00905777080902269,242.0
PV-020,validation_2022,raw_tradable,ret_next_open_to_close,0.018273872117256378,0.12804044909014398,0.5578512396694215,1.9918419359918578,0.8999999999999998,0.00022047818948851724,0.3712279192882844,-0.13640718427733634,-0.11172789233715731,0.03575426364971772,-0.0037808274797742846,242.0
PV-020,validation_2022,raw_tradable,ret_close_to_next_open,0.04607146331608521,0.3489625937723209,0.6363636363636364,5.428583961610801,-0.3,-0.0002654262590705994,-1.0755305434189506,-0.13025113524290846,0.10821304913953836,0.06057306772887091,0.034577599077803195,242.0
PV-020,validation_2023,raw_full,ret_close_to_close,0.030195758711572547,0.20444124182031226,0.5702479338842975,3.180359345797515,0.7,1.955542409643349e-05,0.03973116367736328,-0.16607171845715446,0.01669719390548715,0.048949495514836225,0.008786625546784815,242.0
PV-020,validation_2023,raw_full,ret_next_open_to_close,0.009870206108737336,0.06927655958037204,0.5330578512396694,1.077690351244209,-0.9999999999999999,-0.00034665289093175364,-0.7454754899209869,-0.23746339587876636,-0.06660462966524065,0.03175145635991618,-0.01274654835256517,242.0
PV-020,validation_2023,raw_full,ret_close_to_next_open,0.07388173443618189,0.7369424174482715,0.7479338842975206,11.464133575876966,0.8999999999999998,0.00036350569813153915,2.801701149920757,-0.013529356910941485,0.3515563325199126,0.07891832076947206,0.07027396692084636,242.0
PV-020,validation_2023,neutral_full,ret_close_to_close,0.027774951238381675,0.33452178974935587,0.640495867768595,5.203937771701461,0.7,0.0001455937061028539,0.5444568056606482,-0.06936938442432294,0.1277837936504021,0.04151018788267742,0.012094902325867057,242.0
PV-020,validation_2023,neutral_full,ret_next_open_to_close,0.006706455009984405,0.08828292007561135,0.5413223140495868,1.373359931865125,-0.49999999999999994,-0.0004008572361540435,-1.6495746347530014,-0.1493796657459451,-0.0008923473066271983,0.022799965049943947,-0.009928013350646048,242.0
PV-020,validation_2023,neutral_full,ret_close_to_next_open,0.07631847057647191,1.029015629446567,0.8347107438016529,16.007726449629445,0.9999999999999999,0.0005431917871951139,5.520603100650489,-0.013318976854331518,0.633455555614322,0.08001520477361058,0.07367045530050732,242.0
PV-020,validation_2023,raw_tradable,ret_close_to_close,0.03250670033277494,0.2147869108356816,0.5785123966942148,3.3413001855644575,0.6,3.800861848764511e-05,0.06694246606053691,-0.1844179653801014,-0.05819893104682833,0.05001219286667743,0.014111098009012998,242.0
PV-020,validation_2023,raw_tradable,ret_next_open_to_close,0.014112084113760448,0.09705384845334664,0.5785123966942148,1.5098035563954844,-0.7,-0.0002401438201705172,-0.4547535858003411,-0.24631064925078763,-0.1619068062882293,0.03160414981296797,-0.004576020265734774,242.0
PV-020,validation_2023,raw_tradable,ret_close_to_next_open,0.07084947729184539,0.6542246620790322,0.7355371900826446,10.177347289462347,0.7,0.0002693958832328225,1.697488478512363,-0.01952088245914746,0.2666021314196718,0.07261617989604166,0.06970773071090221,242.0
FR-012,development,raw_full,ret_close_to_close,0.0022545820245137606,0.03623948245412932,0.5266821345707656,0.7523512066595602,0.8999999999999998,0.00036434142824851387,1.09159131557455,-0.09963534365180823,-0.06208689586454714,0.012555798647889181,-0.009643323175484848,431.0
FR-012,development,raw_full,ret_next_open_to_close,0.0002883588391169546,0.004675447118355608,0.5406032482598608,0.09706480454350401,0.8999999999999998,0.00020522690244306275,0.6450308544952934,-0.09380421759616248,-0.13747421994293485,0.011751896639025894,-0.015100194620543416,431.0
FR-012,development,raw_full,ret_close_to_next_open,0.0042913914802550175,0.08871541067860927,0.5382830626450116,1.8417797869446346,0.8999999999999998,0.00015995917921861642,1.4525031403251238,-0.024976323349469053,0.058910120196777424,0.026225001083502637,-0.014347469899328797,431.0
FR-012,development,neutral_full,ret_close_to_close,0.00555955529014675,0.13921925663014478,0.5730858468677494,2.89026687532072,0.7,0.0002912620961680734,1.3221022394361857,-0.07461609782312363,0.14195560912062152,0.007972851909064126,0.0027721976952971806,431.0
FR-012,development,neutral_full,ret_next_open_to_close,0.002345999605825175,0.05834873447076748,0.5243619489559165,1.2113512062901475,0.19999999999999998,7.250861698601903e-05,0.34875193658667974,-0.060953523206233026,0.027615218599412187,0.005398098241218136,-0.0017511110623382024,431.0
FR-012,development,neutral_full,ret_close_to_next_open,0.008474113996425465,0.2535311815774588,0.5870069605568445,5.263444107599024,0.9999999999999999,0.00021682549011324537,2.7699852787616135,-0.020654530047315826,0.2635420210760202,0.01626327993072738,0.0018549944471045253,431.0
FR-012,development,raw_tradable,ret_close_to_close,0.0052305504770908595,0.08589270798447235,0.5591647331786543,1.7831789561887548,0.9999999999999999,0.000418773136874481,1.1250547523866827,-0.11778281824169404,0.1289174380431749,0.011457556747590584,-0.002520775036708273,431.0
FR-012,development,raw_tradable,ret_next_open_to_close,0.0029493674691318064,0.04848749314544898,0.5336426914153132,1.006626516315467,0.8999999999999998,0.0002619301106080721,0.7355320188837792,-0.1276714532377789,0.06745839183664815,0.012181358476591688,-0.008983471971361555,431.0
FR-012,development,raw_tradable,ret_close_to_next_open,0.005551512936927063,0.11115032713433186,0.5522041763341067,2.307540756023983,0.7,0.000160004597793139,1.258943088524442,-0.03851937087506998,0.0637474552768076,0.022877255261846408,-0.009034688934906747,431.0
FR-012,validation_2022,raw_full,ret_close_to_close,0.0033017020038522563,0.05227513841001209,0.5247933884297521,0.8132103068580679,0.19999999999999998,0.00012071923307340707,0.40092234944771266,-0.10558163123235498,-0.10686589791977733,0.0038554138499813525,0.002710129518671598,242.0
FR-012,validation_2022,raw_full,ret_next_open_to_close,0.0064491591223438385,0.10597171317409959,0.5082644628099173,1.6485329739859556,0.19999999999999998,0.00031642676812992563,1.1295992215512256,-0.07563125684954908,0.030940670644510428,0.01145342830092437,-8.022066304218587e-05,242.0
FR-012,validation_2022,raw_full,ret_close_to_next_open,-0.011636078797845421,-0.24308990827090235,0.4214876033057851,-3.781591496680159,-0.49999999999999994,-0.00019420724177551417,-1.9865830113670726,-0.057233194654145655,-0.25560921453648694,0.0010739776577740284,-0.02455796952772519,242.0
FR-012,validation_2022,neutral_full,ret_close_to_close,0.006814752306562509,0.1739674322444196,0.5578512396694215,2.7062981230040877,0.49999999999999994,0.00011454054084505646,0.5912300726369324,-0.06350146354813249,0.09877520105523115,0.00563126763989868,0.008079159001716175,242.0
FR-012,validation_2022,neutral_full,ret_next_open_to_close,0.005675190356178006,0.15532745288135333,0.5413223140495868,2.416328095210455,0.6,7.379893320252911e-05,0.41718323005338087,-0.0681795281985455,0.006570101433345445,0.007443530185832798,0.0033679279117712745,242.0
FR-012,validation_2022,neutral_full,ret_close_to_next_open,0.000419875259571795,0.01160650759213306,0.5165289256198347,0.18055488493438954,0.3,4.284887905244618e-05,0.5492062095322228,-0.018336282675010727,-0.07639491441350457,0.004920258028315397,-0.0041555138886508695,242.0
FR-012,validation_2022,raw_tradable,ret_close_to_close,0.006490865226971948,0.093852182038172,0.5247933884297521,1.4599973156636057,0.49999999999999994,0.00026908937572099574,0.7457091089779503,-0.10142032029868435,0.06122042016023863,0.009629337974523687,0.0028479950735636793,242.0
FR-012,validation_2022,raw_tradable,ret_next_open_to_close,0.005161494430690001,0.07845176853063392,0.5371900826446281,1.22042310552995,0.09999999999999999,0.0003036067820582161,0.9394093558250711,-0.08839452802554326,0.07771823177139357,0.008741499799002572,0.0006446652276788142,242.0
FR-012,validation_2022,raw_tradable,ret_close_to_next_open,-0.0009915929531013467,-0.017833944444560185,0.45454545454545453,-0.2774310671451586,-0.09999999999999999,-3.630269913874933e-05,-0.27444824805531937,-0.04808159893211987,-0.13491588921588124,0.015421018292528866,-0.014000107051489737,242.0
FR-012,validation_2023,raw_full,ret_close_to_close,0.0016130674580529668,0.025488433286845576,0.5082644628099173,0.39650696841688743,-0.3,-7.10003085255006e-05,-0.2854871738714932,-0.060802226790188985,-0.11483729121866386,-0.015037970125338522,0.020621774079800773,242.0
FR-012,validation_2023,raw_full,ret_next_open_to_close,0.004489323824760445,0.07292468749207123,0.5206611570247934,1.1344419029141741,0.3,0.00010852837550859003,0.4689238664678503,-0.051024556195944724,-0.07702947583195409,-0.01135336109818266,0.020864535972004158,242.0
FR-012,validation_2023,raw_full,ret_close_to_next_open,-0.011776445812966612,-0.30454589616397587,0.3760330578512397,-4.737622303921793,-0.7999999999999999,-0.00017945584130540367,-2.7928980646718027,-0.05284010630666389,-0.28778048859294925,-0.009364588281481817,-0.013504088441902526,242.0
FR-012,validation_2023,neutral_full,ret_close_to_close,0.0068123943320723725,0.1499749329097248,0.5537190082644629,2.3330624255062062,0.19999999999999998,0.0002038558441963865,1.1843151389069628,-0.024450295048357967,-0.04406522412163441,-0.006295985367003068,0.021776827793848767,242.0
FR-012,validation_2023,neutral_full,ret_next_open_to_close,0.0071383157442623055,0.16180981960018073,0.5619834710743802,2.5171700554409138,0.6,0.00019920345105227323,1.2473605883840373,-0.02320364462157182,-0.032932293084922994,-0.004706952272553517,0.01938174403055093,242.0
FR-012,validation_2023,neutral_full,ret_close_to_next_open,-0.0039815471720487695,-0.1142383137195869,0.45454545454545453,-1.7771310986535942,-0.19999999999999998,4.623036818330623e-06,0.08323601935139903,-0.021030641086571805,-0.0998645241629743,-0.004115711935076252,-0.0038854433347028437,242.0
FR-012,validation_2023,raw_tradable,ret_close_to_close,0.0020688286725708688,0.027669906320525916,0.5,0.4304427246688885,-0.09999999999999999,-0.00018824391675716697,-0.5855539976412983,-0.0809065364263449,-0.091741356870579,-0.02033193440701347,0.025608613603659503,242.0
FR-012,validation_2023,raw_tradable,ret_next_open_to_close,0.004212974146919301,0.057636738178308645,0.5206611570247934,0.8966172250498237,-0.09999999999999999,2.6103801386719067e-05,0.08653370866457033,-0.07975580252619979,-0.05636846852655883,-0.018041050029007147,0.027988641001541574,242.0
FR-012,validation_2023,raw_tradable,ret_close_to_next_open,-0.00800877481676197,-0.15974228880991068,0.39669421487603307,-2.485006824514451,-0.8999999999999998,-0.0002186500142022529,-2.4667150910104616,-0.07024400775419326,-0.10924284514398842,-0.014260213393513917,-0.003968729478044726,242.0
OB-003,development,raw_full,ret_close_to_close,0.0020100782700727122,0.046306961430831,0.5178082191780822,1.2511452010770865,0.7999999999999999,0.0004812094000927689,2.2763830294563157,-0.02933395180985096,0.17432786824300192,-0.007489668769182317,0.01321127254023909,730.0
OB-003,development,raw_full,ret_next_open_to_close,-0.0011467845528119675,-0.026369286441064895,0.4794520547945205,-0.7124588866804723,-0.19999999999999998,-6.874920039735312e-05,-0.35437368644329353,-0.05491745912540111,0.024318710691243764,-0.01003209448624317,0.01102724399234377,730.0
OB-003,development,raw_full,ret_close_to_next_open,0.006491821611132127,0.15658427782558468,0.5575342465753425,4.230674216407678,0.8999999999999998,0.0005605217919334561,5.034779375099649,-0.00682958922427751,0.32727920364371893,-0.0010901609205978173,0.01332350378815963,730.0
OB-003,development,neutral_full,ret_close_to_close,0.0011067058554452226,0.0324298648243015,0.5178082191780822,0.876206697498599,0.49999999999999994,0.0004105265682636705,2.204066932634476,-0.028717643985028157,0.09786978248310517,-0.003203895066833531,0.0061893547041022585,730.0
OB-003,development,neutral_full,ret_next_open_to_close,-0.0013498083560859121,-0.038673663707138976,0.4917808219178082,-1.0449048536153909,-0.09999999999999999,-0.00010538851495815918,-0.6189614278995756,-0.10795239730374259,-0.05152266705331161,-0.005910647345715939,0.004899133376459124,730.0
OB-003,development,neutral_full,ret_close_to_next_open,0.005630433258184367,0.1614846833583818,0.5547945205479452,4.363075882944335,0.8999999999999998,0.0005257932145224793,4.74691447703163,-0.006516535365685083,0.3031487721773033,0.002928470074686433,0.008065014668315317,730.0
OB-003,development,raw_tradable,ret_close_to_close,0.0012296763368223153,0.02395541012332733,0.5260273972602739,0.6472395400074642,0.7999999999999999,0.0006357654952740228,2.418658020378629,-0.039160923467549735,0.12616031273197387,-0.006581957192033953,0.010750846686583299,730.0
OB-003,development,raw_tradable,ret_next_open_to_close,-0.001524864721521293,-0.029506422183775805,0.5013698630136987,-0.7972196269307902,0.3,1.9761237654755927e-05,0.07973961412705388,-0.06521303160235332,0.01817378758318342,-0.009417815537035325,0.008932038269732965,730.0
OB-003,development,raw_tradable,ret_close_to_next_open,0.004503171851412122,0.09169978354659895,0.5232876712328767,2.477591717943044,0.8999999999999998,0.0006286149528660391,4.610078373411206,-0.012350253790974125,0.2030165190225316,0.0020409307313053403,0.00670959571228703,730.0
OB-003,validation_2022,raw_full,ret_close_to_close,0.0007999441305657226,0.018697657566736726,0.512396694214876,0.290867290070357,0.09999999999999999,0.0004171134129655505,2.1037203254128745,-0.024993862681592198,0.0755436946674719,-0.004458192435262146,0.006417611401749341,242.0
OB-003,validation_2022,raw_full,ret_next_open_to_close,0.0001514251818006323,0.0035327144198448114,0.49173553719008267,0.05495613908989085,0.49999999999999994,0.00014001503901739932,0.7231857631764281,-0.03426049700683657,-0.012574413649168663,-0.004255600323736834,0.005901544174739997,242.0
OB-003,validation_2022,raw_full,ret_close_to_next_open,-0.0005900489798363659,-0.015251589720142828,0.49173553719008267,-0.2372590553297367,0.49999999999999994,0.00028472037469578023,3.3756889657773996,-0.006535080691821623,0.052272899370315755,-0.006157180379965758,0.005069867943628516,242.0
OB-003,validation_2022,neutral_full,ret_close_to_close,-0.001935430927709142,-0.06069013116845447,0.5082644628099173,-0.9441168726069343,0.3,3.89253338704102e-05,0.23318300302309453,-0.05708161499317504,-0.0025154660436653847,-0.0038101377717931683,6.746099973105653e-05,242.0
OB-003,validation_2022,neutral_full,ret_next_open_to_close,-0.0019226174764903955,-0.05940692356308165,0.4793388429752066,-0.9241548470194905,-0.09999999999999999,-9.431380833290265e-05,-0.5693306933397675,-0.06279894148270934,-0.06230827737723673,-0.004160651560737931,0.0009974841381944835,242.0
OB-003,validation_2022,neutral_full,ret_close_to_next_open,-0.0029088902165854305,-0.08851388813200202,0.4793388429752066,-1.376952951601174,0.3,0.00014099663325510992,1.9040443571473848,-0.008472560594642657,0.01846322986503481,-0.0066571910753623915,0.0009018823231711469,242.0
OB-003,validation_2022,raw_tradable,ret_close_to_close,-0.0008817315063335139,-0.01681508226975508,0.5,-0.26158129138137703,0.49999999999999994,0.000508842347709999,1.913850746100814,-0.0453288616017411,0.10018087062168954,-0.0028533019383532913,0.0014066984594037282,242.0
OB-003,validation_2022,raw_tradable,ret_next_open_to_close,0.0010133366105142432,0.019567727221113617,0.5289256198347108,0.3044023974300768,0.6,0.0002538424759173126,0.9977145739127546,-0.05074399308275687,0.14242529405687865,-0.0012726831824733443,0.0038975671904518576,242.0
OB-003,validation_2022,raw_tradable,ret_close_to_next_open,-0.005314624409651517,-0.1073480286914551,0.45867768595041325,-1.6699434187641913,0.19999999999999998,0.00026008806605519485,2.4131232642539193,-0.011072534685526996,-0.018086964343207057,-0.011684809890454482,-0.0002656625841262032,242.0
OB-003,validation_2023,raw_full,ret_close_to_close,-0.0019511889765794,-0.04220685658068492,0.512396694214876,-0.656584599016948,0.6,0.00015440337651875314,0.8439850393531984,-0.036799104872443006,-0.14670806631095965,-0.014950819263042129,0.012889096925665665,242.0
OB-003,validation_2023,raw_full,ret_next_open_to_close,-0.0034882887644505567,-0.07433849009329034,0.4669421487603306,-1.1564355098589607,-0.3,-2.7483135832926576e-05,-0.15448617526215092,-0.04470463457886031,-0.10563130470557484,-0.015719473189564605,0.009154027910247158,242.0
OB-003,validation_2023,raw_full,ret_close_to_next_open,0.003658983958993767,0.0964935539629244,0.5206611570247934,1.5010874196554258,0.7,0.00018461085880348092,2.990728113714585,-0.00879225532534339,0.26778763100031405,-0.0016296999770812441,0.007447332026678703,242.0
OB-003,validation_2023,neutral_full,ret_close_to_close,-0.0029902642302932544,-0.09407430401231309,0.47107438016528924,-1.4634527226552512,0.7,0.00012272267999079427,0.8441002454199883,-0.030358133910218355,-0.24895224995137638,-0.00881206076240513,0.0036558574745070285,242.0
OB-003,validation_2023,neutral_full,ret_next_open_to_close,-0.003283039995024662,-0.1017809996876018,0.4462809917355372,-1.5833407716510803,0.09999999999999999,5.532391150535118e-06,0.04166672034821331,-0.02953085717522578,-0.1148149249231897,-0.0083403153254851,0.0019442277835184784,242.0
OB-003,validation_2023,neutral_full,ret_close_to_next_open,0.0003275921075906925,0.009570342653162906,0.5206611570247934,0.1488795921432676,0.39999999999999997,0.00011983763511499774,2.0837664869429537,-0.012328730123649857,0.0992935967518171,-0.002901770085594454,0.002640823182141755,242.0
OB-003,validation_2023,raw_tradable,ret_close_to_close,-0.0062150211906249085,-0.10894335699938273,0.45867768595041325,-1.69476090298879,0.3,2.8601694572850288e-05,0.11324001855441156,-0.05168711905767,-0.1013362005604296,-0.02159377025836041,0.009945698168690367,242.0
OB-003,validation_2023,raw_tradable,ret_next_open_to_close,-0.006440811433837398,-0.11359303506381,0.45867768595041325,-1.7670929185619888,-0.09999999999999999,-0.00012184455591521213,-0.5186653174347812,-0.06801710180984023,-0.04404824283511686,-0.021746149250195235,0.009911045207570543,242.0
OB-003,validation_2023,raw_tradable,ret_close_to_next_open,-0.0018420375807413417,-0.040444897290120595,0.47520661157024796,-0.6291749450412292,0.39999999999999997,0.00015404935082844847,1.7928459051293508,-0.01939746463251535,0.2351414715800407,-0.00563301216630351,0.0006079119813566572,242.0
