candidate,date,ric,plain_ic,stress
m_raw,2024-01-02,0.16255465458202753,0.18406202240918532,False
m_raw,2024-01-03,0.02349093362857151,0.04239054876055449,False
m_raw,2024-01-04,0.13066004432377043,0.2129539592561529,False
m_raw,2024-01-05,0.04167647138926908,0.06456489189441304,False
m_raw,2024-01-08,0.05845932149768687,0.06471107604098439,False
m_raw,2024-01-09,-0.014285237370848974,-0.02301059610059836,False
m_raw,2024-01-10,-0.1500184809603032,-0.12377255812616032,False
m_raw,2024-01-11,0.21274666014327168,0.20029278419368393,False
m_raw,2024-01-12,0.013482000313065044,0.041478365511148974,False
m_raw,2024-01-15,-0.019760738785351836,-0.007790065710352873,False
m_raw,2024-01-16,0.06671101563418605,0.15859453681454616,False
m_raw,2024-01-17,-0.0934065917367536,-0.078582396429756,False
m_raw,2024-01-18,0.15382206639622692,0.2368303037410819,False
m_raw,2024-01-19,0.022960352993164266,0.04644467150122721,False
m_raw,2024-01-22,0.05050157696954412,0.06710588107351337,False
m_raw,2024-01-23,0.10575371584839616,0.18777954808677916,False
m_raw,2024-01-24,0.07364923844126671,0.09314988060128973,False
m_raw,2024-01-25,0.22154285143891028,0.3413714060240299,False
m_raw,2024-01-26,0.10930849521461167,0.12001475761962889,False
m_raw,2024-01-29,0.025994907403457067,0.058480550305805415,False
m_raw,2024-01-30,0.08907644779094487,0.13923520755937446,False
m_raw,2024-01-31,-0.06300961307706646,-0.08184797934473285,False
m_raw,2024-02-01,-0.07222430031942462,0.0514978792458366,True
m_raw,2024-02-02,0.02166502150418361,0.08661828158642326,True
m_raw,2024-02-05,0.07914213766140005,0.04705749339812326,True
m_raw,2024-02-06,0.03920755744114537,0.05076085456258607,True
m_raw,2024-02-07,0.10479368197092753,0.05896036143276454,True
m_raw,2024-02-08,-0.0883737017507272,-0.08809204775212041,True
m_raw,2024-02-19,-0.05250719358148642,-0.11046314770157753,False
m_raw,2024-02-20,0.006521755813063592,-0.05848501963443746,False
m_raw,2024-02-21,0.035878110981977664,0.011818950967812138,False
m_raw,2024-02-22,0.049295907133957,-0.03304812915766316,False
m_raw,2024-02-23,0.021575438688818265,-0.07349273334617734,False
m_raw,2024-02-26,0.061611235170439684,-0.1076710574636012,False
m_raw,2024-02-27,-0.07966115128320932,0.11776750649868388,True
m_raw,2024-02-28,0.1966073363081236,0.20354205259594801,False
m_raw,2024-02-29,0.009248572469384117,-0.047285908517448946,False
m_raw,2024-03-01,-0.08383960295503462,-0.10871098112835084,False
m_raw,2024-03-04,-0.06901717088962364,0.04098880041698407,False
m_raw,2024-03-05,-0.005997544680524635,0.0420461374643656,False
m_raw,2024-03-06,-0.022152646319198253,0.11542490589734501,False
m_raw,2024-03-07,0.011809115485119002,0.002914438549955964,False
m_raw,2024-03-08,0.06001486671771742,-0.03116957893433179,False
m_raw,2024-03-11,-0.09865335087119749,-0.09146279176445031,False
m_raw,2024-03-12,-0.05305980261047948,-0.10424638903892512,False
m_raw,2024-03-13,0.10238184041487904,0.22875185965859085,False
m_raw,2024-03-14,0.06821261764045743,0.09233516488187224,False
m_raw,2024-03-15,-0.010714241384949353,-0.04581709898050516,False
m_raw,2024-03-18,0.04878740376457085,0.07500968749786063,False
m_raw,2024-03-19,-0.02623375997895405,-0.01444508992616497,False
m_raw,2024-03-20,0.08478792033902167,0.14630724096657788,False
m_raw,2024-03-21,-0.08270273157409054,-0.08851627385318629,False
m_raw,2024-03-22,0.08606035317298442,0.16930945247052104,True
m_raw,2024-03-25,-0.07215955061193004,-0.08258181240048311,False
m_raw,2024-03-26,-0.004665137616825788,0.13064031208896026,True
m_raw,2024-03-27,-0.08591551344227998,-0.04446687547150733,False
m_raw,2024-03-28,0.05581856386590626,0.09267998338689105,False
m_raw,2024-03-29,0.1074708703621682,0.10738584690052233,False
m_raw,2024-04-01,0.12128612238990952,0.23517457928562946,True
m_raw,2024-04-02,0.05683354135857321,0.10985900485119895,False
m_raw,2024-04-03,-0.056487836011355735,0.025922558500947348,False
m_raw,2024-04-08,0.15287706681577942,0.15479142249310093,False
m_raw,2024-04-09,0.06650141726473353,0.12661742776184975,False
m_raw,2024-04-10,0.01659932088194622,0.06181647660771241,False
m_raw,2024-04-11,0.0292915798821861,0.03516287347673685,False
m_raw,2024-04-12,-0.0788007221668645,-0.07773823383693586,True
m_raw,2024-04-15,-0.10571366591353808,-0.0974770373233575,True
m_raw,2024-04-16,-0.008061940141920966,0.009579928057442054,True
m_raw,2024-04-17,-0.11630495638008485,-0.09854585611755994,False
m_raw,2024-04-18,0.05143788208552478,0.08801387315826853,True
m_raw,2024-04-19,0.01454390999081707,-0.012988719465408527,True
m_raw,2024-04-22,0.009083626691428759,-0.06734503415560779,False
m_raw,2024-04-23,0.10401713448483796,0.013631208717248561,True
m_raw,2024-04-24,0.028338225099729965,0.04796560118584732,False
m_raw,2024-04-25,0.11319687791190847,0.05425539671818496,True
m_raw,2024-04-26,0.04006651549647492,0.04479031125764792,True
m_raw,2024-04-29,0.04761427132552312,0.1177956660224273,False
m_raw,2024-04-30,-0.06336744229746569,-0.059587386563270346,False
m_raw,2024-05-06,0.03913252576486955,-0.0007562528568420297,False
m_raw,2024-05-07,-0.022223888819100354,0.0482980946866838,False
m_raw,2024-05-08,-0.03868097542798308,-0.03215921467622374,False
m_raw,2024-05-09,0.0866090239631214,0.1751589126696217,False
m_raw,2024-05-10,-0.06817174623385372,-0.05965218528845127,True
m_raw,2024-05-13,0.001962623777812529,0.019861751118004117,False
m_raw,2024-05-14,0.09060427921974369,0.12358014710607493,False
m_raw,2024-05-15,0.09738825894587827,0.11096960758693222,False
m_raw,2024-05-16,0.04256001723086229,0.028024749265881048,False
m_raw,2024-05-17,-0.040523704734491434,-0.0019869468556495905,False
m_raw,2024-05-20,0.0861047265141449,0.12184378508573314,False
m_raw,2024-05-21,0.14130462822112388,0.13481870346315675,False
m_raw,2024-05-22,-0.028350792650662537,0.029487451533674693,False
m_raw,2024-05-23,0.11896306618043756,0.16871596431145316,False
m_raw,2024-05-24,-0.010854485832587576,-0.007957832892936802,False
m_raw,2024-05-27,-0.07907857712968086,-0.0953703957562091,False
m_raw,2024-05-28,0.01839432256430536,0.015977393890492936,False
m_raw,2024-05-29,0.02759008968224238,0.04536695460299111,False
m_raw,2024-05-30,0.02791762392612495,-0.013292445513143349,False
m_raw,2024-05-31,-0.19715515494876515,-0.1795961285015636,False
m_raw,2024-06-03,-0.07791871970519755,0.010062827811401375,False
m_raw,2024-06-04,0.046062962830448514,0.024447311680216997,False
m_raw,2024-06-05,0.027893600716025837,0.08650890539680313,False
m_raw,2024-06-06,0.24847198588424746,0.3086789992792846,False
m_raw,2024-06-07,-0.12042231634763005,-0.20295053254099368,True
m_raw,2024-06-11,0.028401808823451325,0.024243062044121265,False
m_raw,2024-06-12,-0.010575507115290457,-0.05832145189507553,False
m_raw,2024-06-13,0.035024849538913126,0.08053848579629969,False
m_raw,2024-06-14,-0.04560316837656785,-0.09647513970710796,False
m_raw,2024-06-17,0.014576753025647739,0.027149228660368636,False
m_raw,2024-06-18,0.04402418472206291,0.08360629817159128,False
m_raw,2024-06-19,0.09230097340727689,0.04582456359424999,False
m_raw,2024-06-20,0.06243962680267412,0.0639527218262695,False
m_raw,2024-06-21,-0.0113941716065148,0.036373309987813,False
m_raw,2024-06-24,0.13772113488382307,0.15004446350046283,False
m_raw,2024-06-25,0.18178514932360235,0.1594813499568575,False
m_raw,2024-06-26,0.008606740842281153,0.021086067909402654,False
m_raw,2024-06-27,0.004114157082220628,0.026435348006873454,False
m_raw,2024-06-28,0.09988987401786004,0.15767587012660386,False
m_raw,2024-07-01,0.1605686779145814,0.1942673436058154,False
m_raw,2024-07-02,0.08544769706369755,0.10692371129380467,False
m_raw,2024-07-03,0.01913499432951415,0.06248403995975099,False
m_raw,2024-07-04,0.06443944401170966,0.05440060928189275,False
m_raw,2024-07-05,0.0014981978758967691,0.03289101470066307,False
m_raw,2024-07-08,-0.1179929858563577,-0.12065798358346319,True
m_raw,2024-07-09,-0.08372355256008375,-0.16992451826090277,False
m_raw,2024-07-10,0.11815729222226175,0.11787851627965652,False
m_raw,2024-07-11,0.012534235593650668,0.038575318513266336,False
m_raw,2024-07-12,-0.02450352196949891,0.0725391140185859,False
m_raw,2024-07-15,-0.05514764921131684,-0.08143668216320386,False
m_raw,2024-07-16,0.13677396872205314,0.191969257933994,False
m_raw,2024-07-17,0.06228900990547959,0.06120856330113137,False
m_raw,2024-07-18,-0.03184289722531926,-0.07376713131283993,False
m_raw,2024-07-19,0.0003399741777651426,-0.012119227013415347,False
m_raw,2024-07-22,0.03583060387094533,0.1203413516215409,False
m_raw,2024-07-23,0.056490895667770824,0.08406819347859032,False
m_raw,2024-07-24,0.06044676125367098,0.048929979999828496,False
m_raw,2024-07-25,0.10163113962798649,0.0995520269300904,False
m_raw,2024-07-26,0.0479910937306705,0.11276879636548998,False
m_raw,2024-07-29,0.06486801896629084,0.04801331441603259,False
m_raw,2024-07-30,-0.03741814999914104,-0.12223902111405238,False
m_raw,2024-07-31,0.039823688381452595,0.0856271137853876,False
m_raw,2024-08-01,0.07325092001794675,0.11195334423838506,False
m_raw,2024-08-02,0.027011461500324106,0.04959114942157388,False
m_raw,2024-08-05,0.0017673505966058082,-0.01068104859475786,False
m_raw,2024-08-06,0.027636977030569363,0.03525261153526061,False
m_raw,2024-08-07,0.14128506763535648,0.21105843106959293,False
m_raw,2024-08-08,0.07621051592725625,0.14756981164321215,False
m_raw,2024-08-09,-0.00936304314738152,0.020633181048803764,False
m_raw,2024-08-12,0.10138092508820722,0.09892202343384661,False
m_raw,2024-08-13,0.04940885519543888,0.13814054512746574,False
m_raw,2024-08-14,0.021528913560247828,0.0189711867974005,False
m_raw,2024-08-15,-0.01668527154756038,-0.017055337508035312,False
m_raw,2024-08-16,0.047242895570813584,0.13183193659598505,False
m_raw,2024-08-19,0.011775661978153768,0.07523354644086203,False
m_raw,2024-08-20,-0.006535733757201999,-0.03436972935650759,False
m_raw,2024-08-21,0.06450597775832463,0.12773644875060633,False
m_raw,2024-08-22,0.010651659720962306,0.024002290184074616,False
m_raw,2024-08-23,0.09772764986024658,0.14156816062463948,False
m_raw,2024-08-26,0.07723210174370324,0.13028854094138861,False
m_raw,2024-08-27,0.0011706434480859783,-0.029322871341044016,False
m_raw,2024-08-28,-0.03068032939932228,-0.06804358605549607,False
m_raw,2024-08-29,-0.09720433940822294,-0.19852902688161278,False
m_raw,2024-08-30,0.04018539481598551,0.15558571843252597,False
m_raw,2024-09-02,-0.04142492637271144,-0.08780899436607464,False
m_raw,2024-09-03,-0.1606629400642608,-0.22064952715561764,False
m_raw,2024-09-04,0.08163345583767839,0.07954081053902741,False
m_raw,2024-09-05,0.04447751328406178,0.14176072820813604,False
m_raw,2024-09-06,0.012332630367514546,0.013886374374560157,False
m_raw,2024-09-09,-0.019004555109539457,-0.06754310354248431,False
m_raw,2024-09-10,-0.04962547774907625,-0.12261656718629814,False
m_raw,2024-09-11,0.17442522782177167,0.19635687618753517,False
m_raw,2024-09-12,0.13987905431619807,0.2124121511949062,False
m_raw,2024-09-13,-0.03311993904203842,-0.023425763990182508,False
m_raw,2024-09-18,0.16581180362715708,0.23216932526691317,False
m_raw,2024-09-19,0.04398923283106953,0.08180295600238849,False
m_raw,2024-09-20,-0.007027184734790833,0.011234795520880785,False
m_raw,2024-09-23,0.09796302277192494,0.03877261463703483,False
m_raw,2024-09-24,0.1033080758745156,0.1583707621608458,False
m_raw,2024-09-25,0.014104847616955112,-0.017260036800508884,False
m_raw,2024-09-26,-0.06388008165373489,-0.11406191858487615,True
m_raw,2024-09-27,0.1929359433491845,0.14620992214520562,True
m_raw,2024-09-30,-0.07809538804398333,-0.0978375182539336,True
m_raw,2024-10-08,0.0070509562355169815,0.05508577361996186,True
m_raw,2024-10-09,0.05183090873680663,0.12519494266369272,True
m_raw,2024-10-10,-0.015628527348569402,0.045076640791763205,True
m_raw,2024-10-11,-0.1113834101105299,-0.1195146937614736,True
m_raw,2024-10-14,-0.12348392941555732,-0.13855310532975026,True
m_raw,2024-10-15,0.019968534161926777,0.04509624823062377,True
m_raw,2024-10-16,0.07939770845316077,0.05333787998032161,False
m_raw,2024-10-17,-0.03489452286148678,-0.15168553747772737,True
m_raw,2024-10-18,-0.033338582070149274,-0.07768260826195873,True
m_raw,2024-10-21,0.02394672934429483,0.11207432830907904,True
m_raw,2024-10-22,0.10639440804854712,0.12229313064679541,True
m_raw,2024-10-23,0.054248859766361804,0.10169092050758424,False
m_raw,2024-10-24,0.0894575668118634,0.1114187173371654,True
m_raw,2024-10-25,0.041114328745407026,0.11151550590360242,True
m_raw,2024-10-28,-0.04114000665823793,-0.005297774920772171,True
m_raw,2024-10-29,0.012652763831920247,0.04209005329859778,True
m_raw,2024-10-30,0.06297502760973744,0.023531015755513893,True
m_raw,2024-10-31,0.12158469482492372,0.20452115577844696,True
m_raw,2024-11-01,0.08885650967470884,0.0633000128411288,True
m_raw,2024-11-04,0.02102213245240855,-0.07713716911256585,True
m_raw,2024-11-05,0.025294124838956204,0.03959359515139049,True
m_raw,2024-11-06,0.14202964207434404,0.22607905936492448,True
m_raw,2024-11-07,0.013200381261437827,0.013101446485085069,True
m_raw,2024-11-08,0.01842914356865367,-0.0976981986865845,True
m_raw,2024-11-11,-0.04987188630246853,0.11670936731491033,True
m_raw,2024-11-12,0.01707992500141918,0.04212938686108876,False
m_raw,2024-11-13,0.0436596377870631,0.21336447476901682,False
m_raw,2024-11-14,-0.006612163536793867,0.0373033004428974,True
m_raw,2024-11-15,0.11162256219866686,0.17657268543231514,True
m_raw,2024-11-18,-0.06404013226251795,-0.11057330546464468,False
m_raw,2024-11-19,0.006959798129044313,-0.06769759279540231,True
m_raw,2024-11-20,0.03446630877364386,0.037051631651259034,False
m_raw,2024-11-21,-0.005878447359816281,0.06320830958405188,True
m_raw,2024-11-22,0.07558746123406733,0.08047719528545752,True
m_raw,2024-11-25,0.056266950563803465,0.18572344952194603,True
m_raw,2024-11-26,-0.14685278152405087,-0.22625056850849842,True
m_raw,2024-11-27,0.10274072195174297,0.2023203075903958,False
m_raw,2024-11-28,-0.035969681904679904,-0.051098759862887214,False
m_raw,2024-11-29,0.06830260228541309,0.035681273971906444,False
m_raw,2024-12-02,0.09561410939833541,0.18483439233035107,False
m_raw,2024-12-03,0.0062562795460537,0.03351044966242749,False
m_raw,2024-12-04,0.04984951652333315,0.023353981699940515,False
m_raw,2024-12-05,0.17147168182217223,0.2841335923614351,False
m_raw,2024-12-06,0.008853640872271222,0.08057232763805743,False
m_raw,2024-12-09,-0.03559967507560762,-0.019816020960405578,False
m_raw,2024-12-10,0.029860924071314663,0.03621955381546103,False
m_raw,2024-12-11,-0.045496705051014115,0.025247515006281755,False
m_raw,2024-12-12,-0.037862753805558494,-0.034544476148334405,True
m_raw,2024-12-13,0.09817257074677481,0.17125203285985666,False
m_raw,2024-12-16,-0.03802958631956966,0.00634739961322987,False
m_raw,2024-12-17,-0.08890056937902714,-0.08505166673783476,True
m_raw,2024-12-18,-0.10355632766118669,-0.12563950626372952,True
m_raw,2024-12-19,-0.17707487571043598,-0.27009416767356126,True
m_raw,2024-12-20,0.040424205674625915,0.1315952942281358,True
m_raw,2024-12-23,-0.054097530224470426,-0.07313407780789326,False
m_raw,2024-12-24,-0.011272029799257668,0.053490414483588225,False
m_raw,2024-12-25,-0.1346699439334903,-0.18200143599844695,True
m_raw,2024-12-26,0.1671609439219716,0.3218746468337075,False
m_raw,2024-12-27,0.05979862707832175,0.07472757263071904,False
m_raw,2024-12-30,0.016719598516356453,0.11448924676510845,True
m_epoch6,2024-01-02,0.12146061398811824,0.14208786791159977,False
m_epoch6,2024-01-03,0.01426883432904807,0.0315353359165317,False
m_epoch6,2024-01-04,0.09634373345311814,0.17268777487703904,False
m_epoch6,2024-01-05,0.029263633009155476,0.05004302433708244,False
m_epoch6,2024-01-08,0.036713750286780096,0.04284284551149865,False
m_epoch6,2024-01-09,-0.05484669743973102,-0.063423056962914,False
m_epoch6,2024-01-10,-0.09335246084173723,-0.06807751406007471,False
m_epoch6,2024-01-11,0.2088890437264648,0.19849635884589195,False
m_epoch6,2024-01-12,0.03173319248864488,0.05892789587290739,False
m_epoch6,2024-01-15,-0.010406876344151024,0.00025483321305996696,False
m_epoch6,2024-01-16,0.03377091678071029,0.12024736156339794,False
m_epoch6,2024-01-17,-0.08082262538587133,-0.06478116385295125,False
m_epoch6,2024-01-18,0.13216280588133947,0.21082061446905678,False
m_epoch6,2024-01-19,0.028853107145885314,0.04876262067298937,False
m_epoch6,2024-01-22,0.055922927687636514,0.0691773494195982,False
m_epoch6,2024-01-23,0.06743350662309618,0.14035032427167768,False
m_epoch6,2024-01-24,0.045514394984023966,0.0632633060249067,False
m_epoch6,2024-01-25,0.1749944737686303,0.2929261393627457,False
m_epoch6,2024-01-26,0.05348193352651598,0.06351420747529236,False
m_epoch6,2024-01-29,-0.002197244889377139,0.02996274326625382,False
m_epoch6,2024-01-30,0.0285037303184919,0.07650767121696894,False
m_epoch6,2024-01-31,-0.02731231709632858,-0.044873532327787444,False
m_epoch6,2024-02-01,-0.061545999091385,0.032491500558548325,True
m_epoch6,2024-02-02,0.03526880423380052,0.09822297988207522,True
m_epoch6,2024-02-05,0.09267503741927571,0.06455178621277956,True
m_epoch6,2024-02-06,0.00024860429409888406,0.008594907900956838,True
m_epoch6,2024-02-07,0.07357536524691971,0.03533632324502715,True
m_epoch6,2024-02-08,-0.09130900859280876,-0.091117247171205,True
m_epoch6,2024-02-19,-0.043732239114306334,-0.09235184099813684,False
m_epoch6,2024-02-20,0.029276828938184087,-0.026116185498547214,False
m_epoch6,2024-02-21,0.023675034422420194,0.0016096394634635902,False
m_epoch6,2024-02-22,0.04919420175399361,-0.021238226856787213,False
m_epoch6,2024-02-23,0.030939193250789317,-0.05147890121464698,False
m_epoch6,2024-02-26,0.08322361069267223,-0.04631867643757692,False
m_epoch6,2024-02-27,-0.07742121205382252,0.07684852636999125,True
m_epoch6,2024-02-28,0.11363477083877352,0.12008075711104699,False
m_epoch6,2024-02-29,0.009389825643384067,-0.037099818934565626,False
m_epoch6,2024-03-01,-0.07094705818719543,-0.09340553354187943,False
m_epoch6,2024-03-04,-0.029561746115291367,0.07602565190594426,False
m_epoch6,2024-03-05,-0.004856446540432701,0.03910864276766557,False
m_epoch6,2024-03-06,-0.038979112534201776,0.08480878126787883,False
m_epoch6,2024-03-07,0.04136045631981704,0.032235225899726154,False
m_epoch6,2024-03-08,0.07283419797637836,-0.005432437474876105,False
m_epoch6,2024-03-11,-0.0728303480222722,-0.0673998650222646,False
m_epoch6,2024-03-12,-0.039142357952192834,-0.08449062953519837,False
m_epoch6,2024-03-13,0.09673450154210998,0.20327221284875366,False
m_epoch6,2024-03-14,0.03488516798987455,0.05624556419511109,False
m_epoch6,2024-03-15,-0.006911193125406342,-0.03990394612518288,False
m_epoch6,2024-03-18,0.05425758127940235,0.07819532984834754,False
m_epoch6,2024-03-19,-0.007817224303102027,0.003417115159452491,False
m_epoch6,2024-03-20,0.10170050736271774,0.16028800626182826,False
m_epoch6,2024-03-21,-0.06935820970294558,-0.07506977654179,False
m_epoch6,2024-03-22,0.05410816617829392,0.13003890350938146,True
m_epoch6,2024-03-25,-0.06826368746613887,-0.07980002286978867,False
m_epoch6,2024-03-26,-0.03265015322880459,0.09776758977686113,True
m_epoch6,2024-03-27,-0.006019147481800498,0.0345481844479847,False
m_epoch6,2024-03-28,0.04560275287315589,0.07482663807431501,False
m_epoch6,2024-03-29,0.09602356591694143,0.09592058601760782,False
m_epoch6,2024-04-01,0.11129500367523322,0.21645937864336703,True
m_epoch6,2024-04-02,0.026661422340305902,0.07530703685268586,False
m_epoch6,2024-04-03,-0.021208759980731514,0.055441737081364954,False
m_epoch6,2024-04-08,0.12413498114105076,0.12602248571385913,False
m_epoch6,2024-04-09,0.03226810397955889,0.08333859759869391,False
m_epoch6,2024-04-10,0.029528780830348256,0.06863330257909896,False
m_epoch6,2024-04-11,0.003254739996820801,0.00878833863157527,False
m_epoch6,2024-04-12,-0.07391958810380903,-0.07302221971382429,True
m_epoch6,2024-04-15,-0.13703499586787343,-0.12990372995589602,True
m_epoch6,2024-04-16,0.03067074055952331,0.04660539644719936,True
m_epoch6,2024-04-17,-0.0769849236136689,-0.06221125565169955,False
m_epoch6,2024-04-18,0.026354839652162957,0.056967481266007355,True
m_epoch6,2024-04-19,0.0037401469407343023,-0.023418817530388696,True
m_epoch6,2024-04-22,0.006229981482207887,-0.06365800999690088,False
m_epoch6,2024-04-23,0.09959604287728378,0.022156597822130638,True
m_epoch6,2024-04-24,0.00950993449540559,0.026254364688276438,False
m_epoch6,2024-04-25,0.10459250514626295,0.04917014560895092,True
m_epoch6,2024-04-26,0.04407746990118345,0.048368290698233264,True
m_epoch6,2024-04-29,-0.0024649907696068793,0.06178804489466153,False
m_epoch6,2024-04-30,-0.05891016288926335,-0.05564611057710506,False
m_epoch6,2024-05-06,0.02889436624465019,-0.008471169042793082,False
m_epoch6,2024-05-07,-0.004926129733992179,0.06328027363598503,False
m_epoch6,2024-05-08,-0.032780260563545105,-0.026791779168078074,False
m_epoch6,2024-05-09,0.05116750229411033,0.13207359462698787,False
m_epoch6,2024-05-10,-0.060559730418338835,-0.05282806916562864,True
m_epoch6,2024-05-13,-0.03485419145655001,-0.01872405749353146,False
m_epoch6,2024-05-14,0.07420029116798903,0.10474641274929615,False
m_epoch6,2024-05-15,0.07896187451868808,0.09298768669068723,False
m_epoch6,2024-05-16,0.03529194254919535,0.02193716506211513,False
m_epoch6,2024-05-17,0.010124992554784334,0.0467187462631249,False
m_epoch6,2024-05-20,0.08882435155699915,0.12415626380422833,False
m_epoch6,2024-05-21,0.07587726460773017,0.0697633039627493,False
m_epoch6,2024-05-22,-0.0071581135060207,0.048808196497514215,False
m_epoch6,2024-05-23,0.09490944213306779,0.14388774499456994,False
m_epoch6,2024-05-24,-0.011848798902987958,-0.009122812970745008,False
m_epoch6,2024-05-27,-0.05478618357858474,-0.06993679479445099,False
m_epoch6,2024-05-28,0.03364007175692873,0.03134000472995324,False
m_epoch6,2024-05-29,0.0354232869539813,0.05236397998113244,False
m_epoch6,2024-05-30,0.06626436941064398,0.02542304971381858,False
m_epoch6,2024-05-31,-0.168630589578222,-0.15287726411259775,False
m_epoch6,2024-06-03,-0.05946614684694474,0.012756415593510196,False
m_epoch6,2024-06-04,0.05118607259854374,0.031552831975023045,False
m_epoch6,2024-06-05,0.007451732122677826,0.060326861157189125,False
m_epoch6,2024-06-06,0.18990060313684629,0.24301660225404026,False
m_epoch6,2024-06-07,-0.1475075455979931,-0.22953990236879765,True
m_epoch6,2024-06-11,0.002089631284467556,-0.0014021592012296263,False
m_epoch6,2024-06-12,-0.018358348569791245,-0.06531846960140313,False
m_epoch6,2024-06-13,0.040662527821640156,0.08262850930209702,False
m_epoch6,2024-06-14,-0.03876162009404164,-0.08532529039430041,False
m_epoch6,2024-06-17,-0.005141952298891697,0.0061540007144320905,False
m_epoch6,2024-06-18,0.021872948138173445,0.06156162971036963,False
m_epoch6,2024-06-19,0.049955181443082246,0.003934281566315967,False
m_epoch6,2024-06-20,0.02343741703114138,0.024987767884913272,False
m_epoch6,2024-06-21,-0.03172935173560829,0.01614572330654062,False
m_epoch6,2024-06-24,0.05446958583238609,0.06611778281968043,False
m_epoch6,2024-06-25,0.19859112060764447,0.18111962750603927,False
m_epoch6,2024-06-26,0.033300369599060124,0.04217055561038314,False
m_epoch6,2024-06-27,-0.0026043987061351356,0.018886812285671028,False
m_epoch6,2024-06-28,0.10617297934767851,0.16129781782652713,False
m_epoch6,2024-07-01,0.15798468395185417,0.19038952067406265,False
m_epoch6,2024-07-02,0.07499746324430562,0.09360099953036878,False
m_epoch6,2024-07-03,0.015152301509166648,0.058523378944809946,False
m_epoch6,2024-07-04,0.013867836141120153,0.003600819582781754,False
m_epoch6,2024-07-05,0.009148714122970766,0.03539175262056309,False
m_epoch6,2024-07-08,-0.09715358401296893,-0.09958317910330163,True
m_epoch6,2024-07-09,-0.0590895118790694,-0.1305349960109552,False
m_epoch6,2024-07-10,0.07900202595321654,0.07872059293514562,False
m_epoch6,2024-07-11,0.032407133781461324,0.05633408949645851,False
m_epoch6,2024-07-12,0.00045481964480726755,0.09287700640914377,False
m_epoch6,2024-07-15,-0.015555427605258063,-0.040990631398407966,False
m_epoch6,2024-07-16,0.12027695142440717,0.16669666024914725,False
m_epoch6,2024-07-17,0.06862897386608327,0.06748792558409655,False
m_epoch6,2024-07-18,0.020789448183852578,-0.01862056159655129,False
m_epoch6,2024-07-19,-0.003124927971729848,-0.01483756662889166,False
m_epoch6,2024-07-22,0.050233989459908236,0.1306819640617372,False
m_epoch6,2024-07-23,0.03614049420191639,0.06602713739923181,False
m_epoch6,2024-07-24,0.06180211723535398,0.05208124354131297,False
m_epoch6,2024-07-25,0.10936390239358165,0.10735885361738082,False
m_epoch6,2024-07-26,0.01639297442539038,0.07183766764841042,False
m_epoch6,2024-07-29,0.051463369241548394,0.03639335733562902,False
m_epoch6,2024-07-30,-0.023910565077812765,-0.09853429000846946,False
m_epoch6,2024-07-31,0.06556981770718613,0.10448493789383814,False
m_epoch6,2024-08-01,0.0465083168906486,0.07919499640946283,False
m_epoch6,2024-08-02,-0.03130897469516977,-0.008894161321111376,False
m_epoch6,2024-08-05,-0.06079869300008094,-0.07245344914592135,False
m_epoch6,2024-08-06,0.006868356132099586,0.01360753271785945,False
m_epoch6,2024-08-07,0.13047787049823903,0.19853174863328915,False
m_epoch6,2024-08-08,0.03810788808791858,0.10326710655265381,False
m_epoch6,2024-08-09,-0.001651805131698268,0.026284332588647038,False
m_epoch6,2024-08-12,0.11226638588824453,0.11020827662028224,False
m_epoch6,2024-08-13,0.04711888977396431,0.13211693586512294,False
m_epoch6,2024-08-14,0.025294998780684988,0.02307797684533146,False
m_epoch6,2024-08-15,-0.015389822519981187,-0.015705878333426897,False
m_epoch6,2024-08-16,0.05589741084694573,0.12961348234693465,False
m_epoch6,2024-08-19,0.0030448951895328397,0.06104376346285841,False
m_epoch6,2024-08-20,-0.00017909697248303644,-0.017957769211161937,False
m_epoch6,2024-08-21,0.040362940387833834,0.09748971941038719,False
m_epoch6,2024-08-22,0.035599025353806824,0.046972865352104085,False
m_epoch6,2024-08-23,0.08949050697081022,0.12742244335884062,False
m_epoch6,2024-08-26,0.07757576391031136,0.1288678734431241,False
m_epoch6,2024-08-27,0.009824988124035615,-0.019056122876806112,False
m_epoch6,2024-08-28,-0.03768350861450122,-0.07465380918866427,False
m_epoch6,2024-08-29,-0.08330256704527778,-0.17605448017945677,False
m_epoch6,2024-08-30,0.028616274771914245,0.13836008114477988,False
m_epoch6,2024-09-02,0.0007172529216700334,-0.034285555149223,False
m_epoch6,2024-09-03,-0.1258154010306713,-0.17976862601374108,False
m_epoch6,2024-09-04,0.06758431597977681,0.0658190194945019,False
m_epoch6,2024-09-05,0.05742683079734442,0.14065899455112862,False
m_epoch6,2024-09-06,-0.005834316831985095,-0.004349582636796522,False
m_epoch6,2024-09-09,0.004142417273297343,-0.0410098888787669,False
m_epoch6,2024-09-10,-0.06916055017404761,-0.13529990590386357,False
m_epoch6,2024-09-11,0.15093705229447918,0.1716962124403983,False
m_epoch6,2024-09-12,0.14838968066770086,0.21020538581940917,False
m_epoch6,2024-09-13,-0.04596486403922281,-0.037781751044794996,False
m_epoch6,2024-09-18,0.1426649694806062,0.20179318935733542,False
m_epoch6,2024-09-19,0.0722907658574241,0.10689739809424746,False
m_epoch6,2024-09-20,-0.010340514108742172,0.008204619674841611,False
m_epoch6,2024-09-23,0.11925788895310702,0.06567097450953886,False
m_epoch6,2024-09-24,0.078785468875766,0.12614440622207904,False
m_epoch6,2024-09-25,0.033997537074880686,0.00973056402922542,False
m_epoch6,2024-09-26,-0.0762742442324322,-0.1102213267672158,True
m_epoch6,2024-09-27,0.040578357047574516,-0.006208185821349983,True
m_epoch6,2024-09-30,0.06260271824682494,0.04151733736996523,True
m_epoch6,2024-10-08,0.16916860218650648,0.21247303067687445,True
m_epoch6,2024-10-09,0.053004588043718305,0.11978111581620798,True
m_epoch6,2024-10-10,-0.05563089715463253,-0.002633766534514799,True
m_epoch6,2024-10-11,-0.10782017666740402,-0.11416204638918008,True
m_epoch6,2024-10-14,-0.10089969027243266,-0.1126989436658222,True
m_epoch6,2024-10-15,0.013951151383135045,0.03551364101062999,True
m_epoch6,2024-10-16,0.14186643706318722,0.122072061892327,False
m_epoch6,2024-10-17,-0.012220994494099682,-0.11159816379103668,True
m_epoch6,2024-10-18,0.03758126152882345,0.011611617103048137,True
m_epoch6,2024-10-21,0.0006623409367150391,0.07501199513767312,True
m_epoch6,2024-10-22,0.07318503540008711,0.08781145129623491,True
m_epoch6,2024-10-23,0.033887771897295756,0.07453626512091573,False
m_epoch6,2024-10-24,0.07831626514279484,0.09915786584652332,True
m_epoch6,2024-10-25,0.010985766026788224,0.06410494998471074,True
m_epoch6,2024-10-28,-0.003705303977023278,0.02763039837428494,True
m_epoch6,2024-10-29,0.02601392149216128,0.04976639845125212,True
m_epoch6,2024-10-30,0.06408189798137087,0.02983120769371938,True
m_epoch6,2024-10-31,0.07065599195296342,0.13256759876451804,True
m_epoch6,2024-11-01,0.1030196147660147,0.08001050036730274,True
m_epoch6,2024-11-04,0.051908547011754874,-0.03519377035373512,True
m_epoch6,2024-11-05,0.014089271904055557,0.02533939464774385,True
m_epoch6,2024-11-06,0.12352274052105382,0.19914994247728215,True
m_epoch6,2024-11-07,0.019123905314435585,0.019018285547640415,True
m_epoch6,2024-11-08,0.04581781478942287,-0.05077442629478819,True
m_epoch6,2024-11-11,-0.05646578459476707,0.0826207319131364,True
m_epoch6,2024-11-12,0.04226705426406979,0.06310553321946645,False
m_epoch6,2024-11-13,0.06973276816720488,0.23064755609492066,False
m_epoch6,2024-11-14,-0.08258548049299869,-0.05194292705180474,True
m_epoch6,2024-11-15,0.08319085063858538,0.13901524398828216,True
m_epoch6,2024-11-18,-0.010505818998271143,-0.055133290869959176,False
m_epoch6,2024-11-19,-0.04231442107350714,-0.11372351359637546,True
m_epoch6,2024-11-20,0.02231747653548,0.024832919291658335,False
m_epoch6,2024-11-21,-0.027005217567486237,0.03100720770469467,True
m_epoch6,2024-11-22,0.02488755086056378,0.029381609008454334,True
m_epoch6,2024-11-25,0.046462034776607646,0.1645777776080134,True
m_epoch6,2024-11-26,-0.1572950111582778,-0.23161710566816332,True
m_epoch6,2024-11-27,0.0744420595974861,0.1571123295100743,False
m_epoch6,2024-11-28,0.012073628790195575,0.00028683967321282847,False
m_epoch6,2024-11-29,0.05244249723128353,0.024586722706299823,False
m_epoch6,2024-12-02,0.06889460936247885,0.1557310290417577,False
m_epoch6,2024-12-03,0.019289653589669,0.04488776627641051,False
m_epoch6,2024-12-04,0.07646288858459532,0.04991609051046535,False
m_epoch6,2024-12-05,0.1278770377184241,0.23307279236209608,False
m_epoch6,2024-12-06,0.002447559071686715,0.06351870231632288,False
m_epoch6,2024-12-09,-0.03259835183518675,-0.01732960266002459,False
m_epoch6,2024-12-10,0.03389577491220105,0.038979940013803074,False
m_epoch6,2024-12-11,-0.06426335821634396,-0.000771394711661625,False
m_epoch6,2024-12-12,-0.03839293103314439,-0.03528335618153812,True
m_epoch6,2024-12-13,0.09673651010088712,0.1635023812612039,False
m_epoch6,2024-12-16,-0.045929606261741446,-0.008398101723581141,False
m_epoch6,2024-12-17,-0.09788469664689398,-0.09347301346062828,True
m_epoch6,2024-12-18,-0.06970674006885408,-0.08886639157306503,True
m_epoch6,2024-12-19,-0.15081938393952837,-0.22819793941031277,True
m_epoch6,2024-12-20,0.06831696664983831,0.15379947726278487,True
m_epoch6,2024-12-23,-0.06663660084789326,-0.08322791236431054,False
m_epoch6,2024-12-24,-0.02696976989321794,0.029576992004258267,False
m_epoch6,2024-12-25,-0.09108786325286597,-0.13248025166987612,True
m_epoch6,2024-12-26,0.13425477619377002,0.2689346370798467,False
m_epoch6,2024-12-27,0.08591706799681953,0.09774545405798124,False
m_epoch6,2024-12-30,-0.024203945965069574,0.05990411919309876,True
e2a_k3,2024-01-02,0.2054378516553348,0.22731534351053836,False
e2a_k3,2024-01-03,0.04964750142308052,0.0676827280474271,False
e2a_k3,2024-01-04,0.20502473341782018,0.2857464916137823,False
e2a_k3,2024-01-05,0.09276015638655069,0.11591291312414255,False
e2a_k3,2024-01-08,0.09171589805228206,0.09761685949049011,False
e2a_k3,2024-01-09,0.05066887254930367,0.04158169291075376,False
e2a_k3,2024-01-10,-0.18075759577350092,-0.15485142958710943,False
e2a_k3,2024-01-11,0.2294201563007427,0.2173464274723303,False
e2a_k3,2024-01-12,0.010297035322989348,0.0341486630912105,False
e2a_k3,2024-01-15,-0.022106475058753135,-0.010098173480319689,False
e2a_k3,2024-01-16,0.06888312213210333,0.16161549428196909,False
e2a_k3,2024-01-17,-0.13906809418507846,-0.1246913301984909,False
e2a_k3,2024-01-18,0.17149684492501066,0.2496263903138205,False
e2a_k3,2024-01-19,0.07858454532718405,0.09960339316443545,False
e2a_k3,2024-01-22,0.031798168732209635,0.04806141628768811,False
e2a_k3,2024-01-23,0.18245392900503862,0.26383702869935416,False
e2a_k3,2024-01-24,0.09402113750907072,0.11311861699372373,False
e2a_k3,2024-01-25,0.2637135075553652,0.37974706099961647,False
e2a_k3,2024-01-26,0.19705153956504626,0.20659714389920758,False
e2a_k3,2024-01-29,0.03481203810685352,0.06345034551792512,False
e2a_k3,2024-01-30,0.10931617915950013,0.15528834343343598,False
e2a_k3,2024-01-31,-0.03751666550771611,-0.054844345767703785,False
e2a_k3,2024-02-01,-0.014022932031597206,0.10167128458778814,True
e2a_k3,2024-02-02,0.016158140565061464,0.07073115304041164,True
e2a_k3,2024-02-05,0.08773161468164549,0.05043010024912968,True
e2a_k3,2024-02-06,0.02898351315713935,0.0418906182440845,True
e2a_k3,2024-02-07,0.089750898675029,0.012567449048703426,True
e2a_k3,2024-02-08,-0.07328716447885526,-0.07289463647607664,True
e2a_k3,2024-02-19,-0.10714641086155255,-0.16845308383546873,False
e2a_k3,2024-02-20,0.032853317033793995,-0.038973729034227675,False
e2a_k3,2024-02-21,-0.04536127370364529,-0.07483412903614196,False
e2a_k3,2024-02-22,0.016722475481684165,-0.07621952232801728,False
e2a_k3,2024-02-23,-0.0021940288456555094,-0.10377738564740942,False
e2a_k3,2024-02-26,-0.05753840093100544,-0.25637085005275667,False
e2a_k3,2024-02-27,0.010793526898264849,0.23943241645960486,True
e2a_k3,2024-02-28,0.02309310657527432,0.03048752928011596,False
e2a_k3,2024-02-29,0.014100952385306854,-0.043089746249377926,False
e2a_k3,2024-03-01,-0.10837924504054261,-0.13451538180345882,False
e2a_k3,2024-03-04,-0.04533125498681333,0.06443979711759644,False
e2a_k3,2024-03-05,0.005819912802172214,0.0574277910653627,False
e2a_k3,2024-03-06,0.09275683158676863,0.2588852578931197,False
e2a_k3,2024-03-07,0.03302832707306502,0.023945728974289017,False
e2a_k3,2024-03-08,0.01475175162675343,-0.08911112551908648,False
e2a_k3,2024-03-11,-0.07485866331922386,-0.0663016737162209,False
e2a_k3,2024-03-12,-0.12000878778721126,-0.1743806068844893,False
e2a_k3,2024-03-13,0.11725264191285018,0.25141342446958,False
e2a_k3,2024-03-14,0.07087748972479452,0.09749853529324189,False
e2a_k3,2024-03-15,-0.008803127837188044,-0.048843785194515335,False
e2a_k3,2024-03-18,0.05025309110775996,0.08087332637625877,False
e2a_k3,2024-03-19,-0.006251785789725284,0.0059912463989997234,False
e2a_k3,2024-03-20,0.08469475975108284,0.14356749578222952,False
e2a_k3,2024-03-21,-0.04928163770061197,-0.05554450436753204,False
e2a_k3,2024-03-22,0.1353808107152069,0.21596001396330433,True
e2a_k3,2024-03-25,0.018616080871085097,0.0068574696314761775,False
e2a_k3,2024-03-26,0.02782441192131697,0.16928527224368584,True
e2a_k3,2024-03-27,-0.11676088173264854,-0.07288485897091077,False
e2a_k3,2024-03-28,0.024193042184894473,0.06673516191394795,False
e2a_k3,2024-03-29,0.09619254874169585,0.096110965087459,False
e2a_k3,2024-04-01,0.16135961579290187,0.2820131617927955,True
e2a_k3,2024-04-02,0.056253800910907543,0.11295504252869674,False
e2a_k3,2024-04-03,0.055769712142879575,0.14418880035610468,False
e2a_k3,2024-04-08,0.12475078030475775,0.12667842687705408,False
e2a_k3,2024-04-09,0.07692393192410013,0.1399840953337693,False
e2a_k3,2024-04-10,0.0650908525173864,0.11321915000246047,False
e2a_k3,2024-04-11,-0.0018503122999382437,0.004797457257069769,False
e2a_k3,2024-04-12,-0.06110272631730708,-0.05993814768063061,True
e2a_k3,2024-04-15,-0.07757963600944964,-0.06844857867937554,True
e2a_k3,2024-04-16,-0.10124149032455276,-0.08236990679908639,True
e2a_k3,2024-04-17,-0.13104669266939875,-0.11301165608217659,False
e2a_k3,2024-04-18,0.048652278912654744,0.0842866105043951,True
e2a_k3,2024-04-19,0.02402434815055771,-0.0045000725262962565,True
e2a_k3,2024-04-22,-0.056521832560984184,-0.14133971277853438,False
e2a_k3,2024-04-23,0.07026095217749727,-0.03073458114659594,True
e2a_k3,2024-04-24,0.0033900298280992456,0.02463610334775106,False
e2a_k3,2024-04-25,0.05443346157828388,-0.013367743977034878,True
e2a_k3,2024-04-26,0.09310009153039149,0.09881087979198068,True
e2a_k3,2024-04-29,0.05455389190930178,0.1318850464406279,False
e2a_k3,2024-04-30,-0.05264257613240955,-0.0488851980077048,False
e2a_k3,2024-05-06,0.0009375810479974747,-0.039502158576125414,False
e2a_k3,2024-05-07,-0.005968135544627286,0.06226488782071833,False
e2a_k3,2024-05-08,-0.014365111750989283,-0.0074927840900314135,False
e2a_k3,2024-05-09,0.16900228532788272,0.25610925697185016,False
e2a_k3,2024-05-10,-0.01259211788932997,-0.0037483196551501992,True
e2a_k3,2024-05-13,-0.009109803641955905,0.010402912784682705,False
e2a_k3,2024-05-14,0.09988938475292584,0.13288475307920716,False
e2a_k3,2024-05-15,0.09152290563659851,0.10527887694548711,False
e2a_k3,2024-05-16,0.011449695277861171,-0.0025787339476665157,False
e2a_k3,2024-05-17,-0.06492596622003577,-0.029407166601435088,False
e2a_k3,2024-05-20,0.059776213343306704,0.09550916250016278,False
e2a_k3,2024-05-21,0.13545693236103157,0.12923991524389564,False
e2a_k3,2024-05-22,-0.005567520495409274,0.06003489418763952,False
e2a_k3,2024-05-23,0.11486334795190742,0.15704063137419608,False
e2a_k3,2024-05-24,-0.0297761116610424,-0.026952468650928308,False
e2a_k3,2024-05-27,-0.06734573826184101,-0.08540769554129998,False
e2a_k3,2024-05-28,-0.021247356369304395,-0.023609144673385676,False
e2a_k3,2024-05-29,-0.008723723637078752,0.008738614181092187,False
e2a_k3,2024-05-30,0.012315656982059824,-0.03219299952492262,False
e2a_k3,2024-05-31,-0.20792568999802016,-0.18903434928990082,False
e2a_k3,2024-06-03,-0.044231818197786904,0.05108311561767544,False
e2a_k3,2024-06-04,0.037329524585923236,0.01045415407454417,False
e2a_k3,2024-06-05,0.021727085556636966,0.08294448509039234,False
e2a_k3,2024-06-06,0.2656198136725148,0.3241963620107337,False
e2a_k3,2024-06-07,-0.16818082083115757,-0.23756850109638986,True
e2a_k3,2024-06-11,-0.013575257516051592,-0.017606167669913242,False
e2a_k3,2024-06-12,-0.10104883544780967,-0.15062987528735922,False
e2a_k3,2024-06-13,0.06143915493576881,0.105495355331586,False
e2a_k3,2024-06-14,-0.07709263209532025,-0.12852554487069814,False
e2a_k3,2024-06-17,0.018932166384631088,0.032463844869350646,False
e2a_k3,2024-06-18,0.06872036523458193,0.10643849179551622,False
e2a_k3,2024-06-19,0.06731240623638948,0.01542469854069571,False
e2a_k3,2024-06-20,0.06505970335598846,0.06699605455447495,False
e2a_k3,2024-06-21,0.03413682022926505,0.08239097720297832,False
e2a_k3,2024-06-24,0.19385410582926801,0.2054815430090158,False
e2a_k3,2024-06-25,0.027184303146620035,0.0038914462643471993,False
e2a_k3,2024-06-26,0.055078547216286224,0.06790900132144331,False
e2a_k3,2024-06-27,-0.015007020107715345,0.005132336959979102,False
e2a_k3,2024-06-28,0.14963829920918048,0.20634015228139524,False
e2a_k3,2024-07-01,0.15342320251976044,0.18786110799817765,False
e2a_k3,2024-07-02,0.09640240494373575,0.1192476801247323,False
e2a_k3,2024-07-03,0.08015550648389629,0.12245477509107124,False
e2a_k3,2024-07-04,0.029061607499701055,0.0170467122915709,False
e2a_k3,2024-07-05,0.03713562305953145,0.06802865830619696,False
e2a_k3,2024-07-08,-0.09410373532491312,-0.09691819992410633,True
e2a_k3,2024-07-09,-0.08612883640569435,-0.1721952983910065,False
e2a_k3,2024-07-10,0.10985987967151352,0.1095577595909909,False
e2a_k3,2024-07-11,0.016506625487765984,0.038765563118868196,False
e2a_k3,2024-07-12,-0.024696425291541774,0.07341411335098075,False
e2a_k3,2024-07-15,-0.08851468389277868,-0.1152197137693815,False
e2a_k3,2024-07-16,0.13951685744120923,0.1959114685860401,False
e2a_k3,2024-07-17,0.03293408204671076,0.03176644193945978,False
e2a_k3,2024-07-18,-0.021179998825365223,-0.06334188915275439,False
e2a_k3,2024-07-19,-0.03007880721009414,-0.04401809390774658,False
e2a_k3,2024-07-22,0.17425259749045105,0.2705899423573942,False
e2a_k3,2024-07-23,0.05415678772472836,0.08284263692595249,False
e2a_k3,2024-07-24,0.052663365004378224,0.03956665851316005,False
e2a_k3,2024-07-25,0.09747696018309811,0.09513841330607635,False
e2a_k3,2024-07-26,0.07875521031182493,0.14951292865389199,False
e2a_k3,2024-07-29,0.12299936967488964,0.10613242642307295,False
e2a_k3,2024-07-30,-0.05867941029442983,-0.1472196053459149,False
e2a_k3,2024-07-31,0.048926019344616926,0.10025067910116162,False
e2a_k3,2024-08-01,0.06048911987918602,0.10269313918469176,False
e2a_k3,2024-08-02,0.035740361834240404,0.058576023757603415,False
e2a_k3,2024-08-05,-0.041032212553900695,-0.054694578659896416,False
e2a_k3,2024-08-06,0.011296349712889946,0.019478006178583113,False
e2a_k3,2024-08-07,0.16925625126371013,0.24152968440874098,False
e2a_k3,2024-08-08,0.11471669707760691,0.1849474192640005,False
e2a_k3,2024-08-09,-0.015173962686367715,0.020476452458647543,False
e2a_k3,2024-08-12,0.10264289368981695,0.10007978333352556,False
e2a_k3,2024-08-13,0.043576946437527096,0.13450209492784923,False
e2a_k3,2024-08-14,0.07759463389575742,0.07478857295059382,False
e2a_k3,2024-08-15,0.015202504391908244,0.014793158390495434,False
e2a_k3,2024-08-16,0.1082878200514601,0.18373557521035225,False
e2a_k3,2024-08-19,0.018483607737555224,0.08231589217512082,False
e2a_k3,2024-08-20,-0.021038911326796566,-0.054247695011374567,False
e2a_k3,2024-08-21,0.03912285866819085,0.1055365013685932,False
e2a_k3,2024-08-22,-0.003004911174437674,0.01046953390981952,False
e2a_k3,2024-08-23,0.1067354687092281,0.1498801078135471,False
e2a_k3,2024-08-26,0.10311634120249169,0.16005101570905844,False
e2a_k3,2024-08-27,0.006807968319337454,-0.026681569337532504,False
e2a_k3,2024-08-28,-0.031177506602393223,-0.06811802830314885,False
e2a_k3,2024-08-29,-0.09856396607963329,-0.20721624454903056,False
e2a_k3,2024-08-30,0.09464787226477248,0.21710322417917624,False
e2a_k3,2024-09-02,-0.09015290887144477,-0.13563626580106633,False
e2a_k3,2024-09-03,-0.2067997203012777,-0.27216711659275483,False
e2a_k3,2024-09-04,0.07709531313561852,0.07474045982960392,False
e2a_k3,2024-09-05,0.11895391858131676,0.2203448821273238,False
e2a_k3,2024-09-06,-0.03513541946251487,-0.03349995776583302,False
e2a_k3,2024-09-09,-0.07877530920873373,-0.12489642169536615,False
e2a_k3,2024-09-10,-0.08577963882272076,-0.15989994632437898,False
e2a_k3,2024-09-11,0.22152816476988446,0.24152648647783742,False
e2a_k3,2024-09-12,0.1799830736197257,0.24519576199324988,False
e2a_k3,2024-09-13,0.006009588061107128,0.01594156934074868,False
e2a_k3,2024-09-18,0.1724889566417734,0.24640775213166152,False
e2a_k3,2024-09-19,0.06386787259767608,0.105139994953497,False
e2a_k3,2024-09-20,0.06284643347856789,0.08961413955204951,False
e2a_k3,2024-09-23,0.11314740253226364,0.046624833752158514,False
e2a_k3,2024-09-24,0.1579255767210672,0.21409829330168423,False
e2a_k3,2024-09-25,0.03243761754145656,-0.005246169772805233,False
e2a_k3,2024-09-26,-0.18177993504566622,-0.2751667046892754,True
e2a_k3,2024-09-27,0.14810616387550582,0.10130579849134348,True
e2a_k3,2024-09-30,-0.20116666179066456,-0.22038362090749022,True
e2a_k3,2024-10-08,-0.11097346228036906,-0.07203670607993835,True
e2a_k3,2024-10-09,0.07159597871210759,0.16329813445803773,True
e2a_k3,2024-10-10,-0.042016307486760995,0.013612289695977015,True
e2a_k3,2024-10-11,-0.028403127430481432,-0.03539890716072022,True
e2a_k3,2024-10-14,-0.10055971548733324,-0.1152166743359277,True
e2a_k3,2024-10-15,0.022614003091576147,0.04940824416177474,True
e2a_k3,2024-10-16,0.034332547293343306,0.003990702217514058,False
e2a_k3,2024-10-17,-0.11782039373498901,-0.24247481349483974,True
e2a_k3,2024-10-18,-0.10705104232290334,-0.16913407991833587,True
e2a_k3,2024-10-21,0.020052844576952056,0.10813927509725434,True
e2a_k3,2024-10-22,0.09722769860496178,0.112295183489679,True
e2a_k3,2024-10-23,0.059028439187008404,0.10823970191976703,False
e2a_k3,2024-10-24,0.09999321627096637,0.12175055581504507,True
e2a_k3,2024-10-25,0.08778022446148956,0.16657854585756993,True
e2a_k3,2024-10-28,-0.06458184344761395,-0.027413068225002002,True
e2a_k3,2024-10-29,-0.011107714568463422,0.019625010361321162,True
e2a_k3,2024-10-30,0.07582210231312723,0.028737861147768592,True
e2a_k3,2024-10-31,0.12515171638395559,0.21528892889763965,True
e2a_k3,2024-11-01,0.07683011041879312,0.05111970009161779,True
e2a_k3,2024-11-04,0.004624757884342304,-0.10129009514884155,True
e2a_k3,2024-11-05,0.0658604884938753,0.0806550102941095,True
e2a_k3,2024-11-06,0.1407435541686811,0.22773131648751643,True
e2a_k3,2024-11-07,0.02734598324651024,0.027218024919802367,True
e2a_k3,2024-11-08,-0.030445160459476137,-0.1657724457139742,True
e2a_k3,2024-11-11,-0.042028408333046996,0.12866399280008586,True
e2a_k3,2024-11-12,0.029423475550543577,0.05891346860623006,False
e2a_k3,2024-11-13,0.07914611944234214,0.2450849528375224,False
e2a_k3,2024-11-14,0.03332368162691919,0.0788448341500116,True
e2a_k3,2024-11-15,0.2043043332951333,0.2706799381088483,True
e2a_k3,2024-11-18,-0.06474807373943495,-0.11640861778315653,False
e2a_k3,2024-11-19,0.008934580408786297,-0.056326084415808116,True
e2a_k3,2024-11-20,0.03012639099520892,0.03253177011220881,False
e2a_k3,2024-11-21,-0.007748625771017362,0.06679082203589128,True
e2a_k3,2024-11-22,0.08484204844056391,0.08908233582756704,True
e2a_k3,2024-11-25,0.049402161405312194,0.16363232908518643,True
e2a_k3,2024-11-26,-0.10881875640613432,-0.18329848257277578,True
e2a_k3,2024-11-27,0.10815480568172695,0.20354450672517646,False
e2a_k3,2024-11-28,-0.12918388927433624,-0.1454004574033146,False
e2a_k3,2024-11-29,0.0587874284273404,0.027498937165487257,False
e2a_k3,2024-12-02,0.14559958286510197,0.2308157406129543,False
e2a_k3,2024-12-03,0.029667339846978825,0.05790400961186331,False
e2a_k3,2024-12-04,0.017051911916633355,-0.011860006102381599,False
e2a_k3,2024-12-05,0.21150365722920822,0.32395325127513547,False
e2a_k3,2024-12-06,0.03220879003552697,0.10391790814222145,False
e2a_k3,2024-12-09,-0.04244296752058349,-0.025800121719778003,False
e2a_k3,2024-12-10,0.015288708499337621,0.021917764180734302,False
e2a_k3,2024-12-11,-0.0545381935003715,0.014862283801736315,False
e2a_k3,2024-12-12,-0.03787644417012388,-0.034380986345357356,True
e2a_k3,2024-12-13,0.11174799312576984,0.18594990747668882,False
e2a_k3,2024-12-16,-0.02837055923708896,0.016750140743498412,False
e2a_k3,2024-12-17,-0.10669802334974676,-0.10221201086151367,True
e2a_k3,2024-12-18,-0.14631820097020626,-0.16965785729101243,True
e2a_k3,2024-12-19,-0.16577827038812018,-0.25238864178262943,True
e2a_k3,2024-12-20,0.12445788899172823,0.2171088103400027,True
e2a_k3,2024-12-23,-0.03706823479056888,-0.054642898755731105,False
e2a_k3,2024-12-24,0.04279351333338958,0.11090829566023998,False
e2a_k3,2024-12-25,-0.0970453211292855,-0.149401763772633,True
e2a_k3,2024-12-26,0.21417379474602505,0.3621778713485334,False
e2a_k3,2024-12-27,-0.010438505338998478,0.008873949971093916,False
e2a_k3,2024-12-30,0.09421522332886453,0.20576195206086476,True
e2a_k15,2024-01-02,0.23171513384411652,0.2542340188317677,False
e2a_k15,2024-01-03,0.03834626676039152,0.05579896609800526,False
e2a_k15,2024-01-04,0.14299775586754226,0.22483818633412608,False
e2a_k15,2024-01-05,0.09240764457116006,0.11402022258262925,False
e2a_k15,2024-01-08,0.11697755788008325,0.12247418634736297,False
e2a_k15,2024-01-09,0.03191952661169737,0.023716510653778316,False
e2a_k15,2024-01-10,-0.1648510861969367,-0.14163641760690052,False
e2a_k15,2024-01-11,0.22011501184172036,0.20631639302144844,False
e2a_k15,2024-01-12,0.002605746489191766,0.027322226987995742,False
e2a_k15,2024-01-15,-0.006402542185212899,0.005292256800348204,False
e2a_k15,2024-01-16,0.062430158920773485,0.15818899317729673,False
e2a_k15,2024-01-17,-0.11423646416755863,-0.10017165094609153,False
e2a_k15,2024-01-18,0.16063469172002373,0.24473377438014632,False
e2a_k15,2024-01-19,0.07018032566990015,0.09249105042471441,False
e2a_k15,2024-01-22,0.04658301673186609,0.06110961356873939,False
e2a_k15,2024-01-23,0.08932449305236945,0.16460334799269474,False
e2a_k15,2024-01-24,0.08475465146785013,0.1020688887833249,False
e2a_k15,2024-01-25,0.20780620019866938,0.32741484213497757,False
e2a_k15,2024-01-26,0.1792022905339197,0.18992993692039015,False
e2a_k15,2024-01-29,0.05873362794869574,0.08952039711256503,False
e2a_k15,2024-01-30,0.12105438830203757,0.16804240519804844,False
e2a_k15,2024-01-31,-0.04847755491265021,-0.0650481136554811,False
e2a_k15,2024-02-01,-0.06272714295911135,0.050790152027045656,True
e2a_k15,2024-02-02,0.05862656168824226,0.11709637673856693,True
e2a_k15,2024-02-05,0.15170006155707783,0.12343217120042152,True
e2a_k15,2024-02-06,0.05565621634221089,0.06602545269843409,True
e2a_k15,2024-02-07,0.12853231251133984,0.07657899151351352,True
e2a_k15,2024-02-08,-0.1158185090132981,-0.11549160839782092,True
e2a_k15,2024-02-19,-0.08453887000948464,-0.14672383183456414,False
e2a_k15,2024-02-20,-0.013182639713706782,-0.07714319950382094,False
e2a_k15,2024-02-21,-0.012352778946862798,-0.03958365099411327,False
e2a_k15,2024-02-22,0.06152579644621505,-0.025272285889304618,False
e2a_k15,2024-02-23,0.0451033010865861,-0.05074474721287748,False
e2a_k15,2024-02-26,0.027694749095225697,-0.15315725213129622,False
e2a_k15,2024-02-27,-0.053586858821085256,0.15339811508938783,True
e2a_k15,2024-02-28,0.06071750001463398,0.06717764690488218,False
e2a_k15,2024-02-29,0.03090323935330614,-0.025209293080561895,False
e2a_k15,2024-03-01,-0.07642244807603563,-0.09929278036352193,False
e2a_k15,2024-03-04,-0.07238361032690702,0.03148654341130366,False
e2a_k15,2024-03-05,-0.006771759162650179,0.037473062114079365,False
e2a_k15,2024-03-06,0.04542681400308706,0.19247710258453146,False
e2a_k15,2024-03-07,0.022992727653586856,0.013920793937468989,False
e2a_k15,2024-03-08,0.032586981293240856,-0.06073793027330801,False
e2a_k15,2024-03-11,-0.0892140909738467,-0.08184605209574783,False
e2a_k15,2024-03-12,-0.054047777072126706,-0.10342105079931031,False
e2a_k15,2024-03-13,0.11273403221509122,0.23660730387296453,False
e2a_k15,2024-03-14,0.07815591172588737,0.1037792227854614,False
e2a_k15,2024-03-15,-0.020201223024053944,-0.05555580497430725,False
e2a_k15,2024-03-18,0.06092436062183899,0.08637476990437759,False
e2a_k15,2024-03-19,-0.0303443277152742,-0.01843570221563949,False
e2a_k15,2024-03-20,0.096710382408384,0.15539635664694532,False
e2a_k15,2024-03-21,-0.07898608923187796,-0.08487776728629963,False
e2a_k15,2024-03-22,0.10878249464777827,0.1896759263966164,True
e2a_k15,2024-03-25,-0.014795765148291994,-0.022937287680902148,False
e2a_k15,2024-03-26,-0.011829674242928035,0.1214468783305584,True
e2a_k15,2024-03-27,-0.07719835355724866,-0.0359847834449448,False
e2a_k15,2024-03-28,0.0669683698172466,0.10268146486844505,False
e2a_k15,2024-03-29,0.07939335535142139,0.07931882606497384,False
e2a_k15,2024-04-01,0.13058605048329988,0.2450413941544714,True
e2a_k15,2024-04-02,0.09907117520120191,0.1518414886995857,False
e2a_k15,2024-04-03,-0.04126523333122308,0.04081692794139483,False
e2a_k15,2024-04-08,0.11884111286731945,0.12098554672004011,False
e2a_k15,2024-04-09,0.04669180239595043,0.10800384580723375,False
e2a_k15,2024-04-10,0.03020971728495021,0.07917856224528974,False
e2a_k15,2024-04-11,0.05606068613342551,0.06317769286265988,False
e2a_k15,2024-04-12,-0.06635274248587814,-0.06526380960966253,True
e2a_k15,2024-04-15,0.007635488551747232,0.016087574720796256,True
e2a_k15,2024-04-16,-0.14066610272000832,-0.12331157234556658,True
e2a_k15,2024-04-17,-0.12641240651198074,-0.10931162380359205,False
e2a_k15,2024-04-18,0.01075246884920048,0.04683892554767923,True
e2a_k15,2024-04-19,0.012309248340274486,-0.014785520535624258,True
e2a_k15,2024-04-22,0.008793574429179427,-0.06890976804270148,False
e2a_k15,2024-04-23,0.09762381573174665,0.005125459257421547,True
e2a_k15,2024-04-24,0.011687057868097983,0.0297537539684431,False
e2a_k15,2024-04-25,0.0939466800386831,0.03027997091052361,True
e2a_k15,2024-04-26,0.0868498991579406,0.09157339352538045,True
e2a_k15,2024-04-29,0.06795415520439224,0.13746243439740072,False
e2a_k15,2024-04-30,-0.06034855576494803,-0.05656326580755653,False
e2a_k15,2024-05-06,-0.0008547546904680298,-0.03959339652663997,False
e2a_k15,2024-05-07,-0.016598045529793624,0.05086985898118162,False
e2a_k15,2024-05-08,-0.012862363565433526,-0.0065749252299793235,False
e2a_k15,2024-05-09,0.1155701386915823,0.20775403949229937,False
e2a_k15,2024-05-10,-0.021533322064949293,-0.013220739357811524,True
e2a_k15,2024-05-13,0.025464792315734203,0.04521118890337641,False
e2a_k15,2024-05-14,0.095582919370698,0.129775533520014,False
e2a_k15,2024-05-15,0.11272340265516108,0.12553981945986975,False
e2a_k15,2024-05-16,0.05875161963965865,0.045293723893613594,False
e2a_k15,2024-05-17,-0.059048867996320885,-0.02248807957915471,False
e2a_k15,2024-05-20,0.05715327122898006,0.09337610064283801,False
e2a_k15,2024-05-21,0.12239914282605273,0.11597180815028077,False
e2a_k15,2024-05-22,-0.014166972879743266,0.04695729657020705,False
e2a_k15,2024-05-23,0.12763768389985627,0.17378916979613923,False
e2a_k15,2024-05-24,-0.006946590942474033,-0.004068502251470388,False
e2a_k15,2024-05-27,-0.06714922006744299,-0.0835392016739961,False
e2a_k15,2024-05-28,0.005136662504206958,0.003062800221923056,False
e2a_k15,2024-05-29,-0.025224884601381288,-0.007478319082414168,False
e2a_k15,2024-05-30,0.05809614505867894,0.017253189319443762,False
e2a_k15,2024-05-31,-0.21660666777375973,-0.19818814539286064,False
e2a_k15,2024-06-03,-0.05358219275421408,0.03412200909527523,False
e2a_k15,2024-06-04,0.06380020739492127,0.04225635690881694,False
e2a_k15,2024-06-05,0.02922149304470743,0.08481015470769719,False
e2a_k15,2024-06-06,0.24496989310987052,0.3037427573125546,False
e2a_k15,2024-06-07,-0.13326013694700226,-0.20902631219320264,True
e2a_k15,2024-06-11,0.024790806378629848,0.02105482692065121,False
e2a_k15,2024-06-12,-0.02889239015292323,-0.07619718707728598,False
e2a_k15,2024-06-13,0.011734221625417127,0.05432032331635759,False
e2a_k15,2024-06-14,-0.06438249708396854,-0.1127852838237454,False
e2a_k15,2024-06-17,0.03414125859395708,0.046595501306678076,False
e2a_k15,2024-06-18,0.05948715151791751,0.10137992752474224,False
e2a_k15,2024-06-19,0.11720597144511596,0.07199659729836244,False
e2a_k15,2024-06-20,0.1025406353074026,0.10404971183525727,False
e2a_k15,2024-06-21,0.007422263526996233,0.057493773655243184,False
e2a_k15,2024-06-24,0.18950471070583377,0.20077677161920038,False
e2a_k15,2024-06-25,0.05052114101989349,0.02658432038111958,False
e2a_k15,2024-06-26,0.004830683170716546,0.017778331919484896,False
e2a_k15,2024-06-27,0.013577331283106606,0.03324231900993981,False
e2a_k15,2024-06-28,0.15228248154944926,0.21339972563619428,False
e2a_k15,2024-07-01,0.1190418939542404,0.15550667315915856,False
e2a_k15,2024-07-02,0.08833550427221341,0.10913600670245689,False
e2a_k15,2024-07-03,0.034800786588369804,0.07730313260585858,False
e2a_k15,2024-07-04,0.08555420413376318,0.07457348076521284,False
e2a_k15,2024-07-05,0.02742430206350921,0.05871534724943149,False
e2a_k15,2024-07-08,-0.10799347723561904,-0.11033756853303983,True
e2a_k15,2024-07-09,-0.10477253724002164,-0.19304874271980826,False
e2a_k15,2024-07-10,0.1266910020484506,0.12643294970118096,False
e2a_k15,2024-07-11,0.014698197754354185,0.03925583852188046,False
e2a_k15,2024-07-12,-0.051940800205698044,0.051339096945037375,False
e2a_k15,2024-07-15,-0.05476528687343197,-0.08118280917840622,False
e2a_k15,2024-07-16,0.1476931662541226,0.20462129527190512,False
e2a_k15,2024-07-17,0.049330649768895375,0.048128632927332514,False
e2a_k15,2024-07-18,-0.024649483004051675,-0.06749710236169712,False
e2a_k15,2024-07-19,0.011244541278129657,-0.00047551825512902085,False
e2a_k15,2024-07-22,0.07505038451343327,0.16299758517237703,False
e2a_k15,2024-07-23,0.09313109320443962,0.12129431495787392,False
e2a_k15,2024-07-24,0.03880106444273653,0.02705020734309663,False
e2a_k15,2024-07-25,0.07915604389523229,0.07705451226272807,False
e2a_k15,2024-07-26,0.04256420014545734,0.10976033558402001,False
e2a_k15,2024-07-29,0.08097194909223368,0.06403955259922614,False
e2a_k15,2024-07-30,-0.05488744767047373,-0.13901808230783838,False
e2a_k15,2024-07-31,0.004150747794434579,0.050307443449312886,False
e2a_k15,2024-08-01,0.08150514645715201,0.123187537076279,False
e2a_k15,2024-08-02,0.11992791360436009,0.14111990877817893,False
e2a_k15,2024-08-05,0.01980893548751494,0.006669667416434747,False
e2a_k15,2024-08-06,0.02198976705124661,0.029745742814647,False
e2a_k15,2024-08-07,0.12833944318137014,0.2025631375459773,False
e2a_k15,2024-08-08,0.11024506856755935,0.17963393871989827,False
e2a_k15,2024-08-09,0.02071395397169978,0.05248085213886321,False
e2a_k15,2024-08-12,0.049603856873947846,0.047123761489665426,False
e2a_k15,2024-08-13,0.026201195914357555,0.11707046420758328,False
e2a_k15,2024-08-14,0.03833132432495922,0.03539618524354552,False
e2a_k15,2024-08-15,-0.017975936608270106,-0.018380634493279473,False
e2a_k15,2024-08-16,0.057114598647968515,0.14421233448673407,False
e2a_k15,2024-08-19,0.020016017503262127,0.0870079125774433,False
e2a_k15,2024-08-20,-0.00822136887242083,-0.04112216099812044,False
e2a_k15,2024-08-21,0.07880233144643406,0.14431627960392224,False
e2a_k15,2024-08-22,-0.01681157839027214,-0.0038527141724959725,False
e2a_k15,2024-08-23,0.08856769188244955,0.13203677505820563,False
e2a_k15,2024-08-26,0.09640542857702762,0.1511177544821,False
e2a_k15,2024-08-27,0.015121589662016937,-0.015169321739295097,False
e2a_k15,2024-08-28,-0.021044346074732125,-0.05918426837208294,False
e2a_k15,2024-08-29,-0.0989118545735531,-0.19964361610365244,False
e2a_k15,2024-08-30,0.04581636510116773,0.16712853484086074,False
e2a_k15,2024-09-02,-0.07590512470662547,-0.1280030926249488,False
e2a_k15,2024-09-03,-0.17393137793390973,-0.23529304421284483,False
e2a_k15,2024-09-04,0.07570268650868478,0.0734108538220791,False
e2a_k15,2024-09-05,0.07123684613608441,0.17623201412251063,False
e2a_k15,2024-09-06,0.0021285324925115795,0.0037320959507710976,False
e2a_k15,2024-09-09,-0.04158768719823465,-0.0920770778747516,False
e2a_k15,2024-09-10,-0.05543379024338041,-0.13055737930011152,False
e2a_k15,2024-09-11,0.1651271157668654,0.18697777017507142,False
e2a_k15,2024-09-12,0.16403412765504372,0.23759516894956526,False
e2a_k15,2024-09-13,0.009538435833084943,0.019688990969022574,False
e2a_k15,2024-09-18,0.14300934461228204,0.20865895328748846,False
e2a_k15,2024-09-19,0.05053158865917139,0.09184502833071623,False
e2a_k15,2024-09-20,-0.0030662736457994196,0.017561811090294966,False
e2a_k15,2024-09-23,0.10696116493064214,0.043052107192801475,False
e2a_k15,2024-09-24,0.11585062566108434,0.17262654941646274,False
e2a_k15,2024-09-25,0.054493048792235994,0.021395054979164475,False
e2a_k15,2024-09-26,-0.10655162877195884,-0.16346163616366755,True
e2a_k15,2024-09-27,0.23648786989354523,0.1941887523901503,True
e2a_k15,2024-09-30,-0.025626774008952736,-0.053558267736524334,True
e2a_k15,2024-10-08,0.07912912222101447,0.12682619167883558,True
e2a_k15,2024-10-09,-0.0021762386006051694,0.06754681968683865,True
e2a_k15,2024-10-10,0.013057419211893559,0.06781321483335273,True
e2a_k15,2024-10-11,-0.09558519165808402,-0.10241573894071815,True
e2a_k15,2024-10-14,-0.1543182616325964,-0.16948931457321145,True
e2a_k15,2024-10-15,0.043329357388618615,0.0644253929294105,True
e2a_k15,2024-10-16,0.05087137050207665,0.019526305254563912,False
e2a_k15,2024-10-17,-0.03499822140289651,-0.14181485354809104,True
e2a_k15,2024-10-18,-0.04319367847922771,-0.0904064579899844,True
e2a_k15,2024-10-21,0.06181232350254995,0.15187156273789906,True
e2a_k15,2024-10-22,0.09856243132519513,0.1127911366737703,True
e2a_k15,2024-10-23,0.028638617837178512,0.08050042920118239,False
e2a_k15,2024-10-24,0.0748100199823177,0.09480705277616333,True
e2a_k15,2024-10-25,0.0389035401881138,0.11354175550440779,True
e2a_k15,2024-10-28,-0.05195994653732401,-0.016677188945489408,True
e2a_k15,2024-10-29,0.02421451775926591,0.05309487480738502,True
e2a_k15,2024-10-30,0.06777451437598211,0.028116658471326272,True
e2a_k15,2024-10-31,0.14243181723473047,0.2267934076170231,True
e2a_k15,2024-11-01,0.016890504722778487,-0.007596295540581239,True
e2a_k15,2024-11-04,0.025961253810997505,-0.06988953021028611,True
e2a_k15,2024-11-05,0.02285926175326318,0.03703683070498582,True
e2a_k15,2024-11-06,0.12465007600269282,0.2036734825109103,True
e2a_k15,2024-11-07,-0.011316123758920603,-0.011394551351715571,True
e2a_k15,2024-11-08,0.028894888776648447,-0.09562456695412895,True
e2a_k15,2024-11-11,-0.05716594628468082,0.10367447381353571,True
e2a_k15,2024-11-12,-0.0016622293609237493,0.02358921526516204,False
e2a_k15,2024-11-13,0.060048894882896636,0.2243368567551982,False
e2a_k15,2024-11-14,0.0035957837095789676,0.04543040273570004,True
e2a_k15,2024-11-15,0.1070235751264126,0.17103003104989856,True
e2a_k15,2024-11-18,-0.11929687987720287,-0.164439944172491,False
e2a_k15,2024-11-19,0.021893054030841637,-0.049379525288411746,True
e2a_k15,2024-11-20,0.02250646347731685,0.024939880420545308,False
e2a_k15,2024-11-21,-0.004694903455477876,0.06664479623902256,True
e2a_k15,2024-11-22,0.05995931677333699,0.06458254024618912,True
e2a_k15,2024-11-25,0.04904363157722422,0.17945543692131194,True
e2a_k15,2024-11-26,-0.11130177200733582,-0.18733626008650203,True
e2a_k15,2024-11-27,0.11758572044982572,0.21123912484023594,False
e2a_k15,2024-11-28,-0.036457614473121354,-0.050925851467445625,False
e2a_k15,2024-11-29,0.05454499685400223,0.02069079606422566,False
e2a_k15,2024-12-02,0.09513557311619814,0.1825656718734074,False
e2a_k15,2024-12-03,0.010700303403557735,0.03615867389141229,False
e2a_k15,2024-12-04,0.021638274429612008,-0.004379494440369615,False
e2a_k15,2024-12-05,0.17946093868510093,0.29150487218841203,False
e2a_k15,2024-12-06,0.01495339142070121,0.08305155194898681,False
e2a_k15,2024-12-09,-0.024056357108192632,-0.007702516868251301,False
e2a_k15,2024-12-10,0.019194532131295773,0.025879937053878123,False
e2a_k15,2024-12-11,-0.03893596851421795,0.030686501615272328,False
e2a_k15,2024-12-12,-0.02945564349795707,-0.02618982762448548,True
e2a_k15,2024-12-13,0.07487895250553128,0.14828328740519106,False
e2a_k15,2024-12-16,-0.010625738889049696,0.029855093740773563,False
e2a_k15,2024-12-17,-0.08225166903819162,-0.07841050544006654,True
e2a_k15,2024-12-18,-0.11465934671433152,-0.13751810030121808,True
e2a_k15,2024-12-19,-0.14887847712407282,-0.24246384853555591,True
e2a_k15,2024-12-20,0.04187816015747458,0.13212650264736564,True
e2a_k15,2024-12-23,-0.024709669690706447,-0.04272948940357935,False
e2a_k15,2024-12-24,0.010284307099676197,0.07999496557171436,False
e2a_k15,2024-12-25,-0.09932310078869845,-0.1491061013245725,True
e2a_k15,2024-12-26,0.18405548393852061,0.3426870021890186,False
e2a_k15,2024-12-27,0.06258209977918244,0.08014621655556163,False
e2a_k15,2024-12-30,0.025409501955659754,0.13140902251840061,True
e2a_k60,2024-01-02,0.1846322489128287,0.2065192387800116,False
e2a_k60,2024-01-03,0.040361930561954924,0.05937908845754381,False
e2a_k60,2024-01-04,0.1271157276347762,0.2079958284624537,False
e2a_k60,2024-01-05,0.06936196462064267,0.09155465796090993,False
e2a_k60,2024-01-08,0.0951160020389505,0.10019343311976674,False
e2a_k60,2024-01-09,0.020935182326682136,0.012255241649216162,False
e2a_k60,2024-01-10,-0.1586212535458224,-0.13367839076009788,False
e2a_k60,2024-01-11,0.20869109808536007,0.1968497164662693,False
e2a_k60,2024-01-12,0.0260839740580822,0.052684163896184834,False
e2a_k60,2024-01-15,-0.00462296439618004,0.0067681537750292255,False
e2a_k60,2024-01-16,0.09009997838589838,0.18240824798880062,False
e2a_k60,2024-01-17,-0.09438418846716408,-0.08133292553229532,False
e2a_k60,2024-01-18,0.1534889917974901,0.23630915774981376,False
e2a_k60,2024-01-19,0.08398804628847929,0.1049991149714867,False
e2a_k60,2024-01-22,0.04489379473472865,0.05954092139337562,False
e2a_k60,2024-01-23,0.09654193348751253,0.17835622331181086,False
e2a_k60,2024-01-24,0.07658248282682596,0.09718619482520008,False
e2a_k60,2024-01-25,0.21388518853459185,0.3329284424294062,False
e2a_k60,2024-01-26,0.1458886759603095,0.15534751242717101,False
e2a_k60,2024-01-29,0.048271040090949215,0.07774894913286486,False
e2a_k60,2024-01-30,0.08848944215207481,0.1354927317455128,False
e2a_k60,2024-01-31,-0.0555607325617587,-0.07341855897331678,False
e2a_k60,2024-02-01,-0.06754482473207828,0.05471462471026174,True
e2a_k60,2024-02-02,0.061170227370917825,0.12229671034069299,True
e2a_k60,2024-02-05,0.04100723977343489,0.00940478762122499,True
e2a_k60,2024-02-06,0.05380044348452419,0.06453743767708225,True
e2a_k60,2024-02-07,0.08633982903178485,0.015259519031738712,True
e2a_k60,2024-02-08,-0.0974007168874321,-0.09707135771049,True
e2a_k60,2024-02-19,-0.07311327915103008,-0.1345387174758919,False
e2a_k60,2024-02-20,-0.006964526050992201,-0.07588972446512621,False
e2a_k60,2024-02-21,-0.016257937379461657,-0.04310044714252516,False
e2a_k60,2024-02-22,0.05224217705630883,-0.03493261175917857,False
e2a_k60,2024-02-23,0.020616533770863678,-0.07759512790027343,False
e2a_k60,2024-02-26,0.03100387370071114,-0.15393363234291838,False
e2a_k60,2024-02-27,-0.07341269552579129,0.11402639928778567,True
e2a_k60,2024-02-28,0.1476081892920165,0.15305367727662902,False
e2a_k60,2024-02-29,-0.001117681352394461,-0.055870695415842504,False
e2a_k60,2024-03-01,-0.09871277707335532,-0.12450680787765127,False
e2a_k60,2024-03-04,-0.05315268431474919,0.057530566423176756,False
e2a_k60,2024-03-05,-0.012597653653099228,0.037609432391774326,False
e2a_k60,2024-03-06,0.0005773397692831495,0.14636466077627647,False
e2a_k60,2024-03-07,-0.010327994091718445,-0.019055906765060852,False
e2a_k60,2024-03-08,0.04049128138378172,-0.05288627305002202,False
e2a_k60,2024-03-11,-0.11029040517828652,-0.10298827635497908,False
e2a_k60,2024-03-12,-0.05970087106208867,-0.11324789963187748,False
e2a_k60,2024-03-13,0.1089960983252066,0.24088140518254178,False
e2a_k60,2024-03-14,0.07793656726008759,0.10399758692413376,False
e2a_k60,2024-03-15,-0.01678627929403102,-0.051519699137511366,False
e2a_k60,2024-03-18,0.05486579652738156,0.08089987655554222,False
e2a_k60,2024-03-19,-0.0427564759395645,-0.031087139658417712,False
e2a_k60,2024-03-20,0.08527452487976436,0.14673233673576844,False
e2a_k60,2024-03-21,-0.07681431041044456,-0.08279702183687708,False
e2a_k60,2024-03-22,0.101385516547381,0.18303385383404236,True
e2a_k60,2024-03-25,-0.036508091874781774,-0.045284245240993524,False
e2a_k60,2024-03-26,0.01824175557999716,0.1555030566228461,True
e2a_k60,2024-03-27,-0.07921457604733839,-0.04064544582520571,False
e2a_k60,2024-03-28,0.059543565904147285,0.10073460639539177,False
e2a_k60,2024-03-29,0.09366139301619307,0.09359653144452393,False
e2a_k60,2024-04-01,0.15448296599749428,0.2705785325438803,True
e2a_k60,2024-04-02,0.05649225927133078,0.11107771482451134,False
e2a_k60,2024-04-03,-0.016835672169135587,0.06721685334524294,False
e2a_k60,2024-04-08,0.10154152873287949,0.10360123894553967,False
e2a_k60,2024-04-09,0.09956207598981988,0.15874334329222448,False
e2a_k60,2024-04-10,0.03842300664753422,0.08369198317070553,False
e2a_k60,2024-04-11,0.0449121771311063,0.051009099383557646,False
e2a_k60,2024-04-12,-0.06551906931250284,-0.06450545104465248,True
e2a_k60,2024-04-15,-0.12763654146239192,-0.11877524404005176,True
e2a_k60,2024-04-16,-0.01253006078547193,0.003624289657212219,True
e2a_k60,2024-04-17,-0.12079287489797302,-0.10335740937299594,False
e2a_k60,2024-04-18,0.022378430473683625,0.0600119292886694,True
e2a_k60,2024-04-19,0.019125466854933257,-0.009630257949847338,True
e2a_k60,2024-04-22,0.017144318281728816,-0.06528474381191197,False
e2a_k60,2024-04-23,0.08017890340842357,-0.01159821267421277,True
e2a_k60,2024-04-24,0.021406756796329713,0.04184261889070594,False
e2a_k60,2024-04-25,0.1181071266343041,0.05572137225868102,True
e2a_k60,2024-04-26,0.08044297986622174,0.08570568109089019,True
e2a_k60,2024-04-29,0.05863301611332336,0.131950559498238,False
e2a_k60,2024-04-30,-0.06211843170707072,-0.05822921348838917,False
e2a_k60,2024-05-06,0.0405552429449674,-0.0012437167734516673,False
e2a_k60,2024-05-07,0.00836532048561404,0.07818245068539562,False
e2a_k60,2024-05-08,-0.0232115988299195,-0.01686324569157391,False
e2a_k60,2024-05-09,0.11601133660936773,0.20261727081527167,False
e2a_k60,2024-05-10,-0.038331774640128415,-0.030433016496323777,True
e2a_k60,2024-05-13,0.006351391728721707,0.02411945211709682,False
e2a_k60,2024-05-14,0.09071828557219909,0.12100870000564021,False
e2a_k60,2024-05-15,0.07675318016555678,0.08966037279214549,False
e2a_k60,2024-05-16,0.045158866953630264,0.033476281640929494,False
e2a_k60,2024-05-17,-0.024290874712501537,0.012618172797908314,False
e2a_k60,2024-05-20,0.07226170049924861,0.10752220049642705,False
e2a_k60,2024-05-21,0.11142972002369321,0.10510637518026585,False
e2a_k60,2024-05-22,-0.022379965231297438,0.03686028249766585,False
e2a_k60,2024-05-23,0.1326883298755843,0.18077637766570348,False
e2a_k60,2024-05-24,-0.002444932369335529,0.0002379971803668404,False
e2a_k60,2024-05-27,-0.09393900362366651,-0.11094333785023894,False
e2a_k60,2024-05-28,-0.0022280944654951727,-0.00427106086565533,False
e2a_k60,2024-05-29,0.011589067288158738,0.029553519610368152,False
e2a_k60,2024-05-30,0.024842047643960946,-0.01737689239434214,False
e2a_k60,2024-05-31,-0.20179537116878246,-0.18412752460223042,False
e2a_k60,2024-06-03,-0.06242940588558402,0.027333111165793185,False
e2a_k60,2024-06-04,0.035341039635719725,0.012372699163860218,False
e2a_k60,2024-06-05,0.06753719601842743,0.12662398440325684,False
e2a_k60,2024-06-06,0.24014333300199117,0.3053142073926504,False
e2a_k60,2024-06-07,-0.12752841980911023,-0.20715582067818955,True
e2a_k60,2024-06-11,0.01122726574495471,0.0073141708339419685,False
e2a_k60,2024-06-12,-0.05203993753873234,-0.09891908411694211,False
e2a_k60,2024-06-13,0.01863541248873452,0.06298480419304463,False
e2a_k60,2024-06-14,-0.05096676476694622,-0.10159185393459692,False
e2a_k60,2024-06-17,0.022800932836698307,0.034914124192245904,False
e2a_k60,2024-06-18,0.04479508618627602,0.08531620220177578,False
e2a_k60,2024-06-19,0.09031347402801987,0.04476431841427401,False
e2a_k60,2024-06-20,0.061041990578927896,0.0626642218119708,False
e2a_k60,2024-06-21,-0.00805102843242566,0.03669864303707815,False
e2a_k60,2024-06-24,0.15974340822012667,0.17165419766847945,False
e2a_k60,2024-06-25,0.10872568194626585,0.08467159998965937,False
e2a_k60,2024-06-26,0.01724103721572853,0.029960385909625617,False
e2a_k60,2024-06-27,0.003987326783224907,0.02362956726444711,False
e2a_k60,2024-06-28,0.12856194740220808,0.1894616419850098,False
e2a_k60,2024-07-01,0.1501623031636145,0.18480356099289777,False
e2a_k60,2024-07-02,0.08827233517206302,0.11032064968092985,False
e2a_k60,2024-07-03,0.026960615808522905,0.07120013208401968,False
e2a_k60,2024-07-04,0.0434780143914526,0.032884617669944355,False
e2a_k60,2024-07-05,0.012491176683689095,0.044168082351707064,False
e2a_k60,2024-07-08,-0.12041177690375003,-0.12312467448754162,True
e2a_k60,2024-07-09,-0.09181010709543742,-0.18145767097847246,False
e2a_k60,2024-07-10,0.12155994477181845,0.1212787816228696,False
e2a_k60,2024-07-11,-0.003397353796669649,0.022170244523628067,False
e2a_k60,2024-07-12,-0.01187537458181616,0.08621097297623286,False
e2a_k60,2024-07-15,-0.08248648760519293,-0.10921102544586805,False
e2a_k60,2024-07-16,0.11836445950613853,0.17320057146647988,False
e2a_k60,2024-07-17,0.0713385344678024,0.0698713977451504,False
e2a_k60,2024-07-18,0.003529760444785739,-0.0409553397884387,False
e2a_k60,2024-07-19,-0.0009792690479748418,-0.01371203876837349,False
e2a_k60,2024-07-22,0.07872600774367636,0.16806794549891993,False
e2a_k60,2024-07-23,0.09856781982372635,0.12709565259280203,False
e2a_k60,2024-07-24,0.0681419210038843,0.05640324637346893,False
e2a_k60,2024-07-25,0.0975233742126491,0.09516806801554636,False
e2a_k60,2024-07-26,0.05852430229839222,0.12370159828509204,False
e2a_k60,2024-07-29,0.06586775482787753,0.04827504431073003,False
e2a_k60,2024-07-30,-0.011750478948420929,-0.09833691639881652,False
e2a_k60,2024-07-31,0.020498312716417715,0.06777249223796226,False
e2a_k60,2024-08-01,0.0396724811773069,0.08083441338725261,False
e2a_k60,2024-08-02,0.0833839430127964,0.1077795332649577,False
e2a_k60,2024-08-05,0.0034027044104090434,-0.011465953249302515,False
e2a_k60,2024-08-06,0.029491327186402003,0.03724389970320373,False
e2a_k60,2024-08-07,0.14873666422432189,0.2260035685364853,False
e2a_k60,2024-08-08,0.1047217023821353,0.1809323618514382,False
e2a_k60,2024-08-09,-0.005272204179829834,0.027399651473370017,False
e2a_k60,2024-08-12,0.05690604788097597,0.05459168320504552,False
e2a_k60,2024-08-13,0.04572075840044668,0.134003367118318,False
e2a_k60,2024-08-14,0.030606292623505074,0.027681579271015323,False
e2a_k60,2024-08-15,-0.02577672240294249,-0.026159887431536376,False
e2a_k60,2024-08-16,0.05537893887034318,0.13982592698555338,False
e2a_k60,2024-08-19,0.026483206213702575,0.090078244434467,False
e2a_k60,2024-08-20,-0.023645783236570333,-0.052009266554169965,False
e2a_k60,2024-08-21,0.07765292087175371,0.13962641089858283,False
e2a_k60,2024-08-22,-0.003148640095301764,0.010119661673657292,False
e2a_k60,2024-08-23,0.09631332985506658,0.14044379914205377,False
e2a_k60,2024-08-26,0.08014712881405474,0.13705497776278533,False
e2a_k60,2024-08-27,-0.003087345717164308,-0.03300197830808947,False
e2a_k60,2024-08-28,-0.03553108299261121,-0.07352351643143451,False
e2a_k60,2024-08-29,-0.10193478211787096,-0.2057628317395834,False
e2a_k60,2024-08-30,0.04717926781307461,0.16231333149612548,False
e2a_k60,2024-09-02,-0.08975720522078702,-0.13774074387290525,False
e2a_k60,2024-09-03,-0.17815635141427527,-0.24684203695025148,False
e2a_k60,2024-09-04,0.06428945728295542,0.06207522516510935,False
e2a_k60,2024-09-05,0.07215036373484399,0.17259521568991895,False
e2a_k60,2024-09-06,-0.010720800168108287,-0.00878338664312841,False
e2a_k60,2024-09-09,-0.025584497498925916,-0.07485510032551666,False
e2a_k60,2024-09-10,-0.07827734542794056,-0.15553680683980317,False
e2a_k60,2024-09-11,0.1943203518809795,0.2165426328691372,False
e2a_k60,2024-09-12,0.18248617621672886,0.25648184766232635,False
e2a_k60,2024-09-13,0.010381624164807882,0.0208093702380363,False
e2a_k60,2024-09-18,0.16041006184018478,0.23073373811489178,False
e2a_k60,2024-09-19,0.06529445539805928,0.10598497077490185,False
e2a_k60,2024-09-20,0.004566233374456753,0.02711824772916779,False
e2a_k60,2024-09-23,0.08866099036424187,0.02546563073017589,False
e2a_k60,2024-09-24,0.10299857906635866,0.15889884580800293,False
e2a_k60,2024-09-25,0.02153670696104364,-0.013169131211200572,False
e2a_k60,2024-09-26,-0.07470966948502406,-0.11619597763508246,True
e2a_k60,2024-09-27,0.19850474547148816,0.15279533213709373,True
e2a_k60,2024-09-30,-0.08879995238634614,-0.11343866474185833,True
e2a_k60,2024-10-08,0.06683773006133745,0.12145783106520452,True
e2a_k60,2024-10-09,0.09382379755649697,0.15816428313478884,True
e2a_k60,2024-10-10,-0.014076141934192793,0.04675764319210872,True
e2a_k60,2024-10-11,-0.05127663419898028,-0.05882820977433271,True
e2a_k60,2024-10-14,-0.1313057045164022,-0.1467359232835567,True
e2a_k60,2024-10-15,0.019005183798946026,0.04207362700675967,True
e2a_k60,2024-10-16,0.04556220754033209,0.013843826987241754,False
e2a_k60,2024-10-17,-0.05401742287492597,-0.15170518005600908,True
e2a_k60,2024-10-18,-0.11027719254230664,-0.16687057177723463,True
e2a_k60,2024-10-21,0.05181600258914749,0.14699121700736686,True
e2a_k60,2024-10-22,0.1219007103937847,0.13739541354993984,True
e2a_k60,2024-10-23,0.042049925437081734,0.09314826036845233,False
e2a_k60,2024-10-24,0.0793210865028255,0.10159600723923175,True
e2a_k60,2024-10-25,0.03375222857737839,0.10136381286084628,True
e2a_k60,2024-10-28,-0.0406472901320679,-0.004985428248651286,True
e2a_k60,2024-10-29,0.012331386374729686,0.04532876969890494,True
e2a_k60,2024-10-30,0.07558056808021933,0.031049028505691998,True
e2a_k60,2024-10-31,0.1480783629169549,0.2354404610207142,True
e2a_k60,2024-11-01,0.05654134478987489,0.028052789883584856,True
e2a_k60,2024-11-04,0.009238972129175321,-0.09248961208317052,True
e2a_k60,2024-11-05,0.02923214623480118,0.043850201238228755,True
e2a_k60,2024-11-06,0.1417318963904002,0.23063411185651314,True
e2a_k60,2024-11-07,-0.010064009101647495,-0.010144095990312836,True
e2a_k60,2024-11-08,-0.009370467104950304,-0.13238910617487631,True
e2a_k60,2024-11-11,-0.04953984542936245,0.11801130936260848,True
e2a_k60,2024-11-12,0.00344810316569763,0.02947066052054638,False
e2a_k60,2024-11-13,0.04235148603787658,0.21200921708332487,False
e2a_k60,2024-11-14,0.013895624982363268,0.05891286866062043,True
e2a_k60,2024-11-15,0.08724163464761911,0.137966502516016,True
e2a_k60,2024-11-18,-0.04508414050362834,-0.0930598801174667,False
e2a_k60,2024-11-19,0.00736769060546273,-0.06283289604832583,True
e2a_k60,2024-11-20,0.034580499663833496,0.037055287438637625,False
e2a_k60,2024-11-21,-0.0036646182362987264,0.07317300205163668,True
e2a_k60,2024-11-22,0.07939457406743637,0.08373563223579383,True
e2a_k60,2024-11-25,0.05292924750378629,0.18119992210572214,True
e2a_k60,2024-11-26,-0.14298622915813433,-0.22189616364087208,True
e2a_k60,2024-11-27,0.0982951582183846,0.19511134106174854,False
e2a_k60,2024-11-28,-0.07008807902182021,-0.08491144342830775,False
e2a_k60,2024-11-29,0.06453573066905724,0.032865657036333984,False
e2a_k60,2024-12-02,0.10746267048356485,0.18970299185069753,False
e2a_k60,2024-12-03,0.008483436870757304,0.03601946747697567,False
e2a_k60,2024-12-04,0.026211372064444044,-0.0016042749417400175,False
e2a_k60,2024-12-05,0.15589745647592207,0.26853470221661996,False
e2a_k60,2024-12-06,0.01213227838888238,0.07980195576738125,False
e2a_k60,2024-12-09,-0.027405687078664896,-0.010389668628653431,False
e2a_k60,2024-12-10,0.014925983836550971,0.021032669000348735,False
e2a_k60,2024-12-11,-0.06149046148110265,0.006844862489948143,False
e2a_k60,2024-12-12,-0.0345707703255863,-0.03108864515210051,True
e2a_k60,2024-12-13,0.08441915862841957,0.15643686294338766,False
e2a_k60,2024-12-16,-0.04409047754174121,-0.0023219243282991114,False
e2a_k60,2024-12-17,-0.0847912978012271,-0.08112632013492276,True
e2a_k60,2024-12-18,-0.05716111218990642,-0.07778732087673697,True
e2a_k60,2024-12-19,-0.17488815704705898,-0.26829359521350715,True
e2a_k60,2024-12-20,0.07353417603490264,0.16225242801773088,True
e2a_k60,2024-12-23,-0.04681361521378856,-0.06617100890200588,False
e2a_k60,2024-12-24,-0.013306710290399214,0.05118066136052206,False
e2a_k60,2024-12-25,-0.10814763700998956,-0.15899640370044607,True
e2a_k60,2024-12-26,0.15169550540544155,0.30114861665697473,False
e2a_k60,2024-12-27,0.0363810826378956,0.051848500537347894,False
e2a_k60,2024-12-30,0.0035526254745927425,0.10736725689053887,True
e2b_2_10_45,2024-01-02,0.16344789033678586,0.1864617739730768,False
e2b_2_10_45,2024-01-03,0.049980001176297244,0.06904806565350023,False
e2b_2_10_45,2024-01-04,0.16872222032771278,0.25111062823219116,False
e2b_2_10_45,2024-01-05,0.0694828420819356,0.09189033110606805,False
e2b_2_10_45,2024-01-08,0.09470634038265746,0.10028460559341017,False
e2b_2_10_45,2024-01-09,0.0040504427187658225,-0.004518416002857354,False
e2b_2_10_45,2024-01-10,-0.178143766543547,-0.15335164128948006,False
e2b_2_10_45,2024-01-11,0.22890071009749258,0.21570601751811888,False
e2b_2_10_45,2024-01-12,0.02183636121043607,0.048452501706731,False
e2b_2_10_45,2024-01-15,-0.007594938948487055,0.0038912111461035016,False
e2b_2_10_45,2024-01-16,0.10489795037768271,0.19665773601972514,False
e2b_2_10_45,2024-01-17,-0.1055700537069145,-0.08982243025599232,False
e2b_2_10_45,2024-01-18,0.1629307612610078,0.24638560448927166,False
e2b_2_10_45,2024-01-19,0.0647927971077847,0.0867123151696438,False
e2b_2_10_45,2024-01-22,0.06575227394171507,0.08272812324796142,False
e2b_2_10_45,2024-01-23,0.11301882974345316,0.19140670164741613,False
e2b_2_10_45,2024-01-24,0.08509107989692909,0.1043529962438701,False
e2b_2_10_45,2024-01-25,0.23480278165846924,0.3629387657119173,False
e2b_2_10_45,2024-01-26,0.16685250238316757,0.17699208965604926,False
e2b_2_10_45,2024-01-29,0.04008787730369587,0.0697208178800106,False
e2b_2_10_45,2024-01-30,0.1048003792364552,0.15214380942180442,False
e2b_2_10_45,2024-01-31,-0.04836611837790592,-0.06620689046773927,False
e2b_2_10_45,2024-02-01,-0.07144620021082425,0.050307104679060854,True
e2b_2_10_45,2024-02-02,0.0824713205855085,0.13950910752431173,True
e2b_2_10_45,2024-02-05,0.04019769688040034,0.013069896206365426,True
e2b_2_10_45,2024-02-06,0.047586344580164565,0.05800896341950837,True
e2b_2_10_45,2024-02-07,0.11852138021079477,0.06025719186172809,True
e2b_2_10_45,2024-02-08,-0.10309117395686052,-0.10276778959006297,True
e2b_2_10_45,2024-02-19,-0.07083476809749713,-0.12970258739232027,False
e2b_2_10_45,2024-02-20,-0.014032407968880403,-0.07831995137882136,False
e2b_2_10_45,2024-02-21,0.029925993247778684,0.005462819649233802,False
e2b_2_10_45,2024-02-22,0.05324626323320332,-0.03177629348190304,False
e2b_2_10_45,2024-02-23,0.03551143779696285,-0.06027950895808897,False
e2b_2_10_45,2024-02-26,0.03799876620650059,-0.1319889192097959,False
e2b_2_10_45,2024-02-27,-0.061424736665464504,0.1599758434904824,True
e2b_2_10_45,2024-02-28,0.16763153481100318,0.17342909188977784,False
e2b_2_10_45,2024-02-29,0.022142264194298912,-0.03817249579881446,False
e2b_2_10_45,2024-03-01,-0.0949258225885846,-0.11913508997486251,False
e2b_2_10_45,2024-03-04,-0.06659056157800514,0.04136015728399263,False
e2b_2_10_45,2024-03-05,-0.009024481024675927,0.037491004843696225,False
e2b_2_10_45,2024-03-06,0.01621719575311247,0.15596197653745808,False
e2b_2_10_45,2024-03-07,0.003666297887002132,-0.004961672610023306,False
e2b_2_10_45,2024-03-08,0.04421384243960223,-0.04553458129251398,False
e2b_2_10_45,2024-03-11,-0.08405870236372578,-0.07643932907245769,False
e2b_2_10_45,2024-03-12,-0.05970465730945303,-0.10993746641156943,False
e2b_2_10_45,2024-03-13,0.11268220550662764,0.24072547765791225,False
e2b_2_10_45,2024-03-14,0.08050117203796786,0.10540681961953778,False
e2b_2_10_45,2024-03-15,-0.01858176787502504,-0.05546350024481987,False
e2b_2_10_45,2024-03-18,0.047961849314410845,0.07442949812296717,False
e2b_2_10_45,2024-03-19,-0.024087827363062135,-0.01257268616082598,False
e2b_2_10_45,2024-03-20,0.09755996395003927,0.15830937757321048,False
e2b_2_10_45,2024-03-21,-0.07757563767743812,-0.08353263644946467,False
e2b_2_10_45,2024-03-22,0.10549345111523485,0.1861349224853458,True
e2b_2_10_45,2024-03-25,-0.07493007509186064,-0.0854728551437398,False
e2b_2_10_45,2024-03-26,0.05253897089266793,0.18570791516356797,True
e2b_2_10_45,2024-03-27,-0.12072414771404888,-0.07937100429487425,False
e2b_2_10_45,2024-03-28,0.056577751610414256,0.09564700420220837,False
e2b_2_10_45,2024-03-29,0.0951365054005832,0.09504262948662957,False
e2b_2_10_45,2024-04-01,0.1448540935352069,0.26203249792040173,True
e2b_2_10_45,2024-04-02,0.07587534834614713,0.13050215204738372,False
e2b_2_10_45,2024-04-03,-0.038631447469214285,0.04581602676220553,False
e2b_2_10_45,2024-04-08,0.15729448288865708,0.15925038967898117,False
e2b_2_10_45,2024-04-09,0.06457223297010288,0.12787598463076888,False
e2b_2_10_45,2024-04-10,0.01963704093904271,0.06640447073126268,False
e2b_2_10_45,2024-04-11,0.04769225127839476,0.054047224068700536,False
e2b_2_10_45,2024-04-12,-0.06294153959279032,-0.06188735647201201,True
e2b_2_10_45,2024-04-15,-0.06915914119283281,-0.06057054328566908,True
e2b_2_10_45,2024-04-16,-0.04139418597586207,-0.023600618831182238,True
e2b_2_10_45,2024-04-17,-0.11654516282402291,-0.09938663742160342,False
e2b_2_10_45,2024-04-18,0.060000933541082734,0.0962296637149061,True
e2b_2_10_45,2024-04-19,-0.011388235403953251,-0.03967836258192991,True
e2b_2_10_45,2024-04-22,0.009909911396398217,-0.06921370790775822,False
e2b_2_10_45,2024-04-23,0.10282825933734768,0.011261051800240379,True
e2b_2_10_45,2024-04-24,0.025727260804435464,0.04718980337032779,False
e2b_2_10_45,2024-04-25,0.1282679198929131,0.06770009796362302,True
e2b_2_10_45,2024-04-26,0.060846242000432545,0.0658535277213542,True
e2b_2_10_45,2024-04-29,0.07056633949226095,0.14135715512530653,False
e2b_2_10_45,2024-04-30,-0.04873359608156891,-0.044994451954418986,False
e2b_2_10_45,2024-05-06,0.029193213545612447,-0.0097746610063364,False
e2b_2_10_45,2024-05-07,0.0004118929353392774,0.06956047544941195,False
e2b_2_10_45,2024-05-08,-0.041549670643636814,-0.03499050429379903,False
e2b_2_10_45,2024-05-09,0.11044780137120813,0.1996259865582409,False
e2b_2_10_45,2024-05-10,-0.045682850724141966,-0.03701908552024351,True
e2b_2_10_45,2024-05-13,0.012149127841805276,0.0301665311829443,False
e2b_2_10_45,2024-05-14,0.09651181637669685,0.12955710924444236,False
e2b_2_10_45,2024-05-15,0.08055901795309371,0.093455100358514,False
e2b_2_10_45,2024-05-16,0.024150882402792152,0.00991877888930886,False
e2b_2_10_45,2024-05-17,-0.047853558715423766,-0.006687507275917398,False
e2b_2_10_45,2024-05-20,0.08726660830492766,0.12249596029591352,False
e2b_2_10_45,2024-05-21,0.11256328592725455,0.105983663797851,False
e2b_2_10_45,2024-05-22,-0.01872069895812256,0.04119964524471727,False
e2b_2_10_45,2024-05-23,0.1427827920863531,0.19013716769249478,False
e2b_2_10_45,2024-05-24,-0.011671489963081724,-0.008815886423641665,False
e2b_2_10_45,2024-05-27,-0.07217193884528277,-0.0887635708896828,False
e2b_2_10_45,2024-05-28,0.020769341637086502,0.01828742484171462,False
e2b_2_10_45,2024-05-29,0.03813404416741925,0.05603840464258341,False
e2b_2_10_45,2024-05-30,0.022604801820078624,-0.02266035054915493,False
e2b_2_10_45,2024-05-31,-0.18527352862620794,-0.16640728560353016,False
e2b_2_10_45,2024-06-03,-0.06604359880294883,0.023086269166291074,False
e2b_2_10_45,2024-06-04,0.064926957090277,0.043590908809610404,False
e2b_2_10_45,2024-06-05,0.03835453351465416,0.09914119936426224,False
e2b_2_10_45,2024-06-06,0.25673389923665246,0.31697816801444756,False
e2b_2_10_45,2024-06-07,-0.13498545293536207,-0.21300558556688298,True
e2b_2_10_45,2024-06-11,0.02083462230320623,0.016721272251990854,False
e2b_2_10_45,2024-06-12,-0.00518042186831978,-0.05181706628274895,False
e2b_2_10_45,2024-06-13,0.04031133913450309,0.08765952801217586,False
e2b_2_10_45,2024-06-14,-0.036040840995920156,-0.08564420466488042,False
e2b_2_10_45,2024-06-17,0.02323800293284569,0.035535857817579154,False
e2b_2_10_45,2024-06-18,0.06145918215308078,0.10181846039333613,False
e2b_2_10_45,2024-06-19,0.10432659754048756,0.060547630696496074,False
e2b_2_10_45,2024-06-20,0.07651424336863734,0.07822846391261717,False
e2b_2_10_45,2024-06-21,-1.3648922417575453e-05,0.04712570503919435,False
e2b_2_10_45,2024-06-24,0.1634640162459965,0.1756730660293025,False
e2b_2_10_45,2024-06-25,0.11760585788380962,0.09320131180884061,False
e2b_2_10_45,2024-06-26,-0.01734057056803974,-0.003801973144154409,False
e2b_2_10_45,2024-06-27,0.02031454800114621,0.04049142941538853,False
e2b_2_10_45,2024-06-28,0.1459368699400444,0.20487806675279677,False
e2b_2_10_45,2024-07-01,0.15450127291840987,0.18902746255174924,False
e2b_2_10_45,2024-07-02,0.06107343384993525,0.08236386512955861,False
e2b_2_10_45,2024-07-03,0.03952148073464272,0.08158435574450829,False
e2b_2_10_45,2024-07-04,0.08988812304240915,0.07955880043819405,False
e2b_2_10_45,2024-07-05,0.019533322769260533,0.05219742635927432,False
e2b_2_10_45,2024-07-08,-0.1097673837401662,-0.11265994648850731,True
e2b_2_10_45,2024-07-09,-0.08682004429719112,-0.17449326231265336,False
e2b_2_10_45,2024-07-10,0.11479056706049247,0.11453631275818069,False
e2b_2_10_45,2024-07-11,0.005682994486970161,0.030920329390590525,False
e2b_2_10_45,2024-07-12,-0.02532095269799762,0.07604834040181913,False
e2b_2_10_45,2024-07-15,-0.06218654739546954,-0.08801236736972112,False
e2b_2_10_45,2024-07-16,0.12396020552146965,0.1831322104083108,False
e2b_2_10_45,2024-07-17,0.039990689115043915,0.038741681118702194,False
e2b_2_10_45,2024-07-18,-0.04126933195277764,-0.08398433794683809,False
e2b_2_10_45,2024-07-19,-0.014822234809945696,-0.02777036845142352,False
e2b_2_10_45,2024-07-22,0.02390134323174494,0.10850358714011901,False
e2b_2_10_45,2024-07-23,0.0776332921302625,0.10907892491574166,False
e2b_2_10_45,2024-07-24,0.04364688587749433,0.032548816000722236,False
e2b_2_10_45,2024-07-25,0.08364292979462092,0.08149876847641165,False
e2b_2_10_45,2024-07-26,0.040256790682539095,0.10766411200986653,False
e2b_2_10_45,2024-07-29,0.04769865023464471,0.030381566951868413,False
e2b_2_10_45,2024-07-30,-0.03798032610599031,-0.12815165943518445,False
e2b_2_10_45,2024-07-31,0.004379213879891991,0.050790249569747564,False
e2b_2_10_45,2024-08-01,0.07333716066044514,0.11328635529732564,False
e2b_2_10_45,2024-08-02,0.018507677170789747,0.040305282019709454,False
e2b_2_10_45,2024-08-05,-0.0006845391923041258,-0.013073398949918727,False
e2b_2_10_45,2024-08-06,0.03482265242240414,0.042530294470285224,False
e2b_2_10_45,2024-08-07,0.141640037378751,0.21297733402143712,False
e2b_2_10_45,2024-08-08,0.09042884619547918,0.1605993862260753,False
e2b_2_10_45,2024-08-09,-0.010262012702591791,0.01988229016126797,False
e2b_2_10_45,2024-08-12,0.10737912451565547,0.10484103622836277,False
e2b_2_10_45,2024-08-13,0.05645301533500292,0.1468010923091135,False
e2b_2_10_45,2024-08-14,0.03434694570743655,0.031685613461976715,False
e2b_2_10_45,2024-08-15,-0.012668690825428793,-0.013044121357821988,False
e2b_2_10_45,2024-08-16,0.06387119924440168,0.15117371013445488,False
e2b_2_10_45,2024-08-19,0.02119176297421558,0.08540983416002557,False
e2b_2_10_45,2024-08-20,0.0023897829348755737,-0.02855335702536793,False
e2b_2_10_45,2024-08-21,0.06393544550846661,0.12839455614479062,False
e2b_2_10_45,2024-08-22,-0.01060769170547152,0.002833831879847674,False
e2b_2_10_45,2024-08-23,0.10304502785073834,0.14868321828702916,False
e2b_2_10_45,2024-08-26,0.09404709269342958,0.15083989873093195,False
e2b_2_10_45,2024-08-27,0.007295798652817329,-0.02500747960088844,False
e2b_2_10_45,2024-08-28,-0.039093748130623426,-0.07740112637599585,False
e2b_2_10_45,2024-08-29,-0.13224036401084338,-0.2294969903716779,False
e2b_2_10_45,2024-08-30,0.05518724461100544,0.17185714311011951,False
e2b_2_10_45,2024-09-02,-0.046508249624012364,-0.09535086861744814,False
e2b_2_10_45,2024-09-03,-0.15907176197809736,-0.222908524338127,False
e2b_2_10_45,2024-09-04,0.09310983089753387,0.09081949017707065,False
e2b_2_10_45,2024-09-05,0.05382031908606265,0.15283178223060043,False
e2b_2_10_45,2024-09-06,-0.004189030955623691,-0.00250876939509062,False
e2b_2_10_45,2024-09-09,-0.045413747451981464,-0.09569284166709671,False
e2b_2_10_45,2024-09-10,-0.05356767288844879,-0.1271870580734311,False
e2b_2_10_45,2024-09-11,0.17211132044435448,0.19574104619709262,False
e2b_2_10_45,2024-09-12,0.1554714495906553,0.23274383732112525,False
e2b_2_10_45,2024-09-13,-0.0030257216035343352,0.007422842102818433,False
e2b_2_10_45,2024-09-18,0.15775172778076502,0.22555421678826798,False
e2b_2_10_45,2024-09-19,0.05428123037754017,0.09247943994998177,False
e2b_2_10_45,2024-09-20,-0.007493234819537502,0.012216229307503707,False
e2b_2_10_45,2024-09-23,0.08546467633553133,0.02321939690658326,False
e2b_2_10_45,2024-09-24,0.11924509713186303,0.17531100790664955,False
e2b_2_10_45,2024-09-25,0.018163647269631218,-0.014870817484426205,False
e2b_2_10_45,2024-09-26,-0.10523856007719809,-0.1727042072938812,True
e2b_2_10_45,2024-09-27,0.24064960302017813,0.20494923654758732,True
e2b_2_10_45,2024-09-30,-0.11369798909378276,-0.13594274261711997,True
e2b_2_10_45,2024-10-08,0.06652859510250077,0.11176522363008672,True
e2b_2_10_45,2024-10-09,0.1154536422352997,0.17385516892470354,True
e2b_2_10_45,2024-10-10,-0.02614848124743559,0.028706804079714997,True
e2b_2_10_45,2024-10-11,-0.102678485928473,-0.1096432447158393,True
e2b_2_10_45,2024-10-14,-0.14885404562871635,-0.16394631096698317,True
e2b_2_10_45,2024-10-15,0.02852142459648868,0.05153529912751367,True
e2b_2_10_45,2024-10-16,0.09654070444256689,0.0686401739104914,False
e2b_2_10_45,2024-10-17,-0.07038302757392985,-0.18570088722451486,True
e2b_2_10_45,2024-10-18,-0.053331233678070744,-0.10306451591586552,True
e2b_2_10_45,2024-10-21,0.03536288468167835,0.12444219449874828,True
e2b_2_10_45,2024-10-22,0.10030676838833652,0.11564408019624098,True
e2b_2_10_45,2024-10-23,0.05302621218886628,0.10333340951816439,False
e2b_2_10_45,2024-10-24,0.08193596954945179,0.1029487027840025,True
e2b_2_10_45,2024-10-25,0.043781289071633846,0.11646534437999553,True
e2b_2_10_45,2024-10-28,-0.03510355328866459,0.0010493074006475893,True
e2b_2_10_45,2024-10-29,0.008131221004705752,0.03522127774444785,True
e2b_2_10_45,2024-10-30,0.041486451451929376,0.003423005853595849,True
e2b_2_10_45,2024-10-31,0.1534845402789761,0.23610103362439466,True
e2b_2_10_45,2024-11-01,0.10775372066653585,0.08508239205531455,True
e2b_2_10_45,2024-11-04,0.04086860355240524,-0.056413805779997134,True
e2b_2_10_45,2024-11-05,0.04072678416335648,0.0557573794699892,True
e2b_2_10_45,2024-11-06,0.1407728278048343,0.22410320913409906,True
e2b_2_10_45,2024-11-07,0.04093337182305639,0.040833380022993,True
e2b_2_10_45,2024-11-08,0.034589031416343105,-0.08248914383373959,True
e2b_2_10_45,2024-11-11,-0.052866728352112716,0.11831372164724947,True
e2b_2_10_45,2024-11-12,0.04025926659821441,0.06474573359064925,False
e2b_2_10_45,2024-11-13,0.048698753307140234,0.21825372389760092,False
e2b_2_10_45,2024-11-14,-0.005797059528640744,0.03708213732360788,True
e2b_2_10_45,2024-11-15,0.1298681646273836,0.18855006772497726,True
e2b_2_10_45,2024-11-18,-0.055547290776260465,-0.10234527939747029,False
e2b_2_10_45,2024-11-19,0.0016719920933341542,-0.07309657516931473,True
e2b_2_10_45,2024-11-20,0.02672906449786286,0.02939394527723782,False
e2b_2_10_45,2024-11-21,-0.005386374533672431,0.06317229507156841,True
e2b_2_10_45,2024-11-22,0.07599137830198258,0.08068348642132953,True
e2b_2_10_45,2024-11-25,0.05445150976271873,0.1853776176636153,True
e2b_2_10_45,2024-11-26,-0.13008510325633804,-0.2095164060827453,True
e2b_2_10_45,2024-11-27,0.10494589772905914,0.20936595001099187,False
e2b_2_10_45,2024-11-28,-0.0511659753058927,-0.06616225033579846,False
e2b_2_10_45,2024-11-29,0.043685384893474,0.010945058401590421,False
e2b_2_10_45,2024-12-02,0.09689147858789939,0.18856337086794625,False
e2b_2_10_45,2024-12-03,0.02184494346580973,0.0496480346411697,False
e2b_2_10_45,2024-12-04,0.05040802359860608,0.02334927277377606,False
e2b_2_10_45,2024-12-05,0.18750312131611999,0.2999043266525575,False
e2b_2_10_45,2024-12-06,0.02612580776898285,0.09617453900669164,False
e2b_2_10_45,2024-12-09,-0.03515675832480218,-0.01936920510968852,False
e2b_2_10_45,2024-12-10,0.023183715148130776,0.02969815041578289,False
e2b_2_10_45,2024-12-11,-0.04454433603228062,0.024804800644238522,False
e2b_2_10_45,2024-12-12,-0.025639675207523555,-0.022260145058686228,True
e2b_2_10_45,2024-12-13,0.1102904907959483,0.18209956692437274,False
e2b_2_10_45,2024-12-16,-0.03666037446136624,0.008531702485205555,False
e2b_2_10_45,2024-12-17,-0.07382198336781395,-0.0701413733486587,True
e2b_2_10_45,2024-12-18,-0.1255788416776301,-0.14888113478497247,True
e2b_2_10_45,2024-12-19,-0.18772108990253228,-0.2803811769451399,True
e2b_2_10_45,2024-12-20,0.03998787547197642,0.1313850710430623,True
e2b_2_10_45,2024-12-23,-0.018612194129535704,-0.0365043929336889,False
e2b_2_10_45,2024-12-24,-0.007721781023470864,0.06033754066209874,False
e2b_2_10_45,2024-12-25,-0.1442907258115094,-0.19343593097525638,True
e2b_2_10_45,2024-12-26,0.18172277488880648,0.33322871621618805,False
e2b_2_10_45,2024-12-27,0.05244799294258613,0.06798315526776766,False
e2b_2_10_45,2024-12-30,0.022929200839559325,0.12496428328761715,True
e2b_5_30_120,2024-01-02,0.14573965874008343,0.16827853211522278,False
e2b_5_30_120,2024-01-03,0.028929227391808005,0.04689143353384111,False
e2b_5_30_120,2024-01-04,0.1295111151513124,0.20698756756528136,False
e2b_5_30_120,2024-01-05,0.03542122547662872,0.05601546694028507,False
e2b_5_30_120,2024-01-08,0.06651255981920334,0.07176062963851809,False
e2b_5_30_120,2024-01-09,-0.016584259867943645,-0.024902607166107465,False
e2b_5_30_120,2024-01-10,-0.22030946337526267,-0.19651385936572024,False
e2b_5_30_120,2024-01-11,0.21319032207641522,0.20162282531174106,False
e2b_5_30_120,2024-01-12,0.01660396206548092,0.042490835089505435,False
e2b_5_30_120,2024-01-15,-0.021166644298602766,-0.010065100746447168,False
e2b_5_30_120,2024-01-16,0.04991607913384506,0.13804755481188064,False
e2b_5_30_120,2024-01-17,-0.07064943107541785,-0.05675702170753411,False
e2b_5_30_120,2024-01-18,0.14412351976665067,0.2229836989795918,False
e2b_5_30_120,2024-01-19,0.05415652376841615,0.0749356508643045,False
e2b_5_30_120,2024-01-22,0.04550513244146868,0.06077570671116951,False
e2b_5_30_120,2024-01-23,0.09326560466653809,0.1726831035397159,False
e2b_5_30_120,2024-01-24,0.06343077846773489,0.08124408166461418,False
e2b_5_30_120,2024-01-25,0.22990771701443063,0.3504971927575606,False
e2b_5_30_120,2024-01-26,0.12527216408912023,0.13465866330795176,False
e2b_5_30_120,2024-01-29,0.0439220218657187,0.07317426571353342,False
e2b_5_30_120,2024-01-30,0.09515776914090276,0.14265956676925656,False
e2b_5_30_120,2024-01-31,-0.07383733289375877,-0.0906307750654158,False
e2b_5_30_120,2024-02-01,-0.06124022759300723,0.05195503663046415,True
e2b_5_30_120,2024-02-02,0.071927592733113,0.1318003862405303,True
e2b_5_30_120,2024-02-05,0.022764418364465973,-0.002278557242386962,True
e2b_5_30_120,2024-02-06,0.045485763899257056,0.055610937136358146,True
e2b_5_30_120,2024-02-07,0.11372361409981571,0.07398752169312582,True
e2b_5_30_120,2024-02-08,-0.12061172578899171,-0.12029641355705739,True
e2b_5_30_120,2024-02-19,-0.05225723926929347,-0.10661993478283953,False
e2b_5_30_120,2024-02-20,-0.030657032290634285,-0.0908026787132842,False
e2b_5_30_120,2024-02-21,-0.012020498652988147,-0.035638209843007224,False
e2b_5_30_120,2024-02-22,0.027631864097721056,-0.05112689605902005,False
e2b_5_30_120,2024-02-23,0.047616600615934354,-0.03791379352363194,False
e2b_5_30_120,2024-02-26,0.04094532449190763,-0.12022435206242939,False
e2b_5_30_120,2024-02-27,-0.07747914258757688,0.10017309661360246,True
e2b_5_30_120,2024-02-28,0.2010926433221029,0.2065697201464563,False
e2b_5_30_120,2024-02-29,0.016843885774722157,-0.03409723701232545,False
e2b_5_30_120,2024-03-01,-0.07160645728827317,-0.09400029456104776,False
e2b_5_30_120,2024-03-04,-0.048345801864806755,0.06004716385357502,False
e2b_5_30_120,2024-03-05,-0.04729044757026508,-0.0023437273835515255,False
e2b_5_30_120,2024-03-06,0.00047902901687486604,0.12192456466420253,False
e2b_5_30_120,2024-03-07,-0.037903374702250525,-0.04523963966985852,False
e2b_5_30_120,2024-03-08,0.057682160164665375,-0.02984775886073495,False
e2b_5_30_120,2024-03-11,-0.10435656946637462,-0.09801815146389989,False
e2b_5_30_120,2024-03-12,-0.0644507954060005,-0.1143905415624282,False
e2b_5_30_120,2024-03-13,0.11910918742882651,0.23934123114263536,False
e2b_5_30_120,2024-03-14,0.06859834353228471,0.09191117610851365,False
e2b_5_30_120,2024-03-15,-0.0013209183430322221,-0.03297552440311812,False
e2b_5_30_120,2024-03-18,0.04182438685088443,0.066211795767756,False
e2b_5_30_120,2024-03-19,-0.04289378944566295,-0.03154399423791377,False
e2b_5_30_120,2024-03-20,0.07939390011571075,0.13945667154375918,False
e2b_5_30_120,2024-03-21,-0.0829239163379406,-0.08874809682266092,False
e2b_5_30_120,2024-03-22,0.09416127573163226,0.1715220228307312,True
e2b_5_30_120,2024-03-25,-0.054406396362767805,-0.062656614416786,False
e2b_5_30_120,2024-03-26,0.01436522955431087,0.15090904872903785,True
e2b_5_30_120,2024-03-27,-0.05301637328692817,-0.016207761824666038,False
e2b_5_30_120,2024-03-28,0.08659742340558407,0.1247775429255872,False
e2b_5_30_120,2024-03-29,0.10735303428687802,0.10724746364030249,False
e2b_5_30_120,2024-04-01,0.1412580321418352,0.2526944996878344,True
e2b_5_30_120,2024-04-02,0.07692525469499058,0.12869381345624903,False
e2b_5_30_120,2024-04-03,-0.020017457620600313,0.05697364890257191,False
e2b_5_30_120,2024-04-08,0.11331839617485927,0.11525252183051427,False
e2b_5_30_120,2024-04-09,0.07581210941136304,0.1324431087741007,False
e2b_5_30_120,2024-04-10,0.01697983002284029,0.060413627690982394,False
e2b_5_30_120,2024-04-11,0.08983893400994358,0.09541265797050993,False
e2b_5_30_120,2024-04-12,-0.06296175531703717,-0.061977778315585166,True
e2b_5_30_120,2024-04-15,-0.08445981763555022,-0.07701516596807972,True
e2b_5_30_120,2024-04-16,-0.03867147386436868,-0.022599641176136834,True
e2b_5_30_120,2024-04-17,-0.11071371464218507,-0.09500854440317463,False
e2b_5_30_120,2024-04-18,0.04120806835626054,0.07660757022965543,True
e2b_5_30_120,2024-04-19,-0.040104707925126735,-0.06814734049779594,True
e2b_5_30_120,2024-04-22,0.013373463780687477,-0.05841984284096121,False
e2b_5_30_120,2024-04-23,0.09514880141362356,0.007699909023196558,True
e2b_5_30_120,2024-04-24,0.023157304949576896,0.041986921271248256,False
e2b_5_30_120,2024-04-25,0.12078576323784827,0.06499881186343091,True
e2b_5_30_120,2024-04-26,0.02340596947710624,0.027840014049270247,True
e2b_5_30_120,2024-04-29,0.053377481282313635,0.12274109248965927,False
e2b_5_30_120,2024-04-30,-0.04850849345641369,-0.045025907949638254,False
e2b_5_30_120,2024-05-06,0.010397667955338467,-0.028753450146587603,False
e2b_5_30_120,2024-05-07,0.009908846803575165,0.07746870464501032,False
e2b_5_30_120,2024-05-08,-0.05811741787474294,-0.05210824613304898,False
e2b_5_30_120,2024-05-09,0.1515983239725606,0.23358553501936768,False
e2b_5_30_120,2024-05-10,-0.04959033118546751,-0.04137501645919112,True
e2b_5_30_120,2024-05-13,0.006789674568906087,0.025055282759984747,False
e2b_5_30_120,2024-05-14,0.08054603295491494,0.11254661413944801,False
e2b_5_30_120,2024-05-15,0.06857958780020114,0.08131097948005998,False
e2b_5_30_120,2024-05-16,0.049198086127489375,0.0355099981976693,False
e2b_5_30_120,2024-05-17,-0.008008621629083607,0.027867762479919244,False
e2b_5_30_120,2024-05-20,0.0971162303324766,0.13007782890830183,False
e2b_5_30_120,2024-05-21,0.08686504983690702,0.08057992786058282,False
e2b_5_30_120,2024-05-22,-0.0013926655287830685,0.05609486732807828,False
e2b_5_30_120,2024-05-23,0.1322536457579051,0.17811518797655124,False
e2b_5_30_120,2024-05-24,0.006285304701119919,0.008966098362721083,False
e2b_5_30_120,2024-05-27,-0.05655343140288836,-0.07186258494590259,False
e2b_5_30_120,2024-05-28,0.01711355885183341,0.014671377571220681,False
e2b_5_30_120,2024-05-29,0.026995935053070165,0.04512171801593697,False
e2b_5_30_120,2024-05-30,0.05423440447165167,0.013245989031893815,False
e2b_5_30_120,2024-05-31,-0.16166853809494441,-0.14375249451576386,False
e2b_5_30_120,2024-06-03,-0.0581151139804386,0.023691911359626058,False
e2b_5_30_120,2024-06-04,0.03469604865015389,0.013845801156067336,False
e2b_5_30_120,2024-06-05,0.047423188009161434,0.0976965776462531,False
e2b_5_30_120,2024-06-06,0.21825595518998028,0.27752593019100363,False
e2b_5_30_120,2024-06-07,-0.07493386361414914,-0.15132389651549905,True
e2b_5_30_120,2024-06-11,-3.831145592964113e-05,-0.004109364598395105,False
e2b_5_30_120,2024-06-12,-0.0014404006365561692,-0.049174063557487324,False
e2b_5_30_120,2024-06-13,0.022832058758922573,0.07062725852116787,False
e2b_5_30_120,2024-06-14,-0.03218367691182252,-0.08110490577423453,False
e2b_5_30_120,2024-06-17,0.029054765156266482,0.04123231357008961,False
e2b_5_30_120,2024-06-18,0.047588270296924556,0.08815546368571986,False
e2b_5_30_120,2024-06-19,0.09307785239033456,0.048461338811223116,False
e2b_5_30_120,2024-06-20,0.06550903867635678,0.06704186436549996,False
e2b_5_30_120,2024-06-21,-0.01756408608083706,0.02871846230407282,False
e2b_5_30_120,2024-06-24,0.15120294546146176,0.16290294269214647,False
e2b_5_30_120,2024-06-25,0.1905482207271874,0.17022092636432215,False
e2b_5_30_120,2024-06-26,-0.008487149977859302,0.002731335502203341,False
e2b_5_30_120,2024-06-27,0.012410071703239864,0.0308857893115942,False
e2b_5_30_120,2024-06-28,0.10942207765009677,0.1627738519928905,False
e2b_5_30_120,2024-07-01,0.13066317245431833,0.16262069972797358,False
e2b_5_30_120,2024-07-02,0.07267672630560856,0.09241276339366927,False
e2b_5_30_120,2024-07-03,0.046011040624077376,0.08680233670655481,False
e2b_5_30_120,2024-07-04,0.054812197273411044,0.0450265242782973,False
e2b_5_30_120,2024-07-05,-0.006954823981079513,0.02034036580396347,False
e2b_5_30_120,2024-07-08,-0.1063129143565883,-0.10858408958344883,True
e2b_5_30_120,2024-07-09,-0.07953945934305676,-0.16617326927142745,False
e2b_5_30_120,2024-07-10,0.12208555390220342,0.12181961117672219,False
e2b_5_30_120,2024-07-11,0.01084600680128007,0.03515267157604329,False
e2b_5_30_120,2024-07-12,-0.017921178812364852,0.07743243953555051,False
e2b_5_30_120,2024-07-15,-0.012112882857496472,-0.03735784523731108,False
e2b_5_30_120,2024-07-16,0.131697333198795,0.18681340862197085,False
e2b_5_30_120,2024-07-17,0.05243333759576231,0.051261536796647134,False
e2b_5_30_120,2024-07-18,-0.004221720708559174,-0.04468708325035037,False
e2b_5_30_120,2024-07-19,-0.010319773413966185,-0.021956667903110988,False
e2b_5_30_120,2024-07-22,0.058644866243420336,0.14050861100969114,False
e2b_5_30_120,2024-07-23,0.07063182056815652,0.09569188775070052,False
e2b_5_30_120,2024-07-24,0.07207605799864292,0.06063655909440049,False
e2b_5_30_120,2024-07-25,0.10323245949814795,0.10123819988203402,False
e2b_5_30_120,2024-07-26,-0.0015047281327801596,0.06002725726198518,False
e2b_5_30_120,2024-07-29,0.03852056366499804,0.02174376540583958,False
e2b_5_30_120,2024-07-30,-0.02324828750240147,-0.1067933177568653,False
e2b_5_30_120,2024-07-31,0.008786992686692769,0.051493269051559314,False
e2b_5_30_120,2024-08-01,0.10212373147149216,0.1382313141821405,False
e2b_5_30_120,2024-08-02,0.03425250471167217,0.05448151566817903,False
e2b_5_30_120,2024-08-05,-0.027563266026020543,-0.038693407391367396,False
e2b_5_30_120,2024-08-06,0.06856483377706996,0.0755248690104309,False
e2b_5_30_120,2024-08-07,0.133024498851357,0.19860192296990836,False
e2b_5_30_120,2024-08-08,0.07459177423373241,0.14049977119658227,False
e2b_5_30_120,2024-08-09,-0.004629149070894039,0.023642970481555187,False
e2b_5_30_120,2024-08-12,0.11365441145571042,0.11136039359242127,False
e2b_5_30_120,2024-08-13,0.06248993679192533,0.1462879535259814,False
e2b_5_30_120,2024-08-14,0.040896214715536325,0.03844649358096656,False
e2b_5_30_120,2024-08-15,-0.0277903384378027,-0.028093025577200764,False
e2b_5_30_120,2024-08-16,0.029825788815077924,0.11160150838919222,False
e2b_5_30_120,2024-08-19,0.015308163778590475,0.07943816256392579,False
e2b_5_30_120,2024-08-20,0.0033193058265535143,-0.0214646454079245,False
e2b_5_30_120,2024-08-21,0.06780028066589325,0.1270126295086655,False
e2b_5_30_120,2024-08-22,0.0156651228580508,0.02703587813359376,False
e2b_5_30_120,2024-08-23,0.07129424655637599,0.11650340038901438,False
e2b_5_30_120,2024-08-26,0.07355535901599095,0.12666569471329808,False
e2b_5_30_120,2024-08-27,0.021113149990288203,-0.006754492990976463,False
e2b_5_30_120,2024-08-28,-0.046745691543947546,-0.08573198844638841,False
e2b_5_30_120,2024-08-29,-0.08206461511288995,-0.17474740897162158,False
e2b_5_30_120,2024-08-30,0.0164620578697042,0.12115810979958817,False
e2b_5_30_120,2024-09-02,-0.04313617528891319,-0.08762417727381526,False
e2b_5_30_120,2024-09-03,-0.1414330167096542,-0.20371845170534006,False
e2b_5_30_120,2024-09-04,0.08906086749646898,0.08687993997544419,False
e2b_5_30_120,2024-09-05,0.023248127176400363,0.10943527182845947,False
e2b_5_30_120,2024-09-06,-0.0046486376387975615,-0.0032125510116317985,False
e2b_5_30_120,2024-09-09,-7.375208924002961e-05,-0.0460681169766478,False
e2b_5_30_120,2024-09-10,-0.06659203497591608,-0.14127421925787723,False
e2b_5_30_120,2024-09-11,0.16354740453272854,0.18259203142075503,False
e2b_5_30_120,2024-09-12,0.17383569581968858,0.24105950399947348,False
e2b_5_30_120,2024-09-13,-0.008815338049571665,0.0007642106419623379,False
e2b_5_30_120,2024-09-18,0.128853172366103,0.19230524037686422,False
e2b_5_30_120,2024-09-19,0.04869689921543058,0.08598314900475011,False
e2b_5_30_120,2024-09-20,-0.010590960274923091,0.008147579943363818,False
e2b_5_30_120,2024-09-23,0.10788759163102271,0.052274599800156064,False
e2b_5_30_120,2024-09-24,0.08931985314886275,0.14212606170618722,False
e2b_5_30_120,2024-09-25,0.023557313988461583,-0.0068290021850080755,False
e2b_5_30_120,2024-09-26,-0.09166316141263665,-0.13272092679917663,True
e2b_5_30_120,2024-09-27,0.17089007436568612,0.12781972275966946,True
e2b_5_30_120,2024-09-30,-0.017498228227952044,-0.03596129762079593,True
e2b_5_30_120,2024-10-08,0.1315079079136191,0.17516878097447958,True
e2b_5_30_120,2024-10-09,0.08008189241860016,0.14382797273073158,True
e2b_5_30_120,2024-10-10,-0.018914682872808918,0.03660182511965083,True
e2b_5_30_120,2024-10-11,-0.0915734005290964,-0.09859944252384031,True
e2b_5_30_120,2024-10-14,-0.12849494656276758,-0.14300621907196173,True
e2b_5_30_120,2024-10-15,-0.0186144581884345,-6.734110067494591e-05,True
e2b_5_30_120,2024-10-16,0.06306111297966445,0.034208684834105864,False
e2b_5_30_120,2024-10-17,-0.06543759855368557,-0.1733369797785879,True
e2b_5_30_120,2024-10-18,-0.03543884181411773,-0.08707039539251311,True
e2b_5_30_120,2024-10-21,0.016590061311336623,0.10488992483393647,True
e2b_5_30_120,2024-10-22,0.09687271503360846,0.11064033992795787,True
e2b_5_30_120,2024-10-23,0.05069130642312163,0.10029882940808045,False
e2b_5_30_120,2024-10-24,0.06976329207648004,0.08957713402396954,True
e2b_5_30_120,2024-10-25,0.02161731288591773,0.08354421061240151,True
e2b_5_30_120,2024-10-28,-0.0478149483405311,-0.014856328820992207,True
e2b_5_30_120,2024-10-29,0.017039398536106795,0.04378399796332329,True
e2b_5_30_120,2024-10-30,0.0624583688494234,0.02624410951853762,True
e2b_5_30_120,2024-10-31,0.11823065859922606,0.19365147068971214,True
e2b_5_30_120,2024-11-01,0.04954962409738149,0.02730920650286146,True
e2b_5_30_120,2024-11-04,0.04426953135948902,-0.04433566562221456,True
e2b_5_30_120,2024-11-05,0.005042842658809203,0.017732728130655958,True
e2b_5_30_120,2024-11-06,0.1411810277406395,0.22136655605968183,True
e2b_5_30_120,2024-11-07,-0.013109090624733486,-0.013214020888778112,True
e2b_5_30_120,2024-11-08,0.048030052213106446,-0.0588675789996791,True
e2b_5_30_120,2024-11-11,-0.05100296500903606,0.09623091517647918,True
e2b_5_30_120,2024-11-12,-0.0039666570468518715,0.021112128710958293,False
e2b_5_30_120,2024-11-13,0.028204239110926142,0.19028057559721734,False
e2b_5_30_120,2024-11-14,-0.01122939118196115,0.028145869533463465,True
e2b_5_30_120,2024-11-15,0.12193880120663661,0.16704034880005086,True
e2b_5_30_120,2024-11-18,-0.058718902543856845,-0.10302833473903043,False
e2b_5_30_120,2024-11-19,0.018010689900999338,-0.050020831837609775,True
e2b_5_30_120,2024-11-20,0.022584327665801967,0.025155301898229433,False
e2b_5_30_120,2024-11-21,-0.04522466990780736,0.020516132547875595,True
e2b_5_30_120,2024-11-22,0.05897764136294734,0.06294002828206659,True
e2b_5_30_120,2024-11-25,0.053520422511854245,0.17637431360661418,True
e2b_5_30_120,2024-11-26,-0.13686894509475053,-0.21380246294728877,True
e2b_5_30_120,2024-11-27,0.08372622177180608,0.1741136221370223,False
e2b_5_30_120,2024-11-28,0.0059022430000603004,-0.0074925532928162815,False
e2b_5_30_120,2024-11-29,0.04791385453834913,0.01618213240622897,False
e2b_5_30_120,2024-12-02,0.0932160001896026,0.1772876543789393,False
e2b_5_30_120,2024-12-03,0.024238025344395182,0.049993752511521626,False
e2b_5_30_120,2024-12-04,0.04392237264249617,0.018674060676881838,False
e2b_5_30_120,2024-12-05,0.17269438147828867,0.27393325291014076,False
e2b_5_30_120,2024-12-06,0.02297441690304253,0.091789136204008,False
e2b_5_30_120,2024-12-09,-0.03709668310956752,-0.021441627382786006,False
e2b_5_30_120,2024-12-10,0.027884349154491648,0.03370132330096885,False
e2b_5_30_120,2024-12-11,-0.0362659993378699,0.028881771992082594,False
e2b_5_30_120,2024-12-12,-0.005893632400642763,-0.002581078802112988,True
e2b_5_30_120,2024-12-13,0.07746112359643012,0.14558178501197622,False
e2b_5_30_120,2024-12-16,-0.0212329846767584,0.02114491055626824,False
e2b_5_30_120,2024-12-17,-0.0792619988538689,-0.07553264189385701,True
e2b_5_30_120,2024-12-18,-0.06217704986472916,-0.08262734227363569,True
e2b_5_30_120,2024-12-19,-0.18882858742843278,-0.2808990688952102,True
e2b_5_30_120,2024-12-20,0.0934299378828493,0.18130135832391114,True
e2b_5_30_120,2024-12-23,-0.03131422777120502,-0.04811749961402653,False
e2b_5_30_120,2024-12-24,0.0015198919020612506,0.05937675449206888,False
e2b_5_30_120,2024-12-25,-0.15310039692117858,-0.2021747176593416,True
e2b_5_30_120,2024-12-26,0.17002239582578885,0.31829933583700265,False
e2b_5_30_120,2024-12-27,0.06422242475579963,0.07810725815645138,False
e2b_5_30_120,2024-12-30,0.038254488021402897,0.13293613439388033,True
e2c_full_seed12,2024-01-02,0.15012724800759988,0.17212511106074602,False
e2c_full_seed12,2024-01-03,0.03137333916951084,0.048647047145314336,False
e2c_full_seed12,2024-01-04,0.12487018764336179,0.20014769685483128,False
e2c_full_seed12,2024-01-05,0.04862242292266477,0.06858207003226835,False
e2c_full_seed12,2024-01-08,0.07514047656377709,0.08066908422649517,False
e2c_full_seed12,2024-01-09,-0.004886322352219277,-0.012463738797820824,False
e2c_full_seed12,2024-01-10,-0.13090154023399495,-0.10871381877585645,False
e2c_full_seed12,2024-01-11,0.18674614624145686,0.17553316194158497,False
e2c_full_seed12,2024-01-12,0.024834647787358922,0.05029396234224043,False
e2c_full_seed12,2024-01-15,-0.011619048871374221,-0.0019065985283536204,False
e2c_full_seed12,2024-01-16,0.03151627286273036,0.11433280049470573,False
e2c_full_seed12,2024-01-17,-0.019510129523970896,-0.006519029272966019,False
e2c_full_seed12,2024-01-18,0.14041030178322259,0.21981339438462352,False
e2c_full_seed12,2024-01-19,0.07122224086712695,0.09076785972922133,False
e2c_full_seed12,2024-01-22,0.05560849879320211,0.07212796453303778,False
e2c_full_seed12,2024-01-23,0.04786417944612452,0.12467919517108646,False
e2c_full_seed12,2024-01-24,0.09326371600972481,0.11083393161690812,False
e2c_full_seed12,2024-01-25,0.16792225320099755,0.2883904041474831,False
e2c_full_seed12,2024-01-26,0.11894712356074155,0.1289010673990798,False
e2c_full_seed12,2024-01-29,0.05367191966327312,0.07908741175809997,False
e2c_full_seed12,2024-01-30,0.07830235627603858,0.12077443465982307,False
e2c_full_seed12,2024-01-31,-0.008523430901468456,-0.024095420866485497,False
e2c_full_seed12,2024-02-01,-0.07407504810561236,0.027502150337563966,True
e2c_full_seed12,2024-02-02,0.04591959278643019,0.09630788346303197,True
e2c_full_seed12,2024-02-05,0.07273261251618071,0.050539405011265706,True
e2c_full_seed12,2024-02-06,0.04867333631065785,0.058309981397932205,True
e2c_full_seed12,2024-02-07,0.07886283944604323,0.030971739425866472,True
e2c_full_seed12,2024-02-08,-0.12110028161755641,-0.12084971281850973,True
e2c_full_seed12,2024-02-19,-0.06890435812867672,-0.12154037985802194,False
e2c_full_seed12,2024-02-20,-0.009376236414137505,-0.06809768063061822,False
e2c_full_seed12,2024-02-21,0.028533286525277327,0.0070223586506112465,False
e2c_full_seed12,2024-02-22,0.07225879369893058,-3.02955107818619e-05,False
e2c_full_seed12,2024-02-23,0.04864458617335447,-0.03579045798617322,False
e2c_full_seed12,2024-02-26,0.05640492834169841,-0.0854185452192693,False
e2c_full_seed12,2024-02-27,-0.09007751256169887,0.0717198216416228,True
e2c_full_seed12,2024-02-28,0.1758845380116385,0.18057098745085434,False
e2c_full_seed12,2024-02-29,0.040388658022115116,-0.0034350904634886117,False
e2c_full_seed12,2024-03-01,-0.044679835537036895,-0.06520898364005298,False
e2c_full_seed12,2024-03-04,-0.042009737653831175,0.05920895303969751,False
e2c_full_seed12,2024-03-05,-0.02342073390449528,0.018946513018287738,False
e2c_full_seed12,2024-03-06,-0.051188559493099875,0.07579133950352471,False
e2c_full_seed12,2024-03-07,0.07613867968383124,0.06943663813372335,False
e2c_full_seed12,2024-03-08,0.04989087079802428,-0.02228173210353114,False
e2c_full_seed12,2024-03-11,-0.07225190617084631,-0.06677098206414608,False
e2c_full_seed12,2024-03-12,-0.049960499967528715,-0.09238873107323535,False
e2c_full_seed12,2024-03-13,0.09249718615086576,0.20434783910591206,False
e2c_full_seed12,2024-03-14,0.056609312001898,0.0777426949820978,False
e2c_full_seed12,2024-03-15,0.013712117602435294,-0.018470251434629246,False
e2c_full_seed12,2024-03-18,0.07147172583754419,0.09414372569153646,False
e2c_full_seed12,2024-03-19,-0.049437173306508486,-0.039614154918070625,False
e2c_full_seed12,2024-03-20,0.05090501264936791,0.10277788828805244,False
e2c_full_seed12,2024-03-21,-0.07553443646080461,-0.08081303151501135,False
e2c_full_seed12,2024-03-22,0.09109666999082881,0.16843134605029403,True
e2c_full_seed12,2024-03-25,-0.04875817831386795,-0.05654004447614787,False
e2c_full_seed12,2024-03-26,-0.010499901854853168,0.1200004122006647,True
e2c_full_seed12,2024-03-27,-0.05397900741978195,-0.020719815354818073,False
e2c_full_seed12,2024-03-28,0.058931512599953245,0.090172904633723,False
e2c_full_seed12,2024-03-29,0.06862999063051016,0.06853588870423176,False
e2c_full_seed12,2024-04-01,0.10875030363036393,0.21196429553267082,True
e2c_full_seed12,2024-04-02,0.08467591179243887,0.13008876770880146,False
e2c_full_seed12,2024-04-03,-0.010381206872696822,0.059495147868420875,False
e2c_full_seed12,2024-04-08,0.13699532135335582,0.13877694842284732,False
e2c_full_seed12,2024-04-09,0.07630783547710039,0.12591042805817257,False
e2c_full_seed12,2024-04-10,0.0201033081946115,0.06183706852647922,False
e2c_full_seed12,2024-04-11,0.07212212921507587,0.07824314538342829,False
e2c_full_seed12,2024-04-12,-0.04900796168237167,-0.0480389092562995,True
e2c_full_seed12,2024-04-15,-0.08740024263850418,-0.08022354519542249,True
e2c_full_seed12,2024-04-16,-0.08982934188504142,-0.07572927590243468,True
e2c_full_seed12,2024-04-17,-0.08851262883474491,-0.07308406975417263,False
e2c_full_seed12,2024-04-18,0.044753648031568755,0.07895538326052898,True
e2c_full_seed12,2024-04-19,0.058520482954437986,0.03345733101090298,True
e2c_full_seed12,2024-04-22,0.02274101772130115,-0.04787346229656586,False
e2c_full_seed12,2024-04-23,0.08994935153719849,0.014846910107313021,True
e2c_full_seed12,2024-04-24,-0.0021809629915939648,0.015310697487651362,False
e2c_full_seed12,2024-04-25,0.11461208571213521,0.06755603024151641,True
e2c_full_seed12,2024-04-26,0.018268197220371298,0.02227322933811629,True
e2c_full_seed12,2024-04-29,0.06699582892288578,0.13219542679013083,False
e2c_full_seed12,2024-04-30,-0.04179382457402121,-0.03814043900413863,False
e2c_full_seed12,2024-05-06,0.01381790409749497,-0.02535589297028979,False
e2c_full_seed12,2024-05-07,-0.0035914239293334395,0.05958328646158545,False
e2c_full_seed12,2024-05-08,-0.03379141759087286,-0.02806931522640328,False
e2c_full_seed12,2024-05-09,0.05978620629194781,0.1428949247979073,False
e2c_full_seed12,2024-05-10,-0.007480199253083959,0.0010262439457743222,True
e2c_full_seed12,2024-05-13,0.013072695299672633,0.03122759009474905,False
e2c_full_seed12,2024-05-14,0.07789235058665187,0.11152283138067863,False
e2c_full_seed12,2024-05-15,0.04908429874082295,0.06182272974377215,False
e2c_full_seed12,2024-05-16,0.04739064511568587,0.033389385627739104,False
e2c_full_seed12,2024-05-17,-0.03786671761017867,-0.003792866816544732,False
e2c_full_seed12,2024-05-20,0.10665185789332761,0.13996568608879825,False
e2c_full_seed12,2024-05-21,0.10841842851758954,0.10200008799673226,False
e2c_full_seed12,2024-05-22,0.007675183974523325,0.05654409649429477,False
e2c_full_seed12,2024-05-23,0.10247332469878771,0.1483541469497962,False
e2c_full_seed12,2024-05-24,-0.0001028483619128083,0.002582768396501594,False
e2c_full_seed12,2024-05-27,-0.04159698662606403,-0.0562086762447827,False
e2c_full_seed12,2024-05-28,0.0014800041712227136,-0.0011027101897659924,False
e2c_full_seed12,2024-05-29,0.04952658714263613,0.0672831232900525,False
e2c_full_seed12,2024-05-30,0.07757719728943771,0.03591109253831577,False
e2c_full_seed12,2024-05-31,-0.1359705628207017,-0.11654391388137122,False
e2c_full_seed12,2024-06-03,-0.025313714366278755,0.059960877482651,False
e2c_full_seed12,2024-06-04,0.06959811059014374,0.05108961165729078,False
e2c_full_seed12,2024-06-05,0.05010420631286683,0.10962759863837573,False
e2c_full_seed12,2024-06-06,0.19793326004962364,0.26020167598315047,False
e2c_full_seed12,2024-06-07,-0.10642337085653523,-0.18476161713908848,True
e2c_full_seed12,2024-06-11,0.01284244982067188,0.008886368512243035,False
e2c_full_seed12,2024-06-12,0.01316604629517592,-0.033750034622856175,False
e2c_full_seed12,2024-06-13,-0.002993699893636898,0.03940372748845554,False
e2c_full_seed12,2024-06-14,-0.010945613734329748,-0.057133465261544,False
e2c_full_seed12,2024-06-17,-0.05299130164255435,-0.04186210550844829,False
e2c_full_seed12,2024-06-18,0.05405876584375289,0.09226864094616485,False
e2c_full_seed12,2024-06-19,0.12183592511772391,0.08049969525198075,False
e2c_full_seed12,2024-06-20,0.07627940006923752,0.0777796112947214,False
e2c_full_seed12,2024-06-21,-0.013565975153991548,0.03252912162785685,False
e2c_full_seed12,2024-06-24,0.12024537103832064,0.13272386956738186,False
e2c_full_seed12,2024-06-25,0.15504033231204575,0.13667071320109275,False
e2c_full_seed12,2024-06-26,0.010148413043024704,0.020973632617893173,False
e2c_full_seed12,2024-06-27,-0.013084731203738877,0.006863597060502648,False
e2c_full_seed12,2024-06-28,0.08348966655880379,0.13710852435035834,False
e2c_full_seed12,2024-07-01,0.08313729782123389,0.11771296211620333,False
e2c_full_seed12,2024-07-02,0.047604877992505616,0.06832421613890254,False
e2c_full_seed12,2024-07-03,0.05192612047901216,0.09107379847708869,False
e2c_full_seed12,2024-07-04,0.05105282045524471,0.04178055129245952,False
e2c_full_seed12,2024-07-05,0.02679943112638113,0.05399358960750935,False
e2c_full_seed12,2024-07-08,-0.07257012870329153,-0.07489251411269579,True
e2c_full_seed12,2024-07-09,-0.06133265879086527,-0.14131270013417974,False
e2c_full_seed12,2024-07-10,0.07310061115009375,0.07286358571972494,False
e2c_full_seed12,2024-07-11,-0.009710413859939223,0.013819110426005518,False
e2c_full_seed12,2024-07-12,-0.005916434731525846,0.08654056477440601,False
e2c_full_seed12,2024-07-15,-0.055853643633856226,-0.0807793063390625,False
e2c_full_seed12,2024-07-16,0.07601076491958826,0.12784571225124414,False
e2c_full_seed12,2024-07-17,0.09945160955803209,0.09825922864982196,False
e2c_full_seed12,2024-07-18,0.0270695596322982,-0.014174921194186948,False
e2c_full_seed12,2024-07-19,-0.004229127360250304,-0.015352464190702318,False
e2c_full_seed12,2024-07-22,0.0035914439551480238,0.09113041291400595,False
e2c_full_seed12,2024-07-23,0.1006396515923635,0.1289165703951754,False
e2c_full_seed12,2024-07-24,0.03733553546631798,0.027125962431695683,False
e2c_full_seed12,2024-07-25,0.0946947941443772,0.0927198926336465,False
e2c_full_seed12,2024-07-26,0.011741740205786114,0.06933441578026384,False
e2c_full_seed12,2024-07-29,0.027803735578924387,0.012412154396013802,False
e2c_full_seed12,2024-07-30,-0.0068236869747036666,-0.08940744011695238,False
e2c_full_seed12,2024-07-31,0.04261594916193466,0.08143359142829452,False
e2c_full_seed12,2024-08-01,0.008040287420741168,0.04192418277304536,False
e2c_full_seed12,2024-08-02,0.02477711825869789,0.04248846997083171,False
e2c_full_seed12,2024-08-05,-0.012541067414165065,-0.022802129723910602,False
e2c_full_seed12,2024-08-06,0.03057351131224733,0.03719648563832656,False
e2c_full_seed12,2024-08-07,0.13198387502267905,0.19854031517146087,False
e2c_full_seed12,2024-08-08,0.02974776969231614,0.09719225626381885,False
e2c_full_seed12,2024-08-09,0.003200126256980781,0.029959307486082498,False
e2c_full_seed12,2024-08-12,0.06534675319204944,0.06298976939297597,False
e2c_full_seed12,2024-08-13,0.031811769751253896,0.11524819792943261,False
e2c_full_seed12,2024-08-14,0.011364334832804374,0.00908797316555079,False
e2c_full_seed12,2024-08-15,0.013298822543047657,0.012982171757942978,False
e2c_full_seed12,2024-08-16,0.04128695520970198,0.11600441817542884,False
e2c_full_seed12,2024-08-19,0.027004916572948307,0.08531281929964565,False
e2c_full_seed12,2024-08-20,-0.009154081887317828,-0.034100846983080565,False
e2c_full_seed12,2024-08-21,0.09208254100525086,0.1505552764403341,False
e2c_full_seed12,2024-08-22,0.005565564832316211,0.01650218255108719,False
e2c_full_seed12,2024-08-23,0.06560763579983789,0.10463441241081864,False
e2c_full_seed12,2024-08-26,0.10198203064474397,0.15343784441246222,False
e2c_full_seed12,2024-08-27,-0.0021949288204836234,-0.03158111860207459,False
e2c_full_seed12,2024-08-28,0.009079738741331084,-0.02737179308574103,False
e2c_full_seed12,2024-08-29,-0.0819476506317171,-0.17620392388832526,False
e2c_full_seed12,2024-08-30,0.0051944104722356065,0.11206494061880135,False
e2c_full_seed12,2024-09-02,-0.054266484174426914,-0.10296723071983067,False
e2c_full_seed12,2024-09-03,-0.11973419164555074,-0.17898911080611085,False
e2c_full_seed12,2024-09-04,0.055358935316466636,0.0533778180916875,False
e2c_full_seed12,2024-09-05,0.06271720214563578,0.14961377220057473,False
e2c_full_seed12,2024-09-06,-0.01116912154814469,-0.00974769746852743,False
e2c_full_seed12,2024-09-09,-0.002183606642164085,-0.04945178826908455,False
e2c_full_seed12,2024-09-10,-0.03597988612621544,-0.10521157958693231,False
e2c_full_seed12,2024-09-11,0.13635808390217669,0.15642205063860556,False
e2c_full_seed12,2024-09-12,0.1260607158280202,0.19302253369759323,False
e2c_full_seed12,2024-09-13,0.015901518616882906,0.025759629134129852,False
e2c_full_seed12,2024-09-18,0.1411301987394369,0.20401465271036845,False
e2c_full_seed12,2024-09-19,0.06208263535496553,0.0971793251922514,False
e2c_full_seed12,2024-09-20,-0.014209409321270305,0.00386728555082979,False
e2c_full_seed12,2024-09-23,0.07929780761560329,0.022719972558363246,False
e2c_full_seed12,2024-09-24,0.10841370322913624,0.15481134261628793,False
e2c_full_seed12,2024-09-25,0.05654157563817835,0.030511621855062246,False
e2c_full_seed12,2024-09-26,-0.03750006825008114,-0.07324261784261675,True
e2c_full_seed12,2024-09-27,0.23775437624196002,0.19759054921716288,True
e2c_full_seed12,2024-09-30,0.0324725974866793,0.00914592973464534,True
e2c_full_seed12,2024-10-08,0.13186087311190375,0.17443921066737494,True
e2c_full_seed12,2024-10-09,0.037396001829487796,0.08990891248399553,True
e2c_full_seed12,2024-10-10,-0.03431145572273096,0.02131796049822528,True
e2c_full_seed12,2024-10-11,-0.010034904051919969,-0.015130682061919181,True
e2c_full_seed12,2024-10-14,-0.1282915410815146,-0.1414326276530123,True
e2c_full_seed12,2024-10-15,0.010381986437619955,0.02873181712645766,True
e2c_full_seed12,2024-10-16,0.14065241145529295,0.1231945987630121,False
e2c_full_seed12,2024-10-17,0.052755985777260116,-0.02966758697093763,True
e2c_full_seed12,2024-10-18,-0.029790086633681965,-0.0691108646201384,True
e2c_full_seed12,2024-10-21,-0.022394493812074142,0.0490034411349944,True
e2c_full_seed12,2024-10-22,0.08209319607015028,0.09523035279462096,True
e2c_full_seed12,2024-10-23,-0.015643115764580644,0.024481396142216227,False
e2c_full_seed12,2024-10-24,0.0732365771497852,0.09224028167643696,True
e2c_full_seed12,2024-10-25,0.00036848291826254803,0.050486685980806904,True
e2c_full_seed12,2024-10-28,-0.034548772058393254,-0.0031168663065781936,True
e2c_full_seed12,2024-10-29,0.008607238689138161,0.032735215225302136,True
e2c_full_seed12,2024-10-30,0.04764636408021385,0.014993587328551303,True
e2c_full_seed12,2024-10-31,0.08184246528154748,0.1487481655441189,True
e2c_full_seed12,2024-11-01,0.04816926960894509,0.027375257351283856,True
e2c_full_seed12,2024-11-04,0.05029862043034515,-0.03766742897332308,True
e2c_full_seed12,2024-11-05,0.004093060110590757,0.01465018756704516,True
e2c_full_seed12,2024-11-06,0.11636465355396214,0.18670723773051054,True
e2c_full_seed12,2024-11-07,0.021802067290248316,0.021704549434293192,True
e2c_full_seed12,2024-11-08,0.04371144687059393,-0.05648588098043406,True
e2c_full_seed12,2024-11-11,-0.051130360614573114,0.0896085989934186,True
e2c_full_seed12,2024-11-12,0.0016537124160559866,0.021088910789109686,False
e2c_full_seed12,2024-11-13,0.051686170897951446,0.20629775528581618,False
e2c_full_seed12,2024-11-14,-0.0430318418996849,-0.012404043950994157,True
e2c_full_seed12,2024-11-15,0.043801973383212296,0.08763234219772437,True
e2c_full_seed12,2024-11-18,-0.011091760058154678,-0.04508167092217174,False
e2c_full_seed12,2024-11-19,0.04175844641125759,-0.02659265113398896,True
e2c_full_seed12,2024-11-20,0.03141729314594821,0.03385804879719719,False
e2c_full_seed12,2024-11-21,-0.03893568861639695,0.013906234496541036,True
e2c_full_seed12,2024-11-22,0.027813369987938808,0.030894387790268228,True
e2c_full_seed12,2024-11-25,0.04866299800629451,0.16216406630752375,True
e2c_full_seed12,2024-11-26,-0.06809441839424776,-0.14304141689723374,True
e2c_full_seed12,2024-11-27,0.07016386716621137,0.15689310876961685,False
e2c_full_seed12,2024-11-28,0.00925018747023273,-0.0037767449206729717,False
e2c_full_seed12,2024-11-29,0.05659308111939519,0.028888269454391727,False
e2c_full_seed12,2024-12-02,0.0760594769446827,0.1539892611030246,False
e2c_full_seed12,2024-12-03,0.009803940655266014,0.03455584099470858,False
e2c_full_seed12,2024-12-04,0.04786832321311717,0.021808736677000364,False
e2c_full_seed12,2024-12-05,0.15952079932723326,0.2615704145194597,False
e2c_full_seed12,2024-12-06,0.011092459754650416,0.07306680948741281,False
e2c_full_seed12,2024-12-09,-0.04384307020681775,-0.029951402417929884,False
e2c_full_seed12,2024-12-10,0.019663331733641824,0.02516784195314546,False
e2c_full_seed12,2024-12-11,-0.07983940860568618,-0.017017661534615706,False
e2c_full_seed12,2024-12-12,-0.025450993408124716,-0.022408416297414333,True
e2c_full_seed12,2024-12-13,0.08009956327015802,0.1445333297254664,False
e2c_full_seed12,2024-12-16,-0.04366332376742202,-0.011591908687621291,False
e2c_full_seed12,2024-12-17,-0.06754754761062895,-0.06393904018769048,True
e2c_full_seed12,2024-12-18,-0.0188331861895566,-0.035719680676319414,True
e2c_full_seed12,2024-12-19,-0.09125104823812659,-0.1731095450576572,True
e2c_full_seed12,2024-12-20,0.03784593933740512,0.11093028767088148,True
e2c_full_seed12,2024-12-23,-0.06427200894012126,-0.08116706288123232,False
e2c_full_seed12,2024-12-24,0.018167915341582994,0.0732512172636791,False
e2c_full_seed12,2024-12-25,-0.07129446644429312,-0.11735211208343747,True
e2c_full_seed12,2024-12-26,0.10219068157073975,0.24120067576519907,False
e2c_full_seed12,2024-12-27,0.06596869811682635,0.07947592187645945,False
e2c_full_seed12,2024-12-30,0.0188098223051994,0.11047486174935278,True
e2c_full_seed23,2024-01-02,0.13177631835222292,0.15417889505410293,False
e2c_full_seed23,2024-01-03,0.020653343468895486,0.03836542460061099,False
e2c_full_seed23,2024-01-04,0.13092569002080162,0.20995476786311587,False
e2c_full_seed23,2024-01-05,0.04128775790135722,0.061617732335904,False
e2c_full_seed23,2024-01-08,0.07487007967671465,0.07998553680102549,False
e2c_full_seed23,2024-01-09,0.00415744161670388,-0.0034616499913939737,False
e2c_full_seed23,2024-01-10,-0.09246041398665812,-0.07066617910008581,False
e2c_full_seed23,2024-01-11,0.19796833245119733,0.1854438636263694,False
e2c_full_seed23,2024-01-12,-0.016635325342874072,0.01231916983479997,False
e2c_full_seed23,2024-01-15,-0.004795135585891863,0.005839288347306624,False
e2c_full_seed23,2024-01-16,0.08079369336654194,0.17375242958988013,False
e2c_full_seed23,2024-01-17,-0.026605135294570953,-0.008558185943358582,False
e2c_full_seed23,2024-01-18,0.1381687339471012,0.22509572891933038,False
e2c_full_seed23,2024-01-19,0.029879855549723618,0.05146780440288788,False
e2c_full_seed23,2024-01-22,0.05447342030979856,0.07318181079883401,False
e2c_full_seed23,2024-01-23,0.05070170335084166,0.13104417947392882,False
e2c_full_seed23,2024-01-24,0.10027804696313404,0.12026684906381563,False
e2c_full_seed23,2024-01-25,0.14358326032024743,0.26515316277794626,False
e2c_full_seed23,2024-01-26,0.14058854835690326,0.15102631153507792,False
e2c_full_seed23,2024-01-29,0.03592957778634042,0.06542323992051223,False
e2c_full_seed23,2024-01-30,0.060907488266124896,0.10254416460183563,False
e2c_full_seed23,2024-01-31,-0.038633462455303774,-0.055631302622446824,False
e2c_full_seed23,2024-02-01,-0.05830721241592907,0.05531144244624541,True
e2c_full_seed23,2024-02-02,0.0639663570148283,0.1262976825041154,True
e2c_full_seed23,2024-02-05,0.08805609534038233,0.05893636027515899,True
e2c_full_seed23,2024-02-06,0.08146598434976363,0.09245094835916291,True
e2c_full_seed23,2024-02-07,0.12144726278066062,0.065004621629009,True
e2c_full_seed23,2024-02-08,-0.11516123380154294,-0.1148232110131232,True
e2c_full_seed23,2024-02-19,-0.053091851620292736,-0.11472647685667937,False
e2c_full_seed23,2024-02-20,-0.02033707039055186,-0.08760377096996538,False
e2c_full_seed23,2024-02-21,0.020744859777368434,-0.00574781994982362,False
e2c_full_seed23,2024-02-22,0.06268453097660567,-0.02338932636534642,False
e2c_full_seed23,2024-02-23,0.042287837757594225,-0.05491233327021455,False
e2c_full_seed23,2024-02-26,0.032067427707906083,-0.13495470985028635,False
e2c_full_seed23,2024-02-27,-0.1042703315514357,0.07066728162349249,True
e2c_full_seed23,2024-02-28,0.1256118185123297,0.13024714919536542,False
e2c_full_seed23,2024-02-29,0.03907241597362155,-0.012746050448321718,False
e2c_full_seed23,2024-03-01,-0.08518601444179956,-0.10827324165270585,False
e2c_full_seed23,2024-03-04,-0.06688696142047233,0.03555133467663121,False
e2c_full_seed23,2024-03-05,0.008041790818375746,0.05793338895607915,False
e2c_full_seed23,2024-03-06,-0.038635716169836715,0.08674148465867043,False
e2c_full_seed23,2024-03-07,0.04707539049506794,0.040461542881274515,False
e2c_full_seed23,2024-03-08,0.016285371026607928,-0.07162919354295108,False
e2c_full_seed23,2024-03-11,-0.13023303879932804,-0.12426316308962919,False
e2c_full_seed23,2024-03-12,-0.0071934409355903966,-0.051643897202097305,False
e2c_full_seed23,2024-03-13,0.0730957093037832,0.19605894883334568,False
e2c_full_seed23,2024-03-14,0.09093866440040677,0.11413216532160515,False
e2c_full_seed23,2024-03-15,-0.014276189957722223,-0.047065725438824035,False
e2c_full_seed23,2024-03-18,0.06901860261834854,0.09230957049677828,False
e2c_full_seed23,2024-03-19,-0.003303964671806329,0.00781469022513282,False
e2c_full_seed23,2024-03-20,0.08319122189219838,0.14037067866027395,False
e2c_full_seed23,2024-03-21,-0.06322810235296408,-0.06882109621251518,False
e2c_full_seed23,2024-03-22,0.060184359447880455,0.13630442428192074,True
e2c_full_seed23,2024-03-25,-0.0703937479342381,-0.0793655197053345,False
e2c_full_seed23,2024-03-26,0.021018272557307358,0.1503433901576825,True
e2c_full_seed23,2024-03-27,-0.032356074257034496,0.006967742773189539,False
e2c_full_seed23,2024-03-28,0.07196643096557125,0.10622115976056788,False
e2c_full_seed23,2024-03-29,0.10600104862133561,0.10593445248010694,False
e2c_full_seed23,2024-04-01,0.12049620100655545,0.22518328255196904,True
e2c_full_seed23,2024-04-02,0.07658122693406097,0.12605215669180028,False
e2c_full_seed23,2024-04-03,-0.016902711263611335,0.05729495769632381,False
e2c_full_seed23,2024-04-08,0.13323523359522,0.134935195532309,False
e2c_full_seed23,2024-04-09,0.07897069834780358,0.13538618588498247,False
e2c_full_seed23,2024-04-10,0.052226711387844314,0.09500464241189403,False
e2c_full_seed23,2024-04-11,0.07478839165435584,0.08096925582458245,False
e2c_full_seed23,2024-04-12,-0.05970080925284975,-0.058857068242714174,True
e2c_full_seed23,2024-04-15,-0.07199171970168493,-0.0645152142245131,True
e2c_full_seed23,2024-04-16,-0.031221251336938413,-0.014799738148826173,True
e2c_full_seed23,2024-04-17,-0.09401208708757208,-0.07704917405571995,False
e2c_full_seed23,2024-04-18,0.025746093083730655,0.06118878985114371,True
e2c_full_seed23,2024-04-19,0.0016121661877096195,-0.024946643078655018,True
e2c_full_seed23,2024-04-22,0.03177028882635126,-0.03571878426631171,False
e2c_full_seed23,2024-04-23,0.09291830576267696,0.015427909477176201,True
e2c_full_seed23,2024-04-24,0.015507499297739922,0.035937574795923855,False
e2c_full_seed23,2024-04-25,0.09198983089841928,0.03951084581659737,True
e2c_full_seed23,2024-04-26,0.0258975866487951,0.03066069360175211,True
e2c_full_seed23,2024-04-29,0.05302192237477823,0.11948705753244837,False
e2c_full_seed23,2024-04-30,-0.028228040517617042,-0.024301174704557157,False
e2c_full_seed23,2024-05-06,0.0456366108516061,0.006951171421156876,False
e2c_full_seed23,2024-05-07,-0.001188792449126111,0.06689043175429212,False
e2c_full_seed23,2024-05-08,-0.013694131813818941,-0.008106193366407891,False
e2c_full_seed23,2024-05-09,0.07733554673794912,0.16271078539811648,False
e2c_full_seed23,2024-05-10,-0.03468353106486412,-0.02589975181882731,True
e2c_full_seed23,2024-05-13,-0.010533783889787787,0.007659559582232917,False
e2c_full_seed23,2024-05-14,0.08392413445931098,0.11632735740902571,False
e2c_full_seed23,2024-05-15,0.056933451225210305,0.0695605711881168,False
e2c_full_seed23,2024-05-16,0.026378209649357318,0.010511182192090286,False
e2c_full_seed23,2024-05-17,-0.010940766878620408,0.028852213017917468,False
e2c_full_seed23,2024-05-20,0.09990356068997117,0.13376569939667612,False
e2c_full_seed23,2024-05-21,0.07525579441528284,0.06927856428529025,False
e2c_full_seed23,2024-05-22,-0.0005311164784042225,0.053495539403482464,False
e2c_full_seed23,2024-05-23,0.11205176023894556,0.15876333516107022,False
e2c_full_seed23,2024-05-24,-0.002493390013559665,5.5226355157929185e-05,False
e2c_full_seed23,2024-05-27,-0.053998914290614375,-0.07095284245950392,False
e2c_full_seed23,2024-05-28,0.018051976867521267,0.0157362204213911,False
e2c_full_seed23,2024-05-29,-0.0014221115036247517,0.01783680182660492,False
e2c_full_seed23,2024-05-30,0.05913967324496865,0.01494374779367011,False
e2c_full_seed23,2024-05-31,-0.12305993604346945,-0.10521072531667863,False
e2c_full_seed23,2024-06-03,-0.046547302978098386,0.04225794923871117,False
e2c_full_seed23,2024-06-04,0.034463871811533736,0.01227841878971738,False
e2c_full_seed23,2024-06-05,0.0718554291709987,0.136148855863097,False
e2c_full_seed23,2024-06-06,0.21104455283852963,0.2729713277905021,False
e2c_full_seed23,2024-06-07,-0.09900662132731956,-0.18328275587633638,True
e2c_full_seed23,2024-06-11,0.02741831701965688,0.023747663115779166,False
e2c_full_seed23,2024-06-12,0.04091525126651913,-0.0032338434515373667,False
e2c_full_seed23,2024-06-13,0.005667300164070755,0.0514843273403621,False
e2c_full_seed23,2024-06-14,-0.026082255744847366,-0.07537729275171962,False
e2c_full_seed23,2024-06-17,-0.023026674141917555,-0.012064167542260541,False
e2c_full_seed23,2024-06-18,0.07104266720798283,0.10935951321557708,False
e2c_full_seed23,2024-06-19,0.11198999765028451,0.0646769135428139,False
e2c_full_seed23,2024-06-20,0.1020748792907187,0.10357604898490855,False
e2c_full_seed23,2024-06-21,-0.02003260726882106,0.024469312442079387,False
e2c_full_seed23,2024-06-24,0.09532192086271236,0.10865382517005809,False
e2c_full_seed23,2024-06-25,0.10298801747758919,0.08283337728764606,False
e2c_full_seed23,2024-06-26,0.03283052918470629,0.04457682095136049,False
e2c_full_seed23,2024-06-27,-0.002153304310453364,0.022321372908339486,False
e2c_full_seed23,2024-06-28,0.06477418624830861,0.11912436819937448,False
e2c_full_seed23,2024-07-01,0.11885886996026271,0.1557674406943816,False
e2c_full_seed23,2024-07-02,0.014855168385066168,0.03658303717856917,False
e2c_full_seed23,2024-07-03,0.04273227592651868,0.08444252161237902,False
e2c_full_seed23,2024-07-04,0.03616605993802633,0.02555085835642524,False
e2c_full_seed23,2024-07-05,0.04416704993331587,0.0750487237580311,False
e2c_full_seed23,2024-07-08,-0.05966985981355649,-0.062417815076696026,True
e2c_full_seed23,2024-07-09,-0.07958393241457717,-0.16700454232322867,False
e2c_full_seed23,2024-07-10,0.06028135062650672,0.06002924021702869,False
e2c_full_seed23,2024-07-11,-0.0018113708975092309,0.021139290091090116,False
e2c_full_seed23,2024-07-12,0.008447444555886165,0.10716331079307659,False
e2c_full_seed23,2024-07-15,-0.0463138709340405,-0.07514347198906918,False
e2c_full_seed23,2024-07-16,0.05480004585388269,0.1131553960250287,False
e2c_full_seed23,2024-07-17,0.06287636598468224,0.06142471390727396,False
e2c_full_seed23,2024-07-18,0.009830206498139166,-0.03618026734535974,False
e2c_full_seed23,2024-07-19,-0.0037403803723758794,-0.015891626247420174,False
e2c_full_seed23,2024-07-22,-0.013216953768287363,0.0766371409741478,False
e2c_full_seed23,2024-07-23,0.08279550686799425,0.11522450801494502,False
e2c_full_seed23,2024-07-24,0.0241297846640683,0.013247399001578909,False
e2c_full_seed23,2024-07-25,0.09886772915968992,0.0968377861970724,False
e2c_full_seed23,2024-07-26,-0.009935289728832111,0.04637734999160274,False
e2c_full_seed23,2024-07-29,0.001011134115997335,-0.016307699507177132,False
e2c_full_seed23,2024-07-30,-0.03097324420761091,-0.11451612555590066,False
e2c_full_seed23,2024-07-31,0.03818958328790801,0.07881030718772024,False
e2c_full_seed23,2024-08-01,0.04373947276107243,0.07952350892947439,False
e2c_full_seed23,2024-08-02,0.009219030148663824,0.029510851342661938,False
e2c_full_seed23,2024-08-05,0.007799101311115472,-0.0029197875287136337,False
e2c_full_seed23,2024-08-06,0.04692924990029192,0.053876317978849585,False
e2c_full_seed23,2024-08-07,0.11748751264816458,0.18253814353260356,False
e2c_full_seed23,2024-08-08,0.0747114178014624,0.14412649066514624,False
e2c_full_seed23,2024-08-09,0.008927434772368365,0.03173659344410755,False
e2c_full_seed23,2024-08-12,0.0713983747166187,0.06913113737474358,False
e2c_full_seed23,2024-08-13,0.015357395820426948,0.09864637739339024,False
e2c_full_seed23,2024-08-14,0.03176889190615001,0.0292791990795723,False
e2c_full_seed23,2024-08-15,-0.01918876675831125,-0.019483900095873717,False
e2c_full_seed23,2024-08-16,0.027329202295069403,0.11028574798214781,False
e2c_full_seed23,2024-08-19,0.014881413835990245,0.0751938983795107,False
e2c_full_seed23,2024-08-20,0.0028021637359360767,-0.026381476825017625,False
e2c_full_seed23,2024-08-21,0.09128262977960895,0.15200355939941163,False
e2c_full_seed23,2024-08-22,-0.010660471066529297,0.001313071969116658,False
e2c_full_seed23,2024-08-23,0.06103873624549248,0.10311803098393015,False
e2c_full_seed23,2024-08-26,0.08398500965314494,0.13659841967817615,False
e2c_full_seed23,2024-08-27,0.002771631827623755,-0.028825716484549707,False
e2c_full_seed23,2024-08-28,-0.0038418530520369534,-0.04109656471537476,False
e2c_full_seed23,2024-08-29,-0.08865249831208209,-0.1834645145518777,False
e2c_full_seed23,2024-08-30,0.028290656135806183,0.14353937300610456,False
e2c_full_seed23,2024-09-02,-0.038326563319270486,-0.08670012867196399,False
e2c_full_seed23,2024-09-03,-0.12836841850658445,-0.19366223951766562,False
e2c_full_seed23,2024-09-04,0.05556578473561488,0.05327290680275374,False
e2c_full_seed23,2024-09-05,0.03169149548416911,0.12346762040020696,False
e2c_full_seed23,2024-09-06,-0.008686961345171924,-0.007313429710956721,False
e2c_full_seed23,2024-09-09,0.009792366230665726,-0.03693861030835417,False
e2c_full_seed23,2024-09-10,-0.065922049631654,-0.14003270755817068,False
e2c_full_seed23,2024-09-11,0.12939613722759088,0.15126223826901133,False
e2c_full_seed23,2024-09-12,0.13501760324416098,0.21187853250109961,False
e2c_full_seed23,2024-09-13,0.023854661148057482,0.0335238091522076,False
e2c_full_seed23,2024-09-18,0.14583168001853197,0.20974645516163093,False
e2c_full_seed23,2024-09-19,0.04151022421986345,0.07935844646101521,False
e2c_full_seed23,2024-09-20,0.018726064040577674,0.041411947394269524,False
e2c_full_seed23,2024-09-23,0.07733938746928012,0.01957165290917743,False
e2c_full_seed23,2024-09-24,0.10183489349728989,0.14926623701634598,False
e2c_full_seed23,2024-09-25,-0.006957926961810216,-0.03977057108797761,False
e2c_full_seed23,2024-09-26,-0.06037119394696398,-0.10541537961415441,True
e2c_full_seed23,2024-09-27,0.18300581402524985,0.13503707900821446,True
e2c_full_seed23,2024-09-30,0.06864569859377757,0.03846328154548203,True
e2c_full_seed23,2024-10-08,0.2314697664945645,0.2799326662278228,True
e2c_full_seed23,2024-10-09,0.06785349797038434,0.11579559480259413,True
e2c_full_seed23,2024-10-10,-0.04605460131832841,0.017343646806896144,True
e2c_full_seed23,2024-10-11,-0.04488063030556366,-0.052089998847530614,True
e2c_full_seed23,2024-10-14,-0.11732681087683995,-0.13309606497505871,True
e2c_full_seed23,2024-10-15,0.04389881825373417,0.06728106466813542,True
e2c_full_seed23,2024-10-16,0.1528578242566048,0.13100260681815526,False
e2c_full_seed23,2024-10-17,0.03181865183695311,-0.058078365910571,True
e2c_full_seed23,2024-10-18,-0.05215640336064528,-0.10430402418859229,True
e2c_full_seed23,2024-10-21,-0.011050892369471129,0.06855080336330764,True
e2c_full_seed23,2024-10-22,0.07439629037149202,0.08846141782263732,True
e2c_full_seed23,2024-10-23,0.0019977913718635895,0.04824047211340834,False
e2c_full_seed23,2024-10-24,0.07287675301244656,0.09346606876214647,True
e2c_full_seed23,2024-10-25,0.011815025519674983,0.05484914367936543,True
e2c_full_seed23,2024-10-28,-0.02219940972590387,0.009360739946207723,True
e2c_full_seed23,2024-10-29,0.010293028436644275,0.03565603386767097,True
e2c_full_seed23,2024-10-30,0.043684657269922954,0.006104410863187946,True
e2c_full_seed23,2024-10-31,0.1571235132139439,0.23872980085594694,True
e2c_full_seed23,2024-11-01,0.06068918456965307,0.036241046908711626,True
e2c_full_seed23,2024-11-04,0.07712681594396517,-0.01340514815482544,True
e2c_full_seed23,2024-11-05,0.01566093481533695,0.028961322757751092,True
e2c_full_seed23,2024-11-06,0.10104523641565388,0.18376597498168895,True
e2c_full_seed23,2024-11-07,-0.01436456346448998,-0.014449879905105892,True
e2c_full_seed23,2024-11-08,0.03571015871026342,-0.06891807771615333,True
e2c_full_seed23,2024-11-11,-0.10274557082145666,0.03687822189314696,True
e2c_full_seed23,2024-11-12,-0.02637449557952296,-0.007128516296977225,False
e2c_full_seed23,2024-11-13,0.04309997871079383,0.19855109744451854,False
e2c_full_seed23,2024-11-14,-0.019406766129294626,0.024412255129735203,True
e2c_full_seed23,2024-11-15,0.008730207466760422,0.0475693838982796,True
e2c_full_seed23,2024-11-18,-0.011653327121910442,-0.048229814816266266,False
e2c_full_seed23,2024-11-19,0.023572702169379546,-0.04646966851635715,True
e2c_full_seed23,2024-11-20,0.038696624886063645,0.04115341221120514,False
e2c_full_seed23,2024-11-21,0.008478599200229982,0.07445039794291805,True
e2c_full_seed23,2024-11-22,0.022926137391309047,0.026500368385851375,True
e2c_full_seed23,2024-11-25,0.020806483737620972,0.14326305732818923,True
e2c_full_seed23,2024-11-26,-0.07012283168410709,-0.14093199292519806,True
e2c_full_seed23,2024-11-27,0.10562474316119566,0.20293196735722932,False
e2c_full_seed23,2024-11-28,0.025344736849014945,0.010882257172999198,False
e2c_full_seed23,2024-11-29,0.07015658772920517,0.03906983250711173,False
e2c_full_seed23,2024-12-02,0.07546922497795716,0.1483334477259177,False
e2c_full_seed23,2024-12-03,0.0264263559050741,0.05210249220508559,False
e2c_full_seed23,2024-12-04,0.06915079912463558,0.0410517483810742,False
e2c_full_seed23,2024-12-05,0.12097035017272717,0.22606647672329233,False
e2c_full_seed23,2024-12-06,-0.0315791646634534,0.03663103838362549,False
e2c_full_seed23,2024-12-09,-0.025929229830749054,-0.011294835749427719,False
e2c_full_seed23,2024-12-10,0.0458137128706229,0.05190260025148347,False
e2c_full_seed23,2024-12-11,-0.05437423762970598,0.00933822055063913,False
e2c_full_seed23,2024-12-12,-0.04897881378952966,-0.04588556276819249,True
e2c_full_seed23,2024-12-13,0.053129925830669736,0.12092482083278097,False
e2c_full_seed23,2024-12-16,-0.07927296481177143,-0.04457776357752401,False
e2c_full_seed23,2024-12-17,-0.04088407100403028,-0.03703714067438656,True
e2c_full_seed23,2024-12-18,0.014688818817146343,-0.0009657466415479153,True
e2c_full_seed23,2024-12-19,-0.1419793462129597,-0.2291090739182963,True
e2c_full_seed23,2024-12-20,-0.012964658697656894,0.05579245525249433,True
e2c_full_seed23,2024-12-23,-0.07530506274288151,-0.09193167776772126,False
e2c_full_seed23,2024-12-24,-0.012295957537957602,0.04788881490687618,False
e2c_full_seed23,2024-12-25,-0.042788351319037625,-0.09322424224468104,True
e2c_full_seed23,2024-12-26,0.0712582848744273,0.21731818716624973,False
e2c_full_seed23,2024-12-27,0.07948424950029354,0.09399813932504145,False
e2c_full_seed23,2024-12-30,0.002199438550211929,0.10068240772860546,True
e2c_k21045_seed12,2024-01-02,0.17509974248651966,0.19792451475808426,False
e2c_k21045_seed12,2024-01-03,0.03892480629038676,0.05630405782520916,False
e2c_k21045_seed12,2024-01-04,0.14832312121548213,0.2230030008017127,False
e2c_k21045_seed12,2024-01-05,0.06661828328962333,0.08699827669062488,False
e2c_k21045_seed12,2024-01-08,0.09811841567555196,0.10347283500253845,False
e2c_k21045_seed12,2024-01-09,-0.009325704011507155,-0.01709559526299456,False
e2c_k21045_seed12,2024-01-10,-0.1371349093706755,-0.1150669137418791,False
e2c_k21045_seed12,2024-01-11,0.19119481389353787,0.17882690357082393,False
e2c_k21045_seed12,2024-01-12,0.0292891875073017,0.054601662201331926,False
e2c_k21045_seed12,2024-01-15,-0.004089796104386395,0.00610642796981505,False
e2c_k21045_seed12,2024-01-16,0.039950149056253305,0.12433585471710917,False
e2c_k21045_seed12,2024-01-17,-0.028821919562190757,-0.014406780278860488,False
e2c_k21045_seed12,2024-01-18,0.14805049469445905,0.22756909944144083,False
e2c_k21045_seed12,2024-01-19,0.0700024701963855,0.08978840226015183,False
e2c_k21045_seed12,2024-01-22,0.07724208924857617,0.09466337981425973,False
e2c_k21045_seed12,2024-01-23,0.08188339438569617,0.15913458152152804,False
e2c_k21045_seed12,2024-01-24,0.11170918815197144,0.12821588830105307,False
e2c_k21045_seed12,2024-01-25,0.20129505835925446,0.32097426754671127,False
e2c_k21045_seed12,2024-01-26,0.1503365489865107,0.16004391046103889,False
e2c_k21045_seed12,2024-01-29,0.05371711024090336,0.08038273989754051,False
e2c_k21045_seed12,2024-01-30,0.07625237397780253,0.12157640525370542,False
e2c_k21045_seed12,2024-01-31,-0.01897053723081555,-0.03484268553532778,False
e2c_k21045_seed12,2024-02-01,-0.06705052718183264,0.030800486408435253,True
e2c_k21045_seed12,2024-02-02,0.018510342281166037,0.06822973871796591,True
e2c_k21045_seed12,2024-02-05,0.08233799903940245,0.06030758607430508,True
e2c_k21045_seed12,2024-02-06,0.04171839323018797,0.05260746333113852,True
e2c_k21045_seed12,2024-02-07,0.09017839041050214,0.038979996892599254,True
e2c_k21045_seed12,2024-02-08,-0.09102265714116552,-0.09076102645815118,True
e2c_k21045_seed12,2024-02-19,-0.0630124344038687,-0.11462986620341443,False
e2c_k21045_seed12,2024-02-20,-0.0065307328034282155,-0.06554899514393195,False
e2c_k21045_seed12,2024-02-21,0.026420159059552487,0.0026713043492145646,False
e2c_k21045_seed12,2024-02-22,0.07700764333106633,0.0006547106492258461,False
e2c_k21045_seed12,2024-02-23,0.06554803645943205,-0.018112518303132895,False
e2c_k21045_seed12,2024-02-26,0.059489669404521314,-0.08780488489757597,False
e2c_k21045_seed12,2024-02-27,-0.10216632410427193,0.07048954823501064,True
e2c_k21045_seed12,2024-02-28,0.13070500265918863,0.1361829428191594,False
e2c_k21045_seed12,2024-02-29,0.040813223302526326,-0.006145030979688717,False
e2c_k21045_seed12,2024-03-01,-0.05892806436366457,-0.07899103703807309,False
e2c_k21045_seed12,2024-03-04,-0.04692518809981009,0.050025118332534625,False
e2c_k21045_seed12,2024-03-05,-0.01504262727317955,0.02767422625443841,False
e2c_k21045_seed12,2024-03-06,-0.016059284863096025,0.1237147617124938,False
e2c_k21045_seed12,2024-03-07,0.038776306957671085,0.031021871765443895,False
e2c_k21045_seed12,2024-03-08,0.0652800735935714,-0.010190791315198238,False
e2c_k21045_seed12,2024-03-11,-0.05619124563741987,-0.0504037164325322,False
e2c_k21045_seed12,2024-03-12,-0.05363496938427363,-0.09419331904354018,False
e2c_k21045_seed12,2024-03-13,0.09014044311596318,0.20482772582722844,False
e2c_k21045_seed12,2024-03-14,0.05145382663254068,0.07377203679491746,False
e2c_k21045_seed12,2024-03-15,-0.002753375122484903,-0.03768658088932529,False
e2c_k21045_seed12,2024-03-18,0.08959909268370145,0.11077174394879168,False
e2c_k21045_seed12,2024-03-19,-0.028018147600355717,-0.01805230402021881,False
e2c_k21045_seed12,2024-03-20,0.06269271274821663,0.11675094839869189,False
e2c_k21045_seed12,2024-03-21,-0.07545432684425246,-0.0809283814176157,False
e2c_k21045_seed12,2024-03-22,0.06839900712928383,0.1435722856253886,True
e2c_k21045_seed12,2024-03-25,-0.03687467150334565,-0.04601162335755846,False
e2c_k21045_seed12,2024-03-26,0.0049729149123521055,0.13343283647911203,True
e2c_k21045_seed12,2024-03-27,-0.08930298364543114,-0.05304638814271636,False
e2c_k21045_seed12,2024-03-28,0.046389720183193824,0.07793842315956624,False
e2c_k21045_seed12,2024-03-29,0.07061980493298176,0.07052637433385588,False
e2c_k21045_seed12,2024-04-01,0.10077812266254058,0.205892625128272,True
e2c_k21045_seed12,2024-04-02,0.09742802510303808,0.14354566939614555,False
e2c_k21045_seed12,2024-04-03,-0.0023993369607818752,0.0735979874190635,False
e2c_k21045_seed12,2024-04-08,0.12195817783850853,0.12390969932522056,False
e2c_k21045_seed12,2024-04-09,0.05265757382295727,0.10621155469688882,False
e2c_k21045_seed12,2024-04-10,0.03340148832786682,0.07555470516408937,False
e2c_k21045_seed12,2024-04-11,0.04859405836146508,0.055440570217002584,False
e2c_k21045_seed12,2024-04-12,-0.057031765114725144,-0.05610695913796524,True
e2c_k21045_seed12,2024-04-15,-0.08238060046768436,-0.07456306883994916,True
e2c_k21045_seed12,2024-04-16,-0.10357368967426275,-0.08896114272027163,True
e2c_k21045_seed12,2024-04-17,-0.08713344786307145,-0.0718761801612503,False
e2c_k21045_seed12,2024-04-18,0.02960283892773466,0.06432185022674185,True
e2c_k21045_seed12,2024-04-19,0.028365673130667485,0.0020357614910669806,True
e2c_k21045_seed12,2024-04-22,0.016800674429620497,-0.05219696003156174,False
e2c_k21045_seed12,2024-04-23,0.08581006014704681,0.006527954384990714,True
e2c_k21045_seed12,2024-04-24,-0.00760569911807936,0.010253724343842389,False
e2c_k21045_seed12,2024-04-25,0.10782924867873496,0.05477965700731722,True
e2c_k21045_seed12,2024-04-26,0.07161263224930613,0.075954886540771,True
e2c_k21045_seed12,2024-04-29,0.053162016079546445,0.11809141595575542,False
e2c_k21045_seed12,2024-04-30,-0.042494758303834965,-0.03887166051389655,False
e2c_k21045_seed12,2024-05-06,0.024743227838516468,-0.012726831706529792,False
e2c_k21045_seed12,2024-05-07,-0.000766385801668543,0.06149362866962863,False
e2c_k21045_seed12,2024-05-08,-0.02263647932613764,-0.01669087117959543,False
e2c_k21045_seed12,2024-05-09,0.08534744339891077,0.17060553085286403,False
e2c_k21045_seed12,2024-05-10,-0.014596186388202726,-0.006547887250468997,True
e2c_k21045_seed12,2024-05-13,0.002320007495029547,0.020508734941482226,False
e2c_k21045_seed12,2024-05-14,0.08250164029284492,0.11508513749180935,False
e2c_k21045_seed12,2024-05-15,0.08163934795007445,0.09475765316966915,False
e2c_k21045_seed12,2024-05-16,0.05010116661633362,0.0366052190949887,False
e2c_k21045_seed12,2024-05-17,-0.02953349524183193,0.0046422353716265045,False
e2c_k21045_seed12,2024-05-20,0.09274428874335358,0.12802528433637309,False
e2c_k21045_seed12,2024-05-21,0.11556361005144031,0.10905406422015318,False
e2c_k21045_seed12,2024-05-22,-0.007477791923222147,0.043565010853317994,False
e2c_k21045_seed12,2024-05-23,0.0972345381480303,0.14321155270293964,False
e2c_k21045_seed12,2024-05-24,-0.003375045144729141,-0.00044085690288571443,False
e2c_k21045_seed12,2024-05-27,-0.04016808659993425,-0.055735408924241996,False
e2c_k21045_seed12,2024-05-28,-0.0002138729324723731,-0.0026467396951673707,False
e2c_k21045_seed12,2024-05-29,0.045869520604325364,0.06249797220522621,False
e2c_k21045_seed12,2024-05-30,0.08539997216066596,0.04257592599326052,False
e2c_k21045_seed12,2024-05-31,-0.14043286253893525,-0.12199465979668685,False
e2c_k21045_seed12,2024-06-03,-0.028386265646709784,0.05625554159702227,False
e2c_k21045_seed12,2024-06-04,0.07617271938339656,0.05733441921511686,False
e2c_k21045_seed12,2024-06-05,0.04468800127691211,0.10696789795096115,False
e2c_k21045_seed12,2024-06-06,0.20385949203566392,0.26387619190832584,False
e2c_k21045_seed12,2024-06-07,-0.13697317447411625,-0.21205921202521483,True
e2c_k21045_seed12,2024-06-11,0.036461520468699195,0.03277246182536515,False
e2c_k21045_seed12,2024-06-12,0.00931552818923837,-0.03737500841344848,False
e2c_k21045_seed12,2024-06-13,0.01338666812255204,0.05679800551928145,False
e2c_k21045_seed12,2024-06-14,-0.03941379550291395,-0.08686974994768819,False
e2c_k21045_seed12,2024-06-17,-0.02698216319138098,-0.01664858730122763,False
e2c_k21045_seed12,2024-06-18,0.05483505717294643,0.09212544787210386,False
e2c_k21045_seed12,2024-06-19,0.13282016669701052,0.09047158628293106,False
e2c_k21045_seed12,2024-06-20,0.07323070434392066,0.07491666488602701,False
e2c_k21045_seed12,2024-06-21,-0.017124588547517902,0.028814606849458538,False
e2c_k21045_seed12,2024-06-24,0.13705273982898544,0.14923029848494035,False
e2c_k21045_seed12,2024-06-25,0.13924306304545447,0.11763270383585261,False
e2c_k21045_seed12,2024-06-26,0.02215727984564724,0.03310474435556706,False
e2c_k21045_seed12,2024-06-27,-0.0089412422584265,0.010426413006629586,False
e2c_k21045_seed12,2024-06-28,0.1088007433102581,0.16546096967869037,False
e2c_k21045_seed12,2024-07-01,0.11016502345934796,0.1448624507727091,False
e2c_k21045_seed12,2024-07-02,0.0346323345963227,0.05536162629902638,False
e2c_k21045_seed12,2024-07-03,0.03931161117334606,0.07932192483094753,False
e2c_k21045_seed12,2024-07-04,0.044498674910971835,0.03447633400316283,False
e2c_k21045_seed12,2024-07-05,0.02964914137373695,0.0593857791283518,False
e2c_k21045_seed12,2024-07-08,-0.07248994538397059,-0.07499781003202272,True
e2c_k21045_seed12,2024-07-09,-0.061538422652642186,-0.1436196556399475,False
e2c_k21045_seed12,2024-07-10,0.08290434163127182,0.08268307377842374,False
e2c_k21045_seed12,2024-07-11,-0.015250256694360698,0.008118031056395962,False
e2c_k21045_seed12,2024-07-12,-0.010131412893702653,0.08736358060691723,False
e2c_k21045_seed12,2024-07-15,-0.048250961792392064,-0.07343555413577346,False
e2c_k21045_seed12,2024-07-16,0.07222384229616825,0.12418459371443404,False
e2c_k21045_seed12,2024-07-17,0.08209566891035397,0.08075947624779294,False
e2c_k21045_seed12,2024-07-18,0.0109833038072444,-0.031096893228380055,False
e2c_k21045_seed12,2024-07-19,-0.0063155168620124946,-0.01769780456603289,False
e2c_k21045_seed12,2024-07-22,0.01204165823667784,0.09679547151506354,False
e2c_k21045_seed12,2024-07-23,0.1082043180065152,0.13677641834553056,False
e2c_k21045_seed12,2024-07-24,0.044270830220943996,0.03415375444475959,False
e2c_k21045_seed12,2024-07-25,0.08686264172953052,0.0848792619428241,False
e2c_k21045_seed12,2024-07-26,0.010525491409984293,0.06998571727311087,False
e2c_k21045_seed12,2024-07-29,0.05460174007234925,0.0386848057668973,False
e2c_k21045_seed12,2024-07-30,-0.018949832113952736,-0.10246045788313897,False
e2c_k21045_seed12,2024-07-31,0.04043515288775787,0.08052055231078746,False
e2c_k21045_seed12,2024-08-01,0.019455352225847242,0.05643954585244149,False
e2c_k21045_seed12,2024-08-02,0.04032043201592607,0.060675254785928584,False
e2c_k21045_seed12,2024-08-05,-0.01922359176049988,-0.031506683487168494,False
e2c_k21045_seed12,2024-08-06,0.02997973581537768,0.03702220812840907,False
e2c_k21045_seed12,2024-08-07,0.12550252322618002,0.19405149740844238,False
e2c_k21045_seed12,2024-08-08,0.05524160540981281,0.11960450853950212,False
e2c_k21045_seed12,2024-08-09,0.00023408800856214294,0.029290105939217697,False
e2c_k21045_seed12,2024-08-12,0.06617592047732239,0.06386234534506234,False
e2c_k21045_seed12,2024-08-13,0.01987364240426854,0.10394286068057179,False
e2c_k21045_seed12,2024-08-14,0.04307362474452708,0.0406324274822939,False
e2c_k21045_seed12,2024-08-15,0.0004202038745861752,6.374646934237847e-05,False
e2c_k21045_seed12,2024-08-16,0.04614477580478206,0.1255391241035253,False
e2c_k21045_seed12,2024-08-19,0.03555763948362286,0.09490845792556406,False
e2c_k21045_seed12,2024-08-20,-0.018033266330943667,-0.043995391650044506,False
e2c_k21045_seed12,2024-08-21,0.09461903460030241,0.15155142368650756,False
e2c_k21045_seed12,2024-08-22,0.001418476878796513,0.013174461346690706,False
e2c_k21045_seed12,2024-08-23,0.07028818726990381,0.10972507314106227,False
e2c_k21045_seed12,2024-08-26,0.1090987520819366,0.1621595262743587,False
e2c_k21045_seed12,2024-08-27,0.0043302293694845425,-0.024537337214578778,False
e2c_k21045_seed12,2024-08-28,0.009516083257526653,-0.024801490372709234,False
e2c_k21045_seed12,2024-08-29,-0.08030340813076671,-0.17474019896659237,False
e2c_k21045_seed12,2024-08-30,0.03172613772112544,0.14136673850144638,False
e2c_k21045_seed12,2024-09-02,-0.04781839930318981,-0.09715940071653388,False
e2c_k21045_seed12,2024-09-03,-0.13426533484987377,-0.1924758426622401,False
e2c_k21045_seed12,2024-09-04,0.06294016521349863,0.06070595135466833,False
e2c_k21045_seed12,2024-09-05,0.03913150463616869,0.12904201146721833,False
e2c_k21045_seed12,2024-09-06,-0.015450828463740312,-0.013978850036300026,False
e2c_k21045_seed12,2024-09-09,-0.005795142716570482,-0.05431945082859844,False
e2c_k21045_seed12,2024-09-10,-0.0536987927750116,-0.12239262666763247,False
e2c_k21045_seed12,2024-09-11,0.10652001881758293,0.12543535327667854,False
e2c_k21045_seed12,2024-09-12,0.14462031402761044,0.21360243667006593,False
e2c_k21045_seed12,2024-09-13,0.02729759661686838,0.03708558755945118,False
e2c_k21045_seed12,2024-09-18,0.15107518242677925,0.21737682603897984,False
e2c_k21045_seed12,2024-09-19,0.06092090571429726,0.09836871592941998,False
e2c_k21045_seed12,2024-09-20,-0.006090937296943001,0.012102534318025951,False
e2c_k21045_seed12,2024-09-23,0.09091903510306314,0.03252839545793652,False
e2c_k21045_seed12,2024-09-24,0.1267990889601457,0.1735736669764871,False
e2c_k21045_seed12,2024-09-25,0.041918520745590056,0.013694559871103879,False
e2c_k21045_seed12,2024-09-26,-0.03093712757769706,-0.0712221119033621,True
e2c_k21045_seed12,2024-09-27,0.23448897173166094,0.19211682070720423,True
e2c_k21045_seed12,2024-09-30,0.03657106370242182,0.014680790341275373,True
e2c_k21045_seed12,2024-10-08,0.14266846276887052,0.18396036332292764,True
e2c_k21045_seed12,2024-10-09,0.0228487919090697,0.08109685195334387,True
e2c_k21045_seed12,2024-10-10,-0.00616761194388444,0.048096639247082254,True
e2c_k21045_seed12,2024-10-11,-0.026551567808778754,-0.03240953057857511,True
e2c_k21045_seed12,2024-10-14,-0.12876207639410703,-0.1419155071338224,True
e2c_k21045_seed12,2024-10-15,0.02103430989323604,0.040330366866782874,True
e2c_k21045_seed12,2024-10-16,0.12951074915388,0.10848574218618508,False
e2c_k21045_seed12,2024-10-17,0.035341164020644654,-0.05230106216918598,True
e2c_k21045_seed12,2024-10-18,-0.01852198675070536,-0.0593028219559688,True
e2c_k21045_seed12,2024-10-21,0.0030255245016002925,0.07671962413068453,True
e2c_k21045_seed12,2024-10-22,0.08736820093006627,0.10001269717569806,True
e2c_k21045_seed12,2024-10-23,-0.004520280775213362,0.0383580992613483,False
e2c_k21045_seed12,2024-10-24,0.07147574158495955,0.09074896486429414,True
e2c_k21045_seed12,2024-10-25,0.030056424797251922,0.08590206757478436,True
e2c_k21045_seed12,2024-10-28,-0.023088449991164255,0.010743415141786523,True
e2c_k21045_seed12,2024-10-29,0.030231737215793586,0.05545078244097107,True
e2c_k21045_seed12,2024-10-30,0.04998298891695033,0.01706553336679786,True
e2c_k21045_seed12,2024-10-31,0.08945842639473729,0.16231738119754013,True
e2c_k21045_seed12,2024-11-01,0.041557227664318894,0.019442544232776308,True
e2c_k21045_seed12,2024-11-04,0.05762254520678002,-0.0298463366088446,True
e2c_k21045_seed12,2024-11-05,0.027727275390039646,0.039875770743594253,True
e2c_k21045_seed12,2024-11-06,0.11247617138585676,0.18886088236084192,True
e2c_k21045_seed12,2024-11-07,0.025918052425505385,0.025825661403143994,True
e2c_k21045_seed12,2024-11-08,0.04673802588119586,-0.0586642334248967,True
e2c_k21045_seed12,2024-11-11,-0.05500325018102764,0.09611014471267076,True
e2c_k21045_seed12,2024-11-12,0.02138498043295482,0.040802025913816264,False
e2c_k21045_seed12,2024-11-13,0.039189868704939804,0.19513083790837585,False
e2c_k21045_seed12,2024-11-14,-0.04971612914464813,-0.012818307996983483,True
e2c_k21045_seed12,2024-11-15,0.0667899537059926,0.1207653458668471,True
e2c_k21045_seed12,2024-11-18,-0.023568462492877276,-0.06518865704238033,False
e2c_k21045_seed12,2024-11-19,0.038692588121565744,-0.031118852828901266,True
e2c_k21045_seed12,2024-11-20,0.03436445834387462,0.03690837656481513,False
e2c_k21045_seed12,2024-11-21,-0.03578920566702779,0.017932110710448826,True
e2c_k21045_seed12,2024-11-22,0.03703436681158466,0.04041476012649933,True
e2c_k21045_seed12,2024-11-25,0.04846742893639471,0.17017505680361572,True
e2c_k21045_seed12,2024-11-26,-0.09335478271877391,-0.17177593757724705,True
e2c_k21045_seed12,2024-11-27,0.07036922793399325,0.16391458059117053,False
e2c_k21045_seed12,2024-11-28,-0.018762556533830778,-0.03328803232811322,False
e2c_k21045_seed12,2024-11-29,0.05404124209291406,0.025172231449659598,False
e2c_k21045_seed12,2024-12-02,0.08660320559368741,0.1693424062067466,False
e2c_k21045_seed12,2024-12-03,0.01910175713657014,0.0436905568785771,False
e2c_k21045_seed12,2024-12-04,0.04873029423270254,0.02204870215710546,False
e2c_k21045_seed12,2024-12-05,0.16632065076148447,0.2703664293789214,False
e2c_k21045_seed12,2024-12-06,0.02005431074702001,0.08422624457732496,False
e2c_k21045_seed12,2024-12-09,-0.03358451374555158,-0.019439503070642454,False
e2c_k21045_seed12,2024-12-10,0.01345080358948153,0.019262127602939598,False
e2c_k21045_seed12,2024-12-11,-0.06808134894872511,-0.004004317043319273,False
e2c_k21045_seed12,2024-12-12,-0.013008337845687671,-0.009792792553643442,True
e2c_k21045_seed12,2024-12-13,0.08373771218863899,0.15157440949042528,False
e2c_k21045_seed12,2024-12-16,-0.04441132354397779,-0.01033754453968672,False
e2c_k21045_seed12,2024-12-17,-0.06330858478895679,-0.05940718054194947,True
e2c_k21045_seed12,2024-12-18,-0.025821980644971553,-0.04408142977647947,True
e2c_k21045_seed12,2024-12-19,-0.1101060375567431,-0.19522495692815736,True
e2c_k21045_seed12,2024-12-20,0.02067302853352994,0.09642735835635467,True
e2c_k21045_seed12,2024-12-23,-0.04610589662660291,-0.0625905064078412,False
e2c_k21045_seed12,2024-12-24,0.0019427325128570357,0.06354123542721599,False
e2c_k21045_seed12,2024-12-25,-0.06492972120019032,-0.11459660799011648,True
e2c_k21045_seed12,2024-12-26,0.11516080053580541,0.25978117180524785,False
e2c_k21045_seed12,2024-12-27,0.057862888756440155,0.07268514331573449,False
e2c_k21045_seed12,2024-12-30,0.01283774992357934,0.10628991710183747,True
e3_stats_only,2024-01-02,0.06284000753885582,0.0815069082705405,False
e3_stats_only,2024-01-03,0.09685111911950146,0.1138817885247131,False
e3_stats_only,2024-01-04,0.13961517436809057,0.20859472924814934,False
e3_stats_only,2024-01-05,0.06576861627855005,0.08421575514848575,False
e3_stats_only,2024-01-08,0.005460670088227222,0.010627090748731442,False
e3_stats_only,2024-01-09,0.10558191805269856,0.0974128521953752,False
e3_stats_only,2024-01-10,-0.05274343236103132,-0.02183027539972802,False
e3_stats_only,2024-01-11,0.15383107911133267,0.1402615923619046,False
e3_stats_only,2024-01-12,-0.0050148533276380015,0.01583622926538941,False
e3_stats_only,2024-01-15,0.016151868645636773,0.025975867919385855,False
e3_stats_only,2024-01-16,0.1356886241757611,0.2069078715604479,False
e3_stats_only,2024-01-17,-0.047323910893304066,-0.027142996405257466,False
e3_stats_only,2024-01-18,0.12032310633094123,0.18160303934029257,False
e3_stats_only,2024-01-19,-0.022266698769315262,-0.00015030062788561313,False
e3_stats_only,2024-01-22,0.02113743746177555,0.03835655467499083,False
e3_stats_only,2024-01-23,0.07297155824479397,0.1437219259955404,False
e3_stats_only,2024-01-24,0.10480137903682057,0.12019626706465497,False
e3_stats_only,2024-01-25,0.179033243556029,0.28869040561714726,False
e3_stats_only,2024-01-26,0.15136275042440128,0.1609548958270419,False
e3_stats_only,2024-01-29,-0.024197812045264465,0.0008621323406158137,False
e3_stats_only,2024-01-30,-0.04307699031392529,-0.008863201388060531,False
e3_stats_only,2024-01-31,0.0204316676803031,0.007489968289704631,False
e3_stats_only,2024-02-01,-0.11719200767885622,-0.0030761200754520716,True
e3_stats_only,2024-02-02,-0.04588887829111565,0.001038892053410852,True
e3_stats_only,2024-02-05,0.012968841536672413,-0.017595201193401643,True
e3_stats_only,2024-02-06,-0.0006206287453751358,0.012697747287878218,True
e3_stats_only,2024-02-07,0.11992244114871511,0.021905722897987534,True
e3_stats_only,2024-02-08,-0.10358819903095846,-0.1032698997309261,True
e3_stats_only,2024-02-19,-0.14500998537735602,-0.20789556552465588,False
e3_stats_only,2024-02-20,0.018517011294563197,-0.049565300671562174,False
e3_stats_only,2024-02-21,0.09013572463056375,0.07266370451014174,False
e3_stats_only,2024-02-22,0.02601889317063453,-0.06339024291643273,False
e3_stats_only,2024-02-23,0.01353222421160487,-0.07461196582865162,False
e3_stats_only,2024-02-26,0.008796430327009337,-0.14217665629905463,False
e3_stats_only,2024-02-27,0.09484572536536194,0.2909379256883122,True
e3_stats_only,2024-02-28,0.26744851998456654,0.27370084453581967,False
e3_stats_only,2024-02-29,-0.0847074032913048,-0.14541791943338464,False
e3_stats_only,2024-03-01,-0.06649901446883814,-0.08921778269640955,False
e3_stats_only,2024-03-04,-0.05958095337798331,0.044301052216997976,False
e3_stats_only,2024-03-05,0.04125363266932028,0.08246221664598503,False
e3_stats_only,2024-03-06,-0.026654312917170856,0.1060406251271456,False
e3_stats_only,2024-03-07,0.11348385155450656,0.10674066646057191,False
e3_stats_only,2024-03-08,0.050907274741395676,-0.03414735878369941,False
e3_stats_only,2024-03-11,-0.0005869878900693657,0.007755463576495222,False
e3_stats_only,2024-03-12,-0.09635669471496205,-0.14181441157106223,False
e3_stats_only,2024-03-13,0.03840903624132281,0.11851304669769983,False
e3_stats_only,2024-03-14,0.09687031208534456,0.11984258408067817,False
e3_stats_only,2024-03-15,-0.05077114751592544,-0.09003299806779665,False
e3_stats_only,2024-03-18,0.060809254477926705,0.08557973383853448,False
e3_stats_only,2024-03-19,-0.020377542228898076,-0.012126222930807624,False
e3_stats_only,2024-03-20,0.05018674737092299,0.10498332487076463,False
e3_stats_only,2024-03-21,-0.009718175117592435,-0.014998446372166789,False
e3_stats_only,2024-03-22,0.02236153991702505,0.0886745962332904,True
e3_stats_only,2024-03-25,-0.04637033876944596,-0.060046216082181136,False
e3_stats_only,2024-03-26,0.04408821600806573,0.1665847295601503,True
e3_stats_only,2024-03-27,0.09324535303611561,0.129241786273083,False
e3_stats_only,2024-03-28,0.04559021760812673,0.08727240487546223,False
e3_stats_only,2024-03-29,0.015018095451027112,0.0149303418175647,False
e3_stats_only,2024-04-01,0.16990098491524366,0.27318135871796906,True
e3_stats_only,2024-04-02,0.11751134607352667,0.16401306833638263,False
e3_stats_only,2024-04-03,-0.016026444911205258,0.05499046372589185,False
e3_stats_only,2024-04-08,0.11827844027823221,0.11955114077904112,False
e3_stats_only,2024-04-09,0.05403993782168942,0.11438847383750841,False
e3_stats_only,2024-04-10,-0.007933161408729569,0.028050150392257563,False
e3_stats_only,2024-04-11,0.012537801133126237,0.018569910708440326,False
e3_stats_only,2024-04-12,-0.08727382636490129,-0.08633062107137934,True
e3_stats_only,2024-04-15,-0.02466209287931112,-0.017428274336459337,True
e3_stats_only,2024-04-16,0.0784363710255374,0.09287752490488495,True
e3_stats_only,2024-04-17,-0.11768680781125367,-0.09915075232095433,False
e3_stats_only,2024-04-18,-0.1180760254550808,-0.09674557175367599,True
e3_stats_only,2024-04-19,0.04759556001997489,0.023167212793642547,True
e3_stats_only,2024-04-22,0.005776284937318328,-0.05418107019098167,False
e3_stats_only,2024-04-23,0.07780516910985417,0.010090687129293752,True
e3_stats_only,2024-04-24,0.05295239512974539,0.07377964831228315,False
e3_stats_only,2024-04-25,0.09129290399950697,0.041765726668958905,True
e3_stats_only,2024-04-26,0.15748573784878345,0.1618337062248034,True
e3_stats_only,2024-04-29,0.03922514031339366,0.10670019062765003,False
e3_stats_only,2024-04-30,-0.020121236340014552,-0.016970084923293893,False
e3_stats_only,2024-05-06,0.058522645639335284,0.023078124046481182,False
e3_stats_only,2024-05-07,-0.006876252386782442,0.04130160899478937,False
e3_stats_only,2024-05-08,-0.0321242477953919,-0.026523012677517672,False
e3_stats_only,2024-05-09,0.07626700581309737,0.16129221779333278,False
e3_stats_only,2024-05-10,-0.016518980778677382,-0.009651106351441181,True
e3_stats_only,2024-05-13,0.03030606668868677,0.04606173376372088,False
e3_stats_only,2024-05-14,0.09965260845762709,0.13827771318633814,False
e3_stats_only,2024-05-15,0.0504958231124777,0.06204731127795831,False
e3_stats_only,2024-05-16,0.05068669799625937,0.0355026626796083,False
e3_stats_only,2024-05-17,-0.06074293016477342,-0.033789659172104275,False
e3_stats_only,2024-05-20,0.03675717500659191,0.06447574638460038,False
e3_stats_only,2024-05-21,0.10357085530982496,0.0979907211555492,False
e3_stats_only,2024-05-22,-0.05661482027106368,-0.010290630725595926,False
e3_stats_only,2024-05-23,-0.007050439098885951,0.027654943869278022,False
e3_stats_only,2024-05-24,0.022426267988157094,0.025556561403128057,False
e3_stats_only,2024-05-27,-0.0008015311080871266,-0.01598342114168227,False
e3_stats_only,2024-05-28,0.014051708252185166,0.011543387923132113,False
e3_stats_only,2024-05-29,0.0440987088560728,0.059348308524981075,False
e3_stats_only,2024-05-30,0.13544274224527056,0.1051950701620688,False
e3_stats_only,2024-05-31,-0.11461953106622488,-0.09368088434525394,False
e3_stats_only,2024-06-03,-0.01759256879730111,0.06533102089786087,False
e3_stats_only,2024-06-04,-0.025869539327550175,-0.05023346675464492,False
e3_stats_only,2024-06-05,-0.13462156476393108,-0.08832971588684078,False
e3_stats_only,2024-06-06,0.1792537189394455,0.22811310599657117,False
e3_stats_only,2024-06-07,-0.059313139424256776,-0.11975745959035483,True
e3_stats_only,2024-06-11,-0.03050751828618919,-0.034056972793502345,False
e3_stats_only,2024-06-12,-0.008952717859632538,-0.05195773821779275,False
e3_stats_only,2024-06-13,-0.014176186290398147,0.01776502735307139,False
e3_stats_only,2024-06-14,-0.12474303151442859,-0.16947517908899268,False
e3_stats_only,2024-06-17,0.02933854079550989,0.04080348801444429,False
e3_stats_only,2024-06-18,0.030980515672307776,0.07233182492214096,False
e3_stats_only,2024-06-19,0.0571797971290827,0.019668723938903256,False
e3_stats_only,2024-06-20,0.032754284846582396,0.034833343662136494,False
e3_stats_only,2024-06-21,-0.033551546771261945,0.013192860171158926,False
e3_stats_only,2024-06-24,0.018828128173812863,0.02912698265007999,False
e3_stats_only,2024-06-25,0.07030321864954335,0.04728791439127811,False
e3_stats_only,2024-06-26,-0.02376504201626298,-0.01287423831316068,False
e3_stats_only,2024-06-27,-0.0129298314578169,0.013166958028467167,False
e3_stats_only,2024-06-28,0.010747105983908276,0.06511985506318577,False
e3_stats_only,2024-07-01,0.13604832098760095,0.16842835594531794,False
e3_stats_only,2024-07-02,0.07665313389297648,0.09476613428872521,False
e3_stats_only,2024-07-03,-0.043158692564683104,-0.004775155348280778,False
e3_stats_only,2024-07-04,-0.018359514689122503,-0.027119881366364208,False
e3_stats_only,2024-07-05,-0.0518100474228772,-0.026156101097179783,False
e3_stats_only,2024-07-08,0.023743695516869653,0.02117028806999638,True
e3_stats_only,2024-07-09,-0.05349557737016053,-0.12755850469137767,False
e3_stats_only,2024-07-10,0.11938328649335202,0.11918602083879537,False
e3_stats_only,2024-07-11,-0.008968804035069174,0.012890377853481886,False
e3_stats_only,2024-07-12,-0.09542550340441579,-0.013510877470642736,False
e3_stats_only,2024-07-15,-0.120247276587139,-0.143377659190966,False
e3_stats_only,2024-07-16,0.092682390210636,0.13908211060546008,False
e3_stats_only,2024-07-17,-0.015755834053521815,-0.017116701403435308,False
e3_stats_only,2024-07-18,0.006736411947473993,-0.02246482443368255,False
e3_stats_only,2024-07-19,0.009119158280389884,-0.002715888173925793,False
e3_stats_only,2024-07-22,0.15471558674686287,0.23792295791843168,False
e3_stats_only,2024-07-23,-0.01886679479988102,0.006790503162380859,False
e3_stats_only,2024-07-24,0.042917936344720915,0.03253931515171663,False
e3_stats_only,2024-07-25,0.0365913871726465,0.0349865549983038,False
e3_stats_only,2024-07-26,0.05337038355287863,0.11852141326638532,False
e3_stats_only,2024-07-29,0.11071760935947238,0.09758694007365117,False
e3_stats_only,2024-07-30,-0.017591627220795908,-0.09843114113339492,False
e3_stats_only,2024-07-31,0.03013931728592481,0.07832450535548052,False
e3_stats_only,2024-08-01,0.0014106777180844354,0.037439201759705006,False
e3_stats_only,2024-08-02,-0.011627824363261836,0.005620934020373341,False
e3_stats_only,2024-08-05,-0.02713635600873026,-0.0362924188811247,False
e3_stats_only,2024-08-06,-0.05115986755324032,-0.04394247567860635,False
e3_stats_only,2024-08-07,0.06085463133268285,0.11750520661870735,False
e3_stats_only,2024-08-08,0.04128883401115049,0.09089980966998698,False
e3_stats_only,2024-08-09,-0.0860096786732302,-0.06352003758630388,False
e3_stats_only,2024-08-12,0.026784408563728882,0.024317039229619298,False
e3_stats_only,2024-08-13,0.023899171010613923,0.11297299755241662,False
e3_stats_only,2024-08-14,0.04312519302120341,0.04064669640154481,False
e3_stats_only,2024-08-15,-0.027929912906277797,-0.02824033400140709,False
e3_stats_only,2024-08-16,0.08040528392632251,0.1273814767713774,False
e3_stats_only,2024-08-19,0.0052663594778603355,0.06016650584041842,False
e3_stats_only,2024-08-20,-0.06051306250605918,-0.07984598706190052,False
e3_stats_only,2024-08-21,-0.03424238272430976,0.011755310935642463,False
e3_stats_only,2024-08-22,-0.061649419803657346,-0.051150333158555036,False
e3_stats_only,2024-08-23,0.1111112384930255,0.14611335320612234,False
e3_stats_only,2024-08-26,0.03343958846190277,0.0870657101450236,False
e3_stats_only,2024-08-27,0.023951487687920058,0.0009974289653503588,False
e3_stats_only,2024-08-28,-0.02574024068236736,-0.06099007775579266,False
e3_stats_only,2024-08-29,-0.024626093502060496,-0.10509687815228062,False
e3_stats_only,2024-08-30,-0.007103732275848198,0.0670709878969269,False
e3_stats_only,2024-09-02,0.09337531210463369,0.05826451987294842,False
e3_stats_only,2024-09-03,-0.09940783381012774,-0.1535699320960031,False
e3_stats_only,2024-09-04,0.09688777494354643,0.09483900594587989,False
e3_stats_only,2024-09-05,0.09729788114665094,0.20699970656955802,False
e3_stats_only,2024-09-06,-0.0016689319593261457,0.00010529510870326407,False
e3_stats_only,2024-09-09,-0.08167094498143324,-0.12320616279357346,False
e3_stats_only,2024-09-10,-0.053775981939643495,-0.1129647602020916,False
e3_stats_only,2024-09-11,0.1778477410584475,0.19602841045077235,False
e3_stats_only,2024-09-12,0.019914858694425355,0.08275407287571307,False
e3_stats_only,2024-09-13,-0.021323046523533725,-0.01070307752982249,False
e3_stats_only,2024-09-18,0.12237572330197376,0.18327916860617866,False
e3_stats_only,2024-09-19,-0.007251608469878794,0.027921403142906007,False
e3_stats_only,2024-09-20,0.08733216131394829,0.11104050116137454,False
e3_stats_only,2024-09-23,0.11494264321852493,0.06159689741285046,False
e3_stats_only,2024-09-24,0.12689938478686194,0.18289296985472503,False
e3_stats_only,2024-09-25,0.036485376833832954,0.00791576486304306,False
e3_stats_only,2024-09-26,-0.22186249312568354,-0.30509731776965104,True
e3_stats_only,2024-09-27,0.18451909871455613,0.1433862845244026,True
e3_stats_only,2024-09-30,-0.11600610767135607,-0.14452600696739246,True
e3_stats_only,2024-10-08,-0.0021362905656850126,0.04223883754407153,True
e3_stats_only,2024-10-09,-0.0654865198634733,-0.02406904963038597,True
e3_stats_only,2024-10-10,-0.11835675201603961,-0.09136274954892808,True
e3_stats_only,2024-10-11,0.05186300566511467,0.04860014440051718,True
e3_stats_only,2024-10-14,-0.12153493724490609,-0.13422847561786252,True
e3_stats_only,2024-10-15,-0.002395010869223068,0.010972459469661721,True
e3_stats_only,2024-10-16,-0.003132441743267943,-0.02933643776996531,False
e3_stats_only,2024-10-17,0.1097120927768166,0.061155988740696214,True
e3_stats_only,2024-10-18,-0.12055213064718832,-0.17626947138282698,True
e3_stats_only,2024-10-21,0.030501869461056104,0.100828156300873,True
e3_stats_only,2024-10-22,0.060241970365526615,0.07280669456763605,True
e3_stats_only,2024-10-23,0.022848488602057244,0.05527750955036897,False
e3_stats_only,2024-10-24,0.09611460745153567,0.11224256691797699,True
e3_stats_only,2024-10-25,0.07980115950850636,0.14643438744984755,True
e3_stats_only,2024-10-28,-0.08840151686196529,-0.05970264116393442,True
e3_stats_only,2024-10-29,-0.018364332909725493,-0.003700139038869039,True
e3_stats_only,2024-10-30,0.05919249432558832,0.023065860570504814,True
e3_stats_only,2024-10-31,0.06960787008864891,0.13452153356960034,True
e3_stats_only,2024-11-01,0.1114781288473005,0.10124346001960657,True
e3_stats_only,2024-11-04,-0.05381929490233865,-0.14953673880367654,True
e3_stats_only,2024-11-05,0.037487283526442115,0.04986616500797339,True
e3_stats_only,2024-11-06,0.09327489819600578,0.13717652423905574,True
e3_stats_only,2024-11-07,0.012827649718870774,0.012721027699336489,True
e3_stats_only,2024-11-08,0.06635246264315674,0.004971826714744971,True
e3_stats_only,2024-11-11,-0.03848064787295422,0.10751177309819668,True
e3_stats_only,2024-11-12,-0.03653578203267924,-0.014413803943014,False
e3_stats_only,2024-11-13,0.12382547847886244,0.2519728906034814,False
e3_stats_only,2024-11-14,-0.06899832663991641,-0.049606926459975866,True
e3_stats_only,2024-11-15,0.0012859836219495321,0.050481345900906305,True
e3_stats_only,2024-11-18,0.022396672060519124,-0.020093004781933464,False
e3_stats_only,2024-11-19,-0.0014938877045258857,-0.05807173740901169,True
e3_stats_only,2024-11-20,-0.011555125773710134,-0.009294545546437171,False
e3_stats_only,2024-11-21,0.020672430951624604,0.08523238856919711,True
e3_stats_only,2024-11-22,0.059181124721445176,0.06192707576535368,True
e3_stats_only,2024-11-25,0.09061465310004421,0.19700723785134508,True
e3_stats_only,2024-11-26,0.060985944512289114,0.013769388055121871,True
e3_stats_only,2024-11-27,0.13228472143757955,0.22225025375141333,False
e3_stats_only,2024-11-28,-0.01432069068360484,-0.023593469958276596,False
e3_stats_only,2024-11-29,0.005903478948394816,-0.02201533730077578,False
e3_stats_only,2024-12-02,0.09573096237780074,0.16147142710414103,False
e3_stats_only,2024-12-03,-0.026992019743515804,-0.006044728182941322,False
e3_stats_only,2024-12-04,0.009206543112297735,-0.012136138325421864,False
e3_stats_only,2024-12-05,0.17537864199907247,0.27482447078205813,False
e3_stats_only,2024-12-06,0.01344703582716138,0.07027773066570311,False
e3_stats_only,2024-12-09,-0.02922086265594362,-0.01697012053755719,False
e3_stats_only,2024-12-10,-0.03025082505726146,-0.0256765354856141,False
e3_stats_only,2024-12-11,-0.001222495449879625,0.05079552980480083,False
e3_stats_only,2024-12-12,-0.03808385115486873,-0.035196342030832106,True
e3_stats_only,2024-12-13,0.010465669351928622,0.04246647678281436,False
e3_stats_only,2024-12-16,-0.0032594494293332233,0.03562064556377417,False
e3_stats_only,2024-12-17,0.02862794531634322,0.03150023077278304,True
e3_stats_only,2024-12-18,-0.05249279701472334,-0.06979211251119886,True
e3_stats_only,2024-12-19,-0.016583855796965474,-0.07386231797006537,True
e3_stats_only,2024-12-20,0.1048697862258097,0.19382134818058552,True
e3_stats_only,2024-12-23,-0.018202605457847933,-0.02894638798804949,False
e3_stats_only,2024-12-24,0.049614301007401565,0.11326678155058673,False
e3_stats_only,2024-12-25,-0.05110301783389428,-0.08595716798538992,True
e3_stats_only,2024-12-26,0.06643778018582969,0.18190406274910834,False
e3_stats_only,2024-12-27,0.027080751702801113,0.042969991642108775,False
e3_stats_only,2024-12-30,-0.04564301182827498,0.030650095722252666,True
e3_seq_only,2024-01-02,0.17080346068698718,0.19472545376438954,False
e3_seq_only,2024-01-03,0.03179042692371402,0.05091105763013765,False
e3_seq_only,2024-01-04,0.1475528491971643,0.23114608298019443,False
e3_seq_only,2024-01-05,0.04514897871480947,0.0679730872112347,False
e3_seq_only,2024-01-08,0.07321549274036988,0.07908467015993365,False
e3_seq_only,2024-01-09,-0.008181562022413685,-0.017035871054297436,False
e3_seq_only,2024-01-10,-0.18219580036378777,-0.1563021656956535,False
e3_seq_only,2024-01-11,0.21925992857269022,0.2070174155124648,False
e3_seq_only,2024-01-12,0.024688066823537937,0.05257421354429986,False
e3_seq_only,2024-01-15,-0.008136166374739675,0.003789972714544584,False
e3_seq_only,2024-01-16,0.07616671002015138,0.16618509879906787,False
e3_seq_only,2024-01-17,-0.1176399840825187,-0.10123480933465598,False
e3_seq_only,2024-01-18,0.1521493910871652,0.23476151555497754,False
e3_seq_only,2024-01-19,0.06177998737595182,0.08369254057392932,False
e3_seq_only,2024-01-22,0.045734552833225306,0.061680190823168654,False
e3_seq_only,2024-01-23,0.12544256276979704,0.20308613841124684,False
e3_seq_only,2024-01-24,0.08359462290498304,0.10241904268573072,False
e3_seq_only,2024-01-25,0.2339218818172297,0.35753187660861024,False
e3_seq_only,2024-01-26,0.12346176575912465,0.13398709898715225,False
e3_seq_only,2024-01-29,0.053054754154469086,0.08260595505605711,False
e3_seq_only,2024-01-30,0.10617015028801048,0.1554769496040966,False
e3_seq_only,2024-01-31,-0.07094082311533263,-0.08959888715009619,False
e3_seq_only,2024-02-01,-0.04806257325519727,0.0812079397402187,True
e3_seq_only,2024-02-02,0.043554800569280204,0.10869211611455643,True
e3_seq_only,2024-02-05,0.009319265136522018,-0.016456678578563016,True
e3_seq_only,2024-02-06,0.04536802207868315,0.05598636653941391,True
e3_seq_only,2024-02-07,0.10919269877832426,0.056749074163741725,True
e3_seq_only,2024-02-08,-0.1001748186104837,-0.09987467858501631,True
e3_seq_only,2024-02-19,-0.046223552069169706,-0.10253098757197195,False
e3_seq_only,2024-02-20,0.011050142033680786,-0.05289339865850733,False
e3_seq_only,2024-02-21,0.011873282794110722,-0.012986986144077626,False
e3_seq_only,2024-02-22,0.03412250144561209,-0.045928427989141665,False
e3_seq_only,2024-02-23,0.014441183300537877,-0.08020954060378922,False
e3_seq_only,2024-02-26,0.03405324612386641,-0.1381004849449339,False
e3_seq_only,2024-02-27,-0.06539654473744123,0.13820536578927156,True
e3_seq_only,2024-02-28,0.14850651616743832,0.1554423648056964,False
e3_seq_only,2024-02-29,0.0038968785983168087,-0.05302268701724495,False
e3_seq_only,2024-03-01,-0.08962315441097611,-0.11457654056998601,False
e3_seq_only,2024-03-04,-0.065951695603698,0.04310630381155981,False
e3_seq_only,2024-03-05,-0.007687081824066685,0.04154412463324833,False
e3_seq_only,2024-03-06,0.004543930376034225,0.1410028672419554,False
e3_seq_only,2024-03-07,-0.03657505411878025,-0.045547937417692634,False
e3_seq_only,2024-03-08,0.053802252551464036,-0.03897186002412949,False
e3_seq_only,2024-03-11,-0.08982917827288957,-0.08211359042705382,False
e3_seq_only,2024-03-12,-0.05964802752316035,-0.11076798263847014,False
e3_seq_only,2024-03-13,0.11182013758378659,0.24021652313961217,False
e3_seq_only,2024-03-14,0.06719594739160036,0.09143515075956625,False
e3_seq_only,2024-03-15,0.011947350306742863,-0.023284451486198628,False
e3_seq_only,2024-03-18,0.03531300072873166,0.06184690078994312,False
e3_seq_only,2024-03-19,-0.039456966334784765,-0.02713568238355176,False
e3_seq_only,2024-03-20,0.09681977763320473,0.15722069434164623,False
e3_seq_only,2024-03-21,-0.07346838171295168,-0.07921420529977173,False
e3_seq_only,2024-03-22,0.10090152189632497,0.18087654073564047,True
e3_seq_only,2024-03-25,-0.058798360793227616,-0.07073249992062233,False
e3_seq_only,2024-03-26,0.023400341718434838,0.15527473084451593,True
e3_seq_only,2024-03-27,-0.11921978711722056,-0.07542083584321305,False
e3_seq_only,2024-03-28,0.05865250749740805,0.09503640948549873,False
e3_seq_only,2024-03-29,0.12099814568883036,0.12090869804732243,False
e3_seq_only,2024-04-01,0.13945502921001549,0.2580209979398715,True
e3_seq_only,2024-04-02,0.06576641695846103,0.12161733755849212,False
e3_seq_only,2024-04-03,-0.050756679152021124,0.03327657340250921,False
e3_seq_only,2024-04-08,0.14188446747023942,0.14386629699361667,False
e3_seq_only,2024-04-09,0.0843106455334749,0.14586694330764555,False
e3_seq_only,2024-04-10,0.016946949115899113,0.060776111001572646,False
e3_seq_only,2024-04-11,0.04001602757905751,0.04571527479479798,False
e3_seq_only,2024-04-12,-0.04989119842259408,-0.04883218543721377,True
e3_seq_only,2024-04-15,-0.10830294812238944,-0.0998877269483191,True
e3_seq_only,2024-04-16,-0.008610184366662157,0.008971202743304436,True
e3_seq_only,2024-04-17,-0.10794094548444275,-0.090599208022984,False
e3_seq_only,2024-04-18,0.06940583706601867,0.10668055560171523,True
e3_seq_only,2024-04-19,-0.009543876034828005,-0.0375489162608911,True
e3_seq_only,2024-04-22,-0.006878354446619439,-0.08279026481671466,False
e3_seq_only,2024-04-23,0.09218748907811448,-0.0018867772263304234,True
e3_seq_only,2024-04-24,0.046425657363177913,0.06764743016260748,False
e3_seq_only,2024-04-25,0.11514337332348426,0.05557338691228395,True
e3_seq_only,2024-04-26,0.027287046589052608,0.03222918609327544,True
e3_seq_only,2024-04-29,0.0515495711541658,0.12391081599203417,False
e3_seq_only,2024-04-30,-0.036983648174627945,-0.03321603750776853,False
e3_seq_only,2024-05-06,0.02333056322805948,-0.016171183117916592,False
e3_seq_only,2024-05-07,-0.016163814169842354,0.05283168144169082,False
e3_seq_only,2024-05-08,-0.05426375130785348,-0.04796162905749424,False
e3_seq_only,2024-05-09,0.12166527878550198,0.20825433851279024,False
e3_seq_only,2024-05-10,-0.05564157646327011,-0.04674926803079232,True
e3_seq_only,2024-05-13,-0.004721053789861048,0.012968951635254869,False
e3_seq_only,2024-05-14,0.10002356756000091,0.13301271414281463,False
e3_seq_only,2024-05-15,0.09797332430675186,0.11094365483152277,False
e3_seq_only,2024-05-16,0.0411980978072617,0.02647110688927585,False
e3_seq_only,2024-05-17,-0.045069898682258545,-0.004187253736676244,False
e3_seq_only,2024-05-20,0.08474550765887369,0.12048608582238117,False
e3_seq_only,2024-05-21,0.12107087135004387,0.11478636112039999,False
e3_seq_only,2024-05-22,-0.01853530869226872,0.03937385819072728,False
e3_seq_only,2024-05-23,0.14942361811012161,0.19698635319416585,False
e3_seq_only,2024-05-24,-0.014253290657902916,-0.011185097614157258,False
e3_seq_only,2024-05-27,-0.07635168615990807,-0.09268083507951702,False
e3_seq_only,2024-05-28,0.022160209349671927,0.019626210932177614,False
e3_seq_only,2024-05-29,0.03130078431309991,0.049325286429568634,False
e3_seq_only,2024-05-30,0.0025087453197680494,-0.03963828583863961,False
e3_seq_only,2024-05-31,-0.21318788252093124,-0.19547635513311468,False
e3_seq_only,2024-06-03,-0.06850123768122293,0.021275927267858222,False
e3_seq_only,2024-06-04,0.055476123819828194,0.03366863526446935,False
e3_seq_only,2024-06-05,0.03099598326696706,0.09285536160982119,False
e3_seq_only,2024-06-06,0.2466184715967102,0.31039953757552324,False
e3_seq_only,2024-06-07,-0.14294871344289092,-0.22653918796410513,True
e3_seq_only,2024-06-11,0.016372409800501603,0.012111080388873586,False
e3_seq_only,2024-06-12,-0.03359697308304087,-0.08257296620877863,False
e3_seq_only,2024-06-13,0.053504851335693104,0.09903671074836243,False
e3_seq_only,2024-06-14,-0.04068147557188698,-0.09187394069931094,False
e3_seq_only,2024-06-17,0.024324106994335983,0.037175727988909106,False
e3_seq_only,2024-06-18,0.040493843782736315,0.07946511724104656,False
e3_seq_only,2024-06-19,0.09447194374422223,0.04741579900752671,False
e3_seq_only,2024-06-20,0.06337167525007366,0.06489290137907458,False
e3_seq_only,2024-06-21,0.023899521641383783,0.07268222071148593,False
e3_seq_only,2024-06-24,0.14658381486079936,0.15902305378703896,False
e3_seq_only,2024-06-25,0.17664889755102398,0.15481921056733713,False
e3_seq_only,2024-06-26,0.017575954243589438,0.030557278363478733,False
e3_seq_only,2024-06-27,0.015045841826083638,0.036011872322147365,False
e3_seq_only,2024-06-28,0.11816536135115949,0.1779363136067276,False
e3_seq_only,2024-07-01,0.16438136332677616,0.19875304528478774,False
e3_seq_only,2024-07-02,0.09342248820022155,0.11505259082973607,False
e3_seq_only,2024-07-03,0.043271168752731765,0.08744195310940135,False
e3_seq_only,2024-07-04,0.07305616657838976,0.062084778973002096,False
e3_seq_only,2024-07-05,0.011869759926080373,0.04308995680301014,False
e3_seq_only,2024-07-08,-0.11940179071756628,-0.1221707877307567,True
e3_seq_only,2024-07-09,-0.10200857791428745,-0.1876507943541747,False
e3_seq_only,2024-07-10,0.11424703460161545,0.11394263106432849,False
e3_seq_only,2024-07-11,0.014823313183470396,0.040775734051996824,False
e3_seq_only,2024-07-12,-0.0009379180781749404,0.09747699029725848,False
e3_seq_only,2024-07-15,-0.07744555650664896,-0.10396205585518528,False
e3_seq_only,2024-07-16,0.13122382392034518,0.1863647931310252,False
e3_seq_only,2024-07-17,0.03102965923849745,0.0300039678645196,False
e3_seq_only,2024-07-18,-0.07022695969176689,-0.11209156953968755,False
e3_seq_only,2024-07-19,-0.03262796196742552,-0.04597024750634226,False
e3_seq_only,2024-07-22,0.04343646248641743,0.13338163190426142,False
e3_seq_only,2024-07-23,0.07086179596442413,0.1004948876855327,False
e3_seq_only,2024-07-24,0.06395277908918306,0.05242904903783423,False
e3_seq_only,2024-07-25,0.10094278621350736,0.09877892328096048,False
e3_seq_only,2024-07-26,0.04405552862308609,0.11003665158845108,False
e3_seq_only,2024-07-29,0.0305608195326839,0.013771641783336125,False
e3_seq_only,2024-07-30,-0.035959770750021845,-0.1250957996120454,False
e3_seq_only,2024-07-31,0.03470469543303088,0.08201539356797306,False
e3_seq_only,2024-08-01,0.11191268731501253,0.15080825129953468,False
e3_seq_only,2024-08-02,0.05338643161097775,0.07717863565864928,False
e3_seq_only,2024-08-05,-0.00013728806011929095,-0.013409845847690076,False
e3_seq_only,2024-08-06,0.027010122266252354,0.0349208272178238,False
e3_seq_only,2024-08-07,0.1536427304211822,0.2250744319484554,False
e3_seq_only,2024-08-08,0.11088695391454431,0.18189381656721032,False
e3_seq_only,2024-08-09,-0.014628366976169201,0.017357580737256753,False
e3_seq_only,2024-08-12,0.12078945835874111,0.11826696268577304,False
e3_seq_only,2024-08-13,0.06591238069410395,0.15665604233594776,False
e3_seq_only,2024-08-14,0.015295146888290407,0.012538831206551233,False
e3_seq_only,2024-08-15,-0.024526317652850134,-0.02490697544979993,False
e3_seq_only,2024-08-16,0.06377318606495604,0.15501043005257856,False
e3_seq_only,2024-08-19,0.0163804580038507,0.08248016050417029,False
e3_seq_only,2024-08-20,0.0031711837511584407,-0.026482935294477174,False
e3_seq_only,2024-08-21,0.056447602411284055,0.1226068127488887,False
e3_seq_only,2024-08-22,0.01429281041834029,0.028328972833645043,False
e3_seq_only,2024-08-23,0.11171702708596813,0.15839764565621403,False
e3_seq_only,2024-08-26,0.08242943922335352,0.1380159387143684,False
e3_seq_only,2024-08-27,-0.0007151828868268002,-0.03230122343601924,False
e3_seq_only,2024-08-28,-0.062355768644471316,-0.10054799127456358,False
e3_seq_only,2024-08-29,-0.10612303881703342,-0.20988860408503654,False
e3_seq_only,2024-08-30,0.06961440853071187,0.18674357238874245,False
e3_seq_only,2024-09-02,-0.05330571433999835,-0.10226759874029293,False
e3_seq_only,2024-09-03,-0.17855683912512052,-0.2421999286915442,False
e3_seq_only,2024-09-04,0.08639807213536671,0.08416258695749995,False
e3_seq_only,2024-09-05,0.068796963372146,0.16944785704982282,False
e3_seq_only,2024-09-06,0.005105610453491792,0.006683224800585345,False
e3_seq_only,2024-09-09,-0.04223711212059751,-0.09172653819935438,False
e3_seq_only,2024-09-10,-0.06412454862883685,-0.13916813583600499,False
e3_seq_only,2024-09-11,0.19795118470864523,0.22112247340726376,False
e3_seq_only,2024-09-12,0.16003717556543248,0.2351531041092196,False
e3_seq_only,2024-09-13,-0.027136247762360385,-0.01726332540920071,False
e3_seq_only,2024-09-18,0.1596173540947063,0.22648791539325944,False
e3_seq_only,2024-09-19,0.039578147295886774,0.07749252462467779,False
e3_seq_only,2024-09-20,0.000883879042977285,0.023369667973716802,False
e3_seq_only,2024-09-23,0.08508401048316709,0.022811862613519775,False
e3_seq_only,2024-09-24,0.11022169738426532,0.16852532188812683,False
e3_seq_only,2024-09-25,-0.002703951320452292,-0.03684602989983932,False
e3_seq_only,2024-09-26,-0.09492637886092051,-0.1530340186010621,True
e3_seq_only,2024-09-27,0.2190781311128399,0.18080964573471114,True
e3_seq_only,2024-09-30,-0.07246583464009587,-0.09392941576834515,True
e3_seq_only,2024-10-08,0.028347454980760228,0.07129521010594374,True
e3_seq_only,2024-10-09,0.05353050637782945,0.1110743137000471,True
e3_seq_only,2024-10-10,0.0030173317776994815,0.06628189277454254,True
e3_seq_only,2024-10-11,-0.12057376606458786,-0.12864648607538975,True
e3_seq_only,2024-10-14,-0.12957329922881503,-0.1436972708946656,True
e3_seq_only,2024-10-15,0.03422492320680826,0.06207015653972621,True
e3_seq_only,2024-10-16,0.07513993427184125,0.04783674995104378,False
e3_seq_only,2024-10-17,-0.08514550723800964,-0.20867262093299674,True
e3_seq_only,2024-10-18,-0.05967826118208692,-0.11204903492330988,True
e3_seq_only,2024-10-21,0.022394473000087026,0.11088675467848566,True
e3_seq_only,2024-10-22,0.11647518433879618,0.1317509519258445,True
e3_seq_only,2024-10-23,0.05744198192021156,0.10436479258730037,False
e3_seq_only,2024-10-24,0.08247055918826764,0.10408628705117294,True
e3_seq_only,2024-10-25,0.06404360115285457,0.1385650771191362,True
e3_seq_only,2024-10-28,-0.0358602026707289,0.0003848955389041651,True
e3_seq_only,2024-10-29,0.02346525243641846,0.05325167552954807,True
e3_seq_only,2024-10-30,0.06374373020391345,0.0241832063909505,True
e3_seq_only,2024-10-31,0.1242745586810612,0.2088653758459362,True
e3_seq_only,2024-11-01,0.07236191325113132,0.046977996853023944,True
e3_seq_only,2024-11-04,0.029623090334541868,-0.07236500887669257,True
e3_seq_only,2024-11-05,0.02587849211191964,0.04076750052389918,True
e3_seq_only,2024-11-06,0.15567335031518267,0.24193992112789536,True
e3_seq_only,2024-11-07,0.030275507646540044,0.030172788008682897,True
e3_seq_only,2024-11-08,0.007154373172125118,-0.10529460498689992,True
e3_seq_only,2024-11-11,-0.047866182186216785,0.11713228937598781,True
e3_seq_only,2024-11-12,0.04319695848943732,0.06797033980954212,False
e3_seq_only,2024-11-13,0.030403595059513008,0.1981067125905183,False
e3_seq_only,2024-11-14,0.012972812744141827,0.0601518839133845,True
e3_seq_only,2024-11-15,0.1277022601935377,0.19754523628075674,True
e3_seq_only,2024-11-18,-0.07943598442655733,-0.12856475070596854,False
e3_seq_only,2024-11-19,0.023954662553958204,-0.048614070422809956,True
e3_seq_only,2024-11-20,0.04229568140135647,0.044893573232362524,False
e3_seq_only,2024-11-21,0.0016044199269083649,0.07295571506129708,True
e3_seq_only,2024-11-22,0.09852218655174834,0.10413794910224894,True
e3_seq_only,2024-11-25,0.05915639322429868,0.1876206098821205,True
e3_seq_only,2024-11-26,-0.14857343000245554,-0.22878023391516975,True
e3_seq_only,2024-11-27,0.097722686150989,0.19998031367455363,False
e3_seq_only,2024-11-28,-0.03135281040719355,-0.047430717319912635,False
e3_seq_only,2024-11-29,0.06472193644936892,0.03121495561944706,False
e3_seq_only,2024-12-02,0.09883163269679289,0.18632221303394422,False
e3_seq_only,2024-12-03,0.021000160070920298,0.048009468751639375,False
e3_seq_only,2024-12-04,0.04075899878571372,0.012565380106613393,False
e3_seq_only,2024-12-05,0.18948445959166538,0.30058194543129796,False
e3_seq_only,2024-12-06,0.02746792441215125,0.09808583166434329,False
e3_seq_only,2024-12-09,-0.028505781209235494,-0.01252593511042737,False
e3_seq_only,2024-12-10,0.04440280039530519,0.05059952709523078,False
e3_seq_only,2024-12-11,-0.04639151822135687,0.023708635651994277,False
e3_seq_only,2024-12-12,-0.03382167458442155,-0.030455183044397968,True
e3_seq_only,2024-12-13,0.1057410992765753,0.17780655977743617,False
e3_seq_only,2024-12-16,-0.04465136318531703,0.002263430998778286,False
e3_seq_only,2024-12-17,-0.09551476023790043,-0.09184853031055437,True
e3_seq_only,2024-12-18,-0.1351367543736131,-0.1572852818281558,True
e3_seq_only,2024-12-19,-0.1986030045469665,-0.2875682491539948,True
e3_seq_only,2024-12-20,0.0748745405241899,0.16936322239913612,True
e3_seq_only,2024-12-23,-0.02847942519677861,-0.04714661111711885,False
e3_seq_only,2024-12-24,-0.012405091486703016,0.053609518660024745,False
e3_seq_only,2024-12-25,-0.16274259318363307,-0.20927769986405909,True
e3_seq_only,2024-12-26,0.1928499528179821,0.3452869766761903,False
e3_seq_only,2024-12-27,0.04090485866900206,0.05533829515895927,False
e3_seq_only,2024-12-30,0.035188413726092174,0.13349808771689634,True
e3_no_deepsets,2024-01-02,0.188855297427028,0.21278203837444168,False
e3_no_deepsets,2024-01-03,0.04431435643851813,0.06319117453492419,False
e3_no_deepsets,2024-01-04,0.13154886667730464,0.21525843099905426,False
e3_no_deepsets,2024-01-05,0.05939616053334227,0.08197303726004083,False
e3_no_deepsets,2024-01-08,0.09523206687751572,0.10100027891531045,False
e3_no_deepsets,2024-01-09,-0.014569156261672798,-0.02360539868992134,False
e3_no_deepsets,2024-01-10,-0.20863737155340106,-0.18461276833671375,False
e3_no_deepsets,2024-01-11,0.21918793603735093,0.20780903792738895,False
e3_no_deepsets,2024-01-12,0.03734374267303408,0.06405637528225348,False
e3_no_deepsets,2024-01-15,-0.008568960880961379,0.0030823366869043613,False
e3_no_deepsets,2024-01-16,0.10360835685490878,0.19723864530477678,False
e3_no_deepsets,2024-01-17,-0.14068857127706885,-0.12769795277227447,False
e3_no_deepsets,2024-01-18,0.1622214852726481,0.24555310026899865,False
e3_no_deepsets,2024-01-19,0.10742278605201565,0.12954792926801573,False
e3_no_deepsets,2024-01-22,0.03681621870739729,0.04992648042956841,False
e3_no_deepsets,2024-01-23,0.12859309748602202,0.20771275692878322,False
e3_no_deepsets,2024-01-24,0.0696824382876518,0.0886279638731096,False
e3_no_deepsets,2024-01-25,0.22154025736840927,0.34101730348165765,False
e3_no_deepsets,2024-01-26,0.1352039608978113,0.1451291419402477,False
e3_no_deepsets,2024-01-29,0.08337874341582581,0.11401427419958456,False
e3_no_deepsets,2024-01-30,0.11188905737175843,0.16272283977989832,False
e3_no_deepsets,2024-01-31,-0.06594825384437113,-0.08520116583276083,False
e3_no_deepsets,2024-02-01,-0.023821324906757042,0.10067942788774742,True
e3_no_deepsets,2024-02-02,0.02139454583412184,0.08589206318630943,True
e3_no_deepsets,2024-02-05,0.04353382772841465,0.016195126086250615,True
e3_no_deepsets,2024-02-06,0.039906070370854294,0.05082919522720955,True
e3_no_deepsets,2024-02-07,0.08469053171984553,0.021541169805634166,True
e3_no_deepsets,2024-02-08,-0.1037783945058654,-0.10341159800880842,True
e3_no_deepsets,2024-02-19,-0.06607083308136134,-0.12733390454847476,False
e3_no_deepsets,2024-02-20,0.020795710781265256,-0.04994625034791665,False
e3_no_deepsets,2024-02-21,-0.030962682332751998,-0.0573955997747742,False
e3_no_deepsets,2024-02-22,0.018254306937690257,-0.0678984533241053,False
e3_no_deepsets,2024-02-23,0.0070230872142907665,-0.09008485953169874,False
e3_no_deepsets,2024-02-26,0.03934786271375797,-0.13541560688372686,False
e3_no_deepsets,2024-02-27,-0.061305060523887636,0.14845307840966337,True
e3_no_deepsets,2024-02-28,0.10415874396610839,0.11077410321128886,False
e3_no_deepsets,2024-02-29,-0.03141533582406499,-0.09198712959079036,False
e3_no_deepsets,2024-03-01,-0.10075625984457169,-0.12633628011068238,False
e3_no_deepsets,2024-03-04,-0.056385967470918195,0.05345764155090291,False
e3_no_deepsets,2024-03-05,-0.0017327138470068183,0.049059365191561,False
e3_no_deepsets,2024-03-06,0.04788193285157619,0.19215986504266497,False
e3_no_deepsets,2024-03-07,-0.07289805626129833,-0.08215729151501826,False
e3_no_deepsets,2024-03-08,0.04583627831231808,-0.05044405600835778,False
e3_no_deepsets,2024-03-11,-0.11116764226921548,-0.10303947380206872,False
e3_no_deepsets,2024-03-12,-0.06330642080440556,-0.11539549878170721,False
e3_no_deepsets,2024-03-13,0.11116680609872263,0.24118481309101147,False
e3_no_deepsets,2024-03-14,0.07089618227345204,0.09630756379474037,False
e3_no_deepsets,2024-03-15,0.0029835290946067946,-0.034169553335624145,False
e3_no_deepsets,2024-03-18,0.04946986444511582,0.0761568371308425,False
e3_no_deepsets,2024-03-19,-0.040023044232380435,-0.028348004714824602,False
e3_no_deepsets,2024-03-20,0.09574986134732082,0.15632707632432102,False
e3_no_deepsets,2024-03-21,-0.0736224963352755,-0.07944638953347608,False
e3_no_deepsets,2024-03-22,0.12727263945442757,0.20642052227627194,True
e3_no_deepsets,2024-03-25,-0.020590995262478807,-0.031824655668094615,False
e3_no_deepsets,2024-03-26,0.029746025882406917,0.16815465937336915,True
e3_no_deepsets,2024-03-27,-0.15316261078730473,-0.11244512050240484,False
e3_no_deepsets,2024-03-28,0.04611271227466308,0.08383346534981784,False
e3_no_deepsets,2024-03-29,0.102834535514827,0.1027331175868578,False
e3_no_deepsets,2024-04-01,0.15015371058691554,0.26678775256752696,True
e3_no_deepsets,2024-04-02,0.06047300207503862,0.11509651143907168,False
e3_no_deepsets,2024-04-03,-0.01082959959114784,0.0748303101379123,False
e3_no_deepsets,2024-04-08,0.08736651720565813,0.08951794440104129,False
e3_no_deepsets,2024-04-09,0.0897499874052368,0.151104777399321,False
e3_no_deepsets,2024-04-10,0.04542973077625583,0.09224819261277485,False
e3_no_deepsets,2024-04-11,0.049069532759934316,0.05458292945896069,False
e3_no_deepsets,2024-04-12,-0.04692092021126333,-0.045835838125545175,True
e3_no_deepsets,2024-04-15,-0.09838366724241207,-0.08946667492147904,True
e3_no_deepsets,2024-04-16,-0.027017341475203183,-0.010952995910304825,True
e3_no_deepsets,2024-04-17,-0.11108882308481303,-0.09393850814444313,False
e3_no_deepsets,2024-04-18,0.05798050467889244,0.09488820366324169,True
e3_no_deepsets,2024-04-19,-0.017866541012105566,-0.047388701945227686,True
e3_no_deepsets,2024-04-22,-0.0017385140931710048,-0.08375648051809058,False
e3_no_deepsets,2024-04-23,0.06626076110855118,-0.031244793546543657,True
e3_no_deepsets,2024-04-24,0.033329927120895865,0.05459624312722949,False
e3_no_deepsets,2024-04-25,0.11715340075964845,0.05528916967648978,True
e3_no_deepsets,2024-04-26,0.057297343478753454,0.06205392839568183,True
e3_no_deepsets,2024-04-29,0.04415717640357547,0.11269938583842451,False
e3_no_deepsets,2024-04-30,-0.037796763488393476,-0.03414450641796133,False
e3_no_deepsets,2024-05-06,0.032282256082106026,-0.008904863824656587,False
e3_no_deepsets,2024-05-07,0.0023845957046863112,0.07158022672554362,False
e3_no_deepsets,2024-05-08,-0.038394698825490195,-0.03199179385321571,False
e3_no_deepsets,2024-05-09,0.14951844937253847,0.23741936208771408,False
e3_no_deepsets,2024-05-10,-0.021990680041382372,-0.013390885707771817,True
e3_no_deepsets,2024-05-13,0.0014746003268151563,0.019958439169141234,False
e3_no_deepsets,2024-05-14,0.08098824966747421,0.11393760471813223,False
e3_no_deepsets,2024-05-15,0.09645452874545082,0.10961774374413148,False
e3_no_deepsets,2024-05-16,0.03438454757862816,0.021812166047955977,False
e3_no_deepsets,2024-05-17,-0.04234248188892739,-0.0007439215923603191,False
e3_no_deepsets,2024-05-20,0.07438473493084466,0.11006707585881974,False
e3_no_deepsets,2024-05-21,0.12113863342554142,0.11481073067475318,False
e3_no_deepsets,2024-05-22,-0.0011452397241649335,0.061817431072531556,False
e3_no_deepsets,2024-05-23,0.1423241960079156,0.1923463573504439,False
e3_no_deepsets,2024-05-24,-0.01635099386046171,-0.013535426530074647,False
e3_no_deepsets,2024-05-27,-0.07287155948511906,-0.09009802823179598,False
e3_no_deepsets,2024-05-28,0.014237815437450249,0.01188458081786266,False
e3_no_deepsets,2024-05-29,0.01157561333477055,0.029445538221662803,False
e3_no_deepsets,2024-05-30,0.008237422145332665,-0.03655953262076675,False
e3_no_deepsets,2024-05-31,-0.20560858362067355,-0.1873740533877281,False
e3_no_deepsets,2024-06-03,-0.04369259583591899,0.04612225103072048,False
e3_no_deepsets,2024-06-04,0.03354008664716021,0.010749159461709741,False
e3_no_deepsets,2024-06-05,0.07130459555500399,0.13431120125368542,False
e3_no_deepsets,2024-06-06,0.2556296202581863,0.3203646105331825,False
e3_no_deepsets,2024-06-07,-0.16777094671670742,-0.25087897367128353,True
e3_no_deepsets,2024-06-11,0.01011135152333634,0.005937763547288819,False
e3_no_deepsets,2024-06-12,-0.08861424476085641,-0.1382669254999143,False
e3_no_deepsets,2024-06-13,0.03251335699421352,0.07703491772906836,False
e3_no_deepsets,2024-06-14,-0.06823975260869862,-0.11850013487024912,False
e3_no_deepsets,2024-06-17,0.03126513323774323,0.04375307780530946,False
e3_no_deepsets,2024-06-18,0.037176475868242125,0.07449874785140047,False
e3_no_deepsets,2024-06-19,0.10266922977801113,0.05608236845219136,False
e3_no_deepsets,2024-06-20,0.07108801502561043,0.07260014983429916,False
e3_no_deepsets,2024-06-21,0.037885772250990754,0.08524001898067367,False
e3_no_deepsets,2024-06-24,0.1424131105483775,0.15419188280708462,False
e3_no_deepsets,2024-06-25,0.1376990836865195,0.11633286047428917,False
e3_no_deepsets,2024-06-26,0.03269702816444924,0.04522726872937764,False
e3_no_deepsets,2024-06-27,0.028297796652007233,0.04798738216515306,False
e3_no_deepsets,2024-06-28,0.11588093458732168,0.17555785669820298,False
e3_no_deepsets,2024-07-01,0.15308467361392017,0.18818011402376383,False
e3_no_deepsets,2024-07-02,0.10924790431926919,0.13081491261911832,False
e3_no_deepsets,2024-07-03,0.06666238783796911,0.11003034634672346,False
e3_no_deepsets,2024-07-04,0.032578470380547724,0.021369325315364326,False
e3_no_deepsets,2024-07-05,0.01282081580585721,0.04444485206675726,False
e3_no_deepsets,2024-07-08,-0.12317006868772525,-0.12593524768315298,True
e3_no_deepsets,2024-07-09,-0.1072513306555954,-0.19304592054501216,False
e3_no_deepsets,2024-07-10,0.10904935406110107,0.1087029248596772,False
e3_no_deepsets,2024-07-11,0.02006113676471169,0.044683405002135704,False
e3_no_deepsets,2024-07-12,-0.010133375599262879,0.08976103374689628,False
e3_no_deepsets,2024-07-15,-0.080683741705837,-0.10742276741762308,False
e3_no_deepsets,2024-07-16,0.1404586191663032,0.1962313658631473,False
e3_no_deepsets,2024-07-17,0.05516001790950661,0.05405364450189568,False
e3_no_deepsets,2024-07-18,-0.05084386289423807,-0.09380664082100124,False
e3_no_deepsets,2024-07-19,-0.027735200020521104,-0.04016631242127991,False
e3_no_deepsets,2024-07-22,0.062292983157276,0.15230421909366054,False
e3_no_deepsets,2024-07-23,0.1034323890208369,0.13165363827598944,False
e3_no_deepsets,2024-07-24,0.031296116771062074,0.02006279498188525,False
e3_no_deepsets,2024-07-25,0.09395482617720832,0.09181461217914334,False
e3_no_deepsets,2024-07-26,0.06002469486286914,0.12505370418340386,False
e3_no_deepsets,2024-07-29,0.041293284096277694,0.024223393988364293,False
e3_no_deepsets,2024-07-30,-0.054307515254323147,-0.14182440808357163,False
e3_no_deepsets,2024-07-31,0.035173072437748504,0.08187871282978232,False
e3_no_deepsets,2024-08-01,0.09178666952867368,0.1306490405062983,False
e3_no_deepsets,2024-08-02,0.07872850302917288,0.10387095151246606,False
e3_no_deepsets,2024-08-05,0.0007720610315815442,-0.014314421017499388,False
e3_no_deepsets,2024-08-06,0.020368990251653077,0.028731937808133712,False
e3_no_deepsets,2024-08-07,0.14846383978623895,0.22127117201237315,False
e3_no_deepsets,2024-08-08,0.14025302174007717,0.2080845117962685,False
e3_no_deepsets,2024-08-09,-0.022873595097602287,0.012894969604141878,False
e3_no_deepsets,2024-08-12,0.10172828146284874,0.09925052614891576,False
e3_no_deepsets,2024-08-13,0.07238959426469875,0.1645818268435604,False
e3_no_deepsets,2024-08-14,0.036928074658995336,0.03412361280483619,False
e3_no_deepsets,2024-08-15,-0.028858855419629386,-0.02926384357825092,False
e3_no_deepsets,2024-08-16,0.06376260262926976,0.15737218718697352,False
e3_no_deepsets,2024-08-19,0.030397987373603764,0.09797597852956208,False
e3_no_deepsets,2024-08-20,-0.0023656087764070944,-0.03275224905267721,False
e3_no_deepsets,2024-08-21,0.048867549227207124,0.11508794604509386,False
e3_no_deepsets,2024-08-22,0.007507472619122793,0.02217320325925403,False
e3_no_deepsets,2024-08-23,0.10518031667726728,0.15119424641362275,False
e3_no_deepsets,2024-08-26,0.08424079742592186,0.13957042360371708,False
e3_no_deepsets,2024-08-27,-0.009694266951541195,-0.04139389901884194,False
e3_no_deepsets,2024-08-28,-0.0720587348660671,-0.10982635032309095,False
e3_no_deepsets,2024-08-29,-0.09662359827771262,-0.20347763311695372,False
e3_no_deepsets,2024-08-30,0.07273766572219895,0.18383547306110648,False
e3_no_deepsets,2024-09-02,-0.09474680574964923,-0.14303351891234153,False
e3_no_deepsets,2024-09-03,-0.1937044428424225,-0.261456470324122,False
e3_no_deepsets,2024-09-04,0.07087605346105191,0.06859501274211263,False
e3_no_deepsets,2024-09-05,0.07366765577892855,0.17580588459749186,False
e3_no_deepsets,2024-09-06,0.00261998142169586,0.004491636833091006,False
e3_no_deepsets,2024-09-09,-0.04686088863799192,-0.09671834889259984,False
e3_no_deepsets,2024-09-10,-0.0705673975482607,-0.1492382083198429,False
e3_no_deepsets,2024-09-11,0.21756222238790932,0.24176542716646224,False
e3_no_deepsets,2024-09-12,0.1939668457903844,0.26928507179129585,False
e3_no_deepsets,2024-09-13,0.009491713288705442,0.019430349379037707,False
e3_no_deepsets,2024-09-18,0.15602588462095693,0.2238648454396888,False
e3_no_deepsets,2024-09-19,0.05589860630809828,0.09438204206846554,False
e3_no_deepsets,2024-09-20,0.02716733923604019,0.05313264750666083,False
e3_no_deepsets,2024-09-23,0.08134508042754911,0.01951765684137775,False
e3_no_deepsets,2024-09-24,0.10864225322008011,0.167202088097114,False
e3_no_deepsets,2024-09-25,-0.004652400578494816,-0.03826683886452479,False
e3_no_deepsets,2024-09-26,-0.12427994627749873,-0.18989157580629712,True
e3_no_deepsets,2024-09-27,0.241654970427904,0.20858400108458788,True
e3_no_deepsets,2024-09-30,-0.06461854683145334,-0.08930920496689494,True
e3_no_deepsets,2024-10-08,0.0031305156940085697,0.04974214936634139,True
e3_no_deepsets,2024-10-09,0.05786837931215803,0.11114104751059,True
e3_no_deepsets,2024-10-10,0.03390274234531366,0.09490227589301443,True
e3_no_deepsets,2024-10-11,-0.1613806886997559,-0.1689569907878618,True
e3_no_deepsets,2024-10-14,-0.13446956985023317,-0.14973935454395848,True
e3_no_deepsets,2024-10-15,0.04028016460589687,0.06832199893009627,True
e3_no_deepsets,2024-10-16,0.023508055688860496,-0.007944766069140194,False
e3_no_deepsets,2024-10-17,-0.09314152112800915,-0.21163418712330515,True
e3_no_deepsets,2024-10-18,-0.05498450931223123,-0.10392481517353729,True
e3_no_deepsets,2024-10-21,0.048094647456247544,0.13921972286411574,True
e3_no_deepsets,2024-10-22,0.10215286030350562,0.11838478830743202,True
e3_no_deepsets,2024-10-23,0.06862462120885268,0.11922749276455079,False
e3_no_deepsets,2024-10-24,0.08470532356148212,0.1065408497258661,True
e3_no_deepsets,2024-10-25,0.0633963855052766,0.1406271237977755,True
e3_no_deepsets,2024-10-28,-0.03185419603600237,0.004965463313939376,True
e3_no_deepsets,2024-10-29,0.019311576269619362,0.04917317991806547,True
e3_no_deepsets,2024-10-30,0.07409253374603436,0.029548679574150142,True
e3_no_deepsets,2024-10-31,0.15263512292603665,0.23885601713984148,True
e3_no_deepsets,2024-11-01,0.022711821877568854,-0.005023854601318953,True
e3_no_deepsets,2024-11-04,0.025008297151278707,-0.0803574447001023,True
e3_no_deepsets,2024-11-05,0.0363837934896236,0.051270498336106675,True
e3_no_deepsets,2024-11-06,0.14877588090327296,0.23983843536624572,True
e3_no_deepsets,2024-11-07,-0.009530219715273187,-0.009652779723809568,True
e3_no_deepsets,2024-11-08,0.005548111035113444,-0.11985546597864451,True
e3_no_deepsets,2024-11-11,-0.044179698431329864,0.130983029517016,True
e3_no_deepsets,2024-11-12,0.032447400588103616,0.06291139452874762,False
e3_no_deepsets,2024-11-13,0.05495293819237577,0.22600634638626055,False
e3_no_deepsets,2024-11-14,0.033461352083718254,0.08194274919702497,True
e3_no_deepsets,2024-11-15,0.15697961927115317,0.22722482710783837,True
e3_no_deepsets,2024-11-18,-0.09506545935530644,-0.14724403622809543,False
e3_no_deepsets,2024-11-19,-0.00023963427486051587,-0.07832969053570044,True
e3_no_deepsets,2024-11-20,0.03540933042037853,0.03798600123042722,False
e3_no_deepsets,2024-11-21,-0.0042237534021807655,0.06918409754323979,True
e3_no_deepsets,2024-11-22,0.1027742329980583,0.10871130763263137,True
e3_no_deepsets,2024-11-25,0.07195547857719604,0.20301699298408554,True
e3_no_deepsets,2024-11-26,-0.17418395007831103,-0.25748605304976807,True
e3_no_deepsets,2024-11-27,0.10599349557857549,0.20379796833355587,False
e3_no_deepsets,2024-11-28,-0.09438070305007928,-0.11037444938663102,False
e3_no_deepsets,2024-11-29,0.054809183332547536,0.020988405689077855,False
e3_no_deepsets,2024-12-02,0.12839798105039577,0.21688225251431015,False
e3_no_deepsets,2024-12-03,0.015813662578921115,0.044033452491356886,False
e3_no_deepsets,2024-12-04,0.03012187989332591,0.0013334863989198724,False
e3_no_deepsets,2024-12-05,0.16803137074836083,0.27911962099617293,False
e3_no_deepsets,2024-12-06,0.02737960036139934,0.09659536123739161,False
e3_no_deepsets,2024-12-09,-0.008734320638562838,0.008358883775440716,False
e3_no_deepsets,2024-12-10,0.037371408134375235,0.04335224572466495,False
e3_no_deepsets,2024-12-11,-0.048893375747706365,0.023113062894212562,False
e3_no_deepsets,2024-12-12,-0.0389922331372688,-0.03551839204899468,True
e3_no_deepsets,2024-12-13,0.13255357804887974,0.203729698095898,False
e3_no_deepsets,2024-12-16,-0.051810891376143774,-0.0024606653717829012,False
e3_no_deepsets,2024-12-17,-0.12167705233889105,-0.1179303081497206,True
e3_no_deepsets,2024-12-18,-0.1265745399056774,-0.1487980470236664,True
e3_no_deepsets,2024-12-19,-0.2040499240089281,-0.29655385961265335,True
e3_no_deepsets,2024-12-20,0.08112976200829253,0.17434338339469024,True
e3_no_deepsets,2024-12-23,-0.00621450762012018,-0.024442575379646836,False
e3_no_deepsets,2024-12-24,-0.003596721594629639,0.06227158798992525,False
e3_no_deepsets,2024-12-25,-0.15481804748987885,-0.20083721510839755,True
e3_no_deepsets,2024-12-26,0.2091750536435159,0.3608213464661165,False
e3_no_deepsets,2024-12-27,0.02306310056720764,0.03798882378555893,False
e3_no_deepsets,2024-12-30,0.05774070144135834,0.1607031922022769,True
e3_linear85,2024-01-02,0.14772937495636343,0.175764950811689,False
e3_linear85,2024-01-03,0.037561945803123935,0.05946063917580584,False
e3_linear85,2024-01-04,0.18996361523140254,0.28617368437906854,False
e3_linear85,2024-01-05,0.03896944222329195,0.06589739784182515,False
e3_linear85,2024-01-08,0.11834403376826935,0.1254179329403713,False
e3_linear85,2024-01-09,0.05916170316170317,0.04827095005445892,False
e3_linear85,2024-01-10,-0.23201368502771302,-0.1978085539879818,False
e3_linear85,2024-01-11,0.2326215554231586,0.21580103206484685,False
e3_linear85,2024-01-12,-0.01343858888949069,0.013869883392238533,False
e3_linear85,2024-01-15,0.020338611156246425,0.034791304540435344,False
e3_linear85,2024-01-16,0.17901085052988858,0.286998913379256,False
e3_linear85,2024-01-17,-0.0930302888058399,-0.0655831330060884,False
e3_linear85,2024-01-18,0.18672263445810539,0.2814455282104544,False
e3_linear85,2024-01-19,0.002564985827510877,0.03007841006596531,False
e3_linear85,2024-01-22,0.02239374845787671,0.048569216730854146,False
e3_linear85,2024-01-23,0.17083933633031825,0.2599870305085778,False
e3_linear85,2024-01-24,0.11161568761568763,0.1362022854720387,False
e3_linear85,2024-01-25,0.26394958794958795,0.4066435809342774,False
e3_linear85,2024-01-26,0.14625371025371028,0.15844313917835182,False
e3_linear85,2024-01-29,0.07522007122007122,0.10951689288559105,False
e3_linear85,2024-01-30,-0.006483750483750484,0.058427504216648135,False
e3_linear85,2024-01-31,-0.09112584712584713,-0.11364255704291634,False
e3_linear85,2024-02-01,-0.08615916517720124,0.10222356960850315,True
e3_linear85,2024-02-02,-0.03692453977023115,0.05196155307751702,True
e3_linear85,2024-02-05,-0.1353046953046953,-0.17429481114499545,True
e3_linear85,2024-02-06,-0.005516153516153517,0.01539956029662125,True
e3_linear85,2024-02-07,0.18845487245487244,0.03497005109939469,True
e3_linear85,2024-02-08,-0.09592435221212528,-0.09544825302065248,True
e3_linear85,2024-02-19,-0.13046931446931445,-0.20874563339279517,False
e3_linear85,2024-02-20,0.05444115044115045,-0.03031220614368792,False
e3_linear85,2024-02-21,-0.06187044187044187,-0.09663258122664038,False
e3_linear85,2024-02-22,-0.06861898461898461,-0.1757126817899598,False
e3_linear85,2024-02-23,-0.03349053349053349,-0.14858967587240737,False
e3_linear85,2024-02-26,-0.18380726780726783,-0.39997177836991665,False
e3_linear85,2024-02-27,0.1926714486714487,0.4930521682812032,True
e3_linear85,2024-02-28,0.007218091218091219,0.01712748564131022,False
e3_linear85,2024-02-29,-0.11204864804864807,-0.21748300106610202,False
e3_linear85,2024-03-01,-0.1698866058866059,-0.20370003617203303,False
e3_linear85,2024-03-04,-0.07517755517755519,0.04826523047305829,False
e3_linear85,2024-03-05,0.055689108404368415,0.11421833229929336,False
e3_linear85,2024-03-06,0.12203309091368057,0.2981078353600658,False
e3_linear85,2024-03-07,-0.06982477097230173,-0.08137513643826716,False
e3_linear85,2024-03-08,-0.00814216801114404,-0.1338548472321905,False
e3_linear85,2024-03-11,0.011274115833089952,0.024168942185529674,False
e3_linear85,2024-03-12,-0.07651386857799683,-0.14343985114108812,False
e3_linear85,2024-03-13,0.11215835875956115,0.262997815820095,False
e3_linear85,2024-03-14,0.09053529280783788,0.12369093964422778,False
e3_linear85,2024-03-15,-0.08128470755324461,-0.13505752448138247,False
e3_linear85,2024-03-18,0.05242934842934844,0.09156029173757534,False
e3_linear85,2024-03-19,-0.06790891990891992,-0.053164047368219364,False
e3_linear85,2024-03-20,0.0762103122103122,0.14929680446667146,False
e3_linear85,2024-03-21,-0.056936888936888946,-0.06361975694482616,False
e3_linear85,2024-03-22,0.15330598530598533,0.24007057316999456,True
e3_linear85,2024-03-25,0.013016605016605017,-0.0035511812050032098,False
e3_linear85,2024-03-26,0.0863041463041463,0.2512503000940733,True
e3_linear85,2024-03-27,0.11008061008061008,0.17791518379031718,False
e3_linear85,2024-03-28,0.042079554079554084,0.09704618243874075,False
e3_linear85,2024-03-29,0.12191780591780593,0.12182318435639344,False
e3_linear85,2024-04-01,0.16321426321426322,0.3002935141956103,True
e3_linear85,2024-04-02,0.1717230157230157,0.2414912798530577,False
e3_linear85,2024-04-03,-0.06617783417783418,0.049744588143126475,False
e3_linear85,2024-04-08,0.16194889794889797,0.16410548602254957,False
e3_linear85,2024-04-09,0.08551146151146151,0.16607204604835557,False
e3_linear85,2024-04-10,-0.0027263427263427265,0.04747525956352869,False
e3_linear85,2024-04-11,0.02792461592461593,0.03597003512317672,False
e3_linear85,2024-04-12,-0.0737995937995938,-0.07256390597994278,True
e3_linear85,2024-04-15,0.05222172422172423,0.06229707076297953,True
e3_linear85,2024-04-16,0.16081998481998483,0.18208586120487763,True
e3_linear85,2024-04-17,-0.06389709989709991,-0.038921540764002664,False
e3_linear85,2024-04-18,0.04762237162237162,0.08958407976018613,True
e3_linear85,2024-04-19,0.03657656457656458,0.0048856604666531545,True
e3_linear85,2024-04-22,-0.07218406818406818,-0.1714839859814523,False
e3_linear85,2024-04-23,0.005602109602109603,-0.10951502830653372,True
e3_linear85,2024-04-24,0.07236162414919929,0.10552713146660922,False
e3_linear85,2024-04-25,0.03268157668157668,-0.05512936275255804,True
e3_linear85,2024-04-26,0.08766813901054298,0.09496777245116547,True
e3_linear85,2024-04-29,0.09325971671733693,0.1886791558742427,False
e3_linear85,2024-04-30,0.0173245412113877,0.021473360795752534,False
e3_linear85,2024-05-06,0.017524418205780927,-0.026809749407551594,False
e3_linear85,2024-05-07,0.028940006138402922,0.10485426924295604,False
e3_linear85,2024-05-08,-0.012385118585519383,-0.0048288553394966165,False
e3_linear85,2024-05-09,0.128710598373925,0.2361656013086256,False
e3_linear85,2024-05-10,-0.05973996040128305,-0.04996791350470095,True
e3_linear85,2024-05-13,0.02501309097723636,0.04613047195026878,False
e3_linear85,2024-05-14,0.13203737204138002,0.17545268415453938,False
e3_linear85,2024-05-15,0.10817762853033391,0.1230247970357206,False
e3_linear85,2024-05-16,0.0006831922102463183,-0.01920212243147224,False
e3_linear85,2024-05-17,-0.029958326597743844,0.03719628336499512,False
e3_linear85,2024-05-20,-0.023877508541922624,0.01641868460204436,False
e3_linear85,2024-05-21,0.10846576067590365,0.10153059104354972,False
e3_linear85,2024-05-22,-0.05192649563391045,0.02720450547326387,False
e3_linear85,2024-05-23,0.08003122160236388,0.12853395055968544,False
e3_linear85,2024-05-24,-0.01715334573050004,-0.013196684170968998,False
e3_linear85,2024-05-27,-0.08064220934361213,-0.10269459370678823,False
e3_linear85,2024-05-28,-0.006073604855923756,-0.009014339356687632,False
e3_linear85,2024-05-29,0.10368570430519804,0.12425989374763802,False
e3_linear85,2024-05-30,-0.009839064214615717,-0.06231436892286116,False
e3_linear85,2024-05-31,-0.1682858429229808,-0.1430652176496839,False
e3_linear85,2024-06-03,-0.05570230342945281,0.049097065214309794,False
e3_linear85,2024-06-04,-0.007197596448314533,-0.040996746891899756,False
e3_linear85,2024-06-05,-0.04676296970614794,0.027673319396764335,False
e3_linear85,2024-06-06,0.3171456934610122,0.3879867324509973,False
e3_linear85,2024-06-07,-0.06737484233499334,-0.15808576933477322,True
e3_linear85,2024-06-11,-0.04192928071377046,-0.04686738501867605,False
e3_linear85,2024-06-12,-0.12209305735222115,-0.17653343787697237,False
e3_linear85,2024-06-13,0.10964724644484161,0.15804609736651581,False
e3_linear85,2024-06-14,-0.09750713272485521,-0.1605487592829628,False
e3_linear85,2024-06-17,0.049571995720711706,0.06576657014443132,False
e3_linear85,2024-06-18,0.06670576270576271,0.12023097788167973,False
e3_linear85,2024-06-19,0.0005364725364725364,-0.0641986738139498,False
e3_linear85,2024-06-20,0.011296775296775297,0.014028923842163898,False
e3_linear85,2024-06-21,0.04453197084860411,0.11016595023810595,False
e3_linear85,2024-06-24,0.18384674454013128,0.19713277333769663,False
e3_linear85,2024-06-25,0.07065991442344147,0.037866332418041763,False
e3_linear85,2024-06-26,0.04190177351700397,0.061515015233788106,False
e3_linear85,2024-06-27,-0.039334332328320294,-0.010713886206891357,False
e3_linear85,2024-06-28,0.11725175275475876,0.18860330256307134,False
e3_linear85,2024-07-01,0.19408065380009265,0.23607065181077547,False
e3_linear85,2024-07-02,0.062322470767360534,0.09156178414342801,False
e3_linear85,2024-07-03,0.03288476051201502,0.09286395304617234,False
e3_linear85,2024-07-04,0.06919006782333435,0.05701361568848889,False
e3_linear85,2024-07-05,-0.02141631009767282,0.02283984510576623,False
e3_linear85,2024-07-08,-0.14597565100170307,-0.15003992673635058,True
e3_linear85,2024-07-09,-0.10401215644502217,-0.20607321516409735,False
e3_linear85,2024-07-10,0.10729384294113752,0.10692818058680051,False
e3_linear85,2024-07-11,0.02110148224376681,0.05395726098248852,False
e3_linear85,2024-07-12,-0.06437279363531868,0.042549177300369986,False
e3_linear85,2024-07-15,-0.1992590225496037,-0.2335264785214963,False
e3_linear85,2024-07-16,0.12994617463154534,0.2134294035623443,False
e3_linear85,2024-07-17,-0.08073173283232318,-0.08238170216465596,False
e3_linear85,2024-07-18,-0.05136220253918036,-0.0988799826273065,False
e3_linear85,2024-07-19,-0.028324231995365635,-0.04761575694530612,False
e3_linear85,2024-07-22,0.027473424504196178,0.14202706695247547,False
e3_linear85,2024-07-23,-0.07004341241722725,-0.03346686879894092,False
e3_linear85,2024-07-24,0.10329329415847485,0.08894033538226806,False
e3_linear85,2024-07-25,0.07732948072403312,0.07447610457847845,False
e3_linear85,2024-07-26,-0.02088629414092778,0.06070334589976998,False
e3_linear85,2024-07-29,0.07041968189740164,0.05140832088515697,False
e3_linear85,2024-07-30,-0.024612771603072497,-0.13751954092540347,False
e3_linear85,2024-07-31,-0.004062044888316833,0.056620641509255505,False
e3_linear85,2024-08-01,0.15423965839619933,0.2006436485316224,False
e3_linear85,2024-08-02,0.03344801529198262,0.06138870524144145,False
e3_linear85,2024-08-05,0.029740415199772725,0.01160730498090764,False
e3_linear85,2024-08-06,-0.023089041613577242,-0.012675468286990425,False
e3_linear85,2024-08-07,0.16607697399371016,0.24558241548434917,False
e3_linear85,2024-08-08,0.13274730641460086,0.21538337416733908,False
e3_linear85,2024-08-09,-0.002791810167846091,0.027858695722966908,False
e3_linear85,2024-08-12,0.089172854762208,0.08598097534076951,False
e3_linear85,2024-08-13,-0.03773350418295273,0.06801770027764151,False
e3_linear85,2024-08-14,-0.054822786879533195,-0.057752204871062356,False
e3_linear85,2024-08-15,-0.08094397804618245,-0.08132627817331307,False
e3_linear85,2024-08-16,0.09782048180444973,0.17295771385160844,False
e3_linear85,2024-08-19,-0.005792558089151275,0.061445883274970685,False
e3_linear85,2024-08-20,-0.022260220139979657,-0.05280355489137416,False
e3_linear85,2024-08-21,0.05286125403961074,0.130497106883328,False
e3_linear85,2024-08-22,-0.03407654949538716,-0.01867166736112472,False
e3_linear85,2024-08-23,0.12369832758610314,0.17750354207444594,False
e3_linear85,2024-08-26,0.057304041304041306,0.12791251451414062,False
e3_linear85,2024-08-27,0.06371826371826372,0.029817377255069045,False
e3_linear85,2024-08-28,-0.06326119526119527,-0.11044805613599576,False
e3_linear85,2024-08-29,-0.08107497307497309,-0.20005102108857564,False
e3_linear85,2024-08-30,0.13774477774477775,0.27373529831147764,False
e3_linear85,2024-09-02,0.022593826593826593,-0.02990197465784304,False
e3_linear85,2024-09-03,-0.17974457974457975,-0.25625042568388406,False
e3_linear85,2024-09-04,0.11185059985059988,0.10919231792473381,False
e3_linear85,2024-09-05,0.06895162495162495,0.20396010837191111,False
e3_linear85,2024-09-06,0.012728700728700729,0.01499650983798448,False
e3_linear85,2024-09-09,-0.1218832938832939,-0.17521781828425256,False
e3_linear85,2024-09-10,-0.08171189771189771,-0.16586977774199008,False
e3_linear85,2024-09-11,0.11996192396192398,0.14524450955198703,False
e3_linear85,2024-09-12,0.06135664354071348,0.15499152385329568,False
e3_linear85,2024-09-13,-0.029364603080033934,-0.01795984791942114,False
e3_linear85,2024-09-18,0.16535580935580937,0.2445948397121146,False
e3_linear85,2024-09-19,-0.012483936483936486,0.03680229288192769,False
e3_linear85,2024-09-20,0.003578355578355579,0.03243513873265277,False
e3_linear85,2024-09-23,0.13286185286185287,0.05959178438524819,False
e3_linear85,2024-09-24,0.10800382800382802,0.1802718229342372,False
e3_linear85,2024-09-25,0.03500617100617101,-0.008151050737926413,False
e3_linear85,2024-09-26,-0.1523762003762004,-0.30758571151095676,True
e3_linear85,2024-09-27,0.260011616011616,0.23959121921878687,True
e3_linear85,2024-09-30,-0.19591952791952794,-0.26158397037420955,True
e3_linear85,2024-10-08,0.019507783507783507,0.09165511810380217,True
e3_linear85,2024-10-09,0.3195795795795796,0.3839006690460995,True
e3_linear85,2024-10-10,0.02336063936063936,0.08425083252560504,True
e3_linear85,2024-10-11,-0.13737384537384537,-0.14907902793363842,True
e3_linear85,2024-10-14,-0.09335478935478936,-0.11552264543583553,True
e3_linear85,2024-10-15,0.03083751083751084,0.07294567104821273,True
e3_linear85,2024-10-16,-0.0793950193950194,-0.12660933821231726,False
e3_linear85,2024-10-17,-0.1662858342858343,-0.30797316064753116,True
e3_linear85,2024-10-18,-0.17831907659162166,-0.2599231357673404,True
e3_linear85,2024-10-21,0.17396878207968794,0.281592532892695,True
e3_linear85,2024-10-22,0.12936796753376753,0.15028238962429746,True
e3_linear85,2024-10-23,0.07180652370128614,0.13693178848262058,False
e3_linear85,2024-10-24,0.09765701444545591,0.12562890267308663,True
e3_linear85,2024-10-25,0.09566247714962395,0.2174224631522962,True
e3_linear85,2024-10-28,0.015775968369219063,0.0607895943144258,True
e3_linear85,2024-10-29,-0.042949040058605226,-0.0045421770869774475,True
e3_linear85,2024-10-30,-0.0379293230571532,-0.09948371054277114,True
e3_linear85,2024-10-31,0.16735126158428346,0.2873555792351838,True
e3_linear85,2024-11-01,-0.01600027682993615,-0.039204716832818086,True
e3_linear85,2024-11-04,-0.13119624233451888,-0.2744816115971302,True
e3_linear85,2024-11-05,0.07375510174689275,0.09413145347751178,True
e3_linear85,2024-11-06,0.14523070556702516,0.2412548195197734,True
e3_linear85,2024-11-07,-0.05231770102534701,-0.05239304730951439,True
e3_linear85,2024-11-08,-0.13290913561062684,-0.28532674207512854,True
e3_linear85,2024-11-11,0.0699870468434678,0.31768108121006283,True
e3_linear85,2024-11-12,-0.03987196745230365,0.0025595169960649362,False
e3_linear85,2024-11-13,0.13451146798885405,0.3275412671799845,False
e3_linear85,2024-11-14,0.02864137134483243,0.07727158106109036,True
e3_linear85,2024-11-15,0.15393478895910376,0.2519470926238063,True
e3_linear85,2024-11-18,-0.1150704411826656,-0.18664606047533258,False
e3_linear85,2024-11-19,-0.08477182877182879,-0.18149937197561228,True
e3_linear85,2024-11-20,9.313209313209313e-05,0.0031601963007371887,False
e3_linear85,2024-11-21,0.02978443778443779,0.13942640164789535,True
e3_linear85,2024-11-22,0.1306804786804787,0.13777821723384068,True
e3_linear85,2024-11-25,0.1282094482094482,0.27963254964464124,True
e3_linear85,2024-11-26,-0.15921569121569124,-0.23696189718667268,True
e3_linear85,2024-11-27,0.14003926170659636,0.2840088072754592,False
e3_linear85,2024-11-28,-0.08735214335214336,-0.10468992615208919,False
e3_linear85,2024-11-29,0.02833502833502834,-0.014937073378091319,False
e3_linear85,2024-12-02,0.14372882372882373,0.26112569884012254,False
e3_linear85,2024-12-03,0.05809017434267934,0.08913845563823827,False
e3_linear85,2024-12-04,-0.04585965385965386,-0.07935302086913991,False
e3_linear85,2024-12-05,0.19046723846723848,0.324857828831102,False
e3_linear85,2024-12-06,0.06622597822597823,0.15084292645404176,False
e3_linear85,2024-12-09,-0.026519990519990523,-0.009315893188387908,False
e3_linear85,2024-12-10,0.046507342507342515,0.05419567880922451,False
e3_linear85,2024-12-11,0.05026407826407827,0.12500150639463145,False
e3_linear85,2024-12-12,-0.06918933362219934,-0.06527705071048436,True
e3_linear85,2024-12-13,0.17067425186121632,0.2316002827333898,False
e3_linear85,2024-12-16,0.06918525289469786,0.1297610148820669,False
e3_linear85,2024-12-17,-0.12813164317979364,-0.12468356195983567,True
e3_linear85,2024-12-18,-0.15987738863982823,-0.1851763048257703,True
e3_linear85,2024-12-19,-0.2897912595924467,-0.3845703280829989,True
e3_linear85,2024-12-20,0.23435098738521867,0.3621633825682852,True
e3_linear85,2024-12-23,-0.015838507143227494,-0.03523452075369233,False
e3_linear85,2024-12-24,0.022507583595366833,0.10638829237489743,False
e3_linear85,2024-12-25,-0.23028537044118816,-0.2880199566223951,True
e3_linear85,2024-12-26,0.19174290139898414,0.366041575722712,False
e3_linear85,2024-12-27,0.017442045333431303,0.04164766302689235,False
e3_linear85,2024-12-30,0.14621258777679258,0.27602032356831524,True
en454_control,2024-01-02,-0.033433448569868775,-0.022410771445772297,False
en454_control,2024-01-03,-0.026533290384711375,-0.02107550101572029,False
en454_control,2024-01-04,0.032050649532353155,0.072366966637618,False
en454_control,2024-01-05,-0.01538033491810655,-0.003385133891851164,False
en454_control,2024-01-08,-0.07234453290966317,-0.06840765366166218,False
en454_control,2024-01-09,-0.24312060312060313,-0.24897032837852703,False
en454_control,2024-01-10,-0.1507614989739238,-0.13627204368660636,False
en454_control,2024-01-11,0.022353186854188856,0.01797670110668001,False
en454_control,2024-01-12,0.021798467806483837,0.046173050094607114,False
en454_control,2024-01-15,-0.0013567675933150614,0.004725043015066769,False
en454_control,2024-01-16,-0.014033628819199959,0.024696120227945543,False
en454_control,2024-01-17,0.06001738010555644,0.07524832858310364,False
en454_control,2024-01-18,0.03686156697779944,0.09442926743028852,False
en454_control,2024-01-19,-0.1031564871484711,-0.077280942816836,False
en454_control,2024-01-22,-0.12448427184699727,-0.10216879119684615,False
en454_control,2024-01-23,0.10175309176912382,0.14095506454252668,False
en454_control,2024-01-24,0.03012508212508213,0.03741673119327509,False
en454_control,2024-01-25,0.17323604923604924,0.26387663200778977,False
en454_control,2024-01-26,-0.007668523668523668,-0.00015309016732755357,False
en454_control,2024-01-29,-0.1676703236703237,-0.14901748602842216,False
en454_control,2024-01-30,0.4025018345018346,0.4339296814358951,False
en454_control,2024-01-31,-0.0026131586131586133,-0.02441729826217052,False
en454_control,2024-02-01,0.2951224370663248,0.46004566797766905,True
en454_control,2024-02-02,0.31292470827540964,0.38627611239718856,True
en454_control,2024-02-05,-0.2034977394977395,-0.24057026515120586,True
en454_control,2024-02-06,0.03351957351957353,0.05927088011902299,True
en454_control,2024-02-07,-0.15711321711321713,-0.334978916114448,True
en454_control,2024-02-08,0.06182704982704982,0.06212529377412405,True
en454_control,2024-02-19,-0.01187042387042387,-0.09646963841921088,False
en454_control,2024-02-20,-0.041834477834477836,-0.13229987960564382,False
en454_control,2024-02-21,-0.2666536346536347,-0.3037869773266756,False
en454_control,2024-02-22,-0.22894844494844493,-0.3256044487404523,False
en454_control,2024-02-23,-0.12755109155109157,-0.2433581494464412,False
en454_control,2024-02-26,-0.26495127695127696,-0.47894062255070474,False
en454_control,2024-02-27,0.33683379683379683,0.6172417133141407,True
en454_control,2024-02-28,-0.32850772050772054,-0.32327178296993664,False
en454_control,2024-02-29,-0.21753450153450155,-0.3152848484890691,False
en454_control,2024-03-01,0.14880824880824883,0.11606736553865356,False
en454_control,2024-03-04,0.16447245247245249,0.2537821664270141,False
en454_control,2024-03-05,-0.08447339768557932,-0.04988556864702972,False
en454_control,2024-03-06,-0.23794253728344578,-0.2250354447497985,False
en454_control,2024-03-07,0.3038547539445022,0.29913775239601686,False
en454_control,2024-03-08,-0.04583474207541863,-0.09790546339223288,False
en454_control,2024-03-11,-0.1566921229847081,-0.1507264826351161,False
en454_control,2024-03-12,0.04349349750552155,0.013813763882318478,False
en454_control,2024-03-13,-0.00793679852196886,0.030387975523699248,False
en454_control,2024-03-14,-0.11058678317596152,-0.10103024724839917,False
en454_control,2024-03-15,0.016912852732492007,-0.010513889436529622,False
en454_control,2024-03-18,-0.021743745743745744,0.005464447710636293,False
en454_control,2024-03-19,0.016944136944136944,0.02306637801407502,False
en454_control,2024-03-20,0.07001115401115401,0.09909999761408744,False
en454_control,2024-03-21,0.1463926463926464,0.1448040874157045,False
en454_control,2024-03-22,0.0017585897585897586,0.019154725211373017,True
en454_control,2024-03-25,-0.07256148056148055,-0.08081826336735486,False
en454_control,2024-03-26,-0.005560853560853561,0.06861778376411774,True
en454_control,2024-03-27,0.02445590445590446,0.06319832270802436,False
en454_control,2024-03-28,-0.015187767187767189,0.02948661729941539,False
en454_control,2024-03-29,-0.08915885315885316,-0.08928601975072396,False
en454_control,2024-04-01,0.09902887502887503,0.1960717497902421,True
en454_control,2024-04-02,0.24013837213837214,0.2733353480357067,False
en454_control,2024-04-03,0.2992993192993193,0.36713787762624145,False
en454_control,2024-04-08,-0.23641401241401241,-0.23447745476622625,False
en454_control,2024-04-09,0.19352206952206955,0.2668983304976513,False
en454_control,2024-04-10,0.1725987405987406,0.19300477996912657,False
en454_control,2024-04-11,0.15886670686670687,0.1661597423058589,False
en454_control,2024-04-12,0.36951262551262554,0.3699463178798461,True
en454_control,2024-04-15,0.38881794481794485,0.39400397819665206,True
en454_control,2024-04-16,-0.2239254679254679,-0.20623708789198325,True
en454_control,2024-04-17,-0.030129978129978134,-0.006824316841791846,False
en454_control,2024-04-18,0.2121788241788242,0.23975021366052912,True
en454_control,2024-04-19,-0.173008829008829,-0.1961355320229297,True
en454_control,2024-04-22,-0.15391920991920993,-0.26163110080320534,False
en454_control,2024-04-23,-0.13111606711606713,-0.2103235954735528,True
en454_control,2024-04-24,0.07187832722502059,0.1017704234493087,False
en454_control,2024-04-25,-0.1527128247128247,-0.21761062180690635,True
en454_control,2024-04-26,0.030020160923894167,0.03672290434691286,True
en454_control,2024-04-29,0.09367429858690206,0.17120633607993746,False
en454_control,2024-04-30,-0.028628476171562337,-0.025724429440602253,False
en454_control,2024-05-06,-0.07419576690919374,-0.10478790249249463,False
en454_control,2024-05-07,0.11560857450637008,0.16045585073195537,False
en454_control,2024-05-08,0.02256618943592891,0.02503656132472588,False
en454_control,2024-05-09,-0.0774300553058068,-0.04034090948146758,False
en454_control,2024-05-10,0.12435666528251696,0.12888213294558284,True
en454_control,2024-05-13,-0.03112884090304454,-0.016952362382251014,False
en454_control,2024-05-14,0.005265052627778078,0.022890055790126273,False
en454_control,2024-05-15,0.0724044124284605,0.08081601218743416,False
en454_control,2024-05-16,-0.00696809835887992,-0.019753818740114813,False
en454_control,2024-05-17,0.044936490913701096,0.08312013833778337,False
en454_control,2024-05-20,0.060794556966439345,0.07847753346935753,False
en454_control,2024-05-21,-0.0036677077879482683,-0.006989353880375804,False
en454_control,2024-05-22,-0.05877329433642058,-0.0228534961291138,False
en454_control,2024-05-23,0.20978446984058205,0.24541349377456373,False
en454_control,2024-05-24,0.07040885374352307,0.07255826474039563,False
en454_control,2024-05-27,0.005332587096114149,-0.008482680449968449,False
en454_control,2024-05-28,0.008449554432191723,0.0068400366896256585,False
en454_control,2024-05-29,-0.07731888124368169,-0.055865528305386256,False
en454_control,2024-05-30,-0.17230963745256123,-0.21967907032415143,False
en454_control,2024-05-31,0.0572274575868524,0.07925046030641374,False
en454_control,2024-06-03,0.1838994690233778,0.2523398703741621,False
en454_control,2024-06-04,-0.04099394297041346,-0.06791871560466413,False
en454_control,2024-06-05,0.15101811841730997,0.20157074866140443,False
en454_control,2024-06-06,0.02253042082550648,0.09644832567503644,False
en454_control,2024-06-07,-0.03741775314811055,-0.11391081796544669,True
en454_control,2024-06-11,-0.13379664289709053,-0.13725252460524925,False
en454_control,2024-06-12,-0.011491680056810316,-0.05567007929385047,False
en454_control,2024-06-13,-0.08906557860465676,-0.05731978388144584,False
en454_control,2024-06-14,0.09297550573107703,0.05034570732347262,False
en454_control,2024-06-17,-0.046243906243906244,-0.03318876703236745,False
en454_control,2024-06-18,-0.044885084885084886,-0.004807893192693785,False
en454_control,2024-06-19,0.02451132058485455,-0.015416703614219679,False
en454_control,2024-06-20,0.11914215514215513,0.12110250163225389,False
en454_control,2024-06-21,0.19265969777392622,0.2429888186459906,False
en454_control,2024-06-24,0.24017465561754134,0.24956768937648804,False
en454_control,2024-06-25,-0.21859655647631598,-0.23359426141394346,False
en454_control,2024-06-26,-0.030327862933073352,-0.015382617393561535,False
en454_control,2024-06-27,0.141610837290196,0.1554475625102544,False
en454_control,2024-06-28,0.10066416316115713,0.1514111482645767,False
en454_control,2024-07-01,-0.13361081321802762,-0.11036405917599015,False
en454_control,2024-07-02,-0.02866256236196115,-0.003361150580219098,False
en454_control,2024-07-03,0.046649178236352576,0.07785856545365269,False
en454_control,2024-07-04,-0.06961287138842247,-0.08224852047705832,False
en454_control,2024-07-05,0.1140435224803962,0.14534921982748877,False
en454_control,2024-07-08,-0.04755568795248153,-0.05072975145164896,True
en454_control,2024-07-09,-0.06996161692754879,-0.14376252110444174,False
en454_control,2024-07-10,-0.044950056268693535,-0.045341752682866984,False
en454_control,2024-07-11,-0.023653757966383214,-0.002252456842598651,False
en454_control,2024-07-12,0.04043766812905089,0.10858088797030374,False
en454_control,2024-07-15,-0.1821294962296966,-0.20770035761274294,False
en454_control,2024-07-16,0.10188654787051579,0.16800173389028755,False
en454_control,2024-07-17,0.015240887768289614,0.014805214974493098,False
en454_control,2024-07-18,-0.039226799537792637,-0.07878432041511974,False
en454_control,2024-07-19,-0.003061215638828236,-0.013693069313790034,False
en454_control,2024-07-22,0.10926634278252258,0.18498467122453993,False
en454_control,2024-07-23,0.1291721185932879,0.16047693707708607,False
en454_control,2024-07-24,-0.0014077449932108097,-0.01065041681620334,False
en454_control,2024-07-25,0.06806367576252381,0.0665167842959209,False
en454_control,2024-07-26,0.08097707820724566,0.12277228824644307,False
en454_control,2024-07-29,-0.09472588388695426,-0.10463905645439704,False
en454_control,2024-07-30,-0.026962179243624592,-0.10241887077286388,False
en454_control,2024-07-31,-0.0019108923942070318,0.03801793894371253,False
en454_control,2024-08-01,0.15226660012391038,0.1874453966660147,False
en454_control,2024-08-02,0.21931610801693055,0.2362405726667821,False
en454_control,2024-08-05,0.012272566304558703,-0.004115356409320943,False
en454_control,2024-08-06,-0.008316665959924344,-0.00015423612934392197,False
en454_control,2024-08-07,0.1514120496739697,0.2253423257441745,False
en454_control,2024-08-08,0.1545492061227645,0.20926685561789715,False
en454_control,2024-08-09,-0.09973767553721845,-0.05953792392792911,False
en454_control,2024-08-12,0.057604403115887465,0.054852043241363745,False
en454_control,2024-08-13,0.1791675978183396,0.22728711432950463,False
en454_control,2024-08-14,0.09733381477670053,0.09510938091600617,False
en454_control,2024-08-15,-0.001982318992339032,-0.002073792347087231,False
en454_control,2024-08-16,0.018466157540305835,0.07024389845325153,False
en454_control,2024-08-19,-0.007298524977883694,0.029230773522100222,False
en454_control,2024-08-20,0.10837127708871196,0.07753795371340072,False
en454_control,2024-08-21,0.03223796542033014,0.06238766996932576,False
en454_control,2024-08-22,0.06411354841815763,0.06850989815799542,False
en454_control,2024-08-23,0.004333110665775996,0.016561490829719586,False
en454_control,2024-08-26,-0.09972025572025574,-0.07764778451178062,False
en454_control,2024-08-27,0.04801596001596002,0.03077204664427975,False
en454_control,2024-08-28,0.13980852780852782,0.12411471859770656,False
en454_control,2024-08-29,0.0038820998820998827,-0.04190525470562824,False
en454_control,2024-08-30,0.24025918825918827,0.31039290166658157,False
en454_control,2024-09-02,-0.013327417327417329,-0.05845692373519883,False
en454_control,2024-09-03,-0.0826006666006666,-0.11899360492134184,False
en454_control,2024-09-04,0.02616366216366216,0.02502648624908431,False
en454_control,2024-09-05,0.07045549045549047,0.15733422747850845,False
en454_control,2024-09-06,0.07038875838875838,0.07189998561563873,False
en454_control,2024-09-09,0.051084123084123086,0.02174501442855005,False
en454_control,2024-09-10,-0.1027079227079227,-0.1478585292636635,False
en454_control,2024-09-11,0.18557218157218158,0.19684236854143805,False
en454_control,2024-09-12,0.18265705465705467,0.22241496241167047,False
en454_control,2024-09-13,-0.019208350635204336,-0.013462391673696388,False
en454_control,2024-09-18,0.1848962688962689,0.23356335544829998,False
en454_control,2024-09-19,0.1012138972138972,0.13279994037081252,False
en454_control,2024-09-20,0.0035490875490875495,0.0322152247606483,False
en454_control,2024-09-23,-0.07196009996009997,-0.13210319116295582,False
en454_control,2024-09-24,0.0005695565695565696,0.037024058260617485,False
en454_control,2024-09-25,0.03022716622716623,-0.0056577960651573965,False
en454_control,2024-09-26,-0.17870841470841473,-0.21534931252458298,True
en454_control,2024-09-27,-0.19549998349998352,-0.24789734221609414,True
en454_control,2024-09-30,-0.2786395586395587,-0.3212547937473553,True
en454_control,2024-10-08,-0.008895452895452896,0.03814919449820292,True
en454_control,2024-10-09,0.09666660066660068,0.09906331154562029,True
en454_control,2024-10-10,0.2094691494691495,0.2520006008046171,True
en454_control,2024-10-11,-0.0433943233943234,-0.049401856752782074,True
en454_control,2024-10-14,-0.000196008196008196,-0.015471654674287523,True
en454_control,2024-10-15,0.1441865881865882,0.1800204305666293,True
en454_control,2024-10-16,-0.09276010476010477,-0.1270854988298976,False
en454_control,2024-10-17,-0.3916106716106716,-0.49518951517932425,True
en454_control,2024-10-18,0.005157750937310054,-0.049797396715365594,True
en454_control,2024-10-21,0.1299857433971198,0.21331646636845067,True
en454_control,2024-10-22,0.1175135835570044,0.13061037991246788,True
en454_control,2024-10-23,-0.03311500395739084,0.011130798426623768,False
en454_control,2024-10-24,0.01163563991727842,0.025780503926611277,True
en454_control,2024-10-25,0.09769694961744055,0.1447425512295275,True
en454_control,2024-10-28,0.025580958514026253,0.03609157013806083,True
en454_control,2024-10-29,0.05854957978462761,0.0767940655925824,True
en454_control,2024-10-30,0.05166871826369357,0.026942972667592106,True
en454_control,2024-10-31,0.1885617721930347,0.2433337257082093,True
en454_control,2024-11-01,-0.027978118398960077,-0.05702836574544852,True
en454_control,2024-11-04,0.06495388374346289,-0.011246117582596025,True
en454_control,2024-11-05,0.10327694826280763,0.110390388597597,True
en454_control,2024-11-06,0.20986240117984045,0.2751915067810029,True
en454_control,2024-11-07,0.010095938637073061,0.010088561662024402,True
en454_control,2024-11-08,-0.06571493715289832,-0.1750870689994842,True
en454_control,2024-11-11,0.12105364098216402,0.29768975964666333,True
en454_control,2024-11-12,0.053038888219781595,0.084456437151978,False
en454_control,2024-11-13,-0.026231558964024897,0.08326455013518842,False
en454_control,2024-11-14,0.07571315654885001,0.123706683527469,True
en454_control,2024-11-15,0.2553727033646873,0.33003390289092516,True
en454_control,2024-11-18,0.015049305818844892,-0.013343945317648804,False
en454_control,2024-11-19,0.17491123891123891,0.1775231886949819,True
en454_control,2024-11-20,0.09285261285261286,0.09327555651423781,False
en454_control,2024-11-21,0.05802341802341803,0.09309394858953182,True
en454_control,2024-11-22,-0.079008643008643,-0.07626110895736182,True
en454_control,2024-11-25,-0.02601475401475402,0.007390237669932478,True
en454_control,2024-11-26,-0.19948953148953152,-0.2786816901861167,True
en454_control,2024-11-27,-0.036785595214452925,-0.00044182896925029673,False
en454_control,2024-11-28,-0.09893213093213095,-0.11137278833312697,False
en454_control,2024-11-29,0.09895511095511096,0.09227147476925819,False
en454_control,2024-12-02,-0.029648021648021647,-0.009029286932204615,False
en454_control,2024-12-03,-0.10957578821306276,-0.09149154284797695,False
en454_control,2024-12-04,0.1393075033075033,0.13087472126857722,False
en454_control,2024-12-05,0.09621114021114022,0.15343181409661708,False
en454_control,2024-12-06,-0.09302096102096102,-0.06622139535693927,False
en454_control,2024-12-09,0.0029255069255069255,0.007798137365563134,False
en454_control,2024-12-10,0.010340302340302341,0.01382040821731995,False
en454_control,2024-12-11,-0.038745302745302745,-0.032478486647693226,False
en454_control,2024-12-12,-0.1090044593691888,-0.10817938059833498,True
en454_control,2024-12-13,-0.10713117752820273,-0.05830336466715491,False
en454_control,2024-12-16,-0.11228948841988362,-0.07206195401148598,False
en454_control,2024-12-17,-0.004819328990238512,-0.0011295519065511153,True
en454_control,2024-12-18,0.11737770980830822,0.10511208933391693,True
en454_control,2024-12-19,0.030921865236432183,-0.018917577658840647,True
en454_control,2024-12-20,-0.1692943475378692,-0.11159145477131852,True
en454_control,2024-12-23,-0.14597745720441138,-0.15390448909205243,False
en454_control,2024-12-24,-0.21080445624969174,-0.17728719362814935,False
en454_control,2024-12-25,0.05938152725070448,0.05283920804801468,True
en454_control,2024-12-26,0.14762949059167751,0.2224880558184465,False
en454_control,2024-12-27,-0.02451414653938395,-0.017107411469639754,False
en454_control,2024-12-30,-0.142305018445299,-0.08734011309178187,True
pool_factor_control,2024-01-02,-0.014187217625261256,-0.017543988635453773,False
pool_factor_control,2024-01-03,-0.046413521537487915,-0.047235731238430986,False
pool_factor_control,2024-01-04,0.011135355553139728,0.007970626638415631,False
pool_factor_control,2024-01-05,-0.0040313229897472646,-0.005193481017070262,False
pool_factor_control,2024-01-08,-0.030958352144347927,-0.03145648900397174,False
pool_factor_control,2024-01-09,0.015431589812931868,0.015259646055577647,False
pool_factor_control,2024-01-10,0.09672453845584826,0.09301313718458727,False
pool_factor_control,2024-01-11,-0.005040318455839515,-0.004046700331426331,False
pool_factor_control,2024-01-12,-0.03230627282299673,-0.03309732516920771,False
pool_factor_control,2024-01-15,0.009271449881668014,0.009383212176223283,False
pool_factor_control,2024-01-16,-0.010897342555323755,-0.02968901724514568,False
pool_factor_control,2024-01-17,0.07462604476915628,0.07172361215809799,False
pool_factor_control,2024-01-18,-0.0006002550508287171,-0.01376728621514178,False
pool_factor_control,2024-01-19,-0.0572002821700663,-0.0611685139611728,False
pool_factor_control,2024-01-22,-0.04088932108903349,-0.039673466529156556,False
pool_factor_control,2024-01-23,-0.09596793958332649,-0.10446083377064533,False
pool_factor_control,2024-01-24,0.005510700772347287,0.004456394646126162,False
pool_factor_control,2024-01-25,-0.04053348133068578,-0.044689570654620994,False
pool_factor_control,2024-01-26,-0.08967456232397389,-0.08966678650917285,False
pool_factor_control,2024-01-29,-0.05313593634181245,-0.05450776049508405,False
pool_factor_control,2024-01-30,-0.05523085799197562,-0.053444010969256266,False
pool_factor_control,2024-01-31,0.010392337487071166,0.011175507666350162,False
pool_factor_control,2024-02-01,-0.0651491784170026,-0.08238448666915762,True
pool_factor_control,2024-02-02,-0.02523556148394938,-0.03667453128001651,True
pool_factor_control,2024-02-05,-0.010969673231832327,-0.00841499285869051,True
pool_factor_control,2024-02-06,-0.05095051565119797,-0.05331737149390206,True
pool_factor_control,2024-02-07,0.05123643476301574,0.061378899451811124,True
pool_factor_control,2024-02-08,-0.007127734194181298,-0.007314187469311477,True
pool_factor_control,2024-02-19,0.03549527329377253,0.04371307254495335,False
pool_factor_control,2024-02-20,-0.008225065818164014,0.006745993321176729,False
pool_factor_control,2024-02-21,0.014237547429758737,0.02172657476829671,False
pool_factor_control,2024-02-22,0.04824327457653422,0.062167713997275366,False
pool_factor_control,2024-02-23,0.0481447453141767,0.05808899349682674,False
pool_factor_control,2024-02-26,0.06580441562139225,0.08444000352968382,False
pool_factor_control,2024-02-27,0.007586135167111327,-0.05822511079927199,True
pool_factor_control,2024-02-28,0.09995773740630691,0.09820238962751254,False
pool_factor_control,2024-02-29,-0.008804472294406293,0.019263415042808638,False
pool_factor_control,2024-03-01,-0.018800106760656982,-0.014124154901378801,False
pool_factor_control,2024-03-04,-0.030359335673417323,-0.04486392814726389,False
pool_factor_control,2024-03-05,-0.029220297780035157,-0.03838626691546273,False
pool_factor_control,2024-03-06,-0.05700599011958843,-0.07514588669096378,False
pool_factor_control,2024-03-07,0.0018428892352606756,0.004322290029653636,False
pool_factor_control,2024-03-08,0.027658306848629622,0.04586655224231237,False
pool_factor_control,2024-03-11,0.024705130200882924,0.022004351917753337,False
pool_factor_control,2024-03-12,-0.006329872363509782,0.0065929927473749265,False
pool_factor_control,2024-03-13,-0.004399003197703291,-0.032864666892121246,False
pool_factor_control,2024-03-14,0.0021265216814944634,-0.00351040635385265,False
pool_factor_control,2024-03-15,-0.03677172912208135,-0.028694457413822927,False
pool_factor_control,2024-03-18,0.038624516988096665,0.033541815283491275,False
pool_factor_control,2024-03-19,-0.007087667448294908,-0.007491394100306429,False
pool_factor_control,2024-03-20,0.0182418082565614,0.011325154185782692,False
pool_factor_control,2024-03-21,-0.04316075835214326,-0.04253611044556023,False
pool_factor_control,2024-03-22,-0.10903010910323237,-0.10876835002327384,True
pool_factor_control,2024-03-25,-0.008663193460965321,-0.011065043184960014,False
pool_factor_control,2024-03-26,-0.02089199167101367,-0.035989031339552245,True
pool_factor_control,2024-03-27,-0.016840510459984626,-0.020353006882625094,False
pool_factor_control,2024-03-28,0.015237844936698455,0.006100660944933355,False
pool_factor_control,2024-03-29,0.02510881863999586,0.025103938653029737,False
pool_factor_control,2024-04-01,-0.024115302969800672,-0.027643634191263807,True
pool_factor_control,2024-04-02,-0.09385104161635736,-0.09913487898826309,False
pool_factor_control,2024-04-03,-0.050543970072923286,-0.04995287248069983,False
pool_factor_control,2024-04-08,0.015007104631054393,0.014748083614187802,False
pool_factor_control,2024-04-09,-0.0455648963084014,-0.05059779007095613,False
pool_factor_control,2024-04-10,-0.03728956155117195,-0.03945962222619913,False
pool_factor_control,2024-04-11,-0.08523438785114254,-0.08458381976580955,False
pool_factor_control,2024-04-12,-0.10957974120898008,-0.10981669854937114,True
pool_factor_control,2024-04-15,-0.12885238273938962,-0.12968053470333024,True
pool_factor_control,2024-04-16,0.03226640543784264,0.03004157789030145,True
pool_factor_control,2024-04-17,0.001748289823503054,-0.0012963511274830639,False
pool_factor_control,2024-04-18,-0.05399841957752825,-0.05841578262542237,True
pool_factor_control,2024-04-19,0.05284020546653438,0.05986716678734502,True
pool_factor_control,2024-04-22,0.08037498464304413,0.09219120689664222,False
pool_factor_control,2024-04-23,-0.004941599394951281,0.0016287674965294154,True
pool_factor_control,2024-04-24,-0.00017533424634285554,-0.00405595329201475,False
pool_factor_control,2024-04-25,0.0721068807676839,0.08161605838435361,True
pool_factor_control,2024-04-26,0.0611566672273579,0.06039915874348626,True
pool_factor_control,2024-04-29,-0.023446726196318463,-0.02541285755694966,False
pool_factor_control,2024-04-30,-0.0315150010093331,-0.03226233918423029,False
pool_factor_control,2024-05-06,0.03095771979553544,0.03222092726911983,False
pool_factor_control,2024-05-07,-0.010062174471315076,-0.020605525274511545,False
pool_factor_control,2024-05-08,-0.02552887817242063,-0.026564819915818005,False
pool_factor_control,2024-05-09,-0.08612897183453305,-0.08377277969953319,False
pool_factor_control,2024-05-10,-0.07533178415110789,-0.07628609520504545,True
pool_factor_control,2024-05-13,-0.031327845204956684,-0.03393619190577474,False
pool_factor_control,2024-05-14,0.013108953911669868,0.009293422720516486,False
pool_factor_control,2024-05-15,0.018894687165023828,0.016524738947498813,False
pool_factor_control,2024-05-16,0.01987088502806101,0.023156704504789356,False
pool_factor_control,2024-05-17,-0.013513173222990544,-0.02544866996783442,False
pool_factor_control,2024-05-20,-0.03561822301234798,-0.04020721217533887,False
pool_factor_control,2024-05-21,0.04597986915604956,0.046396136048620445,False
pool_factor_control,2024-05-22,-0.006261495718614876,-0.016586388608208956,False
pool_factor_control,2024-05-23,-0.047314653012589095,-0.057911885040112604,False
pool_factor_control,2024-05-24,-0.03551628996027481,-0.03576032451717007,False
pool_factor_control,2024-05-27,0.06784423549392918,0.06991918563727696,False
pool_factor_control,2024-05-28,-0.027354174241194407,-0.02671065597942553,False
pool_factor_control,2024-05-29,0.07434757708925771,0.0698463103483319,False
pool_factor_control,2024-05-30,-0.03578617206168879,-0.017278383737928574,False
pool_factor_control,2024-05-31,-0.08122763296494478,-0.08144846594466193,False
pool_factor_control,2024-06-03,-0.02191405257656148,-0.03312548652980586,False
pool_factor_control,2024-06-04,0.04934270035305056,0.05147767719828872,False
pool_factor_control,2024-06-05,-0.07244596338942687,-0.08352237794714158,False
pool_factor_control,2024-06-06,0.004672276030464828,-0.007024313403837,False
pool_factor_control,2024-06-07,0.04408574528071616,0.06803022036147559,True
pool_factor_control,2024-06-11,-0.01686725012031317,-0.016020659422016647,False
pool_factor_control,2024-06-12,0.01424583946553736,0.024064254504210934,False
pool_factor_control,2024-06-13,-0.12265776658300272,-0.12892915239960995,False
pool_factor_control,2024-06-14,0.05779983404406165,0.05896853256064607,False
pool_factor_control,2024-06-17,-0.010844847804084607,-0.012830283761516074,False
pool_factor_control,2024-06-18,-0.027479807768132154,-0.031107269733412553,False
pool_factor_control,2024-06-19,0.011019690428800388,0.01127802023863967,False
pool_factor_control,2024-06-20,-0.033157584997686375,-0.03346364518151735,False
pool_factor_control,2024-06-21,-0.03234811237211526,-0.0322391286212854,False
pool_factor_control,2024-06-24,-0.04881846077589401,-0.050978084181748276,False
pool_factor_control,2024-06-25,0.06655852124114742,0.06962824974591325,False
pool_factor_control,2024-06-26,-0.05016975814912764,-0.05235054515763481,False
pool_factor_control,2024-06-27,-0.07538300357888328,-0.07775118380819265,False
pool_factor_control,2024-06-28,-0.05113506519104324,-0.05821797323224306,False
pool_factor_control,2024-07-01,-0.016857321967906912,-0.019394365317899294,False
pool_factor_control,2024-07-02,0.04987182848641395,0.046865297322320566,False
pool_factor_control,2024-07-03,-0.06981141838505246,-0.07410611897556901,False
pool_factor_control,2024-07-04,0.061136783111317275,0.0614820199575642,False
pool_factor_control,2024-07-05,-0.07604976670737074,-0.07972162124495914,False
pool_factor_control,2024-07-08,-0.07555442215924234,-0.07553974230781839,True
pool_factor_control,2024-07-09,0.04129900910153928,0.04287778347210189,False
pool_factor_control,2024-07-10,0.027894478509269453,0.028027784824517288,False
pool_factor_control,2024-07-11,0.028901163332315294,0.024512039903700596,False
pool_factor_control,2024-07-12,-0.04508499218408341,-0.055143295993955385,False
pool_factor_control,2024-07-15,0.008988663407986687,0.009492746135353582,False
pool_factor_control,2024-07-16,0.09741320590522026,0.08638357023681045,False
pool_factor_control,2024-07-17,0.032089780216051224,0.032364002160392986,False
pool_factor_control,2024-07-18,0.06331744879089674,0.06685437343409069,False
pool_factor_control,2024-07-19,0.048672411169186226,0.05260003647770012,False
pool_factor_control,2024-07-22,0.036391568052336815,0.023835356573136138,False
pool_factor_control,2024-07-23,0.008869567940041541,0.003149426109325245,False
pool_factor_control,2024-07-24,0.03026548894773749,0.03304234305718808,False
pool_factor_control,2024-07-25,-0.09661120386213932,-0.0960954555902158,False
pool_factor_control,2024-07-26,-0.060170233017704036,-0.06167366776375156,False
pool_factor_control,2024-07-29,0.07652660413599172,0.07608506540482032,False
pool_factor_control,2024-07-30,0.0005064160292909816,0.017216389986719906,False
pool_factor_control,2024-07-31,0.023513767014554557,0.02002354769587266,False
pool_factor_control,2024-08-01,0.04222264318521182,0.03828687686305961,False
pool_factor_control,2024-08-02,-0.03382318544754984,-0.03538296202685617,False
pool_factor_control,2024-08-05,0.06665418104106509,0.06887142787241393,False
pool_factor_control,2024-08-06,-0.027635305576699895,-0.028994068664348584,False
pool_factor_control,2024-08-07,0.006962267598043497,0.0014350252347784785,False
pool_factor_control,2024-08-08,-0.08305386569968336,-0.09206825667803233,False
pool_factor_control,2024-08-09,-0.003566496936152416,-0.0048905359133605475,False
pool_factor_control,2024-08-12,-0.025020504781919584,-0.024537811404514217,False
pool_factor_control,2024-08-13,-0.06100797254200596,-0.07024199290638315,False
pool_factor_control,2024-08-14,0.021418586964450703,0.02130056264472251,False
pool_factor_control,2024-08-15,-0.0076274610276959726,-0.007499300557327136,False
pool_factor_control,2024-08-16,-0.05075431449473755,-0.05284575245579492,False
pool_factor_control,2024-08-19,-0.006043680023902887,-0.011946014876058104,False
pool_factor_control,2024-08-20,-0.00831358369471807,-0.0052506757492137195,False
pool_factor_control,2024-08-21,0.00560747470154623,6.804718335444869e-06,False
pool_factor_control,2024-08-22,-0.05588584087772587,-0.056679400830176176,False
pool_factor_control,2024-08-23,-0.016960169740757716,-0.017671563958774172,False
pool_factor_control,2024-08-26,0.047396896102420344,0.0393930973737811,False
pool_factor_control,2024-08-27,0.03665901741755519,0.04059659587380754,False
pool_factor_control,2024-08-28,0.029475003222921462,0.029351073402093166,False
pool_factor_control,2024-08-29,-0.03577853557989125,-0.028222942791430457,False
pool_factor_control,2024-08-30,-0.0012156578745883726,-0.0040934797479876585,False
pool_factor_control,2024-09-02,0.002765140836689044,0.005698233804031349,False
pool_factor_control,2024-09-03,0.03840448244967181,0.0504802973164212,False
pool_factor_control,2024-09-04,0.03379155534991642,0.034077965379690316,False
pool_factor_control,2024-09-05,0.01695183103051924,0.005584845382565771,False
pool_factor_control,2024-09-06,-0.02193288584227819,-0.02249149363024575,False
pool_factor_control,2024-09-09,0.024899524688920274,0.029460114490172568,False
pool_factor_control,2024-09-10,-0.04804164464954392,-0.038296013691187014,False
pool_factor_control,2024-09-11,0.07647773397855946,0.07550029176336781,False
pool_factor_control,2024-09-12,-0.05135556224060723,-0.07582557599154297,False
pool_factor_control,2024-09-13,-0.009904864864925495,-0.012040359509230715,False
pool_factor_control,2024-09-18,0.0256136648436295,0.02216942787978825,False
pool_factor_control,2024-09-19,-0.0312771542557691,-0.03358896387643823,False
pool_factor_control,2024-09-20,-0.010998682602731583,-0.010569959277437735,False
pool_factor_control,2024-09-23,-0.0007981001594521344,0.005538216195104961,False
pool_factor_control,2024-09-24,0.08379243281635626,0.08177831686166145,False
pool_factor_control,2024-09-25,-0.027889028983601707,-0.022047055631971388,False
pool_factor_control,2024-09-26,0.050552222832824824,0.039676318330012054,True
pool_factor_control,2024-09-27,0.10498414206208342,0.10555801798940455,True
pool_factor_control,2024-09-30,0.03863834016981598,0.04538629312061843,True
pool_factor_control,2024-10-08,-0.015529246078105862,-0.01570300126762921,True
pool_factor_control,2024-10-09,-0.038468337664143905,-0.03874674481676243,True
pool_factor_control,2024-10-10,-0.0754468083449114,-0.06907617530970647,True
pool_factor_control,2024-10-11,-0.001496486560590946,-0.001326371245360753,True
pool_factor_control,2024-10-14,0.025703656285453656,0.028484628789196963,True
pool_factor_control,2024-10-15,0.004099018653283633,-0.0005985828027473133,True
pool_factor_control,2024-10-16,0.06133001680549441,0.06495544890680234,False
pool_factor_control,2024-10-17,-0.01727730057856908,0.010706688278532191,True
pool_factor_control,2024-10-18,-0.015378999141225098,-0.005612600988600223,True
pool_factor_control,2024-10-21,-0.04584816109033422,-0.04841677173007365,True
pool_factor_control,2024-10-22,0.023034969972829927,0.02344172557810482,True
pool_factor_control,2024-10-23,-0.05940546453993844,-0.06591870199680687,False
pool_factor_control,2024-10-24,0.048957490619597394,0.04869345970729603,True
pool_factor_control,2024-10-25,0.014691477122612975,0.005553996572052919,True
pool_factor_control,2024-10-28,0.0055775137432742695,0.0017221221977413218,True
pool_factor_control,2024-10-29,0.00507290943440482,0.002837083260149295,True
pool_factor_control,2024-10-30,0.05664500474688816,0.06522877159580757,True
pool_factor_control,2024-10-31,-0.003566763833244921,-0.018133488947594256,True
pool_factor_control,2024-11-01,0.07820333941464028,0.08406451299731382,True
pool_factor_control,2024-11-04,0.07136734459636195,0.08196745480548301,True
pool_factor_control,2024-11-05,-0.036474904793601395,-0.03837562759508427,True
pool_factor_control,2024-11-06,0.015787824486821575,0.005711847313843004,True
pool_factor_control,2024-11-07,0.055634630243304437,0.05564794963777061,True
pool_factor_control,2024-11-08,0.026424751905502974,0.05237948916130643,True
pool_factor_control,2024-11-11,-0.03913599454223638,-0.06731463294040799,True
pool_factor_control,2024-11-12,0.04680009843274749,0.04167708553137811,False
pool_factor_control,2024-11-13,-0.010362387740579508,-0.02896240783957531,False
pool_factor_control,2024-11-14,-0.06955740085568483,-0.07363526232853436,True
pool_factor_control,2024-11-15,-0.034675246100020984,-0.02899014738657328,True
pool_factor_control,2024-11-18,0.06676370923841177,0.07337930344418621,False
pool_factor_control,2024-11-19,-0.008120369223103318,-0.0020354154803919455,True
pool_factor_control,2024-11-20,-0.025654060792375418,-0.02596297631324024,False
pool_factor_control,2024-11-21,-0.056402480867571526,-0.06821335515699543,True
pool_factor_control,2024-11-22,0.017494013826897803,0.016777456846857983,True
pool_factor_control,2024-11-25,-0.04652892191350847,-0.05936652496149188,True
pool_factor_control,2024-11-26,-0.01176531473904046,-0.004253264928145289,True
pool_factor_control,2024-11-27,0.05082830256715798,0.039262838277458155,False
pool_factor_control,2024-11-28,-0.018776831483104498,-0.01748638233934039,False
pool_factor_control,2024-11-29,0.04950750699021215,0.049208116052301805,False
pool_factor_control,2024-12-02,0.027388251773734874,0.012657602378319147,False
pool_factor_control,2024-12-03,-0.019929970493715136,-0.021633984437164647,False
pool_factor_control,2024-12-04,0.03595934622819536,0.03916648560793613,False
pool_factor_control,2024-12-05,-0.026332050914718592,-0.05183863995753709,False
pool_factor_control,2024-12-06,-0.0018906576260460022,-0.008178945629178638,False
pool_factor_control,2024-12-09,-0.023933839832831965,-0.025036897504909523,False
pool_factor_control,2024-12-10,-0.04054411175989301,-0.041250117932922666,False
pool_factor_control,2024-12-11,-0.01672479250108874,-0.025926206582744724,False
pool_factor_control,2024-12-12,-0.02168301407519145,-0.021930531087088978,True
pool_factor_control,2024-12-13,-0.025185415826642712,-0.03170053791385148,False
pool_factor_control,2024-12-16,0.021209815228070607,0.013756413448760333,False
pool_factor_control,2024-12-17,0.04595754065989468,0.04548274148979012,True
pool_factor_control,2024-12-18,-0.02418930184898561,-0.02246626854462154,True
pool_factor_control,2024-12-19,-0.004011454319616339,-0.0007335286780837587,True
pool_factor_control,2024-12-20,-0.03290429196935932,-0.03525684440872016,True
pool_factor_control,2024-12-23,-0.03199857131700578,-0.031523256151624955,False
pool_factor_control,2024-12-24,-0.019269817084791214,-0.021996520393700238,False
pool_factor_control,2024-12-25,0.04741886824100904,0.05382089649018025,True
pool_factor_control,2024-12-26,-0.038258167394139335,-0.05412358053308634,False
pool_factor_control,2024-12-27,0.055690033804485714,0.05200233507210988,False
pool_factor_control,2024-12-30,-0.049278565025528485,-0.07305613308089098,True
noise_control,2024-01-02,-0.004070097149501963,0.00014091131212256328,False
noise_control,2024-01-03,-0.0006066319294944496,0.0010363159362064601,False
noise_control,2024-01-04,-0.004924780540203965,0.0028277867430915055,False
noise_control,2024-01-05,0.0869265979164814,0.08508005059067275,False
noise_control,2024-01-08,0.0741266316416617,0.07255943186620721,False
noise_control,2024-01-09,0.012927348927348929,0.01231633083062157,False
noise_control,2024-01-10,0.02532624407975109,0.02579199237298875,False
noise_control,2024-01-11,0.005314039490392195,0.0040855476885214475,False
noise_control,2024-01-12,0.01415774491926796,0.012625873447248527,False
noise_control,2024-01-15,0.012735573248599297,0.013794168683059039,False
noise_control,2024-01-16,0.034228011578712976,0.03428501622718497,False
noise_control,2024-01-17,-0.02188427305060571,-0.017691697199190417,False
noise_control,2024-01-18,0.018744070724030643,0.023238720314674045,False
noise_control,2024-01-19,-0.02296115353830784,-0.021319456433930992,False
noise_control,2024-01-22,0.03323428839661304,0.0343151583472614,False
noise_control,2024-01-23,-0.043686712764869066,-0.03970320560562702,False
noise_control,2024-01-24,0.03156969156969157,0.032478105380368216,False
noise_control,2024-01-25,0.013719817719817718,0.029895190684305854,False
noise_control,2024-01-26,0.018105834105834107,0.018343520049467495,False
noise_control,2024-01-29,-0.03698737298737299,-0.03857686785331054,False
noise_control,2024-01-30,0.03118319518319518,0.03435582975215778,False
noise_control,2024-01-31,0.0020516540516540517,0.00522625110319902,False
noise_control,2024-02-01,-0.0008274567152322662,0.0012717989945553732,True
noise_control,2024-02-02,0.02524580692917366,0.024340465433338537,True
noise_control,2024-02-05,-0.06584810984810985,-0.0727569916349803,True
noise_control,2024-02-06,-0.03773452973452974,-0.036013859466268595,True
noise_control,2024-02-07,-0.0011032331032331034,-0.022952678790032623,True
noise_control,2024-02-08,0.020933360933360935,0.02085329228815084,True
noise_control,2024-02-19,-0.0046932766932766936,0.004986790242209407,False
noise_control,2024-02-20,-0.012556344556344558,-0.011440215982780255,False
noise_control,2024-02-21,0.018572766572766575,0.01893787148363426,False
noise_control,2024-02-22,-0.03293290493290493,-0.042979487314839075,False
noise_control,2024-02-23,0.016955392955392955,0.018854307283536074,False
noise_control,2024-02-26,0.042207018207018214,0.04031362897432857,False
noise_control,2024-02-27,0.00471980871980872,0.006557862813619468,True
noise_control,2024-02-28,-0.001818925818925819,-0.0006496386691278294,False
noise_control,2024-02-29,-0.019510699510699513,-0.011998243278279428,False
noise_control,2024-03-01,-0.03471529071529072,-0.033210470162332015,False
noise_control,2024-03-04,-0.03227625227625228,-0.030131840245865515,False
noise_control,2024-03-05,-0.010703284032289082,-0.012288831291147492,False
noise_control,2024-03-06,0.012549826989136901,0.013405093256528437,False
noise_control,2024-03-07,-0.0475925420197113,-0.04768823492350259,False
noise_control,2024-03-08,-0.04311305357751794,-0.02691895069632219,False
noise_control,2024-03-11,0.023976601924499456,0.024122915917510767,False
noise_control,2024-03-12,-0.038409732377668246,-0.03795047976988182,False
noise_control,2024-03-13,0.03865739888184777,0.0368711402012177,False
noise_control,2024-03-14,-0.003953709220242286,-0.007833067212491098,False
noise_control,2024-03-15,-0.01079659619539379,-0.009465109939027293,False
noise_control,2024-03-18,-0.047601719601719605,-0.04306395131769228,False
noise_control,2024-03-19,-0.006687198687198687,-0.006012314480530639,False
noise_control,2024-03-20,-0.05227363627363628,-0.05286292311360274,False
noise_control,2024-03-21,-0.010592662592662594,-0.01059131380400096,False
noise_control,2024-03-22,-0.021083889083889085,-0.02711221556648493,True
noise_control,2024-03-25,0.04050976050976051,0.04040365950307077,False
noise_control,2024-03-26,-0.0008491208491208492,-0.001670305795578735,True
noise_control,2024-03-27,0.07047537447537448,0.07439551312732803,False
noise_control,2024-03-28,-0.025564765564765567,-0.023303158021993505,False
noise_control,2024-03-29,0.046801234801234805,0.046792637540055484,False
noise_control,2024-04-01,-0.007531111531111532,-0.006344083904260948,True
noise_control,2024-04-02,0.05294935694935696,0.04924940841698053,False
noise_control,2024-04-03,0.007106215106215107,0.00902642959125097,False
noise_control,2024-04-08,-0.03617482817482818,-0.03632348387747888,False
noise_control,2024-04-09,0.057733089733089736,0.05823661452015106,False
noise_control,2024-04-10,0.010952878952878954,0.0154869623734068,False
noise_control,2024-04-11,0.013282765282765284,0.014675284871492125,False
noise_control,2024-04-12,-0.03904295104295105,-0.03910636773781323,True
noise_control,2024-04-15,-0.046178458178458184,-0.04496678252120261,True
noise_control,2024-04-16,0.01987779187779188,0.01674570650400578,True
noise_control,2024-04-17,-0.027411951411951418,-0.028021040910712502,False
noise_control,2024-04-18,0.06676185076185076,0.06680607274161943,True
noise_control,2024-04-19,0.012177528177528178,0.015699609157510258,True
noise_control,2024-04-22,-0.0017188457188457192,-0.009224668161895135,False
noise_control,2024-04-23,-0.016589884589884592,-0.021705246309152777,True
noise_control,2024-04-24,0.027335848874927023,0.03057411017200072,False
noise_control,2024-04-25,0.04909486909486909,0.051536522793248385,True
noise_control,2024-04-26,0.00013549347121204978,0.0011446598313170813,True
noise_control,2024-04-29,-0.026835700723724324,-0.03381995624624018,False
noise_control,2024-04-30,0.012379738455890759,0.011862977630875767,False
noise_control,2024-05-06,0.00806688451979033,0.00867664412306557,False
noise_control,2024-05-07,-0.010798822870967157,-0.012648595871628546,False
noise_control,2024-05-08,-0.02856584038948768,-0.027602833489390664,False
noise_control,2024-05-09,0.014151534299830891,0.02040527114895302,False
noise_control,2024-05-10,-0.019505244723681595,-0.018818397072417697,True
noise_control,2024-05-13,-0.014131721312754633,-0.01262630820737763,False
noise_control,2024-05-14,-0.008568560544512447,-0.011004183401449541,False
noise_control,2024-05-15,-0.027778800844933105,-0.027797716192645712,False
noise_control,2024-05-16,0.06927651097991779,0.06948440272127782,False
noise_control,2024-05-17,-0.03508412905944177,-0.04195879911000944,False
noise_control,2024-05-20,0.051869335763101224,0.0576367951748361,False
noise_control,2024-05-21,-0.021802897085462212,-0.021525554954405737,False
noise_control,2024-05-22,-0.04692747657477116,-0.04423005003985239,False
noise_control,2024-05-23,-0.019153923462540696,-0.020739275034685062,False
noise_control,2024-05-24,-0.000937526705061775,-0.0008633399342580577,False
noise_control,2024-05-27,0.04397971919815606,0.04203763970376987,False
noise_control,2024-05-28,0.06952566764065388,0.06926687665557904,False
noise_control,2024-05-29,0.0036624162327926926,0.004129937248579096,False
noise_control,2024-05-30,0.040497059130112596,0.038983158449200896,False
noise_control,2024-05-31,-0.015345542546383546,-0.016533341040293272,False
noise_control,2024-06-03,0.07114079665802972,0.07084702952082617,False
noise_control,2024-06-04,0.00484487397933146,-0.0011611049595403,False
noise_control,2024-06-05,-0.02588199341384749,-0.029807702827429946,False
noise_control,2024-06-06,0.034931655896755606,0.042184005185759745,False
noise_control,2024-06-07,-0.030144674637270663,-0.033491335708411334,True
noise_control,2024-06-11,0.007724624824421207,0.008025310341260083,False
noise_control,2024-06-12,0.0070397371319215,0.008707649627271831,False
noise_control,2024-06-13,0.010889177754909217,0.0074598275619172216,False
noise_control,2024-06-14,0.004112597669873667,-0.0032082970916011404,False
noise_control,2024-06-17,-0.020784356784356788,-0.024097853523233587,False
noise_control,2024-06-18,-0.030506310506310506,-0.027278104155746493,False
noise_control,2024-06-19,-0.028215856215856212,-0.03573582199441782,False
noise_control,2024-06-20,0.09177442377442378,0.0913947019887232,False
noise_control,2024-06-21,0.0028530333941155575,-0.0034293100901555346,False
noise_control,2024-06-24,-0.03342893594997803,-0.03291663996068069,False
noise_control,2024-06-25,0.0058002972912792545,0.006732591358758136,False
noise_control,2024-06-26,0.04022785510961863,0.038477492299766165,False
noise_control,2024-06-27,0.003929095428093424,0.002637891020218905,False
noise_control,2024-06-28,-0.00611274200051755,-0.0012962423190886593,False
noise_control,2024-07-01,-0.06177965540690991,-0.06115587755522507,False
noise_control,2024-07-02,0.043553846431601935,0.044631294955711505,False
noise_control,2024-07-03,-0.023781352494779345,-0.021513497530893478,False
noise_control,2024-07-04,0.020658253443824583,0.021880183865532254,False
noise_control,2024-07-05,-0.023115648714847108,-0.02260988358800154,False
noise_control,2024-07-08,0.002779035548574626,0.002305471879620731,True
noise_control,2024-07-09,0.04761094561495362,0.044987611526685775,False
noise_control,2024-07-10,-0.022737149975626925,-0.022767405877723457,False
noise_control,2024-07-11,0.02549458075309778,0.027382822481415332,False
noise_control,2024-07-12,0.011177165141092994,0.01685857283166509,False
noise_control,2024-07-15,-0.02872393435519688,-0.023564409223257043,False
noise_control,2024-07-16,0.0038488027105261567,0.010744787954079342,False
noise_control,2024-07-17,0.025416195748836957,0.0255948000749676,False
noise_control,2024-07-18,-0.028732674157927875,-0.026627587286486423,False
noise_control,2024-07-19,0.017388018949818576,0.019728432992469513,False
noise_control,2024-07-22,0.01928014691555816,0.03395807742272663,False
noise_control,2024-07-23,-0.04710065611205906,-0.038742169118584954,False
noise_control,2024-07-24,-0.0033339047757051264,-0.00512207681145708,False
noise_control,2024-07-25,-0.03786893125650882,-0.037919038101490235,False
noise_control,2024-07-26,0.02579261009662434,0.027895469388818796,False
noise_control,2024-07-29,-0.026848381115591565,-0.02868377697172591,False
noise_control,2024-07-30,0.015615962017932014,0.011273378823468015,False
noise_control,2024-07-31,0.014564264055173469,0.01680903365953229,False
noise_control,2024-08-01,-0.03251199139103091,-0.03053813649005436,False
noise_control,2024-08-02,0.022918805914326514,0.025021766949582653,False
noise_control,2024-08-05,0.016885216336650296,0.016266696293913536,False
noise_control,2024-08-06,-0.026703647170596468,-0.027149863619989303,False
noise_control,2024-08-07,-0.003873150320508427,-0.00970420520486892,False
noise_control,2024-08-08,-0.015250328307737005,-0.02027692822763112,False
noise_control,2024-08-09,0.013181896456972186,0.013939591271773157,False
noise_control,2024-08-12,-0.004539324038904946,-0.004746254419783793,False
noise_control,2024-08-13,-0.02424072786462561,-0.023126706112379283,False
noise_control,2024-08-14,-0.04410832475762335,-0.044393424152937136,False
noise_control,2024-08-15,-0.012544626828866824,-0.012610495909618654,False
noise_control,2024-08-16,-0.02693757484939849,-0.018541675586657765,False
noise_control,2024-08-19,-0.010563084126210378,-0.01619653166434714,False
noise_control,2024-08-20,0.009723663543302822,0.00916635459833494,False
noise_control,2024-08-21,-0.03883046573627735,-0.03654720599183811,False
noise_control,2024-08-22,0.0051105093069020915,0.006420769769535289,False
noise_control,2024-08-23,-0.0035354673310585122,-0.0025860997714934244,False
noise_control,2024-08-26,0.009576105576105576,0.00031984917780892083,False
noise_control,2024-08-27,-0.029251349251349253,-0.027862726030997965,False
noise_control,2024-08-28,-0.027763467763467765,-0.028186966325186382,False
noise_control,2024-08-29,-0.027111987111987115,-0.028114986779509656,False
noise_control,2024-08-30,0.009877209877209877,0.010481256976845401,False
noise_control,2024-09-02,-0.0043892563892563895,-0.0026105839476874273,False
noise_control,2024-09-03,-0.011129915129915131,-0.006536323101967699,False
noise_control,2024-09-04,0.008011520011520012,0.008332713792989777,False
noise_control,2024-09-05,-0.061509829509829514,-0.06885778192826641,False
noise_control,2024-09-06,0.034960294960294964,0.03492205158810754,False
noise_control,2024-09-09,-0.07657472857472858,-0.08213411435398014,False
noise_control,2024-09-10,0.01995676395676396,0.014821151969644042,False
noise_control,2024-09-11,-0.00864052464052464,-0.008130994360101338,False
noise_control,2024-09-12,-0.02476596076596077,-0.027220320722282993,False
noise_control,2024-09-13,0.03634121095042938,0.035510964205415246,False
noise_control,2024-09-18,-0.016832860832860834,-0.01426329830183616,False
noise_control,2024-09-19,0.01803804603804604,0.008646630720751933,False
noise_control,2024-09-20,0.00822107622107622,0.006805596386456264,False
noise_control,2024-09-23,-0.03730813330813331,-0.035548581601120136,False
noise_control,2024-09-24,-0.010019458019458019,-0.00914586914849916,False
noise_control,2024-09-25,0.027991095991095997,0.02684411277688897,False
noise_control,2024-09-26,0.02125318525318526,0.030512019931465444,True
noise_control,2024-09-27,0.02001938001938002,0.01341787176526292,True
noise_control,2024-09-30,0.009947325947325949,0.015486005529403355,True
noise_control,2024-10-08,0.02825965625965626,0.02267409125893781,True
noise_control,2024-10-09,-0.06056205656205656,-0.05065073286884197,True
noise_control,2024-10-10,-0.0141978621978622,-0.017941440425859326,True
noise_control,2024-10-11,0.035000243000243,0.03436419591054224,True
noise_control,2024-10-14,-0.04325010725010725,-0.04420318135324085,True
noise_control,2024-10-15,0.021330789330789333,0.02634106032240281,True
noise_control,2024-10-16,-0.012223308223308223,-0.01208931967984816,False
noise_control,2024-10-17,-0.05743636543636544,-0.08009421091399697,True
noise_control,2024-10-18,-0.013223720714702677,-0.012106749440726568,True
noise_control,2024-10-21,0.017687653462714115,0.019011957236435593,True
noise_control,2024-10-22,-0.0030977222773051144,-0.00191536199621972,True
noise_control,2024-10-23,-0.007894035425527699,-0.007651433977445941,False
noise_control,2024-10-24,-0.018971325381537982,-0.021155067440564158,True
noise_control,2024-10-25,-0.008936599347109433,-0.00886865051783478,True
noise_control,2024-10-28,0.006946975477818507,0.0073607962790580295,True
noise_control,2024-10-29,0.003407497523110896,0.0006185448986942688,True
noise_control,2024-10-30,-0.01283090637526691,-0.011846664726627107,True
noise_control,2024-10-31,0.01610891452574819,0.0075502397836588195,True
noise_control,2024-11-01,-0.010610422045291784,-0.013068353287970758,True
noise_control,2024-11-04,0.04380830128725919,0.044235030461940834,True
noise_control,2024-11-05,-0.00039240411057264425,0.0006284756005300435,True
noise_control,2024-11-06,-0.02659311230917834,-0.02341389884244401,True
noise_control,2024-11-07,0.025154733851967835,0.025190891398232697,True
noise_control,2024-11-08,-0.01195547138988686,-0.0031820825131764706,True
noise_control,2024-11-11,0.06966930387894683,0.04438281465773633,True
noise_control,2024-11-12,-0.004190241380770885,-0.0035857913922627354,False
noise_control,2024-11-13,-0.05109902637555736,-0.0594084439830989,False
noise_control,2024-11-14,-0.035462330107789534,-0.047684557189960355,True
noise_control,2024-11-15,0.0080387561910608,0.0003007221803749765,True
noise_control,2024-11-18,0.03259063472289925,0.0338436649856305,False
noise_control,2024-11-19,-0.00814898014898015,-0.00527364952993941,True
noise_control,2024-11-20,0.022406554406554407,0.022097373313025883,False
noise_control,2024-11-21,0.00044041244041244046,0.0009956770972361663,True
noise_control,2024-11-22,0.04836022836022836,0.04763930903298417,True
noise_control,2024-11-25,0.025709773709773714,0.03372048765248091,True
noise_control,2024-11-26,0.016615372615372617,0.007856292240104533,True
noise_control,2024-11-27,-0.06055197482051188,-0.061252894186901594,False
noise_control,2024-11-28,-0.004214284214284215,-0.001857759942167767,False
noise_control,2024-11-29,0.0013105933105933107,-0.002573974373183089,False
noise_control,2024-12-02,-0.014162318162318164,-0.022816467791110233,False
noise_control,2024-12-03,-0.029727491018072174,-0.02850919472417291,False
noise_control,2024-12-04,0.0007960087960087961,0.0032399657193895605,False
noise_control,2024-12-05,-0.024073740073740076,-0.030420567894090464,False
noise_control,2024-12-06,0.028601668601668597,0.019348057084553946,False
noise_control,2024-12-09,0.06405821205821206,0.06231548684090096,False
noise_control,2024-12-10,0.047084099084099086,0.04651598824084841,False
noise_control,2024-12-11,-0.04180784980784981,-0.04177739587965266,False
noise_control,2024-12-12,0.044123454115438075,0.04423606651428209,True
noise_control,2024-12-13,0.0027680528000651856,-0.005122584013060409,False
noise_control,2024-12-16,-0.011412809383876895,-0.003443359665266135,False
noise_control,2024-12-17,0.005289279526821813,0.005530878321344287,True
noise_control,2024-12-18,0.02744674471880137,0.02918592301964057,True
noise_control,2024-12-19,0.004828588445169652,-0.012434742977566034,True
noise_control,2024-12-20,-0.0022759928141379017,0.001720550420780491,True
noise_control,2024-12-23,0.006379982112598027,0.00760740552879163,False
noise_control,2024-12-24,0.007363036062336272,0.00913892651865684,False
noise_control,2024-12-25,0.006663857618198295,0.012651171423907058,True
noise_control,2024-12-26,0.014350643014830522,0.022518320287609177,False
noise_control,2024-12-27,0.08334046735420789,0.08475567504140834,False
noise_control,2024-12-30,0.010869113602580534,0.01642763181436379,True
