candidate,date,ric,plain_ic,stress
full_o2o_20260801,2024-01-02,0.14570294083592855,0.17677016357110253,False
full_o2o_20260801,2024-01-03,0.081018259751781,0.12271665534003606,False
full_o2o_20260801,2024-01-04,0.176222068119258,0.2777851378598839,False
full_o2o_20260801,2024-01-05,0.019131717711681748,0.037823837765416105,False
full_o2o_20260801,2024-01-08,0.1160981007883707,0.14768909576432251,False
full_o2o_20260801,2024-01-09,0.04785296457808101,0.05424121694105226,False
full_o2o_20260801,2024-01-10,-0.2213859026803311,-0.1881811968926291,False
full_o2o_20260801,2024-01-11,0.2616356765168581,0.2918461514792104,False
full_o2o_20260801,2024-01-12,0.0192426214218228,0.05239939403696842,False
full_o2o_20260801,2024-01-15,0.002784151755618804,0.029201935228599634,False
full_o2o_20260801,2024-01-16,0.17470046636624328,0.28765083302582434,False
full_o2o_20260801,2024-01-17,-0.13773367665035477,-0.13217692117811755,False
full_o2o_20260801,2024-01-18,0.15544897264990742,0.24838280428623682,False
full_o2o_20260801,2024-01-19,0.07586100848231087,0.08393865057321097,False
full_o2o_20260801,2024-01-22,-0.007804656866581255,0.009588916765572914,False
full_o2o_20260801,2024-01-23,0.16556962388685253,0.24622430851494256,False
full_o2o_20260801,2024-01-24,0.10509955757532569,0.1636931922743962,False
full_o2o_20260801,2024-01-25,0.2007061775413454,0.35552970818630736,False
full_o2o_20260801,2024-01-26,0.20139636087811735,0.22978275305781654,False
full_o2o_20260801,2024-01-29,0.046151499088498096,0.06977945953119438,False
full_o2o_20260801,2024-01-30,0.07899539192552242,0.13502295454229538,False
full_o2o_20260801,2024-01-31,-0.12759246219718148,-0.11783920100300817,False
full_o2o_20260801,2024-02-01,-0.028792675944064938,0.07916236890556494,True
full_o2o_20260801,2024-02-02,0.03162996841164857,0.08720675228426612,True
full_o2o_20260801,2024-02-05,0.09032254845802691,0.09373428523051575,True
full_o2o_20260801,2024-02-06,0.023512101179989253,0.04352687044764336,True
full_o2o_20260801,2024-02-07,-0.0025795293843426776,-0.00620874814587787,True
full_o2o_20260801,2024-02-08,-0.1431731653937682,-0.10920523170779996,False
full_o2o_20260801,2024-02-19,-0.046540908084314145,-0.019586756344187776,False
full_o2o_20260801,2024-02-20,-0.12200635036650967,-0.10670559283914453,False
full_o2o_20260801,2024-02-21,-0.12248766778117759,-0.11709584132051186,False
full_o2o_20260801,2024-02-22,-0.04033150495747929,-0.03301977491687956,False
full_o2o_20260801,2024-02-23,-0.022141378307909503,0.0012551031135936443,False
full_o2o_20260801,2024-02-26,-0.18220617097407305,-0.18192696714599982,False
full_o2o_20260801,2024-02-27,0.058206561144672896,0.29456280228059023,True
full_o2o_20260801,2024-02-28,0.046046199866082674,0.06317368300094502,True
full_o2o_20260801,2024-02-29,-0.07141711891399291,-0.05122665843233477,False
full_o2o_20260801,2024-03-01,-0.07543966339260863,-0.027912120034548148,False
full_o2o_20260801,2024-03-04,-0.029997101258412304,0.14775364934332608,False
full_o2o_20260801,2024-03-05,0.005861013915719916,0.07022744955439295,False
full_o2o_20260801,2024-03-06,0.0805557156309778,0.21842212833028848,False
full_o2o_20260801,2024-03-07,0.02085328671448031,0.03867793381392192,False
full_o2o_20260801,2024-03-08,-0.009306807281161993,-0.007689912574415733,False
full_o2o_20260801,2024-03-11,-0.020692447918284288,-0.00025566460443611586,False
full_o2o_20260801,2024-03-12,0.004627944925619079,0.014667292659654732,False
full_o2o_20260801,2024-03-13,0.0847007982312869,0.2202763137599295,False
full_o2o_20260801,2024-03-14,0.05992965483734959,0.07705288499184886,False
full_o2o_20260801,2024-03-15,-0.051849098574296724,-0.04208150793186792,False
full_o2o_20260801,2024-03-18,0.03714992273460371,0.0890655895975882,False
full_o2o_20260801,2024-03-19,-0.03400384848948987,-0.023772773602353806,False
full_o2o_20260801,2024-03-20,0.0505193106467708,0.1531679422372658,False
full_o2o_20260801,2024-03-21,-0.07098075245030898,-0.04312239581076622,True
full_o2o_20260801,2024-03-22,0.14250744173669797,0.2576141675164059,False
full_o2o_20260801,2024-03-25,0.005792165103239027,0.017509770957275555,False
full_o2o_20260801,2024-03-26,0.10984937325889196,0.26040617605751315,False
full_o2o_20260801,2024-03-27,-0.17752892732019981,-0.14788222395685835,False
full_o2o_20260801,2024-03-28,0.04879519148133959,0.10697772193610973,False
full_o2o_20260801,2024-03-29,0.10465114384881537,0.1372883217104154,False
full_o2o_20260801,2024-04-01,0.19279040747079526,0.35706965854045825,True
full_o2o_20260801,2024-04-02,0.11984843416251309,0.19401849245570518,False
full_o2o_20260801,2024-04-03,-0.02441088766092229,0.09828628556551658,False
full_o2o_20260801,2024-04-08,0.13969806359133777,0.17488106459506772,False
full_o2o_20260801,2024-04-09,0.1118098226944928,0.19862484919168616,False
full_o2o_20260801,2024-04-10,-0.03456828926477691,0.02703074889752578,False
full_o2o_20260801,2024-04-11,0.09441699681107033,0.13530037064327458,False
full_o2o_20260801,2024-04-12,-0.0050019783825246055,0.02469412058378115,True
full_o2o_20260801,2024-04-15,-0.09778717954946707,-0.07011891915781858,True
full_o2o_20260801,2024-04-16,-0.10744295426227958,-0.08195300288414875,True
full_o2o_20260801,2024-04-17,-0.09440618881539722,-0.03619681434109799,False
full_o2o_20260801,2024-04-18,0.06763100536949067,0.11667442412877627,True
full_o2o_20260801,2024-04-19,0.03223934874879767,0.0685065890186414,True
full_o2o_20260801,2024-04-22,0.007118330933505501,0.01802443743176895,False
full_o2o_20260801,2024-04-23,0.018186639346830815,0.018986735796841132,True
full_o2o_20260801,2024-04-24,0.023751855332778272,0.05142692905281883,False
full_o2o_20260801,2024-04-25,-0.008365069285902658,0.010109535495875127,True
full_o2o_20260801,2024-04-26,0.056851083157575075,0.0851288732499799,True
full_o2o_20260801,2024-04-29,0.04442545723167927,0.13014589003615212,True
full_o2o_20260801,2024-04-30,-0.020577505126721983,0.0068643601887486165,False
full_o2o_20260801,2024-05-06,0.06166166456827759,0.07643387275735872,False
full_o2o_20260801,2024-05-07,0.009980534006337841,0.07159990770728626,False
full_o2o_20260801,2024-05-08,-0.023474409957184954,0.015615536578637242,False
full_o2o_20260801,2024-05-09,0.15353685068491146,0.2675961652156411,False
full_o2o_20260801,2024-05-10,0.01454788013578769,0.036115737833348545,True
full_o2o_20260801,2024-05-13,0.011051826248198102,0.04267835316317121,False
full_o2o_20260801,2024-05-14,0.07295843295628256,0.12644486602465707,False
full_o2o_20260801,2024-05-15,0.07972434912621951,0.10451264096150674,True
full_o2o_20260801,2024-05-16,0.006068089224502848,0.016794699485949645,False
full_o2o_20260801,2024-05-17,-0.03907936878077234,0.018399671317016118,False
full_o2o_20260801,2024-05-20,0.08430779439667244,0.12445393566428259,False
full_o2o_20260801,2024-05-21,0.06219977935926219,0.08397284866301472,False
full_o2o_20260801,2024-05-22,0.010438808523012847,0.07475483843207362,False
full_o2o_20260801,2024-05-23,0.1904023487849652,0.24655244256800027,False
full_o2o_20260801,2024-05-24,0.062311747499465754,0.08171644757289642,False
full_o2o_20260801,2024-05-27,-0.03608631311114618,-0.02541076960124141,False
full_o2o_20260801,2024-05-28,0.02658139207183779,0.04147141962150536,False
full_o2o_20260801,2024-05-29,0.053505202487822236,0.10527670763290728,False
full_o2o_20260801,2024-05-30,0.01875998734387672,0.019972917154596974,False
full_o2o_20260801,2024-05-31,-0.16077081735092844,-0.1328850922980975,False
full_o2o_20260801,2024-06-03,-0.06011797605291398,0.04772701844745934,False
full_o2o_20260801,2024-06-04,-0.056658079595918794,-0.0439931377751919,False
full_o2o_20260801,2024-06-05,0.04359304644071157,0.09593435447806692,False
full_o2o_20260801,2024-06-06,0.2551688777522743,0.31936329088169635,False
full_o2o_20260801,2024-06-07,-0.23031755679964053,-0.22743331556573226,False
full_o2o_20260801,2024-06-11,-0.06920876898686303,-0.05401682514699152,False
full_o2o_20260801,2024-06-12,-0.021162837742686742,-0.010509888871813424,True
full_o2o_20260801,2024-06-13,0.022721861944579775,0.08312807169716808,False
full_o2o_20260801,2024-06-14,-0.0880827784812051,-0.07809161232182998,False
full_o2o_20260801,2024-06-17,-0.03548674815551888,0.008207142002655697,False
full_o2o_20260801,2024-06-18,0.034733407069425765,0.07990366532025825,False
full_o2o_20260801,2024-06-19,0.14072665283375463,0.14876886261430095,False
full_o2o_20260801,2024-06-20,0.06563032959858457,0.07288557378079409,False
full_o2o_20260801,2024-06-21,0.025030276852361394,0.08696601324043862,False
full_o2o_20260801,2024-06-24,0.23110399928092554,0.256981876060316,False
full_o2o_20260801,2024-06-25,0.10034341820687682,0.10914250977445666,False
full_o2o_20260801,2024-06-26,0.013581497853203417,0.04566958316634115,False
full_o2o_20260801,2024-06-27,0.004151640914774574,0.020577938042671183,False
full_o2o_20260801,2024-06-28,0.1023889507843102,0.1776334780168787,False
full_o2o_20260801,2024-07-01,0.17233973722769177,0.21468630786816562,False
full_o2o_20260801,2024-07-02,0.09007987451512477,0.11969687205875619,False
full_o2o_20260801,2024-07-03,0.09847003732766925,0.1443465131905934,False
full_o2o_20260801,2024-07-04,0.06264301226249044,0.08609414041276306,False
full_o2o_20260801,2024-07-05,-0.004103246727734721,0.03257676662618577,False
full_o2o_20260801,2024-07-08,-0.1415416289923381,-0.13529560960863393,True
full_o2o_20260801,2024-07-09,-0.1711687392850315,-0.1679635531369413,False
full_o2o_20260801,2024-07-10,0.1547187067777572,0.1783399679359873,False
full_o2o_20260801,2024-07-11,0.01848054326832383,0.04684337837105789,False
full_o2o_20260801,2024-07-12,-0.017477682278571778,0.07979828429280296,False
full_o2o_20260801,2024-07-15,-0.15316865124825,-0.15863344520563297,False
full_o2o_20260801,2024-07-16,0.18312714097804217,0.28100421813171245,False
full_o2o_20260801,2024-07-17,0.01793929247276221,0.020509099951469035,False
full_o2o_20260801,2024-07-18,-0.13736687437733758,-0.12516727999648286,True
full_o2o_20260801,2024-07-19,-0.06416624810450867,-0.04814349281526328,False
full_o2o_20260801,2024-07-22,0.05698749226474933,0.1633977284856559,False
full_o2o_20260801,2024-07-23,0.09180732083244536,0.12230818621817308,False
full_o2o_20260801,2024-07-24,0.06118921784818951,0.07941437585672402,False
full_o2o_20260801,2024-07-25,0.040374415517876724,0.06252516320971206,False
full_o2o_20260801,2024-07-26,0.03432990481986715,0.10805718350359218,False
full_o2o_20260801,2024-07-29,0.04619566343530398,0.05395977296586107,False
full_o2o_20260801,2024-07-30,-0.08952623815991083,-0.07470642278291234,False
full_o2o_20260801,2024-07-31,-0.00794929740353675,0.08692841830839985,False
full_o2o_20260801,2024-08-01,0.1565347601855687,0.21129810737085014,False
full_o2o_20260801,2024-08-02,0.04911485342913094,0.08184793996765487,False
full_o2o_20260801,2024-08-05,0.07501229234272185,0.09600686867010144,False
full_o2o_20260801,2024-08-06,0.03319567987795343,0.07595139046350592,False
full_o2o_20260801,2024-08-07,0.13867750735513437,0.20180319797478358,False
full_o2o_20260801,2024-08-08,0.22148135960933654,0.2754258953838774,False
full_o2o_20260801,2024-08-09,0.025690336752403817,0.06023009252355992,False
full_o2o_20260801,2024-08-12,0.0432704966345517,0.057069087935111354,False
full_o2o_20260801,2024-08-13,0.05465386559362412,0.15343225293386342,False
full_o2o_20260801,2024-08-14,-0.027644185630282158,-0.005790905723895494,False
full_o2o_20260801,2024-08-15,-0.0005224504223502113,0.026879611785126187,False
full_o2o_20260801,2024-08-16,0.06376884909678256,0.14900259080469389,False
full_o2o_20260801,2024-08-19,0.030714048179958132,0.11414356749466992,False
full_o2o_20260801,2024-08-20,0.008570658046821207,0.019878243161592632,False
full_o2o_20260801,2024-08-21,0.09611078363759766,0.17078795424724322,False
full_o2o_20260801,2024-08-22,-0.03984260758022458,-0.008898068759230509,False
full_o2o_20260801,2024-08-23,0.1004362179121699,0.17507339584458956,False
full_o2o_20260801,2024-08-26,0.12319689461210656,0.17602481195523356,False
full_o2o_20260801,2024-08-27,-0.0057122602999145206,0.01796603096701318,False
full_o2o_20260801,2024-08-28,-0.095723982995117,-0.07990141483065756,False
full_o2o_20260801,2024-08-29,-0.20822863644535336,-0.21388675854441866,False
full_o2o_20260801,2024-08-30,0.05693583818739977,0.16515486910609145,False
full_o2o_20260801,2024-09-02,-0.007660623751974297,-0.0008884991523834254,False
full_o2o_20260801,2024-09-03,-0.1735219315798144,-0.16434033866043551,False
full_o2o_20260801,2024-09-04,0.027442064236607933,0.07368947073853178,False
full_o2o_20260801,2024-09-05,0.05131289362919295,0.1436913817812829,False
full_o2o_20260801,2024-09-06,-0.054316342544329065,-0.043553433596336094,False
full_o2o_20260801,2024-09-09,-0.06452482439874228,-0.06005935010410023,False
full_o2o_20260801,2024-09-10,-0.20014943869918678,-0.19870688169564674,False
full_o2o_20260801,2024-09-11,0.15934150357802948,0.18498871298845665,False
full_o2o_20260801,2024-09-12,0.1323804655842692,0.20014361339950662,False
full_o2o_20260801,2024-09-13,-0.015638590764447624,0.000850719833227466,False
full_o2o_20260801,2024-09-18,0.08524549672736449,0.17103811609872524,False
full_o2o_20260801,2024-09-19,0.01819341488731618,0.0601238922327255,False
full_o2o_20260801,2024-09-20,-0.008162026071940396,0.0203863845237539,False
full_o2o_20260801,2024-09-23,0.04986041702356885,0.06342144816471268,True
full_o2o_20260801,2024-09-24,0.09564862331734922,0.17824385952582159,False
full_o2o_20260801,2024-09-25,0.02266524068873731,0.05473062210526576,True
full_o2o_20260801,2024-09-26,-0.23626994264521572,-0.2361631365102128,True
full_o2o_20260801,2024-09-27,0.017903584093023263,0.03005131308332117,True
full_o2o_20260801,2024-09-30,-0.12424338130741104,-0.10187420532614666,True
full_o2o_20260801,2024-10-08,-0.11116899751240465,-0.0676126095800424,True
full_o2o_20260801,2024-10-09,0.16208730176014768,0.30038245134539576,True
full_o2o_20260801,2024-10-10,0.01991818425216785,0.06956773989898786,True
full_o2o_20260801,2024-10-11,-0.12258648005259368,-0.10711929200557829,True
full_o2o_20260801,2024-10-14,-0.023386210156997517,0.023224743962592217,False
full_o2o_20260801,2024-10-15,-0.02278255652376149,0.002153333702433863,True
full_o2o_20260801,2024-10-16,0.024230910337100443,0.048383010575530634,False
full_o2o_20260801,2024-10-17,-0.11350792579233665,-0.11510856296837589,True
full_o2o_20260801,2024-10-18,-0.21118908759404426,-0.21530416210879336,True
full_o2o_20260801,2024-10-21,0.0281970217456133,0.16760618373881842,True
full_o2o_20260801,2024-10-22,0.13864734236822976,0.16512892015533004,True
full_o2o_20260801,2024-10-23,0.08391015227831962,0.1313726890228373,True
full_o2o_20260801,2024-10-24,0.0773243030626345,0.11903154017112653,True
full_o2o_20260801,2024-10-25,0.03570468931072374,0.09439122815295731,True
full_o2o_20260801,2024-10-28,-0.01129009703301372,0.0687651715285181,True
full_o2o_20260801,2024-10-29,-0.05653035456566519,-0.011014740044198251,True
full_o2o_20260801,2024-10-30,-0.02294827964939108,-0.009919492638710524,True
full_o2o_20260801,2024-10-31,0.1815610275352024,0.2944997988438926,True
full_o2o_20260801,2024-11-01,-0.0246782716464077,-0.008451078143739573,True
full_o2o_20260801,2024-11-04,-0.10372323069990026,-0.09639104452114394,True
full_o2o_20260801,2024-11-05,0.04823551857020092,0.12437719884960195,True
full_o2o_20260801,2024-11-06,0.09636084187233934,0.17208028489815447,True
full_o2o_20260801,2024-11-07,0.01971525474170621,0.05256010550951971,True
full_o2o_20260801,2024-11-08,-0.10318259139919113,-0.09953240730075488,True
full_o2o_20260801,2024-11-11,0.02657257995027498,0.22233065834995394,True
full_o2o_20260801,2024-11-12,0.11208763817262686,0.17901793782116898,False
full_o2o_20260801,2024-11-13,0.08618500987967609,0.2632626264280523,False
full_o2o_20260801,2024-11-14,0.03597769434125473,0.08631580518039075,True
full_o2o_20260801,2024-11-15,0.23962231840862375,0.3449616030605054,True
full_o2o_20260801,2024-11-18,-0.0849842245717659,-0.07596743824463037,False
full_o2o_20260801,2024-11-19,-0.09023606053917632,-0.08217985067031905,True
full_o2o_20260801,2024-11-20,0.05141720137960843,0.10209980959356782,False
full_o2o_20260801,2024-11-21,-0.03872097558983307,0.03133808555994117,True
full_o2o_20260801,2024-11-22,0.13564719356218188,0.1645481213934976,True
full_o2o_20260801,2024-11-25,0.15153558936009118,0.3209332531716273,False
full_o2o_20260801,2024-11-26,-0.2666687990602339,-0.25883520838180785,True
full_o2o_20260801,2024-11-27,0.12878986622392294,0.27221113436058886,False
full_o2o_20260801,2024-11-28,-0.027292324988761676,-0.005859457529403145,False
full_o2o_20260801,2024-11-29,-0.018720216223960476,-0.009522777493884374,False
full_o2o_20260801,2024-12-02,0.04987723522838124,0.14150954637478136,False
full_o2o_20260801,2024-12-03,0.10711794233536898,0.144201326618127,False
full_o2o_20260801,2024-12-04,-0.05252134570210954,-0.049933278714864075,True
full_o2o_20260801,2024-12-05,0.22267467878870426,0.3690701618614329,False
full_o2o_20260801,2024-12-06,-0.06394143186285038,-0.044381881432971296,False
full_o2o_20260801,2024-12-09,0.00159060201529281,0.05015651154830192,False
full_o2o_20260801,2024-12-10,-0.04599760517502459,-0.0009328811623699551,False
full_o2o_20260801,2024-12-11,0.02676509979872773,0.14013808570402925,False
full_o2o_20260801,2024-12-12,-0.04325283182430759,-0.006096149300246515,True
full_o2o_20260801,2024-12-13,0.18566045507410417,0.2731196936780803,False
full_o2o_20260801,2024-12-16,0.11178875868678315,0.1843104913437276,False
full_o2o_20260801,2024-12-17,-0.06877630157008857,-0.05001984083150299,True
full_o2o_20260801,2024-12-18,-0.1456176784564059,-0.12099237275247895,False
full_o2o_20260801,2024-12-19,-0.3113265999192428,-0.3121055852883133,False
full_o2o_20260801,2024-12-20,0.08093960220156904,0.20262515573825934,False
full_o2o_20260801,2024-12-23,0.050553496274831675,0.05694134668142279,False
full_o2o_20260801,2024-12-24,0.04640284801636635,0.13281066979393308,False
full_o2o_20260801,2024-12-25,-0.22004188460399834,-0.21802459273067487,False
full_o2o_20260801,2024-12-26,0.17823989534141157,0.36192624567724646,False
full_o2o_20260801,2024-12-27,0.027031254669878584,0.06129787055903412,False
full_o2o_20260812,2024-01-02,0.1267646506525889,0.15985861888413902,False
full_o2o_20260812,2024-01-03,0.07249656037291272,0.1119267332345551,False
full_o2o_20260812,2024-01-04,0.18287479011995442,0.27963960543479477,False
full_o2o_20260812,2024-01-05,0.026092090323164778,0.04367544929184809,False
full_o2o_20260812,2024-01-08,0.08327031235788417,0.1137467353819889,False
full_o2o_20260812,2024-01-09,0.03790913307945975,0.04233394700477029,False
full_o2o_20260812,2024-01-10,-0.22649642645349366,-0.20011462690374207,False
full_o2o_20260812,2024-01-11,0.2338059582193896,0.26275494362189383,False
full_o2o_20260812,2024-01-12,0.012620963273902079,0.040782484229890434,False
full_o2o_20260812,2024-01-15,0.020439919751899537,0.042006274005083805,False
full_o2o_20260812,2024-01-16,0.11080276284615444,0.22147690134107284,False
full_o2o_20260812,2024-01-17,-0.10205321392851319,-0.10337300096939366,False
full_o2o_20260812,2024-01-18,0.1522364088749061,0.24676850711476792,False
full_o2o_20260812,2024-01-19,0.09093580884094928,0.0980422053566898,False
full_o2o_20260812,2024-01-22,-0.018085628371586095,0.00015602986272076271,False
full_o2o_20260812,2024-01-23,0.12411673593379521,0.2054981564709986,False
full_o2o_20260812,2024-01-24,0.07418816312771467,0.13274075967766968,False
full_o2o_20260812,2024-01-25,0.16233141673750948,0.3130440800879109,False
full_o2o_20260812,2024-01-26,0.19853312369703643,0.22518833954572967,False
full_o2o_20260812,2024-01-29,0.06481866751542358,0.08362170154387227,False
full_o2o_20260812,2024-01-30,0.09557082024905848,0.15149445212417906,False
full_o2o_20260812,2024-01-31,-0.06721552671299405,-0.058726803301623706,False
full_o2o_20260812,2024-02-01,-0.038603837931675225,0.057398628215360896,True
full_o2o_20260812,2024-02-02,0.08865332130676815,0.12965484607801508,True
full_o2o_20260812,2024-02-05,0.10707040328846072,0.11113106280665752,True
full_o2o_20260812,2024-02-06,0.019873490550984498,0.03914736741832714,True
full_o2o_20260812,2024-02-07,-0.02416212164458928,-0.026459357223682676,True
full_o2o_20260812,2024-02-08,-0.17615972496009794,-0.14509184999484934,False
full_o2o_20260812,2024-02-19,-0.06962699294103306,-0.04055109621994546,False
full_o2o_20260812,2024-02-20,-0.11179058426148507,-0.0952000830305628,False
full_o2o_20260812,2024-02-21,-0.14042317448498995,-0.135746710357674,False
full_o2o_20260812,2024-02-22,-0.039058059945515554,-0.033189904329407945,False
full_o2o_20260812,2024-02-23,-0.02016929266579097,0.002991620504581748,False
full_o2o_20260812,2024-02-26,-0.17545106940621666,-0.1740313716269801,False
full_o2o_20260812,2024-02-27,0.056446178226727164,0.26152346590337067,True
full_o2o_20260812,2024-02-28,0.07941597106556801,0.09162522015011973,True
full_o2o_20260812,2024-02-29,-0.10261007524725631,-0.08266633373011685,False
full_o2o_20260812,2024-03-01,-0.03781406030514032,0.009230053743551127,False
full_o2o_20260812,2024-03-04,-0.01703326506473955,0.15838430052886696,False
full_o2o_20260812,2024-03-05,0.007877723372050194,0.06845499196711412,False
full_o2o_20260812,2024-03-06,0.02957053090183284,0.1582482834737916,False
full_o2o_20260812,2024-03-07,0.056826843369285986,0.07035688897718555,False
full_o2o_20260812,2024-03-08,-0.02368666982888787,-0.022177360544792107,False
full_o2o_20260812,2024-03-11,-0.013039410389220851,0.006646345689257779,False
full_o2o_20260812,2024-03-12,0.012836610164808604,0.02266264808055923,False
full_o2o_20260812,2024-03-13,0.07990182088098997,0.21038197748760645,False
full_o2o_20260812,2024-03-14,0.06772741657087542,0.0839683168912289,False
full_o2o_20260812,2024-03-15,-0.037379843348498525,-0.027187068526724333,False
full_o2o_20260812,2024-03-18,0.06037324680905176,0.10768472206205537,False
full_o2o_20260812,2024-03-19,-0.062263872633536964,-0.05277399900402264,False
full_o2o_20260812,2024-03-20,0.02655952881396328,0.13040077166410344,False
full_o2o_20260812,2024-03-21,-0.07850654113176887,-0.0520017715866495,True
full_o2o_20260812,2024-03-22,0.1492409009009263,0.2594018930380536,False
full_o2o_20260812,2024-03-25,0.019839593541155255,0.029930050610034366,False
full_o2o_20260812,2024-03-26,0.09032309502023526,0.24388091750059135,False
full_o2o_20260812,2024-03-27,-0.12119770337308823,-0.0972704732625357,False
full_o2o_20260812,2024-03-28,0.07039926316044834,0.12133650059445705,False
full_o2o_20260812,2024-03-29,0.09477039178952716,0.12702263023622265,False
full_o2o_20260812,2024-04-01,0.18589609043397243,0.34101135022660034,True
full_o2o_20260812,2024-04-02,0.11911214764061312,0.1864059674875467,False
full_o2o_20260812,2024-04-03,-0.03267844089356561,0.08106380526633923,False
full_o2o_20260812,2024-04-08,0.1282933285717435,0.16308333955161305,False
full_o2o_20260812,2024-04-09,0.12418629454084835,0.2042483921258797,False
full_o2o_20260812,2024-04-10,-0.008374135700087666,0.05258611860848307,False
full_o2o_20260812,2024-04-11,0.1272053012388081,0.16786557563529805,False
full_o2o_20260812,2024-04-12,0.005146111183971616,0.03392790546514236,True
full_o2o_20260812,2024-04-15,-0.06305447534629798,-0.03520748170506971,True
full_o2o_20260812,2024-04-16,-0.12730205689946708,-0.10612704048051395,True
full_o2o_20260812,2024-04-17,-0.08403736261896927,-0.02959765142607751,False
full_o2o_20260812,2024-04-18,0.06466242793805738,0.1137287314135874,True
full_o2o_20260812,2024-04-19,0.07363282338264371,0.10759155982373327,True
full_o2o_20260812,2024-04-22,-0.01924405561522138,-0.00856741267977132,False
full_o2o_20260812,2024-04-23,0.0042451710732956125,0.004571166387513137,True
full_o2o_20260812,2024-04-24,0.03215002789078449,0.05803605791879358,False
full_o2o_20260812,2024-04-25,-0.025057899835391872,-0.005902790183330083,True
full_o2o_20260812,2024-04-26,0.04155208622326905,0.06806737003753424,True
full_o2o_20260812,2024-04-29,0.058128668228337246,0.13886396023403955,True
full_o2o_20260812,2024-04-30,-0.030951081340771906,-0.005279604415335613,False
full_o2o_20260812,2024-05-06,0.06725458809852175,0.08034251478792609,False
full_o2o_20260812,2024-05-07,0.008913645172851335,0.06554255967795615,False
full_o2o_20260812,2024-05-08,-0.022493756225351335,0.01597679701699917,False
full_o2o_20260812,2024-05-09,0.14036590034574492,0.2582527427287336,False
full_o2o_20260812,2024-05-10,0.027976187228442712,0.04923037163494925,True
full_o2o_20260812,2024-05-13,0.05373320147835874,0.08318899698240088,False
full_o2o_20260812,2024-05-14,0.06664716057471551,0.12057406552393213,False
full_o2o_20260812,2024-05-15,0.03451277226893703,0.05770826471319908,True
full_o2o_20260812,2024-05-16,0.025222760310406975,0.036164250863847065,False
full_o2o_20260812,2024-05-17,-0.03844576378728042,0.018120292652542197,False
full_o2o_20260812,2024-05-20,0.08501238113098693,0.12362959238880271,False
full_o2o_20260812,2024-05-21,0.06549202601120849,0.08721857676415452,False
full_o2o_20260812,2024-05-22,0.05655586222842796,0.11831188248938179,False
full_o2o_20260812,2024-05-23,0.17343173238537374,0.2265507023733731,False
full_o2o_20260812,2024-05-24,0.06212742644055218,0.0816630748919034,False
full_o2o_20260812,2024-05-27,-0.021167403454203634,-0.009675825907405487,False
full_o2o_20260812,2024-05-28,0.006876670256608991,0.021789367698127032,False
full_o2o_20260812,2024-05-29,0.07581051292251877,0.1273930839484108,False
full_o2o_20260812,2024-05-30,0.06797899042799944,0.06910471072113684,False
full_o2o_20260812,2024-05-31,-0.13842883184589308,-0.10743390523538389,False
full_o2o_20260812,2024-06-03,-0.03830852719177923,0.06556150532265884,False
full_o2o_20260812,2024-06-04,-0.0361443707568217,-0.024710376160164686,False
full_o2o_20260812,2024-06-05,0.04549758349864854,0.088510161077068,False
full_o2o_20260812,2024-06-06,0.23704640774286556,0.30138080184967025,False
full_o2o_20260812,2024-06-07,-0.21739845719043968,-0.21507841460787155,False
full_o2o_20260812,2024-06-11,-0.08858822457498224,-0.07396177712621835,False
full_o2o_20260812,2024-06-12,-0.0357205998256543,-0.025421643662861097,True
full_o2o_20260812,2024-06-13,-0.006412504250779004,0.05162555844382624,False
full_o2o_20260812,2024-06-14,-0.06421117901362644,-0.05510998403745068,False
full_o2o_20260812,2024-06-17,-0.05860564985728199,-0.01962238998894705,False
full_o2o_20260812,2024-06-18,0.024157781608572806,0.06975574602924464,False
full_o2o_20260812,2024-06-19,0.1536967111598731,0.16184713290364958,False
full_o2o_20260812,2024-06-20,0.07418276520546685,0.08186773008423005,False
full_o2o_20260812,2024-06-21,0.02611101362882109,0.08615519293668145,False
full_o2o_20260812,2024-06-24,0.21299794488282325,0.24020012230776944,False
full_o2o_20260812,2024-06-25,0.06262491206733406,0.07046539111554874,False
full_o2o_20260812,2024-06-26,-0.02558495011034668,0.008338080367677837,False
full_o2o_20260812,2024-06-27,-0.046863320902794194,-0.030063910803037053,False
full_o2o_20260812,2024-06-28,0.06266144683931173,0.13265749891949166,False
full_o2o_20260812,2024-07-01,0.09948417102596446,0.14101835493728182,False
full_o2o_20260812,2024-07-02,0.06512814238623316,0.09456976873158127,False
full_o2o_20260812,2024-07-03,0.11724472389033143,0.1575187919902746,False
full_o2o_20260812,2024-07-04,0.06355255173215424,0.08607758687770552,False
full_o2o_20260812,2024-07-05,0.05500899955000412,0.09422255071655124,False
full_o2o_20260812,2024-07-08,-0.12050893053345767,-0.11611675070962868,True
full_o2o_20260812,2024-07-09,-0.1677628029587651,-0.16462371231699804,False
full_o2o_20260812,2024-07-10,0.10361034866659347,0.12579293051124796,False
full_o2o_20260812,2024-07-11,0.02824562633565663,0.055993614781361715,False
full_o2o_20260812,2024-07-12,-0.013406477133997197,0.07987678822382868,False
full_o2o_20260812,2024-07-15,-0.16753655023001077,-0.1737062247503882,False
full_o2o_20260812,2024-07-16,0.1726218900186345,0.27211847093983554,False
full_o2o_20260812,2024-07-17,0.09255182787735358,0.09634107309260792,False
full_o2o_20260812,2024-07-18,-0.07650363174290928,-0.06378741771049885,True
full_o2o_20260812,2024-07-19,-0.08685150809440115,-0.07035762386484645,False
full_o2o_20260812,2024-07-22,0.046055632401338295,0.15700168584069632,False
full_o2o_20260812,2024-07-23,0.09650208385367891,0.1272188443421668,False
full_o2o_20260812,2024-07-24,0.054961010655717936,0.0735864700664342,False
full_o2o_20260812,2024-07-25,0.02917100970428535,0.046362733053255174,False
full_o2o_20260812,2024-07-26,-0.016285037908856038,0.0503686306961616,False
full_o2o_20260812,2024-07-29,0.03548975164042804,0.043232014343649115,False
full_o2o_20260812,2024-07-30,-0.0496879475896297,-0.03516525560151302,False
full_o2o_20260812,2024-07-31,0.008649231327618261,0.10073216108361582,False
full_o2o_20260812,2024-08-01,0.09955293611940208,0.1515513729541115,False
full_o2o_20260812,2024-08-02,0.047555091069700246,0.07491660895726224,False
full_o2o_20260812,2024-08-05,0.04063969663231214,0.058398824765928455,False
full_o2o_20260812,2024-08-06,0.04776146704419171,0.08693066050296715,False
full_o2o_20260812,2024-08-07,0.15810219656091198,0.2171256654545798,False
full_o2o_20260812,2024-08-08,0.20573024568418963,0.2593533789140597,False
full_o2o_20260812,2024-08-09,0.051108169693995655,0.08466729695582978,False
full_o2o_20260812,2024-08-12,0.038343807352231245,0.0521615680846863,False
full_o2o_20260812,2024-08-13,0.01584899696658386,0.11315807604386104,False
full_o2o_20260812,2024-08-14,-0.04702842925261179,-0.02303237618845257,False
full_o2o_20260812,2024-08-15,-0.0027153445233830415,0.023199776160029644,False
full_o2o_20260812,2024-08-16,0.06865312372570712,0.1449921550095815,False
full_o2o_20260812,2024-08-19,0.03805773484497072,0.12032031547938897,False
full_o2o_20260812,2024-08-20,-0.007225430699617748,0.004429328885096884,False
full_o2o_20260812,2024-08-21,0.12694301303911643,0.20287360295479426,False
full_o2o_20260812,2024-08-22,-0.06392606173000932,-0.03581633745551424,False
full_o2o_20260812,2024-08-23,0.06247066842609959,0.13668067122979038,False
full_o2o_20260812,2024-08-26,0.15714579748979496,0.20915155197575874,False
full_o2o_20260812,2024-08-27,0.0029863576885818654,0.025830356793519315,False
full_o2o_20260812,2024-08-28,-0.061036403460943515,-0.04557495746683669,False
full_o2o_20260812,2024-08-29,-0.19331482610596487,-0.1994322767580891,False
full_o2o_20260812,2024-08-30,0.038245097356396925,0.14326402494162555,False
full_o2o_20260812,2024-09-02,-0.02034126642002828,-0.013579659631293674,False
full_o2o_20260812,2024-09-03,-0.1536403248866268,-0.14450232007786035,False
full_o2o_20260812,2024-09-04,0.030618888042337394,0.0764626528627724,False
full_o2o_20260812,2024-09-05,0.0669604054767313,0.15476208004787587,False
full_o2o_20260812,2024-09-06,-0.07181830993746792,-0.06361934230658409,False
full_o2o_20260812,2024-09-09,-0.05828069258374499,-0.05409194686746259,False
full_o2o_20260812,2024-09-10,-0.16000301896643643,-0.15923888453521917,False
full_o2o_20260812,2024-09-11,0.12773775893150466,0.15160162900233395,False
full_o2o_20260812,2024-09-12,0.12972756912170874,0.18970352454942027,False
full_o2o_20260812,2024-09-13,0.014342219557313038,0.03189928706347052,False
full_o2o_20260812,2024-09-18,0.07350091948930058,0.1617756947666333,False
full_o2o_20260812,2024-09-19,0.013591360381280672,0.057189998803148165,False
full_o2o_20260812,2024-09-20,-0.04089915407680239,-0.015069549670013642,False
full_o2o_20260812,2024-09-23,0.06455138566297333,0.07795923270211731,True
full_o2o_20260812,2024-09-24,0.06646522977942303,0.14467198498204387,False
full_o2o_20260812,2024-09-25,0.002642613982419611,0.03316512197984309,True
full_o2o_20260812,2024-09-26,-0.21201497525201893,-0.2121179413895817,True
full_o2o_20260812,2024-09-27,0.05406617471900821,0.06725411445678794,True
full_o2o_20260812,2024-09-30,-0.046337595135692126,-0.022122892758415922,True
full_o2o_20260812,2024-10-08,0.05350484450652322,0.098103992237577,True
full_o2o_20260812,2024-10-09,0.20020659350702102,0.31109179168191275,True
full_o2o_20260812,2024-10-10,-0.009289477748428138,0.03707884598793282,True
full_o2o_20260812,2024-10-11,-0.05727320699800915,-0.04440628971959767,True
full_o2o_20260812,2024-10-14,-0.057617598582641025,-0.009949976606566747,False
full_o2o_20260812,2024-10-15,-0.05372262964146701,-0.030285828733306826,True
full_o2o_20260812,2024-10-16,0.02973993290730238,0.052789999712906106,False
full_o2o_20260812,2024-10-17,-0.044741539133795596,-0.045991426855886364,True
full_o2o_20260812,2024-10-18,-0.20262818020260318,-0.20699554054131422,True
full_o2o_20260812,2024-10-21,0.0010769976754230668,0.12943002005893506,True
full_o2o_20260812,2024-10-22,0.09021886972549435,0.11511715158866893,True
full_o2o_20260812,2024-10-23,0.06599244909852976,0.10851415126862696,True
full_o2o_20260812,2024-10-24,0.05342381632183244,0.09121628724299491,True
full_o2o_20260812,2024-10-25,0.0004966154579240522,0.04789736588394282,True
full_o2o_20260812,2024-10-28,-0.02197447504183797,0.05167884180812103,True
full_o2o_20260812,2024-10-29,-0.062476581833012475,-0.024479776513193757,True
full_o2o_20260812,2024-10-30,-0.01345416405194505,-0.0001840543989762159,True
full_o2o_20260812,2024-10-31,0.1805060975479521,0.2834649712991488,True
full_o2o_20260812,2024-11-01,-0.02093469670084755,-0.003826740357037457,True
full_o2o_20260812,2024-11-04,-0.09975692141411782,-0.09245378628680183,True
full_o2o_20260812,2024-11-05,0.01872330888409719,0.0861348710876918,True
full_o2o_20260812,2024-11-06,0.07513184482164437,0.1425621323483087,True
full_o2o_20260812,2024-11-07,-0.014072034862671058,0.017628988889767754,True
full_o2o_20260812,2024-11-08,-0.077035181291011,-0.07300468822354372,True
full_o2o_20260812,2024-11-11,0.025443409586984995,0.195806510858727,True
full_o2o_20260812,2024-11-12,0.10364706625688211,0.16335912039668116,False
full_o2o_20260812,2024-11-13,0.10549892431678122,0.2742454714251694,False
full_o2o_20260812,2024-11-14,0.0385462696829288,0.07037331714204292,True
full_o2o_20260812,2024-11-15,0.19210178233626865,0.2645166834107657,True
full_o2o_20260812,2024-11-18,-0.03860411149812527,-0.030229255912393418,False
full_o2o_20260812,2024-11-19,-0.1112492969603268,-0.10394896131658307,True
full_o2o_20260812,2024-11-20,0.041447712347872534,0.0874108441784644,False
full_o2o_20260812,2024-11-21,-0.04903904295950006,0.012721212483922975,True
full_o2o_20260812,2024-11-22,0.12314438080126427,0.14279478605637766,True
full_o2o_20260812,2024-11-25,0.15347255264983814,0.31470075596225994,False
full_o2o_20260812,2024-11-26,-0.23220811316970197,-0.22590432900101431,True
full_o2o_20260812,2024-11-27,0.12146517214388745,0.25838280442290174,False
full_o2o_20260812,2024-11-28,-0.03197776977756893,-0.011089989215465921,False
full_o2o_20260812,2024-11-29,-0.02843929740761968,-0.020477052183176674,False
full_o2o_20260812,2024-12-02,0.051489412102611806,0.1333496506603206,False
full_o2o_20260812,2024-12-03,0.07163284817547722,0.11205165505052586,False
full_o2o_20260812,2024-12-04,-0.08554657586557728,-0.08217973436562935,True
full_o2o_20260812,2024-12-05,0.19922387851887724,0.33786661862102535,False
full_o2o_20260812,2024-12-06,-0.059828868341598986,-0.04138493049125042,False
full_o2o_20260812,2024-12-09,0.0005125267892913303,0.04735422692551637,False
full_o2o_20260812,2024-12-10,-0.0530801771444879,-0.013577796750938268,False
full_o2o_20260812,2024-12-11,0.011532594385332828,0.1171375089070869,False
full_o2o_20260812,2024-12-12,-0.05302746030797229,-0.01737929427101123,True
full_o2o_20260812,2024-12-13,0.17914769291182475,0.2596731098296679,False
full_o2o_20260812,2024-12-16,0.11977389560310082,0.18168928415767532,False
full_o2o_20260812,2024-12-17,-0.06621851024408863,-0.04993223512363382,True
full_o2o_20260812,2024-12-18,-0.0792026584017051,-0.05539869316465838,False
full_o2o_20260812,2024-12-19,-0.22694461810632988,-0.22829713674387034,False
full_o2o_20260812,2024-12-20,0.10587948272388528,0.21753347419328217,False
full_o2o_20260812,2024-12-23,0.04551470091758315,0.05309110970297509,False
full_o2o_20260812,2024-12-24,0.05219715820965507,0.1302522353584824,False
full_o2o_20260812,2024-12-25,-0.17459077633532577,-0.17209534016557188,False
full_o2o_20260812,2024-12-26,0.15301661315731396,0.3255681912677922,False
full_o2o_20260812,2024-12-27,0.04184562446447875,0.07807071469669448,False
full_o2o_20260823,2024-01-02,0.10241200381092823,0.13313969970951472,False
full_o2o_20260823,2024-01-03,0.07186064504123717,0.11155656189728795,False
full_o2o_20260823,2024-01-04,0.18437816520757933,0.28241432011580264,False
full_o2o_20260823,2024-01-05,0.009803695538388356,0.022666824157935448,False
full_o2o_20260823,2024-01-08,0.1324953093553099,0.16183138534703942,False
full_o2o_20260823,2024-01-09,0.06700226292015171,0.07276539732671632,False
full_o2o_20260823,2024-01-10,-0.17196815453125833,-0.14421814039325384,False
full_o2o_20260823,2024-01-11,0.24744074245526143,0.2760171500443222,False
full_o2o_20260823,2024-01-12,-0.017636095044488445,0.013704160761998667,False
full_o2o_20260823,2024-01-15,0.0174086897432928,0.03907497147981182,False
full_o2o_20260823,2024-01-16,0.16944787859107452,0.28054957463127855,False
full_o2o_20260823,2024-01-17,-0.09630015323804304,-0.0903895052910681,False
full_o2o_20260823,2024-01-18,0.14004390806970213,0.23664330727012975,False
full_o2o_20260823,2024-01-19,0.08612196057478683,0.09636010396869854,False
full_o2o_20260823,2024-01-22,-0.010272406911730037,0.009292606272286978,False
full_o2o_20260823,2024-01-23,0.09133845837376162,0.1705525452313476,False
full_o2o_20260823,2024-01-24,0.09905885428616812,0.1587843596629782,False
full_o2o_20260823,2024-01-25,0.11804140472546938,0.2692828940677666,False
full_o2o_20260823,2024-01-26,0.21609482664755472,0.2438631219959136,False
full_o2o_20260823,2024-01-29,0.07813650750228121,0.09967778899897725,False
full_o2o_20260823,2024-01-30,0.09020879763450336,0.13659114394823157,False
full_o2o_20260823,2024-01-31,-0.08455736798127625,-0.07578931364857111,False
full_o2o_20260823,2024-02-01,-0.030596593345632292,0.06961480220639334,True
full_o2o_20260823,2024-02-02,0.11829480822866863,0.1662041909675211,True
full_o2o_20260823,2024-02-05,0.1172458389512644,0.11894203310913223,True
full_o2o_20260823,2024-02-06,0.05160067064132163,0.07288670200056002,True
full_o2o_20260823,2024-02-07,0.01816174024150887,0.015082199452822475,True
full_o2o_20260823,2024-02-08,-0.14877645850565632,-0.1188947225818407,False
full_o2o_20260823,2024-02-19,-0.040960041252224993,-0.013189370113790505,False
full_o2o_20260823,2024-02-20,-0.138579997750255,-0.12252096231473479,False
full_o2o_20260823,2024-02-21,-0.14159359708090472,-0.13662865253056236,False
full_o2o_20260823,2024-02-22,-0.0444081511878996,-0.037855898311130794,False
full_o2o_20260823,2024-02-23,-0.016016884002357054,0.007317115397638333,False
full_o2o_20260823,2024-02-26,-0.18753286186244184,-0.18687999243137277,False
full_o2o_20260823,2024-02-27,0.026792704991273977,0.22731493487331558,True
full_o2o_20260823,2024-02-28,0.06752504793707871,0.07612670612429386,True
full_o2o_20260823,2024-02-29,-0.055910482876915364,-0.03562654039927035,False
full_o2o_20260823,2024-03-01,-0.05762171384693896,-0.009346884627641707,False
full_o2o_20260823,2024-03-04,-0.02234128957841739,0.14515181088374393,False
full_o2o_20260823,2024-03-05,0.02448522350774988,0.08868541584575665,False
full_o2o_20260823,2024-03-06,0.03620639303246598,0.1594899811818926,False
full_o2o_20260823,2024-03-07,0.059903183019401306,0.07333460436056519,False
full_o2o_20260823,2024-03-08,-0.03526669315397368,-0.033111162699416184,False
full_o2o_20260823,2024-03-11,-0.06609896794068676,-0.04738193979884807,False
full_o2o_20260823,2024-03-12,0.04947888580892935,0.05912600485254303,False
full_o2o_20260823,2024-03-13,0.054545096581213405,0.1829404951904203,False
full_o2o_20260823,2024-03-14,0.07559144208856067,0.090034999231032,False
full_o2o_20260823,2024-03-15,-0.05076097149388456,-0.04166888782749341,False
full_o2o_20260823,2024-03-18,0.049657136021764026,0.09263152399359223,False
full_o2o_20260823,2024-03-19,-0.03599694889968764,-0.024727872977043236,False
full_o2o_20260823,2024-03-20,0.02693662035105892,0.12799677376925458,False
full_o2o_20260823,2024-03-21,-0.05933893065913501,-0.03348060463848485,True
full_o2o_20260823,2024-03-22,0.11890519018415055,0.22811469857956201,False
full_o2o_20260823,2024-03-25,-0.010551902318931486,0.0007097292249926704,False
full_o2o_20260823,2024-03-26,0.0949573616705007,0.23350315799081792,False
full_o2o_20260823,2024-03-27,-0.17011383655491974,-0.1472556895649266,False
full_o2o_20260823,2024-03-28,0.07269267744739065,0.12446943469004335,False
full_o2o_20260823,2024-03-29,0.10639341063061705,0.13785084375517767,False
full_o2o_20260823,2024-04-01,0.19015810434649283,0.33492106657363124,True
full_o2o_20260823,2024-04-02,0.13404832668642425,0.20233926658497559,False
full_o2o_20260823,2024-04-03,-0.025404909331242186,0.07800773219490516,False
full_o2o_20260823,2024-04-08,0.13773414629400332,0.1704243626869545,False
full_o2o_20260823,2024-04-09,0.1366743456766555,0.2125166199091651,False
full_o2o_20260823,2024-04-10,-0.015992103653309313,0.04488848612566707,False
full_o2o_20260823,2024-04-11,0.14591504838418307,0.18680838631174498,False
full_o2o_20260823,2024-04-12,0.008400400466899237,0.035502671342837556,True
full_o2o_20260823,2024-04-15,-0.01627074251740687,0.010619323390967158,True
full_o2o_20260823,2024-04-16,-0.13040693318169352,-0.10842234699745316,True
full_o2o_20260823,2024-04-17,-0.07458460416995752,-0.021618556233835032,False
full_o2o_20260823,2024-04-18,0.04424093337133405,0.09335636188907373,True
full_o2o_20260823,2024-04-19,0.04033614172942551,0.0742771463758445,True
full_o2o_20260823,2024-04-22,0.040936778095002645,0.050411749652569275,False
full_o2o_20260823,2024-04-23,0.02412194903701814,0.02523528589097841,True
full_o2o_20260823,2024-04-24,0.03910585786460265,0.06420881054301461,False
full_o2o_20260823,2024-04-25,-0.033323611707425926,-0.014945622083365832,True
full_o2o_20260823,2024-04-26,0.02486874520423714,0.051935589524948304,True
full_o2o_20260823,2024-04-29,0.07567056138446626,0.15345523841269945,True
full_o2o_20260823,2024-04-30,-0.001291677402109552,0.025169103778222714,False
full_o2o_20260823,2024-05-06,0.08518230412464614,0.09944163644296568,False
full_o2o_20260823,2024-05-07,0.005353110053220129,0.06606064364602687,False
full_o2o_20260823,2024-05-08,-0.006407068447876033,0.031812301683070074,False
full_o2o_20260823,2024-05-09,0.12739548694600836,0.24650165003185673,False
full_o2o_20260823,2024-05-10,0.02734362617613125,0.049039679536354255,True
full_o2o_20260823,2024-05-13,0.033593708851092814,0.0671107203664527,False
full_o2o_20260823,2024-05-14,0.07531320435467884,0.12878919799385533,False
full_o2o_20260823,2024-05-15,0.027004982360225218,0.05137351160834305,True
full_o2o_20260823,2024-05-16,0.027563001597063968,0.037826080816706395,False
full_o2o_20260823,2024-05-17,-0.05319688885995767,0.00820225572097613,False
full_o2o_20260823,2024-05-20,0.0847244505935154,0.12254268562721753,False
full_o2o_20260823,2024-05-21,0.04298958108158279,0.06294613779105168,False
full_o2o_20260823,2024-05-22,0.03552173110131912,0.09806221670830612,False
full_o2o_20260823,2024-05-23,0.1676680802229658,0.2218027190434308,False
full_o2o_20260823,2024-05-24,0.0804151061302231,0.0984931533402932,False
full_o2o_20260823,2024-05-27,-0.002965978383474521,0.008053119019464336,False
full_o2o_20260823,2024-05-28,0.024882600284639872,0.040350174223842974,False
full_o2o_20260823,2024-05-29,0.029176302706476736,0.08531418623016987,False
full_o2o_20260823,2024-05-30,0.06686905970421891,0.06834660574036011,False
full_o2o_20260823,2024-05-31,-0.10905353279930388,-0.07954121068481303,False
full_o2o_20260823,2024-06-03,-0.037799910291302315,0.06714561353955793,False
full_o2o_20260823,2024-06-04,-0.017506204908768145,-0.006540112125839952,False
full_o2o_20260823,2024-06-05,0.0920170848219223,0.13816378830484255,False
full_o2o_20260823,2024-06-06,0.2380470642770353,0.2995111380001833,False
full_o2o_20260823,2024-06-07,-0.19788368223008973,-0.19526128839782028,False
full_o2o_20260823,2024-06-11,-0.0688117896582366,-0.05399563611084871,False
full_o2o_20260823,2024-06-12,0.013393196745934656,0.023234734352770594,True
full_o2o_20260823,2024-06-13,-0.03498956362484194,0.02331253679661653,False
full_o2o_20260823,2024-06-14,-0.0762081002874651,-0.06655680001347333,False
full_o2o_20260823,2024-06-17,-0.06480569785759231,-0.027403383326537176,False
full_o2o_20260823,2024-06-18,0.04892312042590352,0.09200763367776689,False
full_o2o_20260823,2024-06-19,0.1398168669230318,0.14853451864927697,False
full_o2o_20260823,2024-06-20,0.09057872931284996,0.09696647753488408,False
full_o2o_20260823,2024-06-21,0.026419560261618253,0.08228066542916075,False
full_o2o_20260823,2024-06-24,0.17932529887910909,0.2053499806841804,False
full_o2o_20260823,2024-06-25,0.05565502262488528,0.06268189576070249,False
full_o2o_20260823,2024-06-26,-0.011755779636222593,0.018399694466308195,False
full_o2o_20260823,2024-06-27,-0.0019791059652904176,0.015264049908778471,False
full_o2o_20260823,2024-06-28,0.047251360044051074,0.11769773660565547,False
full_o2o_20260823,2024-07-01,0.07777842237728758,0.12405897285116728,False
full_o2o_20260823,2024-07-02,0.026006440877626113,0.053621301827280796,False
full_o2o_20260823,2024-07-03,0.11968470289984265,0.1627260767614636,False
full_o2o_20260823,2024-07-04,0.06091190320986106,0.08542144759672941,False
full_o2o_20260823,2024-07-05,0.038258597047044464,0.0759928960598349,False
full_o2o_20260823,2024-07-08,-0.09067520811637028,-0.08408839296731087,True
full_o2o_20260823,2024-07-09,-0.1599955849220565,-0.15705693180855482,False
full_o2o_20260823,2024-07-10,0.09925782979095345,0.12103883052399386,False
full_o2o_20260823,2024-07-11,0.010764030211581139,0.0408267371346056,False
full_o2o_20260823,2024-07-12,-0.012499790120719516,0.08609891353839946,False
full_o2o_20260823,2024-07-15,-0.1536035270849701,-0.15745172500208537,False
full_o2o_20260823,2024-07-16,0.12945319937719058,0.22915005466463448,False
full_o2o_20260823,2024-07-17,0.05861489282591427,0.06303424350424301,False
full_o2o_20260823,2024-07-18,-0.09262963808885374,-0.07925310841776623,True
full_o2o_20260823,2024-07-19,-0.060877681773962626,-0.045485540451915,False
full_o2o_20260823,2024-07-22,-0.00875220989957492,0.09932282419547458,False
full_o2o_20260823,2024-07-23,0.09306016969072102,0.12716619237199953,False
full_o2o_20260823,2024-07-24,0.01599072540298926,0.03271576867551643,False
full_o2o_20260823,2024-07-25,0.05610213906610814,0.07309630888932438,False
full_o2o_20260823,2024-07-26,-0.052701503637437634,0.009290977889094125,False
full_o2o_20260823,2024-07-29,-0.023470677748261563,-0.015388866833610824,False
full_o2o_20260823,2024-07-30,-0.042854027185643774,-0.028768707967025357,False
full_o2o_20260823,2024-07-31,0.0010833382315415035,0.08594542048861244,False
full_o2o_20260823,2024-08-01,0.1123698154803833,0.16112116310596292,False
full_o2o_20260823,2024-08-02,0.052582641924605246,0.07983602683844493,False
full_o2o_20260823,2024-08-05,0.092640668944926,0.10776260726227986,False
full_o2o_20260823,2024-08-06,0.05439982557706049,0.08976483433616925,False
full_o2o_20260823,2024-08-07,0.13442428491729339,0.18662360862053667,False
full_o2o_20260823,2024-08-08,0.19241904132340468,0.23994897530077888,False
full_o2o_20260823,2024-08-09,0.073282123016313,0.09738585360088582,False
full_o2o_20260823,2024-08-12,0.027454804318223797,0.03958118551292999,False
full_o2o_20260823,2024-08-13,0.02837824619073381,0.1193667991916192,False
full_o2o_20260823,2024-08-14,-0.026791729616794227,-0.005268972735492178,False
full_o2o_20260823,2024-08-15,0.02932579846232123,0.05040339234004314,False
full_o2o_20260823,2024-08-16,0.05412803500205011,0.1355353055293473,False
full_o2o_20260823,2024-08-19,0.02509110859563006,0.10122763882950692,False
full_o2o_20260823,2024-08-20,0.017083499919061877,0.028014431554314958,False
full_o2o_20260823,2024-08-21,0.10550606799500857,0.17699623957894597,False
full_o2o_20260823,2024-08-22,-0.037257513738494105,-0.008648066928298831,False
full_o2o_20260823,2024-08-23,0.06694254663260493,0.1379356979483377,False
full_o2o_20260823,2024-08-26,0.15829864551418138,0.20779114680367014,False
full_o2o_20260823,2024-08-27,0.005584441544580669,0.02739023931894524,False
full_o2o_20260823,2024-08-28,-0.04019280832139696,-0.024257239534411737,False
full_o2o_20260823,2024-08-29,-0.19976106167505683,-0.20527137378489554,False
full_o2o_20260823,2024-08-30,0.007429605480176874,0.11550305231208056,False
full_o2o_20260823,2024-09-02,-0.020057152352241207,-0.013560308465677656,False
full_o2o_20260823,2024-09-03,-0.15387205357609385,-0.1433647670589331,False
full_o2o_20260823,2024-09-04,0.015006385090675957,0.0631755601683274,False
full_o2o_20260823,2024-09-05,0.03957725323140795,0.12458238556331598,False
full_o2o_20260823,2024-09-06,-0.0648340768952963,-0.055659938273622415,False
full_o2o_20260823,2024-09-09,-0.021733259100834748,-0.018257422870768553,False
full_o2o_20260823,2024-09-10,-0.14279925688290324,-0.14191261925504098,False
full_o2o_20260823,2024-09-11,0.11528712518154073,0.1385129371672808,False
full_o2o_20260823,2024-09-12,0.10833418681731002,0.16873948013927112,False
full_o2o_20260823,2024-09-13,0.017551690390818157,0.033810265375908526,False
full_o2o_20260823,2024-09-18,0.04434855312093818,0.1300881582128064,False
full_o2o_20260823,2024-09-19,-0.01911987511775014,0.0194273664549441,False
full_o2o_20260823,2024-09-20,-0.005269008264850921,0.0246957808078078,False
full_o2o_20260823,2024-09-23,0.06546636710628018,0.07874967037457502,True
full_o2o_20260823,2024-09-24,0.05995713168517337,0.13603044030394662,False
full_o2o_20260823,2024-09-25,-0.005546653576729157,0.02608618163372586,True
full_o2o_20260823,2024-09-26,-0.2230063738377173,-0.22381080681108118,True
full_o2o_20260823,2024-09-27,0.05906023799443154,0.07124012084170903,True
full_o2o_20260823,2024-09-30,-0.06480320660378226,-0.040671957462411985,True
full_o2o_20260823,2024-10-08,0.02819181521157803,0.07301741541780621,True
full_o2o_20260823,2024-10-09,0.123344299769776,0.24508605475626002,True
full_o2o_20260823,2024-10-10,-0.002244429045690358,0.04363061333763688,True
full_o2o_20260823,2024-10-11,-0.10907612114450546,-0.0932204891866398,True
full_o2o_20260823,2024-10-14,-0.060897368416585704,-0.014689277950298018,False
full_o2o_20260823,2024-10-15,0.0035582924549822665,0.02402459715087017,True
full_o2o_20260823,2024-10-16,0.05524353430817277,0.08013091333372598,False
full_o2o_20260823,2024-10-17,-0.04774137853531525,-0.04921953034040436,True
full_o2o_20260823,2024-10-18,-0.2024507520554214,-0.20666283085088244,True
full_o2o_20260823,2024-10-21,0.011734920381096164,0.13832738784351614,True
full_o2o_20260823,2024-10-22,0.07835522116116918,0.10268191626545796,True
full_o2o_20260823,2024-10-23,0.03120771222736655,0.07815764101431329,True
full_o2o_20260823,2024-10-24,0.054810773342621154,0.0932837939855361,True
full_o2o_20260823,2024-10-25,-0.01760975568710325,0.027188160724771815,True
full_o2o_20260823,2024-10-28,-0.029264550062643314,0.043500820856306396,True
full_o2o_20260823,2024-10-29,-0.05384254818756018,-0.01580165430317281,True
full_o2o_20260823,2024-10-30,-0.025826711004945248,-0.012587780560562204,True
full_o2o_20260823,2024-10-31,0.17995706071527942,0.2862238829268634,True
full_o2o_20260823,2024-11-01,-0.06458201636429726,-0.04798490889393561,True
full_o2o_20260823,2024-11-04,-0.07443842650466008,-0.06825443082922489,True
full_o2o_20260823,2024-11-05,0.00484926939458552,0.07305848615006481,True
full_o2o_20260823,2024-11-06,0.05282629360745892,0.12499820650840467,True
full_o2o_20260823,2024-11-07,-0.02939520381233815,0.0037776533974971174,True
full_o2o_20260823,2024-11-08,-0.04504433731977642,-0.041452122795093395,True
full_o2o_20260823,2024-11-11,-0.034871778930163855,0.12565482251222135,True
full_o2o_20260823,2024-11-12,0.0697023122034875,0.1325725310005793,False
full_o2o_20260823,2024-11-13,0.09671874146497807,0.2606426964451921,False
full_o2o_20260823,2024-11-14,0.09181480067323097,0.13541327937947503,True
full_o2o_20260823,2024-11-15,0.20756008788160785,0.270905785307397,True
full_o2o_20260823,2024-11-18,-0.06032986634163792,-0.051538738879984655,False
full_o2o_20260823,2024-11-19,-0.12156468236387998,-0.11333941646065965,True
full_o2o_20260823,2024-11-20,0.059140404656740454,0.10376958357771318,False
full_o2o_20260823,2024-11-21,-0.03712899593353532,0.027314033426302464,True
full_o2o_20260823,2024-11-22,0.08911740090146565,0.11214034103549894,True
full_o2o_20260823,2024-11-25,0.12614706312650956,0.2968401808268148,False
full_o2o_20260823,2024-11-26,-0.24068867975960637,-0.23355983835451186,True
full_o2o_20260823,2024-11-27,0.131299105898401,0.2639916986860971,False
full_o2o_20260823,2024-11-28,-0.021937820939644657,-0.0018481042750164067,False
full_o2o_20260823,2024-11-29,-0.017755818414251414,-0.009285321934453968,False
full_o2o_20260823,2024-12-02,0.04587623002109765,0.1268848468362697,False
full_o2o_20260823,2024-12-03,0.11328565490224327,0.14939522363167645,False
full_o2o_20260823,2024-12-04,-0.04317954970848988,-0.039946169851474554,True
full_o2o_20260823,2024-12-05,0.17657017494702154,0.3190489837064546,False
full_o2o_20260823,2024-12-06,-0.03934064350327771,-0.01995533113925164,False
full_o2o_20260823,2024-12-09,0.0049941248219748414,0.05115672988009644,False
full_o2o_20260823,2024-12-10,-0.04044681300343258,0.0001935572446563637,False
full_o2o_20260823,2024-12-11,0.0017532606805234737,0.10967046670912001,False
full_o2o_20260823,2024-12-12,-0.04941428486484617,-0.016840199866988544,True
full_o2o_20260823,2024-12-13,0.13327940387909162,0.21861615226236825,False
full_o2o_20260823,2024-12-16,0.08359211976271143,0.14573497958309692,False
full_o2o_20260823,2024-12-17,-0.059019522564144285,-0.03998827115259165,True
full_o2o_20260823,2024-12-18,-0.04855817743293417,-0.02437761700624821,False
full_o2o_20260823,2024-12-19,-0.25809460421231656,-0.2588817711047521,False
full_o2o_20260823,2024-12-20,0.07172410288271114,0.17884238743395497,False
full_o2o_20260823,2024-12-23,0.050351965950139986,0.058148035836897975,False
full_o2o_20260823,2024-12-24,0.04094433589378186,0.11118742329632428,False
full_o2o_20260823,2024-12-25,-0.16580830897894697,-0.162308360438464,False
full_o2o_20260823,2024-12-26,0.12381197027913678,0.29137514534449876,False
full_o2o_20260823,2024-12-27,0.07029611702120898,0.10571959340261676,False
full_o2o_20260904,2024-01-02,0.11480377803463708,0.1478969611462169,False
full_o2o_20260904,2024-01-03,0.08955418879844944,0.1313728032247717,False
full_o2o_20260904,2024-01-04,0.19903916292770815,0.3020695840479874,False
full_o2o_20260904,2024-01-05,0.04275158375198145,0.06183512011683167,False
full_o2o_20260904,2024-01-08,0.1139556202642413,0.14514180056540982,False
full_o2o_20260904,2024-01-09,0.06837075017361355,0.0750273362245054,False
full_o2o_20260904,2024-01-10,-0.2485214833599354,-0.21606350063739166,False
full_o2o_20260904,2024-01-11,0.2453610672260303,0.2754493738336746,False
full_o2o_20260904,2024-01-12,0.01728998985038909,0.046740136223442925,False
full_o2o_20260904,2024-01-15,0.014363228578813237,0.04116661772241526,False
full_o2o_20260904,2024-01-16,0.15900108609442343,0.27662297485644033,False
full_o2o_20260904,2024-01-17,-0.23231359102256524,-0.23582196287249624,False
full_o2o_20260904,2024-01-18,0.14643269425103694,0.24047278638974756,False
full_o2o_20260904,2024-01-19,0.09777600133157906,0.10466030007012331,False
full_o2o_20260904,2024-01-22,-0.046430584453408225,-0.03138861124895274,False
full_o2o_20260904,2024-01-23,0.17042592275096646,0.2526722520208379,False
full_o2o_20260904,2024-01-24,0.08825446378986063,0.146927058768308,False
full_o2o_20260904,2024-01-25,0.2023959817207063,0.3530151124472877,False
full_o2o_20260904,2024-01-26,0.19913098772764432,0.2270068001263976,False
full_o2o_20260904,2024-01-29,0.08773663200379635,0.11132633904272635,False
full_o2o_20260904,2024-01-30,0.11869334046758538,0.17587773103312493,False
full_o2o_20260904,2024-01-31,-0.14432789767593165,-0.13591244940420324,False
full_o2o_20260904,2024-02-01,-0.03208177495719393,0.09224529982448439,True
full_o2o_20260904,2024-02-02,0.07928258349961075,0.1371593233351662,True
full_o2o_20260904,2024-02-05,0.12183007299321594,0.12417451070163217,True
full_o2o_20260904,2024-02-06,0.04768239255930135,0.06978774177088376,True
full_o2o_20260904,2024-02-07,-0.05266106314173659,-0.055323938435713406,True
full_o2o_20260904,2024-02-08,-0.13538888059672077,-0.09901716141617012,False
full_o2o_20260904,2024-02-19,-0.07208458868241474,-0.0394751377913815,False
full_o2o_20260904,2024-02-20,-0.08818482840740771,-0.07167210037852048,False
full_o2o_20260904,2024-02-21,-0.18082911841156532,-0.1760322470564382,False
full_o2o_20260904,2024-02-22,-0.08079078262966706,-0.07477358055622273,False
full_o2o_20260904,2024-02-23,-0.04659435518550396,-0.023665053496974328,False
full_o2o_20260904,2024-02-26,-0.2296661683650405,-0.22841220345397956,False
full_o2o_20260904,2024-02-27,0.038865202623486785,0.2650635948961241,True
full_o2o_20260904,2024-02-28,-0.05504027878240899,-0.04079075725546644,True
full_o2o_20260904,2024-02-29,-0.10166475636395772,-0.08130037608060205,False
full_o2o_20260904,2024-03-01,-0.05644988199785531,-0.0032228919963861683,False
full_o2o_20260904,2024-03-04,-0.008306783745123955,0.1714712463365855,False
full_o2o_20260904,2024-03-05,0.010482364623937198,0.08006134001411164,False
full_o2o_20260904,2024-03-06,0.046708910556985915,0.18317120867333622,False
full_o2o_20260904,2024-03-07,-0.027053056815898084,-0.008629020603712529,False
full_o2o_20260904,2024-03-08,-0.04596460407688194,-0.04431092943508972,False
full_o2o_20260904,2024-03-11,-0.023007141450253517,-0.003172788590725347,False
full_o2o_20260904,2024-03-12,0.028065205832801154,0.038116256030942576,False
full_o2o_20260904,2024-03-13,0.09748722235386365,0.23242706724615952,False
full_o2o_20260904,2024-03-14,0.06528854244093725,0.08131372484426114,False
full_o2o_20260904,2024-03-15,-0.045258499161465564,-0.03412538279144432,False
full_o2o_20260904,2024-03-18,0.034519264943025235,0.086311760081324,False
full_o2o_20260904,2024-03-19,-0.06746415191775397,-0.056487713752826234,False
full_o2o_20260904,2024-03-20,0.047053268791881264,0.15483097233248527,False
full_o2o_20260904,2024-03-21,-0.05107191945781377,-0.024283875026071607,True
full_o2o_20260904,2024-03-22,0.1708267234491518,0.2768335092211581,False
full_o2o_20260904,2024-03-25,0.09909573158104647,0.11039746855245816,False
full_o2o_20260904,2024-03-26,0.1253860779926403,0.27763679209746744,False
full_o2o_20260904,2024-03-27,-0.10576210177958172,-0.06950548711921972,False
full_o2o_20260904,2024-03-28,0.06271536764851919,0.11718329668983889,False
full_o2o_20260904,2024-03-29,0.08766604249185403,0.12218442723839748,False
full_o2o_20260904,2024-04-01,0.1884938026967675,0.3536699255163516,True
full_o2o_20260904,2024-04-02,0.09560998013784676,0.16874942561142742,False
full_o2o_20260904,2024-04-03,-0.04835894551432503,0.06875776774342293,False
full_o2o_20260904,2024-04-08,0.07166291287185679,0.1096650445515464,False
full_o2o_20260904,2024-04-09,0.13713681715774254,0.2271068046894209,False
full_o2o_20260904,2024-04-10,0.015808266796029487,0.07591624754190665,False
full_o2o_20260904,2024-04-11,0.14618130156374617,0.18658885928855343,False
full_o2o_20260904,2024-04-12,0.03199560967455692,0.06050910921282445,True
full_o2o_20260904,2024-04-15,0.006203545915724824,0.03579349567250184,True
full_o2o_20260904,2024-04-16,-0.09017568268733728,-0.06338101601503746,True
full_o2o_20260904,2024-04-17,-0.0603686026681274,-0.005343660946759369,False
full_o2o_20260904,2024-04-18,0.057077051974163434,0.10798343684363566,True
full_o2o_20260904,2024-04-19,0.04099873479034134,0.07563841750675816,True
full_o2o_20260904,2024-04-22,-0.036241665483291094,-0.02489404436225807,False
full_o2o_20260904,2024-04-23,0.003423225703581914,0.004329898920469609,True
full_o2o_20260904,2024-04-24,0.03434194915708154,0.0624355999705413,False
full_o2o_20260904,2024-04-25,-0.030760324938352773,-0.010127787079051535,True
full_o2o_20260904,2024-04-26,0.05019879366332253,0.07946193991460652,True
full_o2o_20260904,2024-04-29,0.04785158509184204,0.13804270013128864,True
full_o2o_20260904,2024-04-30,-0.006130613552066978,0.0217642795302041,False
full_o2o_20260904,2024-05-06,0.08007517391349499,0.0934045635563736,False
full_o2o_20260904,2024-05-07,0.06178463286472108,0.12238486089558322,False
full_o2o_20260904,2024-05-08,-0.004954926206597637,0.03492719737764588,False
full_o2o_20260904,2024-05-09,0.17238248692771044,0.29022296901067235,False
full_o2o_20260904,2024-05-10,0.004754405072629462,0.026731838902663927,True
full_o2o_20260904,2024-05-13,0.05086148160220731,0.0832741950827288,False
full_o2o_20260904,2024-05-14,0.06105982303376265,0.11597674164573409,False
full_o2o_20260904,2024-05-15,0.07645254621058992,0.09907409493662943,True
full_o2o_20260904,2024-05-16,0.018398680943797163,0.029318629717142403,False
full_o2o_20260904,2024-05-17,-0.051911613695110596,0.01120094194408195,False
full_o2o_20260904,2024-05-20,0.0943947786121275,0.13293422650413592,False
full_o2o_20260904,2024-05-21,0.043855649129652806,0.06620883043603021,False
full_o2o_20260904,2024-05-22,0.05030918648662794,0.12310323137310887,False
full_o2o_20260904,2024-05-23,0.18108395398118132,0.22941238033409153,False
full_o2o_20260904,2024-05-24,0.07473031032009914,0.09358120016211512,False
full_o2o_20260904,2024-05-27,-0.01865882240455802,-0.0072056640292713,False
full_o2o_20260904,2024-05-28,0.04120403528411456,0.055144388089013036,False
full_o2o_20260904,2024-05-29,0.05055707821033344,0.10314348969480776,False
full_o2o_20260904,2024-05-30,0.0362614331495622,0.03782972330241702,False
full_o2o_20260904,2024-05-31,-0.17755544924416397,-0.14631041624318833,False
full_o2o_20260904,2024-06-03,-0.06451907000153523,0.04468659775162143,False
full_o2o_20260904,2024-06-04,-0.06679881072221361,-0.05445154648840599,False
full_o2o_20260904,2024-06-05,0.02880324432070383,0.07466284348059837,False
full_o2o_20260904,2024-06-06,0.2696061145785974,0.33214332001872793,False
full_o2o_20260904,2024-06-07,-0.2622853438729431,-0.2591975799569348,False
full_o2o_20260904,2024-06-11,-0.061740697039554725,-0.04642006259981357,False
full_o2o_20260904,2024-06-12,-0.06405850203011246,-0.053442253833591566,True
full_o2o_20260904,2024-06-13,0.0010177710216271825,0.05997101016305308,False
full_o2o_20260904,2024-06-14,-0.07347048791655625,-0.06367350004542421,False
full_o2o_20260904,2024-06-17,0.004829196118591592,0.04577695356034681,False
full_o2o_20260904,2024-06-18,0.05006567008931456,0.09319292502196275,False
full_o2o_20260904,2024-06-19,0.13349085432251875,0.14164937054584492,False
full_o2o_20260904,2024-06-20,0.05661302274997501,0.06566463042834657,False
full_o2o_20260904,2024-06-21,0.04498579019559735,0.10318462827989688,False
full_o2o_20260904,2024-06-24,0.266203666070042,0.2932786593533497,False
full_o2o_20260904,2024-06-25,0.0773631530679672,0.08703003292592222,False
full_o2o_20260904,2024-06-26,-0.03479403251341845,0.0007057300305773295,False
full_o2o_20260904,2024-06-27,-0.0047423477821767705,0.0088920863711142,False
full_o2o_20260904,2024-06-28,0.11651860834518156,0.19243412009726701,False
full_o2o_20260904,2024-07-01,0.11646261751671377,0.16329707075045166,False
full_o2o_20260904,2024-07-02,0.07201126681335628,0.10366368606850163,False
full_o2o_20260904,2024-07-03,0.1134633811286188,0.15624285545385475,False
full_o2o_20260904,2024-07-04,0.043688888097048746,0.07151877741292945,False
full_o2o_20260904,2024-07-05,0.05429351494281075,0.09512565296226473,False
full_o2o_20260904,2024-07-08,-0.08480840248893308,-0.08029180651472134,True
full_o2o_20260904,2024-07-09,-0.18353775249023266,-0.18076885655107158,False
full_o2o_20260904,2024-07-10,0.10935837797548509,0.13151191720869104,False
full_o2o_20260904,2024-07-11,0.054046009799737116,0.08351800080449903,False
full_o2o_20260904,2024-07-12,-0.009469849449605177,0.08974570994687892,False
full_o2o_20260904,2024-07-15,-0.16407787058135298,-0.17032969911386056,False
full_o2o_20260904,2024-07-16,0.15706823861830707,0.2604517432341394,False
full_o2o_20260904,2024-07-17,-0.00528124416162593,-0.0027153907787615967,False
full_o2o_20260904,2024-07-18,-0.1313170297840409,-0.11818928567536131,True
full_o2o_20260904,2024-07-19,-0.11887149076902613,-0.10290829448718739,False
full_o2o_20260904,2024-07-22,0.09025844832135291,0.2013622805847582,False
full_o2o_20260904,2024-07-23,0.1079749651212312,0.13823263184628437,False
full_o2o_20260904,2024-07-24,0.09015854203965727,0.11076265140952848,False
full_o2o_20260904,2024-07-25,0.05577136408463177,0.07458505166988581,False
full_o2o_20260904,2024-07-26,-0.003105063014183094,0.06587733906855663,False
full_o2o_20260904,2024-07-29,0.06732403347758423,0.07408553426207339,False
full_o2o_20260904,2024-07-30,-0.04774003828608643,-0.03237256374313296,False
full_o2o_20260904,2024-07-31,0.012511178985093565,0.10838398283107158,False
full_o2o_20260904,2024-08-01,0.1355201345301973,0.1898383683755535,False
full_o2o_20260904,2024-08-02,0.10344268332840427,0.1382323830696255,False
full_o2o_20260904,2024-08-05,0.03610631817294734,0.05624907185135875,False
full_o2o_20260904,2024-08-06,0.06216094495452121,0.10355594443915944,False
full_o2o_20260904,2024-08-07,0.13571747150906452,0.1950615191790552,False
full_o2o_20260904,2024-08-08,0.2413411402151233,0.2940801431882091,False
full_o2o_20260904,2024-08-09,0.052274739766862956,0.08790476439999291,False
full_o2o_20260904,2024-08-12,0.021128611558167067,0.038758891114751226,False
full_o2o_20260904,2024-08-13,0.005983867103436437,0.11061425014396456,False
full_o2o_20260904,2024-08-14,-0.04833649696857717,-0.02472082310900363,False
full_o2o_20260904,2024-08-15,-0.030079174855933477,-0.0008569995855643844,False
full_o2o_20260904,2024-08-16,0.09150301545203308,0.17729113044067724,False
full_o2o_20260904,2024-08-19,0.02916996716218646,0.11361453653536968,False
full_o2o_20260904,2024-08-20,-0.04816243245546479,-0.03660555049519999,False
full_o2o_20260904,2024-08-21,0.11290392370536538,0.18536337906757275,False
full_o2o_20260904,2024-08-22,-0.054490474741977095,-0.02274894725765132,False
full_o2o_20260904,2024-08-23,0.08922381015904685,0.16618077375564808,False
full_o2o_20260904,2024-08-26,0.10456016734092978,0.16267936807647437,False
full_o2o_20260904,2024-08-27,0.0081851328125606,0.03036705557249941,False
full_o2o_20260904,2024-08-28,-0.11871344090291565,-0.10263614312188934,False
full_o2o_20260904,2024-08-29,-0.21038632266600094,-0.21603641642192814,False
full_o2o_20260904,2024-08-30,0.07990366484083566,0.19076502742224358,False
full_o2o_20260904,2024-09-02,-0.004040101876403042,0.0023026918346136824,False
full_o2o_20260904,2024-09-03,-0.17897346678685552,-0.16824154904639216,False
full_o2o_20260904,2024-09-04,0.0486377094467718,0.09614556480742059,False
full_o2o_20260904,2024-09-05,0.11525526871996138,0.20302928445628668,False
full_o2o_20260904,2024-09-06,-0.06379660936142344,-0.05404459073702741,False
full_o2o_20260904,2024-09-09,-0.0751435052645729,-0.0710271273669523,False
full_o2o_20260904,2024-09-10,-0.16343339950407385,-0.1623376741627782,False
full_o2o_20260904,2024-09-11,0.15263533324730436,0.17611827923532292,False
full_o2o_20260904,2024-09-12,0.09937311393572659,0.164350518625255,False
full_o2o_20260904,2024-09-13,-0.0008395110531013389,0.01635267594531785,False
full_o2o_20260904,2024-09-18,0.06850043958455791,0.1582482936419158,False
full_o2o_20260904,2024-09-19,-0.01423195871502607,0.02873888098277565,False
full_o2o_20260904,2024-09-20,0.029908380906942856,0.0578204553912115,False
full_o2o_20260904,2024-09-23,0.05396972037963765,0.06719844114042732,True
full_o2o_20260904,2024-09-24,0.06670889672346952,0.15231242181460442,False
full_o2o_20260904,2024-09-25,-0.010562023065222829,0.021360518422961893,True
full_o2o_20260904,2024-09-26,-0.2630177673917521,-0.2633495618350295,True
full_o2o_20260904,2024-09-27,0.10066192768703383,0.11407534563558801,True
full_o2o_20260904,2024-09-30,-0.15048659474935736,-0.13008574875193307,True
full_o2o_20260904,2024-10-08,-0.07306639865829592,-0.029599451676030283,True
full_o2o_20260904,2024-10-09,0.2436517968997017,0.38906090094636536,True
full_o2o_20260904,2024-10-10,0.03197457268923366,0.08461454463744446,True
full_o2o_20260904,2024-10-11,-0.07337137964085545,-0.054368573232561015,True
full_o2o_20260904,2024-10-14,-0.020902288803355464,0.028839381740670102,False
full_o2o_20260904,2024-10-15,-0.02233616809890021,0.00718557906101543,True
full_o2o_20260904,2024-10-16,-0.001664621164007582,0.026055810872555214,False
full_o2o_20260904,2024-10-17,-0.16528500969794419,-0.1675217057354001,True
full_o2o_20260904,2024-10-18,-0.2193579730308364,-0.2236639514040775,True
full_o2o_20260904,2024-10-21,0.04379274205238022,0.1836401245711085,True
full_o2o_20260904,2024-10-22,0.126212532888247,0.1512398791753042,True
full_o2o_20260904,2024-10-23,0.054297722771756346,0.09698401851158099,True
full_o2o_20260904,2024-10-24,0.05806959247492697,0.09768946631264151,True
full_o2o_20260904,2024-10-25,-0.007019622901207876,0.04781653601781724,True
full_o2o_20260904,2024-10-28,-0.02851575118506687,0.04809340342816041,True
full_o2o_20260904,2024-10-29,-0.03384495511600139,0.007898381009376329,True
full_o2o_20260904,2024-10-30,0.023454617514684344,0.03636338855213925,True
full_o2o_20260904,2024-10-31,0.18449163686033593,0.30353447073838047,True
full_o2o_20260904,2024-11-01,-0.07713309857308895,-0.06240447109875405,True
full_o2o_20260904,2024-11-04,-0.10458655223731933,-0.09784338538810909,True
full_o2o_20260904,2024-11-05,0.02848290779046437,0.10407261416686717,True
full_o2o_20260904,2024-11-06,0.0722730523908571,0.14746122263450936,True
full_o2o_20260904,2024-11-07,-0.03580358488137978,-0.0028938946113563975,True
full_o2o_20260904,2024-11-08,-0.07070306041552986,-0.06746765834464577,True
full_o2o_20260904,2024-11-11,-0.0025056732589178333,0.1764495696422557,True
full_o2o_20260904,2024-11-12,0.1075792973629623,0.1735404393463079,False
full_o2o_20260904,2024-11-13,0.0911972801626968,0.2549647394362775,False
full_o2o_20260904,2024-11-14,0.08776579832357428,0.13094656325177545,True
full_o2o_20260904,2024-11-15,0.22484774139765412,0.3098226524453264,True
full_o2o_20260904,2024-11-18,-0.1108136254906361,-0.10181831075751355,False
full_o2o_20260904,2024-11-19,-0.1102573162653615,-0.1027312238718274,True
full_o2o_20260904,2024-11-20,0.03615725824513421,0.0831627822853831,False
full_o2o_20260904,2024-11-21,-0.039554377759408545,0.03718593500302303,True
full_o2o_20260904,2024-11-22,0.1259776179446516,0.15033042970378802,True
full_o2o_20260904,2024-11-25,0.13664626511843808,0.3035615928963734,False
full_o2o_20260904,2024-11-26,-0.25861899946682654,-0.2510288959263187,True
full_o2o_20260904,2024-11-27,0.13294621983584376,0.2712679950784382,False
full_o2o_20260904,2024-11-28,-0.01954403958965618,0.0019594703709591875,False
full_o2o_20260904,2024-11-29,-0.026094963610314034,-0.017297116590034786,False
full_o2o_20260904,2024-12-02,0.04877793468625208,0.1331709825276945,False
full_o2o_20260904,2024-12-03,0.09279961452744397,0.13085608257753392,False
full_o2o_20260904,2024-12-04,-0.08393288937175093,-0.08134584245785917,True
full_o2o_20260904,2024-12-05,0.1966000012474122,0.34026366957149046,False
full_o2o_20260904,2024-12-06,-0.0723698048241074,-0.05505517509424653,False
full_o2o_20260904,2024-12-09,0.005645509068177532,0.05260462186098824,False
full_o2o_20260904,2024-12-10,-0.032312801715828385,0.009748908615088151,False
full_o2o_20260904,2024-12-11,-0.011691813881239722,0.09382208441476675,False
full_o2o_20260904,2024-12-12,-0.037714277624916734,-0.0015457145485132395,True
full_o2o_20260904,2024-12-13,0.1701821092226234,0.25498547514671194,False
full_o2o_20260904,2024-12-16,0.11513262971437749,0.19082038221815284,False
full_o2o_20260904,2024-12-17,-0.042556050827555134,-0.025021921796215117,True
full_o2o_20260904,2024-12-18,-0.0773662006348444,-0.05375806375060844,False
full_o2o_20260904,2024-12-19,-0.2590468575393097,-0.2601020741349372,False
full_o2o_20260904,2024-12-20,0.09666624293398657,0.20920999862091919,False
full_o2o_20260904,2024-12-23,0.10136008480910592,0.10780815866916804,False
full_o2o_20260904,2024-12-24,0.04046877169012638,0.1193817295722383,False
full_o2o_20260904,2024-12-25,-0.19517678347514403,-0.19217674693817835,False
full_o2o_20260904,2024-12-26,0.1873164475483824,0.3574027346614388,False
full_o2o_20260904,2024-12-27,0.04912481474079831,0.08592753167911191,False
full_o2o_20260915,2024-01-02,0.06249627620662976,0.0928831741027301,False
full_o2o_20260915,2024-01-03,0.0700176100286854,0.11126962684966439,False
full_o2o_20260915,2024-01-04,0.19861358587884467,0.29960077042424915,False
full_o2o_20260915,2024-01-05,-0.009913160056823106,0.004000076345248728,False
full_o2o_20260915,2024-01-08,0.08872744923760204,0.12037772083769958,False
full_o2o_20260915,2024-01-09,0.055427952292196374,0.062327168857985574,False
full_o2o_20260915,2024-01-10,-0.21704826215404832,-0.18812124016164788,False
full_o2o_20260915,2024-01-11,0.2548620105913239,0.283758026187059,False
full_o2o_20260915,2024-01-12,-0.003745290200238901,0.029758650468393273,False
full_o2o_20260915,2024-01-15,0.03976228355689689,0.06281302328772378,False
full_o2o_20260915,2024-01-16,0.15398861203881078,0.257730859508365,False
full_o2o_20260915,2024-01-17,-0.11215871002952278,-0.10890154664084582,False
full_o2o_20260915,2024-01-18,0.13907381333899455,0.23051030481696416,False
full_o2o_20260915,2024-01-19,0.06532530038092871,0.07231112930018038,False
full_o2o_20260915,2024-01-22,-0.006628188741536039,0.012874261972726215,False
full_o2o_20260915,2024-01-23,0.1397547856803912,0.2194280858481375,False
full_o2o_20260915,2024-01-24,0.08552049963138314,0.14306196466719062,False
full_o2o_20260915,2024-01-25,0.16139437819230043,0.31073322329219616,False
full_o2o_20260915,2024-01-26,0.19692424037060682,0.22262744270038595,False
full_o2o_20260915,2024-01-29,0.03363636071817934,0.05148149938150609,False
full_o2o_20260915,2024-01-30,0.07672810692787689,0.12164954099181954,False
full_o2o_20260915,2024-01-31,-0.07675525175149478,-0.07034504442668649,False
full_o2o_20260915,2024-02-01,-0.058933871648092245,0.023395317091052574,True
full_o2o_20260915,2024-02-02,0.10550958029609787,0.1476477507480569,True
full_o2o_20260915,2024-02-05,0.11323326297405116,0.11735017158550722,True
full_o2o_20260915,2024-02-06,0.03486408587176784,0.05118985063258116,True
full_o2o_20260915,2024-02-07,-0.01794355635767177,-0.021079346264866086,True
full_o2o_20260915,2024-02-08,-0.15874344274595611,-0.1286536428989879,False
full_o2o_20260915,2024-02-19,-0.05694776348992854,-0.030301560483078926,False
full_o2o_20260915,2024-02-20,-0.10542029603743078,-0.09020923094195936,False
full_o2o_20260915,2024-02-21,-0.12352504289339253,-0.1194705299626755,False
full_o2o_20260915,2024-02-22,-0.05939683216531143,-0.053458927402172354,False
full_o2o_20260915,2024-02-23,-0.015605609053207709,0.007285679329231464,False
full_o2o_20260915,2024-02-26,-0.16998268916910927,-0.1677985760362803,False
full_o2o_20260915,2024-02-27,0.10063208753827965,0.32891984417838266,True
full_o2o_20260915,2024-02-28,0.091016968034769,0.1027026902648516,True
full_o2o_20260915,2024-02-29,-0.11717441705389404,-0.09695763713420955,False
full_o2o_20260915,2024-03-01,-0.05956810503943451,-0.011000736749854032,False
full_o2o_20260915,2024-03-04,-0.030367410254808862,0.14392182827905337,False
full_o2o_20260915,2024-03-05,0.01646161606323923,0.07726153503449186,False
full_o2o_20260915,2024-03-06,0.026846400488653208,0.14030625750797732,False
full_o2o_20260915,2024-03-07,0.03484432066912441,0.049844925775517995,False
full_o2o_20260915,2024-03-08,-0.024069283392284976,-0.022489253770369706,False
full_o2o_20260915,2024-03-11,-0.025815016530933075,-0.0061944272902596026,False
full_o2o_20260915,2024-03-12,0.012129625053966512,0.022058544730245405,False
full_o2o_20260915,2024-03-13,0.061981105858945174,0.19483395430646158,False
full_o2o_20260915,2024-03-14,0.05801373919896335,0.0711942808220294,False
full_o2o_20260915,2024-03-15,-0.005985714807091829,0.006048617875499823,False
full_o2o_20260915,2024-03-18,0.05162261661823478,0.10337481794394517,False
full_o2o_20260915,2024-03-19,-0.07062173372348969,-0.06058274502442133,False
full_o2o_20260915,2024-03-20,0.01957108426439544,0.12387221981662755,False
full_o2o_20260915,2024-03-21,-0.07374435700053855,-0.04669074961638631,True
full_o2o_20260915,2024-03-22,0.1639847148490934,0.270294019931615,False
full_o2o_20260915,2024-03-25,-0.023365881515841274,-0.01132334196659842,False
full_o2o_20260915,2024-03-26,0.15507843945779648,0.3039818765225105,False
full_o2o_20260915,2024-03-27,-0.1369330217969506,-0.11449395882498661,False
full_o2o_20260915,2024-03-28,0.05228813679805336,0.10528210591812019,False
full_o2o_20260915,2024-03-29,0.1351161497333307,0.16720795635085844,False
full_o2o_20260915,2024-04-01,0.18589783612867505,0.33865352910594304,True
full_o2o_20260915,2024-04-02,0.11330301967783668,0.17579020007080368,False
full_o2o_20260915,2024-04-03,-0.06502240470177471,0.044331290802164004,False
full_o2o_20260915,2024-04-08,0.2001478185806385,0.2316635053477218,False
full_o2o_20260915,2024-04-09,0.12394528494848502,0.2044922109568704,False
full_o2o_20260915,2024-04-10,-0.0503336500547186,0.007909992832121215,False
full_o2o_20260915,2024-04-11,0.13643587290125536,0.17253472076701282,False
full_o2o_20260915,2024-04-12,-0.004099588972801517,0.02266133155617967,True
full_o2o_20260915,2024-04-15,-0.07050468802282155,-0.04700351934899489,True
full_o2o_20260915,2024-04-16,-0.05848026900671837,-0.03741840215371514,True
full_o2o_20260915,2024-04-17,-0.08047349920015073,-0.02641787004487663,False
full_o2o_20260915,2024-04-18,0.06176484836487786,0.10909915326620313,True
full_o2o_20260915,2024-04-19,0.08825539105379036,0.12213195181001703,True
full_o2o_20260915,2024-04-22,0.0132434138258797,0.022318455674885197,False
full_o2o_20260915,2024-04-23,0.011287707187471567,0.011656657484996266,True
full_o2o_20260915,2024-04-24,0.04978810423755755,0.07724120830244757,False
full_o2o_20260915,2024-04-25,-0.019669929337487787,-0.001123339918674347,True
full_o2o_20260915,2024-04-26,0.03877819912813672,0.06688517690811606,True
full_o2o_20260915,2024-04-29,0.07474490520144869,0.1570256818061128,True
full_o2o_20260915,2024-04-30,-0.016333192908253625,0.009137027387777285,False
full_o2o_20260915,2024-05-06,0.08347795594315645,0.097842310459949,False
full_o2o_20260915,2024-05-07,0.011724424533092593,0.06791930797843922,False
full_o2o_20260915,2024-05-08,-0.023458729987708347,0.013909918815963717,False
full_o2o_20260915,2024-05-09,0.14980699532566938,0.25986761381325457,False
full_o2o_20260915,2024-05-10,-0.02183257824406349,-0.0017621557400884834,True
full_o2o_20260915,2024-05-13,0.04423555827808571,0.06857721044760845,False
full_o2o_20260915,2024-05-14,0.08319316633871526,0.1344034708766734,False
full_o2o_20260915,2024-05-15,0.03287126463076373,0.05406548589885373,True
full_o2o_20260915,2024-05-16,0.012147933341630232,0.023223897520582862,False
full_o2o_20260915,2024-05-17,-0.049656567547528604,0.005480235001665385,False
full_o2o_20260915,2024-05-20,0.08677726903954164,0.12378032645375088,False
full_o2o_20260915,2024-05-21,0.04180124941917639,0.06180098099962864,False
full_o2o_20260915,2024-05-22,0.05402477676371121,0.11243712367579234,False
full_o2o_20260915,2024-05-23,0.15691321187802898,0.20668225177545232,False
full_o2o_20260915,2024-05-24,0.06646550093741198,0.08387985718809744,False
full_o2o_20260915,2024-05-27,-0.02443119168413413,-0.014084112184367578,False
full_o2o_20260915,2024-05-28,0.03878474320780798,0.05468227195469982,False
full_o2o_20260915,2024-05-29,0.11205780919836611,0.16414125031165705,False
full_o2o_20260915,2024-05-30,0.04611539451734423,0.04738008284116847,False
full_o2o_20260915,2024-05-31,-0.1550615687157538,-0.12435506210472778,False
full_o2o_20260915,2024-06-03,-0.05516840986802451,0.04517459610578945,False
full_o2o_20260915,2024-06-04,-0.02025689175097482,-0.00877990403235494,False
full_o2o_20260915,2024-06-05,0.002438025782570567,0.048207362571768275,False
full_o2o_20260915,2024-06-06,0.21667051722849456,0.2731356669649833,False
full_o2o_20260915,2024-06-07,-0.22027376186993988,-0.21699307881561658,False
full_o2o_20260915,2024-06-11,-0.09867206624579929,-0.08313613054330295,False
full_o2o_20260915,2024-06-12,-0.014618470806803696,-0.0039140542151993845,True
full_o2o_20260915,2024-06-13,0.010891488669432698,0.07277447518957422,False
full_o2o_20260915,2024-06-14,-0.0454742050448082,-0.036472913139794165,False
full_o2o_20260915,2024-06-17,-0.05024267958781843,-0.011615281246521692,False
full_o2o_20260915,2024-06-18,0.027935223382592474,0.07011873600224704,False
full_o2o_20260915,2024-06-19,0.1364719618557491,0.14462718696172772,False
full_o2o_20260915,2024-06-20,0.06995753518411298,0.07577679816397918,False
full_o2o_20260915,2024-06-21,0.027088579330701454,0.08219301015154737,False
full_o2o_20260915,2024-06-24,0.17717053340193045,0.20337657326584996,False
full_o2o_20260915,2024-06-25,0.14893645651796766,0.15588689958160762,False
full_o2o_20260915,2024-06-26,-0.02075656309546622,0.013361266403633748,False
full_o2o_20260915,2024-06-27,-0.03759306893021058,-0.019875016531202088,False
full_o2o_20260915,2024-06-28,0.050858640273551504,0.11459605917849144,False
full_o2o_20260915,2024-07-01,0.1333748883265485,0.17165850553189826,False
full_o2o_20260915,2024-07-02,0.06039436936453941,0.08846306886176317,False
full_o2o_20260915,2024-07-03,0.1202742489611699,0.15847843000666742,False
full_o2o_20260915,2024-07-04,0.08479952970189922,0.10782797965786424,False
full_o2o_20260915,2024-07-05,0.038004193931999865,0.07673417587880423,False
full_o2o_20260915,2024-07-08,-0.12544423576445646,-0.12139438767596128,True
full_o2o_20260915,2024-07-09,-0.19698166840804204,-0.1940304560536489,False
full_o2o_20260915,2024-07-10,0.11325171500763771,0.1359837490202487,False
full_o2o_20260915,2024-07-11,0.024565225040106782,0.05398752237975228,False
full_o2o_20260915,2024-07-12,-0.016077684370523027,0.0790804349702418,False
full_o2o_20260915,2024-07-15,-0.1744138132377515,-0.18231615796846815,False
full_o2o_20260915,2024-07-16,0.1872044160678525,0.287008495416471,False
full_o2o_20260915,2024-07-17,0.06370851664057736,0.06687191336425884,False
full_o2o_20260915,2024-07-18,-0.10050667828167326,-0.08804283058136712,True
full_o2o_20260915,2024-07-19,-0.12747390077097578,-0.10983409803794575,False
full_o2o_20260915,2024-07-22,0.03692768510700511,0.15129904079895481,False
full_o2o_20260915,2024-07-23,0.029264719428188885,0.056098017161481835,False
full_o2o_20260915,2024-07-24,0.06123840946892547,0.07833198553611305,False
full_o2o_20260915,2024-07-25,0.027585448964034094,0.04501618981937461,False
full_o2o_20260915,2024-07-26,-0.023396727916807025,0.045506505643404666,False
full_o2o_20260915,2024-07-29,0.004883303941564632,0.012146377376561683,False
full_o2o_20260915,2024-07-30,-0.03366725375424806,-0.019897994262158374,False
full_o2o_20260915,2024-07-31,0.015536232083061454,0.10563031786565893,False
full_o2o_20260915,2024-08-01,0.1543096279319428,0.20320058301297358,False
full_o2o_20260915,2024-08-02,0.03775087328380672,0.06359985416443856,False
full_o2o_20260915,2024-08-05,0.03310441163715114,0.045928860422131144,False
full_o2o_20260915,2024-08-06,0.0473444443951354,0.08630757975478796,False
full_o2o_20260915,2024-08-07,0.19315859443164918,0.24853167517511304,False
full_o2o_20260915,2024-08-08,0.20372804683300771,0.2511759046491021,False
full_o2o_20260915,2024-08-09,0.08868257509769786,0.11334967523246837,False
full_o2o_20260915,2024-08-12,0.0823220494996105,0.09636472878657028,False
full_o2o_20260915,2024-08-13,0.023639558928134994,0.12044936975498303,False
full_o2o_20260915,2024-08-14,-0.06346341703417195,-0.044151470453046425,False
full_o2o_20260915,2024-08-15,-0.003476873333814512,0.02266782279708563,False
full_o2o_20260915,2024-08-16,0.07162258691987632,0.14592824367122223,False
full_o2o_20260915,2024-08-19,0.041480041011639095,0.11791793093713275,False
full_o2o_20260915,2024-08-20,-0.019481617793073856,-0.007684137522019845,False
full_o2o_20260915,2024-08-21,0.1317054322220829,0.20485497245432902,False
full_o2o_20260915,2024-08-22,-0.07298700370750423,-0.04332085580285268,False
full_o2o_20260915,2024-08-23,0.09240019139545039,0.16643735561715667,False
full_o2o_20260915,2024-08-26,0.15618238901539072,0.20836472387489438,False
full_o2o_20260915,2024-08-27,0.0027896915931228086,0.02534057185500416,False
full_o2o_20260915,2024-08-28,-0.11162662374261609,-0.09571158784085228,False
full_o2o_20260915,2024-08-29,-0.21518445339878423,-0.22110788292736264,False
full_o2o_20260915,2024-08-30,0.05888109383297832,0.16535932403771905,False
full_o2o_20260915,2024-09-02,-0.014912204283244924,-0.009281155979607592,False
full_o2o_20260915,2024-09-03,-0.1336734534050802,-0.12444433737759218,False
full_o2o_20260915,2024-09-04,0.015368039989510791,0.06222534900266741,False
full_o2o_20260915,2024-09-05,0.05435351164796294,0.14397167459083304,False
full_o2o_20260915,2024-09-06,-0.06071575437679934,-0.05396504800941051,False
full_o2o_20260915,2024-09-09,-0.05846938339713817,-0.05457760896849479,False
full_o2o_20260915,2024-09-10,-0.14202364358422825,-0.14139330764125624,False
full_o2o_20260915,2024-09-11,0.1402778658320641,0.1635511309012404,False
full_o2o_20260915,2024-09-12,0.12326156747573071,0.19210612800619,False
full_o2o_20260915,2024-09-13,-0.008742056153012273,0.005397794401273939,False
full_o2o_20260915,2024-09-18,0.07023110845132231,0.15565944408842927,False
full_o2o_20260915,2024-09-19,-0.030093166134967327,0.00783577026595945,False
full_o2o_20260915,2024-09-20,-0.03740141624587605,-0.009601403531285772,False
full_o2o_20260915,2024-09-23,0.062179572812280676,0.07519315005117981,True
full_o2o_20260915,2024-09-24,0.04281152205881161,0.12356277207086205,False
full_o2o_20260915,2024-09-25,-0.020155349360050166,0.013076913156142511,True
full_o2o_20260915,2024-09-26,-0.23283869681553956,-0.23273933069143127,True
full_o2o_20260915,2024-09-27,0.01747392319586923,0.029192177410111864,True
full_o2o_20260915,2024-09-30,-0.07477439907693953,-0.05383521175624434,True
full_o2o_20260915,2024-10-08,0.035810631694367344,0.07939942755187065,True
full_o2o_20260915,2024-10-09,0.20338006442904033,0.31909034897113947,True
full_o2o_20260915,2024-10-10,-0.051556254991050515,-0.009967457821405139,True
full_o2o_20260915,2024-10-11,-0.10432992436127175,-0.08787840327832863,True
full_o2o_20260915,2024-10-14,-0.04502123461075861,0.0030678697213260414,False
full_o2o_20260915,2024-10-15,-0.045028119782338255,-0.022513615958199444,True
full_o2o_20260915,2024-10-16,0.05507889301025408,0.07983280332872769,False
full_o2o_20260915,2024-10-17,-0.06200912232434401,-0.06350327004367072,True
full_o2o_20260915,2024-10-18,-0.20305321930132114,-0.20739360788726113,True
full_o2o_20260915,2024-10-21,0.024100518342446465,0.1507725471610892,True
full_o2o_20260915,2024-10-22,0.1328497728110296,0.15566976672045713,True
full_o2o_20260915,2024-10-23,0.09363697551009624,0.13282586132974025,True
full_o2o_20260915,2024-10-24,0.07287946627407432,0.1133249401850564,True
full_o2o_20260915,2024-10-25,-0.000587975505247944,0.0495127606180989,True
full_o2o_20260915,2024-10-28,-0.025517862603419605,0.0516248542616375,True
full_o2o_20260915,2024-10-29,-0.0956462913388926,-0.058183641262561515,True
full_o2o_20260915,2024-10-30,-0.053191183412296485,-0.04179515872875569,True
full_o2o_20260915,2024-10-31,0.19796664823932145,0.30037335308311164,True
full_o2o_20260915,2024-11-01,0.031157122963410763,0.04693579234557119,True
full_o2o_20260915,2024-11-04,-0.09723929950215282,-0.09044909332772451,True
full_o2o_20260915,2024-11-05,0.027354951482123493,0.09708318580098813,True
full_o2o_20260915,2024-11-06,0.0867848352183306,0.1534364556307177,True
full_o2o_20260915,2024-11-07,0.03252014146868412,0.06378087327868004,True
full_o2o_20260915,2024-11-08,-0.07898477477245909,-0.07557239697167788,True
full_o2o_20260915,2024-11-11,0.027407098870627523,0.20015601883142128,True
full_o2o_20260915,2024-11-12,0.10988217175365789,0.16666140465057377,False
full_o2o_20260915,2024-11-13,0.08320278746593744,0.24180416281160794,False
full_o2o_20260915,2024-11-14,0.05391126904380788,0.08841846460921216,True
full_o2o_20260915,2024-11-15,0.19411742490453682,0.2638736910733792,True
full_o2o_20260915,2024-11-18,0.02456781977775023,0.033205144394437315,False
full_o2o_20260915,2024-11-19,-0.12226876214604294,-0.11426400231619767,True
full_o2o_20260915,2024-11-20,0.03933176394542079,0.08436084431674823,False
full_o2o_20260915,2024-11-21,-0.04667978396183083,0.01778950467140463,True
full_o2o_20260915,2024-11-22,0.1616344250323672,0.18274904477108903,True
full_o2o_20260915,2024-11-25,0.14635317096545766,0.3068724691723587,False
full_o2o_20260915,2024-11-26,-0.24146076393569071,-0.23413576506087125,True
full_o2o_20260915,2024-11-27,0.12996211503428262,0.2697706127537253,False
full_o2o_20260915,2024-11-28,-0.015545730064138523,0.004569299323233765,False
full_o2o_20260915,2024-11-29,-0.03241055131399932,-0.024458481108390606,False
full_o2o_20260915,2024-12-02,0.057529404235072835,0.13763844299529482,False
full_o2o_20260915,2024-12-03,0.088326572432979,0.13048669137125735,False
full_o2o_20260915,2024-12-04,-0.06415173677833305,-0.06085390509371913,True
full_o2o_20260915,2024-12-05,0.2256559931055648,0.3626566791664709,False
full_o2o_20260915,2024-12-06,-0.04511251272147895,-0.027456993305333504,False
full_o2o_20260915,2024-12-09,0.001162435361211825,0.0472623553442188,False
full_o2o_20260915,2024-12-10,-0.0481045578974969,-0.007893627196075783,False
full_o2o_20260915,2024-12-11,0.013715926941280394,0.12044567233524307,False
full_o2o_20260915,2024-12-12,-0.04607855367160945,-0.010833209464837375,True
full_o2o_20260915,2024-12-13,0.17612764984402718,0.25781393211080494,False
full_o2o_20260915,2024-12-16,0.12149479803693097,0.19008779443827747,False
full_o2o_20260915,2024-12-17,-0.05216659449843972,-0.035875812375078725,True
full_o2o_20260915,2024-12-18,-0.10880649784048302,-0.08464601256785076,False
full_o2o_20260915,2024-12-19,-0.2663413019470452,-0.26718407851148956,False
full_o2o_20260915,2024-12-20,0.12815465594835265,0.24333841825655259,False
full_o2o_20260915,2024-12-23,0.035195433628630174,0.0421178617782275,False
full_o2o_20260915,2024-12-24,0.06770204764267554,0.14358393878788064,False
full_o2o_20260915,2024-12-25,-0.20404613078515366,-0.20281100742024433,False
full_o2o_20260915,2024-12-26,0.16028265526723423,0.331287093802757,False
full_o2o_20260915,2024-12-27,0.08111517491041499,0.11517913733583969,False
linear85,2024-01-02,0.1339598775676066,0.1633331343172802,False
linear85,2024-01-03,0.04845108281382864,0.09403331418483013,False
linear85,2024-01-04,0.23352655692649577,0.3471774369001948,False
linear85,2024-01-05,-0.02935751231741407,-0.010193006035462457,False
linear85,2024-01-08,0.18539307001765679,0.21682423184188515,False
linear85,2024-01-09,0.12227411893897742,0.13351392780411311,False
linear85,2024-01-10,-0.2991289934144173,-0.2570059972319173,False
linear85,2024-01-11,0.26549831662706763,0.3037729026241673,False
linear85,2024-01-12,-0.03540990248108394,0.002229197723282678,False
linear85,2024-01-15,0.022976271205718813,0.05549644633974307,False
linear85,2024-01-16,0.2485274279746503,0.3773501838511858,False
linear85,2024-01-17,-0.26007728472168234,-0.25427627686326365,False
linear85,2024-01-18,0.18131602269974226,0.28720634802568495,False
linear85,2024-01-19,0.050836339345357376,0.058676608472199646,False
linear85,2024-01-22,-0.06893722601039083,-0.052136177040811,False
linear85,2024-01-23,0.21647786865021332,0.30680447565885205,False
linear85,2024-01-24,0.15153524511947392,0.21821488688552745,False
linear85,2024-01-25,0.24636237710146427,0.40994148253797225,False
linear85,2024-01-26,0.24907035307035305,0.277034653034653,False
linear85,2024-01-29,0.03864431064431064,0.0595973635973636,False
linear85,2024-01-30,0.037623625623625624,0.10023175623175624,False
linear85,2024-01-31,-0.13931597813835464,-0.1334562859489636,False
linear85,2024-02-01,-0.05296813446713246,0.11856928270956324,True
linear85,2024-02-02,0.11174889117574487,0.18888495308936187,True
linear85,2024-02-05,-0.07291758958984866,-0.06804181438013887,True
linear85,2024-02-06,0.01671652071652072,0.05651426668380949,True
linear85,2024-02-07,-0.15836781836781838,-0.1606996246996247,True
linear85,2024-02-08,-0.16672792722811103,-0.11914335728793775,False
linear85,2024-02-19,-0.08724821177170106,-0.05579534314306383,False
linear85,2024-02-20,-0.12753443629964292,-0.10752582713871457,False
linear85,2024-02-21,-0.27361964412273376,-0.2681866573527667,False
linear85,2024-02-22,-0.11020874431197769,-0.1000404700672021,False
linear85,2024-02-23,-0.09487968170349252,-0.06949329471936529,False
linear85,2024-02-26,-0.41816770742221054,-0.41719936770256394,False
linear85,2024-02-27,0.29161164361164366,0.5985262065262066,True
linear85,2024-02-28,-0.1775706935706936,-0.16651591751501305,True
linear85,2024-02-29,-0.25236027728729876,-0.23239778765923108,False
linear85,2024-03-01,-0.10608949008949009,-0.04420991620991621,False
linear85,2024-03-04,-0.0502006781627206,0.15016480441960203,False
linear85,2024-03-05,0.028880803122677184,0.10505778031058799,False
linear85,2024-03-06,0.1566562578477507,0.32960987002062947,False
linear85,2024-03-07,-0.06680696026690668,-0.046691828539050184,False
linear85,2024-03-08,-0.11126184446796628,-0.10801277512473598,False
linear85,2024-03-11,0.001224155679570008,0.029908321532127014,False
linear85,2024-03-12,0.001003809462929862,0.012624446210646659,False
linear85,2024-03-13,0.10610253097941423,0.2705835955583971,False
linear85,2024-03-14,0.02027486240243001,0.03889002297228258,False
linear85,2024-03-15,-0.10549554112689753,-0.09051602612330995,False
linear85,2024-03-18,0.04260642094472714,0.1141780179285535,False
linear85,2024-03-19,-0.14175360413251648,-0.126818267614217,False
linear85,2024-03-20,0.04184779498637973,0.162094218535287,False
linear85,2024-03-21,-0.05660896460896461,-0.02961418161418161,True
linear85,2024-03-22,0.21648061346945066,0.32424613074800523,False
linear85,2024-03-25,0.11077489172950312,0.12479689369454397,False
linear85,2024-03-26,0.19512963912963913,0.3605801716619122,False
linear85,2024-03-27,-0.06030020466200589,-0.021357908868250067,False
linear85,2024-03-28,0.06316751116751117,0.13576070024080344,False
linear85,2024-03-29,0.10674513226772171,0.14715895242996674,False
linear85,2024-04-01,0.21249242712990443,0.3938294563630399,True
linear85,2024-04-02,0.18733701151913304,0.2720751796448575,False
linear85,2024-04-03,-0.05937945573573248,0.08174664942068854,False
linear85,2024-04-08,0.1808948965229506,0.2176135174476042,False
linear85,2024-04-09,0.14921399321399323,0.2562764090452383,False
linear85,2024-04-10,-0.07443450265780617,-0.015312153817454903,False
linear85,2024-04-11,0.12733953133953135,0.17386283229460253,False
linear85,2024-04-12,0.032540684540684546,0.061334695518699606,True
linear85,2024-04-15,0.05501512301512302,0.08436286836286837,True
linear85,2024-04-16,0.03378812178812179,0.0584988584988585,True
linear85,2024-04-17,-0.05844205079270311,0.01249453294433614,False
linear85,2024-04-18,0.09253299641938235,0.14907161463766624,True
linear85,2024-04-19,0.04832565777542753,0.08602969919148129,True
linear85,2024-04-22,-0.06795603297537348,-0.05446257373032825,False
linear85,2024-04-23,-0.08500187774962879,-0.08608595939994554,True
linear85,2024-04-24,0.04550693593044027,0.08378764412207027,False
linear85,2024-04-25,-0.09992977217380225,-0.08120855552629835,True
linear85,2024-04-26,0.06205394850253005,0.09421981979865068,True
linear85,2024-04-29,0.04579570480101291,0.1485008760594886,True
linear85,2024-04-30,0.014334770518818986,0.03689430462987085,False
linear85,2024-05-06,0.056457019531978146,0.06990718958069854,False
linear85,2024-05-07,0.0351916926946987,0.10044638255624276,False
linear85,2024-05-08,-0.020424933951988057,0.022859358493920925,False
linear85,2024-05-09,0.1677304463814429,0.29857235550467126,False
linear85,2024-05-10,-0.008206492898966753,0.01516950454649146,True
linear85,2024-05-13,0.08187284680486881,0.11722080828581416,False
linear85,2024-05-14,0.09713381496548538,0.16359253941148272,False
linear85,2024-05-15,0.08330507536501182,0.10793882104302696,True
linear85,2024-05-16,0.01645958057620713,0.027335208894089205,False
linear85,2024-05-17,-0.05119233396314429,0.03256526508503469,False
linear85,2024-05-20,0.024746961776803935,0.06734360050056876,False
linear85,2024-05-21,0.06431050171702987,0.08963751621107013,False
linear85,2024-05-22,0.025522516504480428,0.10640992655596368,False
linear85,2024-05-23,0.14684279157018415,0.20119001679530515,False
linear85,2024-05-24,0.03287879061426155,0.05387000149668724,False
linear85,2024-05-27,-0.0447204031653634,-0.030186007439761763,False
linear85,2024-05-28,0.05213756758988424,0.06842778603037836,False
linear85,2024-05-29,0.11113950114430224,0.17192022889869107,False
linear85,2024-05-30,-0.0022707760661629887,-0.0011293162338251398,False
linear85,2024-05-31,-0.11432083416171955,-0.07616736480482025,False
linear85,2024-06-03,-0.02291395810755741,0.08760164750962304,False
linear85,2024-06-04,-0.08207303104597363,-0.06840903964158733,False
linear85,2024-06-05,-0.016683727041456004,0.036039784594293287,False
linear85,2024-06-06,0.2928798008847777,0.3596913671513884,False
linear85,2024-06-07,-0.16570425023444335,-0.16246597957524742,False
linear85,2024-06-11,-0.10896720948252522,-0.0906464994149066,False
linear85,2024-06-12,-0.13390174677507788,-0.11866461255243502,True
linear85,2024-06-13,0.045229866538929894,0.11328843895581206,False
linear85,2024-06-14,-0.13798816014804488,-0.12928713682227608,False
linear85,2024-06-17,0.013403875765780419,0.06324155873586282,False
linear85,2024-06-18,0.057994221994221995,0.11293367327247429,False
linear85,2024-06-19,0.038184602184602186,0.0465773267170587,False
linear85,2024-06-20,0.04942646870144633,0.06425942068322611,False
linear85,2024-06-21,0.07962517250604864,0.15260342953956993,False
linear85,2024-06-24,0.3045473816183024,0.3352021535328515,False
linear85,2024-06-25,-0.0027923594937622987,0.00868236776460539,False
linear85,2024-06-26,0.015867603121761848,0.06506513424845387,False
linear85,2024-06-27,-0.04575224501489223,-0.031678429123388106,False
linear85,2024-06-28,0.11661319881893634,0.2029697161842232,False
linear85,2024-07-01,0.16940061575106835,0.22187388409381748,False
linear85,2024-07-02,0.05269904531883724,0.09122877346296356,False
linear85,2024-07-03,0.1233381236948371,0.17611605298354097,False
linear85,2024-07-04,0.07083157859749864,0.09997793363936101,False
linear85,2024-07-05,-0.005662219333562018,0.04963247816955231,False
linear85,2024-07-08,-0.20024119350101036,-0.19303114569115584,True
linear85,2024-07-09,-0.22167976794429695,-0.21885612666774987,False
linear85,2024-07-10,0.1105994875956101,0.13453597770445322,False
linear85,2024-07-11,0.033471965152358556,0.06926842859382659,False
linear85,2024-07-12,-0.04641731511070187,0.06364432550652821,False
linear85,2024-07-15,-0.23790557429935905,-0.24542147906717576,False
linear85,2024-07-16,0.18083541854426816,0.3119634453680337,False
linear85,2024-07-17,-0.039715934399186,-0.036209925872467214,False
linear85,2024-07-18,-0.10605256293440386,-0.09268097637108008,True
linear85,2024-07-19,-0.1527400447694685,-0.130535328219584,False
linear85,2024-07-22,0.04871254975274448,0.1774282459920676,False
linear85,2024-07-23,-0.008547448721678827,0.02086397270810032,False
linear85,2024-07-24,0.11482622467090477,0.1357122307282491,False
linear85,2024-07-25,0.015273833077946823,0.039340370185165625,False
linear85,2024-07-26,-0.08050225722606072,0.00609273142627241,False
linear85,2024-07-29,0.061047450198935815,0.06881319892180722,False
linear85,2024-07-30,-0.09309511286622343,-0.07671023861623205,False
linear85,2024-07-31,-0.030002030156589615,0.0853002938609886,False
linear85,2024-08-01,0.24874131500801724,0.3142210570389786,False
linear85,2024-08-02,0.11992841648784393,0.15349148829979814,False
linear85,2024-08-05,0.12110805366673696,0.14674689209201158,False
linear85,2024-08-06,0.009839876170499992,0.06962515173529162,False
linear85,2024-08-07,0.12296088383996549,0.1961198585396707,False
linear85,2024-08-08,0.24068773847604913,0.3052979038008098,False
linear85,2024-08-09,0.09786768935315446,0.12949205571913266,False
linear85,2024-08-12,0.005171798194177432,0.03246698672495484,False
linear85,2024-08-13,-0.03740792640792843,0.07539195587486155,False
linear85,2024-08-14,-0.09954390936910676,-0.07910930921279441,False
linear85,2024-08-15,-0.07579412323622693,-0.0417332066607555,False
linear85,2024-08-16,0.08247432451975617,0.15214956318858291,False
linear85,2024-08-19,0.016134214374695335,0.09890791823559406,False
linear85,2024-08-20,-0.05432652159390107,-0.04298746893256119,False
linear85,2024-08-21,0.1332321303248924,0.21994480971968539,False
linear85,2024-08-22,-0.07084377785855127,-0.03959227282168761,False
linear85,2024-08-23,0.08553951248490389,0.1698441024527851,False
linear85,2024-08-26,0.12332778369776706,0.19382593038868942,False
linear85,2024-08-27,0.04481771364122969,0.06755796305689736,False
linear85,2024-08-28,-0.11017209415519187,-0.09249047659484826,False
linear85,2024-08-29,-0.21814415014415015,-0.22400070867271082,False
linear85,2024-08-30,0.12416077616077617,0.25185764696910623,False
linear85,2024-09-02,0.04425714252268538,0.05002106152169338,False
linear85,2024-09-03,-0.15484406214851237,-0.1469135494061699,False
linear85,2024-09-04,0.06865492743035434,0.11599327500598068,False
linear85,2024-09-05,0.08535566535566536,0.19603992403992407,False
linear85,2024-09-06,-0.02698029484193525,-0.01757353475707535,False
linear85,2024-09-09,-0.13898819357480405,-0.13522865423903568,False
linear85,2024-09-10,-0.16580823573913248,-0.16499725790102562,False
linear85,2024-09-11,0.1126927588351076,0.13397763009614172,False
linear85,2024-09-12,0.0977177899342228,0.18116169763922454,False
linear85,2024-09-13,-0.012112675874949153,0.0020109291153896343,False
linear85,2024-09-18,0.09230909058601787,0.18933787178636302,False
linear85,2024-09-19,-0.04895954716272684,0.001664762503803017,False
linear85,2024-09-20,-0.023712131712131716,0.006978853104472461,False
linear85,2024-09-23,0.08764508764508765,0.09944462744462745,True
linear85,2024-09-24,0.07053152937790773,0.16629581438983085,False
linear85,2024-09-25,-0.014144426144426145,0.01961778761778762,True
linear85,2024-09-26,-0.35807435807435806,-0.3574605094605095,True
linear85,2024-09-27,0.09774904974904976,0.10906676506676508,True
linear85,2024-09-30,-0.01856561829730795,0.03736522036878098,True
linear85,2024-10-08,0.0314816415760865,0.09710292168553922,True
linear85,2024-10-09,0.35792247499624247,0.4898145545089913,True
linear85,2024-10-10,0.04162668562668563,0.08027415251497497,True
linear85,2024-10-11,-0.1893046653046653,-0.16477442776307433,True
linear85,2024-10-14,0.017993609993609994,0.08197775797775798,False
linear85,2024-10-15,-0.0688904848904849,-0.04030270642361454,True
linear85,2024-10-16,-0.11586792256313008,-0.08408131858580649,False
linear85,2024-10-17,-0.2361159917432462,-0.23779388205841107,True
linear85,2024-10-18,-0.26714916398945365,-0.272616579288897,True
linear85,2024-10-21,0.19325043491295282,0.3402529443612332,True
linear85,2024-10-22,0.1822103269277562,0.21216497028144957,True
linear85,2024-10-23,0.06878193042574031,0.1214574062521894,True
linear85,2024-10-24,0.08212408059692845,0.12831559696399378,True
linear85,2024-10-25,0.057231670992660084,0.1391686016779901,True
linear85,2024-10-28,0.01446489232693537,0.10492845239007631,True
linear85,2024-10-29,-0.07034758714643698,-0.01980373127860615,True
linear85,2024-10-30,-0.048330773521520695,-0.03547088871302468,True
linear85,2024-10-31,0.26460126858516414,0.39075859189596807,True
linear85,2024-11-01,-0.11964734502618794,-0.10870294187554558,True
linear85,2024-11-04,-0.2442926844129463,-0.24184087380571348,True
linear85,2024-11-05,0.1102266041241389,0.18827894429187453,True
linear85,2024-11-06,0.07159645359013,0.1435173929580825,True
linear85,2024-11-07,-0.08633872514291326,-0.06415463468451729,True
linear85,2024-11-08,-0.22970871854136293,-0.2260727155080517,True
linear85,2024-11-11,0.1193369235511695,0.35736580021004233,True
linear85,2024-11-12,0.04190700757122817,0.12114085968717782,False
linear85,2024-11-13,0.1559639832313565,0.3439896762992322,False
linear85,2024-11-14,0.15523795504418736,0.20231374825216467,True
linear85,2024-11-15,0.3003220726953046,0.4205576777168655,True
linear85,2024-11-18,-0.16737068230978883,-0.15888987680399763,False
linear85,2024-11-19,-0.16679586249615105,-0.1598139346555391,True
linear85,2024-11-20,0.02863291740600619,0.08723783242057016,False
linear85,2024-11-21,-0.030335922335922343,0.05973290409130151,True
linear85,2024-11-22,0.24808703906408353,0.2726143078856796,True
linear85,2024-11-25,0.22383752655265246,0.40272304900897143,False
linear85,2024-11-26,-0.28139936413788347,-0.27428393287646724,True
linear85,2024-11-27,0.16836726356125845,0.33049039089339116,False
linear85,2024-11-28,-0.09673750533119543,-0.07471315047339815,False
linear85,2024-11-29,-0.035483567909370725,-0.02480862755288639,False
linear85,2024-12-02,0.09697705349731611,0.19792150946714207,False
linear85,2024-12-03,0.1265353409521746,0.1655877059294289,False
linear85,2024-12-04,-0.17707332351072488,-0.17611036555588327,True
linear85,2024-12-05,0.18813556526437866,0.34624931824931826,False
linear85,2024-12-06,-0.07617820017820018,-0.05586586386586387,False
linear85,2024-12-09,0.030542022542022547,0.0781946701946702,False
linear85,2024-12-10,-0.01407956607956608,0.028586776672537006,False
linear85,2024-12-11,0.1317979261826957,0.24039110341272457,False
linear85,2024-12-12,-0.03814919936115147,0.00045064253351194476,True
linear85,2024-12-13,0.23787895315722696,0.3007465460288605,False
linear85,2024-12-16,0.19392876252231872,0.2717272589996946,False
linear85,2024-12-17,-0.02691959561968386,-0.013595801376807916,True
linear85,2024-12-18,-0.15380399272490522,-0.1285229756456426,False
linear85,2024-12-19,-0.32153022658055697,-0.3223648154388109,False
linear85,2024-12-20,0.22532646106947254,0.3581151136244284,False
linear85,2024-12-23,0.12288667874162774,0.12843986668470098,False
linear85,2024-12-24,0.05941785324101334,0.1606493355960798,False
linear85,2024-12-25,-0.28785318869501747,-0.2872142459139731,False
linear85,2024-12-26,0.17644826698266083,0.37573381944047196,False
linear85,2024-12-27,0.008745930266830236,0.049049114289188296,False
en454_control,2024-01-02,-0.025148186885332834,-0.007809492438268565,False
en454_control,2024-01-03,-0.014804295210847413,-0.005764608043179379,False
en454_control,2024-01-04,0.013039177713561586,0.07115966695321481,False
en454_control,2024-01-05,0.04728863391223216,0.06025064584094919,False
en454_control,2024-01-08,-0.0916868709922665,-0.06452989561814922,False
en454_control,2024-01-09,-0.2514127212791145,-0.2471987121022755,False
en454_control,2024-01-10,-0.13654760695457827,-0.11680879898447227,False
en454_control,2024-01-11,0.00622082671032688,0.013720754320244893,False
en454_control,2024-01-12,0.027985973207043543,0.06283887152630012,False
en454_control,2024-01-15,-0.01710462397054693,0.0014278107350707417,False
en454_control,2024-01-16,-0.023368159813224525,0.02023104467192643,False
en454_control,2024-01-17,0.07492372334553045,0.09577308721304263,False
en454_control,2024-01-18,0.04133377941469328,0.10570250616639593,False
en454_control,2024-01-19,-0.10390822485812463,-0.07338073143283563,False
en454_control,2024-01-22,-0.11034750615449368,-0.08144067235733737,False
en454_control,2024-01-23,0.09151080539457293,0.13081829804244102,False
en454_control,2024-01-24,0.013070917110129861,0.03401590611795384,False
en454_control,2024-01-25,0.11832765468263766,0.22180876311728928,False
en454_control,2024-01-26,0.01463865863865864,0.03847085047085047,False
en454_control,2024-01-29,-0.13673525273525275,-0.11804306204306206,False
en454_control,2024-01-30,0.35800377400377403,0.42027945627945634,False
en454_control,2024-01-31,-0.06703030124531525,-0.0543898985475425,False
en454_control,2024-02-01,0.27282371349305207,0.45637115672787015,True
en454_control,2024-02-02,0.25643971426336154,0.35789056792263196,True
en454_control,2024-02-05,-0.27721546571040495,-0.27457541669404795,True
en454_control,2024-02-06,-0.049563289563289564,-0.0041773361898681995,True
en454_control,2024-02-07,-0.39423779823779825,-0.3931266811266812,True
en454_control,2024-02-08,0.06275682294509341,0.13171838608931707,False
en454_control,2024-02-19,-0.009106575161214613,0.03363309565108145,False
en454_control,2024-02-20,-0.18465295176086946,-0.16685929336218278,False
en454_control,2024-02-21,-0.3511911936200461,-0.3462558047687744,False
en454_control,2024-02-22,-0.25227452860454164,-0.24564069576360847,False
en454_control,2024-02-23,-0.18562610888933784,-0.16655753301792847,False
en454_control,2024-02-26,-0.4620386774247935,-0.4634762682571259,False
en454_control,2024-02-27,0.31679784479784484,0.6174150774150774,True
en454_control,2024-02-28,-0.35234957234957237,-0.3327448187412877,True
en454_control,2024-02-29,-0.3557379464182934,-0.3470436215397563,False
en454_control,2024-03-01,0.1326046926046926,0.18846491646491648,False
en454_control,2024-03-04,0.16438810736131554,0.3027962999410137,False
en454_control,2024-03-05,-0.17451037467514563,-0.13244997203466818,False
en454_control,2024-03-06,-0.20810685594941028,-0.20569694260053467,False
en454_control,2024-03-07,0.17063008705581229,0.17933366975451914,False
en454_control,2024-03-08,-0.09565009569779787,-0.09521499507873635,False
en454_control,2024-03-11,-0.1393445537508522,-0.12454443560313994,False
en454_control,2024-03-12,-0.04971871278912778,-0.04856852058422364,False
en454_control,2024-03-13,-0.033945549265882356,0.003963707156089486,False
en454_control,2024-03-14,-0.08438631168137438,-0.07658915356704576,False
en454_control,2024-03-15,-0.023355891063438477,-0.01257033010969482,False
en454_control,2024-03-18,-0.02897560749716844,0.01897311459248613,False
en454_control,2024-03-19,0.016476737218190412,0.028545915079359687,False
en454_control,2024-03-20,0.055196099335806936,0.10656633985924506,False
en454_control,2024-03-21,0.09824505824505825,0.11691077691077689,True
en454_control,2024-03-22,-0.037695135956844185,0.00016438824576044757,False
en454_control,2024-03-25,-0.125821918807879,-0.1199423463933042,False
en454_control,2024-03-26,-0.007589467589467589,0.08276500701330206,False
en454_control,2024-03-27,0.010325866387821587,0.06885914662480874,False
en454_control,2024-03-28,-0.03714781314781315,0.01001076434111957,False
en454_control,2024-03-29,-0.10064124196240301,-0.08775744928616877,False
en454_control,2024-04-01,0.07797364820756916,0.2091842797761832,True
en454_control,2024-04-02,0.2019722986373846,0.2682526092993899,False
en454_control,2024-04-03,0.22190823123968062,0.3245446723544098,False
en454_control,2024-04-08,-0.2315501036340546,-0.22076049670787473,False
en454_control,2024-04-09,0.16565127365127366,0.2738778886995224,False
en454_control,2024-04-10,0.10569806201515622,0.13658481309211204,False
en454_control,2024-04-11,0.15982781182781183,0.18724390247853695,False
en454_control,2024-04-12,0.3612667812667813,0.3694751805836061,True
en454_control,2024-04-15,0.2779055659055659,0.3052744492744493,True
en454_control,2024-04-16,-0.22999814599814603,-0.20061310461310464,True
en454_control,2024-04-17,-0.019698277816467484,0.04843089817441054,False
en454_control,2024-04-18,0.22432764574940708,0.26817293375252155,True
en454_control,2024-04-19,-0.2577662654992536,-0.25020606121842537,True
en454_control,2024-04-22,-0.25480842063054693,-0.2501323331402736,False
en454_control,2024-04-23,-0.1499781292298568,-0.14869788974532944,True
en454_control,2024-04-24,0.04487508363536408,0.078236890780377,False
en454_control,2024-04-25,-0.21118713099464972,-0.20318334024382026,True
en454_control,2024-04-26,0.016599863169046755,0.03871397028098438,True
en454_control,2024-04-29,0.006427779162103911,0.09396775924044577,True
en454_control,2024-04-30,-0.03895563553989592,-0.026492613970530824,False
en454_control,2024-05-06,-0.07644082618334738,-0.06407258795720772,False
en454_control,2024-05-07,0.10597937015171481,0.1498976636453016,False
en454_control,2024-05-08,0.017091239536129312,0.026482123565341634,False
en454_control,2024-05-09,-0.05789142265880537,-0.003398496733990464,False
en454_control,2024-05-10,0.1116634182176831,0.12413875079185192,True
en454_control,2024-05-13,-0.016662832637643836,0.010310369790159942,False
en454_control,2024-05-14,0.02041626877000698,0.049195809388478354,False
en454_control,2024-05-15,0.08632823289103905,0.0973478053669663,True
en454_control,2024-05-16,-0.024212358030153817,-0.023429867759168072,False
en454_control,2024-05-17,0.04695997829617534,0.10459320865023264,False
en454_control,2024-05-20,0.08484345622291013,0.10590924051509897,False
en454_control,2024-05-21,0.0014156662055070984,0.014676323315734511,False
en454_control,2024-05-22,-0.0463101698893282,0.0017776032813013908,False
en454_control,2024-05-23,0.2042718061003196,0.24240925840968566,False
en454_control,2024-05-24,0.08987628109070993,0.10206093280019111,False
en454_control,2024-05-27,-0.02426779418338118,-0.01292655662123209,False
en454_control,2024-05-28,0.01566276923824317,0.024153568911235816,False
en454_control,2024-05-29,-0.10417840584981974,-0.061870199809246004,False
en454_control,2024-05-30,-0.21178050767493492,-0.2130924458564052,False
en454_control,2024-05-31,0.0961581175429132,0.12661627965857283,False
en454_control,2024-06-03,0.17635116832139786,0.24940793351078008,False
en454_control,2024-06-04,-0.11726816714453236,-0.10058830687222459,False
en454_control,2024-06-05,0.14095832510052694,0.194490770977803,False
en454_control,2024-06-06,0.026810027415048895,0.08514218030583745,False
en454_control,2024-06-07,-0.12643147878148336,-0.1263587096189739,False
en454_control,2024-06-11,-0.15720207311964443,-0.1435851430784702,False
en454_control,2024-06-12,-0.05213865061303359,-0.0454653299234263,True
en454_control,2024-06-13,-0.05295236166958232,-0.007720199022143629,False
en454_control,2024-06-14,0.04955501583829444,0.054641833181470624,False
en454_control,2024-06-17,-0.061935447607704724,-0.02054082677016105,False
en454_control,2024-06-18,-0.042924186924186924,0.004661398675382872,False
en454_control,2024-06-19,0.01005729408746597,0.018567390678795023,False
en454_control,2024-06-20,0.128148224762282,0.1450493034771501,False
en454_control,2024-06-21,0.19116663356743516,0.24428038058098175,False
en454_control,2024-06-24,0.24383117953370972,0.26109639156148967,False
en454_control,2024-06-25,-0.24857557758158957,-0.24456570872846503,False
en454_control,2024-06-26,-0.06509825075104639,-0.02743970264011059,False
en454_control,2024-06-27,0.10109588340117626,0.12272621930935772,False
en454_control,2024-06-28,0.08368816487574895,0.14233855212965169,False
en454_control,2024-07-01,-0.12235715593026597,-0.08714531111903856,False
en454_control,2024-07-02,-0.029625251392432057,0.0011802405630291148,False
en454_control,2024-07-03,0.019490079257614326,0.05442306266841829,False
en454_control,2024-07-04,-0.10090923174769999,-0.07765285128258341,False
en454_control,2024-07-05,0.08033404948034206,0.12703888256994467,False
en454_control,2024-07-08,-0.04374540123785591,-0.030809282598943024,True
en454_control,2024-07-09,-0.21441402925972058,-0.21218062551529482,False
en454_control,2024-07-10,-0.037532669054423165,-0.020569247344030317,False
en454_control,2024-07-11,-0.036771242405358714,-0.010837833678638276,False
en454_control,2024-07-12,0.013637340747561186,0.09132241006471879,False
en454_control,2024-07-15,-0.20082748818833074,-0.20169778542499447,False
en454_control,2024-07-16,0.10153368240212422,0.203871647436216,False
en454_control,2024-07-17,0.031838395487789,0.03562939295458448,False
en454_control,2024-07-18,-0.053111825806880356,-0.04059204692512292,True
en454_control,2024-07-19,-0.013863061189443793,0.0003930988112573531,False
en454_control,2024-07-22,0.0909767221347252,0.1865588482096373,False
en454_control,2024-07-23,0.1294495642167917,0.16975195350507707,False
en454_control,2024-07-24,-0.03627202592497724,-0.023574797228712606,False
en454_control,2024-07-25,0.045015504124293414,0.06215502757896089,False
en454_control,2024-07-26,0.052702331051200604,0.1047692387471929,False
en454_control,2024-07-29,-0.12039434151614524,-0.1157974175781983,False
en454_control,2024-07-30,-0.08684504331613602,-0.07826112854781704,False
en454_control,2024-07-31,0.011492550458109941,0.09121425019438172,False
en454_control,2024-08-01,0.1635302816154893,0.2121812600026123,False
en454_control,2024-08-02,0.14444475469530985,0.16719297375914596,False
en454_control,2024-08-05,-0.02683931982752737,-0.0030068732683395504,False
en454_control,2024-08-06,-0.02113284051997012,0.025033007330365217,False
en454_control,2024-08-07,0.06992336566628568,0.14267888929226472,False
en454_control,2024-08-08,0.10740553737441845,0.16690193527720032,False
en454_control,2024-08-09,-0.10793862034011209,-0.05074061880935238,False
en454_control,2024-08-12,0.010648446150959539,0.028753202189750873,False
en454_control,2024-08-13,0.14957515897326734,0.21582404790551737,False
en454_control,2024-08-14,0.06449901624419714,0.07717437578841438,False
en454_control,2024-08-15,0.006431439494192225,0.013508923210749613,False
en454_control,2024-08-16,0.003207688669878427,0.058800583142411565,False
en454_control,2024-08-19,-0.006321206978521607,0.03772330859232973,False
en454_control,2024-08-20,0.08468551358604978,0.09197118659432678,False
en454_control,2024-08-21,0.02488869074284348,0.07050097931634754,False
en454_control,2024-08-22,0.07757584862691103,0.0917369601586645,False
en454_control,2024-08-23,-0.024766072983998903,-0.001530857672040842,False
en454_control,2024-08-26,-0.09842937272466085,-0.07779571886540072,False
en454_control,2024-08-27,-0.03299155707002523,-0.019378749529790847,False
en454_control,2024-08-28,0.10469449057899144,0.11293271438627378,False
en454_control,2024-08-29,-0.05878881478881479,-0.06055248073413818,False
en454_control,2024-08-30,0.2341924861924862,0.3090182795593769,False
en454_control,2024-09-02,-0.014821448910377606,-0.009307731586963538,False
en454_control,2024-09-03,-0.11938721060749771,-0.11216472473859432,False
en454_control,2024-09-04,-0.006394724888668082,0.020088318085038432,False
en454_control,2024-09-05,0.044001572001572,0.13887443487443488,False
en454_control,2024-09-06,0.0857116156257173,0.0919959154804208,False
en454_control,2024-09-09,0.018675001291276347,0.02336880796274579,False
en454_control,2024-09-10,-0.20924766597891453,-0.2075421688512762,False
en454_control,2024-09-11,0.182414982832332,0.19527656481282515,False
en454_control,2024-09-12,0.1343008419240884,0.1752462748467674,False
en454_control,2024-09-13,-0.03446943156264139,-0.02174060210798483,False
en454_control,2024-09-18,0.15018644463700398,0.21703681847679612,False
en454_control,2024-09-19,0.09054989262463789,0.1319212864096315,False
en454_control,2024-09-20,-0.021897465897465898,0.009837700014778617,False
en454_control,2024-09-23,-0.11969347169347169,-0.10885834885834887,True
en454_control,2024-09-24,-0.025707392015880723,0.02574745794093982,False
en454_control,2024-09-25,-0.06059035259035259,-0.036404232404232406,True
en454_control,2024-09-26,-0.22585734985734987,-0.22580453780453782,True
en454_control,2024-09-27,-0.27056579456579455,-0.2654099054099054,True
en454_control,2024-09-30,-0.19102678342317075,-0.1560425790408448,True
en454_control,2024-10-08,-0.13731787172982535,-0.08832578885574359,True
en454_control,2024-10-09,0.09210024837654913,0.11668486818541429,True
en454_control,2024-10-10,0.18115261315261316,0.2240936547659358,True
en454_control,2024-10-11,-0.04126081726081726,-0.028922663096199074,True
en454_control,2024-10-14,0.03723824523824524,0.07754326154326154,False
en454_control,2024-10-15,0.026420534420534422,0.058375930551058344,True
en454_control,2024-10-16,-0.12819002695916712,-0.10965572031365464,False
en454_control,2024-10-17,-0.46492819873982194,-0.4650364994252769,True
en454_control,2024-10-18,-0.04935067794789523,-0.05138720493222109,True
en454_control,2024-10-21,0.14353142270473856,0.24284626101360293,True
en454_control,2024-10-22,0.09134192241751309,0.11159952993717548,True
en454_control,2024-10-23,-0.046951394889975365,-0.007136028488122657,True
en454_control,2024-10-24,0.021547192523874954,0.04612101594685591,True
en454_control,2024-10-25,0.09108440733529072,0.1276532560310886,True
en454_control,2024-10-28,0.01513130749135356,0.032069844878232945,True
en454_control,2024-10-29,0.031624014762325514,0.055769283220701064,True
en454_control,2024-10-30,0.026865004674183714,0.032477948727228916,True
en454_control,2024-10-31,0.18638062912612008,0.24944699157743108,True
en454_control,2024-11-01,-0.06435347152011521,-0.05867781247511408,True
en454_control,2024-11-04,-0.02904777941233046,-0.0257215103570218,True
en454_control,2024-11-05,0.08241612088975382,0.11328134901880578,True
en454_control,2024-11-06,0.22265651721755506,0.2696477930594633,True
en454_control,2024-11-07,0.004961069877261337,0.012571303650705811,True
en454_control,2024-11-08,-0.1606899639069572,-0.15957517396166454,True
en454_control,2024-11-11,0.11503826687051714,0.29138968406286686,True
en454_control,2024-11-12,0.07950764423541765,0.11048757128929054,False
en454_control,2024-11-13,-0.0666089272650439,0.05427638391458103,False
en454_control,2024-11-14,0.09339537143992595,0.1559826228642296,True
en454_control,2024-11-15,0.2123816040489387,0.29764599558770993,True
en454_control,2024-11-18,-0.00948734110555851,-0.013547256757041149,False
en454_control,2024-11-19,0.16578441428176754,0.16604743054557286,True
en454_control,2024-11-20,0.05590859741812958,0.06574882429450038,False
en454_control,2024-11-21,0.04045681645681646,0.0768463313074093,True
en454_control,2024-11-22,-0.09492327606235539,-0.09064524773299071,True
en454_control,2024-11-25,-0.06568508565563826,-0.019167759180374,False
en454_control,2024-11-26,-0.24980736924241087,-0.24692703874371588,True
en454_control,2024-11-27,-0.04183985400783505,-0.004694404317055009,False
en454_control,2024-11-28,-0.1131104514497828,-0.10557670021016043,False
en454_control,2024-11-29,0.09496094410047544,0.09442731726013683,False
en454_control,2024-12-02,0.03520852526436815,0.05346387631489937,False
en454_control,2024-12-03,-0.10764387634127112,-0.07907265677387998,False
en454_control,2024-12-04,0.1482990860868261,0.1508257976852555,True
en454_control,2024-12-05,0.09942501402156412,0.16772644772644774,False
en454_control,2024-12-06,0.028220032220032228,0.035827859827859826,False
en454_control,2024-12-09,0.0013373893373893374,0.015445935445935447,False
en454_control,2024-12-10,0.01103918303918304,0.02642960650889533,False
en454_control,2024-12-11,-0.11076355714431865,-0.08846860193020999,False
en454_control,2024-12-12,-0.09861582545163637,-0.09074026877704075,True
en454_control,2024-12-13,-0.1263075630291022,-0.06320909412265462,False
en454_control,2024-12-16,-0.07757108368561967,-0.017429813308774574,False
en454_control,2024-12-17,-0.021333838486699872,-0.005551025139519811,True
en454_control,2024-12-18,0.1043673915090982,0.11432901833065984,False
en454_control,2024-12-19,-0.02290290800187459,-0.023065274751036376,False
en454_control,2024-12-20,-0.17371019546313085,-0.11824813358878095,False
en454_control,2024-12-23,-0.17885588205120398,-0.1788431849356744,False
en454_control,2024-12-24,-0.2128711750336603,-0.16555313876707864,False
en454_control,2024-12-25,0.0650651501226736,0.06515561446718016,False
en454_control,2024-12-26,0.1268738852915799,0.21570087346237493,False
en454_control,2024-12-27,-0.012595050397907486,-0.0038732778645815696,False
pool_factor_control,2024-01-02,-0.02052975360265281,-0.022959383967214895,False
pool_factor_control,2024-01-03,-0.07101327440135287,-0.07613959842868728,False
pool_factor_control,2024-01-04,0.021644051276566816,0.010735090207920215,False
pool_factor_control,2024-01-05,0.00010077733880983286,-0.003082041050947001,False
pool_factor_control,2024-01-08,-0.04742381011238141,-0.04373408883212806,False
pool_factor_control,2024-01-09,0.005704298893897282,0.00040941851317498264,False
pool_factor_control,2024-01-10,0.09361912914108629,0.09493988847638407,False
pool_factor_control,2024-01-11,0.005799717120216898,-0.0015705177936635691,False
pool_factor_control,2024-01-12,-0.02437773933417648,-0.03178743670232316,False
pool_factor_control,2024-01-15,-0.016099735835830586,-0.01790691969317003,False
pool_factor_control,2024-01-16,-0.024560469513673567,-0.04544561299047312,False
pool_factor_control,2024-01-17,0.078044271099782,0.07073092020833754,False
pool_factor_control,2024-01-18,0.027663514354356725,0.004867024897555209,False
pool_factor_control,2024-01-19,-0.047629369940571216,-0.052158193920465126,False
pool_factor_control,2024-01-22,-0.04785202699495413,-0.039464884512626384,False
pool_factor_control,2024-01-23,-0.08625046555548084,-0.09740404955090622,False
pool_factor_control,2024-01-24,0.0009884915116498054,-0.0064928545468981155,False
pool_factor_control,2024-01-25,-0.06509961680373563,-0.06193861769744693,False
pool_factor_control,2024-01-26,-0.06722430049360194,-0.06912654483130086,False
pool_factor_control,2024-01-29,-0.09238910141794852,-0.09210451467478784,False
pool_factor_control,2024-01-30,-0.055661273084820356,-0.057970838125307844,False
pool_factor_control,2024-01-31,0.01297273583383086,0.013818330387521971,False
pool_factor_control,2024-02-01,-0.047594822843978875,-0.0748234971677145,True
pool_factor_control,2024-02-02,-0.019598834569844754,-0.030621525477205876,True
pool_factor_control,2024-02-05,0.002283613880529964,0.0029083987772065708,True
pool_factor_control,2024-02-06,-0.05187024613418758,-0.05680635109026483,True
pool_factor_control,2024-02-07,0.05736240177522679,0.06099314237574795,True
pool_factor_control,2024-02-08,-0.018572222859823358,-0.02071488503652003,False
pool_factor_control,2024-02-19,0.04205846153431958,0.03985921515684673,False
pool_factor_control,2024-02-20,0.015736801357225494,0.014025193883338114,False
pool_factor_control,2024-02-21,0.038528442416864705,0.037950829851041076,False
pool_factor_control,2024-02-22,0.06134099326129708,0.05764505801949382,False
pool_factor_control,2024-02-23,0.020315551059662946,0.012355989299777149,False
pool_factor_control,2024-02-26,0.08061787664419967,0.08314951538789966,False
pool_factor_control,2024-02-27,-0.01216826509290334,-0.07157974890449452,True
pool_factor_control,2024-02-28,0.10185750909404619,0.0975442181440622,True
pool_factor_control,2024-02-29,0.032688815806167774,0.029810343449736976,False
pool_factor_control,2024-03-01,-0.00540391348451128,-0.012665809148899828,False
pool_factor_control,2024-03-04,-0.021150303304371162,-0.044337426097780026,False
pool_factor_control,2024-03-05,-0.025719984823994416,-0.039784483660937425,False
pool_factor_control,2024-03-06,-0.03431296046531046,-0.05396744819292701,False
pool_factor_control,2024-03-07,0.0223572940594204,0.020447851246672435,False
pool_factor_control,2024-03-08,0.04030511228203392,0.03917001485633228,False
pool_factor_control,2024-03-11,0.03688232550896597,0.03432534694773147,False
pool_factor_control,2024-03-12,-0.01196898686716068,-0.010653155462446587,False
pool_factor_control,2024-03-13,-0.0018585123160814187,-0.030007456494145206,False
pool_factor_control,2024-03-14,0.01942343364314603,0.012709739272950396,False
pool_factor_control,2024-03-15,-0.04496458445525866,-0.04623524925597861,False
pool_factor_control,2024-03-18,0.05267900338891151,0.044985259067569165,False
pool_factor_control,2024-03-19,-0.0020687395981670753,-0.004158276299591559,False
pool_factor_control,2024-03-20,0.017670871579915065,0.00828754004509446,False
pool_factor_control,2024-03-21,-0.036891369355058795,-0.04235090023118357,True
pool_factor_control,2024-03-22,-0.11067540506280227,-0.10692724606918377,False
pool_factor_control,2024-03-25,-0.026396118451147893,-0.02315464750741743,False
pool_factor_control,2024-03-26,-0.020946504757020513,-0.04498826723373656,False
pool_factor_control,2024-03-27,-0.015603664267508121,-0.017905467795697808,False
pool_factor_control,2024-03-28,-0.007132751925018829,-0.011294577045351783,False
pool_factor_control,2024-03-29,0.010543808252064165,0.015400610950701622,False
pool_factor_control,2024-04-01,-0.027805310118792496,-0.02586848388728624,True
pool_factor_control,2024-04-02,-0.07316734362328664,-0.08620410050260982,False
pool_factor_control,2024-04-03,-0.033441799914769865,-0.031924537456363734,False
pool_factor_control,2024-04-08,0.020338127966889705,0.023266747002395283,False
pool_factor_control,2024-04-09,-0.060252982663587015,-0.06022396481465086,False
pool_factor_control,2024-04-10,-0.006429327277849538,-0.01254308159896046,False
pool_factor_control,2024-04-11,-0.10309249792267813,-0.09264013688253381,False
pool_factor_control,2024-04-12,-0.09180519826389598,-0.09191118787122521,True
pool_factor_control,2024-04-15,-0.10511521369109618,-0.1167931134449457,True
pool_factor_control,2024-04-16,0.04349674333296841,0.04122588889440255,True
pool_factor_control,2024-04-17,-0.0073390230527224,-0.01148280117533745,False
pool_factor_control,2024-04-18,-0.05927746799572135,-0.0622813484942711,True
pool_factor_control,2024-04-19,0.09540594873766411,0.0947478394534943,True
pool_factor_control,2024-04-22,0.10046663172955218,0.100646103922001,False
pool_factor_control,2024-04-23,0.002784526185005868,-0.0007439081141126268,True
pool_factor_control,2024-04-24,-0.00027850497015510615,-0.0007946415338801367,False
pool_factor_control,2024-04-25,0.09055093198446086,0.09371429355018965,True
pool_factor_control,2024-04-26,0.06037362243952816,0.05717633781979828,True
pool_factor_control,2024-04-29,0.0012517696302092743,0.000857034160621738,True
pool_factor_control,2024-04-30,-0.018795682792616862,-0.023291596484629716,False
pool_factor_control,2024-05-06,0.05695295038521838,0.05795651911080926,False
pool_factor_control,2024-05-07,0.004201869631694431,-0.003104486144235025,False
pool_factor_control,2024-05-08,-0.01850125576678585,-0.02559369852906287,False
pool_factor_control,2024-05-09,-0.06942726723366456,-0.06643202704658371,False
pool_factor_control,2024-05-10,-0.07771041617340639,-0.07883430420328132,True
pool_factor_control,2024-05-13,-0.012413624684722162,-0.014543402527661151,False
pool_factor_control,2024-05-14,-0.011792456440268828,-0.012153325402531936,False
pool_factor_control,2024-05-15,0.028080637929755656,0.02847998625308915,True
pool_factor_control,2024-05-16,0.01413221644254476,0.007199832498081024,False
pool_factor_control,2024-05-17,-0.017866687352531028,-0.024875394866978696,False
pool_factor_control,2024-05-20,-0.021584371025425247,-0.02643414595282537,False
pool_factor_control,2024-05-21,0.02110495099578199,0.021447937716278596,False
pool_factor_control,2024-05-22,-0.008251617243515514,-0.021073782471766743,False
pool_factor_control,2024-05-23,-0.05505282560284167,-0.0631348137892537,False
pool_factor_control,2024-05-24,-0.027717035723016713,-0.0350171198110044,False
pool_factor_control,2024-05-27,0.06721765110880663,0.06641176182706353,False
pool_factor_control,2024-05-28,-0.023652525895274296,-0.02269234218084235,False
pool_factor_control,2024-05-29,0.05619015006097253,0.058269442827276335,False
pool_factor_control,2024-05-30,0.0016912258892146938,-0.002304978333038489,False
pool_factor_control,2024-05-31,-0.10767281528379535,-0.10779350541316801,False
pool_factor_control,2024-06-03,-0.034028210759151044,-0.04653166489803094,False
pool_factor_control,2024-06-04,0.0346514370757303,0.03977554636092308,False
pool_factor_control,2024-06-05,-0.07731589420021175,-0.08596350568952713,False
pool_factor_control,2024-06-06,0.009368908656151491,-0.0027010341472740707,False
pool_factor_control,2024-06-07,0.05949384665724944,0.059180952598927916,False
pool_factor_control,2024-06-11,0.012248847306088276,0.009832552138684404,False
pool_factor_control,2024-06-12,0.024139520218471107,0.020484847525247082,True
pool_factor_control,2024-06-13,-0.12585171871757508,-0.1373580945144658,False
pool_factor_control,2024-06-14,0.046019495519083194,0.04586694576843698,False
pool_factor_control,2024-06-17,-0.0027109703630229342,-0.008204440664861421,False
pool_factor_control,2024-06-18,-0.020524054094044685,-0.023964318914710715,False
pool_factor_control,2024-06-19,0.009804269710612861,0.007848762358339591,False
pool_factor_control,2024-06-20,-0.0011664318417993031,-0.00861937054064694,False
pool_factor_control,2024-06-21,-0.031085905611881477,-0.036712284819817934,False
pool_factor_control,2024-06-24,-0.059223916946511544,-0.0631185406776576,False
pool_factor_control,2024-06-25,0.06721324626004449,0.06669747458875916,False
pool_factor_control,2024-06-26,-0.04133203943507059,-0.04758245656882246,False
pool_factor_control,2024-06-27,-0.07135748119157584,-0.0733713365565534,False
pool_factor_control,2024-06-28,-0.03182702205030669,-0.04047158401866852,False
pool_factor_control,2024-07-01,-0.00491308470924891,-0.010057992901256108,False
pool_factor_control,2024-07-02,0.05566709595736553,0.0474883360979379,False
pool_factor_control,2024-07-03,-0.06115168170217599,-0.07202509408451785,False
pool_factor_control,2024-07-04,0.031329330200602,0.030898752016641447,False
pool_factor_control,2024-07-05,-0.06093291209477271,-0.06039980269527416,False
pool_factor_control,2024-07-08,-0.06874313419268652,-0.06408017552833938,True
pool_factor_control,2024-07-09,0.05386204618586904,0.054676422326891336,False
pool_factor_control,2024-07-10,0.04133752034327744,0.03548440074787936,False
pool_factor_control,2024-07-11,0.05743251188647326,0.05006037818324261,False
pool_factor_control,2024-07-12,-0.033952521162552506,-0.04121155912722022,False
pool_factor_control,2024-07-15,0.0018726524162763181,-0.00030579486813330544,False
pool_factor_control,2024-07-16,0.07744164955170257,0.06288793735737555,False
pool_factor_control,2024-07-17,0.054248069994423456,0.051619935056720606,False
pool_factor_control,2024-07-18,0.0740331918508903,0.0741068952644118,True
pool_factor_control,2024-07-19,0.0506641888352153,0.04473709877711821,False
pool_factor_control,2024-07-22,0.04752197060258378,0.033121918012937956,False
pool_factor_control,2024-07-23,0.01513889037690826,0.011222135196250833,False
pool_factor_control,2024-07-24,0.037694774894621544,0.03206479111622471,False
pool_factor_control,2024-07-25,-0.06067458363971522,-0.0658666705035569,False
pool_factor_control,2024-07-26,-0.06687267158869956,-0.07196036374153461,False
pool_factor_control,2024-07-29,0.05287973005735265,0.056937923405613856,False
pool_factor_control,2024-07-30,-0.007700398444110808,-0.00696055620065182,False
pool_factor_control,2024-07-31,0.03797866686923001,0.02988025926376475,False
pool_factor_control,2024-08-01,0.03485239400831518,0.02979974616489194,False
pool_factor_control,2024-08-02,-0.020440592527647374,-0.027035760272854325,False
pool_factor_control,2024-08-05,0.07369224393935994,0.0712921182186838,False
pool_factor_control,2024-08-06,-0.017990015280343878,-0.026674151111024648,False
pool_factor_control,2024-08-07,0.030738140786133347,0.022166262679664216,False
pool_factor_control,2024-08-08,-0.05999427337386693,-0.06815803071107145,False
pool_factor_control,2024-08-09,-0.017651290951688856,-0.016909639966874092,False
pool_factor_control,2024-08-12,-0.02845141275135092,-0.030556499177229524,False
pool_factor_control,2024-08-13,-0.05175969448228962,-0.0551868215805415,False
pool_factor_control,2024-08-14,0.0164876695397787,0.018016360118577594,False
pool_factor_control,2024-08-15,0.00800402098938143,0.004618851398601766,False
pool_factor_control,2024-08-16,-0.04831552778763717,-0.049206526123601636,False
pool_factor_control,2024-08-19,-0.009912014870293449,-0.02088314274025827,False
pool_factor_control,2024-08-20,-0.0009627208429529027,-0.004633902206270777,False
pool_factor_control,2024-08-21,0.03229527988647726,0.021667841479439738,False
pool_factor_control,2024-08-22,-0.06339550375907364,-0.06173040082636808,False
pool_factor_control,2024-08-23,-0.01100405996342466,-0.007090174094925848,False
pool_factor_control,2024-08-26,0.03382043543528366,0.03169318033958931,False
pool_factor_control,2024-08-27,0.07514019044556623,0.07175427662357424,False
pool_factor_control,2024-08-28,0.01892702413598192,0.01757344832679426,False
pool_factor_control,2024-08-29,-0.0023872588450395277,-0.0028331378787157815,False
pool_factor_control,2024-08-30,0.0005322498225999007,-0.002391391154050365,False
pool_factor_control,2024-09-02,0.025449483877688125,0.024084951326855206,False
pool_factor_control,2024-09-03,0.06682931633037693,0.06401026851585179,False
pool_factor_control,2024-09-04,0.02609574588166724,0.018630271339664942,False
pool_factor_control,2024-09-05,0.02953645750840201,0.017896666151798687,False
pool_factor_control,2024-09-06,-0.013012766386369046,-0.01775097877278723,False
pool_factor_control,2024-09-09,0.012338940346528894,0.013151625033361257,False
pool_factor_control,2024-09-10,-0.05599495376177014,-0.05144650812977405,False
pool_factor_control,2024-09-11,0.0515356697910693,0.051723216640537736,False
pool_factor_control,2024-09-12,-0.047335829964915,-0.06999201693743944,False
pool_factor_control,2024-09-13,-0.0024590035434199874,-0.008056640771296373,False
pool_factor_control,2024-09-18,0.026000631122190292,0.020649623315173306,False
pool_factor_control,2024-09-19,-0.006018264213367548,-0.010767455934987073,False
pool_factor_control,2024-09-20,-0.023568977665937716,-0.02718673013950914,False
pool_factor_control,2024-09-23,0.0035185963588801016,0.002264465543216444,True
pool_factor_control,2024-09-24,0.06489174321927955,0.06297843851200106,False
pool_factor_control,2024-09-25,-0.021712327290862424,-0.028054806482601946,True
pool_factor_control,2024-09-26,0.006740235963315333,0.0065026933651931755,True
pool_factor_control,2024-09-27,0.10342158575937563,0.10688567713161705,True
pool_factor_control,2024-09-30,0.048161856970187586,0.04422775728971591,True
pool_factor_control,2024-10-08,-0.019222841190744664,-0.018030423129581582,True
pool_factor_control,2024-10-09,-0.043942992215315224,-0.04349673306010653,True
pool_factor_control,2024-10-10,-0.062430300964861817,-0.054859977385139085,True
pool_factor_control,2024-10-11,-0.020205926368024495,-0.024940424583546738,True
pool_factor_control,2024-10-14,0.02038621532459931,0.01645402442055394,False
pool_factor_control,2024-10-15,0.002653406214222752,-0.0029532256596046754,True
pool_factor_control,2024-10-16,0.07601732273460228,0.07351104756154465,False
pool_factor_control,2024-10-17,0.026154767610301555,0.02542946907717449,True
pool_factor_control,2024-10-18,-0.010161041314362,-0.009995734784366597,True
pool_factor_control,2024-10-21,-0.039326980037556206,-0.044240404548372574,True
pool_factor_control,2024-10-22,0.03446161377079953,0.037840646379613645,True
pool_factor_control,2024-10-23,-0.039623537489158256,-0.04721312079760872,True
pool_factor_control,2024-10-24,0.04901836221071916,0.04578719035389127,True
pool_factor_control,2024-10-25,0.015608025850480841,0.009527407366085892,True
pool_factor_control,2024-10-28,0.0014825091058200243,-0.006124977494220585,True
pool_factor_control,2024-10-29,0.02879262909395899,0.026120218468271558,True
pool_factor_control,2024-10-30,0.06588746881545868,0.06245045935483117,True
pool_factor_control,2024-10-31,-0.008461461556051387,-0.026646133892081442,True
pool_factor_control,2024-11-01,0.09279115148583182,0.09437778473540348,True
pool_factor_control,2024-11-04,0.09404739267940211,0.09460125939686796,True
pool_factor_control,2024-11-05,-0.050699937248750986,-0.05661225995352907,True
pool_factor_control,2024-11-06,0.029164854216962254,0.020046751401735025,True
pool_factor_control,2024-11-07,0.052028209030725886,0.04676959953146674,True
pool_factor_control,2024-11-08,0.06607300577123783,0.06417177724449406,True
pool_factor_control,2024-11-11,-0.0310300710910364,-0.054484746971792,True
pool_factor_control,2024-11-12,0.026510230280454655,0.012949592547932966,False
pool_factor_control,2024-11-13,-0.006884023869277613,-0.028079551515469328,False
pool_factor_control,2024-11-14,-0.08735050719748569,-0.09337900636356043,True
pool_factor_control,2024-11-15,-0.027949626048947844,-0.019683550368400474,True
pool_factor_control,2024-11-18,0.07441147185457123,0.07390183872418406,False
pool_factor_control,2024-11-19,0.012840556392258068,0.012674572369667993,True
pool_factor_control,2024-11-20,-0.03614090948066104,-0.0401657648827179,False
pool_factor_control,2024-11-21,-0.02986106565253579,-0.04459049464148928,True
pool_factor_control,2024-11-22,-0.012658478154289039,-0.0167321797709711,True
pool_factor_control,2024-11-25,-0.032471522425755496,-0.050677435628884944,False
pool_factor_control,2024-11-26,0.008966315728400695,0.010403799944535207,True
pool_factor_control,2024-11-27,0.04623618754161686,0.035724056926076,False
pool_factor_control,2024-11-28,-0.034137932725926995,-0.03922043742597901,False
pool_factor_control,2024-11-29,0.04175775190538274,0.0413520459288141,False
pool_factor_control,2024-12-02,0.020391933917084507,0.008340055037992468,False
pool_factor_control,2024-12-03,-0.03146868998134613,-0.0320715443690672,False
pool_factor_control,2024-12-04,0.03920490653012823,0.04046140470288955,True
pool_factor_control,2024-12-05,-0.029500083586262726,-0.05724513482094173,False
pool_factor_control,2024-12-06,0.029143073740920518,0.02980076892607225,False
pool_factor_control,2024-12-09,-0.025317466078594895,-0.02740370401006485,False
pool_factor_control,2024-12-10,-0.03372194641977311,-0.03209337682076921,False
pool_factor_control,2024-12-11,-0.03842110255223011,-0.05191622113140525,False
pool_factor_control,2024-12-12,-0.018945323359197724,-0.022176604404365207,True
pool_factor_control,2024-12-13,-0.028423031363126613,-0.03963141931959194,False
pool_factor_control,2024-12-16,0.009215688517258026,0.005653702988156864,False
pool_factor_control,2024-12-17,0.038687662609007224,0.03237234662724297,True
pool_factor_control,2024-12-18,-0.03224310358671684,-0.03354246024159275,False
pool_factor_control,2024-12-19,-0.004656496896247047,-0.0046944205329195795,False
pool_factor_control,2024-12-20,-0.02435328240592831,-0.025167001376281972,False
pool_factor_control,2024-12-23,-0.016641895770102198,-0.013630569778038722,False
pool_factor_control,2024-12-24,-0.021147628695961408,-0.019373857660296822,False
pool_factor_control,2024-12-25,0.08145916550805497,0.07494719352727382,False
pool_factor_control,2024-12-26,-0.03180995394210147,-0.04535844002847095,False
pool_factor_control,2024-12-27,0.05118783744006684,0.04462263154613228,False
noise_control,2024-01-02,-0.0003138565619690863,0.005269759557272828,False
noise_control,2024-01-03,0.0031225642002670616,0.006594324850259728,False
noise_control,2024-01-04,-0.0013554477849165518,0.005405529847992343,False
noise_control,2024-01-05,0.05273032020408418,0.04798171104321837,False
noise_control,2024-01-08,0.07543350897493405,0.06776965990344304,False
noise_control,2024-01-09,0.003863005812932993,0.0020106288605855685,False
noise_control,2024-01-10,0.018344545111344715,0.009647361135990707,False
noise_control,2024-01-11,-0.003450938285681828,-0.007292274097273758,False
noise_control,2024-01-12,0.015687273150833504,0.014920505614847316,False
noise_control,2024-01-15,0.03861072954634087,0.04182108813891824,False
noise_control,2024-01-16,-0.027996648034798267,-0.027164611505292865,False
noise_control,2024-01-17,-0.07365720228118347,-0.07340684438822992,False
noise_control,2024-01-18,0.014245698861609687,0.006502232032437201,False
noise_control,2024-01-19,-0.04407598379943069,-0.041490079257614325,False
noise_control,2024-01-22,-0.061607003982761324,-0.06078354999463718,False
noise_control,2024-01-23,0.00030268344496801403,-0.003462510627636719,False
noise_control,2024-01-24,0.04021487233551695,0.022780582848924598,False
noise_control,2024-01-25,-0.036093366201646306,-0.03335936336092522,False
noise_control,2024-01-26,-0.002961026961026961,0.001718041718041718,False
noise_control,2024-01-29,0.029317457317457322,0.026445578445578447,False
noise_control,2024-01-30,0.054515382515382516,0.061833505833505845,False
noise_control,2024-01-31,0.06153025005885795,0.06705686047942314,False
noise_control,2024-02-01,0.022596014852527872,0.03248873723422821,True
noise_control,2024-02-02,-0.03101659174204264,-0.025107379925015192,True
noise_control,2024-02-05,-0.006244200300398103,-0.007529689642634989,True
noise_control,2024-02-06,0.021360717360717364,0.025234771310475624,True
noise_control,2024-02-07,-0.019665547665547668,-0.017970161970161973,True
noise_control,2024-02-08,-0.026942667023495025,-0.029050229573133714,False
noise_control,2024-02-19,0.030421602604132215,0.01979666098446068,False
noise_control,2024-02-20,-0.005534027567231733,-0.0044583945252704435,False
noise_control,2024-02-21,-0.005652547687465221,-0.0059843610004797045,False
noise_control,2024-02-22,-0.001678172106106048,-0.000844825402410352,False
noise_control,2024-02-23,-0.01228422742666063,-0.01776817821802808,False
noise_control,2024-02-26,-0.01396185800374358,-0.01211932819204416,False
noise_control,2024-02-27,0.036296052296052296,0.03361062961062962,True
noise_control,2024-02-28,0.02893417693417694,0.025392037544389772,True
noise_control,2024-02-29,0.010181824945461845,0.011569610519861578,False
noise_control,2024-03-01,-0.029835437835437836,-0.032871104871104874,False
noise_control,2024-03-04,-0.003865242963298653,-0.0017619403240304711,False
noise_control,2024-03-05,8.865294862637699e-05,0.007897902542565007,False
noise_control,2024-03-06,-0.014814048044814714,-0.028946874195019203,False
noise_control,2024-03-07,-0.08299423954242911,-0.08438735276159368,False
noise_control,2024-03-08,0.024831448912427074,0.02726446696238851,False
noise_control,2024-03-11,0.02058663408771285,0.02497462830418695,False
noise_control,2024-03-12,-0.006868909278511172,-0.009137098556505088,False
noise_control,2024-03-13,0.014156005918082498,0.012482490685910785,False
noise_control,2024-03-14,-0.02514564910864942,-0.01815267898412931,False
noise_control,2024-03-15,0.04167528826499456,0.03968975966498085,False
noise_control,2024-03-18,-0.00665800277784683,-0.009411344182896892,False
noise_control,2024-03-19,0.030514225887366086,0.031878931642259585,False
noise_control,2024-03-20,-0.001746277877248723,-0.0038545204331954658,False
noise_control,2024-03-21,-0.07854443454443456,-0.07607268407268408,True
noise_control,2024-03-22,-0.03111652498351654,-0.03669274885566404,False
noise_control,2024-03-25,0.01298744074074536,0.01810714523314873,False
noise_control,2024-03-26,-0.005016125016125017,-0.003490335500806508,False
noise_control,2024-03-27,-0.008893454946815676,-0.009080579423369217,False
noise_control,2024-03-28,-0.06493585693585695,-0.06878389705376571,False
noise_control,2024-03-29,-0.001374649420012852,0.004956995269285981,False
noise_control,2024-04-01,0.012182916219464969,0.009364528375897494,True
noise_control,2024-04-02,0.04557815308223216,0.04476281030627486,False
noise_control,2024-04-03,0.011596703666283889,-0.0007835950680401295,False
noise_control,2024-04-08,-0.0042256122636427735,0.004362418519465589,False
noise_control,2024-04-09,-0.004620616620616622,0.0004926004940782957,False
noise_control,2024-04-10,-0.0022130242196632924,-0.0013825874282128144,False
noise_control,2024-04-11,-0.033567081567081575,-0.027515813166762007,False
noise_control,2024-04-12,0.03900788700788701,0.03921833133598634,True
noise_control,2024-04-15,0.01565707565707566,0.011665211665211665,True
noise_control,2024-04-16,0.009874749874749875,0.00304931104931105,True
noise_control,2024-04-17,0.03925656349210288,0.04175000525300547,False
noise_control,2024-04-18,0.004106560279035815,0.0028893636174833408,True
noise_control,2024-04-19,0.05132481486455933,0.04771854258165523,True
noise_control,2024-04-22,-0.025032421407907735,-0.029060010803611504,False
noise_control,2024-04-23,0.018173056130740044,0.016798881279394242,True
noise_control,2024-04-24,0.027461583910949775,0.02506920229576639,False
noise_control,2024-04-25,-0.017640281753261978,-0.020165082801891023,True
noise_control,2024-04-26,0.05883929485341473,0.04979396483317324,True
noise_control,2024-04-29,-0.02036028934272174,-0.012466265341107187,True
noise_control,2024-04-30,0.0030749311602067783,0.0011732359421063707,False
noise_control,2024-05-06,-0.0050224957435890324,-0.006145469685211233,False
noise_control,2024-05-07,0.0073199732798931195,0.008855639232987414,False
noise_control,2024-05-08,0.02021709485036138,0.019975097462041784,False
noise_control,2024-05-09,-0.018799322425028204,-0.011684185327823038,False
noise_control,2024-05-10,0.0037998843366664585,0.003919199080182872,True
noise_control,2024-05-13,0.002564775344461159,0.0028998226255385726,False
noise_control,2024-05-14,0.03233279899235827,0.03441618876994998,False
noise_control,2024-05-15,-0.003946945071573768,-0.005823413589745866,True
noise_control,2024-05-16,0.02737236735443703,0.025748691220705094,False
noise_control,2024-05-17,0.04189180288721942,0.03697895316611273,False
noise_control,2024-05-20,0.023053918123124656,0.01674658923202185,False
noise_control,2024-05-21,0.025464707881776686,0.031266077579636294,False
noise_control,2024-05-22,-0.048425439467523625,-0.04770449679696475,False
noise_control,2024-05-23,0.026706789114004516,0.030687197440081256,False
noise_control,2024-05-24,0.04677718199161084,0.045221448616238474,False
noise_control,2024-05-27,0.025778709075332803,0.024137476096011433,False
noise_control,2024-05-28,-0.03376845958539094,-0.034867394734900505,False
noise_control,2024-05-29,-0.02508951175253553,-0.02131261398672661,False
noise_control,2024-05-30,0.05649339862473549,0.053114931015094895,False
noise_control,2024-05-31,0.012788930984399151,0.012612808183890168,False
noise_control,2024-06-03,-0.05628881271253399,-0.06021496389617879,False
noise_control,2024-06-04,-0.004785852802658977,-0.00480267002645308,False
noise_control,2024-06-05,0.0931490668793291,0.08789187523179008,False
noise_control,2024-06-06,0.0072960219190493164,0.015856231302250036,False
noise_control,2024-06-07,-0.03906980588792874,-0.040510207333146954,False
noise_control,2024-06-11,0.0379261802830647,0.0370416088672145,False
noise_control,2024-06-12,-0.000888461623940884,-0.0016082737058915092,True
noise_control,2024-06-13,0.04541658281882653,0.047529574255348664,False
noise_control,2024-06-14,0.033048885747412604,0.03222713176067995,False
noise_control,2024-06-17,0.018430542928167596,0.010686976009091386,False
noise_control,2024-06-18,0.011066375066375067,0.010594228626011313,False
noise_control,2024-06-19,-0.030232182232182235,-0.03124998734373731,False
noise_control,2024-06-20,0.03235216388438187,0.03526497821330133,False
noise_control,2024-06-21,-0.021028314888034322,-0.020231104852347335,False
noise_control,2024-06-24,-0.016397979388175443,-0.014040601303060365,False
noise_control,2024-06-25,0.010874939067323836,0.009708967513733074,False
noise_control,2024-06-26,0.009123574503732915,0.014868457859690218,False
noise_control,2024-06-27,0.017274128510966904,0.018739978994074386,False
noise_control,2024-06-28,-0.009461102584230678,-0.012261276507162057,False
noise_control,2024-07-01,0.03009254169694816,0.02712096383243662,False
noise_control,2024-07-02,0.02881458499023829,0.032288612782475114,False
noise_control,2024-07-03,0.022597254569198453,0.025644321830714408,False
noise_control,2024-07-04,-0.04738658467701543,-0.03836654479987988,False
noise_control,2024-07-05,0.010669483110364872,0.005851342324288216,False
noise_control,2024-07-08,0.021881071715576156,0.023999001293867027,True
noise_control,2024-07-09,-0.006123189321586114,-0.005946872724427834,False
noise_control,2024-07-10,0.045992104467168886,0.04882339028170663,False
noise_control,2024-07-11,0.0546972386496551,0.05753074099927337,False
noise_control,2024-07-12,0.02054737703635499,0.03592341655824668,False
noise_control,2024-07-15,-0.0006588794629478972,-0.0010493852090824232,False
noise_control,2024-07-16,-0.017805220372879432,-0.031323948822801984,False
noise_control,2024-07-17,-0.0028886723802093155,-0.000690433130367042,False
noise_control,2024-07-18,-0.033821064136516026,-0.03103481627698179,True
noise_control,2024-07-19,-0.011959245960674434,-0.005554817467466034,False
noise_control,2024-07-22,0.03467324829206064,0.01811887802605022,False
noise_control,2024-07-23,0.01903022613852498,0.024438750114332237,False
noise_control,2024-07-24,0.00895330754691795,0.0030054055995410787,False
noise_control,2024-07-25,-0.01429475738776386,-0.012947458562384374,False
noise_control,2024-07-26,-0.012466160019348277,-0.0046814302033212326,False
noise_control,2024-07-29,0.035042993187541734,0.03571441772043609,False
noise_control,2024-07-30,0.005199548594313979,0.00638540939230935,False
noise_control,2024-07-31,-0.04025723148226711,-0.03257637867691177,False
noise_control,2024-08-01,0.02949425871648057,0.030944857182604306,False
noise_control,2024-08-02,-0.005462884052597226,-0.013803270884193253,False
noise_control,2024-08-05,0.007533084396558293,0.007121496065845737,False
noise_control,2024-08-06,-0.044674245774444066,-0.04450406592843264,False
noise_control,2024-08-07,0.007457519149302847,0.007634360367465399,False
noise_control,2024-08-08,-0.024088110052425626,-0.025319071260518217,False
noise_control,2024-08-09,-0.001832593435069312,0.0050659553286779594,False
noise_control,2024-08-12,-0.01340912803210459,-0.014908793492536243,False
noise_control,2024-08-13,0.01212119393959498,0.021834663432641954,False
noise_control,2024-08-14,-0.03869005891269042,-0.03776612230755685,False
noise_control,2024-08-15,0.0012764869192723608,-7.966083201673897e-05,False
noise_control,2024-08-16,0.007234511107707975,-0.0012866938362279816,False
noise_control,2024-08-19,-0.03545273128840262,-0.02353772416766784,False
noise_control,2024-08-20,0.05500110808718208,0.0570107801169504,False
noise_control,2024-08-21,0.033660101590450006,0.03212796721177117,False
noise_control,2024-08-22,-0.025072102237725005,-0.027696727620307518,False
noise_control,2024-08-23,0.0025095476539812073,-0.0005929878398074691,False
noise_control,2024-08-26,0.01271958675774552,0.008866846356476669,False
noise_control,2024-08-27,0.024364843899829115,0.02979003309672695,False
noise_control,2024-08-28,0.027248283738752856,0.026981326762094388,False
noise_control,2024-08-29,-0.018744174744174745,-0.01764096569388859,False
noise_control,2024-08-30,-0.04371828771828772,-0.04803780292007118,False
noise_control,2024-09-02,0.00035911236126703547,-0.0013442653845933466,False
noise_control,2024-09-03,0.019873212404305347,0.018626686664270788,False
noise_control,2024-09-04,0.09492840595049148,0.09168322807641778,False
noise_control,2024-09-05,0.002672138672138672,0.018503634503634504,False
noise_control,2024-09-06,-0.00886209947358436,-0.008388621636393862,False
noise_control,2024-09-09,0.0627347808050286,0.06105747783485825,False
noise_control,2024-09-10,0.02786043433190842,0.02693124302059449,False
noise_control,2024-09-11,0.04900077541084539,0.048237842932570545,False
noise_control,2024-09-12,0.012647745942335118,0.01182742733680139,False
noise_control,2024-09-13,-0.032552974011404036,-0.03134616325166136,False
noise_control,2024-09-18,-0.007922023945790018,-0.012342913675948424,False
noise_control,2024-09-19,-0.06418400507228536,-0.060489534976268286,False
noise_control,2024-09-20,-0.016964896964896965,-0.020025656386118206,False
noise_control,2024-09-23,0.02818168018168018,0.02852393252393253,True
noise_control,2024-09-24,0.0325197989100365,0.028511531731676074,False
noise_control,2024-09-25,0.0238973038973039,0.025998169998170003,True
noise_control,2024-09-26,0.04346860346860347,0.04178328578328579,True
noise_control,2024-09-27,0.03255460455460455,0.03095703095703096,True
noise_control,2024-09-30,-0.102555909169649,-0.1034315206156426,True
noise_control,2024-10-08,0.010343452374482733,0.002096708109288358,True
noise_control,2024-10-09,-0.007665751688748944,-0.01535781381854824,True
noise_control,2024-10-10,-0.03298716898716899,-0.036818136928591344,True
noise_control,2024-10-11,-0.008891240891240892,-0.005158331189281176,True
noise_control,2024-10-14,0.05502641502641503,0.04945134145134145,False
noise_control,2024-10-15,-0.0038952518952518954,0.00127010527391559,True
noise_control,2024-10-16,0.04028400452570856,0.03238149257578153,False
noise_control,2024-10-17,0.016053476322013392,0.014963055239608341,True
noise_control,2024-10-18,-0.033460721473131984,-0.03622601295901271,True
noise_control,2024-10-21,0.05053051833545191,0.04161412385916718,True
noise_control,2024-10-22,0.08426492213543774,0.0849715157215455,True
noise_control,2024-10-23,-0.009995243724566548,-0.005608803765153165,True
noise_control,2024-10-24,0.00033961194203385573,0.005016970985402584,True
noise_control,2024-10-25,-0.03347384113582704,-0.038691429785505424,True
noise_control,2024-10-28,0.04866065093038598,0.052303552919901235,True
noise_control,2024-10-29,0.026668865115606816,0.01901807275544959,True
noise_control,2024-10-30,-0.00031311323705540423,0.0016877137327347721,True
noise_control,2024-10-31,-0.009834467734267332,-0.020020118435189405,True
noise_control,2024-11-01,-0.0283530003744194,-0.020504580300502152,True
noise_control,2024-11-04,-0.013602954215221551,-0.011589052942373352,True
noise_control,2024-11-05,-0.015471722284004402,-0.011681490552049641,True
noise_control,2024-11-06,0.0046839502058867565,0.013059742917872827,True
noise_control,2024-11-07,-0.010299851874676549,-0.006408007615279981,True
noise_control,2024-11-08,-0.026721363528799454,-0.027108990542651666,True
noise_control,2024-11-11,-0.043849959671572805,-0.03296247083113213,True
noise_control,2024-11-12,-0.03412401312408832,-0.0383006432165363,False
noise_control,2024-11-13,0.004489018760289487,0.010808814117455209,False
noise_control,2024-11-14,0.0500427724645468,0.05463472570002581,True
noise_control,2024-11-15,0.013282408661166173,0.01057854450817113,True
noise_control,2024-11-18,-0.021664728987492877,-0.02529666555511422,False
noise_control,2024-11-19,-0.039439617557936416,-0.03742986754215715,True
noise_control,2024-11-20,0.0009368709621664786,-3.432005130848091e-05,False
noise_control,2024-11-21,0.0010122730122730124,-0.0017628137733906564,True
noise_control,2024-11-22,0.011713811854377598,0.011490443628328953,True
noise_control,2024-11-25,0.01285014723565166,0.019917994009383492,False
noise_control,2024-11-26,0.044256284473620774,0.0424332090152269,True
noise_control,2024-11-27,-0.01635883182689352,-0.007822775502347508,False
noise_control,2024-11-28,-0.029111729199064393,-0.032097812290399166,False
noise_control,2024-11-29,0.026737467058316665,0.02701078582110941,False
noise_control,2024-12-02,-0.01435880173066494,-0.0026829096448206997,False
noise_control,2024-12-03,0.02687095512346013,0.03143343782379699,False
noise_control,2024-12-04,-0.028940106850153965,-0.029722681862715036,True
noise_control,2024-12-05,0.041705045955276236,0.05227422427422428,False
noise_control,2024-12-06,-0.031944043944043946,-0.03631347631347632,False
noise_control,2024-12-09,-0.016432204432204434,-0.016565308565308568,False
noise_control,2024-12-10,-0.027975939975939976,-0.02363618370709226,False
noise_control,2024-12-11,0.003660678714786931,0.007544506521084289,False
noise_control,2024-12-12,0.040497070572515115,0.04127149145151822,True
noise_control,2024-12-13,0.04131881585824888,0.04556693312440985,False
noise_control,2024-12-16,-0.02278729524796383,-0.0363999979151136,False
noise_control,2024-12-17,-0.025132375950360965,-0.02761069268699867,True
noise_control,2024-12-18,0.043461777584818215,0.04056247726313682,False
noise_control,2024-12-19,-0.011890859248676609,-0.01099198549580555,False
noise_control,2024-12-20,0.012494639191980175,0.0006840426148426205,False
noise_control,2024-12-23,-0.03787896900421288,-0.03988928673282978,False
noise_control,2024-12-24,0.04971136700053562,0.038748579237449086,False
noise_control,2024-12-25,0.026708746534939303,0.022336675490777388,False
noise_control,2024-12-26,-0.05794163764684207,-0.06247793063643551,False
noise_control,2024-12-27,-0.006066373839021718,-0.0003796127495879332,False
