candidate,date,ric,plain_ic,stress
m_raw,2024-01-02,0.15480254144427272,0.1762093228049445,False
m_raw,2024-01-03,0.03848158959785756,0.05636907064556195,False
m_raw,2024-01-04,0.1383142774779606,0.23231861561188788,False
m_raw,2024-01-05,0.03305323093959586,0.05353269350686781,False
m_raw,2024-01-08,0.08301547808559934,0.09316339689925847,False
m_raw,2024-01-09,0.0031641728642158103,-0.012199958111990577,False
m_raw,2024-01-10,-0.12642937523070716,-0.10041864551354185,False
m_raw,2024-01-11,0.22710017451994524,0.2218547039091165,False
m_raw,2024-01-12,0.011201372436498455,0.03867354099942218,False
m_raw,2024-01-15,-0.011130244777804766,0.001205802378977336,False
m_raw,2024-01-16,0.09548111443210358,0.2036912932724068,False
m_raw,2024-01-17,-0.08895880036421258,-0.07625591712466029,False
m_raw,2024-01-18,0.15363014497608157,0.23215560282596873,False
m_raw,2024-01-19,0.02876083832732001,0.04808059402568379,False
m_raw,2024-01-22,0.03185329801660786,0.04625966978821934,False
m_raw,2024-01-23,0.1310821498123919,0.20782824860370455,False
m_raw,2024-01-24,0.09295488014859525,0.11640728364659088,False
m_raw,2024-01-25,0.2328490544749625,0.3547203124040621,False
m_raw,2024-01-26,0.13084377585375442,0.14128734677245194,False
m_raw,2024-01-29,0.014530818672102581,0.027649271612262934,False
m_raw,2024-01-30,0.09206929954697393,0.13876147256193688,False
m_raw,2024-01-31,-0.05764907262023084,-0.09019366257618043,False
m_raw,2024-02-01,-0.032272840171219216,0.09229524486479336,True
m_raw,2024-02-02,0.03021148528969741,0.08641934021894289,True
m_raw,2024-02-05,0.11065168654418421,0.07177383264551869,True
m_raw,2024-02-06,0.01068483692865292,0.004011868866397021,True
m_raw,2024-02-07,0.13212087629899888,0.07601496592570597,True
m_raw,2024-02-08,-0.08098348707461506,-0.05905003038763695,False
m_raw,2024-02-19,-0.021738123150916493,-0.02735724581063526,False
m_raw,2024-02-20,0.006627187939371282,-0.07119104935474405,False
m_raw,2024-02-21,0.06834827188123105,0.03508301681654534,False
m_raw,2024-02-22,0.07072841797423733,0.013191035994496128,False
m_raw,2024-02-23,0.07181316483288692,7.713012387097962e-05,False
m_raw,2024-02-26,0.07258790127545608,-0.08523905904362854,False
m_raw,2024-02-27,-0.03832168487469354,0.15260818070418183,True
m_raw,2024-02-28,0.21152567806000888,0.21978726431707268,False
m_raw,2024-02-29,0.024775600045979465,-0.03990067358163863,False
m_raw,2024-03-01,-0.06326467168901848,-0.04317565714923504,False
m_raw,2024-03-04,-0.02051773691198461,0.13399305415770618,False
m_raw,2024-03-05,0.03891364681985753,0.0760845927765714,False
m_raw,2024-03-06,-0.003489915754578558,0.1198435943935798,False
m_raw,2024-03-07,0.06213370717306459,0.06110927622706725,False
m_raw,2024-03-08,0.08240460796505565,-0.00493905552151533,False
m_raw,2024-03-11,-0.08974680924245985,-0.09939078850247486,False
m_raw,2024-03-12,0.004703949088512379,-0.02188005824118526,False
m_raw,2024-03-13,0.10243038195172649,0.22094787851953576,False
m_raw,2024-03-14,0.0697806429991456,0.0716930741402259,False
m_raw,2024-03-15,0.011173616681667104,-0.0128883923706489,False
m_raw,2024-03-18,0.06344881772480333,0.09699851458342239,False
m_raw,2024-03-19,0.0029713116220289387,0.006157833797113642,False
m_raw,2024-03-20,0.0926784098628427,0.177435335868709,False
m_raw,2024-03-21,-0.06724637096463204,-0.06208314893436202,True
m_raw,2024-03-22,0.1001442570031222,0.19032129218141977,False
m_raw,2024-03-25,-0.07490862198778975,-0.08686647971334568,False
m_raw,2024-03-26,0.0030291696471203187,0.14041039389657936,False
m_raw,2024-03-27,-0.07486120213288894,-0.032461568556197994,False
m_raw,2024-03-28,0.05184254517420414,0.07931751321214438,False
m_raw,2024-03-29,0.11530386186358706,0.1195456648989067,False
m_raw,2024-04-01,0.1546219035261171,0.2801634891695937,True
m_raw,2024-04-02,0.07649261796651152,0.13749081968334684,False
m_raw,2024-04-03,-0.04810055791307273,0.03851443835212539,False
m_raw,2024-04-08,0.16621333711270206,0.17029936125839537,False
m_raw,2024-04-09,0.06824501339540805,0.14469507325146821,False
m_raw,2024-04-10,-0.003419818302131538,0.044661051925385414,False
m_raw,2024-04-11,0.000656604804340902,0.016114571755568633,False
m_raw,2024-04-12,-0.062310056460518654,-0.05832555704899506,True
m_raw,2024-04-15,-0.09121904037504087,-0.08688861365655601,True
m_raw,2024-04-16,0.013452358923067976,0.02881393233436961,True
m_raw,2024-04-17,-0.09052194725999228,-0.05303784024426319,False
m_raw,2024-04-18,0.08515429278123322,0.12355344026446945,True
m_raw,2024-04-19,0.056763550216513206,0.033676603678555496,True
m_raw,2024-04-22,0.008697694237186254,-0.05872286816869408,False
m_raw,2024-04-23,0.10336877792387421,0.033259212885096465,True
m_raw,2024-04-24,0.03383940262014822,0.03809505721004848,False
m_raw,2024-04-25,0.0954217609611105,0.03679970036060364,True
m_raw,2024-04-26,0.054586655766921496,0.054959497447535116,True
m_raw,2024-04-29,0.04998071967960415,0.10351335506967618,True
m_raw,2024-04-30,-0.06354129759440236,-0.05839997248067103,False
m_raw,2024-05-06,0.061601023173295986,0.029500498388904704,False
m_raw,2024-05-07,-0.016637212555820444,0.02224089902013767,False
m_raw,2024-05-08,-0.020979893069295163,-0.018553598642541726,False
m_raw,2024-05-09,0.1236660999696056,0.2237858021444212,False
m_raw,2024-05-10,-0.061150869774412996,-0.051881341173291996,True
m_raw,2024-05-13,0.014392960992016248,0.032619350090836614,False
m_raw,2024-05-14,0.08779689827055084,0.12264567758373973,False
m_raw,2024-05-15,0.11328474537819123,0.1132737855682323,True
m_raw,2024-05-16,0.030110588365952526,0.020626991320807895,False
m_raw,2024-05-17,-0.024521262845519923,0.013450983175296603,False
m_raw,2024-05-20,0.07887350125257694,0.10295637315005354,False
m_raw,2024-05-21,0.11597766243107921,0.10894234779736943,False
m_raw,2024-05-22,-0.013514257067195098,0.04497855745465375,False
m_raw,2024-05-23,0.13675618226619038,0.1893139250284831,False
m_raw,2024-05-24,0.02552560867572716,0.027672288494322923,False
m_raw,2024-05-27,-0.059981917379061854,-0.07354830350190338,False
m_raw,2024-05-28,0.02212545532582005,0.018267422625759797,False
m_raw,2024-05-29,0.027742430074444466,0.03997692076287276,False
m_raw,2024-05-30,0.023880989761187216,-0.020107216310153816,False
m_raw,2024-05-31,-0.18939699750515182,-0.1680428363731958,False
m_raw,2024-06-03,-0.06276324675880339,0.018761062645600683,False
m_raw,2024-06-04,0.050115683608632985,0.01796189538936874,False
m_raw,2024-06-05,0.003615159963047843,0.059826132811331374,True
m_raw,2024-06-06,0.24166903751621663,0.2914571298258729,False
m_raw,2024-06-07,-0.08978861018886054,-0.1732072247960135,True
m_raw,2024-06-11,0.029636932255589197,0.017971002053025216,False
m_raw,2024-06-12,0.006960546868000593,-0.028688019222497578,True
m_raw,2024-06-13,0.04738103257213557,0.0907545310067891,False
m_raw,2024-06-14,-0.01855159866052685,-0.0731375585966351,False
m_raw,2024-06-17,0.01289826306517144,0.022168770999680027,False
m_raw,2024-06-18,0.06443716409539686,0.09919283578459,False
m_raw,2024-06-19,0.10539995521774821,0.07314690450775599,False
m_raw,2024-06-20,0.0652269412849078,0.07139006346981237,False
m_raw,2024-06-21,-0.0028270118479772287,0.04123335051203852,False
m_raw,2024-06-24,0.15737584784075812,0.1692471230826556,False
m_raw,2024-06-25,0.19021102429592301,0.1692618963582138,False
m_raw,2024-06-26,0.01824145376381398,0.03486520984839401,False
m_raw,2024-06-27,0.013576266416274622,0.035734211361632566,False
m_raw,2024-06-28,0.10939973669736293,0.167460807888001,False
m_raw,2024-07-01,0.16427784489852695,0.1993985522873445,False
m_raw,2024-07-02,0.0912576122002021,0.1080398500683728,False
m_raw,2024-07-03,0.03307930601141164,0.07795288842803905,False
m_raw,2024-07-04,0.09819211824984718,0.08794785695853519,False
m_raw,2024-07-05,0.0022710771116009614,0.0345885861184264,False
m_raw,2024-07-08,-0.1304390393276162,-0.13540342747302397,True
m_raw,2024-07-09,-0.050534932614387386,-0.15945679308389346,False
m_raw,2024-07-10,0.12475462595902867,0.12557468513274794,False
m_raw,2024-07-11,0.040434123810908905,0.05951249244855826,False
m_raw,2024-07-12,0.003891531511948556,0.09867372038346661,False
m_raw,2024-07-15,-0.0434035513053525,-0.07231146024605173,False
m_raw,2024-07-16,0.16258643724235622,0.22436025947958022,False
m_raw,2024-07-17,0.07461079928301857,0.06449893816680191,False
m_raw,2024-07-18,-0.004965326292508568,-0.037333146132028934,False
m_raw,2024-07-19,0.007137351116090207,-0.0009055118381160729,False
m_raw,2024-07-22,0.054521240467129334,0.1422167225897099,False
m_raw,2024-07-23,0.0975574799417716,0.12562967400742026,False
m_raw,2024-07-24,0.07282545402991407,0.0685901656676933,False
m_raw,2024-07-25,0.08660509960900033,0.07672504308582674,False
m_raw,2024-07-26,0.07749352738176737,0.14059230266353295,False
m_raw,2024-07-29,0.08140151851935445,0.07668647645756685,False
m_raw,2024-07-30,-0.03449989745070451,-0.12019586158642644,False
m_raw,2024-07-31,0.06465431781339122,0.14200440851774437,False
m_raw,2024-08-01,0.0926227511309013,0.13458586484714077,False
m_raw,2024-08-02,0.026386048893741118,0.037229613824637034,False
m_raw,2024-08-05,0.01641517946468626,0.015574340485209235,False
m_raw,2024-08-06,0.06462521659149699,0.09128293632058795,False
m_raw,2024-08-07,0.12367722032889557,0.17070760533027438,False
m_raw,2024-08-08,0.12695353528738465,0.18705817709636408,False
m_raw,2024-08-09,-0.0005838045226307559,0.024033306649008563,False
m_raw,2024-08-12,0.0868995940069417,0.07275235617897585,False
m_raw,2024-08-13,0.07942214782812733,0.17310088585169905,False
m_raw,2024-08-14,0.029373553933674468,0.03182745163015298,False
m_raw,2024-08-15,-0.004211059539757339,0.005825553740302906,False
m_raw,2024-08-16,0.05104344019648636,0.1345465332088255,False
m_raw,2024-08-19,0.05941015447571295,0.12555554100861016,False
m_raw,2024-08-20,0.004048337925135826,-0.018258627070603033,False
m_raw,2024-08-21,0.07859704514565134,0.14787362119361316,False
m_raw,2024-08-22,0.022277718878520238,0.027737406067519343,False
m_raw,2024-08-23,0.12593026344154784,0.17524254129993777,False
m_raw,2024-08-26,0.10508465610837175,0.15539677307627917,False
m_raw,2024-08-27,0.02148123857229272,-0.0049640137063825555,False
m_raw,2024-08-28,-0.021970976782621228,-0.05575825498390779,False
m_raw,2024-08-29,-0.08318809990193937,-0.1826056271700675,False
m_raw,2024-08-30,0.05383159471380858,0.1616717940479486,False
m_raw,2024-09-02,-0.03825030451237118,-0.07648754676240978,False
m_raw,2024-09-03,-0.1388043802055841,-0.20666688366715988,False
m_raw,2024-09-04,0.06341780645250573,0.06345435335868116,False
m_raw,2024-09-05,0.03720350656980159,0.1341297928946624,False
m_raw,2024-09-06,-0.011241757096647171,-0.00984142996826381,False
m_raw,2024-09-09,-0.0052968604409824194,-0.05099469166995612,False
m_raw,2024-09-10,-0.08345510847995236,-0.1741757236577664,False
m_raw,2024-09-11,0.18582015926779094,0.20016561133510857,False
m_raw,2024-09-12,0.13572161906534633,0.19817803669487802,False
m_raw,2024-09-13,-0.010321804472907654,3.691468273291071e-05,False
m_raw,2024-09-18,0.15730715928550934,0.2270929400336114,False
m_raw,2024-09-19,0.04747706101995125,0.08119369543525444,False
m_raw,2024-09-20,0.0004550465656228945,0.011038888920039208,False
m_raw,2024-09-23,0.10941201441912318,0.05175729200523672,True
m_raw,2024-09-24,0.13124240374758397,0.1936873888282777,False
m_raw,2024-09-25,0.044512117595636266,0.0032148220249572724,True
m_raw,2024-09-26,-0.01749168816791666,-0.07943564558930029,True
m_raw,2024-09-27,0.18918788897145697,0.13262809550115426,True
m_raw,2024-09-30,-0.08213258869887574,-0.07101780503593891,True
m_raw,2024-10-08,-0.025151627377101127,-0.010807080687512868,True
m_raw,2024-10-09,0.04219775270499444,0.12288715354133374,True
m_raw,2024-10-10,-0.01037690617485453,0.050243462934034394,True
m_raw,2024-10-11,-0.09739337301470423,-0.09285207057945713,True
m_raw,2024-10-14,-0.029865072136737947,0.0006313447677152507,False
m_raw,2024-10-15,0.08101916003318543,0.09741709075143558,True
m_raw,2024-10-16,0.0772673278114887,0.06547292157926207,False
m_raw,2024-10-17,-0.008561099640670896,-0.11751087971173793,True
m_raw,2024-10-18,-0.03281332408562756,-0.06924203585158085,True
m_raw,2024-10-21,0.012724787078449068,0.10422952960596364,True
m_raw,2024-10-22,0.08405674676917062,0.09568935322431522,True
m_raw,2024-10-23,0.03857870736879484,0.07468738418320789,True
m_raw,2024-10-24,0.0777658971222163,0.09892169484901385,True
m_raw,2024-10-25,0.044858287957344395,0.08294487855424432,True
m_raw,2024-10-28,-0.0132899276893793,0.04583904858805748,True
m_raw,2024-10-29,0.022808124902582404,0.04904871778795293,True
m_raw,2024-10-30,0.05772669617188143,0.02475710796421891,True
m_raw,2024-10-31,0.14154258549078166,0.22078522373865123,True
m_raw,2024-11-01,0.06578097684714573,0.03207689106511978,True
m_raw,2024-11-04,0.018910200994708068,-0.08789807074056749,True
m_raw,2024-11-05,0.023674915115034754,0.06568861292676954,True
m_raw,2024-11-06,0.12031104301916372,0.17294137316392208,True
m_raw,2024-11-07,0.023517015284848782,0.01663226548208983,True
m_raw,2024-11-08,0.027386013931233192,-0.08224094160601743,True
m_raw,2024-11-11,-0.0351475574700196,0.12568849403120763,True
m_raw,2024-11-12,0.03632921273929276,0.06408894797370264,False
m_raw,2024-11-13,0.032207747737815595,0.19784326900753493,False
m_raw,2024-11-14,0.02988608559441216,0.07876196476556552,True
m_raw,2024-11-15,0.12220647664753759,0.19071818544925315,True
m_raw,2024-11-18,-0.068653281633005,-0.10919759423289999,False
m_raw,2024-11-19,0.028109318831684785,-0.023202093239257763,True
m_raw,2024-11-20,0.04581965420465169,0.07256564641824924,False
m_raw,2024-11-21,0.008116408161743277,0.05869998184457893,True
m_raw,2024-11-22,0.04869897477966361,0.05407020607379282,True
m_raw,2024-11-25,0.07850172286753947,0.22335823835548632,False
m_raw,2024-11-26,-0.15161102532457746,-0.2270760120766628,True
m_raw,2024-11-27,0.10639181468352914,0.21502103113791426,False
m_raw,2024-11-28,0.003489904065738284,-0.018475662635001177,False
m_raw,2024-11-29,0.1005764381113274,0.07768040618803503,False
m_raw,2024-12-02,0.05144937680123507,0.10835929369505258,False
m_raw,2024-12-03,0.02283212516350503,0.047731665413364814,False
m_raw,2024-12-04,0.06836352225877616,0.039929137871493395,True
m_raw,2024-12-05,0.17438739125396227,0.28691334769701476,False
m_raw,2024-12-06,-0.023851211289288087,-0.017331483335056425,False
m_raw,2024-12-09,-0.01471597780633347,0.007754391406076941,False
m_raw,2024-12-10,0.03213232266298048,0.04367418196326458,False
m_raw,2024-12-11,-0.008707723583926756,0.0757467535830227,False
m_raw,2024-12-12,-0.02000746922889633,-0.005945210258082475,True
m_raw,2024-12-13,0.09654019718392746,0.16818560207463074,False
m_raw,2024-12-16,-0.021920068551371213,0.01931822761748562,False
m_raw,2024-12-17,-0.034971253868642,-0.03389453126221441,True
m_raw,2024-12-18,-0.09515628008786033,-0.11118761901898494,False
m_raw,2024-12-19,-0.1644840872868066,-0.25220773612972625,False
m_raw,2024-12-20,0.033590008088801325,0.11420261527989674,False
m_raw,2024-12-23,-0.03567083862629869,-0.055820783312088215,False
m_raw,2024-12-24,-0.00783975577934762,0.06288492600277254,False
m_raw,2024-12-25,-0.09575007758022117,-0.13869272391614984,False
m_raw,2024-12-26,0.16435054678573158,0.3245267833458587,False
m_raw,2024-12-27,0.05065178343753307,0.06104791519509782,False
m_epoch6,2024-01-02,0.11066506549729664,0.1311659553472195,False
m_epoch6,2024-01-03,0.027927682479260946,0.04410447401707965,False
m_epoch6,2024-01-04,0.10110722915784234,0.18847435698494816,False
m_epoch6,2024-01-05,0.041901777930156925,0.060405943599735966,False
m_epoch6,2024-01-08,0.05781843414381926,0.06747716033395772,False
m_epoch6,2024-01-09,-0.04948182127452128,-0.06417884369856473,False
m_epoch6,2024-01-10,-0.07437528316398853,-0.04929303092856844,False
m_epoch6,2024-01-11,0.23689743309565675,0.23247465259631714,False
m_epoch6,2024-01-12,0.033850725411375994,0.06033010970418139,False
m_epoch6,2024-01-15,-0.012785514078086401,-0.0015885229541536925,False
m_epoch6,2024-01-16,0.06353080182645889,0.16554875247546785,False
m_epoch6,2024-01-17,-0.08350837590244296,-0.07021713416364977,False
m_epoch6,2024-01-18,0.1215326969011972,0.19519932155926956,False
m_epoch6,2024-01-19,0.026803776718388364,0.042989768675790394,False
m_epoch6,2024-01-22,0.04324150188170491,0.05535662477881782,False
m_epoch6,2024-01-23,0.09047276142370353,0.15790366065037903,False
m_epoch6,2024-01-24,0.06445972470357737,0.08550965357114677,False
m_epoch6,2024-01-25,0.19733285952478932,0.31652728984676753,False
m_epoch6,2024-01-26,0.08410488733635732,0.09362973171865543,False
m_epoch6,2024-01-29,-0.0262209584805617,-0.013354319600993883,False
m_epoch6,2024-01-30,0.029693651751157325,0.0744111298142352,False
m_epoch6,2024-01-31,-0.02790535621094808,-0.05839753437848448,False
m_epoch6,2024-02-01,-0.029743547043258583,0.0636930263040801,True
m_epoch6,2024-02-02,0.04990175528907405,0.10411635350338184,True
m_epoch6,2024-02-05,0.11481665547270657,0.08070292946115812,True
m_epoch6,2024-02-06,-0.03078642642034297,-0.03572730037257882,True
m_epoch6,2024-02-07,0.09674627735323663,0.04938233990077942,True
m_epoch6,2024-02-08,-0.08262672769654594,-0.06447722207950553,False
m_epoch6,2024-02-19,-0.022580993490778557,-0.027370009387433652,False
m_epoch6,2024-02-20,0.027431016483253415,-0.03918713270669543,False
m_epoch6,2024-02-21,0.045269758171641084,0.015243471316300975,False
m_epoch6,2024-02-22,0.06359955866588284,0.0153078340745695,False
m_epoch6,2024-02-23,0.08700505475408775,0.025049481402834587,False
m_epoch6,2024-02-26,0.10067494506528359,-0.021770218040041665,False
m_epoch6,2024-02-27,-0.05395249014951176,0.09621529839999152,True
m_epoch6,2024-02-28,0.12775823183482943,0.13551850508550814,False
m_epoch6,2024-02-29,0.033572621630051785,-0.01947540823258776,False
m_epoch6,2024-03-01,-0.06159911256769873,-0.04375720552147934,False
m_epoch6,2024-03-04,0.015612454658270422,0.16319639684649542,False
m_epoch6,2024-03-05,0.032793032126768804,0.06720215149818352,False
m_epoch6,2024-03-06,-0.009002523027227986,0.09997773261861426,False
m_epoch6,2024-03-07,0.061041501095159684,0.059998059101127904,False
m_epoch6,2024-03-08,0.09015455559409796,0.015097515771667668,False
m_epoch6,2024-03-11,-0.06779082050583277,-0.07495439668533083,False
m_epoch6,2024-03-12,-0.006885965384354075,-0.030197787748279567,False
m_epoch6,2024-03-13,0.0971512029140816,0.19797564286512162,False
m_epoch6,2024-03-14,0.0469406278026991,0.04872380479970327,False
m_epoch6,2024-03-15,0.0008992762081286766,-0.021630531453038688,False
m_epoch6,2024-03-18,0.05939821365378665,0.089815543446651,False
m_epoch6,2024-03-19,0.010353337645699541,0.01348409878812697,False
m_epoch6,2024-03-20,0.10592572448790621,0.1855922232845835,False
m_epoch6,2024-03-21,-0.05168847383113133,-0.046603638101328816,True
m_epoch6,2024-03-22,0.07112385824764729,0.15226233885411422,False
m_epoch6,2024-03-25,-0.08019929840952414,-0.0936320726988189,False
m_epoch6,2024-03-26,-0.02217545936030936,0.11016396551807972,False
m_epoch6,2024-03-27,0.00670171433023111,0.04846668389389258,False
m_epoch6,2024-03-28,0.049932676463087425,0.07174974499666477,False
m_epoch6,2024-03-29,0.09191348886976672,0.09555746165135663,False
m_epoch6,2024-04-01,0.13705924000935066,0.25324969517933726,True
m_epoch6,2024-04-02,0.04191158683875579,0.09747592515727337,False
m_epoch6,2024-04-03,-0.011125069628210577,0.06837001257158062,False
m_epoch6,2024-04-08,0.134121693944017,0.13786301653063784,False
m_epoch6,2024-04-09,0.029964779268545672,0.09471689176593372,False
m_epoch6,2024-04-10,0.01660682783797943,0.05762083801861687,False
m_epoch6,2024-04-11,-0.016249375954234094,-0.0009672492487187933,False
m_epoch6,2024-04-12,-0.06615660443113112,-0.06281556664509126,True
m_epoch6,2024-04-15,-0.10709741919434124,-0.10331105517591141,True
m_epoch6,2024-04-16,0.04202175808993641,0.055777653654297106,True
m_epoch6,2024-04-17,-0.05879898549956773,-0.027953144165055777,False
m_epoch6,2024-04-18,0.04681808622852251,0.07923682313110411,True
m_epoch6,2024-04-19,0.0387473311852265,0.015980392068921993,True
m_epoch6,2024-04-22,0.010282950349823577,-0.05134933721365871,False
m_epoch6,2024-04-23,0.09567932044538156,0.03578040630153509,True
m_epoch6,2024-04-24,0.024698073269314995,0.02829919008449868,False
m_epoch6,2024-04-25,0.09332826904188238,0.03875142107245084,True
m_epoch6,2024-04-26,0.06280469928986512,0.06317211222794804,True
m_epoch6,2024-04-29,0.0026709724118789756,0.051744642349134354,True
m_epoch6,2024-04-30,-0.06907589898109058,-0.064695576551643,False
m_epoch6,2024-05-06,0.03472628975098399,0.004530375307708287,False
m_epoch6,2024-05-07,-0.018026592103588975,0.019502676940141666,False
m_epoch6,2024-05-08,-0.016381879543708375,-0.01415662677157988,False
m_epoch6,2024-05-09,0.07432471200019994,0.1657163573656991,False
m_epoch6,2024-05-10,-0.04470410534930451,-0.036422771127684314,True
m_epoch6,2024-05-13,-0.025880941807638728,-0.009711969164040254,False
m_epoch6,2024-05-14,0.0640662249573243,0.09619902652200991,False
m_epoch6,2024-05-15,0.08472744292082389,0.08470874485348129,True
m_epoch6,2024-05-16,0.02393692132035235,0.014952936410858009,False
m_epoch6,2024-05-17,0.02476325194473157,0.060148495746465476,False
m_epoch6,2024-05-20,0.08908390610079904,0.11276280541915079,False
m_epoch6,2024-05-21,0.05389671670485174,0.047479292141082645,False
m_epoch6,2024-05-22,0.0058621338908666585,0.0623301516318872,False
m_epoch6,2024-05-23,0.10853787385103532,0.16101761519195337,False
m_epoch6,2024-05-24,0.0075418538807193475,0.0094640355066016,False
m_epoch6,2024-05-27,-0.03765558895784727,-0.05026212884898526,False
m_epoch6,2024-05-28,0.026423634936410815,0.02276447269076543,False
m_epoch6,2024-05-29,0.03317451273485207,0.044861098051642706,False
m_epoch6,2024-05-30,0.056019607039324605,0.012883450697283909,False
m_epoch6,2024-05-31,-0.17247675922284295,-0.15329730279770434,False
m_epoch6,2024-06-03,-0.052619309515465895,0.014907173097083568,False
m_epoch6,2024-06-04,0.042948777635039535,0.01386331676923455,False
m_epoch6,2024-06-05,-0.009161810170001084,0.04147315945670651,True
m_epoch6,2024-06-06,0.17493894394472112,0.21844241258844968,False
m_epoch6,2024-06-07,-0.12587171774478592,-0.208737499403221,True
m_epoch6,2024-06-11,-0.0007225998172259423,-0.00963397464882587,False
m_epoch6,2024-06-12,-0.01952453105426789,-0.05435471942913683,True
m_epoch6,2024-06-13,0.04514830333995793,0.08425472391122338,False
m_epoch6,2024-06-14,-0.01877952522293215,-0.06866097408933482,False
m_epoch6,2024-06-17,-0.007511889202064464,0.0006806801748540077,False
m_epoch6,2024-06-18,0.035014859842758185,0.06957185418194468,False
m_epoch6,2024-06-19,0.05249696467114705,0.020578631196598245,False
m_epoch6,2024-06-20,0.011080573148405201,0.017104826711079824,False
m_epoch6,2024-06-21,-0.021019418947374024,0.022745508219618855,False
m_epoch6,2024-06-24,0.06878659042134375,0.08028163164713886,False
m_epoch6,2024-06-25,0.1810108924424243,0.1644042703917931,False
m_epoch6,2024-06-26,0.04652757838201993,0.05821342862448559,False
m_epoch6,2024-06-27,0.011535747354435306,0.03291486386642044,False
m_epoch6,2024-06-28,0.11707713876546154,0.17222584093967108,False
m_epoch6,2024-07-01,0.1599816394294536,0.193806671414801,False
m_epoch6,2024-07-02,0.08528467634605305,0.09988338354047303,False
m_epoch6,2024-07-03,0.029652517942074328,0.07382129730887785,False
m_epoch6,2024-07-04,0.04262111753602715,0.03245896066042133,False
m_epoch6,2024-07-05,0.00365708083896847,0.0306027989030175,False
m_epoch6,2024-07-08,-0.11028690462375758,-0.11477427547939295,True
m_epoch6,2024-07-09,-0.025224664462869733,-0.11516567584448467,False
m_epoch6,2024-07-10,0.07403146521303468,0.07485104717914227,False
m_epoch6,2024-07-11,0.05231657871727615,0.07002501213643998,False
m_epoch6,2024-07-12,0.020261765026520613,0.11161047434139897,False
m_epoch6,2024-07-15,-0.01408650134568783,-0.04221228180043743,False
m_epoch6,2024-07-16,0.13906659880624114,0.19160166339398046,False
m_epoch6,2024-07-17,0.0737519105478008,0.06412008241232527,False
m_epoch6,2024-07-18,0.037588028256422115,0.007479587713178837,False
m_epoch6,2024-07-19,0.0011297624284951357,-0.006458732907164631,False
m_epoch6,2024-07-22,0.060216993678758976,0.14245992048389403,False
m_epoch6,2024-07-23,0.07433574282738079,0.10428056923352906,False
m_epoch6,2024-07-24,0.06958815009862421,0.06593662357137482,False
m_epoch6,2024-07-25,0.09653539588959924,0.08736377552217926,False
m_epoch6,2024-07-26,0.03542107307618372,0.08959753060393086,False
m_epoch6,2024-07-29,0.07107995492028456,0.06683461035048634,False
m_epoch6,2024-07-30,-0.019275867709038462,-0.0944750906681355,False
m_epoch6,2024-07-31,0.08762280396934821,0.15153225913647503,False
m_epoch6,2024-08-01,0.05274199771900148,0.08786299181768549,False
m_epoch6,2024-08-02,-0.029353630817411328,-0.018609683271386547,False
m_epoch6,2024-08-05,-0.03181376907561531,-0.032656997087216415,False
m_epoch6,2024-08-06,0.04327681965722831,0.06643914064681139,False
m_epoch6,2024-08-07,0.12641630684310243,0.17251175287848997,False
m_epoch6,2024-08-08,0.07813903909945842,0.13373869872325078,False
m_epoch6,2024-08-09,0.015947719436807707,0.03842084352491381,False
m_epoch6,2024-08-12,0.10416753065371312,0.09175494162452005,False
m_epoch6,2024-08-13,0.07942495415935187,0.16975873002760206,False
m_epoch6,2024-08-14,0.033131990055448785,0.03519018341020798,False
m_epoch6,2024-08-15,-0.016231145014308508,-0.006958995573969232,False
m_epoch6,2024-08-16,0.06514223889378219,0.13798109455239357,False
m_epoch6,2024-08-19,0.04467497428452584,0.10511993638302568,False
m_epoch6,2024-08-20,0.004897327274375353,-0.009070485369730357,False
m_epoch6,2024-08-21,0.06001374250353188,0.12276917549116612,False
m_epoch6,2024-08-22,0.0422793122568024,0.0470430857436593,False
m_epoch6,2024-08-23,0.12061906087350688,0.16334541931166716,False
m_epoch6,2024-08-26,0.10896070228545532,0.15772764072412804,False
m_epoch6,2024-08-27,0.025375351313184212,0.0004428095969073398,False
m_epoch6,2024-08-28,-0.04743899268203528,-0.08017710595183279,False
m_epoch6,2024-08-29,-0.06949267996244705,-0.15960783639254492,False
m_epoch6,2024-08-30,0.03428449405557626,0.1380958677389456,False
m_epoch6,2024-09-02,-0.0076975418913416424,-0.03635188202083727,False
m_epoch6,2024-09-03,-0.1110258863367242,-0.17212316179448905,False
m_epoch6,2024-09-04,0.047177847226729755,0.047203210228247076,False
m_epoch6,2024-09-05,0.05760655501265402,0.13928453711643876,False
m_epoch6,2024-09-06,-0.030900762184792967,-0.029672646383842517,False
m_epoch6,2024-09-09,0.015494233724160106,-0.02698019234058655,False
m_epoch6,2024-09-10,-0.10248635569800232,-0.1844194819057923,False
m_epoch6,2024-09-11,0.14939209248996613,0.16315297186339908,False
m_epoch6,2024-09-12,0.15092404515082064,0.20321936941600666,False
m_epoch6,2024-09-13,-0.014782276279871723,-0.0060466391096804075,False
m_epoch6,2024-09-18,0.12979226582739825,0.1919622333097713,False
m_epoch6,2024-09-19,0.07428326633410225,0.10538092310047623,False
m_epoch6,2024-09-20,-0.0034674880604285696,0.007266320639655326,False
m_epoch6,2024-09-23,0.12629797374617313,0.07390945775637167,True
m_epoch6,2024-09-24,0.10318930550258176,0.15721287786523555,False
m_epoch6,2024-09-25,0.05964477356993024,0.027139159466733467,True
m_epoch6,2024-09-26,-0.013765510284598896,-0.05746495398104152,True
m_epoch6,2024-09-27,0.036307737675135204,-0.018667862708186204,True
m_epoch6,2024-09-30,0.028349235622193946,0.03828905579027524,True
m_epoch6,2024-10-08,0.12317191666850606,0.13591701286733934,True
m_epoch6,2024-10-09,0.04207193242162907,0.11573713002779194,True
m_epoch6,2024-10-10,-0.04773551677220692,0.005123934768718074,True
m_epoch6,2024-10-11,-0.10140726065767171,-0.09801678059916309,True
m_epoch6,2024-10-14,-0.06876810397158119,-0.04395005865217102,False
m_epoch6,2024-10-15,0.07270930259579324,0.08632548633848779,True
m_epoch6,2024-10-16,0.128630840730461,0.11959268229492914,False
m_epoch6,2024-10-17,-0.008071032456516813,-0.09530465107057633,True
m_epoch6,2024-10-18,0.0295604366382132,0.00865660568331028,True
m_epoch6,2024-10-21,-0.018789255870138216,0.057594356781687436,True
m_epoch6,2024-10-22,0.05058008069774037,0.06120049904733659,True
m_epoch6,2024-10-23,0.02570593694869347,0.056322395256417475,True
m_epoch6,2024-10-24,0.061904891437710816,0.08210679295400175,True
m_epoch6,2024-10-25,0.01574301417067241,0.04355899059544976,True
m_epoch6,2024-10-28,0.0210252695113202,0.07249507370012093,True
m_epoch6,2024-10-29,0.022739350434788513,0.04341308359901563,True
m_epoch6,2024-10-30,0.03938373795839469,0.01156820718566051,True
m_epoch6,2024-10-31,0.09065907264973412,0.14933883047931604,True
m_epoch6,2024-11-01,0.08600853303653441,0.055409042717276834,True
m_epoch6,2024-11-04,0.04537349214782309,-0.05099498158275137,True
m_epoch6,2024-11-05,0.010220466736211244,0.043684630737801086,True
m_epoch6,2024-11-06,0.10139982191481398,0.14938342581140618,True
m_epoch6,2024-11-07,0.017094188892185634,0.012095446386168808,True
m_epoch6,2024-11-08,0.05476588471297835,-0.03544928157255789,True
m_epoch6,2024-11-11,-0.04092247669279685,0.09033753620419835,True
m_epoch6,2024-11-12,0.04982347123213928,0.07289876827895714,False
m_epoch6,2024-11-13,0.05318728887407478,0.21108607741063445,False
m_epoch6,2024-11-14,-0.05858577585399372,-0.024013672295026236,True
m_epoch6,2024-11-15,0.09799442504103781,0.15621207494841596,True
m_epoch6,2024-11-18,-0.010417871309729605,-0.04991043691757909,False
m_epoch6,2024-11-19,-0.025805143146808332,-0.07493652689800864,True
m_epoch6,2024-11-20,0.024863267562425576,0.04975593023679235,False
m_epoch6,2024-11-21,-0.004736927888001504,0.036337377385385373,True
m_epoch6,2024-11-22,-0.004435061499476386,0.0004610165785758177,True
m_epoch6,2024-11-25,0.05675019934874501,0.18899927036903078,False
m_epoch6,2024-11-26,-0.15837405151573206,-0.22929420135840375,True
m_epoch6,2024-11-27,0.0760995009696997,0.16531140314753198,False
m_epoch6,2024-11-28,0.04592001825202353,0.02886077952762029,False
m_epoch6,2024-11-29,0.07588164728027484,0.056377246966949804,False
m_epoch6,2024-12-02,0.03782261413994135,0.09297191308157168,False
m_epoch6,2024-12-03,0.033413316143394475,0.05654549132883429,False
m_epoch6,2024-12-04,0.08332598507424588,0.05578054018406945,True
m_epoch6,2024-12-05,0.11829018374444318,0.2240108017894984,False
m_epoch6,2024-12-06,-0.027014655903394035,-0.02114585960149205,False
m_epoch6,2024-12-09,-0.02565700335285873,-0.004203401149166508,False
m_epoch6,2024-12-10,0.02864701057694238,0.03798783396527989,False
m_epoch6,2024-12-11,-0.028015032277564626,0.04778334192017912,False
m_epoch6,2024-12-12,-0.015995438742383065,-0.0026823660254849994,True
m_epoch6,2024-12-13,0.08842191935549062,0.15422382624997144,False
m_epoch6,2024-12-16,-0.02918443309941708,0.005537390895947192,False
m_epoch6,2024-12-17,-0.06501137855385752,-0.06386236402511546,True
m_epoch6,2024-12-18,-0.056621460877261484,-0.07037751689689185,False
m_epoch6,2024-12-19,-0.14646959436843057,-0.21937166022702173,False
m_epoch6,2024-12-20,0.06233391734741555,0.1381533832032207,False
m_epoch6,2024-12-23,-0.06204954739167256,-0.07993876392876025,False
m_epoch6,2024-12-24,-0.019204458497815702,0.04312160339423375,False
m_epoch6,2024-12-25,-0.05831821697569458,-0.09596870984292354,False
m_epoch6,2024-12-26,0.13036334147798895,0.27174994126919166,False
m_epoch6,2024-12-27,0.08072831062493449,0.0891176569772486,False
e2a_k3,2024-01-02,0.20340655637270863,0.22511041829798692,False
e2a_k3,2024-01-03,0.06726636231351361,0.08441094205374956,False
e2a_k3,2024-01-04,0.21288693553792737,0.304770541201515,False
e2a_k3,2024-01-05,0.06548778491752691,0.08623552414615959,False
e2a_k3,2024-01-08,0.11158175591350586,0.12099955679149213,False
e2a_k3,2024-01-09,0.06987336998853409,0.05392429123287956,False
e2a_k3,2024-01-10,-0.15036305847664783,-0.1242984055702044,False
e2a_k3,2024-01-11,0.2458731434163712,0.24067137163023708,False
e2a_k3,2024-01-12,0.01581271082392076,0.03981168994476698,False
e2a_k3,2024-01-15,-0.01710040799865121,-0.004669364084293485,False
e2a_k3,2024-01-16,0.10651899150108127,0.21497176695054798,False
e2a_k3,2024-01-17,-0.1274215553459862,-0.11559741967432713,False
e2a_k3,2024-01-18,0.16562080949547833,0.23975458314627887,False
e2a_k3,2024-01-19,0.07125639176404468,0.08865409853034241,False
e2a_k3,2024-01-22,0.02261344868205787,0.03669392306855618,False
e2a_k3,2024-01-23,0.19691996905739176,0.2740853596438867,False
e2a_k3,2024-01-24,0.12141035399268194,0.14446732920505878,False
e2a_k3,2024-01-25,0.261812735295347,0.38063387769551943,False
e2a_k3,2024-01-26,0.20956468614286222,0.2187365188280474,False
e2a_k3,2024-01-29,0.03664979243528832,0.04784053875748589,False
e2a_k3,2024-01-30,0.11351383250311298,0.15612421321450173,False
e2a_k3,2024-01-31,-0.03463940030029333,-0.06427823596386675,False
e2a_k3,2024-02-01,0.007032029670447136,0.1267073542977089,True
e2a_k3,2024-02-02,0.02229682804440251,0.06968597378273206,True
e2a_k3,2024-02-05,0.12174430004107167,0.076961050739055,True
e2a_k3,2024-02-06,0.0022125505311578306,-0.005158445916737518,True
e2a_k3,2024-02-07,0.09985809623766313,0.010046903493657701,True
e2a_k3,2024-02-08,-0.067004599065428,-0.045922093014668035,False
e2a_k3,2024-02-19,-0.05352101436605936,-0.0594923333400343,False
e2a_k3,2024-02-20,0.021161846431146852,-0.06539964166514886,False
e2a_k3,2024-02-21,-0.020807077551091773,-0.06121743121224553,False
e2a_k3,2024-02-22,0.03939549989575791,-0.02590991928560587,False
e2a_k3,2024-02-23,0.041743794141702845,-0.0346796677763266,False
e2a_k3,2024-02-26,-0.04912873085622052,-0.23579217489378293,False
e2a_k3,2024-02-27,0.04740057864369239,0.26944343798491355,True
e2a_k3,2024-02-28,0.04268463251445569,0.051885744008042155,False
e2a_k3,2024-02-29,0.014312104630665765,-0.05276211608049144,False
e2a_k3,2024-03-01,-0.07202012373707636,-0.05084749550852339,False
e2a_k3,2024-03-04,0.00011993230081475618,0.15398243762249794,False
e2a_k3,2024-03-05,0.03984230879092318,0.07955845127884927,False
e2a_k3,2024-03-06,0.09563323294126665,0.2476470415850061,False
e2a_k3,2024-03-07,0.06802284962275469,0.06697357384875363,False
e2a_k3,2024-03-08,0.039613185880740566,-0.05945381238652547,False
e2a_k3,2024-03-11,-0.07298817120790518,-0.0846315963718256,False
e2a_k3,2024-03-12,-0.07122611543269887,-0.09973894085697335,False
e2a_k3,2024-03-13,0.11020994218769792,0.2358121489743083,False
e2a_k3,2024-03-14,0.05845053071922529,0.060492144322227916,False
e2a_k3,2024-03-15,0.017728801094220415,-0.009373266943648598,False
e2a_k3,2024-03-18,0.06579718400937727,0.10494685045310906,False
e2a_k3,2024-03-19,0.008393752458615818,0.011758048024521796,False
e2a_k3,2024-03-20,0.08892316893088421,0.17092004372257966,False
e2a_k3,2024-03-21,-0.036876850169817586,-0.03135330634840044,True
e2a_k3,2024-03-22,0.14316324652885876,0.23137865230091978,False
e2a_k3,2024-03-25,0.020500923389234805,0.007273135404388656,False
e2a_k3,2024-03-26,0.04206500430592233,0.1853664574203028,False
e2a_k3,2024-03-27,-0.10264099835107172,-0.05743709869615128,False
e2a_k3,2024-03-28,0.022069195710613304,0.053969512655476636,False
e2a_k3,2024-03-29,0.10075247056015627,0.10524975324517116,False
e2a_k3,2024-04-01,0.19226694891260956,0.32600016673421967,True
e2a_k3,2024-04-02,0.06632991325414542,0.1312991272866625,False
e2a_k3,2024-04-03,0.0641787041159442,0.15728544963516397,False
e2a_k3,2024-04-08,0.13063122586113052,0.1349112890272845,False
e2a_k3,2024-04-09,0.09401237234478675,0.17400581245896654,False
e2a_k3,2024-04-10,0.04038636195793088,0.09151748677631494,False
e2a_k3,2024-04-11,-0.0028890815911285033,0.01474474325663493,False
e2a_k3,2024-04-12,-0.03506326379401757,-0.03077883862744339,True
e2a_k3,2024-04-15,-0.08181234102943788,-0.07709799490081116,True
e2a_k3,2024-04-16,-0.07702338458471827,-0.05998038783585894,True
e2a_k3,2024-04-17,-0.10663477622951577,-0.06800170907806337,False
e2a_k3,2024-04-18,0.10030621158338009,0.1375882589327414,True
e2a_k3,2024-04-19,0.07071901675236832,0.04701264782163277,True
e2a_k3,2024-04-22,-0.06408511173524198,-0.13794405584428102,False
e2a_k3,2024-04-23,0.0821742613900868,0.002983674587037,True
e2a_k3,2024-04-24,0.014473790638825335,0.01880992972439057,False
e2a_k3,2024-04-25,0.020575327214796647,-0.04642669756999272,True
e2a_k3,2024-04-26,0.0842788218719497,0.08474535422290821,True
e2a_k3,2024-04-29,0.042210758087756664,0.10054723213996211,True
e2a_k3,2024-04-30,-0.05714818397223734,-0.052133971914402895,False
e2a_k3,2024-05-06,0.018760425357222967,-0.014401012673247086,False
e2a_k3,2024-05-07,-0.023829892306515936,0.014288519682538676,False
e2a_k3,2024-05-08,-0.012236355272870161,-0.00959737113565764,False
e2a_k3,2024-05-09,0.18023403039085775,0.2797955916195283,False
e2a_k3,2024-05-10,-0.039424833921114164,-0.02976523507056284,True
e2a_k3,2024-05-13,0.0069861106361421375,0.02678431449781307,False
e2a_k3,2024-05-14,0.06671140640553208,0.10193352156077642,False
e2a_k3,2024-05-15,0.10055060885750382,0.1005512224948997,True
e2a_k3,2024-05-16,0.012444885856181623,0.002982028207868986,False
e2a_k3,2024-05-17,-0.05769674478629408,-0.02282119882770205,False
e2a_k3,2024-05-20,0.060607174184666414,0.08438563018378285,False
e2a_k3,2024-05-21,0.10350496718022656,0.09645495625723824,False
e2a_k3,2024-05-22,0.019747221962911787,0.08553470876255619,False
e2a_k3,2024-05-23,0.12658427030110872,0.1713580396057083,False
e2a_k3,2024-05-24,0.00900083859329666,0.011079206685693016,False
e2a_k3,2024-05-27,-0.06944478540318606,-0.08426531879060872,False
e2a_k3,2024-05-28,-0.00879535501713379,-0.012191893268145163,False
e2a_k3,2024-05-29,-0.016504159789578955,-0.004534274723129981,False
e2a_k3,2024-05-30,0.006410350899247301,-0.0404433785800598,False
e2a_k3,2024-05-31,-0.20156814937119508,-0.17857871086516824,False
e2a_k3,2024-06-03,-0.030058023470222503,0.058592544325730155,False
e2a_k3,2024-06-04,0.04002808887031239,0.0006077681568744941,False
e2a_k3,2024-06-05,-0.0007728929999347195,0.05769705976879164,True
e2a_k3,2024-06-06,0.26150856062565775,0.30823605375669155,False
e2a_k3,2024-06-07,-0.1440608399704671,-0.2139714502067282,True
e2a_k3,2024-06-11,-0.01101922481508951,-0.02264022157966547,False
e2a_k3,2024-06-12,-0.06425412652125324,-0.1014327629402302,True
e2a_k3,2024-06-13,0.08118793231443641,0.12064926239044095,False
e2a_k3,2024-06-14,-0.04486451054113203,-0.10079308607560762,False
e2a_k3,2024-06-17,0.021563019773170367,0.0317659108292152,False
e2a_k3,2024-06-18,0.10530787341997927,0.1385113887813034,False
e2a_k3,2024-06-19,0.0701685956409673,0.034068442711789645,False
e2a_k3,2024-06-20,0.06720037141437168,0.07375092941165519,False
e2a_k3,2024-06-21,0.03228817365963884,0.07717614998937632,False
e2a_k3,2024-06-24,0.20839065318927064,0.21936971512230896,False
e2a_k3,2024-06-25,0.04182521616158119,0.020134833243638472,False
e2a_k3,2024-06-26,0.07504071605039328,0.09267730970492379,False
e2a_k3,2024-06-27,-0.013717913101934157,0.005952736500768916,False
e2a_k3,2024-06-28,0.15349369835509322,0.2102845495533409,False
e2a_k3,2024-07-01,0.15438677551104796,0.19084843132862353,False
e2a_k3,2024-07-02,0.10773478382943204,0.12574637028195065,False
e2a_k3,2024-07-03,0.08104289106519473,0.12600902128798946,False
e2a_k3,2024-07-04,0.05641922403575917,0.04481818710995829,False
e2a_k3,2024-07-05,0.034981771437598674,0.06627645654766369,False
e2a_k3,2024-07-08,-0.11516142282048582,-0.12054958048926234,True
e2a_k3,2024-07-09,-0.05821646458347556,-0.16696690485281024,False
e2a_k3,2024-07-10,0.11649920769150451,0.11728827669900188,False
e2a_k3,2024-07-11,0.0475635129744967,0.06357998033465664,False
e2a_k3,2024-07-12,0.0005403601179725605,0.09644240811494321,False
e2a_k3,2024-07-15,-0.08491714586939815,-0.11369576985692499,False
e2a_k3,2024-07-16,0.16527012593649995,0.22826903979632038,False
e2a_k3,2024-07-17,0.03351529101006629,0.02258809818397488,False
e2a_k3,2024-07-18,0.0030989662667857553,-0.02976261438745397,False
e2a_k3,2024-07-19,-0.023999593742855613,-0.03325895906688508,False
e2a_k3,2024-07-22,0.18753663453738165,0.28813423702987184,False
e2a_k3,2024-07-23,0.0998306153216249,0.12813359539528016,False
e2a_k3,2024-07-24,0.05772670632772537,0.053082648838465286,False
e2a_k3,2024-07-25,0.09169946376912283,0.08081031098319713,False
e2a_k3,2024-07-26,0.10681828755372727,0.17557073323433697,False
e2a_k3,2024-07-29,0.14358624104966974,0.13889894858968901,False
e2a_k3,2024-07-30,-0.06147539136942888,-0.15068068859847872,False
e2a_k3,2024-07-31,0.08367463801606391,0.17099878465303886,False
e2a_k3,2024-08-01,0.07112134602838345,0.117019867739318,False
e2a_k3,2024-08-02,0.027695025221549242,0.03859312729199332,False
e2a_k3,2024-08-05,-0.03110598832470993,-0.03209669644122701,False
e2a_k3,2024-08-06,0.0597696811321871,0.08787816685978093,False
e2a_k3,2024-08-07,0.12756776768068703,0.17540184225592173,False
e2a_k3,2024-08-08,0.14376072201647583,0.20492514921463695,False
e2a_k3,2024-08-09,-0.016491527916557804,0.01290992017343753,False
e2a_k3,2024-08-12,0.08676352917453475,0.07229513747211161,False
e2a_k3,2024-08-13,0.07091093477781939,0.16654034557393518,False
e2a_k3,2024-08-14,0.0739831095598521,0.07678142767598012,False
e2a_k3,2024-08-15,0.030775912834275047,0.04103073857128846,False
e2a_k3,2024-08-16,0.10784986899668055,0.18287617432175307,False
e2a_k3,2024-08-19,0.05445880292752655,0.12148993670760856,False
e2a_k3,2024-08-20,-0.01209967350730271,-0.03918493322603624,False
e2a_k3,2024-08-21,0.06627280861642793,0.13961754227209155,False
e2a_k3,2024-08-22,0.014097735124563871,0.019716271047827933,False
e2a_k3,2024-08-23,0.13924037103740874,0.18688862785489588,False
e2a_k3,2024-08-26,0.13107253351985035,0.18483495338499292,False
e2a_k3,2024-08-27,0.02049703304737489,-0.008754074695443844,False
e2a_k3,2024-08-28,-0.015826614580445757,-0.04921077431662506,False
e2a_k3,2024-08-29,-0.06595257101118136,-0.1739517954379649,False
e2a_k3,2024-08-30,0.1117425521800748,0.22628269919630778,False
e2a_k3,2024-09-02,-0.0661466388155939,-0.104289254324562,False
e2a_k3,2024-09-03,-0.19072147761835948,-0.26344277152544887,False
e2a_k3,2024-09-04,0.06472649587249768,0.06477610925223945,False
e2a_k3,2024-09-05,0.11975355751289612,0.21820906317744282,False
e2a_k3,2024-09-06,-0.04190400383525393,-0.0404584390031883,False
e2a_k3,2024-09-09,-0.07049242498765436,-0.11390832620669959,False
e2a_k3,2024-09-10,-0.1215146324908839,-0.21414455283834474,False
e2a_k3,2024-09-11,0.23155778812341818,0.244723828466948,False
e2a_k3,2024-09-12,0.18043944919570318,0.23585384739233853,False
e2a_k3,2024-09-13,0.02040643295500842,0.03133995349718632,False
e2a_k3,2024-09-18,0.16987171150631372,0.24755962879823382,False
e2a_k3,2024-09-19,0.07773228679131207,0.11391424346462148,False
e2a_k3,2024-09-20,0.06743541898993957,0.08361503992673508,False
e2a_k3,2024-09-23,0.12330151460550308,0.05760450883738903,True
e2a_k3,2024-09-24,0.15876678972631675,0.22321443917008787,False
e2a_k3,2024-09-25,0.04052055739456044,-0.009615971750717704,True
e2a_k3,2024-09-26,-0.12531196624405816,-0.23679062812331705,True
e2a_k3,2024-09-27,0.1381044698634711,0.08175561916956751,True
e2a_k3,2024-09-30,-0.1617711848312553,-0.14977713842957793,True
e2a_k3,2024-10-08,-0.1525380738253868,-0.14071883458116624,True
e2a_k3,2024-10-09,0.05832658989979148,0.15850497805647581,True
e2a_k3,2024-10-10,-0.023792922288390958,0.03206216600751147,True
e2a_k3,2024-10-11,-0.011470651500956998,-0.0076219680625201295,True
e2a_k3,2024-10-14,-0.009416855563898877,0.02020048292739643,False
e2a_k3,2024-10-15,0.04081626689788854,0.058671343816313025,True
e2a_k3,2024-10-16,0.0527338984974478,0.03883021919788898,False
e2a_k3,2024-10-17,-0.07955324141466544,-0.19722946261359903,True
e2a_k3,2024-10-18,-0.09399088594756427,-0.1459476348945515,True
e2a_k3,2024-10-21,0.009993163092365644,0.10239120054569319,True
e2a_k3,2024-10-22,0.07229080340513307,0.08354908075483604,True
e2a_k3,2024-10-23,0.03235865046170451,0.0704634473594412,True
e2a_k3,2024-10-24,0.09696361139476745,0.11796634854284276,True
e2a_k3,2024-10-25,0.07761678143639872,0.12087962197922843,True
e2a_k3,2024-10-28,-0.03145577486390392,0.02953638159199507,True
e2a_k3,2024-10-29,0.008186644916273612,0.03651110665283559,True
e2a_k3,2024-10-30,0.08105516837028112,0.042460314888965726,True
e2a_k3,2024-10-31,0.1373280601309481,0.22419980887055144,True
e2a_k3,2024-11-01,0.049239595607881076,0.015297564971601653,True
e2a_k3,2024-11-04,-0.012734445036336289,-0.12696995922585766,True
e2a_k3,2024-11-05,0.059543233105780455,0.10260767615137671,True
e2a_k3,2024-11-06,0.11559733865590124,0.16990014107543117,True
e2a_k3,2024-11-07,0.03406495669023389,0.026437808140085256,True
e2a_k3,2024-11-08,-0.018612890509971617,-0.14582529770486885,True
e2a_k3,2024-11-11,-0.03448380422786312,0.13162610599541252,True
e2a_k3,2024-11-12,0.0459579138730964,0.0792714551853439,False
e2a_k3,2024-11-13,0.06922582462413109,0.23254762645333546,False
e2a_k3,2024-11-14,0.06701861678142974,0.11771870191139525,True
e2a_k3,2024-11-15,0.21444921979528714,0.28547772201736904,True
e2a_k3,2024-11-18,-0.06016648922817161,-0.10585381364504928,False
e2a_k3,2024-11-19,0.024803062895568613,-0.019885397285800473,True
e2a_k3,2024-11-20,0.04313501296979705,0.06841398749302895,False
e2a_k3,2024-11-21,-0.008580958820589367,0.04796364676994202,True
e2a_k3,2024-11-22,0.06017675607758835,0.06511505413335897,True
e2a_k3,2024-11-25,0.07872506547852712,0.20613315378910557,False
e2a_k3,2024-11-26,-0.11484831191180961,-0.18620144713057368,True
e2a_k3,2024-11-27,0.10640415698484025,0.21044894734593114,False
e2a_k3,2024-11-28,-0.07750639275998705,-0.10049884928714697,False
e2a_k3,2024-11-29,0.07943828916707198,0.0576260777648243,False
e2a_k3,2024-12-02,0.09362389124435459,0.14840417211969217,False
e2a_k3,2024-12-03,0.03812325615540104,0.06388195598609096,False
e2a_k3,2024-12-04,0.023815425816417688,-0.006677222299787347,True
e2a_k3,2024-12-05,0.2116047033454112,0.3237427683041872,False
e2a_k3,2024-12-06,-0.042411436717417095,-0.03577256057261151,False
e2a_k3,2024-12-09,-0.013102390522114893,0.010298713017573598,False
e2a_k3,2024-12-10,0.02301310584585858,0.03516086765013321,False
e2a_k3,2024-12-11,-0.013967348919498069,0.06925776152094423,False
e2a_k3,2024-12-12,-0.03648727156160047,-0.02235792996617752,True
e2a_k3,2024-12-13,0.11396204761593937,0.18762926567751145,False
e2a_k3,2024-12-16,-0.0116380628021153,0.03170553630532909,False
e2a_k3,2024-12-17,-0.03345911507186341,-0.03214595632967827,True
e2a_k3,2024-12-18,-0.13398525097172612,-0.15099716041251882,False
e2a_k3,2024-12-19,-0.15428109339399337,-0.23666491491589364,False
e2a_k3,2024-12-20,0.10719277252162289,0.19003421957302116,False
e2a_k3,2024-12-23,-0.018028810657408797,-0.03707320069032045,False
e2a_k3,2024-12-24,0.04083474294597264,0.11465575063131701,False
e2a_k3,2024-12-25,-0.062009586352139906,-0.11041648654390711,False
e2a_k3,2024-12-26,0.21704980283640649,0.3689420488815058,False
e2a_k3,2024-12-27,-0.02517236004524205,-0.012030468050544668,False
e2a_k15,2024-01-02,0.22772734476695283,0.24984210444010335,False
e2a_k15,2024-01-03,0.04963327453526892,0.06611368085535557,False
e2a_k15,2024-01-04,0.1541516462570923,0.2478910848401587,False
e2a_k15,2024-01-05,0.05456192753251162,0.0737190137698333,False
e2a_k15,2024-01-08,0.14133009962202933,0.15046347678231514,False
e2a_k15,2024-01-09,0.04325792160789541,0.028701270836184505,False
e2a_k15,2024-01-10,-0.1343755464947521,-0.11105433287667962,False
e2a_k15,2024-01-11,0.2313890690548876,0.22566039590542405,False
e2a_k15,2024-01-12,-0.005613161250960008,0.018513723362734723,False
e2a_k15,2024-01-15,0.0030311440153918887,0.014995139286004648,False
e2a_k15,2024-01-16,0.10498853591433058,0.21556404221956865,False
e2a_k15,2024-01-17,-0.09993981415163374,-0.08758644251556134,False
e2a_k15,2024-01-18,0.1684671568603583,0.24842929993832916,False
e2a_k15,2024-01-19,0.07178853337572888,0.09004285951091569,False
e2a_k15,2024-01-22,0.03234810036005053,0.04467896591183342,False
e2a_k15,2024-01-23,0.11610290218574736,0.18697146327181416,False
e2a_k15,2024-01-24,0.1018223910957509,0.12277742493070448,False
e2a_k15,2024-01-25,0.21574362175532508,0.3370257080226524,False
e2a_k15,2024-01-26,0.19019648157303043,0.20059497990564965,False
e2a_k15,2024-01-29,0.06675859577928152,0.07919928425672303,False
e2a_k15,2024-01-30,0.12583595584387441,0.17017924174828097,False
e2a_k15,2024-01-31,-0.0365544606334558,-0.06464433509800181,False
e2a_k15,2024-02-01,-0.01988336845448424,0.09636868526674963,True
e2a_k15,2024-02-02,0.06961890283753756,0.12113213138727048,True
e2a_k15,2024-02-05,0.1797197474608984,0.14499848762315007,True
e2a_k15,2024-02-06,0.020974105001133548,0.014982101903612039,True
e2a_k15,2024-02-07,0.1502700319662096,0.08860257775361984,True
e2a_k15,2024-02-08,-0.10398221701096447,-0.08258526618490582,False
e2a_k15,2024-02-19,-0.03175671756819741,-0.03782125101181529,False
e2a_k15,2024-02-20,-0.0059244670619648465,-0.08281234295449923,False
e2a_k15,2024-02-21,0.009378989348577319,-0.028271184541625104,False
e2a_k15,2024-02-22,0.08392156754509858,0.023719370355224968,False
e2a_k15,2024-02-23,0.0906681827164525,0.01850354260647721,False
e2a_k15,2024-02-26,0.032587622942210036,-0.136510624949263,False
e2a_k15,2024-02-27,-0.008055939143491002,0.19116756097518342,True
e2a_k15,2024-02-28,0.07889817017687135,0.08702804260935416,False
e2a_k15,2024-02-29,0.044864379324850406,-0.019103789840824854,False
e2a_k15,2024-03-01,-0.04850150370535236,-0.02969234464035406,False
e2a_k15,2024-03-04,-0.02572057290937255,0.11955624373319289,False
e2a_k15,2024-03-05,0.03948448900111538,0.073412617277923,False
e2a_k15,2024-03-06,0.054519690604987424,0.18776963053733234,False
e2a_k15,2024-03-07,0.06275754280338466,0.061657911240482664,False
e2a_k15,2024-03-08,0.05261728801292647,-0.036394159119544814,False
e2a_k15,2024-03-11,-0.09179204016047449,-0.10193180742798265,False
e2a_k15,2024-03-12,0.007469342725276614,-0.018269161124832588,False
e2a_k15,2024-03-13,0.11551425375297639,0.23044002628924648,False
e2a_k15,2024-03-14,0.07148834714711579,0.07352020933524088,False
e2a_k15,2024-03-15,0.003689674329920591,-0.020498467487977137,False
e2a_k15,2024-03-18,0.07382118999485983,0.10635736633931508,False
e2a_k15,2024-03-19,-0.0027397112246401547,0.0004651447205091809,False
e2a_k15,2024-03-20,0.1031306780035938,0.1842252081851073,False
e2a_k15,2024-03-21,-0.07359738059837749,-0.06841257342111738,True
e2a_k15,2024-03-22,0.12616333952217332,0.21432959750300667,False
e2a_k15,2024-03-25,-0.012929840985685866,-0.02230679516312209,False
e2a_k15,2024-03-26,-0.002195816643763285,0.13326304124828253,False
e2a_k15,2024-03-27,-0.06737323990466369,-0.02566635113921017,False
e2a_k15,2024-03-28,0.05514773808167237,0.08178326573100322,False
e2a_k15,2024-03-29,0.08636259772148162,0.09068122889311785,False
e2a_k15,2024-04-01,0.16510279531660962,0.2919098238555834,True
e2a_k15,2024-04-02,0.10980985590506138,0.17038872604877434,False
e2a_k15,2024-04-03,-0.03409565110771219,0.052975330992751035,False
e2a_k15,2024-04-08,0.13282747191669145,0.1373507691993221,False
e2a_k15,2024-04-09,0.06496554968486627,0.1420691649367865,False
e2a_k15,2024-04-10,0.011224945110736047,0.06356387872160214,False
e2a_k15,2024-04-11,0.037648891070331765,0.056215669852313695,False
e2a_k15,2024-04-12,-0.049936572573063664,-0.045990206062062174,True
e2a_k15,2024-04-15,0.008603307635704613,0.012952526584545017,True
e2a_k15,2024-04-16,-0.11840893865686891,-0.10299146491198126,True
e2a_k15,2024-04-17,-0.10164173180276845,-0.06551785268694152,False
e2a_k15,2024-04-18,0.057339872521148756,0.09520053575517538,True
e2a_k15,2024-04-19,0.050532430870282655,0.028001008301235326,True
e2a_k15,2024-04-22,0.016309237342755772,-0.0523140446541264,False
e2a_k15,2024-04-23,0.10098185426108204,0.028647806241133084,True
e2a_k15,2024-04-24,0.010410366120263517,0.014310311361558418,False
e2a_k15,2024-04-25,0.07055047178137305,0.007323572015276811,True
e2a_k15,2024-04-26,0.09052115566799468,0.09089835296840405,True
e2a_k15,2024-04-29,0.06680893789287824,0.11968332544587608,True
e2a_k15,2024-04-30,-0.053828509772160596,-0.048772687314121196,False
e2a_k15,2024-05-06,0.05320055973698114,0.022414026530946866,False
e2a_k15,2024-05-07,0.0058872468845705276,0.043603189556818085,False
e2a_k15,2024-05-08,0.0028005685835106333,0.005161001627342135,False
e2a_k15,2024-05-09,0.16028907357113287,0.2658552057608112,False
e2a_k15,2024-05-10,-0.009994694654102389,-0.0008028386312235015,True
e2a_k15,2024-05-13,0.043487204206034635,0.06381265663076972,False
e2a_k15,2024-05-14,0.09710389554015562,0.13392683766707,False
e2a_k15,2024-05-15,0.12961024779794444,0.1295957733399291,True
e2a_k15,2024-05-16,0.06003222381315448,0.05120431346761799,False
e2a_k15,2024-05-17,-0.04677679884380461,-0.009841607869616317,False
e2a_k15,2024-05-20,0.06751284055439259,0.09186049551462293,False
e2a_k15,2024-05-21,0.10038347421898311,0.09345697726978563,False
e2a_k15,2024-05-22,0.017308559866466594,0.0790272637244725,False
e2a_k15,2024-05-23,0.14155290436077506,0.1909403964450194,False
e2a_k15,2024-05-24,0.04146272158310303,0.04372920948435591,False
e2a_k15,2024-05-27,-0.045396534056686755,-0.058951766762076786,False
e2a_k15,2024-05-28,0.02319165548623023,0.019680504538489425,False
e2a_k15,2024-05-29,-0.027858487748379696,-0.015408205466651595,False
e2a_k15,2024-05-30,0.06731604111831664,0.023567953543524978,False
e2a_k15,2024-05-31,-0.19810824175910804,-0.1756326015764269,False
e2a_k15,2024-06-03,-0.03464613351416724,0.049381745868271695,False
e2a_k15,2024-06-04,0.07988804194574854,0.048486263944312026,False
e2a_k15,2024-06-05,0.01169762126460433,0.06610198165803745,True
e2a_k15,2024-06-06,0.24789126368024267,0.29737469658529786,False
e2a_k15,2024-06-07,-0.08631288138292229,-0.1641339783416308,True
e2a_k15,2024-06-11,0.03596565445465634,0.02484764902715813,False
e2a_k15,2024-06-12,0.009562513994771262,-0.02586295704196615,True
e2a_k15,2024-06-13,0.03232631113228777,0.07420358912968737,False
e2a_k15,2024-06-14,-0.03655956766291017,-0.0886097085006603,False
e2a_k15,2024-06-17,0.03427733275574927,0.043681939822480434,False
e2a_k15,2024-06-18,0.08706386681748962,0.12402734263144491,False
e2a_k15,2024-06-19,0.12651459915536994,0.09489782966616629,False
e2a_k15,2024-06-20,0.11196498076866807,0.11790619223204918,False
e2a_k15,2024-06-21,0.017545840166082266,0.06404998167987372,False
e2a_k15,2024-06-24,0.20892075262066026,0.21963520967524547,False
e2a_k15,2024-06-25,0.0754065858388722,0.05295902653530125,False
e2a_k15,2024-06-26,0.02208831835674137,0.03967140389070324,False
e2a_k15,2024-06-27,0.015710029496235275,0.03539692603625113,False
e2a_k15,2024-06-28,0.15149533355223566,0.2124336365390744,False
e2a_k15,2024-07-01,0.12681725381268266,0.16539643304387464,False
e2a_k15,2024-07-02,0.09820434890402485,0.11469481233752032,False
e2a_k15,2024-07-03,0.04651730935985664,0.09092822035461343,False
e2a_k15,2024-07-04,0.11149990779004039,0.10062505638907922,False
e2a_k15,2024-07-05,0.03298390898260671,0.06515862000799914,False
e2a_k15,2024-07-08,-0.11984913054713082,-0.12435177813333136,True
e2a_k15,2024-07-09,-0.07290484406409183,-0.18373497618451456,False
e2a_k15,2024-07-10,0.13468224721591318,0.1354388374832485,False
e2a_k15,2024-07-11,0.05392169061082624,0.07197901055421126,False
e2a_k15,2024-07-12,-0.017070830189846384,0.08214855552112867,False
e2a_k15,2024-07-15,-0.037828317196172065,-0.06689689277326755,False
e2a_k15,2024-07-16,0.17440382643240668,0.23829841247353525,False
e2a_k15,2024-07-17,0.06224445932496841,0.051709171550118095,False
e2a_k15,2024-07-18,0.0007294629087360354,-0.03207872760056854,False
e2a_k15,2024-07-19,0.03156265557331524,0.02402435827877464,False
e2a_k15,2024-07-22,0.09322815298614812,0.18431034426247833,False
e2a_k15,2024-07-23,0.138095574768775,0.16598310419000506,False
e2a_k15,2024-07-24,0.044683354519169716,0.040315579925808545,False
e2a_k15,2024-07-25,0.06555025671329673,0.05580571798780727,False
e2a_k15,2024-07-26,0.07350824724211957,0.13865061332593415,False
e2a_k15,2024-07-29,0.0972501838216522,0.0924860761227319,False
e2a_k15,2024-07-30,-0.046172082739641095,-0.13171703208692587,False
e2a_k15,2024-07-31,0.034255870298702605,0.11323702526543845,False
e2a_k15,2024-08-01,0.10828088290449847,0.15376944287002353,False
e2a_k15,2024-08-02,0.0866187010348859,0.09695746718108335,False
e2a_k15,2024-08-05,0.028644919436522157,0.027717903254389283,False
e2a_k15,2024-08-06,0.057750647127971226,0.08519551924332006,False
e2a_k15,2024-08-07,0.0946910063335333,0.14463978404097796,False
e2a_k15,2024-08-08,0.16407537145654402,0.22272378669755263,False
e2a_k15,2024-08-09,0.014292653531948502,0.04145551623920521,False
e2a_k15,2024-08-12,0.03113118052395159,0.016916659164734803,False
e2a_k15,2024-08-13,0.05830985876470611,0.15397845030531082,False
e2a_k15,2024-08-14,0.03844034719547621,0.04119366976695645,False
e2a_k15,2024-08-15,-0.002800971741830718,0.007672635587065825,False
e2a_k15,2024-08-16,0.05109299291655034,0.13744311477186558,False
e2a_k15,2024-08-19,0.06155184112972821,0.13187820620464596,False
e2a_k15,2024-08-20,0.000707065887469326,-0.026068103367266622,False
e2a_k15,2024-08-21,0.08030397761138847,0.1527190179607057,False
e2a_k15,2024-08-22,-8.913925687426584e-05,0.0050332117314428396,False
e2a_k15,2024-08-23,0.11440459557034895,0.16271084649036982,False
e2a_k15,2024-08-26,0.12699433366250207,0.17907963910144228,False
e2a_k15,2024-08-27,0.028393449163549023,0.002071715655939474,False
e2a_k15,2024-08-28,-0.010315475800904422,-0.04489253758932582,False
e2a_k15,2024-08-29,-0.07981701129693869,-0.1788604531040591,False
e2a_k15,2024-08-30,0.05452938319955581,0.16921086826804924,False
e2a_k15,2024-09-02,-0.048378537812353614,-0.0919528551939659,False
e2a_k15,2024-09-03,-0.1586928965925178,-0.22729716873088365,False
e2a_k15,2024-09-04,0.06839467157829035,0.06844730400311363,False
e2a_k15,2024-09-05,0.06995882666252796,0.17241082734138313,False
e2a_k15,2024-09-06,-0.01575027044356692,-0.014252213003256884,False
e2a_k15,2024-09-09,-0.02317880142052247,-0.07109847800143072,False
e2a_k15,2024-09-10,-0.09614222488996059,-0.18957786533884924,False
e2a_k15,2024-09-11,0.1786845644967575,0.1929302553903462,False
e2a_k15,2024-09-12,0.15263571384966568,0.21502820306362347,False
e2a_k15,2024-09-13,0.012670357861489042,0.023558780280383447,False
e2a_k15,2024-09-18,0.14445517235739613,0.21383712347884104,False
e2a_k15,2024-09-19,0.05979645814760982,0.09624455085050002,False
e2a_k15,2024-09-20,0.0031287397200715833,0.01515746429505963,False
e2a_k15,2024-09-23,0.11992010006667855,0.05680819269281896,True
e2a_k15,2024-09-24,0.14278421920032278,0.20667693819012434,False
e2a_k15,2024-09-25,0.06878652378717802,0.024916181700089024,True
e2a_k15,2024-09-26,-0.0414842345780393,-0.1113574003995175,True
e2a_k15,2024-09-27,0.23309991185509923,0.18136108435874848,True
e2a_k15,2024-09-30,-0.01903733829272342,-0.004804632198964595,True
e2a_k15,2024-10-08,0.05445175821333925,0.06888881718213612,True
e2a_k15,2024-10-09,-0.007723245229278197,0.06982044773951075,True
e2a_k15,2024-10-10,0.02811680075607326,0.08444239488204547,True
e2a_k15,2024-10-11,-0.08414375981395124,-0.08035966719951489,True
e2a_k15,2024-10-14,-0.04614100830796751,-0.0154724583039184,False
e2a_k15,2024-10-15,0.101107775913824,0.11528617176697707,True
e2a_k15,2024-10-16,0.0647012484064364,0.050669113573495815,False
e2a_k15,2024-10-17,0.0028947389571307553,-0.09835395114430533,True
e2a_k15,2024-10-18,-0.04052186113994995,-0.07937182812013045,True
e2a_k15,2024-10-21,0.0533986162448338,0.1465803345619367,True
e2a_k15,2024-10-22,0.07456949502303732,0.08523281550947073,True
e2a_k15,2024-10-23,0.005891561623041578,0.04525526682654111,True
e2a_k15,2024-10-24,0.06816062580306533,0.08760663050750209,True
e2a_k15,2024-10-25,0.044616878381816834,0.0849665341414483,True
e2a_k15,2024-10-28,-0.022847823315182283,0.035231441231808436,True
e2a_k15,2024-10-29,0.03422306750800775,0.06018990208518095,True
e2a_k15,2024-10-30,0.06051860134145062,0.027186881452903117,True
e2a_k15,2024-10-31,0.16195079222526937,0.24164531853645266,True
e2a_k15,2024-11-01,-0.004027163418685476,-0.03586101874172638,True
e2a_k15,2024-11-04,0.017342074441218495,-0.08765176186434723,True
e2a_k15,2024-11-05,0.025390787463252924,0.06670028320174351,True
e2a_k15,2024-11-06,0.10295871921317666,0.15198464328226946,True
e2a_k15,2024-11-07,0.0018949410520932204,-0.005458558057487343,True
e2a_k15,2024-11-08,0.03444622273159885,-0.08251941020716014,True
e2a_k15,2024-11-11,-0.036024017786486666,0.12158002629715967,True
e2a_k15,2024-11-12,0.03137902405848857,0.05915926234473922,False
e2a_k15,2024-11-13,0.053568995247684666,0.21440886644572962,False
e2a_k15,2024-11-14,0.0565464072542861,0.1025800298009638,True
e2a_k15,2024-11-15,0.12266630413976319,0.19108642146146937,True
e2a_k15,2024-11-18,-0.1212251632235511,-0.16110998618838268,False
e2a_k15,2024-11-19,0.036981883971460704,-0.011741174030703164,True
e2a_k15,2024-11-20,0.04483367075171568,0.0712627345858387,False
e2a_k15,2024-11-21,0.01219048416534276,0.06488516178586974,True
e2a_k15,2024-11-22,0.02513507882993569,0.030205382098654258,True
e2a_k15,2024-11-25,0.0786165442958242,0.22531458385329697,False
e2a_k15,2024-11-26,-0.12672273260378625,-0.19847663522794046,True
e2a_k15,2024-11-27,0.11722440315771475,0.21896085372955992,False
e2a_k15,2024-11-28,-0.0023301027145696943,-0.02319280215877162,False
e2a_k15,2024-11-29,0.08769065026418474,0.06406983610113101,False
e2a_k15,2024-12-02,0.038117930760710204,0.09389785637939552,False
e2a_k15,2024-12-03,0.03349065691728482,0.05697360964974293,False
e2a_k15,2024-12-04,0.03685789161255994,0.008584429335652932,True
e2a_k15,2024-12-05,0.1760456384091449,0.2887573155241682,False
e2a_k15,2024-12-06,-0.023863065800471983,-0.017517758460742112,False
e2a_k15,2024-12-09,0.01326218204724057,0.03628147400942875,False
e2a_k15,2024-12-10,0.03077515148375002,0.042813385492274106,False
e2a_k15,2024-12-11,0.0016951805683584097,0.0851134681367511,False
e2a_k15,2024-12-12,-0.017292378104562193,-0.003343547901851214,True
e2a_k15,2024-12-13,0.07742118552397803,0.1487331388431345,False
e2a_k15,2024-12-16,0.005851408824728855,0.04319322593161052,False
e2a_k15,2024-12-17,-0.011919890512900952,-0.010863775268519525,True
e2a_k15,2024-12-18,-0.1026561094538735,-0.11939714730381372,False
e2a_k15,2024-12-19,-0.13043681252123,-0.21945503121189155,False
e2a_k15,2024-12-20,0.03826531566729105,0.11873241375200332,False
e2a_k15,2024-12-23,-0.006462939759227951,-0.02605461040504549,False
e2a_k15,2024-12-24,0.0063921825198195925,0.0822119149624615,False
e2a_k15,2024-12-25,-0.060847665538032815,-0.10596381101642842,False
e2a_k15,2024-12-26,0.18109205763523875,0.34380958607978046,False
e2a_k15,2024-12-27,0.0539843357944123,0.06582593455839789,False
e2a_k60,2024-01-02,0.18289311759885166,0.20428613922226113,False
e2a_k60,2024-01-03,0.061705500302991725,0.0799149368916715,False
e2a_k60,2024-01-04,0.12973708933172717,0.2223174730274889,False
e2a_k60,2024-01-05,0.05584842092636939,0.0755263132161685,False
e2a_k60,2024-01-08,0.1149435945518227,0.12360618235479906,False
e2a_k60,2024-01-09,0.03075875372659083,0.015502059358811581,False
e2a_k60,2024-01-10,-0.13314429496170338,-0.10812972459474592,False
e2a_k60,2024-01-11,0.2277524485874478,0.22268213054144229,False
e2a_k60,2024-01-12,0.022302091349711808,0.04821924011256946,False
e2a_k60,2024-01-15,-0.0019710294656448027,0.009638583103477427,False
e2a_k60,2024-01-16,0.12175193751131258,0.22877538195159985,False
e2a_k60,2024-01-17,-0.08557685415007503,-0.07442685335083782,False
e2a_k60,2024-01-18,0.1538951194204943,0.2320715366460673,False
e2a_k60,2024-01-19,0.07862453144117211,0.0959692003767252,False
e2a_k60,2024-01-22,0.03114065262794273,0.043717204918290745,False
e2a_k60,2024-01-23,0.12324764930952173,0.19987934666174814,False
e2a_k60,2024-01-24,0.09749197362548241,0.12224215971265634,False
e2a_k60,2024-01-25,0.2185306879326622,0.34087324959235205,False
e2a_k60,2024-01-26,0.15853082868841759,0.16793076363934195,False
e2a_k60,2024-01-29,0.026315898579074494,0.038112086400581134,False
e2a_k60,2024-01-30,0.09531926819078015,0.13904130206873858,False
e2a_k60,2024-01-31,-0.03679878203469959,-0.06804108288397724,False
e2a_k60,2024-02-01,-0.017561991801836773,0.10662118823468872,True
e2a_k60,2024-02-02,0.07593785586665323,0.1290175400658564,True
e2a_k60,2024-02-05,0.07480917315268774,0.03638869293865807,True
e2a_k60,2024-02-06,0.02813473519898799,0.021793096781233836,True
e2a_k60,2024-02-07,0.10260745569075279,0.020300603284792187,True
e2a_k60,2024-02-08,-0.08469566616227814,-0.06080494156741683,False
e2a_k60,2024-02-19,-0.03605447497693483,-0.04203276462502167,False
e2a_k60,2024-02-20,-0.007415450572260951,-0.0902633076983342,False
e2a_k60,2024-02-21,0.005185296180873143,-0.03180544503745269,False
e2a_k60,2024-02-22,0.07413245947788019,0.013199106642733459,False
e2a_k60,2024-02-23,0.06996474866935604,-0.0036370675356168737,False
e2a_k60,2024-02-26,0.037917460107632375,-0.13461064449421054,False
e2a_k60,2024-02-27,-0.040815641550222964,0.1417560631458155,True
e2a_k60,2024-02-28,0.16122708328059823,0.167577182741078,False
e2a_k60,2024-02-29,0.016223749630737413,-0.0467165427200344,False
e2a_k60,2024-03-01,-0.06036963559838887,-0.039502300968236516,False
e2a_k60,2024-03-04,-0.008594641136424795,0.14637989721387085,False
e2a_k60,2024-03-05,0.038694339480211726,0.07752809626290924,False
e2a_k60,2024-03-06,0.01684704935401531,0.14889083939204747,False
e2a_k60,2024-03-07,0.03370628648427965,0.03271394509956373,False
e2a_k60,2024-03-08,0.06183876827818721,-0.028144608726721504,False
e2a_k60,2024-03-11,-0.10619066153187297,-0.11596758613801761,False
e2a_k60,2024-03-12,0.0025849420828799527,-0.025512499121102265,False
e2a_k60,2024-03-13,0.1105124104518602,0.23429969501477071,False
e2a_k60,2024-03-14,0.06873104929453412,0.07076180098503997,False
e2a_k60,2024-03-15,0.003169173944086208,-0.02040273050447642,False
e2a_k60,2024-03-18,0.062593686179516,0.09580015279987258,False
e2a_k60,2024-03-19,-0.020609526071926742,-0.017451734875672066,False
e2a_k60,2024-03-20,0.09293046193673803,0.17758423688602767,False
e2a_k60,2024-03-21,-0.061980066950539786,-0.05663008882350567,True
e2a_k60,2024-03-22,0.11066475558039637,0.19917029940279352,False
e2a_k60,2024-03-25,-0.04504724766919357,-0.055370956583565785,False
e2a_k60,2024-03-26,0.023197317442426924,0.16300444981229337,False
e2a_k60,2024-03-27,-0.06675256756648437,-0.026775170101067183,False
e2a_k60,2024-03-28,0.05494888050998655,0.0859031026850458,False
e2a_k60,2024-03-29,0.09999158078966382,0.10414688676607285,False
e2a_k60,2024-04-01,0.18475684844724938,0.3126803362366026,True
e2a_k60,2024-04-02,0.07322393201080436,0.13665879407262657,False
e2a_k60,2024-04-03,-0.01732089875043704,0.07144679452844724,False
e2a_k60,2024-04-08,0.11285657018646399,0.1172117222876314,False
e2a_k60,2024-04-09,0.10169572047551574,0.17651855017366894,False
e2a_k60,2024-04-10,0.013865356111543981,0.06250576506942432,False
e2a_k60,2024-04-11,0.025602204287408104,0.04149569770363964,False
e2a_k60,2024-04-12,-0.05739840173011497,-0.05364902762774758,True
e2a_k60,2024-04-15,-0.12716599091137723,-0.12259766429745253,True
e2a_k60,2024-04-16,0.004350599133707048,0.018368985730510407,True
e2a_k60,2024-04-17,-0.09581147934498167,-0.05895453321930378,False
e2a_k60,2024-04-18,0.06313293868626751,0.10222223068890127,True
e2a_k60,2024-04-19,0.06826060557142496,0.044385859704254335,True
e2a_k60,2024-04-22,0.015377736191862173,-0.05735969981434454,False
e2a_k60,2024-04-23,0.0812147311644628,0.009293876974479491,True
e2a_k60,2024-04-24,0.01978184305143596,0.0241517886996652,False
e2a_k60,2024-04-25,0.09468277334363351,0.032727945889839516,True
e2a_k60,2024-04-26,0.08777450218233927,0.08821170251331013,True
e2a_k60,2024-04-29,0.050007906879444695,0.10604889472345738,True
e2a_k60,2024-04-30,-0.0562701199595253,-0.05088074247976049,False
e2a_k60,2024-05-06,0.06943684850396409,0.03585426682805434,False
e2a_k60,2024-05-07,0.013562153370126796,0.052777235543741106,False
e2a_k60,2024-05-08,-0.0051146386687396,-0.0028213158805583992,False
e2a_k60,2024-05-09,0.16507563093128316,0.26334565277958777,False
e2a_k60,2024-05-10,-0.01377851148257432,-0.005193635503953888,True
e2a_k60,2024-05-13,0.02423031484126455,0.04241116054034964,False
e2a_k60,2024-05-14,0.09760957673815615,0.13026175030940532,False
e2a_k60,2024-05-15,0.1048512478815144,0.10485466368180923,True
e2a_k60,2024-05-16,0.031122700012671065,0.023407924837066264,False
e2a_k60,2024-05-17,-0.011034036965924211,0.026458477840706856,False
e2a_k60,2024-05-20,0.06908277927244778,0.09290373255508212,False
e2a_k60,2024-05-21,0.09888248519280947,0.09195468186064104,False
e2a_k60,2024-05-22,-0.005616447136324621,0.05437805216725252,False
e2a_k60,2024-05-23,0.15658820077922642,0.20706010203100259,False
e2a_k60,2024-05-24,0.0369680812946895,0.03893213222651634,False
e2a_k60,2024-05-27,-0.0663282409375108,-0.08039317556415247,False
e2a_k60,2024-05-28,0.012662844090559027,0.00907293090977863,False
e2a_k60,2024-05-29,0.006716806323298859,0.019199248952644316,False
e2a_k60,2024-05-30,0.04042722818908956,-0.005079672486402627,False
e2a_k60,2024-05-31,-0.1879629384886066,-0.16650910399832283,False
e2a_k60,2024-06-03,-0.04988730278440071,0.034219468820432766,False
e2a_k60,2024-06-04,0.04023640684171036,0.006380164990142391,False
e2a_k60,2024-06-05,0.05466067227722606,0.11061636532286587,True
e2a_k60,2024-06-06,0.2403299285495955,0.29429219977692606,False
e2a_k60,2024-06-07,-0.09579356979448549,-0.17602214475800654,True
e2a_k60,2024-06-11,0.017244367049179664,0.0057270856288743005,False
e2a_k60,2024-06-12,-0.017470776007085843,-0.052596627893506664,True
e2a_k60,2024-06-13,0.03156487699932872,0.07486976493105317,False
e2a_k60,2024-06-14,-0.022859390949740533,-0.07738951856124804,False
e2a_k60,2024-06-17,0.0247903611782555,0.03392478592579257,False
e2a_k60,2024-06-18,0.06779947298638694,0.1032485418332805,False
e2a_k60,2024-06-19,0.10772046646382925,0.07583056425257524,False
e2a_k60,2024-06-20,0.07965338189340702,0.08576532216544892,False
e2a_k60,2024-06-21,0.003310651930404755,0.044506336140409164,False
e2a_k60,2024-06-24,0.18529566363805142,0.19687368303558353,False
e2a_k60,2024-06-25,0.12438579703844754,0.10216154440843041,False
e2a_k60,2024-06-26,0.022981804898356266,0.03999505377038785,False
e2a_k60,2024-06-27,0.00649906546558371,0.025878500102333803,False
e2a_k60,2024-06-28,0.13778021754600722,0.19857064634596042,False
e2a_k60,2024-07-01,0.15658774978990428,0.19296985793046387,False
e2a_k60,2024-07-02,0.08864613387439965,0.1056696311571519,False
e2a_k60,2024-07-03,0.03995699482429089,0.08506559191479364,False
e2a_k60,2024-07-04,0.07509947283627565,0.06442958654074205,False
e2a_k60,2024-07-05,0.002745389146121657,0.03492844254830933,False
e2a_k60,2024-07-08,-0.12861642195567982,-0.1335333999733354,True
e2a_k60,2024-07-09,-0.06401920622284953,-0.176359777479614,False
e2a_k60,2024-07-10,0.12708006700910607,0.12792995170914537,False
e2a_k60,2024-07-11,0.026754847205679114,0.04536178687862251,False
e2a_k60,2024-07-12,0.011558969941854288,0.10793630556785108,False
e2a_k60,2024-07-15,-0.06910739094613254,-0.09866902977828938,False
e2a_k60,2024-07-16,0.14236205509819014,0.20407732480950252,False
e2a_k60,2024-07-17,0.08479657493310004,0.07420616957332164,False
e2a_k60,2024-07-18,0.01898360059969566,-0.015326427214623182,False
e2a_k60,2024-07-19,0.008922367935261735,0.0007565121926785247,False
e2a_k60,2024-07-22,0.09447351148049928,0.18724856088556122,False
e2a_k60,2024-07-23,0.14226580264630037,0.17074175162064914,False
e2a_k60,2024-07-24,0.08236559891513076,0.0781324663898086,False
e2a_k60,2024-07-25,0.08712315128066649,0.0761979050261692,False
e2a_k60,2024-07-26,0.08050770600283827,0.14455799562678334,False
e2a_k60,2024-07-29,0.083690805111211,0.07871510430043235,False
e2a_k60,2024-07-30,-0.011170724111695821,-0.09865609516686631,False
e2a_k60,2024-07-31,0.06055533593630844,0.1397915524264283,False
e2a_k60,2024-08-01,0.06442838788282304,0.10888227030450442,False
e2a_k60,2024-08-02,0.06405684248163933,0.075689104512599,False
e2a_k60,2024-08-05,0.013545551936823942,0.012557040242122487,False
e2a_k60,2024-08-06,0.06381890386231787,0.09086525585886082,False
e2a_k60,2024-08-07,0.11533438113684458,0.1674250100558544,False
e2a_k60,2024-08-08,0.14496074171459364,0.2097518883594535,False
e2a_k60,2024-08-09,-0.00193530488933715,0.025554268862311866,False
e2a_k60,2024-08-12,0.03823684689987413,0.024637525789726226,False
e2a_k60,2024-08-13,0.07794854480093476,0.1708113807117704,False
e2a_k60,2024-08-14,0.023198394544986088,0.02590888003001507,False
e2a_k60,2024-08-15,-0.009308299650672865,0.0010599580276360245,False
e2a_k60,2024-08-16,0.05911576433270892,0.14278940804809395,False
e2a_k60,2024-08-19,0.06295803139932316,0.12949724733041307,False
e2a_k60,2024-08-20,-0.00788598992482661,-0.031432800353491226,False
e2a_k60,2024-08-21,0.08970858352055737,0.1584337587346056,False
e2a_k60,2024-08-22,0.009791241611036238,0.015211263196357733,False
e2a_k60,2024-08-23,0.12313854700652886,0.17236847287511667,False
e2a_k60,2024-08-26,0.10575620310959007,0.15972276722296344,False
e2a_k60,2024-08-27,0.013887526720582462,-0.012408106353884226,False
e2a_k60,2024-08-28,-0.02749814127275155,-0.0616324390127874,False
e2a_k60,2024-08-29,-0.08163234779555426,-0.18340729082238152,False
e2a_k60,2024-08-30,0.05845449315166638,0.16673944525713172,False
e2a_k60,2024-09-02,-0.0671777392544009,-0.10734416531018075,False
e2a_k60,2024-09-03,-0.16483129005047936,-0.24216448517232178,False
e2a_k60,2024-09-04,0.04859100290006511,0.04861521245378371,False
e2a_k60,2024-09-05,0.07034020953369644,0.16986046607907457,False
e2a_k60,2024-09-06,-0.03417021278319182,-0.03253044502836826,False
e2a_k60,2024-09-09,-0.01690522349172288,-0.06288589648777321,False
e2a_k60,2024-09-10,-0.11423407942540637,-0.21059619141174554,False
e2a_k60,2024-09-11,0.20410851146037248,0.21872439791763487,False
e2a_k60,2024-09-12,0.16467467589747156,0.22810573251966404,False
e2a_k60,2024-09-13,0.02413312388376252,0.035460221936568406,False
e2a_k60,2024-09-18,0.15223720626977078,0.226173410632833,False
e2a_k60,2024-09-19,0.06497085700456362,0.10112039392708173,False
e2a_k60,2024-09-20,0.012618386851841523,0.025883472930750485,False
e2a_k60,2024-09-23,0.1019736734341992,0.039857307357616084,True
e2a_k60,2024-09-24,0.12471756617350802,0.18768314216398563,False
e2a_k60,2024-09-25,0.03574199942497778,-0.009865619463849937,True
e2a_k60,2024-09-26,-0.02865989156073344,-0.07807023142024214,True
e2a_k60,2024-09-27,0.19401156227736838,0.13857383985424637,True
e2a_k60,2024-09-30,-0.09013019592011695,-0.07681871266003132,True
e2a_k60,2024-10-08,0.023623046883027576,0.0396498513594303,True
e2a_k60,2024-10-09,0.09773096020211343,0.16798268227483978,True
e2a_k60,2024-10-10,-0.012219769832779556,0.04906666083786042,True
e2a_k60,2024-10-11,-0.040673410164320904,-0.03652430989338372,True
e2a_k60,2024-10-14,-0.038425539803244146,-0.007247729682780284,False
e2a_k60,2024-10-15,0.07419720710419736,0.08935402329325179,True
e2a_k60,2024-10-16,0.05337810506791136,0.03909155988716175,False
e2a_k60,2024-10-17,-0.032505257294927564,-0.12532244788858454,True
e2a_k60,2024-10-18,-0.10434781616667421,-0.15110404105801775,True
e2a_k60,2024-10-21,0.0424104471658003,0.1419160942712087,True
e2a_k60,2024-10-22,0.09657085711515628,0.10787478604180811,True
e2a_k60,2024-10-23,0.022526941298056324,0.06168438286862418,True
e2a_k60,2024-10-24,0.07224068065649746,0.0938924170650148,True
e2a_k60,2024-10-25,0.030955069856746002,0.06737115298315922,True
e2a_k60,2024-10-28,-0.015334886221947017,0.04309255994226498,True
e2a_k60,2024-10-29,0.025062732874603238,0.0546899847832226,True
e2a_k60,2024-10-30,0.06657437632263132,0.029746668419283893,True
e2a_k60,2024-10-31,0.1626431653406187,0.24677439642440188,True
e2a_k60,2024-11-01,0.03966471713054452,0.0018762653188664526,True
e2a_k60,2024-11-04,0.0004136514366341303,-0.10959457628833494,True
e2a_k60,2024-11-05,0.036603385827087734,0.07920636896324915,True
e2a_k60,2024-11-06,0.11849151112142763,0.1741093861093989,True
e2a_k60,2024-11-07,-0.00835714841600741,-0.014966637888308097,True
e2a_k60,2024-11-08,-0.0005951102024838816,-0.11678986499097768,True
e2a_k60,2024-11-11,-0.026592689681637235,0.13490487567760634,True
e2a_k60,2024-11-12,0.020363324762139447,0.05004938508237019,False
e2a_k60,2024-11-13,0.03708111692766455,0.20317919214447244,False
e2a_k60,2024-11-14,0.05909077149409448,0.10899118254091605,True
e2a_k60,2024-11-15,0.10364537611563643,0.1571674788061169,True
e2a_k60,2024-11-18,-0.0507702163997168,-0.09338802494913569,False
e2a_k60,2024-11-19,0.026657053135438438,-0.02152344126852033,True
e2a_k60,2024-11-20,0.05169084528940011,0.0781991911068695,False
e2a_k60,2024-11-21,0.016371624925598616,0.07272249050353478,True
e2a_k60,2024-11-22,0.046889384736156565,0.05183571349875001,True
e2a_k60,2024-11-25,0.06614516286068012,0.2105104803483103,False
e2a_k60,2024-11-26,-0.15690617200757137,-0.23148176549970664,True
e2a_k60,2024-11-27,0.10172730833986425,0.20753109238057232,False
e2a_k60,2024-11-28,-0.028000964369115155,-0.0492959972819494,False
e2a_k60,2024-11-29,0.09458131329462317,0.07244711148644355,False
e2a_k60,2024-12-02,0.04367639355861106,0.09651601422817231,False
e2a_k60,2024-12-03,0.028677853366406558,0.05360446247054425,False
e2a_k60,2024-12-04,0.03569131093793403,0.00618465155764422,True
e2a_k60,2024-12-05,0.15743384821511755,0.27056462427915706,False
e2a_k60,2024-12-06,-0.018436305865459076,-0.012194930499772568,False
e2a_k60,2024-12-09,-0.006260353556246877,0.01796721974033626,False
e2a_k60,2024-12-10,0.02033715630290217,0.03167314694443062,False
e2a_k60,2024-12-11,-0.018520690642079982,0.06326472273455688,False
e2a_k60,2024-12-12,-0.018665500980436203,-0.004215059777167367,True
e2a_k60,2024-12-13,0.07781535030136144,0.14847802781958439,False
e2a_k60,2024-12-16,-0.027115521576824744,0.011420272065046689,False
e2a_k60,2024-12-17,-0.035400199102454837,-0.034352003404244894,True
e2a_k60,2024-12-18,-0.0547061429371572,-0.06953311951689264,False
e2a_k60,2024-12-19,-0.16420315752965192,-0.25196102140024906,False
e2a_k60,2024-12-20,0.0655764821381225,0.14421100972239786,False
e2a_k60,2024-12-23,-0.023915347349336306,-0.04424696111378808,False
e2a_k60,2024-12-24,-0.014393438909262967,0.05619325634341951,False
e2a_k60,2024-12-25,-0.07455404587473338,-0.12065576540994928,False
e2a_k60,2024-12-26,0.149936812595428,0.3044044101429938,False
e2a_k60,2024-12-27,0.02226791319235285,0.03302205076213961,False
e2b_2_10_45,2024-01-02,0.16523460258732978,0.18785969602671357,False
e2b_2_10_45,2024-01-03,0.06621712256212077,0.084288074185167,False
e2b_2_10_45,2024-01-04,0.17941257118015513,0.2728796800764673,False
e2b_2_10_45,2024-01-05,0.04691971317076546,0.0668902191682041,False
e2b_2_10_45,2024-01-08,0.1154024746217033,0.12458204996105242,False
e2b_2_10_45,2024-01-09,0.02025122050051219,0.0052706769681977435,False
e2b_2_10_45,2024-01-10,-0.14713886837095813,-0.12274713906806792,False
e2b_2_10_45,2024-01-11,0.24731744450601073,0.2417982815286972,False
e2b_2_10_45,2024-01-12,0.02086305707528395,0.046889448244082636,False
e2b_2_10_45,2024-01-15,0.010266992229159824,0.022024942053384577,False
e2b_2_10_45,2024-01-16,0.13955979394339177,0.24696534879634463,False
e2b_2_10_45,2024-01-17,-0.0971896999229474,-0.08393806683234946,False
e2b_2_10_45,2024-01-18,0.1623057874789889,0.24121930172499867,False
e2b_2_10_45,2024-01-19,0.06544859529502195,0.0835985319417245,False
e2b_2_10_45,2024-01-22,0.044041623242473404,0.058726456248389375,False
e2b_2_10_45,2024-01-23,0.140045126716803,0.2133202998167414,False
e2b_2_10_45,2024-01-24,0.10336742535335892,0.12661435440493998,False
e2b_2_10_45,2024-01-25,0.23772795309262054,0.36868487516924736,False
e2b_2_10_45,2024-01-26,0.1843964628218817,0.19440656848365495,False
e2b_2_10_45,2024-01-29,0.040080143294569735,0.052072882602220934,False
e2b_2_10_45,2024-01-30,0.10181645567066645,0.14571762956972292,False
e2b_2_10_45,2024-01-31,-0.04328414482600727,-0.07424181076671431,False
e2b_2_10_45,2024-02-01,-0.029526667288952688,0.0919826695648087,True
e2b_2_10_45,2024-02-02,0.07806800851802462,0.12833432965552238,True
e2b_2_10_45,2024-02-05,0.07249578415487522,0.03915980720572346,True
e2b_2_10_45,2024-02-06,0.012685089082571146,0.006603775871700954,True
e2b_2_10_45,2024-02-07,0.1376556608466491,0.0683451568523217,True
e2b_2_10_45,2024-02-08,-0.09483968219534562,-0.07157922496665016,False
e2b_2_10_45,2024-02-19,-0.030851885757335985,-0.03656621057421087,False
e2b_2_10_45,2024-02-20,-0.023704784976045525,-0.10027117361266391,False
e2b_2_10_45,2024-02-21,0.06082710157891023,0.026922589560752018,False
e2b_2_10_45,2024-02-22,0.08386567244552426,0.024565292463182554,False
e2b_2_10_45,2024-02-23,0.0810764214269493,0.0089465388313492,False
e2b_2_10_45,2024-02-26,0.05124276231120016,-0.1075677954478484,False
e2b_2_10_45,2024-02-27,-0.0255431522175495,0.18903978163406485,True
e2b_2_10_45,2024-02-28,0.1808249924584442,0.1878288918920422,False
e2b_2_10_45,2024-02-29,0.040992288493877975,-0.028857830670707577,False
e2b_2_10_45,2024-03-01,-0.06105415712809389,-0.04158007856553231,False
e2b_2_10_45,2024-03-04,-0.014786826655948085,0.13615903057665849,False
e2b_2_10_45,2024-03-05,0.04082216028621159,0.07630545596630442,False
e2b_2_10_45,2024-03-06,0.03324004269865056,0.1593389150409382,False
e2b_2_10_45,2024-03-07,0.05763362392161214,0.05661398342066662,False
e2b_2_10_45,2024-03-08,0.07060995275595314,-0.01525554808716588,False
e2b_2_10_45,2024-03-11,-0.07562107491379647,-0.08593847240788383,False
e2b_2_10_45,2024-03-12,0.00490960989419265,-0.021273966883701614,False
e2b_2_10_45,2024-03-13,0.11224083620997445,0.23217209055410717,False
e2b_2_10_45,2024-03-14,0.07247486582351738,0.07447870804159898,False
e2b_2_10_45,2024-03-15,0.008885671027761284,-0.016281884519673648,False
e2b_2_10_45,2024-03-18,0.0696677872530071,0.10350168578088456,False
e2b_2_10_45,2024-03-19,0.00549903070331856,0.008618221711590844,False
e2b_2_10_45,2024-03-20,0.10472432631801461,0.18882831487763807,False
e2b_2_10_45,2024-03-21,-0.06554285176753745,-0.06030531989386646,True
e2b_2_10_45,2024-03-22,0.12007708641142657,0.20756253691263452,False
e2b_2_10_45,2024-03-25,-0.08060455783882071,-0.09250427488725488,False
e2b_2_10_45,2024-03-26,0.05757729073208068,0.1931267609926788,False
e2b_2_10_45,2024-03-27,-0.09976777241970344,-0.057650778631343116,False
e2b_2_10_45,2024-03-28,0.04447115314302886,0.07379990162628017,False
e2b_2_10_45,2024-03-29,0.10867277982008439,0.11312266868389446,False
e2b_2_10_45,2024-04-01,0.1767033556906236,0.3063095170402304,True
e2b_2_10_45,2024-04-02,0.09388556884177823,0.1565796844697726,False
e2b_2_10_45,2024-04-03,-0.031389504945447816,0.05827763374755698,False
e2b_2_10_45,2024-04-08,0.1696049430456864,0.173769447133182,False
e2b_2_10_45,2024-04-09,0.06929200059606598,0.149985590232783,False
e2b_2_10_45,2024-04-10,-0.0031383759857376166,0.04727208487916037,False
e2b_2_10_45,2024-04-11,0.027556017094777088,0.044332811036673574,False
e2b_2_10_45,2024-04-12,-0.04898378882953138,-0.04511165144976416,True
e2b_2_10_45,2024-04-15,-0.054771106301279626,-0.05045132953256957,True
e2b_2_10_45,2024-04-16,-0.01889519189952765,-0.0034535890130704752,True
e2b_2_10_45,2024-04-17,-0.08839301577340186,-0.05198099720889305,False
e2b_2_10_45,2024-04-18,0.10241290069655319,0.14038771508706657,True
e2b_2_10_45,2024-04-19,0.029946479247006542,0.006209755681467821,True
e2b_2_10_45,2024-04-22,0.016178772605588677,-0.053998082823663134,False
e2b_2_10_45,2024-04-23,0.10114315739163007,0.02922386595017199,True
e2b_2_10_45,2024-04-24,0.025068519784235962,0.02963750947729019,False
e2b_2_10_45,2024-04-25,0.10402611664063616,0.044378944421254736,True
e2b_2_10_45,2024-04-26,0.07254046961954932,0.0729703598799601,True
e2b_2_10_45,2024-04-29,0.06474709039195337,0.11901358842686767,True
e2b_2_10_45,2024-04-30,-0.049051709922380185,-0.04382431666355309,False
e2b_2_10_45,2024-05-06,0.0573849103969525,0.02580617528759482,False
e2b_2_10_45,2024-05-07,0.0018604239136758988,0.04009527080129823,False
e2b_2_10_45,2024-05-08,-0.03222228763835079,-0.029779916370986006,False
e2b_2_10_45,2024-05-09,0.1432181777430395,0.24397132345744993,False
e2b_2_10_45,2024-05-10,-0.04988426180531856,-0.04022473810286562,True
e2b_2_10_45,2024-05-13,0.02629943431815103,0.04470373141031784,False
e2b_2_10_45,2024-05-14,0.0876713831134529,0.12282652430168475,False
e2b_2_10_45,2024-05-15,0.09955663210590901,0.09954868790793744,True
e2b_2_10_45,2024-05-16,0.023592968392881806,0.014257486653918102,False
e2b_2_10_45,2024-05-17,-0.03201332700157178,0.008720543717029737,False
e2b_2_10_45,2024-05-20,0.079870964217214,0.10350011402744813,False
e2b_2_10_45,2024-05-21,0.08603119112520495,0.07886120966244034,False
e2b_2_10_45,2024-05-22,-0.005160152772711418,0.05521839035442073,False
e2b_2_10_45,2024-05-23,0.14959757572770574,0.19964990633517044,False
e2b_2_10_45,2024-05-24,0.02770867935391293,0.02989744359482319,False
e2b_2_10_45,2024-05-27,-0.058694755746317544,-0.07254856809771941,False
e2b_2_10_45,2024-05-28,0.032108125826660984,0.028073790981989016,False
e2b_2_10_45,2024-05-29,0.026698965871156784,0.03909696908267483,False
e2b_2_10_45,2024-05-30,0.024040252969555947,-0.024375843107572535,False
e2b_2_10_45,2024-05-31,-0.17396022282804838,-0.15097276404104382,False
e2b_2_10_45,2024-06-03,-0.05170907278944262,0.031124020496540852,False
e2b_2_10_45,2024-06-04,0.06285821710238472,0.0311837774661346,False
e2b_2_10_45,2024-06-05,0.009329306729349882,0.06747142872181573,True
e2b_2_10_45,2024-06-06,0.25692344043871534,0.3060561873687994,False
e2b_2_10_45,2024-06-07,-0.1012813095628574,-0.18086111649460507,True
e2b_2_10_45,2024-06-11,0.018912735778872397,0.0073011619680110424,False
e2b_2_10_45,2024-06-12,0.013835186462359072,-0.02116072913496835,True
e2b_2_10_45,2024-06-13,0.05892744435461141,0.10307766426828248,False
e2b_2_10_45,2024-06-14,-0.010954180071126775,-0.06431359588451001,False
e2b_2_10_45,2024-06-17,0.022308511855565524,0.03151918332184616,False
e2b_2_10_45,2024-06-18,0.0815632017552001,0.11661006064936359,False
e2b_2_10_45,2024-06-19,0.10937458942139816,0.07868044689876301,False
e2b_2_10_45,2024-06-20,0.08229175049299323,0.08836422760798839,False
e2b_2_10_45,2024-06-21,0.0038755417111671795,0.04748271457701747,False
e2b_2_10_45,2024-06-24,0.17719999431535796,0.18892008526064527,False
e2b_2_10_45,2024-06-25,0.13857834122683682,0.11586535021850809,False
e2b_2_10_45,2024-06-26,-0.0029895472725909337,0.015064164664717153,False
e2b_2_10_45,2024-06-27,0.02478277640673579,0.04493436489239529,False
e2b_2_10_45,2024-06-28,0.15357225604160338,0.2122118829908342,False
e2b_2_10_45,2024-07-01,0.16055703704395752,0.19670144889715685,False
e2b_2_10_45,2024-07-02,0.06730189155090849,0.08407582855676185,False
e2b_2_10_45,2024-07-03,0.0481636370860755,0.09210061117108145,False
e2b_2_10_45,2024-07-04,0.1291731627807075,0.11869945165862948,False
e2b_2_10_45,2024-07-05,0.023665858930915416,0.05708871143170433,False
e2b_2_10_45,2024-07-08,-0.11721158862771512,-0.12267381908684664,True
e2b_2_10_45,2024-07-09,-0.0617814887264594,-0.17134065555656877,False
e2b_2_10_45,2024-07-10,0.1197387164287432,0.12053631911250041,False
e2b_2_10_45,2024-07-11,0.03789377533620602,0.056290130556020446,False
e2b_2_10_45,2024-07-12,0.0020544997539087067,0.10155153047002621,False
e2b_2_10_45,2024-07-15,-0.04390382222026252,-0.07230494972961896,False
e2b_2_10_45,2024-07-16,0.15469570549727815,0.22143986214196776,False
e2b_2_10_45,2024-07-17,0.0597613017029091,0.04885957060993029,False
e2b_2_10_45,2024-07-18,-0.016864844793518876,-0.049791179948174176,False
e2b_2_10_45,2024-07-19,-0.006548029227468214,-0.0147361089657762,False
e2b_2_10_45,2024-07-22,0.04070384025967242,0.12846293636706183,False
e2b_2_10_45,2024-07-23,0.12034818441180503,0.1514478273901631,False
e2b_2_10_45,2024-07-24,0.05806452935015169,0.053912644798304356,False
e2b_2_10_45,2024-07-25,0.07439746557220069,0.0642585131026469,False
e2b_2_10_45,2024-07-26,0.06593694544366985,0.13196953682684898,False
e2b_2_10_45,2024-07-29,0.0677314105433389,0.06288802852184312,False
e2b_2_10_45,2024-07-30,-0.033155433651471215,-0.12458533754148039,False
e2b_2_10_45,2024-07-31,0.03578474495720903,0.11458633063846967,False
e2b_2_10_45,2024-08-01,0.09445987967964496,0.1375142309762762,False
e2b_2_10_45,2024-08-02,0.02328161533687935,0.03358854767275426,False
e2b_2_10_45,2024-08-05,0.016193881144359854,0.015320045938848594,False
e2b_2_10_45,2024-08-06,0.06421020300166459,0.09162677862573733,False
e2b_2_10_45,2024-08-07,0.11956470799259367,0.16755238290990732,False
e2b_2_10_45,2024-08-08,0.14677797374177107,0.20599812290711048,False
e2b_2_10_45,2024-08-09,-5.6600991659394446e-05,0.025153123393940217,False
e2b_2_10_45,2024-08-12,0.0931580416774259,0.07841748998935748,False
e2b_2_10_45,2024-08-13,0.08430103816141288,0.17966760839817417,False
e2b_2_10_45,2024-08-14,0.04180858491055315,0.04434054586896522,False
e2b_2_10_45,2024-08-15,0.0002136465476013922,0.010230737574933233,False
e2b_2_10_45,2024-08-16,0.06582657575060766,0.15213098129497069,False
e2b_2_10_45,2024-08-19,0.06319068179663838,0.13049023115861094,False
e2b_2_10_45,2024-08-20,0.007108121235005178,-0.017449453753457796,False
e2b_2_10_45,2024-08-21,0.0789598998876845,0.15045985149413751,False
e2b_2_10_45,2024-08-22,0.0035344569168322204,0.008938163491160918,False
e2b_2_10_45,2024-08-23,0.1303904203416333,0.18129168969772094,False
e2b_2_10_45,2024-08-26,0.116452379064452,0.17046869981461957,False
e2b_2_10_45,2024-08-27,0.025233641927099763,-0.0026793964832154352,False
e2b_2_10_45,2024-08-28,-0.0321037038823711,-0.06694733381806232,False
e2b_2_10_45,2024-08-29,-0.11082500009825257,-0.20622502676963683,False
e2b_2_10_45,2024-08-30,0.0650115484689404,0.17465091528271154,False
e2b_2_10_45,2024-09-02,-0.0366304322348888,-0.0771370697159764,False
e2b_2_10_45,2024-09-03,-0.14241049291760535,-0.2143215830007594,False
e2b_2_10_45,2024-09-04,0.07594854972051243,0.07599403544610134,False
e2b_2_10_45,2024-09-05,0.045514167658580705,0.14372933642636201,False
e2b_2_10_45,2024-09-06,-0.023442111732018572,-0.021913166856257636,False
e2b_2_10_45,2024-09-09,-0.031472629043284885,-0.07886211557440503,False
e2b_2_10_45,2024-09-10,-0.09466148713258733,-0.18628552640323184,False
e2b_2_10_45,2024-09-11,0.18132077306285346,0.19681136119033224,False
e2b_2_10_45,2024-09-12,0.14692865679709408,0.21275881005984568,False
e2b_2_10_45,2024-09-13,0.013722474200694685,0.024920684585738068,False
e2b_2_10_45,2024-09-18,0.158526376683231,0.22972584281935327,False
e2b_2_10_45,2024-09-19,0.05811297892199401,0.09169740796862409,False
e2b_2_10_45,2024-09-20,-0.002185274572068206,0.009097273871242394,False
e2b_2_10_45,2024-09-23,0.09886203806403418,0.03770336948997653,True
e2b_2_10_45,2024-09-24,0.13994977694224506,0.20365798204518423,False
e2b_2_10_45,2024-09-25,0.05175678660719787,0.008316219763242119,True
e2b_2_10_45,2024-09-26,-0.057329513412975375,-0.139080176690483,True
e2b_2_10_45,2024-09-27,0.229282313368063,0.1855438980647517,True
e2b_2_10_45,2024-09-30,-0.0957084263518167,-0.08303412532909124,True
e2b_2_10_45,2024-10-08,0.039300136727863276,0.05269227596727067,True
e2b_2_10_45,2024-10-09,0.11963993717512782,0.1839343361123517,True
e2b_2_10_45,2024-10-10,-0.016185787342016183,0.038417167139018424,True
e2b_2_10_45,2024-10-11,-0.0863669988766559,-0.08243513527346061,True
e2b_2_10_45,2024-10-14,-0.03248768545830171,-0.0023707827477372303,False
e2b_2_10_45,2024-10-15,0.08485216292567554,0.09993696812297712,True
e2b_2_10_45,2024-10-16,0.10460317166602945,0.09196112775529779,False
e2b_2_10_45,2024-10-17,-0.031837235092929385,-0.1391545294047273,True
e2b_2_10_45,2024-10-18,-0.050168650237254336,-0.0912024993106946,True
e2b_2_10_45,2024-10-21,0.03291454915953581,0.1254189640286334,True
e2b_2_10_45,2024-10-22,0.07392838775602616,0.08530974144470033,True
e2b_2_10_45,2024-10-23,0.040664989379196013,0.07893484856841719,True
e2b_2_10_45,2024-10-24,0.0734419092718938,0.09365739118874275,True
e2b_2_10_45,2024-10-25,0.05386104076076963,0.09322603240424975,True
e2b_2_10_45,2024-10-28,-0.004132204491704459,0.055036344906405285,True
e2b_2_10_45,2024-10-29,0.02679356361971952,0.050940221802774424,True
e2b_2_10_45,2024-10-30,0.03818269066362508,0.006623909748041405,True
e2b_2_10_45,2024-10-31,0.1730924804129272,0.2521192223227026,True
e2b_2_10_45,2024-11-01,0.08379878954273332,0.05362500960465014,True
e2b_2_10_45,2024-11-04,0.03885275851391183,-0.0674041666981689,True
e2b_2_10_45,2024-11-05,0.04761597076262074,0.09185810180848789,True
e2b_2_10_45,2024-11-06,0.11438246517276517,0.1664945845352933,True
e2b_2_10_45,2024-11-07,0.05116446178520918,0.044276524874224385,True
e2b_2_10_45,2024-11-08,0.041862437042751686,-0.06841849153969991,True
e2b_2_10_45,2024-11-11,-0.030290006299931886,0.1340831376553823,True
e2b_2_10_45,2024-11-12,0.0582590347194476,0.08538673414618603,False
e2b_2_10_45,2024-11-13,0.032046797848457695,0.19822994199336993,False
e2b_2_10_45,2024-11-14,0.03060015528724081,0.07812776785840332,True
e2b_2_10_45,2024-11-15,0.1439961524965978,0.20627335369301722,True
e2b_2_10_45,2024-11-18,-0.058447241350071906,-0.09977691775794655,False
e2b_2_10_45,2024-11-19,0.01733100969842469,-0.034069686859667096,True
e2b_2_10_45,2024-11-20,0.038795486265650214,0.06578294721295248,False
e2b_2_10_45,2024-11-21,0.007615395237474595,0.05830844607799702,True
e2b_2_10_45,2024-11-22,0.04319069618758953,0.04842179099244851,True
e2b_2_10_45,2024-11-25,0.07530254817928503,0.2222148982128552,False
e2b_2_10_45,2024-11-26,-0.13788832941284038,-0.21342459703478006,True
e2b_2_10_45,2024-11-27,0.11527185530418797,0.22759690932392565,False
e2b_2_10_45,2024-11-28,-0.016991035029959353,-0.03860845947312562,False
e2b_2_10_45,2024-11-29,0.07664432329063768,0.05375210823376982,False
e2b_2_10_45,2024-12-02,0.049741051731140996,0.10894014965568789,False
e2b_2_10_45,2024-12-03,0.037063738426423354,0.06242448371130916,False
e2b_2_10_45,2024-12-04,0.07414418460419542,0.04500400937020064,True
e2b_2_10_45,2024-12-05,0.18964670180052975,0.30195513196600177,False
e2b_2_10_45,2024-12-06,-0.01470350387946106,-0.008287801102829733,False
e2b_2_10_45,2024-12-09,-0.00574933859449143,0.016686262189201693,False
e2b_2_10_45,2024-12-10,0.027737306480386293,0.039412522270301696,False
e2b_2_10_45,2024-12-11,-0.009413363268124426,0.0735836704001871,False
e2b_2_10_45,2024-12-12,-0.01099797523155194,0.0030758194095574865,True
e2b_2_10_45,2024-12-13,0.11444490417441962,0.18499163139715644,False
e2b_2_10_45,2024-12-16,-0.020647369306842425,0.021790206120398756,False
e2b_2_10_45,2024-12-17,-0.023554820128280727,-0.022504632429482144,True
e2b_2_10_45,2024-12-18,-0.11310070956141245,-0.1300485435902808,False
e2b_2_10_45,2024-12-19,-0.17124505715935412,-0.2589703110313995,False
e2b_2_10_45,2024-12-20,0.03733611401575361,0.11797456617761513,False
e2b_2_10_45,2024-12-23,-0.0016187167379297835,-0.020806696852946713,False
e2b_2_10_45,2024-12-24,-0.01101195378398316,0.06388551943374174,False
e2b_2_10_45,2024-12-25,-0.10733410421537357,-0.1515449002205153,False
e2b_2_10_45,2024-12-26,0.1765673893609826,0.3337878078861425,False
e2b_2_10_45,2024-12-27,0.0456241910181892,0.05649245014389814,False
e2b_5_30_120,2024-01-02,0.14465089595090688,0.16681929243933358,False
e2b_5_30_120,2024-01-03,0.049670126316584,0.06676446867867307,False
e2b_5_30_120,2024-01-04,0.1380245763134433,0.22637468036538108,False
e2b_5_30_120,2024-01-05,0.020503594517855103,0.03883492332667151,False
e2b_5_30_120,2024-01-08,0.08859012539448356,0.09724486038514116,False
e2b_5_30_120,2024-01-09,-0.008082262222430926,-0.02218625877889745,False
e2b_5_30_120,2024-01-10,-0.18928216511241924,-0.1657065133938399,False
e2b_5_30_120,2024-01-11,0.23892368595091779,0.23392282169177595,False
e2b_5_30_120,2024-01-12,0.006182745131183423,0.03134660287968331,False
e2b_5_30_120,2024-01-15,-0.00945220380539806,0.002002007685710331,False
e2b_5_30_120,2024-01-16,0.08637664922041115,0.18945518696158967,False
e2b_5_30_120,2024-01-17,-0.06272880167404479,-0.051186433617477045,False
e2b_5_30_120,2024-01-18,0.14312325472599352,0.21860331286137744,False
e2b_5_30_120,2024-01-19,0.06119572090749384,0.07836076992465633,False
e2b_5_30_120,2024-01-22,0.03397098703198713,0.04731051013493461,False
e2b_5_30_120,2024-01-23,0.11715811615016945,0.1917878216444628,False
e2b_5_30_120,2024-01-24,0.08138402354484486,0.10297332150852083,False
e2b_5_30_120,2024-01-25,0.2325029119833337,0.35616768196289617,False
e2b_5_30_120,2024-01-26,0.14413458559169803,0.1533480710717012,False
e2b_5_30_120,2024-01-29,0.04111699404246559,0.05311467655465161,False
e2b_5_30_120,2024-01-30,0.09887248763571223,0.14321536172023683,False
e2b_5_30_120,2024-01-31,-0.07183447835988938,-0.10067863312125867,False
e2b_5_30_120,2024-02-01,-0.02434786542926031,0.08833681620563381,True
e2b_5_30_120,2024-02-02,0.08687576221526933,0.1387676701184102,True
e2b_5_30_120,2024-02-05,0.053074848131262384,0.022431715286393573,True
e2b_5_30_120,2024-02-06,0.005907990741017494,-0.00017634020173319244,True
e2b_5_30_120,2024-02-07,0.13344322465905037,0.08462754081390755,True
e2b_5_30_120,2024-02-08,-0.11112764679694404,-0.090035271971516,False
e2b_5_30_120,2024-02-19,-0.023180548952506364,-0.028599667436965192,False
e2b_5_30_120,2024-02-20,-0.032513626609520646,-0.10425309577591593,False
e2b_5_30_120,2024-02-21,0.016352509933710003,-0.015910215461032544,False
e2b_5_30_120,2024-02-22,0.05438632311272422,-0.0009131837295700667,False
e2b_5_30_120,2024-02-23,0.09351890904957469,0.02965184468832912,False
e2b_5_30_120,2024-02-26,0.05031247050058918,-0.09951090817005352,False
e2b_5_30_120,2024-02-27,-0.04239687266426364,0.12798580494303935,True
e2b_5_30_120,2024-02-28,0.2079423116102016,0.21457891492796502,False
e2b_5_30_120,2024-02-29,0.03442051040967974,-0.024323884904774933,False
e2b_5_30_120,2024-03-01,-0.04478307059056413,-0.02633747018438918,False
e2b_5_30_120,2024-03-04,-0.006223345633362509,0.14589368335365596,False
e2b_5_30_120,2024-03-05,-0.00029549980506852314,0.034293556078551925,False
e2b_5_30_120,2024-03-06,0.016172667892412364,0.12465219518394434,False
e2b_5_30_120,2024-03-07,0.0055903953990655356,0.004703158885073195,False
e2b_5_30_120,2024-03-08,0.06882064937273244,-0.014905798391022415,False
e2b_5_30_120,2024-03-11,-0.09434710732720644,-0.10292810824223765,False
e2b_5_30_120,2024-03-12,0.006829859393712138,-0.019575765780358186,False
e2b_5_30_120,2024-03-13,0.1160108760126706,0.22934059190779682,False
e2b_5_30_120,2024-03-14,0.06348271756580555,0.06535108110701675,False
e2b_5_30_120,2024-03-15,0.019734144398648575,-0.0020243955041886314,False
e2b_5_30_120,2024-03-18,0.05772254541993385,0.08871977013793887,False
e2b_5_30_120,2024-03-19,-0.01116702791411712,-0.008038945007013085,False
e2b_5_30_120,2024-03-20,0.0843289183387689,0.1665861065111994,False
e2b_5_30_120,2024-03-21,-0.07170680676523777,-0.06637219450947336,True
e2b_5_30_120,2024-03-22,0.11709653581806294,0.19961144406407605,False
e2b_5_30_120,2024-03-25,-0.061321002542747034,-0.07064849939596768,False
e2b_5_30_120,2024-03-26,0.020286114789632773,0.15922290352572924,False
e2b_5_30_120,2024-03-27,-0.04080977317609829,-0.003473359921751028,False
e2b_5_30_120,2024-03-28,0.07037966241458571,0.09909535431080754,False
e2b_5_30_120,2024-03-29,0.11556423009925719,0.11959482680907761,False
e2b_5_30_120,2024-04-01,0.17213114001638694,0.29608270902504086,True
e2b_5_30_120,2024-04-02,0.09453950037812751,0.15426209263520432,False
e2b_5_30_120,2024-04-03,-0.01576026659711484,0.06587552364593409,False
e2b_5_30_120,2024-04-08,0.12686681493425364,0.13096390150283255,False
e2b_5_30_120,2024-04-09,0.07801294194892297,0.1503871498475469,False
e2b_5_30_120,2024-04-10,-0.008306362773352883,0.03879655583219988,False
e2b_5_30_120,2024-04-11,0.05372180139172652,0.06867628036461695,False
e2b_5_30_120,2024-04-12,-0.04495216920126494,-0.04119979484054785,True
e2b_5_30_120,2024-04-15,-0.06649218486496651,-0.06273956190337164,True
e2b_5_30_120,2024-04-16,-0.0162191832359516,-0.0021636145725377628,True
e2b_5_30_120,2024-04-17,-0.08643933599841788,-0.05312092691377319,False
e2b_5_30_120,2024-04-18,0.08546753644133165,0.12221714114806607,True
e2b_5_30_120,2024-04-19,-0.014181424946803084,-0.037465895019698596,True
e2b_5_30_120,2024-04-22,0.022056440026599587,-0.04118492743997462,False
e2b_5_30_120,2024-04-23,0.10065818649515625,0.032683779954672525,True
e2b_5_30_120,2024-04-24,0.03279503308484188,0.03679817074099379,False
e2b_5_30_120,2024-04-25,0.09932886290895832,0.04399510860433184,True
e2b_5_30_120,2024-04-26,0.038480220870003835,0.03883264302666985,True
e2b_5_30_120,2024-04-29,0.050156704542113066,0.10333982908249582,True
e2b_5_30_120,2024-04-30,-0.043365219483129346,-0.038486722487652086,False
e2b_5_30_120,2024-05-06,0.030371715505534223,-0.0011746831971159504,False
e2b_5_30_120,2024-05-07,0.013319861742675802,0.050508051198758105,False
e2b_5_30_120,2024-05-08,-0.045782697867879224,-0.0434630104934705,False
e2b_5_30_120,2024-05-09,0.17423695078653387,0.2671776153921175,False
e2b_5_30_120,2024-05-10,-0.04372049597479096,-0.03448010709835126,True
e2b_5_30_120,2024-05-13,0.01896137373724301,0.037717886428013464,False
e2b_5_30_120,2024-05-14,0.07635996028019365,0.10998328075401886,False
e2b_5_30_120,2024-05-15,0.0754840467974982,0.07547724476306168,True
e2b_5_30_120,2024-05-16,0.03363365380489375,0.0247505545261573,False
e2b_5_30_120,2024-05-17,0.0023411698491780895,0.03745890587247671,False
e2b_5_30_120,2024-05-20,0.08465794519605387,0.10707826212025633,False
e2b_5_30_120,2024-05-21,0.06005126103025812,0.05321066118777463,False
e2b_5_30_120,2024-05-22,0.0054652199755570174,0.06334986829918038,False
e2b_5_30_120,2024-05-23,0.14313653139152221,0.19232057173250022,False
e2b_5_30_120,2024-05-24,0.043739530560359584,0.04559440260305965,False
e2b_5_30_120,2024-05-27,-0.03822192760972346,-0.05124658168910834,False
e2b_5_30_120,2024-05-28,0.02005510240034354,0.01617206526095881,False
e2b_5_30_120,2024-05-29,0.024446825833817108,0.03692947107781292,False
e2b_5_30_120,2024-05-30,0.05092531380148257,0.006572564511224314,False
e2b_5_30_120,2024-05-31,-0.15403939798467808,-0.13225530766946192,False
e2b_5_30_120,2024-06-03,-0.05042053495369211,0.026134581849663375,False
e2b_5_30_120,2024-06-04,0.033639184848711486,0.002198777354890608,False
e2b_5_30_120,2024-06-05,0.03219617468550342,0.08006135434257071,True
e2b_5_30_120,2024-06-06,0.21740365654583677,0.26503226296198557,False
e2b_5_30_120,2024-06-07,-0.05280075974876792,-0.13085524682573813,True
e2b_5_30_120,2024-06-11,0.014407352878041336,0.0032811833381756073,False
e2b_5_30_120,2024-06-12,0.009889685442798859,-0.02602179869062203,True
e2b_5_30_120,2024-06-13,0.03816602220688889,0.08369734552942401,False
e2b_5_30_120,2024-06-14,-0.010032788402080356,-0.062422426787461675,False
e2b_5_30_120,2024-06-17,0.025585434958376865,0.03467686133211121,False
e2b_5_30_120,2024-06-18,0.0685756531249988,0.10422121085701207,False
e2b_5_30_120,2024-06-19,0.10576754344030835,0.07450499858644456,False
e2b_5_30_120,2024-06-20,0.07487640451088243,0.08055414546098573,False
e2b_5_30_120,2024-06-21,-0.008100243892029391,0.03444263892117742,False
e2b_5_30_120,2024-06-24,0.16918527393483232,0.18055251067563577,False
e2b_5_30_120,2024-06-25,0.19930400482691096,0.1803958754591434,False
e2b_5_30_120,2024-06-26,-0.003185651145995999,0.011725359880190061,False
e2b_5_30_120,2024-06-27,0.014320318979881263,0.032662746841683736,False
e2b_5_30_120,2024-06-28,0.11369774111532487,0.16745982696098186,False
e2b_5_30_120,2024-07-01,0.13545210262955876,0.16909805128730682,False
e2b_5_30_120,2024-07-02,0.08261657208042884,0.09796753759113534,False
e2b_5_30_120,2024-07-03,0.05616475556328432,0.09873152373034916,False
e2b_5_30_120,2024-07-04,0.08721254396929691,0.0771984011040754,False
e2b_5_30_120,2024-07-05,0.0026579952118762837,0.030720504431430474,False
e2b_5_30_120,2024-07-08,-0.11423248503514494,-0.11845481532085475,True
e2b_5_30_120,2024-07-09,-0.04793992798496229,-0.15644956114831415,False
e2b_5_30_120,2024-07-10,0.1304735263773717,0.13130042226954744,False
e2b_5_30_120,2024-07-11,0.04004865299276624,0.058036631500183275,False
e2b_5_30_120,2024-07-12,0.013440697549936284,0.1060539655598627,False
e2b_5_30_120,2024-07-15,0.0032715407367084055,-0.024779239347806632,False
e2b_5_30_120,2024-07-16,0.15932682136429244,0.22118429710146326,False
e2b_5_30_120,2024-07-17,0.058946423502840545,0.04895700610599388,False
e2b_5_30_120,2024-07-18,0.021924329082117364,-0.009169566400662575,False
e2b_5_30_120,2024-07-19,0.0018010187008254378,-0.005435244096261423,False
e2b_5_30_120,2024-07-22,0.07769280629933921,0.16213211631623528,False
e2b_5_30_120,2024-07-23,0.1052463783468773,0.1305660797952983,False
e2b_5_30_120,2024-07-24,0.09062706571259468,0.08636480010633356,False
e2b_5_30_120,2024-07-25,0.09832894328036,0.08913459970774394,False
e2b_5_30_120,2024-07-26,0.026607550205768448,0.08650419689385767,False
e2b_5_30_120,2024-07-29,0.054918009775459305,0.05015542375285446,False
e2b_5_30_120,2024-07-30,-0.016802223463250256,-0.10136315621518857,False
e2b_5_30_120,2024-07-31,0.04901597168189952,0.12143628761258521,False
e2b_5_30_120,2024-08-01,0.11401395775083792,0.15303990232881454,False
e2b_5_30_120,2024-08-02,0.03409107197311097,0.04353561383070626,False
e2b_5_30_120,2024-08-05,-0.015138751149445873,-0.015854451067663557,False
e2b_5_30_120,2024-08-06,0.08892744974126737,0.11292097638956909,False
e2b_5_30_120,2024-08-07,0.12120177177236244,0.16603715888403556,False
e2b_5_30_120,2024-08-08,0.11306119486461187,0.1689547517921017,False
e2b_5_30_120,2024-08-09,0.006860322094923013,0.030133133432829078,False
e2b_5_30_120,2024-08-12,0.10427351334321126,0.09076511137814179,False
e2b_5_30_120,2024-08-13,0.09140007944722715,0.18036813098433324,False
e2b_5_30_120,2024-08-14,0.040442502332001966,0.04265303090951433,False
e2b_5_30_120,2024-08-15,-0.012275930332672184,-0.00295004530669595,False
e2b_5_30_120,2024-08-16,0.034140418813615334,0.11492644578791786,False
e2b_5_30_120,2024-08-19,0.05755099656320248,0.12497699226688411,False
e2b_5_30_120,2024-08-20,0.014157157494098488,-0.005870899836428115,False
e2b_5_30_120,2024-08-21,0.08024088807013167,0.14534086501351512,False
e2b_5_30_120,2024-08-22,0.025662019353184747,0.030394856344610425,False
e2b_5_30_120,2024-08-23,0.10163475267296204,0.15215223284454124,False
e2b_5_30_120,2024-08-26,0.10123052375571129,0.15156557912918764,False
e2b_5_30_120,2024-08-27,0.03228666374488394,0.007936192674179202,False
e2b_5_30_120,2024-08-28,-0.04343740747144976,-0.07891661782835402,False
e2b_5_30_120,2024-08-29,-0.07107494837586606,-0.16270394755010079,False
e2b_5_30_120,2024-08-30,0.03171744228295352,0.12992820261903412,False
e2b_5_30_120,2024-09-02,-0.037863777020031554,-0.07499956687447029,False
e2b_5_30_120,2024-09-03,-0.13238047578323714,-0.20267661935135267,False
e2b_5_30_120,2024-09-04,0.06761950561674472,0.06766339816715002,False
e2b_5_30_120,2024-09-05,0.027895709009115716,0.11337710630866579,False
e2b_5_30_120,2024-09-06,-0.029373455630002345,-0.028019677196875478,False
e2b_5_30_120,2024-09-09,0.011907548408133836,-0.0319023361429862,False
e2b_5_30_120,2024-09-10,-0.10915526473280446,-0.2014093997772311,False
e2b_5_30_120,2024-09-11,0.17500773588401466,0.18760283995586055,False
e2b_5_30_120,2024-09-12,0.15649312678819158,0.21409906079100002,False
e2b_5_30_120,2024-09-13,0.005503536643024311,0.01570057201420623,False
e2b_5_30_120,2024-09-18,0.12460625927830106,0.19147261421207049,False
e2b_5_30_120,2024-09-19,0.0538399554693871,0.08695606156442948,False
e2b_5_30_120,2024-09-20,0.004631147367499858,0.015309996019865468,False
e2b_5_30_120,2024-09-23,0.11932991716729402,0.06468373990896777,True
e2b_5_30_120,2024-09-24,0.11188101471860275,0.17102243879825915,False
e2b_5_30_120,2024-09-25,0.051452735499334205,0.011210291304332112,True
e2b_5_30_120,2024-09-26,-0.05398186407914431,-0.1023321336819549,True
e2b_5_30_120,2024-09-27,0.16670701921634512,0.11427016603781913,True
e2b_5_30_120,2024-09-30,-0.02416670793671467,-0.014459391495514756,True
e2b_5_30_120,2024-10-08,0.10000276360336287,0.11285801991250283,True
e2b_5_30_120,2024-10-09,0.08097956549939857,0.15216637122980345,True
e2b_5_30_120,2024-10-10,-0.008077474621879528,0.047057144162489684,True
e2b_5_30_120,2024-10-11,-0.07713345910008679,-0.07316278718543896,True
e2b_5_30_120,2024-10-14,-0.03038551949573189,-0.0003853504778346025,False
e2b_5_30_120,2024-10-15,0.04297966523176175,0.05461823659650306,True
e2b_5_30_120,2024-10-16,0.07447968455634627,0.06165880368227143,False
e2b_5_30_120,2024-10-17,-0.037796869746578164,-0.13914824458050057,True
e2b_5_30_120,2024-10-18,-0.03799858838558777,-0.08042676078334433,True
e2b_5_30_120,2024-10-21,0.002596806813545386,0.09372334972799629,True
e2b_5_30_120,2024-10-22,0.07077464018273029,0.08100181253873613,True
e2b_5_30_120,2024-10-23,0.026432284263342803,0.06474224028240382,True
e2b_5_30_120,2024-10-24,0.06453989628153353,0.0837574630454258,True
e2b_5_30_120,2024-10-25,0.02608017797569657,0.059442527563787304,True
e2b_5_30_120,2024-10-28,-0.026301125278141217,0.027756109836742534,True
e2b_5_30_120,2024-10-29,0.010371308487021082,0.034170873414002316,True
e2b_5_30_120,2024-10-30,0.05587560121241912,0.026177070285248544,True
e2b_5_30_120,2024-10-31,0.1363468293356725,0.2085795420290537,True
e2b_5_30_120,2024-11-01,0.0246174300721352,-0.004386954298427698,True
e2b_5_30_120,2024-11-04,0.042853084450652994,-0.054996240216994806,True
e2b_5_30_120,2024-11-05,0.007826776229944645,0.04468883434984331,True
e2b_5_30_120,2024-11-06,0.11151968680872455,0.16181714854426915,True
e2b_5_30_120,2024-11-07,-0.0028787553667952116,-0.009516835038073454,True
e2b_5_30_120,2024-11-08,0.055026103051737996,-0.045231054288552175,True
e2b_5_30_120,2024-11-11,-0.04245317258369224,0.09870582219345841,True
e2b_5_30_120,2024-11-12,0.019709996837117227,0.047378106250181955,False
e2b_5_30_120,2024-11-13,0.02187952305829644,0.17974060035796044,False
e2b_5_30_120,2024-11-14,0.011961775585957422,0.05638343422811454,True
e2b_5_30_120,2024-11-15,0.1270739613719521,0.17522177098633468,True
e2b_5_30_120,2024-11-18,-0.05612938066006097,-0.09494102398824114,False
e2b_5_30_120,2024-11-19,0.0390457134795885,-0.007772139497554638,True
e2b_5_30_120,2024-11-20,0.030977719947707726,0.056330413395286945,False
e2b_5_30_120,2024-11-21,-0.024699977442373563,0.023357550982346476,True
e2b_5_30_120,2024-11-22,0.016023643388608854,0.020678353330983223,True
e2b_5_30_120,2024-11-25,0.058759790631436284,0.19695757731786895,False
e2b_5_30_120,2024-11-26,-0.13930198601051322,-0.2119777096012415,True
e2b_5_30_120,2024-11-27,0.08803778849557901,0.18587590435962595,False
e2b_5_30_120,2024-11-28,0.037836698874325524,0.018367581894157915,False
e2b_5_30_120,2024-11-29,0.07916669741670423,0.05693699689376688,False
e2b_5_30_120,2024-12-02,0.04340630587142245,0.09705813632187868,False
e2b_5_30_120,2024-12-03,0.03657943180588039,0.060248716654462055,False
e2b_5_30_120,2024-12-04,0.07523826874972474,0.04779819169617954,True
e2b_5_30_120,2024-12-05,0.16921314125554418,0.270128559665949,False
e2b_5_30_120,2024-12-06,-0.004979351830821066,0.001430620679548698,False
e2b_5_30_120,2024-12-09,-0.015262980559784717,0.006947636469169012,False
e2b_5_30_120,2024-12-10,0.030391446135430003,0.040926024783822255,False
e2b_5_30_120,2024-12-11,0.00713152570471037,0.08449711383819089,False
e2b_5_30_120,2024-12-12,0.011932634765506394,0.025440811038558435,True
e2b_5_30_120,2024-12-13,0.07528054276873361,0.140954450303874,False
e2b_5_30_120,2024-12-16,-0.013159957671123984,0.02561788388635145,False
e2b_5_30_120,2024-12-17,-0.029225965744876167,-0.028169029642475838,True
e2b_5_30_120,2024-12-18,-0.05670207942911976,-0.07130688344600836,False
e2b_5_30_120,2024-12-19,-0.1692176079952558,-0.25588125029562414,False
e2b_5_30_120,2024-12-20,0.08480692717391491,0.163362652751956,False
e2b_5_30_120,2024-12-23,-0.015839309959079305,-0.033927152033367866,False
e2b_5_30_120,2024-12-24,0.004773684274288138,0.06807298905946911,False
e2b_5_30_120,2024-12-25,-0.12014064954573639,-0.16463264278065523,False
e2b_5_30_120,2024-12-26,0.1690112434899163,0.32290480001607647,False
e2b_5_30_120,2024-12-27,0.06256863532197011,0.07207353577558265,False
e2c_full_seed12,2024-01-02,0.1412745777813261,0.16295582976640646,False
e2c_full_seed12,2024-01-03,0.04894315475617283,0.06532314253435706,False
e2c_full_seed12,2024-01-04,0.12404404967754884,0.20971075473594974,False
e2c_full_seed12,2024-01-05,0.048843521130907626,0.06699149031442678,False
e2c_full_seed12,2024-01-08,0.09457910711818972,0.1035148718559186,False
e2c_full_seed12,2024-01-09,-0.0038117628084286836,-0.016797608584635883,False
e2c_full_seed12,2024-01-10,-0.10834845868276413,-0.08595444314397373,False
e2c_full_seed12,2024-01-11,0.20232188926285066,0.19743249386894435,False
e2c_full_seed12,2024-01-12,0.01372653720583469,0.03862294948919093,False
e2c_full_seed12,2024-01-15,0.006678096636631482,0.01683223520173305,False
e2c_full_seed12,2024-01-16,0.06480752562639801,0.16193478111099444,False
e2c_full_seed12,2024-01-17,-0.015543191799715752,-0.004580320814162357,False
e2c_full_seed12,2024-01-18,0.13561859108453722,0.21050157766228447,False
e2c_full_seed12,2024-01-19,0.06639313394417486,0.08264508979751944,False
e2c_full_seed12,2024-01-22,0.04276523533726901,0.056867793511062234,False
e2c_full_seed12,2024-01-23,0.06764057831089107,0.1406982577874758,False
e2c_full_seed12,2024-01-24,0.1003341605013288,0.1216537948361327,False
e2c_full_seed12,2024-01-25,0.1790098227500078,0.30065512224380114,False
e2c_full_seed12,2024-01-26,0.13624877589717543,0.14582440425931206,False
e2c_full_seed12,2024-01-29,0.0435892710736796,0.05387784612288219,False
e2c_full_seed12,2024-01-30,0.09461638191812581,0.13388023159344226,False
e2c_full_seed12,2024-01-31,-0.010552555505569092,-0.03763043779320175,False
e2c_full_seed12,2024-02-01,-0.0419061726488622,0.06091178689697889,True
e2c_full_seed12,2024-02-02,0.04304790873675468,0.0875898870796586,True
e2c_full_seed12,2024-02-05,0.11502330863593672,0.08747387138993966,True
e2c_full_seed12,2024-02-06,0.020972377124908202,0.01515923720624417,True
e2c_full_seed12,2024-02-07,0.10193335453796354,0.0439035913624302,True
e2c_full_seed12,2024-02-08,-0.11845960031142334,-0.09848874508070896,False
e2c_full_seed12,2024-02-19,-0.035195571015136706,-0.040400238095919784,False
e2c_full_seed12,2024-02-20,0.0020865867626409834,-0.0679665190071722,False
e2c_full_seed12,2024-02-21,0.0510843498120644,0.021500583916503533,False
e2c_full_seed12,2024-02-22,0.08245801979521292,0.032669184307317904,False
e2c_full_seed12,2024-02-23,0.09395966622810978,0.0309423196933657,False
e2c_full_seed12,2024-02-26,0.06823649993571036,-0.06472913570137882,False
e2c_full_seed12,2024-02-27,-0.0576726082266965,0.09828659627304505,True
e2c_full_seed12,2024-02-28,0.18908397897292065,0.19501522476466274,False
e2c_full_seed12,2024-02-29,0.0579579029119476,0.007212589458254733,False
e2c_full_seed12,2024-03-01,-0.026396126810386406,-0.00968398806624941,False
e2c_full_seed12,2024-03-04,0.005345182543228525,0.14717820896523223,False
e2c_full_seed12,2024-03-05,0.027342850318643197,0.0602438320471551,False
e2c_full_seed12,2024-03-06,-0.03300566012673936,0.08151469967688248,False
e2c_full_seed12,2024-03-07,0.08791479473121518,0.08705331674106516,False
e2c_full_seed12,2024-03-08,0.07150822418029416,0.0023657125645884626,False
e2c_full_seed12,2024-03-11,-0.060035886013698754,-0.067629669196046,False
e2c_full_seed12,2024-03-12,-0.0006937901827795746,-0.022586832759730554,False
e2c_full_seed12,2024-03-13,0.09526104490419231,0.19862295236602032,False
e2c_full_seed12,2024-03-14,0.0697109602808839,0.07139543392815641,False
e2c_full_seed12,2024-03-15,0.02817915058839892,0.006333277574128727,False
e2c_full_seed12,2024-03-18,0.08340016616360126,0.11231982951619329,False
e2c_full_seed12,2024-03-19,-0.015605894615387594,-0.012910968858270292,False
e2c_full_seed12,2024-03-20,0.05396472853520721,0.12522979782058793,False
e2c_full_seed12,2024-03-21,-0.0728695509165067,-0.06811866680218649,True
e2c_full_seed12,2024-03-22,0.1055831083442759,0.18962858129430524,False
e2c_full_seed12,2024-03-25,-0.0561719794847402,-0.06528074384961965,False
e2c_full_seed12,2024-03-26,-0.006506289824498482,0.12630478147806476,False
e2c_full_seed12,2024-03-27,-0.04505430827283243,-0.01155596644950934,False
e2c_full_seed12,2024-03-28,0.05854016813112257,0.08164742250797821,False
e2c_full_seed12,2024-03-29,0.07317764810588986,0.07691897268709605,False
e2c_full_seed12,2024-04-01,0.14459739436009672,0.2585420071046101,True
e2c_full_seed12,2024-04-02,0.10141726510418225,0.154229033050107,False
e2c_full_seed12,2024-04-03,-0.006462920014021004,0.06649096058501032,False
e2c_full_seed12,2024-04-08,0.1490109538562245,0.15271069373565854,False
e2c_full_seed12,2024-04-09,0.08144094976516553,0.1441214189811061,False
e2c_full_seed12,2024-04-10,0.003431800471636172,0.04768593999453313,False
e2c_full_seed12,2024-04-11,0.04725773845782381,0.0633376813389867,False
e2c_full_seed12,2024-04-12,-0.0351592313824159,-0.03156324133931497,True
e2c_full_seed12,2024-04-15,-0.06327355864903526,-0.059656874511437946,True
e2c_full_seed12,2024-04-16,-0.07267025127697326,-0.060507000850430225,True
e2c_full_seed12,2024-04-17,-0.06975289819174962,-0.037201303464428535,False
e2c_full_seed12,2024-04-18,0.08162244019129772,0.11733666547434486,True
e2c_full_seed12,2024-04-19,0.09327566665750629,0.07248414966570815,True
e2c_full_seed12,2024-04-22,0.029727372237667467,-0.03313390267646702,False
e2c_full_seed12,2024-04-23,0.08994860350096333,0.03183922585504791,True
e2c_full_seed12,2024-04-24,0.01548712168958264,0.019278182792279067,False
e2c_full_seed12,2024-04-25,0.09383040540984303,0.0472616989488883,True
e2c_full_seed12,2024-04-26,0.0221653982900222,0.022513292964341198,True
e2c_full_seed12,2024-04-29,0.06569972371665722,0.11492578432848871,True
e2c_full_seed12,2024-04-30,-0.04166577862889497,-0.03687357949617324,False
e2c_full_seed12,2024-05-06,0.03328794895776995,0.0014295295099940755,False
e2c_full_seed12,2024-05-07,-0.012017707900429466,0.022983236327436662,False
e2c_full_seed12,2024-05-08,-0.02520997616397418,-0.023202703107864178,False
e2c_full_seed12,2024-05-09,0.0770239293813899,0.17202871000426342,False
e2c_full_seed12,2024-05-10,-0.019255542759366317,-0.010236817190312192,True
e2c_full_seed12,2024-05-13,0.02335701037107459,0.041677208822629354,False
e2c_full_seed12,2024-05-14,0.07129478796573105,0.10697461277604822,False
e2c_full_seed12,2024-05-15,0.056214927821455166,0.056209256767515856,True
e2c_full_seed12,2024-05-16,0.04006062203592194,0.03074484843132835,False
e2c_full_seed12,2024-05-17,-0.027043511186503333,0.006308120338690711,False
e2c_full_seed12,2024-05-20,0.08578760883570842,0.1080212860457278,False
e2c_full_seed12,2024-05-21,0.08359137550103954,0.07674060192985285,False
e2c_full_seed12,2024-05-22,0.014452000435718775,0.06431515666120033,False
e2c_full_seed12,2024-05-23,0.10973267992266013,0.15852875647758324,False
e2c_full_seed12,2024-05-24,0.02914515555915611,0.03105229945736512,False
e2c_full_seed12,2024-05-27,-0.03466065223693061,-0.04683106958953172,False
e2c_full_seed12,2024-05-28,-0.0013674601124419822,-0.005244343086848492,False
e2c_full_seed12,2024-05-29,0.032742468169929276,0.04511229654361346,False
e2c_full_seed12,2024-05-30,0.0842690140858906,0.03971938478545593,False
e2c_full_seed12,2024-05-31,-0.13014556733249888,-0.1066287064324647,False
e2c_full_seed12,2024-06-03,-0.019625552497299494,0.0586662169652133,False
e2c_full_seed12,2024-06-04,0.0640467880038153,0.03617212611742173,False
e2c_full_seed12,2024-06-05,0.03769806741616189,0.09410470785734805,True
e2c_full_seed12,2024-06-06,0.1915404676212184,0.24121161624590548,False
e2c_full_seed12,2024-06-07,-0.08066202659189806,-0.1600667893033838,True
e2c_full_seed12,2024-06-11,0.006947507917152411,-0.00349397589743433,False
e2c_full_seed12,2024-06-12,0.02467386892239099,-0.010706942110597067,True
e2c_full_seed12,2024-06-13,0.018513773578982984,0.057754638591694656,False
e2c_full_seed12,2024-06-14,0.011496997308086941,-0.03873831321967628,False
e2c_full_seed12,2024-06-17,-0.05119224148188307,-0.04304021525444831,False
e2c_full_seed12,2024-06-18,0.06807784343769573,0.10118632750663883,False
e2c_full_seed12,2024-06-19,0.11494429211725089,0.08575544225387785,False
e2c_full_seed12,2024-06-20,0.07528125679108143,0.08109431955802895,False
e2c_full_seed12,2024-06-21,-0.0027125125847061796,0.03933064423293495,False
e2c_full_seed12,2024-06-24,0.13825396892073286,0.15037877364747923,False
e2c_full_seed12,2024-06-25,0.15787746078070822,0.140333519201622,False
e2c_full_seed12,2024-06-26,0.02620379439979659,0.04084606156038446,False
e2c_full_seed12,2024-06-27,-0.01564246591392964,0.003736984888827263,False
e2c_full_seed12,2024-06-28,0.0856305675065067,0.13955848250537722,False
e2c_full_seed12,2024-07-01,0.08645647151051364,0.12293923662422394,False
e2c_full_seed12,2024-07-02,0.0559305341579856,0.07220864410966392,False
e2c_full_seed12,2024-07-03,0.054172451410440164,0.09542223633065708,False
e2c_full_seed12,2024-07-04,0.09073438519085403,0.0813105565411676,False
e2c_full_seed12,2024-07-05,0.018970558286677992,0.04699654506225843,False
e2c_full_seed12,2024-07-08,-0.08378083478801417,-0.08803809628535116,True
e2c_full_seed12,2024-07-09,-0.027813779638283905,-0.12951251019370627,False
e2c_full_seed12,2024-07-10,0.07830911964924618,0.07905096675076383,False
e2c_full_seed12,2024-07-11,0.0217586329509002,0.03895789797169938,False
e2c_full_seed12,2024-07-12,0.014152572426633295,0.10505068658266956,False
e2c_full_seed12,2024-07-15,-0.046945386380279334,-0.07416768529191266,False
e2c_full_seed12,2024-07-16,0.09878498751686307,0.15768046430369673,False
e2c_full_seed12,2024-07-17,0.10704712894657492,0.09686403740290182,False
e2c_full_seed12,2024-07-18,0.045301552452199224,0.013777092231383256,False
e2c_full_seed12,2024-07-19,0.008367525318157409,0.001331870179640935,False
e2c_full_seed12,2024-07-22,0.025873216437096426,0.11506560286722141,False
e2c_full_seed12,2024-07-23,0.12593735021478553,0.154531559571117,False
e2c_full_seed12,2024-07-24,0.04862609673781757,0.044706331620188146,False
e2c_full_seed12,2024-07-25,0.07883498019777191,0.0696346242681493,False
e2c_full_seed12,2024-07-26,0.031124198575193204,0.08694567870338413,False
e2c_full_seed12,2024-07-29,0.048389470023985186,0.044003879740402436,False
e2c_full_seed12,2024-07-30,0.0012046737215896783,-0.08221810523755903,False
e2c_full_seed12,2024-07-31,0.06920670789003865,0.1343885424484456,False
e2c_full_seed12,2024-08-01,0.02330168073551432,0.060469668476533185,False
e2c_full_seed12,2024-08-02,0.021470162516812046,0.029928327042367524,False
e2c_full_seed12,2024-08-05,-0.009472852303685022,-0.01021870297899539,False
e2c_full_seed12,2024-08-06,0.06360251490466581,0.08614775058179582,False
e2c_full_seed12,2024-08-07,0.11077043335650694,0.15586173194423583,False
e2c_full_seed12,2024-08-08,0.06766769269081407,0.12454676062935095,False
e2c_full_seed12,2024-08-09,0.007305657180794868,0.029054846509234705,False
e2c_full_seed12,2024-08-12,0.053205299146244174,0.039898908319466825,False
e2c_full_seed12,2024-08-13,0.06761774569007901,0.15656007899224234,False
e2c_full_seed12,2024-08-14,0.012919000068982152,0.01521090330378348,False
e2c_full_seed12,2024-08-15,0.02297102174035341,0.03116937852165414,False
e2c_full_seed12,2024-08-16,0.03761079729422117,0.11168006777955537,False
e2c_full_seed12,2024-08-19,0.061154658876720155,0.12206074885637823,False
e2c_full_seed12,2024-08-20,0.008974190534725895,-0.011323579043399257,False
e2c_full_seed12,2024-08-21,0.09228081748453244,0.15716544536146948,False
e2c_full_seed12,2024-08-22,0.019466517056501792,0.02377186833704815,False
e2c_full_seed12,2024-08-23,0.08753783860057131,0.1317569756122953,False
e2c_full_seed12,2024-08-26,0.1195269574003926,0.16861258031310924,False
e2c_full_seed12,2024-08-27,0.0004814346186435045,-0.02509723111102669,False
e2c_full_seed12,2024-08-28,0.01084425682875601,-0.02197111557375018,False
e2c_full_seed12,2024-08-29,-0.06620405729858408,-0.15773462064452573,False
e2c_full_seed12,2024-08-30,0.008538640639146496,0.11016768587899968,False
e2c_full_seed12,2024-09-02,-0.04441325906963699,-0.08461199257998553,False
e2c_full_seed12,2024-09-03,-0.10562386095302928,-0.1717813781518654,False
e2c_full_seed12,2024-09-04,0.03385136916326569,0.03390525055847882,False
e2c_full_seed12,2024-09-05,0.052184591022002,0.13963067223649758,False
e2c_full_seed12,2024-09-06,-0.027084734853783994,-0.025586690143560846,False
e2c_full_seed12,2024-09-09,0.005347116470011046,-0.03886892734585321,False
e2c_full_seed12,2024-09-10,-0.06628536097783541,-0.15291994976805387,False
e2c_full_seed12,2024-09-11,0.14307550627208515,0.15622711976861356,False
e2c_full_seed12,2024-09-12,0.11698051305723861,0.17375060705138437,False
e2c_full_seed12,2024-09-13,0.04095341228170093,0.051691097465389,False
e2c_full_seed12,2024-09-18,0.1360225360535062,0.20163089592076874,False
e2c_full_seed12,2024-09-19,0.07216948192317667,0.10346338306092379,False
e2c_full_seed12,2024-09-20,-0.006592706036508816,0.003937540870738138,False
e2c_full_seed12,2024-09-23,0.09375921141759176,0.03816609521146075,True
e2c_full_seed12,2024-09-24,0.12310479874092237,0.17591140989267023,False
e2c_full_seed12,2024-09-25,0.07575142197705435,0.04138532855936872,True
e2c_full_seed12,2024-09-26,0.005795538838735924,-0.03577197021092543,True
e2c_full_seed12,2024-09-27,0.23829406491441213,0.18976977173037804,True
e2c_full_seed12,2024-09-30,0.01405565909168178,0.025601514154329562,True
e2c_full_seed12,2024-10-08,0.10667230195364052,0.11945428948168503,True
e2c_full_seed12,2024-10-09,0.04194764965104554,0.10024157351694749,True
e2c_full_seed12,2024-10-10,-0.038587498922399585,0.017331240178775877,True
e2c_full_seed12,2024-10-11,0.002739525290169929,0.005546052727362057,True
e2c_full_seed12,2024-10-14,-0.07379034150002557,-0.04615688451147936,False
e2c_full_seed12,2024-10-15,0.06845564800986766,0.08078279250483199,True
e2c_full_seed12,2024-10-16,0.127703279670301,0.11959681450610049,False
e2c_full_seed12,2024-10-17,0.06629597868069805,-0.009503507139504092,True
e2c_full_seed12,2024-10-18,-0.03181133074432218,-0.06442905779731639,True
e2c_full_seed12,2024-10-21,-0.03626259632971389,0.03642155176868432,True
e2c_full_seed12,2024-10-22,0.06219161619455283,0.072079801555458,True
e2c_full_seed12,2024-10-23,-0.023335044270480252,0.007215794623681797,True
e2c_full_seed12,2024-10-24,0.06681613306848073,0.08519609311697994,True
e2c_full_seed12,2024-10-25,0.01220672251469195,0.03851920797225298,True
e2c_full_seed12,2024-10-28,-0.01152808418625794,0.040197952703877535,True
e2c_full_seed12,2024-10-29,0.008288260867068664,0.029675625452038,True
e2c_full_seed12,2024-10-30,0.024511906958274078,-0.002096944044531825,True
e2c_full_seed12,2024-10-31,0.09647608508821096,0.1603191690025116,True
e2c_full_seed12,2024-11-01,0.024423556910343824,-0.003431117891453842,True
e2c_full_seed12,2024-11-04,0.038277550980102416,-0.05790145234704768,True
e2c_full_seed12,2024-11-05,-0.00629926750364097,0.02475852269460586,True
e2c_full_seed12,2024-11-06,0.09671734215157299,0.14087424849949867,True
e2c_full_seed12,2024-11-07,0.019743329062313714,0.014312057087172049,True
e2c_full_seed12,2024-11-08,0.048477387288775556,-0.0463644735835578,True
e2c_full_seed12,2024-11-11,-0.0348983630909402,0.1006575566805576,True
e2c_full_seed12,2024-11-12,0.017665848316402787,0.039640127349905595,False
e2c_full_seed12,2024-11-13,0.04381750325206164,0.19412757352899568,False
e2c_full_seed12,2024-11-14,-0.008426093873191015,0.02557281565370805,True
e2c_full_seed12,2024-11-15,0.05663705762262477,0.10338048540514871,True
e2c_full_seed12,2024-11-18,-0.010861545814384643,-0.041049374230423374,False
e2c_full_seed12,2024-11-19,0.058393762087074676,0.011706339323598691,True
e2c_full_seed12,2024-11-20,0.03420629462104414,0.05662049408586653,False
e2c_full_seed12,2024-11-21,-0.020241986314583117,0.017899703377013382,True
e2c_full_seed12,2024-11-22,-0.01107060152827534,-0.0075224973053293264,True
e2c_full_seed12,2024-11-25,0.05811926727816766,0.18510499863649885,False
e2c_full_seed12,2024-11-26,-0.08489966101264661,-0.15514384121245933,True
e2c_full_seed12,2024-11-27,0.06659136409464715,0.16147892273848424,False
e2c_full_seed12,2024-11-28,0.03224358398204506,0.013198972445920028,False
e2c_full_seed12,2024-11-29,0.07783085030738982,0.058883663602535656,False
e2c_full_seed12,2024-12-02,0.03945822852885722,0.08837696002542275,False
e2c_full_seed12,2024-12-03,0.032083809248997994,0.05472265480170997,False
e2c_full_seed12,2024-12-04,0.04885429243276111,0.02104266360797493,True
e2c_full_seed12,2024-12-05,0.14509890548735016,0.24748159813474388,False
e2c_full_seed12,2024-12-06,-0.001593493975932576,0.004260302295555873,False
e2c_full_seed12,2024-12-09,-0.027744263568147,-0.008083405387176237,False
e2c_full_seed12,2024-12-10,0.01666945412003148,0.0267499103673921,False
e2c_full_seed12,2024-12-11,-0.04325043789540333,0.031693923418460175,False
e2c_full_seed12,2024-12-12,-0.021058370639326144,-0.00844876643755732,True
e2c_full_seed12,2024-12-13,0.07879676788345334,0.14165010237477482,False
e2c_full_seed12,2024-12-16,-0.022671356973788782,0.006742435742207847,False
e2c_full_seed12,2024-12-17,-0.03188117772946002,-0.030891928039548953,True
e2c_full_seed12,2024-12-18,-0.011227586542007326,-0.02334344725049862,False
e2c_full_seed12,2024-12-19,-0.08420850079088851,-0.16208661471406713,False
e2c_full_seed12,2024-12-20,0.03621260133587815,0.10091343752677534,False
e2c_full_seed12,2024-12-23,-0.050032023336356625,-0.0678039156977063,False
e2c_full_seed12,2024-12-24,0.018488013985558303,0.07881693274534067,False
e2c_full_seed12,2024-12-25,-0.034616779731583794,-0.07656534610000353,False
e2c_full_seed12,2024-12-26,0.10754619894767356,0.2502405969107089,False
e2c_full_seed12,2024-12-27,0.05945384817259535,0.06881004484845318,False
e2c_full_seed23,2024-01-02,0.1232977436549155,0.14497485280974726,False
e2c_full_seed23,2024-01-03,0.03487484700130531,0.05159167756633535,False
e2c_full_seed23,2024-01-04,0.1322833293381107,0.22167093907551635,False
e2c_full_seed23,2024-01-05,0.040953898323196784,0.05913813952682678,False
e2c_full_seed23,2024-01-08,0.09369733863336294,0.1021476832809428,False
e2c_full_seed23,2024-01-09,0.006118268717126643,-0.006967833459498758,False
e2c_full_seed23,2024-01-10,-0.07432317075055726,-0.05217186049769124,False
e2c_full_seed23,2024-01-11,0.21257648407220323,0.2071455088226444,False
e2c_full_seed23,2024-01-12,-0.022551351951140747,0.005647794850392897,False
e2c_full_seed23,2024-01-15,0.00546277742247783,0.01634720376354145,False
e2c_full_seed23,2024-01-16,0.11312618934419595,0.2212423689507448,False
e2c_full_seed23,2024-01-17,-0.02021412285354613,-0.004908669123244209,False
e2c_full_seed23,2024-01-18,0.1357515684437484,0.21783290492817012,False
e2c_full_seed23,2024-01-19,0.027045302445537676,0.04479673735811104,False
e2c_full_seed23,2024-01-22,0.04292189322752891,0.05899761531994482,False
e2c_full_seed23,2024-01-23,0.07491213866113489,0.1516659717280012,False
e2c_full_seed23,2024-01-24,0.10525649346498539,0.1292484285739441,False
e2c_full_seed23,2024-01-25,0.15755944948300807,0.27981262107753535,False
e2c_full_seed23,2024-01-26,0.1542909829100005,0.16439023858439333,False
e2c_full_seed23,2024-01-29,0.03410602536101559,0.04569631891319556,False
e2c_full_seed23,2024-01-30,0.06769924499353257,0.10644505710123778,False
e2c_full_seed23,2024-01-31,-0.03067307927763805,-0.059926088728955725,False
e2c_full_seed23,2024-02-01,-0.022024294649774578,0.09416874676334895,True
e2c_full_seed23,2024-02-02,0.07899965398051989,0.13289903876971063,True
e2c_full_seed23,2024-02-05,0.12796730999215397,0.09196571948569975,True
e2c_full_seed23,2024-02-06,0.054633480662532256,0.04813334216174768,True
e2c_full_seed23,2024-02-07,0.13929988323925774,0.07330241621444204,True
e2c_full_seed23,2024-02-08,-0.0989844730731928,-0.07659152498974581,False
e2c_full_seed23,2024-02-19,-0.01930276622064627,-0.0252126683736833,False
e2c_full_seed23,2024-02-20,0.002039390846989782,-0.07910344861497172,False
e2c_full_seed23,2024-02-21,0.04696212888229327,0.01013997071838609,False
e2c_full_seed23,2024-02-22,0.07666984015056572,0.01766557535260791,False
e2c_full_seed23,2024-02-23,0.08948527914962287,0.01668415710031855,False
e2c_full_seed23,2024-02-26,0.03927820753619946,-0.1157226864243651,False
e2c_full_seed23,2024-02-27,-0.07099971229962918,0.09823510370563925,True
e2c_full_seed23,2024-02-28,0.14296554413507234,0.1484574778687666,False
e2c_full_seed23,2024-02-29,0.0632450248903893,0.0024005826968973537,False
e2c_full_seed23,2024-03-01,-0.07414404438537125,-0.05555398088688163,False
e2c_full_seed23,2024-03-04,-0.022988433798947633,0.12061821327809,False
e2c_full_seed23,2024-03-05,0.048599749206923594,0.08730115538112904,False
e2c_full_seed23,2024-03-06,-0.011696645102502335,0.09987312994852432,False
e2c_full_seed23,2024-03-07,0.07634912284937986,0.0756233363196246,False
e2c_full_seed23,2024-03-08,0.04406052971637615,-0.04146236530730194,False
e2c_full_seed23,2024-03-11,-0.12009906170056714,-0.1281075769960581,False
e2c_full_seed23,2024-03-12,0.02625455610736205,0.0033549009758722403,False
e2c_full_seed23,2024-03-13,0.062157414950192565,0.17676861749784217,False
e2c_full_seed23,2024-03-14,0.08490944439316579,0.08670008669565905,False
e2c_full_seed23,2024-03-15,-0.0012602565971090017,-0.02351915269415933,False
e2c_full_seed23,2024-03-18,0.07806155596725527,0.10714495843229006,False
e2c_full_seed23,2024-03-19,0.022682102072494274,0.025734690962158073,False
e2c_full_seed23,2024-03-20,0.07196976079933257,0.15137017385953808,False
e2c_full_seed23,2024-03-21,-0.0484518932377599,-0.04337177610838733,True
e2c_full_seed23,2024-03-22,0.07750105060903448,0.16024190115122358,False
e2c_full_seed23,2024-03-25,-0.07919264542559865,-0.08973003668055832,False
e2c_full_seed23,2024-03-26,0.023742948777831237,0.15563228000821835,False
e2c_full_seed23,2024-03-27,-0.022253225062712975,0.017646696652373672,False
e2c_full_seed23,2024-03-28,0.06001557985969503,0.08566698011007551,False
e2c_full_seed23,2024-03-29,0.10406535016299849,0.10782260105099725,False
e2c_full_seed23,2024-04-01,0.1510804848578787,0.2663719148507769,True
e2c_full_seed23,2024-04-02,0.08874428696497472,0.1459946776534493,False
e2c_full_seed23,2024-04-03,-0.02033293357883112,0.05695299532080573,False
e2c_full_seed23,2024-04-08,0.15056680399807257,0.15418501056827563,False
e2c_full_seed23,2024-04-09,0.08056382653357558,0.1514870592947168,False
e2c_full_seed23,2024-04-10,0.026113724694384145,0.07189663481855718,False
e2c_full_seed23,2024-04-11,0.04209383383801512,0.058694910768571626,False
e2c_full_seed23,2024-04-12,-0.04828181047666484,-0.04511524064981472,True
e2c_full_seed23,2024-04-15,-0.04870951269205429,-0.04491210222995329,True
e2c_full_seed23,2024-04-16,-0.014754193534553017,-0.0006712988908136628,True
e2c_full_seed23,2024-04-17,-0.07271213165322858,-0.03710688435215731,False
e2c_full_seed23,2024-04-18,0.05665609280308155,0.09413788868993496,True
e2c_full_seed23,2024-04-19,0.03836215005744008,0.01590733054068808,True
e2c_full_seed23,2024-04-22,0.0367330395161395,-0.023286278996658246,False
e2c_full_seed23,2024-04-23,0.08839562322679888,0.028438621990375064,True
e2c_full_seed23,2024-04-24,0.03227263730571228,0.03671449340471529,False
e2c_full_seed23,2024-04-25,0.06041463189220997,0.008435903511208105,True
e2c_full_seed23,2024-04-26,0.039600934561418964,0.0400484307472988,True
e2c_full_seed23,2024-04-29,0.04909072030275925,0.099862146985964,True
e2c_full_seed23,2024-04-30,-0.035986848054622475,-0.030626258968261807,False
e2c_full_seed23,2024-05-06,0.0543713326659016,0.023111943751877823,False
e2c_full_seed23,2024-05-07,0.003542437566867122,0.040752201872318115,False
e2c_full_seed23,2024-05-08,-0.004905614754906291,-0.002792173951064597,False
e2c_full_seed23,2024-05-09,0.10103531546089613,0.19904266634610243,False
e2c_full_seed23,2024-05-10,-0.03640904806325609,-0.02691831347879531,True
e2c_full_seed23,2024-05-13,-0.005371653191589716,0.012817809268719092,False
e2c_full_seed23,2024-05-14,0.08581135082654347,0.12040824165957904,False
e2c_full_seed23,2024-05-15,0.06571845324405377,0.06571317805872738,True
e2c_full_seed23,2024-05-16,0.016446262365717713,0.006054435412258736,False
e2c_full_seed23,2024-05-17,-0.009826964046143997,0.030939199726823283,False
e2c_full_seed23,2024-05-20,0.09251233395000975,0.11520250475256127,False
e2c_full_seed23,2024-05-21,0.05797864519849313,0.05148050953698863,False
e2c_full_seed23,2024-05-22,0.0023489028563685736,0.05766263219481055,False
e2c_full_seed23,2024-05-23,0.1211400968893256,0.1707279269571878,False
e2c_full_seed23,2024-05-24,0.022263910617915984,0.024209810526414632,False
e2c_full_seed23,2024-05-27,-0.04693582164484248,-0.06114422010117345,False
e2c_full_seed23,2024-05-28,0.024335883123817553,0.02040730871742098,False
e2c_full_seed23,2024-05-29,-0.013501998002710302,-0.00022265265444365427,False
e2c_full_seed23,2024-05-30,0.05469149979975303,0.008336152268660682,False
e2c_full_seed23,2024-05-31,-0.11291585567687788,-0.09146189054243038,False
e2c_full_seed23,2024-06-03,-0.03795930518247645,0.04547108259741937,False
e2c_full_seed23,2024-06-04,0.04669125173497772,0.013823968757641867,False
e2c_full_seed23,2024-06-05,0.061221001885202735,0.12274655255554172,True
e2c_full_seed23,2024-06-06,0.21574494100025737,0.26638367694445036,False
e2c_full_seed23,2024-06-07,-0.07004266865666915,-0.15579116175469393,True
e2c_full_seed23,2024-06-11,0.02448476504400503,0.01426769941204239,False
e2c_full_seed23,2024-06-12,0.050720541202732304,0.01725358380130686,True
e2c_full_seed23,2024-06-13,0.023225542874933336,0.06806026177598017,False
e2c_full_seed23,2024-06-14,-0.0011944545870076289,-0.053821357714714246,False
e2c_full_seed23,2024-06-17,-0.02271842373841776,-0.014552840340641287,False
e2c_full_seed23,2024-06-18,0.08701004415718216,0.12018394548410094,False
e2c_full_seed23,2024-06-19,0.10490504992973576,0.07284169015732891,False
e2c_full_seed23,2024-06-20,0.08799184591123396,0.09370431326032387,False
e2c_full_seed23,2024-06-21,-0.006143334019140071,0.034580940731912264,False
e2c_full_seed23,2024-06-24,0.10991587069055539,0.12280995039096232,False
e2c_full_seed23,2024-06-25,0.10592441999276374,0.08691181708765701,False
e2c_full_seed23,2024-06-26,0.04488471302714625,0.06042646248118009,False
e2c_full_seed23,2024-06-27,0.000380587124651716,0.02403871400715401,False
e2c_full_seed23,2024-06-28,0.0716851935006205,0.12684727027761097,False
e2c_full_seed23,2024-07-01,0.12156228988374781,0.1606005667622334,False
e2c_full_seed23,2024-07-02,0.022367155644073093,0.03947510743857811,False
e2c_full_seed23,2024-07-03,0.04096025689248096,0.08431718873288431,False
e2c_full_seed23,2024-07-04,0.06975146234477034,0.059066242490758245,False
e2c_full_seed23,2024-07-05,0.04044906029614053,0.07245614124830796,False
e2c_full_seed23,2024-07-08,-0.07019476221796479,-0.07510609480149934,True
e2c_full_seed23,2024-07-09,-0.04922491022974228,-0.15979340536110445,False
e2c_full_seed23,2024-07-10,0.07033357338210579,0.0711044062201492,False
e2c_full_seed23,2024-07-11,0.018159734971385042,0.0352678442806303,False
e2c_full_seed23,2024-07-12,0.029881810694853357,0.12655810563314418,False
e2c_full_seed23,2024-07-15,-0.03588620811055834,-0.06769728224972335,False
e2c_full_seed23,2024-07-16,0.07750769287202841,0.1437515333154262,False
e2c_full_seed23,2024-07-17,0.06567135201969677,0.05312046242537208,False
e2c_full_seed23,2024-07-18,0.016935832543969038,-0.017880882630001715,False
e2c_full_seed23,2024-07-19,0.011041764773008507,0.003197488231937768,False
e2c_full_seed23,2024-07-22,-0.002652382207168035,0.09014414205156052,False
e2c_full_seed23,2024-07-23,0.10255228656351802,0.1350160867087097,False
e2c_full_seed23,2024-07-24,0.0303200581059356,0.026311442093489398,False
e2c_full_seed23,2024-07-25,0.08243567420930928,0.07318229881595842,False
e2c_full_seed23,2024-07-26,0.008841490604925263,0.06378631136723022,False
e2c_full_seed23,2024-07-29,0.03174624095691998,0.026742696644078006,False
e2c_full_seed23,2024-07-30,-0.013029144128434545,-0.09818068996120528,False
e2c_full_seed23,2024-07-31,0.06536813873812197,0.1329736459433106,False
e2c_full_seed23,2024-08-01,0.060089862912376835,0.0987302502428856,False
e2c_full_seed23,2024-08-02,0.00800247847452212,0.01762841436169527,False
e2c_full_seed23,2024-08-05,0.019464832840600552,0.01875400316505025,False
e2c_full_seed23,2024-08-06,0.06822551237360779,0.09224754004481032,False
e2c_full_seed23,2024-08-07,0.08892099008941672,0.13251791363495438,False
e2c_full_seed23,2024-08-08,0.11838775725295139,0.1781008780628639,False
e2c_full_seed23,2024-08-09,0.023778992011084268,0.0430001623514461,False
e2c_full_seed23,2024-08-12,0.06066108067894755,0.047453723569214096,False
e2c_full_seed23,2024-08-13,0.041535747429042175,0.1302977284564994,False
e2c_full_seed23,2024-08-14,0.03310261076339048,0.03556739826372611,False
e2c_full_seed23,2024-08-15,-0.00922999384751359,-0.0006780891574403771,False
e2c_full_seed23,2024-08-16,0.028236801588149067,0.10970649690160957,False
e2c_full_seed23,2024-08-19,0.047297952288225996,0.11103276052094094,False
e2c_full_seed23,2024-08-20,0.01205816202336971,-0.012127603306360877,False
e2c_full_seed23,2024-08-21,0.08943623984838317,0.1564288384535609,False
e2c_full_seed23,2024-08-22,0.001417273381015613,0.0062263646023829776,False
e2c_full_seed23,2024-08-23,0.07646151982227106,0.12445390573287994,False
e2c_full_seed23,2024-08-26,0.09397082821530503,0.1446327155479473,False
e2c_full_seed23,2024-08-27,0.013274808332511271,-0.01417331418910522,False
e2c_full_seed23,2024-08-28,0.004669002139738046,-0.02870520981412686,False
e2c_full_seed23,2024-08-29,-0.07526003674117186,-0.16854499214230753,False
e2c_full_seed23,2024-08-30,0.03186604295542784,0.14089453237950747,False
e2c_full_seed23,2024-09-02,-0.02905858490944686,-0.06920939316291877,False
e2c_full_seed23,2024-09-03,-0.11347089002248174,-0.18640368091707515,False
e2c_full_seed23,2024-09-04,0.043780497308673075,0.0438333816384635,False
e2c_full_seed23,2024-09-05,0.02280154184721937,0.11332838336681439,False
e2c_full_seed23,2024-09-06,-0.02707153135542122,-0.025551523446809856,False
e2c_full_seed23,2024-09-09,0.011387066222446066,-0.03210723166583537,False
e2c_full_seed23,2024-09-10,-0.09875242126587308,-0.19136490418119517,False
e2c_full_seed23,2024-09-11,0.12674854392868956,0.1408141039827015,False
e2c_full_seed23,2024-09-12,0.11814654092577714,0.18314482530483706,False
e2c_full_seed23,2024-09-13,0.038192049973265085,0.048399835132036786,False
e2c_full_seed23,2024-09-18,0.14094866918719942,0.20783408345297671,False
e2c_full_seed23,2024-09-19,0.04752586778754325,0.08117234302567085,False
e2c_full_seed23,2024-09-20,0.010186943990033236,0.02335734691202986,False
e2c_full_seed23,2024-09-23,0.08571372445641065,0.028382977408765553,True
e2c_full_seed23,2024-09-24,0.12308434010159772,0.1764145876328325,False
e2c_full_seed23,2024-09-25,0.019622653273978233,-0.02377386669206287,True
e2c_full_seed23,2024-09-26,-0.022810996696234605,-0.07665037842617863,True
e2c_full_seed23,2024-09-27,0.18655703845007557,0.1293382117074739,True
e2c_full_seed23,2024-09-30,0.06444538080573935,0.07865608798965615,True
e2c_full_seed23,2024-10-08,0.1994487103081379,0.21345466716634193,True
e2c_full_seed23,2024-10-09,0.07448077636714631,0.12725381142995837,True
e2c_full_seed23,2024-10-10,-0.03727939201585847,0.026176923872940534,True
e2c_full_seed23,2024-10-11,-0.03889895906774133,-0.03495717371766696,True
e2c_full_seed23,2024-10-14,-0.04634924439306757,-0.014056095399429498,False
e2c_full_seed23,2024-10-15,0.09799831004376268,0.11314554716245674,True
e2c_full_seed23,2024-10-16,0.13986705740757963,0.12978933711551177,False
e2c_full_seed23,2024-10-17,0.04725075968472776,-0.03659220866280885,True
e2c_full_seed23,2024-10-18,-0.048347210850784306,-0.09200326635658096,True
e2c_full_seed23,2024-10-21,-0.01947019707092096,0.06224944078057008,True
e2c_full_seed23,2024-10-22,0.04387513775744895,0.05466004168337801,True
e2c_full_seed23,2024-10-23,-0.014485836017661206,0.021244880255763283,True
e2c_full_seed23,2024-10-24,0.06728148045759985,0.08722975321751053,True
e2c_full_seed23,2024-10-25,0.02849777320006834,0.05129927575226475,True
e2c_full_seed23,2024-10-28,-0.0057138939162826845,0.04685663849697232,True
e2c_full_seed23,2024-10-29,0.012840896792012396,0.035341997918467476,True
e2c_full_seed23,2024-10-30,0.032108022602581124,0.0008452394484142443,True
e2c_full_seed23,2024-10-31,0.16891082800392815,0.24762260090173122,True
e2c_full_seed23,2024-11-01,0.04029529161220259,0.008043849753274272,True
e2c_full_seed23,2024-11-04,0.0593082200104121,-0.04034406345720139,True
e2c_full_seed23,2024-11-05,0.02387371699102498,0.06198512925769051,True
e2c_full_seed23,2024-11-06,0.08092624610915221,0.1326746744374933,True
e2c_full_seed23,2024-11-07,-0.015092028459673687,-0.02070345602282719,True
e2c_full_seed23,2024-11-08,0.04421326930890853,-0.05460391864826656,True
e2c_full_seed23,2024-11-11,-0.07625420134699494,0.058148684181972554,True
e2c_full_seed23,2024-11-12,-0.016114570270566345,0.005547623061157848,False
e2c_full_seed23,2024-11-13,0.02691730028993748,0.18135667155541016,False
e2c_full_seed23,2024-11-14,0.01804754540570204,0.06556683267714836,True
e2c_full_seed23,2024-11-15,0.01651508257754987,0.05626289518195042,True
e2c_full_seed23,2024-11-18,-0.01908581528223778,-0.051866711604601386,False
e2c_full_seed23,2024-11-19,0.03505172388681072,-0.01275273031602934,True
e2c_full_seed23,2024-11-20,0.0387297509296244,0.06335827024869471,False
e2c_full_seed23,2024-11-21,0.025250469355871323,0.07347859050609325,True
e2c_full_seed23,2024-11-22,-0.010732405758944609,-0.006586220542328277,True
e2c_full_seed23,2024-11-25,0.0066927202788951735,0.14497102498602982,False
e2c_full_seed23,2024-11-26,-0.08594906792668862,-0.1520567150350797,True
e2c_full_seed23,2024-11-27,0.08876010342970594,0.19491996746224263,False
e2c_full_seed23,2024-11-28,0.041176844618164246,0.020536513360926347,False
e2c_full_seed23,2024-11-29,0.08956056565292077,0.06804426894847455,False
e2c_full_seed23,2024-12-02,0.014825968434289691,0.06189075744253682,False
e2c_full_seed23,2024-12-03,0.05488894703589954,0.07810961830288946,False
e2c_full_seed23,2024-12-04,0.07016844837736183,0.040658135099524935,True
e2c_full_seed23,2024-12-05,0.12142668676185774,0.22747277366736046,False
e2c_full_seed23,2024-12-06,-0.018231936631347513,-0.011846668040389245,False
e2c_full_seed23,2024-12-09,-0.0006825729958740729,0.019957109177295693,False
e2c_full_seed23,2024-12-10,0.04117891691490991,0.05239982549097731,False
e2c_full_seed23,2024-12-11,-0.03254534969527452,0.04489825078858194,False
e2c_full_seed23,2024-12-12,-0.036657370190156045,-0.023943052644893402,True
e2c_full_seed23,2024-12-13,0.05558171704419013,0.12163524328633306,False
e2c_full_seed23,2024-12-16,-0.06858814888482885,-0.03740934175044245,False
e2c_full_seed23,2024-12-17,-0.021954595605640947,-0.020897034669379377,True
e2c_full_seed23,2024-12-18,0.007177183855100965,-0.004105652799229683,False
e2c_full_seed23,2024-12-19,-0.137068326224012,-0.22002468600188513,False
e2c_full_seed23,2024-12-20,0.002652494271382283,0.062486229986309795,False
e2c_full_seed23,2024-12-23,-0.060589689687547806,-0.0779553683458652,False
e2c_full_seed23,2024-12-24,-0.011046361293881927,0.05331936719619195,False
e2c_full_seed23,2024-12-25,-0.020338642037971144,-0.06509391479397598,False
e2c_full_seed23,2024-12-26,0.08586734245779928,0.23476301266164584,False
e2c_full_seed23,2024-12-27,0.07927310462281963,0.08939291288144348,False
e2c_k21045_seed12,2024-01-02,0.1691699592778033,0.19147615300879675,False
e2c_k21045_seed12,2024-01-03,0.05146334938910577,0.06786598911334901,False
e2c_k21045_seed12,2024-01-04,0.15183581157160886,0.2371446129818983,False
e2c_k21045_seed12,2024-01-05,0.05653891206056931,0.07501560028318591,False
e2c_k21045_seed12,2024-01-08,0.11857985379362268,0.12734741219505638,False
e2c_k21045_seed12,2024-01-09,-0.01235515230489445,-0.02597071253123712,False
e2c_k21045_seed12,2024-01-10,-0.11453265438568865,-0.09201523607395679,False
e2c_k21045_seed12,2024-01-11,0.20430611389163247,0.19898069668526616,False
e2c_k21045_seed12,2024-01-12,0.015508492974910896,0.040206877654646374,False
e2c_k21045_seed12,2024-01-15,0.013239569127710833,0.023856191735366038,False
e2c_k21045_seed12,2024-01-16,0.07287578512635268,0.17224716769740744,False
e2c_k21045_seed12,2024-01-17,-0.022907242241709837,-0.010699326697265954,False
e2c_k21045_seed12,2024-01-18,0.1450323857246931,0.2206592953150222,False
e2c_k21045_seed12,2024-01-19,0.07162766100109978,0.08790568762320448,False
e2c_k21045_seed12,2024-01-22,0.058411564590358026,0.07312655816555304,False
e2c_k21045_seed12,2024-01-23,0.10243617113270134,0.17601360679829506,False
e2c_k21045_seed12,2024-01-24,0.11350527227673901,0.13345010367217539,False
e2c_k21045_seed12,2024-01-25,0.2035680770959691,0.3256366255585176,False
e2c_k21045_seed12,2024-01-26,0.16102070884386646,0.17062235929720754,False
e2c_k21045_seed12,2024-01-29,0.0345748909341629,0.045465717744417364,False
e2c_k21045_seed12,2024-01-30,0.08463873387370734,0.12674842194338512,False
e2c_k21045_seed12,2024-01-31,-0.02033737817109284,-0.04783607090506924,False
e2c_k21045_seed12,2024-02-01,-0.04051253126403925,0.05775014618430114,True
e2c_k21045_seed12,2024-02-02,0.010386734952491318,0.05459968035098704,True
e2c_k21045_seed12,2024-02-05,0.11508017360423085,0.08785112852423756,True
e2c_k21045_seed12,2024-02-06,0.019038437379201596,0.012718629656633429,True
e2c_k21045_seed12,2024-02-07,0.11380113828534501,0.05201539937817211,True
e2c_k21045_seed12,2024-02-08,-0.08606566097961914,-0.06515382715897772,False
e2c_k21045_seed12,2024-02-19,-0.0284176922609764,-0.03347145871786962,False
e2c_k21045_seed12,2024-02-20,0.005361847227770388,-0.0651143207508228,False
e2c_k21045_seed12,2024-02-21,0.04561298452843291,0.012653024205646598,False
e2c_k21045_seed12,2024-02-22,0.0893916340184795,0.03687564807245048,False
e2c_k21045_seed12,2024-02-23,0.10986485420999025,0.04718286776652615,False
e2c_k21045_seed12,2024-02-26,0.06909566487212773,-0.06892708904934679,False
e2c_k21045_seed12,2024-02-27,-0.07142211456396531,0.09666996375047929,True
e2c_k21045_seed12,2024-02-28,0.14625605958144824,0.15314481765434693,False
e2c_k21045_seed12,2024-02-29,0.060169491736441684,0.006407409098520953,False
e2c_k21045_seed12,2024-03-01,-0.032055639364325976,-0.016049821757330992,False
e2c_k21045_seed12,2024-03-04,0.00155030133138587,0.13806649918053213,False
e2c_k21045_seed12,2024-03-05,0.03569481330445407,0.06865732512358277,False
e2c_k21045_seed12,2024-03-06,0.0012684007527190469,0.12779326626901674,False
e2c_k21045_seed12,2024-03-07,0.06722991904218516,0.06624466455256797,False
e2c_k21045_seed12,2024-03-08,0.0881560267798568,0.016338206209055413,False
e2c_k21045_seed12,2024-03-11,-0.04605474856421527,-0.05400077313219141,False
e2c_k21045_seed12,2024-03-12,-0.009665874408302818,-0.030480793397557708,False
e2c_k21045_seed12,2024-03-13,0.09368475791807208,0.20018640418346526,False
e2c_k21045_seed12,2024-03-14,0.05890280528513312,0.06067302940685556,False
e2c_k21045_seed12,2024-03-15,0.011411672281837166,-0.012425071864198653,False
e2c_k21045_seed12,2024-03-18,0.09674465135126428,0.12384800776166699,False
e2c_k21045_seed12,2024-03-19,-0.0006661988940389547,0.002071461550485098,False
e2c_k21045_seed12,2024-03-20,0.0630852632538217,0.13783529674368572,False
e2c_k21045_seed12,2024-03-21,-0.06801671670678937,-0.06310822420583836,True
e2c_k21045_seed12,2024-03-22,0.08015582719951797,0.16225241969691698,False
e2c_k21045_seed12,2024-03-25,-0.04062333212919296,-0.05116827508396882,False
e2c_k21045_seed12,2024-03-26,0.01038262443184875,0.14112565101141922,False
e2c_k21045_seed12,2024-03-27,-0.08066571542754271,-0.04393621544389523,False
e2c_k21045_seed12,2024-03-28,0.0442559796909849,0.06770914231868053,False
e2c_k21045_seed12,2024-03-29,0.07230528500780778,0.07617163179460748,False
e2c_k21045_seed12,2024-04-01,0.13615434642293037,0.25267796785186886,True
e2c_k21045_seed12,2024-04-02,0.11021929100258197,0.16338005989254895,False
e2c_k21045_seed12,2024-04-03,-0.002669967294739715,0.07721196930751563,False
e2c_k21045_seed12,2024-04-08,0.13699359179050363,0.14108257914205657,False
e2c_k21045_seed12,2024-04-09,0.06675180797633144,0.1338549978068076,False
e2c_k21045_seed12,2024-04-10,0.014078995527567851,0.058907184001647954,False
e2c_k21045_seed12,2024-04-11,0.030722946898259853,0.048658564504426,False
e2c_k21045_seed12,2024-04-12,-0.044476539018924795,-0.04098274378577556,True
e2c_k21045_seed12,2024-04-15,-0.060028630293526945,-0.0561149400472852,True
e2c_k21045_seed12,2024-04-16,-0.08712583308154578,-0.07435389331413841,True
e2c_k21045_seed12,2024-04-17,-0.07049361002838445,-0.03819571113350796,False
e2c_k21045_seed12,2024-04-18,0.0639038400335528,0.10052192551785749,True
e2c_k21045_seed12,2024-04-19,0.0668993615712675,0.04505737968355419,True
e2c_k21045_seed12,2024-04-22,0.02569696324750791,-0.03641176678912071,False
e2c_k21045_seed12,2024-04-23,0.08697834368824725,0.024918440820207194,True
e2c_k21045_seed12,2024-04-24,0.011241439657205674,0.01509374603918732,False
e2c_k21045_seed12,2024-04-25,0.07973287854147139,0.027256443792265897,True
e2c_k21045_seed12,2024-04-26,0.0740986456843595,0.07446807527171911,True
e2c_k21045_seed12,2024-04-29,0.05100324187303526,0.10027107641397508,True
e2c_k21045_seed12,2024-04-30,-0.04535748899478906,-0.04049412991000507,False
e2c_k21045_seed12,2024-05-06,0.03982619601602979,0.00913724587642729,False
e2c_k21045_seed12,2024-05-07,-0.018215829263990495,0.016133547246697338,False
e2c_k21045_seed12,2024-05-08,-0.021301701357458125,-0.019153684342543636,False
e2c_k21045_seed12,2024-05-09,0.10265031782868478,0.19993050904757648,False
e2c_k21045_seed12,2024-05-10,-0.03135273764424327,-0.0226092421059123,True
e2c_k21045_seed12,2024-05-13,0.007219358376794699,0.025549687473362587,False
e2c_k21045_seed12,2024-05-14,0.06725510890476356,0.10214495105964627,False
e2c_k21045_seed12,2024-05-15,0.08750100027400903,0.08749463367230159,True
e2c_k21045_seed12,2024-05-16,0.04138127829678172,0.032540353522616396,False
e2c_k21045_seed12,2024-05-17,-0.02463597312973365,0.009244297733752313,False
e2c_k21045_seed12,2024-05-20,0.07516387601236188,0.09844672805572581,False
e2c_k21045_seed12,2024-05-21,0.0884165349306945,0.08148214783508703,False
e2c_k21045_seed12,2024-05-22,-0.0052111260031940075,0.04687628823741483,False
e2c_k21045_seed12,2024-05-23,0.10041056054920995,0.14941902419805345,False
e2c_k21045_seed12,2024-05-24,0.03008717211160508,0.032185677835068156,False
e2c_k21045_seed12,2024-05-27,-0.04218889829814383,-0.055203574930607235,False
e2c_k21045_seed12,2024-05-28,0.0009961340680754904,-0.0028243766997619927,False
e2c_k21045_seed12,2024-05-29,0.023145376730074448,0.03467858220548081,False
e2c_k21045_seed12,2024-05-30,0.0881443025895449,0.042524718684880565,False
e2c_k21045_seed12,2024-05-31,-0.13847749939390638,-0.11606262929004024,False
e2c_k21045_seed12,2024-06-03,-0.0237667020548147,0.05420211762125966,False
e2c_k21045_seed12,2024-06-04,0.06540202702495916,0.036991127286619754,False
e2c_k21045_seed12,2024-06-05,0.03780842443865244,0.0972675166225888,True
e2c_k21045_seed12,2024-06-06,0.191671004220335,0.23938575102441492,False
e2c_k21045_seed12,2024-06-07,-0.10410666693129841,-0.18055032300738139,True
e2c_k21045_seed12,2024-06-11,0.026908404651298786,0.01700593509516133,False
e2c_k21045_seed12,2024-06-12,0.020829327322351567,-0.014743894663601792,True
e2c_k21045_seed12,2024-06-13,0.028245432791588535,0.06837904565888951,False
e2c_k21045_seed12,2024-06-14,-0.012070594163069054,-0.06380213504169954,False
e2c_k21045_seed12,2024-06-17,-0.02903895956903762,-0.021397265455270136,False
e2c_k21045_seed12,2024-06-18,0.07214650637947215,0.10470233783090122,False
e2c_k21045_seed12,2024-06-19,0.12159223277437212,0.09180482711340267,False
e2c_k21045_seed12,2024-06-20,0.06363260315236238,0.06999535611590875,False
e2c_k21045_seed12,2024-06-21,-0.008352375901322831,0.033600865442753675,False
e2c_k21045_seed12,2024-06-24,0.1504225578323351,0.16220715981754158,False
e2c_k21045_seed12,2024-06-25,0.15240468702934248,0.131932521926724,False
e2c_k21045_seed12,2024-06-26,0.04021149389995414,0.05483671799626447,False
e2c_k21045_seed12,2024-06-27,-0.011280883133473009,0.007465027161090048,False
e2c_k21045_seed12,2024-06-28,0.10834297479114706,0.1650153521240502,False
e2c_k21045_seed12,2024-07-01,0.11297570872855872,0.1499927228209443,False
e2c_k21045_seed12,2024-07-02,0.03772629490192309,0.05416825758683717,False
e2c_k21045_seed12,2024-07-03,0.042579944381484124,0.0845705126939816,False
e2c_k21045_seed12,2024-07-04,0.08823242032465275,0.07817723113449476,False
e2c_k21045_seed12,2024-07-05,0.025465602383357325,0.05611387750525957,False
e2c_k21045_seed12,2024-07-08,-0.08278313471242472,-0.0873827206304532,True
e2c_k21045_seed12,2024-07-09,-0.029428379109084093,-0.13374038359457974,False
e2c_k21045_seed12,2024-07-10,0.08615369985058632,0.0868543025228715,False
e2c_k21045_seed12,2024-07-11,0.014248998763885112,0.031355285776198935,False
e2c_k21045_seed12,2024-07-12,0.01027496129314613,0.10582220173934312,False
e2c_k21045_seed12,2024-07-15,-0.04232974282328487,-0.06962559355540003,False
e2c_k21045_seed12,2024-07-16,0.09703203720990679,0.1554947337855314,False
e2c_k21045_seed12,2024-07-17,0.08920663018539397,0.07827770830651846,False
e2c_k21045_seed12,2024-07-18,0.034245571460096304,0.002099097421428549,False
e2c_k21045_seed12,2024-07-19,0.008013220741599629,0.0009632507291619278,False
e2c_k21045_seed12,2024-07-22,0.02848637539714782,0.11542775158798577,False
e2c_k21045_seed12,2024-07-23,0.13775073816478833,0.16603348639807833,False
e2c_k21045_seed12,2024-07-24,0.058124403092458116,0.05423213295435058,False
e2c_k21045_seed12,2024-07-25,0.068869132174401,0.059681497062781245,False
e2c_k21045_seed12,2024-07-26,0.03322063143767545,0.09085424941551867,False
e2c_k21045_seed12,2024-07-29,0.07745099685460388,0.07294405465982286,False
e2c_k21045_seed12,2024-07-30,-0.013132941517050136,-0.09773172129091294,False
e2c_k21045_seed12,2024-07-31,0.06944597303741086,0.1366403147536901,False
e2c_k21045_seed12,2024-08-01,0.0354467902359563,0.07596894757270586,False
e2c_k21045_seed12,2024-08-02,0.03869457103711107,0.04836374735828435,False
e2c_k21045_seed12,2024-08-05,-0.01032179662072519,-0.011213844789944274,False
e2c_k21045_seed12,2024-08-06,0.06211429340865155,0.0864288362733833,False
e2c_k21045_seed12,2024-08-07,0.10076244928259441,0.14732895580120642,False
e2c_k21045_seed12,2024-08-08,0.0961630866315975,0.1504268615711044,False
e2c_k21045_seed12,2024-08-09,0.009386463756027008,0.03357933043320905,False
e2c_k21045_seed12,2024-08-12,0.05177257560412386,0.03876428008928101,False
e2c_k21045_seed12,2024-08-13,0.05581772321937951,0.1450119304866244,False
e2c_k21045_seed12,2024-08-14,0.04185352654973163,0.04425676786370886,False
e2c_k21045_seed12,2024-08-15,0.011345769407744033,0.019856663365599072,False
e2c_k21045_seed12,2024-08-16,0.04865721874940307,0.1270859247976227,False
e2c_k21045_seed12,2024-08-19,0.07207448888577084,0.1337050159191271,False
e2c_k21045_seed12,2024-08-20,-0.0027004225554290153,-0.02381918284764667,False
e2c_k21045_seed12,2024-08-21,0.09621130654686809,0.15940080054568473,False
e2c_k21045_seed12,2024-08-22,0.018404711022994222,0.023106846803038514,False
e2c_k21045_seed12,2024-08-23,0.09221865896891698,0.13657170311802902,False
e2c_k21045_seed12,2024-08-26,0.1318773348239931,0.18251901658319145,False
e2c_k21045_seed12,2024-08-27,0.0155509752832098,-0.009521805892525253,False
e2c_k21045_seed12,2024-08-28,0.017465054661159957,-0.0134400468672589,False
e2c_k21045_seed12,2024-08-29,-0.06307654107953475,-0.15462583588053008,False
e2c_k21045_seed12,2024-08-30,0.03355215000729288,0.13808766717102186,False
e2c_k21045_seed12,2024-09-02,-0.034703336489678764,-0.07548114648415336,False
e2c_k21045_seed12,2024-09-03,-0.11831726174408187,-0.18367746729401105,False
e2c_k21045_seed12,2024-09-04,0.04364066815059928,0.043699939335078646,False
e2c_k21045_seed12,2024-09-05,0.0399588397067403,0.1284616343855148,False
e2c_k21045_seed12,2024-09-06,-0.029499863252337152,-0.02787594639657987,False
e2c_k21045_seed12,2024-09-09,0.0009404110899364651,-0.04452386354530675,False
e2c_k21045_seed12,2024-09-10,-0.08815821219252813,-0.17369082468326053,False
e2c_k21045_seed12,2024-09-11,0.11757695156622652,0.12982691870602703,False
e2c_k21045_seed12,2024-09-12,0.13291538101574177,0.192118443576668,False
e2c_k21045_seed12,2024-09-13,0.04966301576667771,0.06013522761783476,False
e2c_k21045_seed12,2024-09-18,0.15083079012519915,0.21995822350368688,False
e2c_k21045_seed12,2024-09-19,0.0666085405963356,0.09990861624337255,False
e2c_k21045_seed12,2024-09-20,-0.00012373214823111598,0.010530594805203455,False
e2c_k21045_seed12,2024-09-23,0.10567069512959205,0.04794242887330377,True
e2c_k21045_seed12,2024-09-24,0.136345706024675,0.1893757555574194,False
e2c_k21045_seed12,2024-09-25,0.05937937154946203,0.02235241725931522,True
e2c_k21045_seed12,2024-09-26,0.020262737302148125,-0.02823177846654555,True
e2c_k21045_seed12,2024-09-27,0.23424077543134342,0.18323476091288143,True
e2c_k21045_seed12,2024-09-30,0.020534736539010556,0.0312355820568183,True
e2c_k21045_seed12,2024-10-08,0.12004805105886561,0.13241031699710343,True
e2c_k21045_seed12,2024-10-09,0.024240769731168735,0.0888765322723097,True
e2c_k21045_seed12,2024-10-10,-0.005904859605459417,0.04855882483512127,True
e2c_k21045_seed12,2024-10-11,-0.020283252299336647,-0.01698956055736857,True
e2c_k21045_seed12,2024-10-14,-0.06650289567538308,-0.039081591881789376,False
e2c_k21045_seed12,2024-10-15,0.0700063101777697,0.08314692410218794,True
e2c_k21045_seed12,2024-10-16,0.12057482444864205,0.11078531238551816,False
e2c_k21045_seed12,2024-10-17,0.04887732501832423,-0.031098870010087352,True
e2c_k21045_seed12,2024-10-18,-0.022914037526151308,-0.057073912873980504,True
e2c_k21045_seed12,2024-10-21,-0.006651658177674449,0.06931967566981768,True
e2c_k21045_seed12,2024-10-22,0.06331309830184574,0.07280540495147135,True
e2c_k21045_seed12,2024-10-23,-0.01837559072043127,0.01417600618372414,True
e2c_k21045_seed12,2024-10-24,0.06408263849402367,0.0827389078856509,True
e2c_k21045_seed12,2024-10-25,0.043431558640611656,0.07322887692510298,True
e2c_k21045_seed12,2024-10-28,-0.005736378478602788,0.04976642506364932,True
e2c_k21045_seed12,2024-10-29,0.042250330279790804,0.0648270374212244,True
e2c_k21045_seed12,2024-10-30,0.026343788640426448,-0.0003521189173098191,True
e2c_k21045_seed12,2024-10-31,0.10457454892888697,0.1743559679757208,True
e2c_k21045_seed12,2024-11-01,0.017213928919703313,-0.012150611511720194,True
e2c_k21045_seed12,2024-11-04,0.04322822471108291,-0.05336395251667512,True
e2c_k21045_seed12,2024-11-05,0.017341303279276774,0.053207554451917646,True
e2c_k21045_seed12,2024-11-06,0.0935251239240063,0.1410606517501612,True
e2c_k21045_seed12,2024-11-07,0.026223439449776544,0.02035748318076901,True
e2c_k21045_seed12,2024-11-08,0.049135700366500126,-0.05018022913474618,True
e2c_k21045_seed12,2024-11-11,-0.036567249043345434,0.10882342195938681,True
e2c_k21045_seed12,2024-11-12,0.034384315753069536,0.05627272073859209,False
e2c_k21045_seed12,2024-11-13,0.02815839020168423,0.18006983502164386,False
e2c_k21045_seed12,2024-11-14,-0.009029129133800497,0.03154067899305622,True
e2c_k21045_seed12,2024-11-15,0.07736519039119763,0.1342665304486599,True
e2c_k21045_seed12,2024-11-18,-0.024856101065091736,-0.06204668750983932,False
e2c_k21045_seed12,2024-11-19,0.04646571738713597,-0.0009621191526187615,True
e2c_k21045_seed12,2024-11-20,0.03464011666749749,0.05868542347414378,False
e2c_k21045_seed12,2024-11-21,-0.01386483569153087,0.02477902076670552,True
e2c_k21045_seed12,2024-11-22,-0.002552193088153693,0.0013197316166712555,True
e2c_k21045_seed12,2024-11-25,0.060273265292292,0.19543079475037334,False
e2c_k21045_seed12,2024-11-26,-0.10382969674316138,-0.1779741752824638,True
e2c_k21045_seed12,2024-11-27,0.0692674325166496,0.1715374839257302,False
e2c_k21045_seed12,2024-11-28,0.008951680750968763,-0.011956694431730409,False
e2c_k21045_seed12,2024-11-29,0.07810872863695352,0.05839119500369383,False
e2c_k21045_seed12,2024-12-02,0.041475840792071214,0.0942528871902828,False
e2c_k21045_seed12,2024-12-03,0.03910780954297415,0.06173000845460004,False
e2c_k21045_seed12,2024-12-04,0.05269171496660039,0.023894562346094352,True
e2c_k21045_seed12,2024-12-05,0.155469074054288,0.25993985838957795,False
e2c_k21045_seed12,2024-12-06,-0.009217007373787353,-0.0031269698680618098,False
e2c_k21045_seed12,2024-12-09,-0.014932512561113557,0.004908540116041127,False
e2c_k21045_seed12,2024-12-10,0.010048883646656273,0.020455007768719276,False
e2c_k21045_seed12,2024-12-11,-0.027424710465245576,0.049283856909069404,False
e2c_k21045_seed12,2024-12-12,-0.001761582892912639,0.011511786886066242,True
e2c_k21045_seed12,2024-12-13,0.08177450928241979,0.14887504465824797,False
e2c_k21045_seed12,2024-12-16,-0.026883347286552138,0.004096591259307803,False
e2c_k21045_seed12,2024-12-17,-0.02742564209444292,-0.026375541896663367,True
e2c_k21045_seed12,2024-12-18,-0.023263406870742936,-0.03640142943230918,False
e2c_k21045_seed12,2024-12-19,-0.10178579263526767,-0.18195289376277818,False
e2c_k21045_seed12,2024-12-20,0.023326727440525823,0.09029906870161514,False
e2c_k21045_seed12,2024-12-23,-0.03327122485526922,-0.05070747020195692,False
e2c_k21045_seed12,2024-12-24,-0.0015737814642396027,0.06609871389492324,False
e2c_k21045_seed12,2024-12-25,-0.03296981313656375,-0.07789175899549164,False
e2c_k21045_seed12,2024-12-26,0.11825201600295139,0.2672902452441626,False
e2c_k21045_seed12,2024-12-27,0.054747280578290716,0.06517806866473884,False
e3_stats_only,2024-01-02,0.07972904681736849,0.097322024120764,False
e3_stats_only,2024-01-03,0.10030578194774543,0.11691974905760727,False
e3_stats_only,2024-01-04,0.14325914497165643,0.22130614392906287,False
e3_stats_only,2024-01-05,0.04437100205117858,0.06109949378266651,False
e3_stats_only,2024-01-08,0.021484372079133694,0.029673450821357583,False
e3_stats_only,2024-01-09,0.12549900559662508,0.11135812515335565,False
e3_stats_only,2024-01-10,-0.032505829595905984,-0.001063993122700119,False
e3_stats_only,2024-01-11,0.18793996276318053,0.18199332879899857,False
e3_stats_only,2024-01-12,-0.019322600227776557,0.0015537116895263888,False
e3_stats_only,2024-01-15,0.04868701173940722,0.05840372393674684,False
e3_stats_only,2024-01-16,0.1685912409329336,0.25038857001217,False
e3_stats_only,2024-01-17,-0.020393920338170966,-0.004099349243293076,False
e3_stats_only,2024-01-18,0.11704613137015325,0.17324227842126705,False
e3_stats_only,2024-01-19,-0.021508858655525133,-0.0034901038443707236,False
e3_stats_only,2024-01-22,0.03840851695601439,0.0538492818398271,False
e3_stats_only,2024-01-23,0.0864954380822783,0.15437072587448658,False
e3_stats_only,2024-01-24,0.13325745044424883,0.15235850678304017,False
e3_stats_only,2024-01-25,0.1860346759857538,0.29691859108661356,False
e3_stats_only,2024-01-26,0.1537271252427361,0.1627169539586121,False
e3_stats_only,2024-01-29,-0.027164173483277407,-0.017053081815681277,False
e3_stats_only,2024-01-30,-0.019275976514340838,0.01312507236945992,False
e3_stats_only,2024-01-31,0.02110726293032017,-1.9372081218934112e-05,False
e3_stats_only,2024-02-01,-0.08488516022572035,0.031906593423110426,True
e3_stats_only,2024-02-02,-0.025907916129639417,0.014660512591753308,True
e3_stats_only,2024-02-05,0.049207360950419374,0.011998472554147408,True
e3_stats_only,2024-02-06,-0.025035198067273386,-0.03275031943138524,True
e3_stats_only,2024-02-07,0.11898555804600369,0.00831959179215967,True
e3_stats_only,2024-02-08,-0.076657646525781,-0.05139523795916742,False
e3_stats_only,2024-02-19,-0.07844261503351702,-0.08427626530631743,False
e3_stats_only,2024-02-20,0.015224015507618005,-0.06701230206933251,False
e3_stats_only,2024-02-21,0.10354658649561356,0.07950208435852674,False
e3_stats_only,2024-02-22,0.082573658923245,0.019998817157804414,False
e3_stats_only,2024-02-23,0.04376135842610825,-0.022622207448999402,False
e3_stats_only,2024-02-26,0.01660483949408182,-0.12707782495183523,False
e3_stats_only,2024-02-27,0.11731127479636409,0.3100661129948426,True
e3_stats_only,2024-02-28,0.2885462787533356,0.29602051330420986,False
e3_stats_only,2024-02-29,-0.07626521879766922,-0.14621384490562275,False
e3_stats_only,2024-03-01,-0.04816985684043185,-0.029875301342481952,False
e3_stats_only,2024-03-04,-0.010278178105421906,0.1356317426514645,False
e3_stats_only,2024-03-05,0.0648303163791626,0.09638694150209758,False
e3_stats_only,2024-03-06,-0.0015972020166228676,0.11666776122296066,False
e3_stats_only,2024-03-07,0.11699670595558517,0.11622001465694193,False
e3_stats_only,2024-03-08,0.05851579694352049,-0.022190446728939467,False
e3_stats_only,2024-03-11,-0.0051208251093389666,-0.016500443408027553,False
e3_stats_only,2024-03-12,-0.05098562006637142,-0.07560664548792531,False
e3_stats_only,2024-03-13,0.04591319927546106,0.12121489744634158,False
e3_stats_only,2024-03-14,0.06456863937172233,0.06643163778733423,False
e3_stats_only,2024-03-15,-0.028135000953107874,-0.05474772030624744,False
e3_stats_only,2024-03-18,0.06939368642728344,0.10160682188661256,False
e3_stats_only,2024-03-19,0.014211070896963551,0.016525825796814345,False
e3_stats_only,2024-03-20,0.05643703276501072,0.1326863037350502,False
e3_stats_only,2024-03-21,-0.009071032377261133,-0.004170400783449739,True
e3_stats_only,2024-03-22,0.042488323243967174,0.11509302436386878,False
e3_stats_only,2024-03-25,-0.044819655004767825,-0.06012124789945688,False
e3_stats_only,2024-03-26,0.045335647536169386,0.16933381044992474,False
e3_stats_only,2024-03-27,0.11347547339039872,0.14962254938440428,False
e3_stats_only,2024-03-28,0.046510264649619985,0.07837184230319666,False
e3_stats_only,2024-03-29,0.02856671119451878,0.03268211813364121,False
e3_stats_only,2024-04-01,0.20041028227551969,0.3125138729550774,True
e3_stats_only,2024-04-02,0.13128081648673565,0.18272135749630275,False
e3_stats_only,2024-04-03,0.006464737628390506,0.08143552165501126,False
e3_stats_only,2024-04-08,0.1272982629757421,0.1299587045892906,False
e3_stats_only,2024-04-09,0.0862412906600374,0.1619702817799148,False
e3_stats_only,2024-04-10,-0.012976245389827258,0.024812544395367155,False
e3_stats_only,2024-04-11,0.026142169553599215,0.041419696603015116,False
e3_stats_only,2024-04-12,-0.07399560109494209,-0.07057539358515572,True
e3_stats_only,2024-04-15,-0.044379825968776855,-0.0408440580734569,True
e3_stats_only,2024-04-16,0.10183965678183472,0.11397484551609322,True
e3_stats_only,2024-04-17,-0.08861029976266231,-0.048617782973371146,False
e3_stats_only,2024-04-18,-0.09618552123025632,-0.07269226840378928,True
e3_stats_only,2024-04-19,0.07711425076347436,0.05727826685321649,True
e3_stats_only,2024-04-22,0.009914345907129635,-0.04432804129661284,False
e3_stats_only,2024-04-23,0.06559960082079344,0.011998973068819816,True
e3_stats_only,2024-04-24,0.051929400000069494,0.05626932593093192,False
e3_stats_only,2024-04-25,0.07011488127567375,0.02193109547578187,True
e3_stats_only,2024-04-26,0.13298831555668042,0.13335117569120503,True
e3_stats_only,2024-04-29,0.0400656075868566,0.09113456703935453,True
e3_stats_only,2024-04-30,-0.01998848429082742,-0.015945461418283926,False
e3_stats_only,2024-05-06,0.07465418004462954,0.045183657513339345,False
e3_stats_only,2024-05-07,-0.029938483591442952,-0.003196986236103005,False
e3_stats_only,2024-05-08,-0.020351655621576942,-0.018101572718990117,False
e3_stats_only,2024-05-09,0.07543867631476711,0.1719365283344302,False
e3_stats_only,2024-05-10,-0.04460329765403097,-0.03723557378211832,True
e3_stats_only,2024-05-13,0.045771149039999855,0.061443132312018894,False
e3_stats_only,2024-05-14,0.07397077770630467,0.11520956673880382,False
e3_stats_only,2024-05-15,0.0501064858126762,0.05011487784375306,True
e3_stats_only,2024-05-16,0.04665654285323541,0.03653912896852321,False
e3_stats_only,2024-05-17,-0.05158287668084677,-0.024740483698566088,False
e3_stats_only,2024-05-20,0.020552395812983928,0.03861154253251692,False
e3_stats_only,2024-05-21,0.09338049063999461,0.0870260790857566,False
e3_stats_only,2024-05-22,-0.03905511485006864,0.00853909199099847,False
e3_stats_only,2024-05-23,-0.003800857987074467,0.03331009204731252,False
e3_stats_only,2024-05-24,0.042908413146127145,0.04531796212676729,False
e3_stats_only,2024-05-27,-0.03295573896287709,-0.04568833234708146,False
e3_stats_only,2024-05-28,0.007270230742368386,0.0034712778880537274,False
e3_stats_only,2024-05-29,0.047226262176362416,0.05737984941171526,False
e3_stats_only,2024-05-30,0.11962728199021688,0.08887007855046743,False
e3_stats_only,2024-05-31,-0.11749319802663691,-0.09240805614504952,False
e3_stats_only,2024-06-03,0.01229256218318803,0.0875464246904304,False
e3_stats_only,2024-06-04,-0.03735498372140513,-0.07304189532970921,False
e3_stats_only,2024-06-05,-0.1067166174300317,-0.06517710885019018,True
e3_stats_only,2024-06-06,0.17914255113411517,0.21762855647383622,False
e3_stats_only,2024-06-07,-0.03298841978192054,-0.09583667742434782,True
e3_stats_only,2024-06-11,-0.019666674783278545,-0.029169504654438867,False
e3_stats_only,2024-06-12,0.0165596809040933,-0.01653559774017541,True
e3_stats_only,2024-06-13,0.0019155500052963296,0.031220583677130067,False
e3_stats_only,2024-06-14,-0.09720090863344018,-0.14579581704859057,False
e3_stats_only,2024-06-17,0.03423673660477021,0.04267987500095125,False
e3_stats_only,2024-06-18,0.05236827367982201,0.08820766258363441,False
e3_stats_only,2024-06-19,0.057027324950080345,0.03007604339950352,False
e3_stats_only,2024-06-20,0.02575127310651056,0.031023296055493383,False
e3_stats_only,2024-06-21,-0.024767460710935555,0.017441131284731706,False
e3_stats_only,2024-06-24,0.020991024934110376,0.03081227779705015,False
e3_stats_only,2024-06-25,0.0874033917901477,0.06559880643910115,False
e3_stats_only,2024-06-26,0.0055786056975018665,0.019989592817174336,False
e3_stats_only,2024-06-27,0.004353506426109927,0.02897167254133774,False
e3_stats_only,2024-06-28,0.05045198318644259,0.10481819870016569,False
e3_stats_only,2024-07-01,0.13040372139425688,0.16398305800548418,False
e3_stats_only,2024-07-02,0.0970676422636837,0.11141550111342544,False
e3_stats_only,2024-07-03,-0.028051074844804576,0.011335652735401937,False
e3_stats_only,2024-07-04,0.00566163646935047,-0.002935885007516599,False
e3_stats_only,2024-07-05,-0.05784275097025562,-0.031568887480025724,False
e3_stats_only,2024-07-08,0.025290958466491032,0.020887797376338023,True
e3_stats_only,2024-07-09,-0.02061399446592819,-0.11264377699517578,False
e3_stats_only,2024-07-10,0.12438449676690831,0.12470595803868359,False
e3_stats_only,2024-07-11,0.03453224768717778,0.05012027934004033,False
e3_stats_only,2024-07-12,-0.07150588243400872,0.007736546978192649,False
e3_stats_only,2024-07-15,-0.09507752639040105,-0.12035328757830752,False
e3_stats_only,2024-07-16,0.11938000670670959,0.17205946229217053,False
e3_stats_only,2024-07-17,0.012221969206875485,0.001304047370034771,False
e3_stats_only,2024-07-18,0.02537717182029059,0.002532867616135528,False
e3_stats_only,2024-07-19,0.009519306842153031,0.002131821475987437,False
e3_stats_only,2024-07-22,0.17261822725932308,0.2596220034015721,False
e3_stats_only,2024-07-23,-0.00360166907681657,0.021044415296270384,False
e3_stats_only,2024-07-24,0.07784424355186778,0.07407732197091346,False
e3_stats_only,2024-07-25,0.02987048232259756,0.02165295924998773,False
e3_stats_only,2024-07-26,0.08562897126703879,0.14940499442611302,False
e3_stats_only,2024-07-29,0.12555987480063838,0.12190649346816965,False
e3_stats_only,2024-07-30,-0.018337749910837337,-0.0998074285366844,False
e3_stats_only,2024-07-31,0.0710216549505955,0.15280990497525962,False
e3_stats_only,2024-08-01,0.012969379939143892,0.05276955626139941,False
e3_stats_only,2024-08-02,-0.0038632636816152916,0.004127159950574181,False
e3_stats_only,2024-08-05,-0.012711332472056315,-0.013324437374406613,False
e3_stats_only,2024-08-06,-0.008626764081928275,0.01674990673294536,False
e3_stats_only,2024-08-07,0.05139322357076971,0.08898688641252216,False
e3_stats_only,2024-08-08,0.08650895317311287,0.12839711039900464,False
e3_stats_only,2024-08-09,-0.06702999610882601,-0.048443844256323615,False
e3_stats_only,2024-08-12,0.03267955564302793,0.020367636104981733,False
e3_stats_only,2024-08-13,0.0413884498695131,0.13465085276193287,False
e3_stats_only,2024-08-14,0.05988644747454026,0.06191237288091301,False
e3_stats_only,2024-08-15,-0.017575081257123766,-0.009280807561785256,False
e3_stats_only,2024-08-16,0.0878014351408556,0.13362101634162804,False
e3_stats_only,2024-08-19,0.04209904639261693,0.09917943379481647,False
e3_stats_only,2024-08-20,-0.07057805340202362,-0.08487243740637396,False
e3_stats_only,2024-08-21,-0.01722926639021829,0.034019215877520305,False
e3_stats_only,2024-08-22,-0.029813762970714072,-0.025704265165493203,False
e3_stats_only,2024-08-23,0.11581177550678465,0.15518083998819676,False
e3_stats_only,2024-08-26,0.05265603371380195,0.10251955019461619,False
e3_stats_only,2024-08-27,0.02624665834113736,0.006228439910118691,False
e3_stats_only,2024-08-28,-0.005932579071634362,-0.03769532364688936,False
e3_stats_only,2024-08-29,0.012896901450488189,-0.06765306345428963,False
e3_stats_only,2024-08-30,-0.0013149075318672925,0.0693497949534992,False
e3_stats_only,2024-09-02,0.10350941448850705,0.07422686137739289,False
e3_stats_only,2024-09-03,-0.07019542577767199,-0.13137818996051437,False
e3_stats_only,2024-09-04,0.08234118938581736,0.08237530612223944,False
e3_stats_only,2024-09-05,0.1219121247822008,0.22894187570649957,False
e3_stats_only,2024-09-06,8.377809835548873e-05,0.0014919570406088042,False
e3_stats_only,2024-09-09,-0.07513429169960144,-0.11365355822560884,False
e3_stats_only,2024-09-10,-0.08423998616134507,-0.15815522463435577,False
e3_stats_only,2024-09-11,0.1763248193025187,0.18827097884401262,False
e3_stats_only,2024-09-12,0.050897669428388435,0.10437579526005725,False
e3_stats_only,2024-09-13,0.003660240091579999,0.01534983738446961,False
e3_stats_only,2024-09-18,0.13510853621209787,0.19850598608019243,False
e3_stats_only,2024-09-19,0.02279301262223906,0.054245808698995195,False
e3_stats_only,2024-09-20,0.08803485814523866,0.10235122792382612,False
e3_stats_only,2024-09-23,0.12812629649837926,0.07525512367221995,True
e3_stats_only,2024-09-24,0.1534646987715005,0.2173014935319351,False
e3_stats_only,2024-09-25,0.06857368450550665,0.03048113387629502,True
e3_stats_only,2024-09-26,-0.14900692006327232,-0.2454814433503295,True
e3_stats_only,2024-09-27,0.17112758055099342,0.1210331615394262,True
e3_stats_only,2024-09-30,-0.01962461962804244,-0.005491775124849342,True
e3_stats_only,2024-10-08,-0.035635692798467775,-0.022319639939805833,True
e3_stats_only,2024-10-09,-0.07869482156814425,-0.032158185297302834,True
e3_stats_only,2024-10-10,-0.10640980788280452,-0.07910040705038522,True
e3_stats_only,2024-10-11,0.04965128903538356,0.050931499168731305,True
e3_stats_only,2024-10-14,-0.024703566335980105,0.0001451491791140906,False
e3_stats_only,2024-10-15,0.05190965018776194,0.059839044225727445,True
e3_stats_only,2024-10-16,0.02898676063917952,0.01725168871927846,False
e3_stats_only,2024-10-17,0.09655134948361274,0.058627127384307684,True
e3_stats_only,2024-10-18,-0.0829375655205382,-0.12983505111602348,True
e3_stats_only,2024-10-21,0.02213596246288751,0.09459384264503162,True
e3_stats_only,2024-10-22,0.0377302152771153,0.046934678065630064,True
e3_stats_only,2024-10-23,0.028934818967522504,0.05317954166474056,True
e3_stats_only,2024-10-24,0.0951835129028207,0.11126247400312331,True
e3_stats_only,2024-10-25,0.08705184517005693,0.12289245424115774,True
e3_stats_only,2024-10-28,-0.05108232137075507,-0.005169124896987484,True
e3_stats_only,2024-10-29,-0.024139847262083187,-0.011357492213545557,True
e3_stats_only,2024-10-30,0.06856545464394909,0.03855400487491731,True
e3_stats_only,2024-10-31,0.09706120780729054,0.15887516539012045,True
e3_stats_only,2024-11-01,0.09396852548778376,0.07924554932706337,True
e3_stats_only,2024-11-04,-0.08093897579477057,-0.18248611411204596,True
e3_stats_only,2024-11-05,0.024354561487250095,0.06060168805445252,True
e3_stats_only,2024-11-06,0.08555174500355475,0.11211839322017662,True
e3_stats_only,2024-11-07,0.020448623468237937,0.014332984598680229,True
e3_stats_only,2024-11-08,0.07764851067421541,0.020789055953061526,True
e3_stats_only,2024-11-11,-0.018349689760064698,0.11936505732067176,True
e3_stats_only,2024-11-12,-0.004971344365732649,0.01931949754171343,False
e3_stats_only,2024-11-13,0.10856187432668178,0.23447958835064395,False
e3_stats_only,2024-11-14,-0.06738962581213605,-0.04406501811838541,True
e3_stats_only,2024-11-15,0.03127997728381313,0.08574977428727139,True
e3_stats_only,2024-11-18,0.023235286407472012,-0.014588742288080778,False
e3_stats_only,2024-11-19,0.02358199490705642,-0.01596114630743496,True
e3_stats_only,2024-11-20,-0.007845291351587435,0.013736129296475955,False
e3_stats_only,2024-11-21,0.01284194750023091,0.062395500685743586,True
e3_stats_only,2024-11-22,0.05359684004822488,0.05679342872004967,True
e3_stats_only,2024-11-25,0.11604336171620994,0.23398371098662987,False
e3_stats_only,2024-11-26,0.05449965209391378,0.009543419031222465,True
e3_stats_only,2024-11-27,0.13130610339389187,0.23048054845681362,False
e3_stats_only,2024-11-28,0.014722877152152083,0.001521313781458457,False
e3_stats_only,2024-11-29,0.023465259618610942,0.004555016497904963,False
e3_stats_only,2024-12-02,0.06749102241131635,0.11003148477949212,False
e3_stats_only,2024-12-03,-0.03501268738945872,-0.015969401811839413,False
e3_stats_only,2024-12-04,0.008044257709419229,-0.014489280575257822,True
e3_stats_only,2024-12-05,0.1729510391199354,0.27197552256297447,False
e3_stats_only,2024-12-06,-0.014676737274520003,-0.009549551268470641,False
e3_stats_only,2024-12-09,-0.0146585153849995,0.0024013768552371213,False
e3_stats_only,2024-12-10,-0.03038556722232062,-0.022695729870356843,False
e3_stats_only,2024-12-11,0.038785331638324046,0.09957188422413855,False
e3_stats_only,2024-12-12,-0.033570287726141367,-0.021232673081612117,True
e3_stats_only,2024-12-13,-0.010477363323583618,0.020542519880765032,False
e3_stats_only,2024-12-16,0.0016829394271583738,0.0398308624437164,False
e3_stats_only,2024-12-17,0.02469487956017201,0.025519937037145557,True
e3_stats_only,2024-12-18,-0.038322749454132075,-0.05129354783275402,False
e3_stats_only,2024-12-19,-0.01754944025695199,-0.0734591745516895,False
e3_stats_only,2024-12-20,0.09055877840807355,0.16910266075998956,False
e3_stats_only,2024-12-23,0.0056188869024624095,-0.005978741517788849,False
e3_stats_only,2024-12-24,0.04328211667443527,0.11231189863954033,False
e3_stats_only,2024-12-25,-0.00723022940178368,-0.0392342777104906,False
e3_stats_only,2024-12-26,0.08307984597849685,0.19978521587637504,False
e3_stats_only,2024-12-27,0.015621897816680087,0.0267589224510373,False
e3_seq_only,2024-01-02,0.16418477309533486,0.1878412628657224,False
e3_seq_only,2024-01-03,0.049301581329229585,0.06744229807425492,False
e3_seq_only,2024-01-04,0.15302311197947396,0.2483147863001504,False
e3_seq_only,2024-01-05,0.027262170866375172,0.04771498362968543,False
e3_seq_only,2024-01-08,0.09745977663117188,0.10713797499689667,False
e3_seq_only,2024-01-09,0.009310839993238965,-0.005965644296866118,False
e3_seq_only,2024-01-10,-0.15744976239681804,-0.13192709467546704,False
e3_seq_only,2024-01-11,0.23588760222918848,0.23077249648452897,False
e3_seq_only,2024-01-12,0.021522317136699526,0.048830078478618935,False
e3_seq_only,2024-01-15,-0.0013118673245720866,0.011065194602867501,False
e3_seq_only,2024-01-16,0.11286977562859932,0.21813307542246657,False
e3_seq_only,2024-01-17,-0.11264865499980152,-0.09878408752562468,False
e3_seq_only,2024-01-18,0.15014402862547543,0.22831039327129896,False
e3_seq_only,2024-01-19,0.0647468707152486,0.08263153895430458,False
e3_seq_only,2024-01-22,0.027393861975643377,0.041419860315136475,False
e3_seq_only,2024-01-23,0.1490699605993619,0.22213110904524153,False
e3_seq_only,2024-01-24,0.10063935988705472,0.12336292459994086,False
e3_seq_only,2024-01-25,0.23884492953781125,0.3649783181933764,False
e3_seq_only,2024-01-26,0.14086108486449914,0.151183437385513,False
e3_seq_only,2024-01-29,0.050005124006971886,0.06190849238127906,False
e3_seq_only,2024-01-30,0.0997418922784008,0.14572430600966252,False
e3_seq_only,2024-01-31,-0.06728681120137643,-0.09967901169328042,False
e3_seq_only,2024-02-01,-0.010300567170792243,0.11989704343552783,True
e3_seq_only,2024-02-02,0.05614016617605246,0.11229105650540076,True
e3_seq_only,2024-02-05,0.04768005897767139,0.016582727065100018,True
e3_seq_only,2024-02-06,0.011707789955685843,0.005493954565275802,True
e3_seq_only,2024-02-07,0.1334289482496042,0.0708124881079872,True
e3_seq_only,2024-02-08,-0.09003927640729067,-0.06799781009332512,False
e3_seq_only,2024-02-19,-0.016065985488040762,-0.021507483379026592,False
e3_seq_only,2024-02-20,0.0012958156456859171,-0.0750339184185876,False
e3_seq_only,2024-02-21,0.0409976250830421,0.006792842907853848,False
e3_seq_only,2024-02-22,0.05458181109657429,-0.0013913665267217894,False
e3_seq_only,2024-02-23,0.06401742469287604,-0.007390649581148,False
e3_seq_only,2024-02-26,0.04514269984152098,-0.11577582290935096,False
e3_seq_only,2024-02-27,-0.028139943880493023,0.16733186746757192,True
e3_seq_only,2024-02-28,0.15954070444567844,0.1677952461338269,False
e3_seq_only,2024-02-29,0.0235968698443068,-0.04225889189506336,False
e3_seq_only,2024-03-01,-0.06094924100586661,-0.04073525357877671,False
e3_seq_only,2024-03-04,-0.013787433836608843,0.13872478846826206,False
e3_seq_only,2024-03-05,0.03328410871498576,0.07134579871187441,False
e3_seq_only,2024-03-06,0.02186691871543011,0.1447925387056815,False
e3_seq_only,2024-03-07,0.03563117874958249,0.034571419976867586,False
e3_seq_only,2024-03-08,0.07732729515345854,-0.011549869334021887,False
e3_seq_only,2024-03-11,-0.08277272204332231,-0.09325152199053101,False
e3_seq_only,2024-03-12,-0.0045533658103052155,-0.030865808620741234,False
e3_seq_only,2024-03-13,0.11324593240753034,0.23299857368691407,False
e3_seq_only,2024-03-14,0.06558730023792479,0.0675257861982652,False
e3_seq_only,2024-03-15,0.033263289328800356,0.009170708027920344,False
e3_seq_only,2024-03-18,0.05408923744797851,0.08797490258076118,False
e3_seq_only,2024-03-19,-0.01017665446640198,-0.0068413429256247256,False
e3_seq_only,2024-03-20,0.10330694911291353,0.18651881183729999,False
e3_seq_only,2024-03-21,-0.05727787617957845,-0.05215321852024308,True
e3_seq_only,2024-03-22,0.11592150382784179,0.2023669197125306,False
e3_seq_only,2024-03-25,-0.0639584390059619,-0.07728477323425055,False
e3_seq_only,2024-03-26,0.029754283787941493,0.16381864703259932,False
e3_seq_only,2024-03-27,-0.09802480896261694,-0.05287776705226176,False
e3_seq_only,2024-03-28,0.050181961171811874,0.07731321079614126,False
e3_seq_only,2024-03-29,0.12639527200886536,0.13075585774499676,False
e3_seq_only,2024-04-01,0.17314202615218433,0.304113012398848,True
e3_seq_only,2024-04-02,0.08206895902689076,0.14625243444088198,False
e3_seq_only,2024-04-03,-0.04087547802578858,0.04802240350536017,False
e3_seq_only,2024-04-08,0.15597028348599867,0.16022045865123036,False
e3_seq_only,2024-04-09,0.08708820494431795,0.16549547972493975,False
e3_seq_only,2024-04-10,-0.0020863045995355945,0.04485828964290316,False
e3_seq_only,2024-04-11,0.011753311974688149,0.026880723654666233,False
e3_seq_only,2024-04-12,-0.036464682700143976,-0.03255462231679091,True
e3_seq_only,2024-04-15,-0.09040097894435961,-0.08597838322829901,True
e3_seq_only,2024-04-16,0.013343338065379311,0.028704991646925495,True
e3_seq_only,2024-04-17,-0.07938183081281526,-0.042801674762786485,False
e3_seq_only,2024-04-18,0.10828702847925077,0.14719532601736343,True
e3_seq_only,2024-04-19,0.03248162895933523,0.00898559986997761,True
e3_seq_only,2024-04-22,0.001526809874922566,-0.06548577693505352,False
e3_seq_only,2024-04-23,0.09229267636276155,0.019144984772901122,True
e3_seq_only,2024-04-24,0.03651757538775469,0.04111059244939734,False
e3_seq_only,2024-04-25,0.09289803036986173,0.03387181159596027,True
e3_seq_only,2024-04-26,0.045470420478001795,0.04587553414379125,True
e3_seq_only,2024-04-29,0.0451880794343406,0.10050348120627312,True
e3_seq_only,2024-04-30,-0.045981858994835936,-0.040834236241117684,False
e3_seq_only,2024-05-06,0.04233068701920793,0.01052266552861432,False
e3_seq_only,2024-05-07,-0.018030400548590696,0.02003135195938224,False
e3_seq_only,2024-05-08,-0.043624043388768824,-0.041219778428222636,False
e3_seq_only,2024-05-09,0.15201512618356916,0.24935234117117017,False
e3_seq_only,2024-05-10,-0.053696062893349494,-0.0440313474534653,True
e3_seq_only,2024-05-13,0.0017499616751446324,0.019800067991252623,False
e3_seq_only,2024-05-14,0.08963601571632611,0.12448712028272667,False
e3_seq_only,2024-05-15,0.11063285018585955,0.11062321989255437,True
e3_seq_only,2024-05-16,0.030440240536420072,0.020898986229223405,False
e3_seq_only,2024-05-17,-0.025743257543825226,0.01489353301601527,False
e3_seq_only,2024-05-20,0.06928695897903195,0.09310848298907233,False
e3_seq_only,2024-05-21,0.09387242637395006,0.08702551299914117,False
e3_seq_only,2024-05-22,-0.008411870529103633,0.05029380900462239,False
e3_seq_only,2024-05-23,0.15902476880820823,0.20942642080308146,False
e3_seq_only,2024-05-24,0.020959334927720237,0.023240373402409427,False
e3_seq_only,2024-05-27,-0.06481504491515766,-0.0784463893719005,False
e3_seq_only,2024-05-28,0.03280744952369409,0.028815299434417335,False
e3_seq_only,2024-05-29,0.020932595269328867,0.03341360835631917,False
e3_seq_only,2024-05-30,0.003416872252707907,-0.041738552375783375,False
e3_seq_only,2024-05-31,-0.2030591596855413,-0.18141029655260263,False
e3_seq_only,2024-06-03,-0.06102426257443624,0.021506552679917978,False
e3_seq_only,2024-06-04,0.053213423967363754,0.020611120409469486,False
e3_seq_only,2024-06-05,0.003960403665474955,0.0633786792193686,True
e3_seq_only,2024-06-06,0.235805339575596,0.2864360020866783,False
e3_seq_only,2024-06-07,-0.11890412339612412,-0.20327459764592487,True
e3_seq_only,2024-06-11,0.01182081936957671,0.0001493466318757179,False
e3_seq_only,2024-06-12,-0.015253314778181287,-0.05174555376242653,True
e3_seq_only,2024-06-13,0.062118632681159504,0.10472856949835271,False
e3_seq_only,2024-06-14,-0.019710950849878766,-0.07468763461320986,False
e3_seq_only,2024-06-17,0.023885014470937688,0.033368753493301255,False
e3_seq_only,2024-06-18,0.06033208719186386,0.09421837959096488,False
e3_seq_only,2024-06-19,0.10897069720072171,0.07611209286729763,False
e3_seq_only,2024-06-20,0.06464248231869661,0.0701963648666711,False
e3_seq_only,2024-06-21,0.025486449575062277,0.07047071579338818,False
e3_seq_only,2024-06-24,0.16286583553377126,0.17492500440423123,False
e3_seq_only,2024-06-25,0.1841927556671296,0.1636604894800936,False
e3_seq_only,2024-06-26,0.028155752605618485,0.04549311017080465,False
e3_seq_only,2024-06-27,0.02532630228112118,0.04591094101542941,False
e3_seq_only,2024-06-28,0.12593860857239747,0.18583684946609336,False
e3_seq_only,2024-07-01,0.17015839011826608,0.2060002960461558,False
e3_seq_only,2024-07-02,0.09869670752811137,0.1157287777458372,False
e3_seq_only,2024-07-03,0.056441716425353075,0.10218498420215649,False
e3_seq_only,2024-07-04,0.10325185075828738,0.09208161865435127,False
e3_seq_only,2024-07-05,0.015691861354404955,0.04776104535723518,False
e3_seq_only,2024-07-08,-0.13277088619363578,-0.13794119999583118,True
e3_seq_only,2024-07-09,-0.07436837310751566,-0.18181876173872344,False
e3_seq_only,2024-07-10,0.12561567818248628,0.12647611851643936,False
e3_seq_only,2024-07-11,0.0424323504609912,0.06158467896178203,False
e3_seq_only,2024-07-12,0.023025334858302035,0.11966060122676862,False
e3_seq_only,2024-07-15,-0.06152658599455568,-0.0908689685696319,False
e3_seq_only,2024-07-16,0.16104380148365754,0.22327697548970205,False
e3_seq_only,2024-07-17,0.05142479605706845,0.041482461766124815,False
e3_seq_only,2024-07-18,-0.04573986213025436,-0.07797898162329597,False
e3_seq_only,2024-07-19,-0.020002939183591306,-0.028495051110359815,False
e3_seq_only,2024-07-22,0.060478311854447964,0.15356737019663858,False
e3_seq_only,2024-07-23,0.11149489399960896,0.14135999740638874,False
e3_seq_only,2024-07-24,0.07650866864714133,0.07226021585913585,False
e3_seq_only,2024-07-25,0.0862959316087862,0.07613974857303657,False
e3_seq_only,2024-07-26,0.07039267058599938,0.13475820046375622,False
e3_seq_only,2024-07-29,0.05426344316216491,0.04959458660410191,False
e3_seq_only,2024-07-30,-0.033203503848788146,-0.12336423890645855,False
e3_seq_only,2024-07-31,0.06399082952618838,0.1440940982016779,False
e3_seq_only,2024-08-01,0.13556116038800364,0.17762134246249436,False
e3_seq_only,2024-08-02,0.04805392027849195,0.05946359885613587,False
e3_seq_only,2024-08-05,0.015220260729255199,0.014337782399712437,False
e3_seq_only,2024-08-06,0.05626491868956975,0.08375453985586268,False
e3_seq_only,2024-08-07,0.13232018697487713,0.1805521979879373,False
e3_seq_only,2024-08-08,0.15744224243141056,0.21761327276423054,False
e3_seq_only,2024-08-09,-0.004267782826831295,0.021824504217201,False
e3_seq_only,2024-08-12,0.1088436971882027,0.0939922375016729,False
e3_seq_only,2024-08-13,0.09483163198964076,0.19066467424916406,False
e3_seq_only,2024-08-14,0.02485813124000505,0.027526785643977394,False
e3_seq_only,2024-08-15,-0.010177750453054196,8.187548431711064e-05,False
e3_seq_only,2024-08-16,0.06823422309711452,0.1585712344421999,False
e3_seq_only,2024-08-19,0.05999286302186348,0.12921391445044716,False
e3_seq_only,2024-08-20,0.013154214584695805,-0.010409744125846401,False
e3_seq_only,2024-08-21,0.06512229876444449,0.13804253288481372,False
e3_seq_only,2024-08-22,0.02653676600108958,0.03222902056512301,False
e3_seq_only,2024-08-23,0.1378487124255298,0.1903883042544923,False
e3_seq_only,2024-08-26,0.10752509404081827,0.16040480736875457,False
e3_seq_only,2024-08-27,0.021447368594737674,-0.005780332826570692,False
e3_seq_only,2024-08-28,-0.05654753987788473,-0.09105361063331674,False
e3_seq_only,2024-08-29,-0.08885512018187032,-0.1907319040690202,False
e3_seq_only,2024-08-30,0.08716773634949886,0.19592954129619558,False
e3_seq_only,2024-09-02,-0.04249279528880483,-0.08287929101895995,False
e3_seq_only,2024-09-03,-0.16267194580908986,-0.2343874072290189,False
e3_seq_only,2024-09-04,0.06829408315284324,0.0683013133609985,False
e3_seq_only,2024-09-05,0.05449371320701776,0.15461253274943465,False
e3_seq_only,2024-09-06,-0.016348742664811296,-0.0149043827165291,False
e3_seq_only,2024-09-09,-0.031035476297778603,-0.07778728762390244,False
e3_seq_only,2024-09-10,-0.10116819689599722,-0.19451708937690806,False
e3_seq_only,2024-09-11,0.20832541332370744,0.22361372809919783,False
e3_seq_only,2024-09-12,0.15744452764657343,0.22164019346747343,False
e3_seq_only,2024-09-13,-0.007234584695661747,0.003372566197938347,False
e3_seq_only,2024-09-18,0.15096979557927495,0.22115625313781778,False
e3_seq_only,2024-09-19,0.04245785673713961,0.07609138827927232,False
e3_seq_only,2024-09-20,0.011929472076777243,0.024790553699083655,False
e3_seq_only,2024-09-23,0.09354209486969492,0.03263587627267213,True
e3_seq_only,2024-09-24,0.12543911352342563,0.19125415611962196,False
e3_seq_only,2024-09-25,0.024095939589814444,-0.020865271685149973,True
e3_seq_only,2024-09-26,-0.05848113476217436,-0.12815801307119865,True
e3_seq_only,2024-09-27,0.21240649510020493,0.1654432076826139,True
e3_seq_only,2024-09-30,-0.0734862258319128,-0.061557042108703094,True
e3_seq_only,2024-10-08,0.006914426532402531,0.0197367754736021,True
e3_seq_only,2024-10-09,0.04924081305860961,0.11286624867873697,True
e3_seq_only,2024-10-10,0.003082377859137177,0.065936290947856,True
e3_seq_only,2024-10-11,-0.10636406861507902,-0.10185494730013701,True
e3_seq_only,2024-10-14,-0.03401929675511818,-0.005384181482554604,False
e3_seq_only,2024-10-15,0.08684783656479704,0.10516008155918094,True
e3_seq_only,2024-10-16,0.07872552067494144,0.06640655194568675,False
e3_seq_only,2024-10-17,-0.05919206499816584,-0.17545138039874947,True
e3_seq_only,2024-10-18,-0.05992488431186463,-0.10291746414829188,True
e3_seq_only,2024-10-21,0.010078091716989679,0.10175837306577742,True
e3_seq_only,2024-10-22,0.09201499512897834,0.10334846507098869,True
e3_seq_only,2024-10-23,0.035525083076236495,0.07135648144466405,True
e3_seq_only,2024-10-24,0.07357681406738344,0.09434773614172377,True
e3_seq_only,2024-10-25,0.06358529425245886,0.10435032683846501,True
e3_seq_only,2024-10-28,-0.007241075998935254,0.05206188584930585,True
e3_seq_only,2024-10-29,0.03249328103688984,0.05910019126487544,True
e3_seq_only,2024-10-30,0.05949345845937993,0.026586073497494218,True
e3_seq_only,2024-10-31,0.14296823938310038,0.22340239804841883,True
e3_seq_only,2024-11-01,0.04669770619010276,0.013146636677775627,True
e3_seq_only,2024-11-04,0.026164774564955747,-0.08502684389915373,True
e3_seq_only,2024-11-05,0.026613834241385005,0.07030166109891163,True
e3_seq_only,2024-11-06,0.1306892422195149,0.18468595029165455,True
e3_seq_only,2024-11-07,0.04163134386181907,0.034793416451464304,True
e3_seq_only,2024-11-08,0.014757962804049337,-0.09141895185306678,True
e3_seq_only,2024-11-11,-0.033946629185464865,0.12505383002448453,True
e3_seq_only,2024-11-12,0.05721878779112008,0.08464408111185136,False
e3_seq_only,2024-11-13,0.01592855924740203,0.17938464577617805,False
e3_seq_only,2024-11-14,0.047457184474340226,0.10001453082800789,True
e3_seq_only,2024-11-15,0.1355209261961335,0.2100758782290974,True
e3_seq_only,2024-11-18,-0.07870756650726106,-0.12189520202543902,False
e3_seq_only,2024-11-19,0.03773859898441068,-0.011894468249573168,True
e3_seq_only,2024-11-20,0.04748502146250573,0.073966446671903,False
e3_seq_only,2024-11-21,0.009672305616439242,0.06210071995557018,True
e3_seq_only,2024-11-22,0.0649783428693807,0.07108716716242726,True
e3_seq_only,2024-11-25,0.0755344749435094,0.2185290647101339,False
e3_seq_only,2024-11-26,-0.14850184750623752,-0.22519224135900712,True
e3_seq_only,2024-11-27,0.09664782755401274,0.20851960482443965,False
e3_seq_only,2024-11-28,-0.005482482716041466,-0.02873366037113661,False
e3_seq_only,2024-11-29,0.09289580546948895,0.06959357259261949,False
e3_seq_only,2024-12-02,0.050233678665609925,0.105920916318925,False
e3_seq_only,2024-12-03,0.037090283010905625,0.06170748031846444,False
e3_seq_only,2024-12-04,0.06006083083579704,0.02993900754942941,True
e3_seq_only,2024-12-05,0.19280711351239707,0.3038651265608543,False
e3_seq_only,2024-12-06,-0.022948473079198603,-0.016466161479469287,False
e3_seq_only,2024-12-09,-0.004533293281286734,0.01817528722873572,False
e3_seq_only,2024-12-10,0.05177606509575765,0.06308996663543151,False
e3_seq_only,2024-12-11,-0.009536504873419564,0.0741246053581355,False
e3_seq_only,2024-12-12,-0.011858066950223003,0.0025603618283565363,True
e3_seq_only,2024-12-13,0.11045734204485147,0.18121278562036638,False
e3_seq_only,2024-12-16,-0.030167756212657465,0.013777389388977384,False
e3_seq_only,2024-12-17,-0.03680161393174776,-0.035770621225793026,True
e3_seq_only,2024-12-18,-0.12347831369901678,-0.13959462788153315,False
e3_seq_only,2024-12-19,-0.18493075061754094,-0.26908446754433707,False
e3_seq_only,2024-12-20,0.06350848707133808,0.14720049750149014,False
e3_seq_only,2024-12-23,-0.0082587096424216,-0.028219138335909087,False
e3_seq_only,2024-12-24,-0.008462273944197822,0.06391791288225847,False
e3_seq_only,2024-12-25,-0.1223202039312453,-0.16454722680876777,False
e3_seq_only,2024-12-26,0.1847692590234079,0.34316607539598654,False
e3_seq_only,2024-12-27,0.034444843152533954,0.044389798694743146,False
e3_no_deepsets,2024-01-02,0.18374943558474482,0.20728575685505682,False
e3_no_deepsets,2024-01-03,0.05763424959319804,0.07556584985966018,False
e3_no_deepsets,2024-01-04,0.14196366892726447,0.23735189793219433,False
e3_no_deepsets,2024-01-05,0.03926470551175249,0.059397495240050883,False
e3_no_deepsets,2024-01-08,0.11705154434773256,0.1265367026141121,False
e3_no_deepsets,2024-01-09,-0.000482887953048145,-0.016466905628719372,False
e3_no_deepsets,2024-01-10,-0.17763628527542227,-0.1541068226472324,False
e3_no_deepsets,2024-01-11,0.23933152535258,0.23451656444946867,False
e3_no_deepsets,2024-01-12,0.0370340540928853,0.06326598163586634,False
e3_no_deepsets,2024-01-15,-0.005850917191175228,0.0061984659576093774,False
e3_no_deepsets,2024-01-16,0.1300049456882746,0.23907214335981444,False
e3_no_deepsets,2024-01-17,-0.14260628112925938,-0.13165950479856284,False
e3_no_deepsets,2024-01-18,0.16166700077341822,0.24013837100510838,False
e3_no_deepsets,2024-01-19,0.10550890347414957,0.12352077256093551,False
e3_no_deepsets,2024-01-22,0.01784930983469202,0.029112715848161056,False
e3_no_deepsets,2024-01-23,0.15211859596425292,0.22617539472031759,False
e3_no_deepsets,2024-01-24,0.088116693643854,0.11091559219555264,False
e3_no_deepsets,2024-01-25,0.23041555848028653,0.352796675986025,False
e3_no_deepsets,2024-01-26,0.15001301161645192,0.159876058083343,False
e3_no_deepsets,2024-01-29,0.07019745747860616,0.08253270612701971,False
e3_no_deepsets,2024-01-30,0.11643054078520676,0.1635739534708773,False
e3_no_deepsets,2024-01-31,-0.06544335887244628,-0.09926248619732084,False
e3_no_deepsets,2024-02-01,0.01376739444835757,0.13764320431606922,True
e3_no_deepsets,2024-02-02,0.030979479490897834,0.08699445792253176,True
e3_no_deepsets,2024-02-05,0.07124706175097364,0.03835320519589804,True
e3_no_deepsets,2024-02-06,0.0037334323382484254,-0.002735589186961437,True
e3_no_deepsets,2024-02-07,0.10813839031237076,0.03340429643197458,True
e3_no_deepsets,2024-02-08,-0.0979326893799507,-0.07545231033450941,False
e3_no_deepsets,2024-02-19,-0.03722262705942435,-0.043108913404084105,False
e3_no_deepsets,2024-02-20,0.010004443846151023,-0.07454615629007771,False
e3_no_deepsets,2024-02-21,-0.006140529585367649,-0.04279369949737062,False
e3_no_deepsets,2024-02-22,0.04487988947723372,-0.015867028671722898,False
e3_no_deepsets,2024-02-23,0.05226293656897533,-0.020645845705666663,False
e3_no_deepsets,2024-02-26,0.05500888287871439,-0.10812004447796447,False
e3_no_deepsets,2024-02-27,-0.03406963030437322,0.1703960675785508,True
e3_no_deepsets,2024-02-28,0.11924281686991593,0.12717680773199688,False
e3_no_deepsets,2024-02-29,-0.015348252479296305,-0.08504040158418846,False
e3_no_deepsets,2024-03-01,-0.06997119939403022,-0.04925457766673273,False
e3_no_deepsets,2024-03-04,-0.008722880023833066,0.14464009600187336,False
e3_no_deepsets,2024-03-05,0.03736770262338677,0.07679521512483506,False
e3_no_deepsets,2024-03-06,0.0613861345798031,0.1932693060673938,False
e3_no_deepsets,2024-03-07,-0.0030091619070945342,-0.004086916792125207,False
e3_no_deepsets,2024-03-08,0.06815850762335773,-0.023984292952431943,False
e3_no_deepsets,2024-03-11,-0.11235932917894982,-0.12342130698820296,False
e3_no_deepsets,2024-03-12,-0.009275531825314574,-0.036141882591939664,False
e3_no_deepsets,2024-03-13,0.10757901700289037,0.2295360506089873,False
e3_no_deepsets,2024-03-14,0.06755396463050703,0.06956980112728205,False
e3_no_deepsets,2024-03-15,0.030000582516477393,0.004956101663815508,False
e3_no_deepsets,2024-03-18,0.06404767907840246,0.09805889118941281,False
e3_no_deepsets,2024-03-19,-0.015028521115073402,-0.011887131123432012,False
e3_no_deepsets,2024-03-20,0.10270134459279391,0.18636159953684817,False
e3_no_deepsets,2024-03-21,-0.05681325097042317,-0.05155373981436342,True
e3_no_deepsets,2024-03-22,0.13797281089570915,0.22382485062780963,False
e3_no_deepsets,2024-03-25,-0.03017518595194779,-0.04285220446238709,False
e3_no_deepsets,2024-03-26,0.034034543920640675,0.17475626810537723,False
e3_no_deepsets,2024-03-27,-0.13360497289299114,-0.09138113783910365,False
e3_no_deepsets,2024-03-28,0.03479099294899925,0.06328894357962239,False
e3_no_deepsets,2024-03-29,0.10525222051275646,0.10956005008542706,False
e3_no_deepsets,2024-04-01,0.187890204474493,0.316475723013859,True
e3_no_deepsets,2024-04-02,0.0753470507865924,0.13843271934456355,False
e3_no_deepsets,2024-04-03,-0.0035189744163130064,0.08626189957175401,False
e3_no_deepsets,2024-04-08,0.10423845177119662,0.10887505009483436,False
e3_no_deepsets,2024-04-09,0.09148496752017761,0.169733223414003,False
e3_no_deepsets,2024-04-10,0.01836015102865961,0.06852241047526224,False
e3_no_deepsets,2024-04-11,0.024906061854854087,0.0394423729316654,False
e3_no_deepsets,2024-04-12,-0.03708759843094364,-0.033061407805935604,True
e3_no_deepsets,2024-04-15,-0.07808184339818955,-0.0734555259496203,True
e3_no_deepsets,2024-04-16,-0.00489544170318965,0.00909895662758146,True
e3_no_deepsets,2024-04-17,-0.08802232986635067,-0.05187497739122286,False
e3_no_deepsets,2024-04-18,0.10435657441127219,0.14251858847862633,True
e3_no_deepsets,2024-04-19,0.026432176044643842,0.00177408239146311,True
e3_no_deepsets,2024-04-22,-0.0003975784786844966,-0.07216774986954624,False
e3_no_deepsets,2024-04-23,0.07079620757890437,-0.005549327396258262,True
e3_no_deepsets,2024-04-24,0.03203985124119484,0.0365132325580677,False
e3_no_deepsets,2024-04-25,0.09785999320595322,0.03652996781294314,True
e3_no_deepsets,2024-04-26,0.0695946408989918,0.06998507608621217,True
e3_no_deepsets,2024-04-29,0.035265657797390104,0.0872492943300158,True
e3_no_deepsets,2024-04-30,-0.04273641153183639,-0.0377656478790229,False
e3_no_deepsets,2024-05-06,0.0526004121312982,0.019089881173180556,False
e3_no_deepsets,2024-05-07,-0.011201168328586045,0.02731718302792213,False
e3_no_deepsets,2024-05-08,-0.031626776564173786,-0.029300378676992988,False
e3_no_deepsets,2024-05-09,0.1791372450522005,0.2784311380813198,False
e3_no_deepsets,2024-05-10,-0.03251886161075739,-0.02318947543529001,True
e3_no_deepsets,2024-05-13,0.009356988810131497,0.028115165238149012,False
e3_no_deepsets,2024-05-14,0.06111956422238833,0.09584697397583564,False
e3_no_deepsets,2024-05-15,0.10667083219614074,0.10666655424958836,True
e3_no_deepsets,2024-05-16,0.016752880367852344,0.008701951790577948,False
e3_no_deepsets,2024-05-17,-0.02327804503024191,0.018185397126346044,False
e3_no_deepsets,2024-05-20,0.06857673117592317,0.09275413295464076,False
e3_no_deepsets,2024-05-21,0.09510844738335675,0.08815203004121368,False
e3_no_deepsets,2024-05-22,0.008746359843371559,0.07227649466248331,False
e3_no_deepsets,2024-05-23,0.15171361531789074,0.20481241769703543,False
e3_no_deepsets,2024-05-24,0.015392006606656574,0.017495139308791846,False
e3_no_deepsets,2024-05-27,-0.060269984111793365,-0.07454128806897238,False
e3_no_deepsets,2024-05-28,0.0218925553742844,0.018310525963607837,False
e3_no_deepsets,2024-05-29,0.00035654946674611626,0.01282519691560361,False
e3_no_deepsets,2024-05-30,0.010304345507417573,-0.037703491501071024,False
e3_no_deepsets,2024-05-31,-0.20116410451530262,-0.1792644016762739,False
e3_no_deepsets,2024-06-03,-0.039619273695361855,0.04420789149686562,False
e3_no_deepsets,2024-06-04,0.015838936618256663,-0.017968264886601994,False
e3_no_deepsets,2024-06-05,0.04004003381053888,0.10122114639856011,True
e3_no_deepsets,2024-06-06,0.2488607327306103,0.3009670363754242,False
e3_no_deepsets,2024-06-07,-0.14310974121551395,-0.2266843132812084,True
e3_no_deepsets,2024-06-11,0.0051196770822816715,-0.006263779267721294,False
e3_no_deepsets,2024-06-12,-0.060819301599699324,-0.09796526796527558,True
e3_no_deepsets,2024-06-13,0.053143048174293224,0.09367489970900983,False
e3_no_deepsets,2024-06-14,-0.04193248014966365,-0.09600515899041111,False
e3_no_deepsets,2024-06-17,0.029560213098068402,0.03896417642109497,False
e3_no_deepsets,2024-06-18,0.0636484231051403,0.09655699938561556,False
e3_no_deepsets,2024-06-19,0.12030067275178213,0.08754889233885733,False
e3_no_deepsets,2024-06-20,0.07163651442339707,0.0773665890266659,False
e3_no_deepsets,2024-06-21,0.034684726950595095,0.07856850251286522,False
e3_no_deepsets,2024-06-24,0.15352903258372222,0.16475135413459968,False
e3_no_deepsets,2024-06-25,0.14751212530677538,0.1273053917967144,False
e3_no_deepsets,2024-06-26,0.03774760479319649,0.05462845775220351,False
e3_no_deepsets,2024-06-27,0.03735008929918825,0.0568563030025291,False
e3_no_deepsets,2024-06-28,0.11840509483758002,0.178292801655531,False
e3_no_deepsets,2024-07-01,0.1563999719125928,0.19305821703092185,False
e3_no_deepsets,2024-07-02,0.11388306192622784,0.13076448630460227,False
e3_no_deepsets,2024-07-03,0.07922813420741928,0.12404967875444592,False
e3_no_deepsets,2024-07-04,0.0669204626727301,0.05560726562142739,False
e3_no_deepsets,2024-07-05,0.010396284493642797,0.04260810920953321,False
e3_no_deepsets,2024-07-08,-0.1307549218523687,-0.13583888279450299,True
e3_no_deepsets,2024-07-09,-0.07606801433767722,-0.1838688054977612,False
e3_no_deepsets,2024-07-10,0.11851184321523252,0.11942578977860613,False
e3_no_deepsets,2024-07-11,0.04629714146924614,0.06437299138915004,False
e3_no_deepsets,2024-07-12,0.0169146944956213,0.11500282484011315,False
e3_no_deepsets,2024-07-15,-0.06937314776278929,-0.09878920681476057,False
e3_no_deepsets,2024-07-16,0.1682378316091839,0.23078405927910753,False
e3_no_deepsets,2024-07-17,0.07144112576265212,0.06194751617909397,False
e3_no_deepsets,2024-07-18,-0.03269687336191156,-0.06583269732374568,False
e3_no_deepsets,2024-07-19,-0.02509562101965453,-0.033123216140599335,False
e3_no_deepsets,2024-07-22,0.0799408894034126,0.1739698405338542,False
e3_no_deepsets,2024-07-23,0.15673393975761876,0.1849191199613111,False
e3_no_deepsets,2024-07-24,0.047453267277304485,0.04342083369793097,False
e3_no_deepsets,2024-07-25,0.08494793898455896,0.07500240103059692,False
e3_no_deepsets,2024-07-26,0.08780442969520334,0.15172808441135704,False
e3_no_deepsets,2024-07-29,0.06492383041100569,0.06022650379884583,False
e3_no_deepsets,2024-07-30,-0.05409317726975275,-0.1425696075916677,False
e3_no_deepsets,2024-07-31,0.061838741188858286,0.1407928401927758,False
e3_no_deepsets,2024-08-01,0.11432166647288586,0.15634306164442924,False
e3_no_deepsets,2024-08-02,0.06500134665052394,0.07711852248855637,False
e3_no_deepsets,2024-08-05,0.011525021844047023,0.010486275704835674,False
e3_no_deepsets,2024-08-06,0.06169416835074023,0.09090245425549037,False
e3_no_deepsets,2024-08-07,0.12900052153559882,0.17785323329969055,False
e3_no_deepsets,2024-08-08,0.1780174356913843,0.23515343210614992,False
e3_no_deepsets,2024-08-09,-0.022237716623023922,0.006741053049560379,False
e3_no_deepsets,2024-08-12,0.08559386578517636,0.07098011762554031,False
e3_no_deepsets,2024-08-13,0.10676663749263954,0.2031899011919734,False
e3_no_deepsets,2024-08-14,0.03704640144850275,0.03971663940422466,False
e3_no_deepsets,2024-08-15,-0.01435630245859333,-0.0043089138818547396,False
e3_no_deepsets,2024-08-16,0.07011339573593214,0.16281228286235408,False
e3_no_deepsets,2024-08-19,0.07459441018221975,0.14529536316440622,False
e3_no_deepsets,2024-08-20,0.013029323664792803,-0.011760776026308045,False
e3_no_deepsets,2024-08-21,0.07202554072152166,0.14503585425299412,False
e3_no_deepsets,2024-08-22,0.010624608296860674,0.016664479408834743,False
e3_no_deepsets,2024-08-23,0.13347909435549052,0.18496254196400985,False
e3_no_deepsets,2024-08-26,0.10848595661709402,0.16099869933920385,False
e3_no_deepsets,2024-08-27,0.01452195740133591,-0.012990051835575481,False
e3_no_deepsets,2024-08-28,-0.06527554031245855,-0.09931636238871283,False
e3_no_deepsets,2024-08-29,-0.0790860182687644,-0.1836404555056384,False
e3_no_deepsets,2024-08-30,0.08899724222552549,0.19337686545084318,False
e3_no_deepsets,2024-09-02,-0.07079077896615384,-0.11090504950557384,False
e3_no_deepsets,2024-09-03,-0.18175647174018664,-0.25791494161678746,False
e3_no_deepsets,2024-09-04,0.057668903163428084,0.05769393271535457,False
e3_no_deepsets,2024-09-05,0.06887357767606694,0.17026066727418138,False
e3_no_deepsets,2024-09-06,-0.017354746665299958,-0.015802543291521403,False
e3_no_deepsets,2024-09-09,-0.03663403740444598,-0.08352603635408246,False
e3_no_deepsets,2024-09-10,-0.10648610418219173,-0.2043366827275497,False
e3_no_deepsets,2024-09-11,0.22799156144544216,0.24388598506803047,False
e3_no_deepsets,2024-09-12,0.18470228145675574,0.24915319355580645,False
e3_no_deepsets,2024-09-13,0.019649281028788115,0.030311193234157763,False
e3_no_deepsets,2024-09-18,0.1457862475858986,0.21713094716062642,False
e3_no_deepsets,2024-09-19,0.06039411780161344,0.09445147902325654,False
e3_no_deepsets,2024-09-20,0.03289221666120646,0.048185553364004555,False
e3_no_deepsets,2024-09-23,0.08968259451594134,0.029173256474680477,True
e3_no_deepsets,2024-09-24,0.12109490780213882,0.18746865649127512,False
e3_no_deepsets,2024-09-25,0.011829598727053612,-0.032078262454900607,True
e3_no_deepsets,2024-09-26,-0.0716360523156347,-0.15006398062530757,True
e3_no_deepsets,2024-09-27,0.2337125570796834,0.1929375014026918,True
e3_no_deepsets,2024-09-30,-0.060912258424676353,-0.04773043104674536,True
e3_no_deepsets,2024-10-08,-0.03152742720236461,-0.01746531271386114,True
e3_no_deepsets,2024-10-09,0.04988559064715193,0.10990757746347861,True
e3_no_deepsets,2024-10-10,0.03780455390929731,0.09910407391704258,True
e3_no_deepsets,2024-10-11,-0.13882327496908342,-0.13453528093192996,True
e3_no_deepsets,2024-10-14,-0.027403879761096987,0.0029946454887620293,False
e3_no_deepsets,2024-10-15,0.07508676206331477,0.09373475726120994,True
e3_no_deepsets,2024-10-16,0.031739700785118584,0.01739653755491287,False
e3_no_deepsets,2024-10-17,-0.06802153353555009,-0.17887769122517586,True
e3_no_deepsets,2024-10-18,-0.05950518863803138,-0.09942590669361728,True
e3_no_deepsets,2024-10-21,0.044206996812018166,0.13839373175182912,True
e3_no_deepsets,2024-10-22,0.08037749032126648,0.09237887860051087,True
e3_no_deepsets,2024-10-23,0.04502267691613325,0.08390308373256262,True
e3_no_deepsets,2024-10-24,0.07268800854506945,0.09375513959529594,True
e3_no_deepsets,2024-10-25,0.06509124032638149,0.10765722738879424,True
e3_no_deepsets,2024-10-28,-0.006420944093632623,0.0535773462096404,True
e3_no_deepsets,2024-10-29,0.02882228043802392,0.055594520921034146,True
e3_no_deepsets,2024-10-30,0.07001854734595642,0.033378474397659466,True
e3_no_deepsets,2024-10-31,0.16928727361898124,0.2520576904033999,True
e3_no_deepsets,2024-11-01,0.0031641270676167465,-0.03325917436815049,True
e3_no_deepsets,2024-11-04,0.019279534486680003,-0.09525329412410345,True
e3_no_deepsets,2024-11-05,0.03772454357168966,0.08156235172287012,True
e3_no_deepsets,2024-11-06,0.11895321571454921,0.17591934322272418,True
e3_no_deepsets,2024-11-07,-0.003127462778020286,-0.010476090721604008,True
e3_no_deepsets,2024-11-08,0.010968961876859237,-0.10686712071133389,True
e3_no_deepsets,2024-11-11,-0.027657139754216447,0.1418817861096061,True
e3_no_deepsets,2024-11-12,0.048679331175182805,0.08223664911714587,False
e3_no_deepsets,2024-11-13,0.03942568032402308,0.2066680650619574,False
e3_no_deepsets,2024-11-14,0.07057964691404556,0.12492663056404295,True
e3_no_deepsets,2024-11-15,0.16152350059072135,0.23672242831964074,True
e3_no_deepsets,2024-11-18,-0.089132577382643,-0.13534043564152604,False
e3_no_deepsets,2024-11-19,0.01878987355198517,-0.034607667902641435,True
e3_no_deepsets,2024-11-20,0.037926255435654754,0.06485360338083598,False
e3_no_deepsets,2024-11-21,0.00038272848950975303,0.05381662815436918,True
e3_no_deepsets,2024-11-22,0.0687338296221987,0.07532574253910475,True
e3_no_deepsets,2024-11-25,0.0893464459854774,0.23556357941963466,False
e3_no_deepsets,2024-11-26,-0.1810589202698226,-0.2611193910866465,True
e3_no_deepsets,2024-11-27,0.10610984842535365,0.21367979592693137,False
e3_no_deepsets,2024-11-28,-0.04710696942339686,-0.07016911995717354,False
e3_no_deepsets,2024-11-29,0.08439510459896622,0.06070941218690248,False
e3_no_deepsets,2024-12-02,0.0789476339276192,0.13533171526990392,False
e3_no_deepsets,2024-12-03,0.032648328462681286,0.0583619932154646,False
e3_no_deepsets,2024-12-04,0.0438552971699653,0.013647513192135311,True
e3_no_deepsets,2024-12-05,0.17702089916722438,0.28840274225878193,False
e3_no_deepsets,2024-12-06,-0.034854361742225115,-0.028438529775671365,False
e3_no_deepsets,2024-12-09,0.014767125368031887,0.039197672836629484,False
e3_no_deepsets,2024-12-10,0.044013056688818844,0.054877078846311024,False
e3_no_deepsets,2024-12-11,-0.007472857285115277,0.07831641694404154,False
e3_no_deepsets,2024-12-12,-0.021330220461845253,-0.006649022086633345,True
e3_no_deepsets,2024-12-13,0.12862459742702737,0.19908447894158965,False
e3_no_deepsets,2024-12-16,-0.0340154047902471,0.012009231666277402,False
e3_no_deepsets,2024-12-17,-0.055720660071805955,-0.05469966928315986,True
e3_no_deepsets,2024-12-18,-0.11812500839402429,-0.13427041168069578,False
e3_no_deepsets,2024-12-19,-0.19206172397245003,-0.2794068342970173,False
e3_no_deepsets,2024-12-20,0.06824484598879142,0.1512200715859506,False
e3_no_deepsets,2024-12-23,0.019067362577264272,-0.0003675525856099247,False
e3_no_deepsets,2024-12-24,-0.0009567359116732069,0.07107414623286665,False
e3_no_deepsets,2024-12-25,-0.11423515922391098,-0.15613452407436929,False
e3_no_deepsets,2024-12-26,0.19727859179699658,0.35487558398395497,False
e3_no_deepsets,2024-12-27,0.012776648240908005,0.023237314016645513,False
e3_linear85,2024-01-02,0.16114576193510394,0.1883633838979002,False
e3_linear85,2024-01-03,0.03820795510611319,0.05942227250179101,False
e3_linear85,2024-01-04,0.2055642515358336,0.31351177957214027,False
e3_linear85,2024-01-05,0.024854012831974776,0.04883374417285864,False
e3_linear85,2024-01-08,0.1604183687507699,0.17205216304578852,False
e3_linear85,2024-01-09,0.08378022110286637,0.06449673112580499,False
e3_linear85,2024-01-10,-0.19043139732919287,-0.15631850450396914,False
e3_linear85,2024-01-11,0.2637856975211684,0.2565766128821955,False
e3_linear85,2024-01-12,-0.006911179716790938,0.020453115902458244,False
e3_linear85,2024-01-15,0.02449854664283522,0.039334252454962235,False
e3_linear85,2024-01-16,0.22108832680375762,0.3470125957620947,False
e3_linear85,2024-01-17,-0.07235613569481303,-0.05006757378100791,False
e3_linear85,2024-01-18,0.19474091726997533,0.2827507995355665,False
e3_linear85,2024-01-19,0.0019443812550024972,0.024808885111992404,False
e3_linear85,2024-01-22,0.02967070477290918,0.05284710055872286,False
e3_linear85,2024-01-23,0.19390851372414497,0.2790297256287023,False
e3_linear85,2024-01-24,0.15264214464214465,0.18202110311322975,False
e3_linear85,2024-01-25,0.25282036882036885,0.4014585439548088,False
e3_linear85,2024-01-26,0.17702792102792103,0.1886963006963007,False
e3_linear85,2024-01-29,0.04954150954150954,0.0631093652986934,False
e3_linear85,2024-01-30,0.0010826410826410826,0.06271823690639163,False
e3_linear85,2024-01-31,-0.08961006698080844,-0.126646660868624,False
e3_linear85,2024-02-01,-0.04006556055053048,0.1511911751430789,True
e3_linear85,2024-02-02,-0.0027564077103155254,0.07295506327971256,True
e3_linear85,2024-02-05,-0.09475828675828676,-0.1407222288330623,True
e3_linear85,2024-02-06,-0.014394998394998396,-0.026378258457393233,True
e3_linear85,2024-02-07,0.16394676794676794,-0.007879483879483881,True
e3_linear85,2024-02-08,-0.062259776446555774,-0.030435577074724204,False
e3_linear85,2024-02-19,-0.04987471387471388,-0.05719958463155981,False
e3_linear85,2024-02-20,0.015677547677547678,-0.08707009037614173,False
e3_linear85,2024-02-21,-0.06052460452460453,-0.10811868093486605,False
e3_linear85,2024-02-22,-0.005521721521721522,-0.08085887022574219,False
e3_linear85,2024-02-23,0.01335060135060135,-0.0729434378595714,False
e3_linear85,2024-02-26,-0.1597720237720238,-0.365481055673942,False
e3_linear85,2024-02-27,0.21064402264402265,0.5064723984723984,True
e3_linear85,2024-02-28,0.03801849801849802,0.04981482811371708,False
e3_linear85,2024-02-29,-0.09842293442293443,-0.22171917358788543,False
e3_linear85,2024-03-01,-0.12355974355974354,-0.09598201226995831,False
e3_linear85,2024-03-04,-0.02752855870324509,0.1464031300556253,False
e3_linear85,2024-03-05,0.08165737651791001,0.12689678997321927,False
e3_linear85,2024-03-06,0.12824927568155248,0.2887186962911158,False
e3_linear85,2024-03-07,-0.011198600509740829,-0.012475681670252604,False
e3_linear85,2024-03-08,0.017435530872502582,-0.10359608548692488,False
e3_linear85,2024-03-11,-0.010698231329620897,-0.028294801198938457,False
e3_linear85,2024-03-12,-0.014482382181780976,-0.049641562040630346,False
e3_linear85,2024-03-13,0.11962513615820228,0.26209609017480684,False
e3_linear85,2024-03-14,0.054061022946794476,0.05664178615309572,False
e3_linear85,2024-03-15,-0.04645681753898186,-0.0830768199276403,False
e3_linear85,2024-03-18,0.07843620643620644,0.12811210383362998,False
e3_linear85,2024-03-19,-0.05001853401853402,-0.0459069089842823,False
e3_linear85,2024-03-20,0.09385740985740987,0.19720118312881876,False
e3_linear85,2024-03-21,-0.0388985308985309,-0.03288421498286763,True
e3_linear85,2024-03-22,0.16982709782709784,0.2646171536026771,False
e3_linear85,2024-03-25,0.018203118203118204,7.818011781744761e-06,False
e3_linear85,2024-03-26,0.09482585882585882,0.2612992968670927,False
e3_linear85,2024-03-27,0.12364053964053964,0.19276241107340694,False
e3_linear85,2024-03-28,0.033447813447813446,0.07548715197822804,False
e3_linear85,2024-03-29,0.11562262362262363,0.12130379730984821,False
e3_linear85,2024-04-01,0.19928773928773932,0.3513813413305282,True
e3_linear85,2024-04-02,0.19715550515550517,0.2760463418932668,False
e3_linear85,2024-04-03,-0.045870045870045874,0.07622211789075171,False
e3_linear85,2024-04-08,0.18321883521883522,0.18826233416935237,False
e3_linear85,2024-04-09,0.1167927567927568,0.2189973096543016,False
e3_linear85,2024-04-10,-0.030776322776322775,0.0226891975740763,False
e3_linear85,2024-04-11,0.07027481827481828,0.09037803607185252,False
e3_linear85,2024-04-12,-0.03667830067830068,-0.03239754259192785,True
e3_linear85,2024-04-15,0.0011589971589971591,0.006403164441583429,True
e3_linear85,2024-04-16,0.20546660546660545,0.2240971647694563,True
e3_linear85,2024-04-17,-0.025801537801537804,0.027305230452050154,False
e3_linear85,2024-04-18,0.09326604926604927,0.1369480114589147,True
e3_linear85,2024-04-19,0.08387397587397588,0.05737119681346872,True
e3_linear85,2024-04-22,-0.0604925404925405,-0.14659188070672083,False
e3_linear85,2024-04-23,0.02592287277257217,-0.06512982000386731,True
e3_linear85,2024-04-24,0.05534243261297369,0.062392835968375325,False
e3_linear85,2024-04-25,0.029489317700645067,-0.05757019021461648,True
e3_linear85,2024-04-26,0.09740061818739584,0.09804071449818309,True
e3_linear85,2024-04-29,0.04403575291055168,0.11666587318407631,True
e3_linear85,2024-04-30,0.006876060905978496,0.012635804946843986,False
e3_linear85,2024-05-06,0.029777332442663104,-0.006575669534059053,False
e3_linear85,2024-05-07,0.0027414227855109613,0.04512134820801977,False
e3_linear85,2024-05-08,0.0017823153815137778,0.004737709710564789,False
e3_linear85,2024-05-09,0.14782346675332644,0.268731159240176,False
e3_linear85,2024-05-10,-0.07928415627702869,-0.06817946063792307,True
e3_linear85,2024-05-13,0.04458043258552068,0.06643721017196197,False
e3_linear85,2024-05-14,0.10979368948106422,0.15542374224656963,False
e3_linear85,2024-05-15,0.11762473896742433,0.11763936564035934,True
e3_linear85,2024-05-16,0.027549974965367433,0.0144215045638912,False
e3_linear85,2024-05-17,-0.013966245930676295,0.05358703099833197,False
e3_linear85,2024-05-20,-0.021628438850043546,0.00507320402770645,False
e3_linear85,2024-05-21,0.09581353125414051,0.08824582976506254,False
e3_linear85,2024-05-22,-0.01842504227674568,0.06011434972218234,False
e3_linear85,2024-05-23,0.09091654781033538,0.14216077493012264,False
e3_linear85,2024-05-24,0.003101903506713125,0.006143253843618409,False
e3_linear85,2024-05-27,-0.07404096176425187,-0.09237189782647968,False
e3_linear85,2024-05-28,0.02516553856143768,0.020026592901604932,False
e3_linear85,2024-05-29,0.10258975666822452,0.11645524621111475,False
e3_linear85,2024-05-30,-0.009674132437211252,-0.06562545293796448,False
e3_linear85,2024-05-31,-0.1503292004836719,-0.11988997980841246,False
e3_linear85,2024-06-03,-0.022087174218920157,0.07426193364216042,False
e3_linear85,2024-06-04,-0.01789076992844608,-0.06731521654473505,False
e3_linear85,2024-06-05,-0.0382547861437436,0.03123049380214698,True
e3_linear85,2024-06-06,0.31671457951701487,0.37229259818869676,False
e3_linear85,2024-06-07,-0.05082561290061546,-0.14425767772348155,True
e3_linear85,2024-06-11,-0.0366485423399653,-0.0510258761517935,False
e3_linear85,2024-06-12,-0.08716725970610067,-0.1295504126875648,True
e3_linear85,2024-06-13,0.10893942667418932,0.15289212731639137,False
e3_linear85,2024-06-14,-0.06771068441648283,-0.135029568143276,False
e3_linear85,2024-06-17,0.05549487166135628,0.06731391524013688,False
e3_linear85,2024-06-18,0.09731576531576533,0.14456532273380257,False
e3_linear85,2024-06-19,0.0410995010995011,-0.0032918133016887423,False
e3_linear85,2024-06-20,0.016064164364765564,0.024713405532976025,False
e3_linear85,2024-06-21,0.05445156980627922,0.11484091340290464,False
e3_linear85,2024-06-24,0.1852001420257933,0.19787739749005034,False
e3_linear85,2024-06-25,0.08713487034128316,0.056050551890872144,False
e3_linear85,2024-06-26,0.05391474841575041,0.08065452347118446,False
e3_linear85,2024-06-27,-0.011708522149403912,0.01524875998385545,False
e3_linear85,2024-06-28,0.14883523202561277,0.2195487651588278,False
e3_linear85,2024-07-01,0.20022329343371426,0.2450076555922162,False
e3_linear85,2024-07-02,0.07529247082754095,0.09860605811969846,False
e3_linear85,2024-07-03,0.04427823815799767,0.1056192156760273,False
e3_linear85,2024-07-04,0.0782693796000409,0.06621687748129622,False
e3_linear85,2024-07-05,-0.026136597519363047,0.019387598077198233,False
e3_linear85,2024-07-08,-0.14271514801374519,-0.15008795594323718,True
e3_linear85,2024-07-09,-0.088061191451973,-0.21506693997645102,False
e3_linear85,2024-07-10,0.12199826680387799,0.12286111404290079,False
e3_linear85,2024-07-11,0.05030947179644574,0.07424542314275935,False
e3_linear85,2024-07-12,-0.024456444420372273,0.07792607374598974,False
e3_linear85,2024-07-15,-0.16846255875113586,-0.20656089235927777,False
e3_linear85,2024-07-16,0.17091965685039495,0.265394708669186,False
e3_linear85,2024-07-17,-0.053570335058084874,-0.06746315739780383,False
e3_linear85,2024-07-18,-0.027351120021917984,-0.06362603086467727,False
e3_linear85,2024-07-19,-0.029775286368713946,-0.04223447410632427,False
e3_linear85,2024-07-22,0.04852266452900017,0.16728078167144034,False
e3_linear85,2024-07-23,-0.04390410394193286,-0.00896883252634577,False
e3_linear85,2024-07-24,0.12823492171556403,0.12287314447776347,False
e3_linear85,2024-07-25,0.06680326716788808,0.05374698985090386,False
e3_linear85,2024-07-26,0.018001146977253656,0.09852615274724257,False
e3_linear85,2024-07-29,0.11046376447351569,0.10527847536425473,False
e3_linear85,2024-07-30,-0.01738367612372748,-0.13193340829920747,False
e3_linear85,2024-07-31,0.03620435878463796,0.13969035448073128,False
e3_linear85,2024-08-01,0.18131448453577168,0.23180611396433,False
e3_linear85,2024-08-02,0.038550024848188244,0.051829868640587085,False
e3_linear85,2024-08-05,0.04786037616434789,0.046602612591388454,False
e3_linear85,2024-08-06,0.027195670600666483,0.0635412833200135,False
e3_linear85,2024-08-07,0.1310940289258008,0.18444719322027042,False
e3_linear85,2024-08-08,0.1795516297881108,0.248769142428759,False
e3_linear85,2024-08-09,-0.002794864460020248,0.022790186580783488,False
e3_linear85,2024-08-12,0.08255637663500531,0.06498852858050161,False
e3_linear85,2024-08-13,-0.016403607302556654,0.09536341035446613,False
e3_linear85,2024-08-14,-0.030664909490647693,-0.02810123668784211,False
e3_linear85,2024-08-15,-0.06413858347325281,-0.0521347016224162,False
e3_linear85,2024-08-16,0.12250787460807498,0.1961474747353115,False
e3_linear85,2024-08-19,0.03871667659643611,0.10938882602860023,False
e3_linear85,2024-08-20,-0.017140069929649088,-0.04069336581249655,False
e3_linear85,2024-08-21,0.07539380262025551,0.16093372123240485,False
e3_linear85,2024-08-22,0.0043842519874584,0.01087130456244518,False
e3_linear85,2024-08-23,0.14567467668068868,0.2064321231806697,False
e3_linear85,2024-08-26,0.08342327942327943,0.14960969609061464,False
e3_linear85,2024-08-27,0.08452920052920053,0.055734734088494144,False
e3_linear85,2024-08-28,-0.04768319968319969,-0.0905916491142481,False
e3_linear85,2024-08-29,-0.05347794547794548,-0.17098397200987586,False
e3_linear85,2024-08-30,0.15124324324324326,0.2790774198220655,False
e3_linear85,2024-09-02,0.04047390447390447,-0.002973633080683874,False
e3_linear85,2024-09-03,-0.16122728922728924,-0.24794221890821588,False
e3_linear85,2024-09-04,0.10244050244050246,0.1024432072332405,False
e3_linear85,2024-09-05,0.08097222897222897,0.21108498298474784,False
e3_linear85,2024-09-06,0.008039696039696039,0.009663762013256,False
e3_linear85,2024-09-09,-0.1078925998925999,-0.15861945822621906,False
e3_linear85,2024-09-10,-0.12581724581724582,-0.23096331644088208,False
e3_linear85,2024-09-11,0.10974633774633774,0.12676347250209374,False
e3_linear85,2024-09-12,0.09641885601960333,0.1766489191183458,False
e3_linear85,2024-09-13,-0.008266286326406564,0.0042326702819901,False
e3_linear85,2024-09-18,0.17260128460128463,0.2564777317161948,False
e3_linear85,2024-09-19,0.010296406296406296,0.053822348948819654,False
e3_linear85,2024-09-20,0.02427358827358828,0.04109291383258629,False
e3_linear85,2024-09-23,0.14334943134943137,0.07182410425504888,True
e3_linear85,2024-09-24,0.14184393384393384,0.22454866645053106,False
e3_linear85,2024-09-25,0.05422930222930224,-0.0034354054457116623,True
e3_linear85,2024-09-26,-0.1443773043773044,-0.31993843993843996,True
e3_linear85,2024-09-27,0.24691225891225893,0.2223527910210245,True
e3_linear85,2024-09-30,-0.029305961305961303,0.00565933340130679,True
e3_linear85,2024-10-08,-0.017891381891381893,0.0036261816479387383,True
e3_linear85,2024-10-09,0.32883776883776883,0.40005593925778554,True
e3_linear85,2024-10-10,0.0354017754017754,0.09768261226870796,True
e3_linear85,2024-10-11,-0.10855197655197656,-0.10213413135974093,True
e3_linear85,2024-10-14,0.0513014193014193,0.09468116324925023,False
e3_linear85,2024-10-15,0.04598373398373399,0.07313380979201409,True
e3_linear85,2024-10-16,-0.03163073563073563,-0.052509826824885794,False
e3_linear85,2024-10-17,-0.1332395120571473,-0.2634124344785667,True
e3_linear85,2024-10-18,-0.14379451219631076,-0.21273782396621854,True
e3_linear85,2024-10-21,0.19593408038301838,0.3085658088459171,True
e3_linear85,2024-10-22,0.12662084298838247,0.14253649261318366,True
e3_linear85,2024-10-23,0.042354563736344344,0.09305572132335838,True
e3_linear85,2024-10-24,0.1008905923630056,0.12780042997676208,True
e3_linear85,2024-10-25,0.10101574590833953,0.17043068345353968,True
e3_linear85,2024-10-28,0.050643248720446246,0.12368727531825195,True
e3_linear85,2024-10-29,-0.011781971696774174,0.02359848955320515,True
e3_linear85,2024-10-30,0.004116926308715232,-0.04712592372268626,True
e3_linear85,2024-10-31,0.19411300136041754,0.3055741661001357,True
e3_linear85,2024-11-01,-0.021856025870072016,-0.052303897138343394,True
e3_linear85,2024-11-04,-0.12474658202824666,-0.27861834058518475,True
e3_linear85,2024-11-05,0.1153148674329451,0.17255043313228574,True
e3_linear85,2024-11-06,0.09938446415211379,0.1600012630041432,True
e3_linear85,2024-11-07,-0.04221664976876503,-0.05242011067185507,True
e3_linear85,2024-11-08,-0.11749734631204692,-0.2587545717057727,True
e3_linear85,2024-11-11,0.10070104516369162,0.3362112653198031,True
e3_linear85,2024-11-12,0.0047252978370981675,0.05088414801631217,False
e3_linear85,2024-11-13,0.11496708858332808,0.306240709119248,False
e3_linear85,2024-11-14,0.07360573116558508,0.1275189135382943,True
e3_linear85,2024-11-15,0.17790202681008271,0.2821467817445509,True
e3_linear85,2024-11-18,-0.10810982926814589,-0.17044206834354636,False
e3_linear85,2024-11-19,-0.05588442788442789,-0.12180959654045415,True
e3_linear85,2024-11-20,0.0351991311991312,0.07118503706230478,False
e3_linear85,2024-11-21,0.01728228528228528,0.10004399264425662,True
e3_linear85,2024-11-22,0.12714507114507118,0.1348934509168527,True
e3_linear85,2024-11-25,0.16324909924909928,0.33133800112250716,False
e3_linear85,2024-11-26,-0.16512445912846713,-0.23950286975906343,True
e3_linear85,2024-11-27,0.15954365186830113,0.31654266815611387,False
e3_linear85,2024-11-28,-0.05756117756117756,-0.0820601565525175,False
e3_linear85,2024-11-29,0.05761953361953362,0.02755877238553557,False
e3_linear85,2024-12-02,0.11826273568157333,0.19447570458228772,False
e3_linear85,2024-12-03,0.08481812874999246,0.11303735534778092,False
e3_linear85,2024-12-04,-0.026037734037734038,-0.060604925150294704,True
e3_linear85,2024-12-05,0.1913812313812314,0.32573625773625775,False
e3_linear85,2024-12-06,-0.06242726642726643,-0.05455698072065166,False
e3_linear85,2024-12-09,0.03237690837690838,0.05588240605005326,False
e3_linear85,2024-12-10,0.07576149976149976,0.08947735774578981,False
e3_linear85,2024-12-11,0.09555231784891101,0.18532732955794268,False
e3_linear85,2024-12-12,-0.0271131857364433,-0.010729272549428138,True
e3_linear85,2024-12-13,0.18073995326718914,0.24082797960621322,False
e3_linear85,2024-12-16,0.08233865268496215,0.14186030708143438,False
e3_linear85,2024-12-17,-0.011400604287481351,-0.010345780975373541,True
e3_linear85,2024-12-18,-0.11775891685962579,-0.13626802961292034,False
e3_linear85,2024-12-19,-0.24600890582508816,-0.33701252286585315,False
e3_linear85,2024-12-20,0.19775445320920632,0.31158774389179084,False
e3_linear85,2024-12-23,0.025039577771874676,0.0036281552832007637,False
e3_linear85,2024-12-24,0.030112841361082554,0.12074146073537095,False
e3_linear85,2024-12-25,-0.1742726792057366,-0.22596424081903355,False
e3_linear85,2024-12-26,0.1969079244397122,0.37671947070150097,False
e3_linear85,2024-12-27,0.010811910342903061,0.027436331374803863,False
en454_control,2024-01-02,-0.018446035162250886,-0.007657910105692258,False
en454_control,2024-01-03,-0.01105501597871336,-0.006037870662042995,False
en454_control,2024-01-04,0.022916311929644512,0.07097085616084786,False
en454_control,2024-01-05,0.0509127990590414,0.06116809884500853,False
en454_control,2024-01-08,-0.07133009562668881,-0.06499728823561979,False
en454_control,2024-01-09,-0.23642779854002294,-0.24655698388341982,False
en454_control,2024-01-10,-0.13189246962393253,-0.1172085293906202,False
en454_control,2024-01-11,0.01615534973851607,0.01396406386619981,False
en454_control,2024-01-12,0.038673587415070376,0.062336665968465495,False
en454_control,2024-01-15,-0.004411116540622134,0.0017472063237401038,False
en454_control,2024-01-16,-0.02630571653818146,0.020310795765705582,False
en454_control,2024-01-17,0.08382499533601737,0.09598641491091717,False
en454_control,2024-01-18,0.05131619394946048,0.10495455986899943,False
en454_control,2024-01-19,-0.0945862415521734,-0.0731359357548007,False
en454_control,2024-01-22,-0.10062604488255789,-0.08185376907304885,False
en454_control,2024-01-23,0.09379127022814396,0.13078205176823965,False
en454_control,2024-01-24,0.025345765345765346,0.0338639560671398,False
en454_control,2024-01-25,0.1272776712776713,0.2207577133277229,False
en454_control,2024-01-26,0.031514791514791515,0.03896892296892297,False
en454_control,2024-01-29,-0.12460633660633662,-0.1179414702952947,False
en454_control,2024-01-30,0.38842039642039644,0.4181037953581068,False
en454_control,2024-01-31,-0.01875728634446069,-0.05456247810993538,False
en454_control,2024-02-01,0.29031784891103524,0.4548052862481719,True
en454_control,2024-02-02,0.2901736445864702,0.3550626056918641,True
en454_control,2024-02-05,-0.2306069666069666,-0.2738001439071461,True
en454_control,2024-02-06,0.011846063846063846,-0.002753570761831474,True
en454_control,2024-02-07,-0.19506947106947106,-0.39246690846690846,True
en454_control,2024-02-08,0.09816126216126216,0.131081029440488,False
en454_control,2024-02-19,0.03892262692262692,0.031034360896422607,False
en454_control,2024-02-20,-0.0553934713934714,-0.16736841787894413,False
en454_control,2024-02-21,-0.2946665346665347,-0.34622510976128495,False
en454_control,2024-02-22,-0.17877945477945478,-0.24784665942550863,False
en454_control,2024-02-23,-0.07955667155667157,-0.1673199730610545,False
en454_control,2024-02-26,-0.2634982074982075,-0.46435501714114724,False
en454_control,2024-02-27,0.33782508182508186,0.6160482760482761,True
en454_control,2024-02-28,-0.33873603873603875,-0.3327328187292157,False
en454_control,2024-02-29,-0.23349971349971355,-0.3475131782141295,False
en454_control,2024-03-01,0.15989575589575591,0.18722797378965772,False
en454_control,2024-03-04,0.18006945907079172,0.30176991378267126,False
en454_control,2024-03-05,-0.16121419075572116,-0.13318200132833932,False
en454_control,2024-03-06,-0.21137008671757207,-0.2045828380970762,False
en454_control,2024-03-07,0.18277252502612507,0.18215465748304577,False
en454_control,2024-03-08,-0.04400884038987088,-0.09495228550727954,False
en454_control,2024-03-11,-0.116413186733828,-0.12404513130730732,False
en454_control,2024-03-12,-0.032545270721623415,-0.04841997149963167,False
en454_control,2024-03-13,-0.030753711627459115,0.004323736741916133,False
en454_control,2024-03-14,-0.07718024637864317,-0.07636622744825844,False
en454_control,2024-03-15,0.004963007095271623,-0.012461216971551984,False
en454_control,2024-03-18,-0.016887052887052886,0.01769953477939845,False
en454_control,2024-03-19,0.02662868662868663,0.028581189213393574,False
en454_control,2024-03-20,0.06354908754908756,0.106013306936233,False
en454_control,2024-03-21,0.11434618234618235,0.11589633824402726,True
en454_control,2024-03-22,-0.01940757140757141,-0.0005324527960169954,False
en454_control,2024-03-25,-0.11125842325842325,-0.12025391522266568,False
en454_control,2024-03-26,0.005716769716769717,0.08269123118737857,False
en454_control,2024-03-27,0.027702291702291704,0.06962231779374511,False
en454_control,2024-03-28,-0.02471688071688072,0.00958824390465596,False
en454_control,2024-03-29,-0.09150793950793952,-0.088192618013331,False
en454_control,2024-04-01,0.09863756663756665,0.20838443088995062,True
en454_control,2024-04-02,0.22698841098841097,0.2674305075392849,False
en454_control,2024-04-03,0.24898263298263298,0.3228552020516617,False
en454_control,2024-04-08,-0.22473237273237276,-0.22065779592542353,False
en454_control,2024-04-09,0.17944755544755545,0.273065691884889,False
en454_control,2024-04-10,0.11291412491412492,0.13642611974673854,False
en454_control,2024-04-11,0.1686813726813727,0.18691472469035272,False
en454_control,2024-04-12,0.3670275550275551,0.3689897272036656,True
en454_control,2024-04-15,0.2955264075264076,0.2988452346383061,True
en454_control,2024-04-16,-0.21820022620022622,-0.20102599562907364,True
en454_control,2024-04-17,-0.003141447141447142,0.047162101142909425,False
en454_control,2024-04-18,0.2393151233151233,0.2677006011611612,True
en454_control,2024-04-19,-0.23112839112839118,-0.24961788059495388,True
en454_control,2024-04-22,-0.15766100566100566,-0.24951831873508334,False
en454_control,2024-04-23,-0.08676768552119252,-0.15034943439447374,True
en454_control,2024-04-24,0.07122515300872012,0.07752445711330619,False
en454_control,2024-04-25,-0.14119250878225195,-0.20370859399166763,True
en454_control,2024-04-26,0.03759729652542522,0.03814805969078287,True
en454_control,2024-04-29,0.031412921572747096,0.09211421270205743,True
en454_control,2024-04-30,-0.03046601310729567,-0.026595113314300634,False
en454_control,2024-05-06,-0.03956966184621495,-0.06437173286993804,False
en454_control,2024-05-07,0.12172426534751181,0.14788129545470485,False
en454_control,2024-05-08,0.025469810491854573,0.02647428221577428,False
en454_control,2024-05-09,-0.04621336366426546,-0.0035412326580034864,False
en454_control,2024-05-10,0.1198839480237649,0.12417446974868691,True
en454_control,2024-05-13,-0.004919826987167228,0.010413640457865055,False
en454_control,2024-05-14,0.03141395102517346,0.04929804423494272,False
en454_control,2024-05-15,0.09754968194647551,0.09751410855745397,True
en454_control,2024-05-16,-0.014903370374593662,-0.023142957449882838,False
en454_control,2024-05-17,0.06588543426110235,0.10462395108404526,False
en454_control,2024-05-20,0.09229158887954915,0.10540853637336514,False
en454_control,2024-05-21,0.017170449006120345,0.013737412265011075,False
en454_control,2024-05-22,-0.03394324986308953,0.0017181811328088779,False
en454_control,2024-05-23,0.20412905089458194,0.24195185105440678,False
en454_control,2024-05-24,0.09980461824549999,0.10155662084268378,False
en454_control,2024-05-27,-0.0019454090665721548,-0.014008029686709169,False
en454_control,2024-05-28,0.026043762248368053,0.022864191193664417,False
en454_control,2024-05-29,-0.07730403231334884,-0.061992100491800976,False
en454_control,2024-05-30,-0.16101037409652633,-0.21328019440865167,False
en454_control,2024-05-31,0.09987785909740149,0.12678331201636586,False
en454_control,2024-06-03,0.1842074696409243,0.24919396401021046,False
en454_control,2024-06-04,-0.0626375385944675,-0.10149124271208032,False
en454_control,2024-06-05,0.14484399354641342,0.1935075611055519,True
en454_control,2024-06-06,0.028066681524047607,0.08532280607737634,False
en454_control,2024-06-07,-0.04905234881134524,-0.12631732011444494,True
en454_control,2024-06-11,-0.13234215999023446,-0.14251106970121427,False
en454_control,2024-06-12,-0.012268200063791243,-0.04586017368991339,True
en454_control,2024-06-13,-0.03978023018135414,-0.007883433828041918,False
en454_control,2024-06-14,0.09973609020916488,0.05424975857876695,False
en454_control,2024-06-17,-0.03055596655596656,-0.021011119537693065,False
en454_control,2024-06-18,-0.031086859086859087,0.004432618499107777,False
en454_control,2024-06-19,0.047946522090361654,0.01891258902606456,False
en454_control,2024-06-20,0.13816915512707093,0.14465903384060774,False
en454_control,2024-06-21,0.195576606666787,0.24289173615366386,False
en454_control,2024-06-24,0.2516896736415774,0.26090220813276044,False
en454_control,2024-06-25,-0.23094995998002005,-0.2449610707599046,False
en454_control,2024-06-26,-0.04701162083927614,-0.02767764399185223,False
en454_control,2024-06-27,0.10870705976517599,0.12238239629795185,False
en454_control,2024-06-28,0.09128204757864075,0.142333064102112,False
en454_control,2024-07-01,-0.11170245596297698,-0.08736546370040366,False
en454_control,2024-07-02,-0.02059974603862379,0.0002295823277659709,False
en454_control,2024-07-03,0.022184669639579456,0.05367267331868149,False
en454_control,2024-07-04,-0.06517698459983028,-0.07777281519867303,False
en454_control,2024-07-05,0.09564083121197349,0.1265830764429251,False
en454_control,2024-07-08,-0.024903958066282712,-0.030944231269509456,True
en454_control,2024-07-09,-0.12441975843579048,-0.21361327588277623,False
en454_control,2024-07-10,-0.022193660594462195,-0.021573875254673032,False
en454_control,2024-07-11,-0.02571251812935179,-0.010729184024960129,False
en454_control,2024-07-12,0.022355389457593862,0.0907883878511768,False
en454_control,2024-07-15,-0.17422168059843407,-0.20235040670015594,False
en454_control,2024-07-16,0.1279773108827406,0.20341761461644098,False
en454_control,2024-07-17,0.038982552742268764,0.03333572787468743,False
en454_control,2024-07-18,-0.010542855223188808,-0.04119491389874609,False
en454_control,2024-07-19,0.0067667722395432575,-0.00038336864693712896,False
en454_control,2024-07-22,0.10567328795560584,0.18567458827608968,False
en454_control,2024-07-23,0.13900183281071435,0.16924738614984655,False
en454_control,2024-07-24,-0.021085438819603237,-0.024509978097071776,False
en454_control,2024-07-25,0.06853606490392601,0.06182229703521214,False
en454_control,2024-07-26,0.062050414303566545,0.10459317619128788,False
en454_control,2024-07-29,-0.11305391656050799,-0.11559977984137083,False
en454_control,2024-07-30,-0.0034200197006834503,-0.0790955747610068,False
en454_control,2024-07-31,0.02509306173827275,0.09103248729229745,False
en454_control,2024-08-01,0.17465450168987298,0.21215989490453574,False
en454_control,2024-08-02,0.15397931002365575,0.1626707759353548,False
en454_control,2024-08-05,-0.0021602461003504517,-0.00329209904493426,False
en454_control,2024-08-06,-0.002126475038026652,0.025012761783052336,False
en454_control,2024-08-07,0.09125209132244266,0.14243011580919443,False
en454_control,2024-08-08,0.11667833726193173,0.16646068194632593,False
en454_control,2024-08-09,-0.0835290057164096,-0.05115900308239308,False
en454_control,2024-08-12,0.04438860160132193,0.029028438806386874,False
en454_control,2024-08-13,0.16259990983560488,0.21516727899255325,False
en454_control,2024-08-14,0.07530834642257486,0.0772519002096527,False
en454_control,2024-08-15,0.012175558323854915,0.013849213479273644,False
en454_control,2024-08-16,0.009391263006493468,0.058547711143319095,False
en454_control,2024-08-19,0.00021031853496783352,0.038122425144951844,False
en454_control,2024-08-20,0.1175289558095169,0.0916080639868235,False
en454_control,2024-08-21,0.03727563234577262,0.07049342065275295,False
en454_control,2024-08-22,0.08908720744792888,0.09097222400255979,False
en454_control,2024-08-23,-0.015363989239740741,-0.00153346950258305,False
en454_control,2024-08-26,-0.09866269466269467,-0.07811875394577462,False
en454_control,2024-08-27,-0.004831708831708832,-0.018320864409443072,False
en454_control,2024-08-28,0.1277770277770278,0.11292040305067236,False
en454_control,2024-08-29,-0.015464991464991466,-0.06012187848260976,False
en454_control,2024-08-30,0.2442172002172002,0.3087529472781247,False
en454_control,2024-09-02,0.025016809016809017,-0.010704899090275465,False
en454_control,2024-09-03,-0.06987135387135388,-0.11160884237375067,False
en454_control,2024-09-04,0.020728640728640727,0.020747077589622593,False
en454_control,2024-09-05,0.05207036807036808,0.13795948320111856,False
en454_control,2024-09-06,0.09061683061683062,0.09146256248625062,False
en454_control,2024-09-09,0.05164313164313165,0.02348850809573264,False
en454_control,2024-09-10,-0.15288360888360888,-0.2079127007548341,False
en454_control,2024-09-11,0.18727193527193528,0.195003774566918,False
en454_control,2024-09-12,0.13990942846654267,0.17403963378658943,False
en454_control,2024-09-13,-0.02856634590502326,-0.02231758801212099,False
en454_control,2024-09-18,0.1655840975840976,0.21735032612826477,False
en454_control,2024-09-19,0.1041891081891082,0.13148077774710643,False
en454_control,2024-09-20,-0.007529047529047529,0.00899221515407503,False
en454_control,2024-09-23,-0.05111549111549112,-0.11028771294943925,True
en454_control,2024-09-24,-0.01973656373656374,0.02395791840747493,False
en454_control,2024-09-25,0.01055047055047055,-0.036596904706695424,True
en454_control,2024-09-26,-0.1870775230775231,-0.22606251406251407,True
en454_control,2024-09-27,-0.20533976533976533,-0.26540417258902266,True
en454_control,2024-09-30,-0.1794937554937555,-0.15667481300610378,True
en454_control,2024-10-08,-0.11347572547572549,-0.09825690284644427,True
en454_control,2024-10-09,0.1148066468066468,0.11598488981239126,True
en454_control,2024-10-10,0.1771814611814612,0.22100572233175667,True
en454_control,2024-10-11,-0.03361610161610162,-0.030208518571020797,True
en454_control,2024-10-14,0.046282354282354284,0.07783745430447904,False
en454_control,2024-10-15,0.03432053832053832,0.05797937250118685,True
en454_control,2024-10-16,-0.0946951426951427,-0.10930792396377152,False
en454_control,2024-10-17,-0.3641334440653078,-0.4659958475509577,True
en454_control,2024-10-18,-0.004402424144616653,-0.0521166681127312,True
en454_control,2024-10-21,0.1556023815969987,0.24201486042415069,True
en454_control,2024-10-22,0.10155105588298954,0.11204386306561066,True
en454_control,2024-10-23,-0.04237144081325925,-0.008069519270838295,True
en454_control,2024-10-24,0.032055538814292024,0.04591066226185402,True
en454_control,2024-10-25,0.09825202194896447,0.12711524223652035,True
en454_control,2024-10-28,0.014724531306340865,0.031918711739142534,True
en454_control,2024-10-29,0.03711554781688185,0.054519899211117544,True
en454_control,2024-10-30,0.05328428188390842,0.031920860319742686,True
en454_control,2024-10-31,0.19485793208037694,0.24841534268787027,True
en454_control,2024-11-01,-0.02083144967710488,-0.05852240591801351,True
en454_control,2024-11-04,0.0528513450224475,-0.02493981082631654,True
en454_control,2024-11-05,0.09340729887339655,0.1127951558804956,True
en454_control,2024-11-06,0.22784514393409216,0.2692949317700251,True
en454_control,2024-11-07,0.0159965775992212,0.012505153514459945,True
en454_control,2024-11-08,-0.059759489943830534,-0.1601424157535855,True
en454_control,2024-11-11,0.12029162526546461,0.29039946562682944,True
en454_control,2024-11-12,0.07705227654655095,0.1100996278284011,False
en454_control,2024-11-13,-0.05901330101385176,0.05321714846003583,False
en454_control,2024-11-14,0.10475166434627985,0.1563485584546764,True
en454_control,2024-11-15,0.21478159923450504,0.2959302758548036,True
en454_control,2024-11-18,0.013565738082772148,-0.013383204928675398,False
en454_control,2024-11-19,0.16472547272547275,0.16687006187128225,True
en454_control,2024-11-20,0.06075153675153675,0.06625993565495164,False
en454_control,2024-11-21,0.04769411969411969,0.07572772618209254,True
en454_control,2024-11-22,-0.09358412158412159,-0.09060102796004339,True
en454_control,2024-11-25,-0.05688316488316489,-0.01906742712670937,False
en454_control,2024-11-26,-0.16967216113909497,-0.24779610495281343,True
en454_control,2024-11-27,-0.045287391600016845,-0.004813320841280873,False
en454_control,2024-11-28,-0.08925233325233325,-0.10551905215216646,False
en454_control,2024-11-29,0.09945212745212746,0.09462516146391635,False
en454_control,2024-12-02,0.043767378601045924,0.054593294428994334,False
en454_control,2024-12-03,-0.09644232609362868,-0.07953127973100892,False
en454_control,2024-12-04,0.1592906192906193,0.15052882181848387,True
en454_control,2024-12-05,0.10817876417876418,0.1670854670854671,False
en454_control,2024-12-06,0.035716859716859714,0.03771926583242363,False
en454_control,2024-12-09,0.00798820398820399,0.015147087192528455,False
en454_control,2024-12-10,0.019802395802395803,0.025823173900643426,False
en454_control,2024-12-11,-0.09817768871075483,-0.08762073200600277,False
en454_control,2024-12-12,-0.0947042156842169,-0.09066344563661373,True
en454_control,2024-12-13,-0.11565407479021184,-0.06485781697188442,False
en454_control,2024-12-16,-0.05575035118776563,-0.016856125538121318,False
en454_control,2024-12-17,-0.006307976509161224,-0.005183568438027463,True
en454_control,2024-12-18,0.12257208294016111,0.11393342168268508,False
en454_control,2024-12-19,0.022864559102131955,-0.023862472982390547,False
en454_control,2024-12-20,-0.16776884968351227,-0.11784312301416408,False
en454_control,2024-12-23,-0.17019616446461341,-0.17821536941808017,False
en454_control,2024-12-24,-0.20131757272929449,-0.16525920094258725,False
en454_control,2024-12-25,0.0711461230154476,0.06512633610584281,False
en454_control,2024-12-26,0.13853135571090222,0.21521410519076276,False
en454_control,2024-12-27,-0.00844461820645557,-0.003113979732259688,False
pool_factor_control,2024-01-02,-0.02006801528848223,-0.023293346326624345,False
pool_factor_control,2024-01-03,-0.07563559317739486,-0.07648103467630367,False
pool_factor_control,2024-01-04,0.01537306348058981,0.01060183540546326,False
pool_factor_control,2024-01-05,-0.002247906437496616,-0.002784536290700198,False
pool_factor_control,2024-01-08,-0.043687407164160155,-0.043984656934044776,False
pool_factor_control,2024-01-09,0.00015829420665488587,6.86788675225821e-05,False
pool_factor_control,2024-01-10,0.09878523454244448,0.0949851867707288,False
pool_factor_control,2024-01-11,-0.0011704717653626409,-0.0010110340760712132,False
pool_factor_control,2024-01-12,-0.030802760785988908,-0.031269284387684386,False
pool_factor_control,2024-01-15,-0.017748190127871894,-0.017846825008652163,False
pool_factor_control,2024-01-16,-0.025990980493963388,-0.04546018068062009,False
pool_factor_control,2024-01-17,0.0728989668460458,0.07084061137626421,False
pool_factor_control,2024-01-18,0.01874261557160303,0.005187935591741572,False
pool_factor_control,2024-01-19,-0.04992111440866376,-0.051787994155363,False
pool_factor_control,2024-01-22,-0.04088454746164236,-0.03979682330269407,False
pool_factor_control,2024-01-23,-0.08719670926700686,-0.09683624702671312,False
pool_factor_control,2024-01-24,-0.005965434594014131,-0.0064867748841346915,False
pool_factor_control,2024-01-25,-0.06214391278586889,-0.06181788265446821,False
pool_factor_control,2024-01-26,-0.06930049096097791,-0.0687540037517907,False
pool_factor_control,2024-01-29,-0.09122378898415136,-0.09236453089647434,False
pool_factor_control,2024-01-30,-0.05965994548949743,-0.05805607388356599,False
pool_factor_control,2024-01-31,0.012957135685919115,0.01389595454921027,False
pool_factor_control,2024-02-01,-0.0568209082161644,-0.07446095431366838,True
pool_factor_control,2024-02-02,-0.021309791718486813,-0.02987192752354399,True
pool_factor_control,2024-02-05,-0.0005355041702571771,0.002239807772727426,True
pool_factor_control,2024-02-06,-0.05863523395898648,-0.05733734201333061,True
pool_factor_control,2024-02-07,0.049232090174891885,0.061444911377069755,True
pool_factor_control,2024-02-08,-0.01706608206550219,-0.02067675048427,False
pool_factor_control,2024-02-19,0.03887417821312271,0.039389099050810235,False
pool_factor_control,2024-02-20,-0.0043330429226599325,0.013764529755488827,False
pool_factor_control,2024-02-21,0.028370611949827394,0.03764262653094391,False
pool_factor_control,2024-02-22,0.04756337045181996,0.05786964630968981,False
pool_factor_control,2024-02-23,0.0028307072368869905,0.012836734570091497,False
pool_factor_control,2024-02-26,0.0655355112174251,0.08343448623904968,False
pool_factor_control,2024-02-27,-0.012582445701237097,-0.07169078562957867,True
pool_factor_control,2024-02-28,0.0996003985267052,0.0977282110580306,False
pool_factor_control,2024-02-29,-0.002101541519672931,0.029802391426062377,False
pool_factor_control,2024-03-01,-0.008366819442118055,-0.012965334078618648,False
pool_factor_control,2024-03-04,-0.027421382027529452,-0.04445473514616328,False
pool_factor_control,2024-03-05,-0.03305540978742026,-0.039946792807625836,False
pool_factor_control,2024-03-06,-0.03559555918133941,-0.05343703107242995,False
pool_factor_control,2024-03-07,0.02129306384437515,0.0216139681068429,False
pool_factor_control,2024-03-08,0.021176812547152944,0.038986087565428415,False
pool_factor_control,2024-03-11,0.030906734648440473,0.03394782715417758,False
pool_factor_control,2024-03-12,-0.01677452746049888,-0.010332470631442808,False
pool_factor_control,2024-03-13,-0.0018967554864512597,-0.029791090328302884,False
pool_factor_control,2024-03-14,0.013163702554487585,0.012791517036182528,False
pool_factor_control,2024-03-15,-0.05130219410294032,-0.045713466953119127,False
pool_factor_control,2024-03-18,0.05287613899645935,0.0449999394075876,False
pool_factor_control,2024-03-19,-0.00379283363263526,-0.0038432430122706685,False
pool_factor_control,2024-03-20,0.018983115406655725,0.008657668722428786,False
pool_factor_control,2024-03-21,-0.040851859385095904,-0.04198065789585055,True
pool_factor_control,2024-03-22,-0.1079272018835672,-0.10667561430783092,False
pool_factor_control,2024-03-25,-0.02080796841833331,-0.023075179544538263,False
pool_factor_control,2024-03-26,-0.02864339480219621,-0.044736617725413916,False
pool_factor_control,2024-03-27,-0.013112866868107517,-0.017968719370208552,False
pool_factor_control,2024-03-28,-0.006304282653590438,-0.011510330760372122,False
pool_factor_control,2024-03-29,0.015917064904722895,0.015386312038851852,False
pool_factor_control,2024-04-01,-0.023593362543138926,-0.026333756683626464,True
pool_factor_control,2024-04-02,-0.08184293083991642,-0.08672401923309885,False
pool_factor_control,2024-04-03,-0.03164631888480817,-0.03141954553627877,False
pool_factor_control,2024-04-08,0.023803636728320733,0.02349184543862407,False
pool_factor_control,2024-04-09,-0.055758885097317974,-0.060221840226747626,False
pool_factor_control,2024-04-10,-0.009065568814729775,-0.012443106002952151,False
pool_factor_control,2024-04-11,-0.09340917815092052,-0.09259071047895143,False
pool_factor_control,2024-04-12,-0.09106680191934095,-0.09174228340307537,True
pool_factor_control,2024-04-15,-0.1156031821421473,-0.11587375571600403,True
pool_factor_control,2024-04-16,0.04274936250203748,0.04098817523221263,True
pool_factor_control,2024-04-17,-0.0035142485367126073,-0.011148523721897192,False
pool_factor_control,2024-04-18,-0.05785679734891509,-0.06281953556829484,True
pool_factor_control,2024-04-19,0.08830084981718826,0.09430450275075537,True
pool_factor_control,2024-04-22,0.0916250796681822,0.10078757598420211,False
pool_factor_control,2024-04-23,-0.008493709304812596,-0.00016056809479896676,True
pool_factor_control,2024-04-24,-0.0004749139983854583,-0.0014076462496571188,False
pool_factor_control,2024-04-25,0.08345040116665223,0.0934373143538439,True
pool_factor_control,2024-04-26,0.05755669688346309,0.057514108220810885,True
pool_factor_control,2024-04-29,0.003102629414883647,0.0012253141519319656,True
pool_factor_control,2024-04-30,-0.02357033045296731,-0.02406254071484303,False
pool_factor_control,2024-05-06,0.0569976763877903,0.05772843236871875,False
pool_factor_control,2024-05-07,0.0030575474721162756,-0.0025780116421658017,False
pool_factor_control,2024-05-08,-0.02520546942560905,-0.025606219673342107,False
pool_factor_control,2024-05-09,-0.06755980033819481,-0.06607432399901189,False
pool_factor_control,2024-05-10,-0.07787853655171363,-0.07895389347036126,True
pool_factor_control,2024-05-13,-0.012468867606467626,-0.014630094078623458,False
pool_factor_control,2024-05-14,-0.008264859382121943,-0.012142243189084276,False
pool_factor_control,2024-05-15,0.0282798862999042,0.028299130308232962,True
pool_factor_control,2024-05-16,0.00533516771741202,0.007202483103589794,False
pool_factor_control,2024-05-17,-0.011114797899833873,-0.024824145871587558,False
pool_factor_control,2024-05-20,-0.022232978391972236,-0.02596178880840426,False
pool_factor_control,2024-05-21,0.021219631874002883,0.021772038921686908,False
pool_factor_control,2024-05-22,-0.010847640450037877,-0.02030029812409451,False
pool_factor_control,2024-05-23,-0.05186746060043146,-0.06284402573807914,False
pool_factor_control,2024-05-24,-0.03478772468624743,-0.03520479626242404,False
pool_factor_control,2024-05-27,0.06480330477076118,0.06630035183821716,False
pool_factor_control,2024-05-28,-0.02345562808617902,-0.02241754233513564,False
pool_factor_control,2024-05-29,0.060938377821199874,0.05815577817954632,False
pool_factor_control,2024-05-30,-0.02240375659541679,-0.0024162857534053323,False
pool_factor_control,2024-05-31,-0.10793606455292577,-0.1078774795148897,False
pool_factor_control,2024-06-03,-0.03775423205066596,-0.04599965977138118,False
pool_factor_control,2024-06-04,0.03629171933931011,0.039934842384806324,False
pool_factor_control,2024-06-05,-0.07520325797047703,-0.08545879188846736,True
pool_factor_control,2024-06-06,0.0073681960972785095,-0.0029555708354896885,False
pool_factor_control,2024-06-07,0.03538625657221968,0.060046414972899496,True
pool_factor_control,2024-06-11,0.006722903307408939,0.00940994605845435,False
pool_factor_control,2024-06-12,0.01398087596411351,0.02045353299822274,True
pool_factor_control,2024-06-13,-0.1319877382594612,-0.13765839301330252,False
pool_factor_control,2024-06-14,0.04339348648772365,0.0460482230860745,False
pool_factor_control,2024-06-17,-0.007341186768289392,-0.00839803391827157,False
pool_factor_control,2024-06-18,-0.0218230625675048,-0.023746547939750916,False
pool_factor_control,2024-06-19,0.00963600747519307,0.007934871795899993,False
pool_factor_control,2024-06-20,-0.007717318466804908,-0.009051315271759012,False
pool_factor_control,2024-06-21,-0.03604670812854222,-0.03660590515153619,False
pool_factor_control,2024-06-24,-0.061303678643677285,-0.06286566221389019,False
pool_factor_control,2024-06-25,0.06415604818935527,0.06672115355243186,False
pool_factor_control,2024-06-26,-0.04572585295813555,-0.04762968763182286,False
pool_factor_control,2024-06-27,-0.07113264156154056,-0.07310756387422207,False
pool_factor_control,2024-06-28,-0.033260622326835736,-0.04035477710968386,False
pool_factor_control,2024-07-01,-0.006049448161422357,-0.009876084138356993,False
pool_factor_control,2024-07-02,0.051176563246664704,0.04785393592106106,False
pool_factor_control,2024-07-03,-0.06803278919859089,-0.07164592116060352,False
pool_factor_control,2024-07-04,0.03133235684867748,0.031834999917974095,False
pool_factor_control,2024-07-05,-0.05557665188669152,-0.059957452030284165,False
pool_factor_control,2024-07-08,-0.06404476500412772,-0.06414558138993988,True
pool_factor_control,2024-07-09,0.05172906022641124,0.05457888926103446,False
pool_factor_control,2024-07-10,0.03517100207587102,0.03500803717853656,False
pool_factor_control,2024-07-11,0.052131611305466334,0.04957940811504184,False
pool_factor_control,2024-07-12,-0.02911560310992461,-0.041125856449273204,False
pool_factor_control,2024-07-15,-0.0008702187667003989,-8.996977746532194e-05,False
pool_factor_control,2024-07-16,0.07618205303320744,0.06270004194561865,False
pool_factor_control,2024-07-17,0.04960806828008148,0.0523464294049373,False
pool_factor_control,2024-07-18,0.0720910923219255,0.07432970025372777,False
pool_factor_control,2024-07-19,0.04258221084989866,0.04465865391848652,False
pool_factor_control,2024-07-22,0.04655494069523915,0.034003014097052954,False
pool_factor_control,2024-07-23,0.01715738010087153,0.011372910693498387,False
pool_factor_control,2024-07-24,0.030784915907819066,0.03172667884268769,False
pool_factor_control,2024-07-25,-0.06840943365257629,-0.06631386292278961,False
pool_factor_control,2024-07-26,-0.0684575076007743,-0.07199095737255583,False
pool_factor_control,2024-07-29,0.05711839549579697,0.057023934641275364,False
pool_factor_control,2024-07-30,-0.02370018588120095,-0.00625913669140191,False
pool_factor_control,2024-07-31,0.03701134846447824,0.030179320459952426,False
pool_factor_control,2024-08-01,0.03334581947102239,0.029928454066214794,False
pool_factor_control,2024-08-02,-0.024375962887127702,-0.02633895894100298,False
pool_factor_control,2024-08-05,0.07149801022401998,0.07150050348683124,False
pool_factor_control,2024-08-06,-0.02175696715451876,-0.026516923404573987,False
pool_factor_control,2024-08-07,0.02604155239747538,0.022052244894655695,False
pool_factor_control,2024-08-08,-0.05826657306880677,-0.06789717006057877,False
pool_factor_control,2024-08-09,-0.016509143138160216,-0.01740804439731797,False
pool_factor_control,2024-08-12,-0.03155152620705799,-0.030476629772422492,False
pool_factor_control,2024-08-13,-0.0475771089935982,-0.05508907315325041,False
pool_factor_control,2024-08-14,0.01814798977668696,0.0182355453370072,False
pool_factor_control,2024-08-15,0.004676479078217807,0.004674775353427557,False
pool_factor_control,2024-08-16,-0.04673116957640221,-0.04958287551019139,False
pool_factor_control,2024-08-19,-0.01414464260519311,-0.021326993154942058,False
pool_factor_control,2024-08-20,-0.007582944392912187,-0.003954386800810026,False
pool_factor_control,2024-08-21,0.03249903462887105,0.022262493385656563,False
pool_factor_control,2024-08-22,-0.06123980972825374,-0.06163427169263829,False
pool_factor_control,2024-08-23,-0.005492494961193184,-0.0068403143095192515,False
pool_factor_control,2024-08-26,0.039393471277406916,0.03199238049650164,False
pool_factor_control,2024-08-27,0.06778791194119002,0.07107734726380481,False
pool_factor_control,2024-08-28,0.018225319750484234,0.017748812932036343,False
pool_factor_control,2024-08-29,-0.009035229519131643,-0.003399150839931485,False
pool_factor_control,2024-08-30,-0.0010579935693349131,-0.0026284968205298664,False
pool_factor_control,2024-09-02,0.021680063603550213,0.023640593580373584,False
pool_factor_control,2024-09-03,0.05237240251820586,0.06308074862192518,False
pool_factor_control,2024-09-04,0.01869034325739124,0.01871944379626432,False
pool_factor_control,2024-09-05,0.031107889925978616,0.018725631833919825,False
pool_factor_control,2024-09-06,-0.016585575764654335,-0.017322692357109443,False
pool_factor_control,2024-09-09,0.009591461310943064,0.013306930054369746,False
pool_factor_control,2024-09-10,-0.06578687671987886,-0.05182086640018698,False
pool_factor_control,2024-09-11,0.05293482052281464,0.05227276886057808,False
pool_factor_control,2024-09-12,-0.0528693403386382,-0.07111310523597156,False
pool_factor_control,2024-09-13,-0.00558412813560836,-0.00784613970790621,False
pool_factor_control,2024-09-18,0.025927725673379396,0.020564124057803904,False
pool_factor_control,2024-09-19,-0.007081981389339638,-0.010012637707772684,False
pool_factor_control,2024-09-20,-0.026343990854864222,-0.027023239182370002,False
pool_factor_control,2024-09-23,-0.0023121709097426316,0.0022648166404563553,True
pool_factor_control,2024-09-24,0.06643018199710556,0.0638532624843129,False
pool_factor_control,2024-09-25,-0.03536113332564418,-0.027735062381912114,True
pool_factor_control,2024-09-26,0.009954919910459855,0.006339178405277149,True
pool_factor_control,2024-09-27,0.10809427509838977,0.10703125510184393,True
pool_factor_control,2024-09-30,0.047631224860812456,0.04384830449302273,True
pool_factor_control,2024-10-08,-0.01818752545343306,-0.01878621321255077,True
pool_factor_control,2024-10-09,-0.041202325078058086,-0.04356799417195615,True
pool_factor_control,2024-10-10,-0.060128818601827345,-0.05375963637016536,True
pool_factor_control,2024-10-11,-0.02399183841891736,-0.024180115568892793,True
pool_factor_control,2024-10-14,0.021772773693133372,0.017133620447378775,False
pool_factor_control,2024-10-15,-0.0009018768858291416,-0.0030100412149977242,True
pool_factor_control,2024-10-16,0.07191205613665547,0.07344116691100197,False
pool_factor_control,2024-10-17,0.003398180013650358,0.024765117724340806,True
pool_factor_control,2024-10-18,-0.019748485428377018,-0.009832928076035315,True
pool_factor_control,2024-10-21,-0.04134246943159615,-0.04442257091027627,True
pool_factor_control,2024-10-22,0.03780967529680581,0.03795792056437557,True
pool_factor_control,2024-10-23,-0.041611190562264304,-0.046824311926102924,True
pool_factor_control,2024-10-24,0.04626980838076452,0.045731726152393404,True
pool_factor_control,2024-10-25,0.014441877044807813,0.009847774090574121,True
pool_factor_control,2024-10-28,0.0004994363106833731,-0.0066224999611146545,True
pool_factor_control,2024-10-29,0.028548462382542668,0.026400809345730837,True
pool_factor_control,2024-10-30,0.05544595803666681,0.06228190698987622,True
pool_factor_control,2024-10-31,-0.009964078604937641,-0.026845567143955786,True
pool_factor_control,2024-11-01,0.08822810929542027,0.09482948115810093,True
pool_factor_control,2024-11-04,0.07916282433779478,0.09467393940805278,True
pool_factor_control,2024-11-05,-0.0526573815769503,-0.05660432764637303,True
pool_factor_control,2024-11-06,0.025875099032072087,0.020083438393309935,True
pool_factor_control,2024-11-07,0.045958096662057336,0.046820029948257895,True
pool_factor_control,2024-11-08,0.03964807901878039,0.0642976252508953,True
pool_factor_control,2024-11-11,-0.034418809312300895,-0.0540645640980509,True
pool_factor_control,2024-11-12,0.017654538542709625,0.013156336487710245,False
pool_factor_control,2024-11-13,-0.007836611835399876,-0.0280847676732796,False
pool_factor_control,2024-11-14,-0.08786782577335493,-0.0930018312499011,True
pool_factor_control,2024-11-15,-0.024330588025412138,-0.019271098556847346,True
pool_factor_control,2024-11-18,0.06802010248092333,0.0739464207890553,False
pool_factor_control,2024-11-19,0.008357523545340508,0.012756328240321945,True
pool_factor_control,2024-11-20,-0.03663161152201084,-0.040525505489018676,False
pool_factor_control,2024-11-21,-0.03434586871713254,-0.04350277721470201,True
pool_factor_control,2024-11-22,-0.01510743842898936,-0.01639638921872631,True
pool_factor_control,2024-11-25,-0.03666755672419203,-0.051049249631949276,False
pool_factor_control,2024-11-26,0.004917864579865383,0.01010828354170591,True
pool_factor_control,2024-11-27,0.047001154719710926,0.035474711525129064,False
pool_factor_control,2024-11-28,-0.03968649164053951,-0.037744559820253716,False
pool_factor_control,2024-11-29,0.04180991695396553,0.04142633068192762,False
pool_factor_control,2024-12-02,0.017409618239121887,0.00879581295203652,False
pool_factor_control,2024-12-03,-0.030604753730919126,-0.03227760776613986,False
pool_factor_control,2024-12-04,0.03771102974116719,0.04069737699311892,True
pool_factor_control,2024-12-05,-0.029451872431912517,-0.05713258253177471,False
pool_factor_control,2024-12-06,0.029974356048525563,0.029473553658143054,False
pool_factor_control,2024-12-09,-0.02559146573328493,-0.026941877252849716,False
pool_factor_control,2024-12-10,-0.030491744927801077,-0.0315774041449065,False
pool_factor_control,2024-12-11,-0.040246433239941246,-0.05135291737896241,False
pool_factor_control,2024-12-12,-0.020947358993805842,-0.021894372950809853,True
pool_factor_control,2024-12-13,-0.03300234899889453,-0.03926062594462588,False
pool_factor_control,2024-12-16,0.012957387922056649,0.005601531713752831,False
pool_factor_control,2024-12-17,0.032643695198219226,0.03254408568014547,True
pool_factor_control,2024-12-18,-0.03471162705416654,-0.03338613971184354,False
pool_factor_control,2024-12-19,-0.00644521010635721,-0.004325469178265662,False
pool_factor_control,2024-12-20,-0.020970728002291116,-0.024826127696659546,False
pool_factor_control,2024-12-23,-0.014704204853668298,-0.013670158276505247,False
pool_factor_control,2024-12-24,-0.015313175576348943,-0.01898054650771767,False
pool_factor_control,2024-12-25,0.0682794473294355,0.07455629269558131,False
pool_factor_control,2024-12-26,-0.03370961247104549,-0.04498927071392913,False
pool_factor_control,2024-12-27,0.0473472784103993,0.04483130989923316,False
noise_control,2024-01-02,0.00032993686131189775,0.004493490946840261,False
noise_control,2024-01-03,0.005206470995670452,0.006502298965513753,False
noise_control,2024-01-04,-0.002175543342129272,0.0056065698815784505,False
noise_control,2024-01-05,0.04896807207748046,0.047211987442609564,False
noise_control,2024-01-08,0.06940630811171891,0.06823436248076348,False
noise_control,2024-01-09,0.002934517684016681,0.0018318688495863656,False
noise_control,2024-01-10,0.012086142254478925,0.00937225234994623,False
noise_control,2024-01-11,-0.008260268284316379,-0.007242607204993471,False
noise_control,2024-01-12,0.015634283582179373,0.01443442826994616,False
noise_control,2024-01-15,0.04065564161355744,0.04148419221300016,False
noise_control,2024-01-16,-0.030438498618859333,-0.027498853562981814,False
noise_control,2024-01-17,-0.07461302183947473,-0.07359499258125489,False
noise_control,2024-01-18,0.010127871358332279,0.006265566442595934,False
noise_control,2024-01-19,-0.040346759585236536,-0.04113801790108149,False
noise_control,2024-01-22,-0.0593266653426974,-0.06098460694935711,False
noise_control,2024-01-23,-0.0005360871893938026,-0.003391251001022324,False
noise_control,2024-01-24,0.027129579129579133,0.022859290996446745,False
noise_control,2024-01-25,-0.034241902241902246,-0.0333448315455905,False
noise_control,2024-01-26,0.0007913167913167913,0.0013952413952413954,False
noise_control,2024-01-29,0.027539427539427543,0.0270692491504569,False
noise_control,2024-01-30,0.0565899685899686,0.061582309767056705,False
noise_control,2024-01-31,0.06955880529828423,0.06739870353736226,False
noise_control,2024-02-01,0.031940565816317316,0.03223492029103251,True
noise_control,2024-02-02,-0.028203566291742643,-0.025906431481581775,True
noise_control,2024-02-05,-0.00634921834921835,-0.006565224663703033,True
noise_control,2024-02-06,0.02481774081774082,0.024500238573739293,True
noise_control,2024-02-07,-0.014087294087294089,-0.01820845820845821,True
noise_control,2024-02-08,-0.029347217347217347,-0.029599866132663733,False
noise_control,2024-02-19,0.019564663564663565,0.019679084859829988,False
noise_control,2024-02-20,-0.0026727986727986728,-0.0041578062201733145,False
noise_control,2024-02-21,-0.005994389994389995,-0.006199395342489577,False
noise_control,2024-02-22,0.00415945615945616,-0.0007960213213955669,False
noise_control,2024-02-23,-0.016124320124320125,-0.017369045778224852,False
noise_control,2024-02-26,-0.011061635061635062,-0.011791463862212645,False
noise_control,2024-02-27,0.03971737571737572,0.033653037653037655,True
noise_control,2024-02-28,0.026111174111174112,0.0254592976120534,False
noise_control,2024-02-29,0.012062700062700063,0.011535506546274148,False
noise_control,2024-03-01,-0.031995643995644,-0.03285333295189295,False
noise_control,2024-03-04,-0.004741172913023132,-0.0016618609500423818,False
noise_control,2024-03-05,0.004391510784437058,0.007446808757864708,False
noise_control,2024-03-06,-0.022095673118883028,-0.02871070973420148,False
noise_control,2024-03-07,-0.08508722681553607,-0.0852105913344032,False
noise_control,2024-03-08,0.03109550783359084,0.027211237275988984,False
noise_control,2024-03-11,0.02447212751169645,0.025437313705629187,False
noise_control,2024-03-12,-0.009872670265455834,-0.009094569100618816,False
noise_control,2024-03-13,0.017238236232224206,0.012468270157943261,False
noise_control,2024-03-14,-0.018579429128527322,-0.01833317818819709,False
noise_control,2024-03-15,0.038732744768816905,0.04008634293939516,False
noise_control,2024-03-18,-0.007988107988107989,-0.008548176933392826,False
noise_control,2024-03-19,0.031669939669939674,0.03218405615652727,False
noise_control,2024-03-20,-0.0024942144942144942,-0.004052352763377669,False
noise_control,2024-03-21,-0.07545945945945946,-0.07566209188907817,True
noise_control,2024-03-22,-0.03655239655239655,-0.03610081197071832,False
noise_control,2024-03-25,0.0208007008007008,0.017682056646861642,False
noise_control,2024-03-26,-0.00944026544026544,-0.003754605777133412,False
noise_control,2024-03-27,-0.009939297939297941,-0.008935373267505995,False
noise_control,2024-03-28,-0.06664605064605064,-0.06888328115642947,False
noise_control,2024-03-29,0.004797532797532799,0.00513280147156638,False
noise_control,2024-04-01,0.007025983025983027,0.009384556398088542,True
noise_control,2024-04-02,0.04212930612930613,0.044423648009807436,False
noise_control,2024-04-03,0.008324396324396325,-0.0010082953743066616,False
noise_control,2024-04-08,0.004691128691128691,0.004702252899747526,False
noise_control,2024-04-09,-0.0036860796860796866,0.00031146031239469334,False
noise_control,2024-04-10,0.0007565287565287565,-0.001756933825454246,False
noise_control,2024-04-11,-0.027878907878907882,-0.027270370988404416,False
noise_control,2024-04-12,0.03978848778848779,0.03930821154406082,True
noise_control,2024-04-15,0.01200824400824401,0.01139327946163914,True
noise_control,2024-04-16,0.003461139461139461,0.0023559923630603404,True
noise_control,2024-04-17,0.041925881925881925,0.04189542765503565,False
noise_control,2024-04-18,0.005985977985977986,0.0030104917691357908,True
noise_control,2024-04-19,0.050291366291366296,0.04739297023654854,True
noise_control,2024-04-22,-0.02652336252336253,-0.029255527274158727,False
noise_control,2024-04-23,0.023779763731667538,0.017017222022066004,True
noise_control,2024-04-24,0.026772078691918368,0.025646049780499742,False
noise_control,2024-04-25,-0.0114013044809442,-0.019614815246198375,True
noise_control,2024-04-26,0.0492496382631971,0.0492521087442846,True
noise_control,2024-04-29,-0.014182739967626527,-0.013232015846775476,True
noise_control,2024-04-30,0.001528065139287584,0.0008801932550744827,False
noise_control,2024-05-06,-0.007415780509968886,-0.005605229908599791,False
noise_control,2024-05-07,0.011708004597784157,0.008289148943133855,False
noise_control,2024-05-08,0.02032330125716899,0.020224082040646844,False
noise_control,2024-05-09,-0.011979983992008038,-0.01201136220803604,False
noise_control,2024-05-10,0.003577858355595939,0.003997195387831352,True
noise_control,2024-05-13,0.004008404701906165,0.0033289973274764576,False
noise_control,2024-05-14,0.028134972647998694,0.03393331307318753,False
noise_control,2024-05-15,-0.0056820788724596324,-0.005674846193335485,True
noise_control,2024-05-16,0.026431633209883794,0.02575178172980116,False
noise_control,2024-05-17,0.03759451578057697,0.036695338676689546,False
noise_control,2024-05-20,0.0157740247287446,0.01621357907068392,False
noise_control,2024-05-21,0.03273544085167331,0.0312621839994884,False
noise_control,2024-05-22,-0.04632990906738401,-0.04785387663997479,False
noise_control,2024-05-23,0.024052236605342815,0.030774627564775253,False
noise_control,2024-05-24,0.04534930521704068,0.045156562082517185,False
noise_control,2024-05-27,0.021678249164314572,0.023980693104803826,False
noise_control,2024-05-28,-0.036224937367242034,-0.03559004388713441,False
noise_control,2024-05-29,-0.022143358708163342,-0.020496876307103437,False
noise_control,2024-05-30,0.04494229769052232,0.05254750833938188,False
noise_control,2024-05-31,0.013211026919486968,0.012658212108265676,False
noise_control,2024-06-03,-0.0636729074246034,-0.060270774153520994,False
noise_control,2024-06-04,-0.012811107801489769,-0.0044157889282385576,False
noise_control,2024-06-05,0.08731865796647316,0.08926459271695697,True
noise_control,2024-06-06,0.013768851735657964,0.015975469421852333,False
noise_control,2024-06-07,-0.03025672973592886,-0.04032002041667643,True
noise_control,2024-06-11,0.03733044626667379,0.03679544241643632,False
noise_control,2024-06-12,-0.0027465983017085217,-0.0014814494788689691,True
noise_control,2024-06-13,0.045541422479122406,0.04770778866786471,False
noise_control,2024-06-14,0.034013309481452036,0.03221416067495837,False
noise_control,2024-06-17,0.011305187305187306,0.010323195495117734,False
noise_control,2024-06-18,0.009763413763413763,0.010583698742454226,False
noise_control,2024-06-19,-0.025553881553881556,-0.030995227088212774,False
noise_control,2024-06-20,0.034629800140822176,0.03561421135883145,False
noise_control,2024-06-21,-0.02119898656171201,-0.019237670594154287,False
noise_control,2024-06-24,-0.01675112386936034,-0.014448973751141634,False
noise_control,2024-06-25,0.008685358705398783,0.008822353468633082,False
noise_control,2024-06-26,0.011677023717103876,0.01450614764824164,False
noise_control,2024-06-27,0.01726133347776634,0.018798101283582155,False
noise_control,2024-06-28,-0.006604969699158074,-0.012591889809909457,False
noise_control,2024-07-01,0.028723200154061875,0.026957369232409614,False
noise_control,2024-07-02,0.031663759952337105,0.032224279998460593,False
noise_control,2024-07-03,0.023110725956417336,0.02551598723592515,False
noise_control,2024-07-04,-0.036336240047662886,-0.03795199799546317,False
noise_control,2024-07-05,0.006814469780401643,0.005553358986902811,False
noise_control,2024-07-08,0.025325076579585593,0.02467018759245499,True
noise_control,2024-07-09,0.0062218250314442685,-0.006303303341236848,False
noise_control,2024-07-10,0.04839713059753139,0.04839602502528272,False
noise_control,2024-07-11,0.05636663116021832,0.05785661855662504,False
noise_control,2024-07-12,0.02276825121714901,0.03609902336287459,False
noise_control,2024-07-15,-0.0026476496536616775,-0.000983692189278074,False
noise_control,2024-07-16,-0.02862169349406612,-0.0314728728981187,False
noise_control,2024-07-17,-0.0025249640246936744,-0.001576685060088316,False
noise_control,2024-07-18,-0.033137434292804205,-0.031384973603465434,False
noise_control,2024-07-19,-0.004881827292948432,-0.005441918909058279,False
noise_control,2024-07-22,0.0352504129345676,0.018172527337894876,False
noise_control,2024-07-23,0.020339901793882977,0.024790162805636378,False
noise_control,2024-07-24,0.0028809037498432337,0.003421755148214299,False
noise_control,2024-07-25,-0.012788436020054724,-0.012970184708593646,False
noise_control,2024-07-26,-0.01255645468243181,-0.0051395622613327144,False
noise_control,2024-07-29,0.036159229796010925,0.03609393981242132,False
noise_control,2024-07-30,0.0016729852935934396,0.006533568350110732,False
noise_control,2024-07-31,-0.034941013493676586,-0.03271976959268027,False
noise_control,2024-08-01,0.02810308172991825,0.03120229356046622,False
noise_control,2024-08-02,-0.012347409953258382,-0.014245134219100836,False
noise_control,2024-08-05,0.007301596704060561,0.0072489216722652575,False
noise_control,2024-08-06,-0.04509273528870651,-0.0445081468201957,False
noise_control,2024-08-07,0.013548809903806757,0.007559602664466765,False
noise_control,2024-08-08,-0.021315923191891777,-0.025146588423480398,False
noise_control,2024-08-09,0.0006944047944805728,0.005171231904106489,False
noise_control,2024-08-12,-0.014682411047860102,-0.014842739974988308,False
noise_control,2024-08-13,0.017795797135821217,0.02172217980433782,False
noise_control,2024-08-14,-0.03730429026220609,-0.03734472694783399,False
noise_control,2024-08-15,0.0005408534803566697,0.00022677790601491533,False
noise_control,2024-08-16,0.00437361208904295,-0.002084590139061231,False
noise_control,2024-08-19,-0.028340970228745772,-0.023781611342148592,False
noise_control,2024-08-20,0.06186085083079071,0.05703922157441436,False
noise_control,2024-08-21,0.03399227283395619,0.03199194737533439,False
noise_control,2024-08-22,-0.02686698321568061,-0.027569367957634247,False
noise_control,2024-08-23,-0.002713872188822088,-0.00022948602319356802,False
noise_control,2024-08-26,0.010810858810858812,0.008823862385686167,False
noise_control,2024-08-27,0.027641367641367643,0.029609858985383108,False
noise_control,2024-08-28,0.03053025053025053,0.027083369033371673,False
noise_control,2024-08-29,-0.02909111309111309,-0.017528963634137418,False
noise_control,2024-08-30,-0.047411807411807415,-0.04781313868192709,False
noise_control,2024-09-02,-0.0033086673086673082,-0.001327057374831441,False
noise_control,2024-09-03,0.012227088227088229,0.018978515432895447,False
noise_control,2024-09-04,0.09116292716292716,0.09115849752405855,False
noise_control,2024-09-05,0.007501495501495502,0.018536970703803442,False
noise_control,2024-09-06,-0.008775740775740776,-0.008569689973905309,False
noise_control,2024-09-09,0.06314649914649914,0.06074541748815921,False
noise_control,2024-09-10,0.03140851940851941,0.02652126768410244,False
noise_control,2024-09-11,0.048068196068196074,0.047891810022229295,False
noise_control,2024-09-12,0.01838573242581258,0.01253765267258455,False
noise_control,2024-09-13,-0.03148881546877538,-0.03160320591027732,False
noise_control,2024-09-18,-0.009304809304809305,-0.01209800547717818,False
noise_control,2024-09-19,-0.0595847635847636,-0.06062115117421907,False
noise_control,2024-09-20,-0.019811599811599814,-0.020258000622644642,False
noise_control,2024-09-23,0.025725769725769728,0.028753660926182895,True
noise_control,2024-09-24,0.030924906924906927,0.028953252917661786,False
noise_control,2024-09-25,0.020962700962700965,0.025904407982121205,True
noise_control,2024-09-26,0.03788650988650989,0.04162240162240163,True
noise_control,2024-09-27,0.02591244191244191,0.031106887480170136,True
noise_control,2024-09-30,-0.10352440352440352,-0.10337644079550853,True
noise_control,2024-10-08,0.0044313884313884324,0.0029853330032450017,True
noise_control,2024-10-09,-0.017370977370977373,-0.015558268071690928,True
noise_control,2024-10-10,-0.035073767073767075,-0.036706038926275164,True
noise_control,2024-10-11,-0.005382269382269383,-0.005356073420346301,True
noise_control,2024-10-14,0.048985176985176994,0.049201243496450955,False
noise_control,2024-10-15,0.0006283566283566284,0.001006825015886441,True
noise_control,2024-10-16,0.03231653631653632,0.032318588512500045,False
noise_control,2024-10-17,0.01034749378637154,0.015230509066180406,True
noise_control,2024-10-18,-0.0397008305121422,-0.0366340268144522,True
noise_control,2024-10-21,0.04809398918982177,0.04147518386236503,True
noise_control,2024-10-22,0.08445514436634087,0.08504612254471915,True
noise_control,2024-10-23,-0.0055272728703843685,-0.004713509747216217,True
noise_control,2024-10-24,0.0026913565505292587,0.0047640502398983795,True
noise_control,2024-10-25,-0.03526842480778437,-0.038278291607114004,True
noise_control,2024-10-28,0.05439941240730382,0.051773470245221095,True
noise_control,2024-10-29,0.02402558618705672,0.019360505759500934,True
noise_control,2024-10-30,0.0002836930393146134,0.0014728629897010868,True
noise_control,2024-10-31,-0.01201556265684522,-0.020250729809473178,True
noise_control,2024-11-01,-0.018503994534289827,-0.019686476722507108,True
noise_control,2024-11-04,-0.01405390290884449,-0.011666382102407906,True
noise_control,2024-11-05,-0.012483876008317067,-0.011075533536482999,True
noise_control,2024-11-06,0.00454476864669366,0.012685827535281248,True
noise_control,2024-11-07,-0.006730989939131397,-0.006440862402217227,True
noise_control,2024-11-08,-0.019728270731782266,-0.02709190227929351,True
noise_control,2024-11-11,-0.04042568768610622,-0.032374682556575614,True
noise_control,2024-11-12,-0.03891780899155729,-0.03851461271710591,False
noise_control,2024-11-13,0.004591500524188366,0.01095479244916431,False
noise_control,2024-11-14,0.050473705324027826,0.05443019677506706,True
noise_control,2024-11-15,0.014463834576059023,0.010280747712484271,True
noise_control,2024-11-18,-0.019521084210462964,-0.025419012351544003,False
noise_control,2024-11-19,-0.036410172410172414,-0.038159582388539885,True
noise_control,2024-11-20,-6.157206157206158e-05,-0.0004267986419052116,False
noise_control,2024-11-21,0.002049026049026049,-0.0008519408570525022,True
noise_control,2024-11-22,0.0120984240984241,0.011921580100403803,True
noise_control,2024-11-25,0.014331674331674335,0.019245213323696473,False
noise_control,2024-11-26,0.04195329999338014,0.04239675786164001,True
noise_control,2024-11-27,-0.014253985448374222,-0.007593367713709351,False
noise_control,2024-11-28,-0.032696768696768706,-0.03298338918128952,False
noise_control,2024-11-29,0.0260966420966421,0.026898993705963527,False
noise_control,2024-12-02,-0.008985225706668591,-0.0019374426565157235,False
noise_control,2024-12-03,0.02856911420438474,0.031362184204591574,False
noise_control,2024-12-04,-0.027113607113607115,-0.028896601063846228,True
noise_control,2024-12-05,0.041265425265425267,0.052285036285036286,False
noise_control,2024-12-06,-0.036995160995161,-0.03687877898941533,False
noise_control,2024-12-09,-0.016074520074520073,-0.016962155013041477,False
noise_control,2024-12-10,-0.023136611136611137,-0.023428883499170154,False
noise_control,2024-12-11,0.004783681477068249,0.007053277811518265,False
noise_control,2024-12-12,0.040490025296327524,0.041041598162638054,True
noise_control,2024-12-13,0.04214758056706972,0.0452685695991168,False
noise_control,2024-12-16,-0.02754009982308103,-0.03571170181068461,False
noise_control,2024-12-17,-0.02770328111682837,-0.02773873151267801,True
noise_control,2024-12-18,0.04188429931993287,0.0404441327093813,False
noise_control,2024-12-19,-0.0033428387148552404,-0.011368704252632152,False
noise_control,2024-12-20,0.006836733006078138,0.0004600444499347816,False
noise_control,2024-12-23,-0.03797864123795682,-0.040165509693923886,False
noise_control,2024-12-24,0.041179578526002236,0.037981168423739886,False
noise_control,2024-12-25,0.02351048364447715,0.022174982546720092,False
noise_control,2024-12-26,-0.06236053695528967,-0.06255568036459525,False
noise_control,2024-12-27,-0.0012979760683891502,-0.0007372603825807322,False
