strategy,date,closing_nav,gross_return,cost_amount,traded_notional,one_way_turnover,period_nav
baseline_daily,2025-01-02,1.0,0.0,0.0,0.0,0.0,1.0
baseline_daily,2025-01-03,1.0020318623492153,0.002031862349215263,0.0,2.0,1.0,1.0020318623492153
baseline_daily,2025-01-06,1.0027121536708936,0.0006789118662189342,0.0,2.9687762068930823,1.4804876726318617,1.0027121536708936
baseline_daily,2025-01-07,1.0017509178803445,-0.000958635822883025,0.0,2.9401827464288317,1.4673962347247502,1.0017509178803445
baseline_daily,2025-01-08,1.000635452033056,-0.0011135161719130204,0.0,2.638898615352629,1.3143681946071653,1.000635452033056
baseline_daily,2025-01-09,0.9957271155968259,-0.00490521940458688,0.0,2.831801593552919,1.4176701246566408,0.9957271155968259
baseline_daily,2025-01-10,0.9967299443857445,0.0010071321481663897,0.0,2.661585184582014,1.3344993085742056,0.9967299443857445
baseline_daily,2025-01-13,0.9983728241778271,0.0016482697257531598,0.0,2.8630427397525926,1.4334706313536827,0.9983728241778271
baseline_daily,2025-01-14,1.0009361103816823,0.00256746391906848,0.0,2.7444738672368554,1.3739844214911188,1.0009361103816823
baseline_daily,2025-01-15,1.0024419057465115,0.0015043870924538183,0.0,2.801128134682302,1.3999402052048646,1.0024419057465115
baseline_daily,2025-01-16,1.0023034832606623,-0.000138085294574819,0.0,2.7912374524970804,1.3944321619118136,1.0023034832606623
baseline_daily,2025-01-17,1.0045947205087342,0.0022859715508700695,0.0,2.7210421265278333,1.3583442850935035,1.0045947205087342
baseline_daily,2025-01-20,1.0094388559076706,0.004821979749687788,0.0,2.709530060665582,1.3463603157845687,1.0094388559076706
baseline_daily,2025-01-21,1.0108144425867547,0.0013627241224503095,0.0,2.6406840887115877,1.3069568101926705,1.0108144425867547
baseline_daily,2025-01-22,1.0111483536033017,0.00033033858884379264,0.0,2.8507436414329486,1.4067116231553707,1.0111483536033017
baseline_daily,2025-01-23,1.012781508476132,0.0016151486248388025,0.0,2.921601079372208,1.4452804035309712,1.012781508476132
baseline_daily,2025-01-24,1.014649214850267,0.001844135540098213,0.0,2.878850210534016,1.4194556515169183,1.014649214850267
baseline_daily,2025-01-27,1.0137222087208488,-0.0009136222803415306,0.0,3.1159772709500144,1.5352787958791403,1.0137222087208488
baseline_daily,2025-02-05,1.0178224548735115,0.004044743340324564,0.0,2.9577085952406326,1.4584319586284875,1.0178224548735115
baseline_daily,2025-02-06,1.0112119951325322,-0.006494708098968793,0.0,2.9324446389722505,1.4409146459429603,1.0112119951325322
baseline_daily,2025-02-07,1.0141448151497678,0.002900301847043707,0.0,3.01835598101146,1.4930289834268533,1.0141448151497678
baseline_daily,2025-02-10,1.0127041921869675,-0.0014205298309271086,0.0,2.9209602513606265,1.4405996925071127,1.0127041921869675
baseline_daily,2025-02-11,1.009788465246278,-0.0028791496699474006,0.0,2.9060687041880424,1.4376317700402654,1.009788465246278
baseline_daily,2025-02-12,1.009280192798992,-0.0005033454676688365,0.0,2.827708386886333,1.4006237047977483,1.009280192798992
baseline_daily,2025-02-13,1.0073788797970074,-0.001883830689980992,0.0,2.74921315446574,1.3639937700693128,1.0073788797970074
baseline_daily,2025-02-14,1.007950314972843,0.000567249509887402,0.0,2.767681120788274,1.3718973993072312,1.007950314972843
baseline_daily,2025-02-17,1.0134012063843016,0.005407896927543954,0.0,2.9691115025849917,1.4733275090484583,1.0134012063843016
baseline_daily,2025-02-18,1.0138804219628208,0.0004728784369902872,0.0,2.8394805246771373,1.3998825090543878,1.0138804219628208
baseline_daily,2025-02-19,1.0148620124483367,0.0009681521254898406,0.0,3.0253125626059685,1.4922674711544188,1.0148620124483367
baseline_daily,2025-02-20,1.0214795635621117,0.00652064126216545,0.0,2.6906078243155207,1.3240207925049325,1.0214795635621117
baseline_daily,2025-02-21,1.0202375003658313,-0.001215945223562831,0.0,2.804411888789942,1.3742411090029532,1.0202375003658313
baseline_daily,2025-02-24,1.0161455216154214,-0.004010809981933261,0.0,2.7437081612906233,1.3459011427800054,1.0161455216154214
baseline_daily,2025-02-25,1.017433315098873,0.0012673317512676974,0.0,2.7128474060586063,1.332068827148821,1.017433315098873
baseline_daily,2025-02-26,1.0190036124494994,0.0015433909302191573,0.0,2.8584785048394226,1.4033775836015439,1.0190036124494994
baseline_daily,2025-02-27,1.0218662964571874,0.00280929721221157,0.0,2.8842441823532647,1.4138587520899748,1.0218662964571874
baseline_daily,2025-02-28,1.0153842683112333,-0.006343323161187797,0.0,3.016218554728659,1.4804520311611207,1.0153842683112333
baseline_daily,2025-03-03,1.008802744167736,-0.00648180629629358,0.0,2.992283634469257,1.476605853097326,1.008802744167736
baseline_daily,2025-03-04,1.0122256170943387,0.003393005170130081,0.0,3.1432911221403206,1.5586050245291054,1.0122256170943387
baseline_daily,2025-03-05,1.0133340632311727,0.0010950583724762541,0.0,2.6988806403143357,1.33151129399864,1.0133340632311727
baseline_daily,2025-03-06,1.014139279962611,0.0007946212020848442,0.0,2.7182122776111646,1.341540045020037,1.014139279962611
baseline_daily,2025-03-07,1.0125021815308966,-0.001614273763042462,0.0,2.7467169825351263,1.354673443109428,1.0125021815308966
baseline_daily,2025-03-10,1.0121954681789371,-0.00030292611468318853,0.0,2.771826893932159,1.3669383835016444,1.0121954681789371
baseline_daily,2025-03-11,1.0116623000525782,-0.0005267442338170447,0.0,2.8657373676406035,1.4139310662838995,1.0116623000525782
baseline_daily,2025-03-12,1.0113689878867698,-0.0002899309046043852,0.0,2.7281410015900374,1.346846967914278,1.0113689878867698
baseline_daily,2025-03-13,1.0094498144640478,-0.0018975996354525515,0.0,2.7883623884683226,1.3775813611398358,1.0094498144640478
baseline_daily,2025-03-14,1.011416516944845,0.0019482914877164692,0.0,2.944761746150057,1.459940700507377,1.011416516944845
baseline_daily,2025-03-17,1.0143204250157367,0.0028711297692303184,0.0,2.7400857571526185,1.3523847646679392,1.0143204250157367
baseline_daily,2025-03-18,1.015256110111912,0.0009224748640557223,0.0,2.8107641343049954,1.3847064945496403,1.015256110111912
baseline_daily,2025-03-19,1.01619295511349,0.0009227671641147683,0.0,2.8076666272907427,1.3830220588664046,1.01619295511349
baseline_daily,2025-03-20,1.0223715982681485,0.006080186960131462,0.0,2.907118332227535,1.4286780555293332,1.0223715982681485
baseline_daily,2025-03-21,1.023155427208636,0.0007666771473457956,0.0,2.9645243363189153,1.4504400459556255,1.023155427208636
baseline_daily,2025-03-24,1.0206949004305395,-0.0024048416424955477,0.0,2.954535765730049,1.4460214076182372,1.0206949004305395
baseline_daily,2025-03-25,1.02580932421831,0.005010727285512218,0.0,2.829180441060717,1.3846878904885602,1.02580932421831
baseline_daily,2025-03-26,1.0303453071872593,0.004421857807157092,0.0,2.8776756109351163,1.3980908175292155,1.0303453071872593
baseline_daily,2025-03-27,1.0302879227540787,-5.569437040209291e-05,0.0,2.757347262435658,1.3374887145373116,1.0302879227540787
baseline_daily,2025-03-28,1.0276771327712817,-0.00253403919927353,0.0,2.7655376695112603,1.341320797484155,1.0276771327712817
baseline_daily,2025-03-31,1.027669204469319,-7.714779000078664e-06,0.0,2.942747951351138,1.429139915292789,1.027669204469319
baseline_daily,2025-04-01,1.0263285528574468,-0.001304555596335577,0.0,2.7792870945273904,1.352311524797479,1.0263285528574468
baseline_daily,2025-04-02,1.025144876957311,-0.0011533108933199365,0.0,2.985545816235743,1.454977515847389,1.025144876957311
baseline_daily,2025-04-03,1.0302774052360746,0.005006637007246351,0.0,2.878873366627173,1.4039010758497712,1.0302774052360746
baseline_daily,2025-04-07,1.02725080786653,-0.002937652863357898,0.0,2.8713511532063025,1.388288477565874,1.02725080786653
baseline_daily,2025-04-08,1.0090185158263305,-0.017748627599588396,0.0,3.068752551899574,1.490251896555129,1.0090185158263305
baseline_daily,2025-04-09,1.0104074609326206,0.0013765308411139987,0.0,2.9070845532597342,1.4460449685693835,1.0104074609326206
baseline_daily,2025-04-10,1.018504631200029,0.008013767297338159,0.0,3.0631955670361406,1.5013570715577873,1.018504631200029
baseline_daily,2025-04-11,1.0255899171527825,0.006956557423215104,0.0,2.817275002630449,1.3795983066903075,1.0255899171527825
baseline_daily,2025-04-14,1.0292273508543412,0.0035466745925671894,0.0,2.922981866373492,1.423122775694373,1.0292273508543412
baseline_daily,2025-04-15,1.0310304321002508,0.0017518784789509745,0.0,2.9817347169595125,1.4471884512134483,1.0310304321002508
baseline_daily,2025-04-16,1.034468865592238,0.0033349485960205705,0.0,2.792523772345855,1.35170836719965,1.034468865592238
baseline_daily,2025-04-17,1.0351835880514164,0.0006909076560455141,0.0,2.762017290910591,1.3358518229934742,1.0351835880514164
baseline_daily,2025-04-18,1.0435961137440555,0.00812660265265075,0.0,2.756244069545746,1.3312591882109837,1.0435961137440555
baseline_daily,2025-04-21,1.0468493863172808,0.003117367466570542,0.0,2.9470140913220204,1.4102475568661008,1.0468493863172808
baseline_daily,2025-04-22,1.05395458865943,0.006787225015381315,0.0,2.9359404595177634,1.3973712838805978,1.05395458865943
baseline_daily,2025-04-23,1.0564764063271959,0.002392719472831928,0.0,2.783142559812973,1.3176477955792976,1.0564764063271959
baseline_daily,2025-04-24,1.0569252525143642,0.0004248520690857127,0.0,2.811126762840317,1.3289077809666312,1.0569252525143642
baseline_daily,2025-04-25,1.0617074058978866,0.004524589957658698,0.0,2.7863228352208673,1.3174608710959688,1.0617074058978866
baseline_daily,2025-04-28,1.0616289553808476,-7.389090120613062e-05,0.0,2.8108444245768314,1.3257540822199907,1.0616289553808476
baseline_daily,2025-04-29,1.063557528122067,0.0018166165602817586,0.0,2.8685144563647498,1.3523558789323848,1.063557528122067
baseline_daily,2025-04-30,1.067587676580594,0.003789309324567558,0.0,3.036650097172326,1.4275216390859318,1.067587676580594
baseline_daily,2025-05-06,1.0688694754562837,0.001200649748782423,0.0,3.1988900596716174,1.4961582969312262,1.0688694754562837
baseline_daily,2025-05-07,1.0696209753504415,0.0007030791985493945,0.0,3.0468440605332963,1.423195909709332,1.0696209753504415
baseline_daily,2025-05-08,1.070539274936833,0.000858528027734895,0.0,2.832342256523482,1.3244393903556895,1.070539274936833
baseline_daily,2025-05-09,1.0750111843928594,0.004177249317910636,0.0,2.8917229973007292,1.3498649183063922,1.0750111843928594
baseline_daily,2025-05-12,1.075055277818894,4.101671375589255e-05,0.0,3.1456178758045317,1.4634745999562202,1.075055277818894
baseline_daily,2025-05-13,1.0725954620582803,-0.0022880830515099593,0.0,3.1865120491326975,1.4828471467957836,1.0725954620582803
baseline_daily,2025-05-14,1.0688188312553746,-0.0035210206797430255,0.0,2.9438251864556957,1.3750779532076947,1.0688188312553746
baseline_daily,2025-05-15,1.0725037156235886,0.0034476229838558137,0.0,2.975914529620812,1.3932073479221827,1.0725037156235886
baseline_daily,2025-05-16,1.078073450975876,0.005193208444083552,0.0,2.988297390335675,1.3907927277936325,1.078073450975876
baseline_daily,2025-05-19,1.0833847193577042,0.00492662942123312,0.0,2.9201797055828793,1.3529811338360154,1.0833847193577042
baseline_daily,2025-05-20,1.0841353429871905,0.0006928504861425377,0.0,2.997608150362667,1.3826498607318534,1.0841353429871905
baseline_daily,2025-05-21,1.0857496191840719,0.0014889987742983113,0.0,2.8338468389733364,1.306753794443087,1.0857496191840719
baseline_daily,2025-05-22,1.0876189432264998,0.0017216897979044354,0.0,2.8778462703122547,1.3257208419869067,1.0876189432264998
baseline_daily,2025-05-23,1.0920591038975873,0.004082459853002929,0.0,2.9462951367913712,1.3531659836322478,1.0920591038975875
baseline_daily,2025-05-26,1.093022049757926,0.0008817708280639547,0.0,2.8657209491036344,1.3113390555120115,1.0930220497579262
baseline_daily,2025-05-27,1.092057501198617,-0.0008824602939367931,0.0,2.9686573862006984,1.3586422179080757,1.0920575011986173
baseline_daily,2025-05-28,1.0886693079381302,-0.003102577709294674,0.0,2.913085033952396,1.3342690828020751,1.0886693079381304
baseline_daily,2025-05-29,1.093853615687548,0.004762059251249173,0.0,2.984063319360347,1.3698691114884103,1.0938536156875482
baseline_daily,2025-05-30,1.092751599599348,-0.0010074621250919513,0.0,3.0289149848311485,1.3855377663289077,1.0927515995993482
baseline_daily,2025-06-03,1.089826651161931,-0.002676681908760803,0.0,3.060197659693074,1.4034059078161347,1.0898266511619312
baseline_daily,2025-06-04,1.0922759408106295,0.0022474121421853788,0.0,3.150245427490759,1.4428847044835662,1.0922759408106297
baseline_daily,2025-06-05,1.0997732785594065,0.006863959434291855,0.0,3.182876730240921,1.4553249184372419,1.0997732785594068
baseline_daily,2025-06-06,1.1058225549389908,0.005500475868542853,0.0,3.0861756463587064,1.402487361769319,1.105822554938991
baseline_daily,2025-06-09,1.1053086522811522,-0.0004647243407573942,0.0,3.225249127331894,1.45976322943981,1.1053086522811524
baseline_daily,2025-06-10,1.1082345931941677,0.0026471709119231246,0.0,3.2096263693890767,1.4527897630998712,1.108234593194168
baseline_daily,2025-06-11,1.1078376154194984,-0.00035820734807157084,0.0,3.168227736799783,1.4293874596944394,1.1078376154194987
baseline_daily,2025-06-12,1.1095785692302478,0.0015714882637289929,0.0,2.9889290445135845,1.3504954451435767,1.109578569230248
baseline_daily,2025-06-13,1.107741523759348,-0.0016556245063152897,0.0,3.1198514224684115,1.4076494799281365,1.1077415237593482
baseline_daily,2025-06-16,1.1085525506699923,0.0007321445420696016,0.0,3.187393159506896,1.4381621205135937,1.1085525506699925
baseline_daily,2025-06-17,1.1120881039016246,0.0031893420203630285,0.0,3.264053493952134,1.471294686558378,1.1120881039016248
baseline_daily,2025-06-18,1.113971051054456,0.0016931636497372615,0.0,3.0177818134262315,1.3555106456830361,1.1139710510544563
baseline_daily,2025-06-19,1.1110739338949003,-0.0026007113531482107,0.0,3.0555448201384223,1.3711845501976505,1.1110739338949005
baseline_daily,2025-06-20,1.1124841398743555,0.001269227849232113,0.0,3.1055397397662237,1.3973842516198711,1.1124841398743557
baseline_daily,2025-06-23,1.1141487830980275,0.0014963298477765896,0.0,3.1800711603306633,1.4305749820503741,1.1141487830980277
baseline_daily,2025-06-24,1.1117175729963462,-0.0021821233739725,0.0,3.2033490021527307,1.4387429394933013,1.1117175729963464
baseline_daily,2025-06-25,1.1145072212641665,0.002509313818168213,0.0,3.097001934212228,1.3918545341321575,1.1145072212641667
baseline_daily,2025-06-26,1.1152459615443135,0.0006628402813839696,0.0,3.0772650699126824,1.3834293896498624,1.115245961544314
baseline_daily,2025-06-27,1.1164493058757958,0.0010789945653029154,0.0,3.1560324148069547,1.4149590604013258,1.1164493058757963
baseline_daily,2025-06-30,1.1175666109977176,0.0010007665516396091,0.0,3.1811456348013234,1.4221607290949816,1.117566610997718
baseline_daily,2025-07-01,1.119842188846927,0.0020361899029694985,0.0,3.1233471666241144,1.3970866075406616,1.1198421888469274
baseline_daily,2025-07-02,1.1281411762699987,0.007410854409420686,0.0,3.0267410602001483,1.3480237692060797,1.128141176269999
baseline_daily,2025-07-03,1.1286414537013794,0.00044345286024816133,0.0,3.318894888476989,1.4701728221789643,1.1286414537013798
baseline_daily,2025-07-04,1.1296950133073902,0.0009334759081864874,0.0,3.161115902555877,1.4004368330668389,1.1296950133073906
baseline_daily,2025-07-07,1.132522919194336,0.002503247207108261,0.0,3.208967850974184,1.4200908537880637,1.1325229191943365
baseline_daily,2025-07-08,1.1352920923253345,0.0024451365036994854,0.0,3.278241552658402,1.4470031782652608,1.135292092325335
baseline_daily,2025-07-09,1.134228799526368,-0.0009365808201734493,0.0,3.0810252944249736,1.358296549283041,1.1342287995263685
baseline_daily,2025-07-10,1.1340478128623632,-0.00015956803784245022,0.0,3.129251944341638,1.3801316625693263,1.1340478128623637
baseline_daily,2025-07-11,1.1392573391211716,0.004593744813685907,0.0,3.1697036068832998,1.3973735052178962,1.139257339121172
baseline_daily,2025-07-14,1.139103943008425,-0.00013464570951526866,0.0,3.146532570543723,1.380609581677643,1.1391039430084255
baseline_daily,2025-07-15,1.1403663833857782,0.0011082749604209852,0.0,2.9863091341636743,1.3099051363921193,1.1403663833857787
baseline_daily,2025-07-16,1.1417452502284002,0.0012091437126795501,0.0,3.342673631987001,1.4647268431666007,1.1417452502284007
baseline_daily,2025-07-17,1.1423923173713002,0.0005667351300744361,0.0,3.0888814376303717,1.3523004021284242,1.1423923173713006
baseline_daily,2025-07-18,1.1448296758978078,0.002133556475691467,0.0,3.1058574402043937,1.3583589465481936,1.1448296758978083
baseline_daily,2025-07-21,1.147673966549244,0.002484466214771608,0.0,3.235296921355717,1.411197412857527,1.1476739665492444
baseline_daily,2025-07-22,1.1459779255045128,-0.0014778073687866655,0.0,3.241868114875386,1.4134479505447448,1.1459779255045133
baseline_daily,2025-07-23,1.148585469936322,0.0022753880103416613,0.0,3.1696969160965898,1.3869716845774005,1.1485854699363225
baseline_daily,2025-07-24,1.151530906561694,0.002564403522826497,0.0,3.435586204084065,1.4957280393632328,1.1515309065616945
baseline_daily,2025-07-25,1.154413804941308,0.0025035353920475067,0.0,3.3018969198315404,1.4349018157334659,1.1544138049413084
baseline_daily,2025-07-28,1.1539227990023826,-0.0004253292336107162,0.0,3.178566859542469,1.3755808034704373,1.153922799002383
baseline_daily,2025-07-29,1.1528377592085282,-0.0009403053608026957,0.0,3.1112138591978757,1.349554182219094,1.1528377592085286
baseline_daily,2025-07-30,1.1520864050494743,-0.0006517431902730575,0.0,3.3326102414067793,1.4463455864114316,1.1520864050494748
baseline_daily,2025-07-31,1.1529909637345843,0.00078514830237153,0.0,3.2327828735094153,1.4048740215972197,1.1529909637345848
baseline_daily,2025-08-01,1.157549049021563,0.003953270606922077,0.0,3.436389019276655,1.4923444290545878,1.1575490490215634
baseline_daily,2025-08-04,1.1543618995774731,-0.0027533601680065356,0.0,3.4657834892975234,1.496611851077921,1.1543618995774736
baseline_daily,2025-08-05,1.1543378854028004,-2.0802986205215035e-05,0.0,3.2586995911967236,1.410439951565258,1.1543378854028008
baseline_daily,2025-08-06,1.1545853705583216,0.00021439576630966073,0.0,3.0721187088266393,1.3296686238039812,1.154585370558322
baseline_daily,2025-08-07,1.1502098279112123,-0.0037897090667218247,0.0,3.087706194823724,1.3382936157404635,1.1502098279112127
baseline_daily,2025-08-08,1.15778424392547,0.006585247170086239,0.0,3.1837291542974038,1.383031960445677,1.1577842439254704
baseline_daily,2025-08-11,1.164900516955173,0.006146458692143808,0.0,3.3108679983671934,1.4262484180312562,1.1649005169551732
baseline_daily,2025-08-12,1.165604847424446,0.0006046271411348503,0.0,3.3229852070562944,1.4285544512609627,1.1656048474244463
baseline_daily,2025-08-13,1.1660675690315876,0.00039697982396358356,0.0,3.1145193779601645,1.3346058766898896,1.1660675690315878
baseline_daily,2025-08-14,1.1652619527722685,-0.0006908829991628673,0.0,3.389994721499602,1.4539880141898864,1.1652619527722687
baseline_daily,2025-08-15,1.1618258303229823,-0.002948798286180554,0.0,3.425209779414705,1.4683241694342255,1.1618258303229825
baseline_daily,2025-08-18,1.1594382404711148,-0.0020550325096523325,0.0,3.3694222437140136,1.4543788414930658,1.159438240471115
baseline_daily,2025-08-19,1.1577041402305512,-0.0014956383014060881,0.0,3.132441924094877,1.3525052924804355,1.1577041402305515
baseline_daily,2025-08-20,1.1622350987740646,0.003913744786825379,0.0,3.318326872294776,1.429998906837159,1.1622350987740648
baseline_daily,2025-08-21,1.1607428833960336,-0.0012839187007903652,0.0,3.435845189084063,1.4789365370913976,1.1607428833960338
baseline_daily,2025-08-22,1.1667282773607535,0.0051565200617109674,0.0,3.364091030240518,1.4497444514740996,1.1667282773607537
baseline_daily,2025-08-25,1.1751910385444344,0.007253412253643621,0.0,3.2738647917118873,1.3989070210070786,1.1751910385444346
baseline_daily,2025-08-26,1.1792555179443824,0.0034585690893134124,0.0,3.395603424236742,1.4422736816595736,1.1792555179443824
baseline_daily,2025-08-27,1.1782334357127997,-0.0008667182099468818,0.0,3.2597219172352676,1.381695438490595,1.1782334357127997
baseline_daily,2025-08-28,1.1847085206553996,0.005495587501030741,0.0,3.460562234088493,1.4662370319005604,1.1847085206553996
baseline_daily,2025-08-29,1.184869163815442,0.0001355972015408824,0.0,3.539403832687402,1.4925848179505967,1.184869163815442
baseline_daily,2025-09-01,1.188915727077935,0.0034151983915780004,0.0,3.481231925973175,1.468719221093129,1.188915727077935
baseline_daily,2025-09-02,1.1928412971719276,0.003301806851895739,0.0,3.366791444395574,1.4147097502243238,1.1928412971719276
baseline_daily,2025-09-03,1.200925203578978,0.006777017551468312,0.0,3.3710874103509907,1.4143866650148744,1.200925203578978
baseline_daily,2025-09-04,1.1980215240548302,-0.002417868752770169,0.0,3.3672699099270718,1.399314181194061,1.1980215240548302
baseline_daily,2025-09-05,1.20341183549408,0.004499344403267269,0.0,3.3820587689502504,1.4129786272131264,1.20341183549408
baseline_daily,2025-09-08,1.2041791068725836,0.0006375800502149698,0.0,3.4847063404641725,1.4466662918925246,1.2041791068725836
baseline_daily,2025-09-09,1.207677819270796,0.002905475089415077,0.0,3.3349892076298,1.3833897042490673,1.207677819270796
baseline_daily,2025-09-10,1.208850741441663,0.0009712210923731313,0.0,3.4550078353105835,1.4299778911529486,1.208850741441663
baseline_daily,2025-09-11,1.214715229541834,0.004851292139819607,0.0,3.454592142705,1.4287311412376313,1.214715229541834
baseline_daily,2025-09-12,1.2133886802033564,-0.0010920661124648179,0.0,3.3942724394985557,1.398307939236381,1.2133886802033564
baseline_daily,2025-09-15,1.217270760671012,0.003199370927875256,0.0,3.367803762410313,1.385720001972344,1.217270760671012
baseline_daily,2025-09-16,1.2240953525586762,0.005606469906417555,0.0,3.5660831539560474,1.4632444628883554,1.224095352558676
baseline_daily,2025-09-17,1.2265528956612952,0.0020076402524380477,0.0,3.4583153479213578,1.4123429495877473,1.226552895661295
baseline_daily,2025-09-18,1.2292690870923706,0.0022144918826438875,0.0,3.4780868243124843,1.4178672181625909,1.2292690870923704
baseline_daily,2025-09-19,1.2298559312443098,0.0004773927515961951,0.0,3.3251525354776916,1.3510669023913426,1.2298559312443096
baseline_daily,2025-09-22,1.2386647850307064,0.007162508683016489,0.0,3.611283045399093,1.4686852860671769,1.2386647850307062
baseline_daily,2025-09-23,1.2360506433319634,-0.002110451294276783,0.0,3.5506485160953414,1.4309460941044547,1.2360506433319631
baseline_daily,2025-09-24,1.2283570279155405,-0.006224352908132946,0.0,3.4616406956176906,1.404258415224817,1.2283570279155402
baseline_daily,2025-09-25,1.236104560308922,0.006307231706508487,0.0,3.7327411640377655,1.5160724972977788,1.2361045603089216
baseline_daily,2025-09-26,1.2386768024648482,0.0020809260304672783,0.0,3.418644569505349,1.3823404404962927,1.2386768024648478
baseline_daily,2025-09-29,1.2427526901079928,0.0032905174578501395,0.0,3.404123069322978,1.3758415236147459,1.2427526901079924
baseline_daily,2025-09-30,1.2461197278008056,0.0027093384867429293,0.0,3.674327122051052,1.4759848423167166,1.2461197278008054
baseline_daily,2025-10-09,1.2509909937339156,0.0039091475918666685,0.0,3.5940539757274053,1.4431834860291606,1.2509909937339154
baseline_daily,2025-10-10,1.2471403257084095,-0.0030780941228144565,0.0,3.4465410149551463,1.376439584352363,1.2471403257084093
baseline_daily,2025-10-13,1.253194168838581,0.004854179602229447,0.0,3.2667107321955875,1.3096599281047767,1.2531941688385808
baseline_daily,2025-10-14,1.2453976186195281,-0.006221342560409848,0.0,3.778993173783079,1.5101287237925016,1.245397618619528
baseline_daily,2025-10-15,1.2507338244464208,0.004284740670058129,0.0,3.621031283568245,1.4533505361423815,1.2507338244464206
baseline_daily,2025-10-16,1.2515764028331458,0.0006736672265963417,0.0,3.4779015536515914,1.387088912726966,1.2515764028331455
baseline_daily,2025-10-17,1.2527154998586998,0.0009101298354423637,0.0,3.6559241263784132,1.4606444070997857,1.2527154998586996
baseline_daily,2025-10-20,1.2569064126472624,0.0033454625483881895,0.0,3.5529393054356166,1.418565845915015,1.2569064126472622
baseline_daily,2025-10-21,1.26563607698247,0.006945357464460233,0.0,3.4799984615489006,1.380811758797585,1.2656360769824697
baseline_daily,2025-10-22,1.2742530101840746,0.00680838145997642,0.0,3.1482643872330724,1.242612536092306,1.2742530101840746
baseline_daily,2025-10-23,1.2776243299814691,0.0026457224510754163,0.0,3.2025402982416,1.2555036203188972,1.277624329981469
baseline_daily,2025-10-24,1.277343926828142,-0.00021947230241869953,0.0,3.6688935048611055,1.4377048237558228,1.2773439268281417
baseline_daily,2025-10-27,1.2719577819982064,-0.0042166754910795134,0.0,3.727408775907018,1.4604282662388888,1.2719577819982062
baseline_daily,2025-10-28,1.2763393891454786,0.0034447740398968474,0.0,3.7241658652533864,1.4633777163851567,1.2763393891454784
baseline_daily,2025-10-29,1.2814407284411407,0.003996851730069473,0.0,3.616926207476201,1.4140283255687318,1.2814407284411402
baseline_daily,2025-10-30,1.2855642916863392,0.003217911803236495,0.0,3.651821188323664,1.4248940518191116,1.285564291686339
baseline_daily,2025-10-31,1.2842869524200882,-0.000993602011592487,0.0,3.6929824343555833,1.4388446554672654,1.284286952420088
baseline_daily,2025-11-03,1.2832840195840767,-0.000780925815777822,0.0,3.5844145045249114,1.3951303966597248,1.2832840195840765
baseline_daily,2025-11-04,1.2881324886408214,0.0037781730176271733,0.0,3.6276522122227677,1.4114669161836688,1.2881324886408212
baseline_daily,2025-11-05,1.294008041561274,0.0045612954973695,0.0,3.7590059604755384,1.4571419661682243,1.294008041561274
baseline_daily,2025-11-06,1.2965482191375728,0.0019630307499742816,0.0,3.484683693608413,1.345290523131731,1.2965482191375728
baseline_daily,2025-11-07,1.2953342778395784,-0.0009362870428388792,0.0,3.6718758900927657,1.4164889148820932,1.2953342778395784
baseline_daily,2025-11-10,1.2976025152582928,0.0017510826799840284,0.0,3.5791920079279014,1.383935083380705,1.2976025152582928
baseline_daily,2025-11-11,1.3042136243874598,0.005094864607172012,0.0,3.6188928992822773,1.392690362739114,1.3042136243874598
baseline_daily,2025-11-12,1.3053534816330528,0.0008739804770314663,0.0,3.6743029189014322,1.4073704245665632,1.305353481633053
baseline_daily,2025-11-13,1.3072546801780873,0.0014564626147517412,0.0,3.6470019738140635,1.3951027630369968,1.3072546801780875
baseline_daily,2025-11-14,1.3120663441856972,0.0036807395533320353,0.0,3.5861303566501608,1.3717080053601494,1.3120663441856975
baseline_daily,2025-11-17,1.3178631287806042,0.0044180575323762294,0.0,3.6384066856037283,1.38521565703849,1.3178631287806044
baseline_daily,2025-11-18,1.3235609843160157,0.004323556377727522,0.0,3.806329451104404,1.4445183001932922,1.3235609843160157
baseline_daily,2025-11-19,1.3303788518616884,0.0051511548213216685,0.0,3.8724329005758786,1.462820325719928,1.3303788518616884
baseline_daily,2025-11-20,1.34120638173823,0.008138681595389219,0.0,3.686832307855356,1.3843651415173204,1.34120638173823
baseline_daily,2025-11-21,1.3366826865767325,-0.003372855380865958,0.0,3.834843018966656,1.4262810836071986,1.3366826865767325
baseline_daily,2025-11-24,1.3341953235871729,-0.0018608477647973354,0.0,3.88202017788663,1.4503999361617361,1.3341953235871729
baseline_daily,2025-11-25,1.3409880065669273,0.005091220797784901,0.0,3.833707504248401,1.4343350709563516,1.3409880065669273
baseline_daily,2025-11-26,1.3436648207903565,0.0019961507562489267,0.0,3.5329350702319706,1.3158376569556127,1.3436648207903565
baseline_daily,2025-11-27,1.3406955583442361,-0.0022098237597482084,0.0,3.9173399255124854,1.458296177908435,1.3406955583442361
baseline_daily,2025-11-28,1.3467055461795152,0.0044827386783479195,0.0,3.821981372929339,1.4252998096214666,1.3467055461795152
baseline_daily,2025-12-01,1.3547242765497594,0.005954330843139788,0.0,3.6940310717538782,1.368056205164952,1.3547242765497594
baseline_daily,2025-12-02,1.3580375025160043,0.002445682877022959,0.0,3.8118059245047635,1.4068042094814424,1.3580375025160045
baseline_daily,2025-12-03,1.3598455991191238,0.00133140402954246,0.0,3.8615983426639717,1.4220452897273865,1.359845599119124
baseline_daily,2025-12-04,1.3592073867474446,-0.00046932708543723223,0.0,3.7919625424805012,1.3929217753528722,1.3592073867474448
baseline_daily,2025-12-05,1.3672474399859775,0.005915251283155953,0.0,3.8870562177449033,1.4287646840083768,1.3672474399859778
baseline_daily,2025-12-08,1.364303049177121,-0.0021535171489417415,0.0,3.821685735863073,1.3988816150315557,1.3643030491771213
baseline_daily,2025-12-09,1.3621371284616959,-0.001587565692777404,0.0,3.70358351579104,1.358311250908396,1.362137128461696
baseline_daily,2025-12-10,1.3674285525787704,0.0038846486205470487,0.0,3.668434191208421,1.346542178023918,1.3674285525787708
baseline_daily,2025-12-11,1.368801180973189,0.0010038026424343816,0.0,4.046865428913134,1.47936239131982,1.3688011809731897
baseline_daily,2025-12-12,1.3749054231945066,0.004459553590520304,0.0,3.9759312926268273,1.4524499201484802,1.374905423194507
baseline_daily,2025-12-15,1.374989116324639,6.087191796644298e-05,0.0,4.195972161718563,1.5274361742419529,1.3749891163246393
baseline_daily,2025-12-16,1.3782728092498613,0.002388159212488583,0.0,4.114601066452623,1.493712680726491,1.3782728092498615
baseline_daily,2025-12-17,1.382884652737618,0.0033461035121680194,0.0,3.907945988074893,1.4167405651490055,1.3828846527376182
baseline_daily,2025-12-18,1.3883606392352097,0.003959828816345157,0.0,3.8340671235511032,1.385377509105364,1.3883606392352101
baseline_daily,2025-12-19,1.388853303716084,0.000354853391079768,0.0,3.721052441738209,1.3387058011632411,1.3888533037160844
baseline_daily,2025-12-22,1.3944736984537396,0.004046787895177539,0.0,3.8619846078243256,1.3868669038437602,1.39447369845374
baseline_daily,2025-12-23,1.395142531941319,0.00047963148270291356,0.0,3.7142194334497165,1.331754326889658,1.3951425319413195
baseline_daily,2025-12-24,1.3985557306931056,0.002446487490447957,0.0,3.8013295606394406,1.3623629489385642,1.3985557306931058
baseline_daily,2025-12-25,1.4052933605515914,0.004817562654544139,0.0,3.717728015878467,1.3265553471714002,1.4052933605515916
baseline_daily,2025-12-26,1.406630119722624,0.0009512314001882682,0.0,3.9112006605565948,1.393764886501946,1.4066301197226243
baseline_daily,2025-12-29,1.4064399724177368,-0.00013517932128792598,0.0,4.024060152601076,1.4314789675952218,1.406439972417737
baseline_daily,2025-12-30,1.4065712507102863,9.334084292556e-05,0.0,3.909346177000758,1.38870750704867,1.4065712507102868
baseline_daily,2025-12-31,1.413438033706639,0.004881930433943582,0.0,4.189564596862024,1.4900942089956015,1.4134380337066395
baseline_daily,2026-01-05,1.4123915674914345,-0.0007403693619735252,0.0,4.0779093391178165,1.4448710470490373,0.9992596306380265
baseline_daily,2026-01-06,1.4115064477565675,-0.0006266815486862809,0.0,4.165144173674108,1.4730251891662363,0.9986334130651585
baseline_daily,2026-01-07,1.4095254463213056,-0.0014034660900136275,0.0,3.952597285619652,1.4032188884767507,0.997231864933567
baseline_daily,2026-01-08,1.4041297199464762,-0.0038280446719933803,0.0,4.014070512393221,1.4244313573611471,0.993414416806266
baseline_daily,2026-01-09,1.4056371070411056,0.001073538344225744,0.0,3.9945702909235283,1.4272263711380184,0.9944808852744141
baseline_daily,2026-01-12,1.409931186628695,0.00305489913867496,0.0,4.121591013568211,1.4650864806003563,0.9975189240742677
baseline_daily,2026-01-13,1.4085618246787552,-0.0009712260874333856,0.0,4.01561630333989,1.4320889745017231,0.9965501076724983
baseline_daily,2026-01-14,1.410217664103685,0.00117555324581331,0.0,4.0678118041367215,1.4433974765669684,0.9977216053861883
baseline_daily,2026-01-15,1.4086445284394908,-0.0011155268468389101,0.0,4.367517712659164,1.5487380440603518,0.9966086201497087
baseline_daily,2026-01-16,1.4083011535772865,-0.00024376260672720473,0.0,4.242120405696463,1.5043627247743099,0.9963656842345743
baseline_daily,2026-01-19,1.4120781942584903,0.0026819836592546498,0.0,4.098701304109758,1.4559382236047493,0.9990379207183335
baseline_daily,2026-01-20,1.4134278667819706,0.000955805796710063,0.0,4.054775121336547,1.4374371973552265,0.9999928069540893
baseline_daily,2026-01-21,1.416024140357952,0.0018368631587069029,0.0,3.9738962717432793,1.4075276023534724,1.0018296569001552
baseline_daily,2026-01-22,1.4151100827063334,-0.0006455099355775484,0.0,3.9409046568619592,1.391271064376126,1.00118296590287
baseline_daily,2026-01-23,1.4191068593820544,0.002824357429548785,0.0,4.032665070499153,1.4251051172903757,1.0040106644509554
baseline_daily,2026-01-26,1.430121144258437,0.007761420363494365,0.0,4.1955227463015365,1.47098441502663,1.0118032132671906
baseline_daily,2026-01-27,1.4314927298106288,0.0009590694870140748,0.0,4.149748419207918,1.45245860773466,1.012773602855898
baseline_daily,2026-01-28,1.4236398070629255,-0.005485827894314288,0.0,4.256248650674659,1.490964791916151,1.0072177011747259
baseline_daily,2026-01-29,1.4158239577037153,-0.0054900469349300485,0.0,4.042281671945984,1.4217417956086145,1.0016880287215844
baseline_daily,2026-01-30,1.4207086152571393,0.003450045838570448,0.0,4.034295425837563,1.4187396019782412,1.005143898336621
baseline_daily,2026-02-02,1.4200750873693315,-0.0004459238727803072,0.0,4.375267241176687,1.5439585759463694,1.0046956806767733
baseline_daily,2026-02-03,1.4201722994765251,6.845561059276584e-05,0.0,4.005420628765036,1.4123278421745113,1.004764457733054
baseline_daily,2026-02-04,1.421737459179975,0.0011020914180812635,0.0,3.9478756897066036,1.388707048967881,1.0058718000191145
baseline_daily,2026-02-05,1.4220636873470571,0.000229457390304999,0.0,3.9353558854731183,1.3808940782531118,1.0061026047373283
baseline_daily,2026-02-06,1.4254819504271832,0.0024037341720630767,0.0,3.9164868158436708,1.3776484326999532,1.008521007948937
baseline_daily,2026-02-09,1.4273087925875636,0.0012815610606875527,0.0,4.090336285967945,1.4333856112380674,1.0098134892016097
baseline_daily,2026-02-10,1.429450664243768,0.0015006364896845703,0.0,3.855900967901883,1.3492453917575236,1.0113288521712813
baseline_daily,2026-02-11,1.4288007075901292,-0.0004546898118954479,0.0,3.941420795558561,1.3812432707711808,1.010869011245723
baseline_daily,2026-02-12,1.4265154383678387,-0.0015994317543032155,0.0,4.127359699692972,1.4433756155183233,1.0092521952496956
baseline_daily,2026-02-13,1.4241541798964854,-0.0016552631733554035,0.0,4.1400903910718805,1.452871573431636,1.0075816172582706
baseline_daily,2026-02-24,1.4283355738966739,0.0029360542975005455,0.0,4.067852372489199,1.4293839896533285,1.0105399315957042
baseline_daily,2026-02-25,1.4293122946818104,0.0006838174466745617,0.0,4.100764201716497,1.4357132047652947,1.0112309564314907
baseline_daily,2026-02-26,1.4266212345573657,-0.001882765673014708,0.0,4.006537080699926,1.399279977658074,1.0093270454992318
baseline_daily,2026-02-27,1.4245984624847006,-0.0014178760442274951,0.0,3.8807614156824024,1.3624118009029402,1.0078959448606275
baseline_daily,2026-03-02,1.4204930221029315,-0.002881822836315995,0.0,4.042648740490003,1.420576626789515,1.0049913673100979
baseline_daily,2026-03-03,1.4203653557134572,-8.987470370336315e-05,0.0,4.072219234954456,1.4304159699988388,1.0049010440087365
baseline_daily,2026-03-04,1.429749362267819,0.00660675544965561,0.0,4.209771046383079,1.4785467061957185,1.0115401794576058
baseline_daily,2026-03-05,1.4349190059997128,0.003615769216846365,0.0,4.343307005017362,1.5168525584756705,1.0151976753000918
baseline_daily,2026-03-06,1.429439085806702,-0.0038189752662679544,0.0,4.103444006805104,1.4319518405356302,1.011320660487748
baseline_daily,2026-03-09,1.429770752338604,0.00023202564921809277,0.0,4.091277732309685,1.4309900643987234,1.0115553128205654
baseline_daily,2026-03-10,1.4289925106887114,-0.0005443121903422332,0.0,4.189749597281307,1.4687343444123484,1.0110047109325917
baseline_daily,2026-03-11,1.427449445814401,-0.0010798271248928515,0.0,4.152641257788174,1.4524158226817165,1.0099130006223322
baseline_daily,2026-03-12,1.433349442159342,0.004133243641125883,0.0,4.034399517211382,1.4115650358378593,1.0140872171102449
baseline_daily,2026-03-13,1.4368199219724345,0.0024212377742751645,0.0,3.9677818603406454,1.3836666870261893,1.0165425633867218
baseline_daily,2026-03-16,1.4370516110917426,0.0001612513271600502,0.0,4.33914896706243,1.5123028979477262,1.0167064822241825
baseline_daily,2026-03-17,1.4382398362045838,0.0008268492959264684,0.0,4.184368301229755,1.4550628789105318,1.0175471452631735
baseline_daily,2026-03-18,1.4394070627913342,0.0008115660249201628,0.0,4.237960707316386,1.4728236754399482,1.0183729519550235
baseline_daily,2026-03-19,1.4388768331500665,-0.0003683667080522923,0.0,4.267820923504669,1.4816231114667031,1.0179978172631423
baseline_daily,2026-03-20,1.4398294927456872,0.0006620855751322541,0.0,4.160867215359004,1.4439550606020117,1.0186718189334683
baseline_daily,2026-03-23,1.4432251753013479,0.002358392137936649,0.0,4.215429087876859,1.4610678270931596,1.0210742465423785
baseline_daily,2026-03-24,1.4450994262937589,0.0012986545859134946,0.0,4.365284972012774,1.512201191860092,1.022400269295209
baseline_daily,2026-03-25,1.4458357445056753,0.0005095277172761925,0.0,4.21917469093729,1.4590805765351877,1.0229212105705656
baseline_daily,2026-03-26,1.4456118153172701,-0.00015487871928476782,0.0,4.058051869240363,1.4029576487877595,1.0227627818435432
baseline_daily,2026-03-27,1.4491475440582633,0.0024458355303476065,0.0,4.122226724382982,1.4260752907174366,1.0252642913944934
baseline_daily,2026-03-30,1.450424021096059,0.0008808468420138382,0.0,4.053685198599908,1.3964421353630598,1.0261673922077978
baseline_daily,2026-03-31,1.4527255121017855,0.0015867711595034528,0.0,4.060521607115149,1.4002884835924505,1.027795685030576
baseline_daily,2026-04-01,1.4512667478631096,-0.0010041568255831912,0.0,4.0594230060641205,1.395197422326996,1.0267636169781476
baseline_daily,2026-04-02,1.4568701263858004,0.0038610259147338066,0.0,3.9930137783674002,1.372627069517353,1.030727977911606
baseline_daily,2026-04-03,1.459480126265101,0.0017915117017159865,0.0,4.254089877507523,1.457244500594415,1.0325745391453207
baseline_daily,2026-04-07,1.4681609800012856,0.005947908148910219,0.0,3.951772923351048,1.3541135584324504,1.0387161976610604
baseline_daily,2026-04-08,1.4695563535261578,0.0009504227015153521,0.0,4.155285323244012,1.4153498499218642,1.039703417115749
baseline_daily,2026-04-09,1.467196423798777,-0.001605879027176016,0.0,3.9796596298156834,1.3550677384702945,1.0380337792037198
baseline_daily,2026-04-10,1.4664631414141844,-0.0004997847409510259,0.0,4.064303154013767,1.3848494701842222,1.0375149857602821
baseline_daily,2026-04-13,1.4684975997027094,0.0013873231662426821,0.0,4.036812661066772,1.3772659982281352,1.0389543543353512
baseline_daily,2026-04-14,1.46583282627593,-0.0018146256604838484,0.0,4.161471511564435,1.418125464250633,1.037069041103903
baseline_daily,2026-04-15,1.4718804809296635,0.004125746500778016,0.0,4.100255304773819,1.3969243889500218,1.0413477250713026
baseline_daily,2026-04-16,1.4737599738426788,0.0012769331052124855,0.0,4.240637343449865,1.4387742999049715,1.042677456455484
baseline_daily,2026-04-17,1.4735191497326308,-0.00016340795945224418,0.0,3.914774255907095,1.3278160569387047,1.0425070746599576
baseline_daily,2026-04-20,1.4605654089407778,-0.008791023037741597,0.0,4.168426600389267,1.4173109927612844,1.0333423709496132
baseline_daily,2026-04-21,1.4589851610914832,-0.0010819425406224381,0.0,3.917081264297287,1.3425662244648615,1.032224353879455
baseline_daily,2026-04-22,1.451001657506014,-0.005471956671236233,0.0,3.8601639106573526,1.3242784664014797,1.026576066940032
baseline_daily,2026-04-23,1.4500823156606037,-0.000633591175209558,0.0,3.9916877016177468,1.3768583083384542,1.0259256374033374
baseline_daily,2026-04-24,1.4575878474480994,0.005175934984129826,0.0,4.25080368757721,1.464838515526296,1.031235761801089
baseline_daily,2026-04-27,1.4567760243013146,-0.0005569634435456106,0.0,3.927504101375531,1.3484569157331026,1.030661401180089
baseline_daily,2026-04-28,1.4521570669944042,-0.003170670871746162,0.0,3.927298813483037,1.3477552552107743,1.0273935130967342
baseline_daily,2026-04-29,1.4585202370387929,0.004381874515515527,0.0,4.108745832762762,1.4098622858923042,1.0318954225491788
baseline_daily,2026-04-30,1.4604432457848713,0.0013184655908393683,0.0,4.145078566700969,1.4181977419956977,1.0332559411571545
baseline_daily,2026-05-06,1.4638810799847677,0.0023539663111309395,0.0,4.17264926452817,1.4291849878132512,1.0356881908334143
baseline_daily,2026-05-07,1.4588985431019903,-0.0034036486644319908,0.0,4.408973386274537,1.507210139692908,1.0321630721059163
baseline_daily,2026-05-08,1.460692682317861,0.0012297902581051012,0.0,3.938897865864437,1.3506490905295223,1.033432416196768
baseline_daily,2026-05-11,1.4619959446837199,0.0008922221502409844,0.0,4.01826801450492,1.3742148415986197,1.034354467489276
baseline_daily,2026-05-12,1.4559307110730413,-0.004148598108451473,0.0,4.069144727542258,1.393413166686838,1.0300633465019815
baseline_daily,2026-05-13,1.4553575572164137,-0.0003936683609105929,0.0,3.9186164337834497,1.345711347266371,1.02965784315273
baseline_daily,2026-05-14,1.450171506225039,-0.0035634205255330453,0.0,3.9243920641313035,1.3497229743779746,1.0259887392601634
baseline_daily,2026-05-15,1.4533003673898304,0.0021575800871553863,0.0,4.215562406228094,1.450869459212138,1.0282023921336367
baseline_daily,2026-05-18,1.4532855203104396,-1.0216112046768089e-05,0.0,4.355382605460576,1.4942927571689408,1.028191887902792
baseline_daily,2026-05-19,1.4498765010001935,-0.002345732660652855,0.0,4.065829092415197,1.3999554522127011,1.0257800246099202
baseline_daily,2026-05-20,1.450833709174358,0.0006601997987443209,0.0,3.8846757871569872,1.3416119796638748,1.0264572443757236
baseline_daily,2026-05-21,1.4599585327505908,0.006289365568591387,0.0,3.836944272531899,1.3159113551480952,1.0329130092261314
baseline_daily,2026-05-22,1.4645615247388324,0.0031528237857341157,0.0,4.490354514994793,1.536711127049896,1.0361696019302138
baseline_daily,2026-05-25,1.4642158818822617,-0.00023600432670956017,0.0,4.284900133773387,1.4608401264612014,1.0359250614209534
baseline_daily,2026-05-26,1.4660654004575153,0.001263146096240897,0.0,3.889653306126323,1.3268932719377966,1.0372335861182853
baseline_daily,2026-05-27,1.455892570873007,-0.006938864788251342,0.0,4.170187496327944,1.420330985536126,1.0300363625103774
baseline_daily,2026-05-28,1.453402699850715,-0.0017102024367079416,0.0,4.0169305469233905,1.3793142980062518,1.0282747918133144
baseline_daily,2026-05-29,1.4569799449450873,0.0024612896995028777,0.0,4.011562863709475,1.3774238662574905,1.030805673966663
baseline_daily,2026-06-01,1.4643196507244525,0.0050376162038674455,0.0,4.308183824647984,1.4750546065224865,1.0359984773328759
baseline_daily,2026-06-02,1.4643842751856293,4.413275553938334e-05,0.0,4.507949077212562,1.537782487658735,1.0360441988004152
baseline_daily,2026-06-03,1.465118373250783,0.000501301521460773,0.0,4.1431235182190145,1.4094447509835437,1.0365635693335744
baseline_daily,2026-06-04,1.4674356286520742,0.0015816165052586761,0.0,4.050653048204637,1.3795774284182192,1.0382030153835822
baseline_daily,2026-06-05,1.4665275114592948,-0.0006188463569019031,0.0,4.068109537595145,1.3859709533754507,1.0375605272297874
baseline_daily,2026-06-08,1.4607786902130278,-0.003920022775806387,0.0,4.101125538120238,1.3912242909946186,1.033493266331769
baseline_daily,2026-06-09,1.4586568889851423,-0.0014525138147900574,0.0,4.4407271997813975,1.5157578603172115,1.0319921030849297
baseline_daily,2026-06-10,1.464448642576045,0.0039706072309659834,0.0,4.22798691614577,1.4503411485264261,1.0360897383917385
baseline_daily,2026-06-11,1.4697344658391793,0.0036094289068657748,0.0,4.299762283849633,1.4634868755963608,1.0398294306435967
baseline_daily,2026-06-12,1.4823077973790548,0.008554832068047302,0.0,4.355090627259861,1.4766497440332176,1.048724996802166
baseline_daily,2026-06-15,1.4891376231174775,0.004607562444519875,0.0,4.510744630233588,1.5183236153754638,1.0535570627120607
baseline_daily,2026-06-16,1.4743620300050757,-0.009922248207972495,0.0,4.490963103771322,1.5073530014259353,1.0431034080345691
baseline_daily,2026-06-17,1.4775371142095999,0.002153530910256274,0.0,4.068762632089084,1.3792407650322573,1.0453497634663653
baseline_daily,2026-06-18,1.4772572396636943,-0.0001894196384063518,0.0,4.0806286009145065,1.381140118317801,1.0451517536921613
baseline_daily,2026-06-22,1.4765045291667684,-0.0005095324475087315,0.0,4.1545305314560075,1.4113168817781805,1.0446192149610845
baseline_daily,2026-06-23,1.4948306299980745,0.01241181484329612,0.0,4.208251686220883,1.420408914867211,1.0575848352389308
baseline_daily,2026-06-24,1.4863517162547921,-0.005672156813707585,0.0,4.379694318708658,1.4643845413584353,1.0515860482096564
baseline_daily,2026-06-25,1.4809787483419221,-0.0036148697876222657,0.0,4.299123934076109,1.4475882553871158,1.0477847015748982
baseline_daily,2026-06-26,1.4892639132930043,0.005594384767747762,0.0,3.8603733597969865,1.3018164558155834,1.053646412349268
baseline_daily,2026-06-29,1.4922976351468429,0.0020370612802471655,0.0,4.400313870715235,1.4769727182724242,1.0557927546589359
baseline_daily,2026-06-30,1.4951926822992936,0.0019399931248740288,0.0,4.301923291849214,1.4426102434893513,1.057840985344266
baseline_daily,2026-07-01,1.497642340083325,0.0016383559209669496,0.0,3.8973211482818475,1.3036302783482745,1.0595741053860463
baseline_daily,2026-07-02,1.5058338113017367,0.005469577748420162,0.0,4.155447286210442,1.3865252941165211,1.0653695283356681
baseline_daily,2026-07-03,1.4999063006955091,-0.0039363643994043684,0.0,4.315905845526775,1.432385134024062,1.0611758456521174
baseline_daily,2026-07-06,1.4959163585594226,-0.002660127592127859,0.0,4.242991556725902,1.4115588861307067,1.0583529825049987
baseline_daily,2026-07-07,1.5084709097456417,0.008392548897793395,0.0,4.278679879000343,1.4240343543949725,1.0672352616617973
baseline_daily,2026-07-08,1.5211929162964795,0.008433710235077108,0.0,4.330125650918192,1.4328560263813326,1.0762360146113095
baseline_daily,2026-07-09,1.5289489007051593,0.005098619856554798,0.0,4.246427003164757,1.396423448795279,1.081723332925746
baseline_daily,2026-07-10,1.5369884622505052,0.005258227754791456,0.0,4.3075371570813825,1.4055784020973794,1.0874112805779417
baseline_daily,2026-07-13,1.5412902443907013,0.00279883827748284,0.0,4.461202681824616,1.4513772376136638,1.0904547688933899
baseline_daily,2026-07-14,1.5397587339968941,-0.0009936547638453863,0.0,4.653386011501663,1.5068334645159867,1.089371233317521
baseline_daily,2026-07-15,1.5534770178046944,0.008909372296392437,0.0,4.391135502003279,1.4235208185428345,1.099076847204127
baseline_daily,2026-07-16,1.5534681389198814,-5.7154915786838956e-06,0.0,4.249748355551642,1.367497641119267,1.0990705654396624
baseline_daily,2026-07-17,1.5537220767631224,0.00016346511195108882,0.0,4.388969722286436,1.4123491922831564,1.0992502251326841
baseline_daily,2026-07-20,1.5614219025493237,0.00495572914960607,0.0,4.500732827838403,1.4426720762736274,1.1046978115160853
baseline_daily,2026-07-21,1.564234478114206,0.0018012912207072684,0.0,4.417377986387132,1.410231168786322,1.1066876939855037
baseline_daily,2026-07-22,1.554907213700375,-0.005962830089946358,0.0,4.346798572268183,1.389348514094219,1.1000887033036335
baseline_daily,2026-07-23,1.5478704746044951,-0.004525504180493023,0.0,4.2506117712047375,1.366758453163625,1.0951102472779197
baseline_daily,2026-07-24,1.5458193282239037,-0.0013251408397821907,0.0,4.276848949622616,1.3790845414161423,1.0936590719651877
baseline_daily,2026-07-27,1.5485281874419483,0.001752377634685942,0.0,4.319178758529608,1.3924075084535705,1.095575575662871
baseline_daily,2026-07-28,1.5529165464047936,0.0028338902697628843,0.0,4.290668312909228,1.384883025157178,1.0986803166265318
baseline_daily,2026-07-29,1.5585447201776332,0.0036242602900133924,0.0,4.336730848923045,1.3917700561241795,1.1026622200695007
baseline_daily,2026-07-30,1.5524768807168439,-0.0038932726037516074,0.0,4.438648894648624,1.4224642132652887,1.0983692554569122
baseline_daily,2026-07-31,1.5516664219642429,-0.0005220423973250066,0.0,4.390096789291354,1.4096999344873324,1.0977958601376454
baseline_daily,2026-08-03,1.5600748926971304,0.005418993808117056,0.0,3.7482337243725627,1.2080782915724537,1.1037448091063078
baseline_daily,2026-08-04,1.5588863422091457,-0.0007618547632222139,0.0,4.4842180805580245,1.436991767305814,1.1029039158661083
baseline_daily,2026-08-05,1.5553188024193692,-0.002288518215331159,0.0,4.023760657369228,1.2892974834203323,1.1003799001648886
baseline_daily,2026-08-06,1.56452010747976,0.005916025091497357,0.0,3.9654935531569517,1.2757762084987851,1.1068897752644435
baseline_daily,2026-08-07,1.57087660100499,0.004062903055601863,0.0,4.157302644872464,1.3286707400666633,1.11138696111458
baseline_daily,2026-08-10,1.5741533658942621,0.00208594671737794,0.0,4.279215393572321,1.3661356582786488,1.1137052550978535
baseline_daily,2026-08-11,1.5786433520892493,0.0028523181363822037,0.0,4.5338589382555075,1.437639656088057,1.1168818967955532
baseline_daily,2026-08-12,1.5891568029504066,0.006659801181339242,0.0,4.164112062984046,1.317586184090946,1.1243201081712486
baseline_daily,2026-08-13,1.597562318090613,0.005289292488067199,0.0,4.246773905625741,1.3344421776684214,1.1302669660735818
baseline_daily,2026-08-14,1.605186301288214,0.00477226028134714,0.0,4.575026992924772,1.4306623079686898,1.1356608942230935
baseline_daily,2026-08-17,1.6084377936432637,0.0020256168099865857,0.0,4.718264792662598,1.467446469485107,1.1379613080208761
baseline_daily,2026-08-18,1.606952497065543,-0.0009234404859116419,0.0,4.241490650905773,1.3201366339227552,1.1369104684776488
baseline_daily,2026-08-19,1.6152058043563433,0.005135999543154801,0.0,4.208724829856437,1.3092743530164748,1.142749640124358
baseline_daily,2026-08-20,1.6171893123639105,0.0012280218423048606,0.0,4.646036330724095,1.4341984073912324,1.1441529616427166
baseline_daily,2026-08-21,1.6295911935557583,0.007668787504982566,0.0,4.6491097430542405,1.4352701084221524,1.152927227578751
baseline_daily,2026-08-24,1.6290354786940395,-0.0003410148900634402,0.0,4.643164711750211,1.4259744032359043,1.152534062226987
baseline_daily,2026-08-25,1.6322508932730568,0.0019738149482140255,0.0,4.659038225496156,1.4292216203579515,1.1548089511873365
baseline_daily,2026-08-26,1.6385370188225612,0.00385120055710253,0.0,4.507692011852649,1.3777179383120388,1.1592563520634962
baseline_daily,2026-08-27,1.6452307966418929,0.004085216105853773,0.0,4.575334863947129,1.394868798432897,1.1639921647837592
baseline_daily,2026-08-28,1.6438499529818427,-0.0008393008828114779,0.0,3.339451056611325,1.0157408377065578,1.1630152251322705
buffer_20_30,2025-01-02,1.0,0.0,0.0,0.0,0.0,1.0
buffer_20_30,2025-01-03,1.0020318623492153,0.002031862349215263,0.0,2.0,1.0,1.0020318623492153
buffer_20_30,2025-01-06,1.0019998979712057,-3.189956248961234e-05,0.0,2.6000660409131786,1.296617007594915,1.0019998979712057
buffer_20_30,2025-01-07,1.0000306179811973,-0.0019653494915475855,0.0,2.521011519474821,1.2597387115385978,1.0000306179811973
buffer_20_30,2025-01-08,1.0002652951520266,0.0002346699857080914,0.0,2.057635413728052,1.026487369592045,1.0002652951520266
buffer_20_30,2025-01-09,0.9957200078846088,-0.0045440817445605575,0.0,2.286284149548785,1.1449307434126592,0.9957200078846088
buffer_20_30,2025-01-10,0.9971290034123033,0.0014150519388356209,0.0,2.2292742135816965,1.1180183606627174,0.9971290034123034
buffer_20_30,2025-01-13,0.9995888795283657,0.002466958746204728,0.0,2.45329012587369,1.2281588982189788,0.9995888795283657
buffer_20_30,2025-01-14,1.0026641763842872,0.003076561693415858,0.0,2.3059130888060704,1.1522182640912872,1.0026641763842872
buffer_20_30,2025-01-15,1.0042811298629453,0.0016126570757608594,0.0,2.2833836380638832,1.139487732331938,1.0042811298629453
buffer_20_30,2025-01-16,1.003890374074292,-0.000389090043648066,0.0,2.2303842966476815,1.1117742336947856,1.003890374074292
buffer_20_30,2025-01-17,1.0068438684503422,0.00294204870603898,0.0,2.0985194458920073,1.0462152270002385,1.0068438684503422
buffer_20_30,2025-01-20,1.0121404796190938,0.005260608257865895,0.0,2.1915010205616445,1.0853700766772514,1.0121404796190938
buffer_20_30,2025-01-21,1.01462056789477,0.0024503399731719,0.0,2.134970952494742,1.0536498254811948,1.01462056789477
buffer_20_30,2025-01-22,1.0162152549999175,0.0015717078439050347,0.0,2.3403260474967977,1.1507381520839124,1.0162152549999175
buffer_20_30,2025-01-23,1.0176310173217018,0.0013931716876109945,0.0,2.3796938372969407,1.1708470229641281,1.0176310173217018
buffer_20_30,2025-01-24,1.0196777184256123,0.00201124088109772,0.0,2.4819648626602246,1.218503699964249,1.0196777184256123
buffer_20_30,2025-01-27,1.0190058315001425,-0.0006589208662000079,0.0,2.5315839668454783,1.240813859616147,1.0190058315001425
buffer_20_30,2025-02-05,1.0241497037268474,0.005047932080165296,0.0,2.537286675778393,1.2446944468663124,1.0241497037268474
buffer_20_30,2025-02-06,1.0194764201706625,-0.004563086372215919,0.0,2.416703304198693,1.1796722842917995,1.0194764201706625
buffer_20_30,2025-02-07,1.02241556107788,0.002882990571498878,0.0,2.429789863408942,1.1912569676123144,1.02241556107788
buffer_20_30,2025-02-10,1.0217164088473314,-0.0006838239334029383,0.0,2.179645108562753,1.0662975452896213,1.0217164088473314
buffer_20_30,2025-02-11,1.0199546580224952,-0.0017243051100880313,0.0,2.310553425242055,1.132503803342328,1.0199546580224952
buffer_20_30,2025-02-12,1.0201123126954654,0.00015457027597265416,0.0,2.180798810017982,1.0692837742353565,1.0201123126954654
buffer_20_30,2025-02-13,1.019693802279033,-0.00041025915600079177,0.0,2.2890581095006377,1.1242488566969333,1.019693802279033
buffer_20_30,2025-02-14,1.02193457133416,0.0021974920805825082,0.0,2.362841849180002,1.1565208534230575,1.02193457133416
buffer_20_30,2025-02-17,1.0263153494048767,0.0042867500460399555,0.0,2.398822294776288,1.1742107820934227,1.0263153494048767
buffer_20_30,2025-02-18,1.0258662588633294,-0.0004375755870821285,0.0,2.36005464090721,1.149066992233959,1.0258662588633294
buffer_20_30,2025-02-19,1.02820490863937,0.002279682907820657,0.0,2.509905405017662,1.2229225424118129,1.02820490863937
buffer_20_30,2025-02-20,1.033640770249497,0.005286749328322404,0.0,2.2918940001467636,1.1128305781681547,1.033640770249497
buffer_20_30,2025-02-21,1.0363058446015667,0.0025783371058656357,0.0,2.4396840117261434,1.1817347492884869,1.0363058446015667
buffer_20_30,2025-02-24,1.0322350605726442,-0.00392816855190814,0.0,2.2685638270505004,1.0946483996831984,1.0322350605726442
buffer_20_30,2025-02-25,1.0285402354088158,-0.0035794416455673383,0.0,2.3178380234357387,1.1214601590177857,1.0285402354088158
buffer_20_30,2025-02-26,1.0301280882393469,0.0015437926255748025,0.0,2.3631375434132518,1.1473364693385641,1.0301280882393469
buffer_20_30,2025-02-27,1.0320552663112332,0.0018708140219534375,0.0,2.4515551576898873,1.1895154278425926,1.0320552663112332
buffer_20_30,2025-02-28,1.029244889584405,-0.002723087433944338,0.0,2.5115756594870016,1.2188402489196128,1.029244889584405
buffer_20_30,2025-03-03,1.0248055357652222,-0.0043132143419973845,0.0,2.639631269450044,1.283855976961046,1.0248055357652222
buffer_20_30,2025-03-04,1.028996933472993,0.004089944444573224,0.0,2.6227327024784493,1.2798677333432238,1.028996933472993
buffer_20_30,2025-03-05,1.030310441568289,0.0012764936926128456,0.0,2.259050090026486,1.0960101297481868,1.030310441568289
buffer_20_30,2025-03-06,1.0315321106093676,0.0011857290694043954,0.0,2.1592636993918504,1.0489525752768187,1.0315321106093676
buffer_20_30,2025-03-07,1.0317257326732343,0.00018770338012297216,0.0,2.249912416628435,1.0890358095551815,1.0317257326732343
buffer_20_30,2025-03-10,1.0302591049620378,-0.0014215286725440812,0.0,2.329033122030724,1.1271319499538854,1.0302591049620378
buffer_20_30,2025-03-11,1.0290021151225281,-0.0012200715659348438,0.0,2.2677832100846924,1.098639494453852,1.0290021151225281
buffer_20_30,2025-03-12,1.0275616375013648,-0.001399878192662296,0.0,2.1890644884043517,1.0639664265368982,1.0275616375013648
buffer_20_30,2025-03-13,1.0231760128038287,-0.0042679918532188,0.0,2.1898003721777552,1.0651291019076259,1.0231760128038287
buffer_20_30,2025-03-14,1.0257255449309897,0.002491782543039056,0.0,2.392359871968246,1.1696100826832077,1.0257255449309897
buffer_20_30,2025-03-17,1.0301941603703124,0.004356541046877549,0.0,2.1972401558504853,1.0681490055927374,1.0301941603703124
buffer_20_30,2025-03-18,1.0297444714874204,-0.0004365088642419579,0.0,2.289939789601814,1.110534515308107,1.0297444714874204
buffer_20_30,2025-03-19,1.0303389316685274,0.0005772890241870776,0.0,2.317235121435917,1.1253448086959268,1.0303389316685274
buffer_20_30,2025-03-20,1.0366536217433913,0.006128750337170974,0.0,2.5107087771396266,1.2173519551534409,1.0366536217433913
buffer_20_30,2025-03-21,1.0386733087076583,0.0019482756071120821,0.0,2.293673076108275,1.106186091230705,1.0386733087076583
buffer_20_30,2025-03-24,1.0365610992253411,-0.002033564802916943,0.0,2.469544171962367,1.1902172014494585,1.0365610992253411
buffer_20_30,2025-03-25,1.0426274569965694,0.005852388031696298,0.0,2.452794567620707,1.182134371769382,1.0426274569965694
buffer_20_30,2025-03-26,1.046697451844354,0.0039035945394232385,0.0,2.572143605814042,1.2299119731336599,1.046697451844354
buffer_20_30,2025-03-27,1.0458494821940698,-0.0008101382579941419,0.0,2.301711108126345,1.0988811457260628,1.0458494821940698
buffer_20_30,2025-03-28,1.0426682607865547,-0.003041758361672864,0.0,2.3232630654240545,1.1108267374732927,1.0426682607865547
buffer_20_30,2025-03-31,1.039188733334483,-0.003337137594892292,0.0,2.4648489522994312,1.1812826303804094,1.039188733334483
buffer_20_30,2025-04-01,1.0359794763500523,-0.0030882330432249194,0.0,2.34537360131062,1.1293793368568696,1.0359794763500523
buffer_20_30,2025-04-02,1.0369705629056574,0.0009566662064550702,0.0,2.3667528438078542,1.1424862927306911,1.0369705629056574
buffer_20_30,2025-04-03,1.042122136947363,0.004967907697659868,0.0,2.3656652005785013,1.1404195236339223,1.042122136947363
buffer_20_30,2025-04-07,1.0373605747449706,-0.0045691018677909145,0.0,2.4440879398183046,1.1686899953757757,1.0373605747449706
buffer_20_30,2025-04-08,1.0185364523569502,-0.01814617100967819,0.0,2.6184856061229116,1.2608297820391412,1.0185364523569502
buffer_20_30,2025-04-09,1.0224260885389842,0.0038188482827816728,0.0,2.435000272700377,1.1991057384303618,1.0224260885389842
buffer_20_30,2025-04-10,1.0337720405831918,0.011097087771323011,0.0,2.5293456719665524,1.2227472016913485,1.0337720405831918
buffer_20_30,2025-04-11,1.0411495908828585,0.007136534951655893,0.0,2.2734257403755844,1.0971857226331154,1.0411495908828585
buffer_20_30,2025-04-14,1.0450281600316527,0.003725275582642462,0.0,2.446170231134144,1.1731336563712411,1.0450281600316527
buffer_20_30,2025-04-15,1.0453451277628238,0.00030331022961282983,0.0,2.5523463331207528,1.2209358035223055,1.0453451277628238
buffer_20_30,2025-04-16,1.0484096609667326,0.0029315994521994515,0.0,2.3889684491122978,1.1400387067454036,1.0484096609667326
buffer_20_30,2025-04-17,1.0470028220495728,-0.0013418790092629695,0.0,2.3246046721993316,1.1095512025571066,1.0470028220495728
buffer_20_30,2025-04-18,1.0543367555704117,0.007004693174066379,0.0,2.239223351428533,1.0689898877896709,1.0543367555704117
buffer_20_30,2025-04-21,1.0577353929334283,0.003223483716241926,0.0,2.48235706053195,1.1756447495163842,1.0577353929334283
buffer_20_30,2025-04-22,1.0650411144595664,0.006906946269309433,0.0,2.329812500994808,1.0982409466293377,1.0650411144595664
buffer_20_30,2025-04-23,1.0681226228853162,0.002893323444431939,0.0,2.2190558265324296,1.039901055214194,1.0681226228853162
buffer_20_30,2025-04-24,1.0693809947162654,0.001178115512196376,0.0,2.364187260790167,1.1055359963670366,1.0693809947162654
buffer_20_30,2025-04-25,1.0733441368432597,0.0037060151120844598,0.0,2.362788318528655,1.104471569233257,1.0733441368432597
buffer_20_30,2025-04-28,1.0743400319951273,0.0009278432868664588,0.0,2.320883380200759,1.0820550967847797,1.0743400319951273
buffer_20_30,2025-04-29,1.077266723108006,0.002724175796971373,0.0,2.3666248370044127,1.1016869151060111,1.0772667231080058
buffer_20_30,2025-04-30,1.0811499574268235,0.0036047101757807898,0.0,2.6803888556702606,1.2433707760863713,1.0811499574268233
buffer_20_30,2025-05-06,1.0835303746953555,0.0022017456988090434,0.0,2.7030108337829017,1.248735899948758,1.0835303746953553
buffer_20_30,2025-05-07,1.0839922320954192,0.0004262523791209727,0.0,2.5345027699785785,1.1684408655941876,1.083992232095419
buffer_20_30,2025-05-08,1.0855349351453887,0.001423167993544805,0.0,2.367882992967968,1.0922308501199292,1.0855349351453882
buffer_20_30,2025-05-09,1.0888024653936719,0.003010064570464932,0.0,2.195927397073749,1.0116259655486328,1.0888024653936714
buffer_20_30,2025-05-12,1.0892674972765537,0.00042710399513445907,0.0,2.560019314035602,1.1752269505018642,1.0892674972765533
buffer_20_30,2025-05-13,1.0870299787449786,-0.002054149726462451,0.0,2.5431439439938224,1.1675955580632067,1.0870299787449782
buffer_20_30,2025-05-14,1.083342940043249,-0.0033918463831019707,0.0,2.4706251906804164,1.1389502677551506,1.0833429400432486
buffer_20_30,2025-05-15,1.087239023870267,0.00359635317959639,0.0,2.4327710669998623,1.1238475559780232,1.0872390238702665
buffer_20_30,2025-05-16,1.0922167240052343,0.004578294216526668,0.0,2.4855364974838903,1.1406832004810183,1.0922167240052338
buffer_20_30,2025-05-19,1.0979898300970798,0.005285678167127106,0.0,2.486112992891759,1.1367448976544696,1.0979898300970794
buffer_20_30,2025-05-20,1.0992199368714355,0.001120326200331867,0.0,2.4220435552044073,1.1019386373486455,1.099219936871435
buffer_20_30,2025-05-21,1.1011884770820708,0.0017908519893099495,0.0,2.337116769491184,1.0625031568726555,1.1011884770820703
buffer_20_30,2025-05-22,1.1022652883516146,0.000977862819993458,0.0,2.5493522769937567,1.1577044930252558,1.1022652883516142
buffer_20_30,2025-05-23,1.106441809765473,0.003789034688830739,0.0,2.529842689010711,1.1464145207175314,1.1064418097654725
buffer_20_30,2025-05-26,1.10670707019991,0.00023974187534836489,0.0,2.426253698006585,1.0963778565632376,1.1067070701999095
buffer_20_30,2025-05-27,1.1069331640722473,0.00020429423324852536,0.0,2.3879903075503854,1.0788250575404235,1.1069331640722468
buffer_20_30,2025-05-28,1.1049110412603742,-0.001826779499887743,0.0,2.3967171107308745,1.0830984263277346,1.1049110412603738
buffer_20_30,2025-05-29,1.106480228698572,0.0014201934631838942,0.0,2.4178641229404483,1.093279529441793,1.1064802286985715
buffer_20_30,2025-05-30,1.1059524024081158,-0.0004770318318990663,0.0,2.5869940844181922,1.1695108158876821,1.1059524024081153
buffer_20_30,2025-06-03,1.1022379357132674,-0.0033586135232948067,0.0,2.5976559828739227,1.1766690129201842,1.102237935713267
buffer_20_30,2025-06-04,1.1064637078291857,0.0038338111754279147,0.0,2.614963605009787,1.1843403267368589,1.106463707829185
buffer_20_30,2025-06-05,1.113645516874327,0.006490776872593029,0.0,2.4122034844297264,1.0888136285042462,1.1136455168743262
buffer_20_30,2025-06-06,1.121515805871477,0.0070671401966755365,0.0,2.518519690672338,1.1300537066222307,1.1215158058714763
buffer_20_30,2025-06-09,1.1214152482038586,-8.966228303863844e-05,0.0,2.672149015197123,1.1921712162703368,1.121415248203858
buffer_20_30,2025-06-10,1.125287207943332,0.0034527439730065446,0.0,2.574664193366232,1.1483294623674902,1.1252872079433314
buffer_20_30,2025-06-11,1.1255898771598545,0.0002689706364613631,0.0,2.651793827273587,1.179101038289383,1.1255898771598538
buffer_20_30,2025-06-12,1.1278366869612948,0.001996117633102479,0.0,2.474740802835041,1.099884379514341,1.1278366869612944
buffer_20_30,2025-06-13,1.1284564630023102,0.0005495264058887894,0.0,2.514102956707388,1.1156897541416182,1.1284564630023097
buffer_20_30,2025-06-16,1.1312386338381344,0.002465465817282908,0.0,2.623924045725782,1.162232637238751,1.131238633838134
buffer_20_30,2025-06-17,1.136453699914621,0.004610049480711975,0.0,2.8787643039385307,1.269929804523298,1.1364536999146209
buffer_20_30,2025-06-18,1.1380624647339677,0.0014156008462706815,0.0,2.713020356573957,1.1920916588943515,1.1380624647339674
buffer_20_30,2025-06-19,1.1357175447405934,-0.0020604492864303436,0.0,2.6028376298089,1.1431424349971064,1.1357175447405932
buffer_20_30,2025-06-20,1.1372979274848551,0.0013915279829745941,0.0,2.6602041157215712,1.1709510413615176,1.137297927484855
buffer_20_30,2025-06-23,1.1386403465857324,0.0011803583462479672,0.0,2.5688900018314493,1.13017481741602,1.1386403465857322
buffer_20_30,2025-06-24,1.1404149735998106,0.0015585492112584198,0.0,2.490354572358029,1.0934136834241386,1.1404149735998104
buffer_20_30,2025-06-25,1.1429168775842962,0.0021938540289312414,0.0,2.6097303923471658,1.1436217768840524,1.1429168775842957
buffer_20_30,2025-06-26,1.142631409334486,-0.00024977166354700486,0.0,2.449317954240208,1.0733341725247398,1.1426314093344856
buffer_20_30,2025-06-27,1.1454950989598034,0.0025062234434682917,0.0,2.613907466682735,1.1434617408127297,1.145495098959803
buffer_20_30,2025-06-30,1.1465100184206736,0.0008860094310241262,0.0,2.781462889849383,1.2125465317447925,1.1465100184206733
buffer_20_30,2025-07-01,1.1484332329495166,0.0016774511325179375,0.0,2.7691568629160805,1.2078856506656337,1.1484332329495162
buffer_20_30,2025-07-02,1.1552627915948879,0.005946848671237959,0.0,2.555150090539572,1.1097616888805368,1.1552627915948874
buffer_20_30,2025-07-03,1.1578203799354498,0.00221385849104605,0.0,2.8867241610220273,1.2487251892102902,1.1578203799354494
buffer_20_30,2025-07-04,1.1614275644950929,0.003115495824874026,0.0,2.7669224993767285,1.1948401970941476,1.1614275644950924
buffer_20_30,2025-07-07,1.163278328057903,0.0015935247443648048,0.0,2.859485317827902,1.2305265287673166,1.1632783280579027
buffer_20_30,2025-07-08,1.1657920196642595,0.0021608685950103013,0.0,2.8480970280379756,1.223858852503923,1.165792019664259
buffer_20_30,2025-07-09,1.1652322151834673,-0.0004801924111244027,0.0,2.489245177511559,1.0687904500780356,1.1652322151834669
buffer_20_30,2025-07-10,1.16465055246572,-0.0004991818027068051,0.0,2.5915005651747296,1.112905893595416,1.1646505524657196
buffer_20_30,2025-07-11,1.1713023026168712,0.0057113699358735115,0.0,2.7562290018316147,1.1824945887816602,1.1713023026168707
buffer_20_30,2025-07-14,1.1737175443328396,0.0020620139741656107,0.0,2.66322250898615,1.135732418825481,1.1737175443328391
buffer_20_30,2025-07-15,1.1739584088091994,0.00020521502598547237,0.0,2.4790191223772373,1.0549983431970698,1.173958408809199
buffer_20_30,2025-07-16,1.1759147820523776,0.0016664757699231814,0.0,2.8519532950084105,1.2146765060634037,1.1759147820523772
buffer_20_30,2025-07-17,1.1781819313970403,0.0019279877923685795,0.0,2.53480515031414,1.0774628100056942,1.1781819313970399
buffer_20_30,2025-07-18,1.1804936519871216,0.0019621083369867343,0.0,2.622822988716682,1.1126437390391306,1.1804936519871212
buffer_20_30,2025-07-21,1.1849422257179956,0.003768401230608509,0.0,2.8090104194976258,1.1884008069621648,1.184942225717995
buffer_20_30,2025-07-22,1.1842902746027202,-0.0005501965421819133,0.0,2.6525410222633896,1.119949308107956,1.1842902746027195
buffer_20_30,2025-07-23,1.187336691780389,0.0025723568309219402,0.0,2.7516786586990447,1.16486800149653,1.1873366917803883
buffer_20_30,2025-07-24,1.1910057677172985,0.0030901731263841548,0.0,2.885928855274977,1.215289279960532,1.1910057677172978
buffer_20_30,2025-07-25,1.1946348231362895,0.0030470510868696454,0.0,2.7611049869491504,1.15949076896716,1.1946348231362889
buffer_20_30,2025-07-28,1.1948272438953647,0.0001610707769006403,0.0,2.6038177496105828,1.0889411291267772,1.194827243895364
buffer_20_30,2025-07-29,1.194495812231605,-0.00027738877352612157,0.0,2.7931294178534545,1.170305698746161,1.1944958122316043
buffer_20_30,2025-07-30,1.1930703731052568,-0.0011933395762059318,0.0,2.755619880320155,1.1549593103702576,1.193070373105256
buffer_20_30,2025-07-31,1.194207062147419,0.0009527426611086742,0.0,2.7938447105535773,1.1732165558183223,1.1942070621474183
buffer_20_30,2025-08-01,1.1998673930271961,0.004739823653026054,0.0,2.94198142081341,1.2310838665768067,1.1998673930271955
buffer_20_30,2025-08-04,1.1959255385368182,-0.003285241780287884,0.0,3.014947246219367,1.255632856883876,1.1959255385368175
buffer_20_30,2025-08-05,1.1960565120035833,0.00010951640595058265,0.0,2.798535452770795,1.1691308996701437,1.1960565120035827
buffer_20_30,2025-08-06,1.1960871800192943,2.5640942048488213e-05,0.0,2.723863056530538,1.1374100312573872,1.1960871800192936
buffer_20_30,2025-08-07,1.194020352230821,-0.001727990921564615,0.0,2.7211584521380283,1.1382877862530214,1.1940203522308204
buffer_20_30,2025-08-08,1.198718491172183,0.003934722664135748,0.0,2.8293900945229042,1.1841429853031584,1.1987184911721824
buffer_20_30,2025-08-11,1.201316977844976,0.0021677205214811757,0.0,2.846229971258563,1.186231166520414,1.2013169778449753
buffer_20_30,2025-08-12,1.2016693673691876,0.00029333600599223963,0.0,2.773151519063879,1.155743411899009,1.201669367369187
buffer_20_30,2025-08-13,1.2034970487277763,0.0015209519425380957,0.0,2.588982071911817,1.0759627726686025,1.2034970487277756
buffer_20_30,2025-08-14,1.2020437180059742,-0.0012075897679503234,0.0,2.8956561237893474,1.2032674333878006,1.2020437180059735
buffer_20_30,2025-08-15,1.1992298606128518,-0.0023408943875936616,0.0,2.8640080787879554,1.1893133030205667,1.199229860612851
buffer_20_30,2025-08-18,1.1964847628977178,-0.0022890505025709995,0.0,2.880833943869739,1.2039816640688625,1.196484762897717
buffer_20_30,2025-08-19,1.1962229671266542,-0.00021880409946006818,0.0,2.7470052992876437,1.1488498866793742,1.1962229671266535
buffer_20_30,2025-08-20,1.2020113674282047,0.004838897480337057,0.0,2.859168706609026,1.1922465208813733,1.202011367428204
buffer_20_30,2025-08-21,1.2019211614438734,-7.504586626683185e-05,0.0,2.9403926702284258,1.2230111319127615,1.2019211614438727
buffer_20_30,2025-08-22,1.207191514596559,0.004384940811221316,0.0,2.9237108582864946,1.2169220054182481,1.2071915145965586
buffer_20_30,2025-08-25,1.213967860498324,0.005613314722502372,0.0,2.76755558953215,1.1434025476278686,1.2139678604983235
buffer_20_30,2025-08-26,1.2175775572425969,0.0029734697776850894,0.0,2.9985969284073573,1.2324491317868604,1.2175775572425962
buffer_20_30,2025-08-27,1.2183018772406644,0.0005948861275892892,0.0,2.739457414755294,1.1239642956663485,1.218301877240664
buffer_20_30,2025-08-28,1.2262364548798521,0.0065128173791857424,0.0,2.970701977152192,1.2181827164005357,1.2262364548798517
buffer_20_30,2025-08-29,1.2280720374324632,0.001496923815391682,0.0,2.979670231017165,1.2124653373069505,1.2280720374324627
buffer_20_30,2025-09-01,1.2315925934110086,0.0028667340931447516,0.0,2.9050464040822748,1.1829381815012237,1.2315925934110081
buffer_20_30,2025-09-02,1.2362273522077907,0.0037632239927212208,0.0,2.921128653132705,1.1848587166339608,1.2362273522077902
buffer_20_30,2025-09-03,1.243914951828282,0.006218596932644926,0.0,2.9777818250647603,1.2046545715006705,1.2439149518282813
buffer_20_30,2025-09-04,1.2454046396316838,0.001197580108842855,0.0,2.910260191808982,1.1672451778765436,1.2454046396316831
buffer_20_30,2025-09-05,1.2506786473058815,0.004234774390881935,0.0,3.069766470389478,1.2339419722658225,1.2506786473058809
buffer_20_30,2025-09-08,1.249721061466745,-0.0007656529846409299,0.0,3.0471518338614105,1.2173225270342674,1.2497210614667444
buffer_20_30,2025-09-09,1.2521105815807547,0.0019120427651311278,0.0,2.8291490002080075,1.131295492593836,1.2521105815807538
buffer_20_30,2025-09-10,1.252860590234958,0.0005989955401994873,0.0,2.9285067388448267,1.169355366243864,1.2528605902349572
buffer_20_30,2025-09-11,1.258592681737933,0.004575202977611381,0.0,2.907115701104866,1.1600085831414837,1.258592681737932
buffer_20_30,2025-09-12,1.2561464024410551,-0.0019436624194412166,0.0,2.974329029728003,1.1809525822278875,1.2561464024410542
buffer_20_30,2025-09-15,1.2632093516372318,0.005622711797328206,0.0,2.8439184520646412,1.1306473436539322,1.263209351637231
buffer_20_30,2025-09-16,1.2711436602279806,0.006281071764126178,0.0,3.111537102648518,1.2297666390248634,1.2711436602279798
buffer_20_30,2025-09-17,1.2734099941036887,0.0017829093175052435,0.0,2.9577414915775435,1.1634319160406537,1.273409994103688
buffer_20_30,2025-09-18,1.2776494088103283,0.0033291828446999627,0.0,3.016694534900698,1.1843441026136503,1.2776494088103276
buffer_20_30,2025-09-19,1.2777433034408072,7.349013730317822e-05,0.0,2.9533272440864526,1.1540174261538678,1.2777433034408063
buffer_20_30,2025-09-22,1.2868838655456132,0.007153676391957298,0.0,3.234946724409091,1.2672724008534828,1.2868838655456123
buffer_20_30,2025-09-23,1.2861423241155638,-0.0005762302643641526,0.0,3.0787417523337925,1.193506440835829,1.286142324115563
buffer_20_30,2025-09-24,1.2818753408139114,-0.003317660278839396,0.0,2.969891485647665,1.157406936246875,1.2818753408139105
buffer_20_30,2025-09-25,1.2912641937123999,0.007324310406444878,0.0,3.2456036617713764,1.2629243478033199,1.291264193712399
buffer_20_30,2025-09-26,1.2941625829507757,0.002244613652642835,0.0,2.9474916179108517,1.140895303260293,1.2941625829507746
buffer_20_30,2025-09-29,1.2993204142230448,0.003985458504378148,0.0,2.943362442283352,1.1387938014906138,1.2993204142230437
buffer_20_30,2025-09-30,1.3041923564898479,0.0037496080362258155,0.0,3.1696052088161926,1.2167422445539584,1.3041923564898465
buffer_20_30,2025-10-09,1.3086843092611298,0.0034442409886312753,0.0,3.1131604699105395,1.1945622828932625,1.3086843092611284
buffer_20_30,2025-10-10,1.307516416417623,-0.0008924175488633779,0.0,3.0229852863942837,1.1536361309369794,1.3075164164176216
buffer_20_30,2025-10-13,1.31768327550103,0.0077757028177607435,0.0,2.701512975363331,1.0305762162491596,1.3176832755010286
buffer_20_30,2025-10-14,1.311289455139326,-0.004852319582847264,0.0,3.11657797476865,1.1840585502745593,1.3112894551393246
buffer_20_30,2025-10-15,1.317015425244111,0.0043666713572227955,0.0,3.120950024599013,1.1892422281750283,1.3170154252441097
buffer_20_30,2025-10-16,1.3177211116714873,0.0005358224466092132,0.0,3.0724106656661547,1.1638429662610057,1.3177211116714862
buffer_20_30,2025-10-17,1.317650518601971,-5.357208660550228e-05,0.0,3.2242950788795848,1.2237437857421247,1.3176505186019698
buffer_20_30,2025-10-20,1.3223667779085846,0.0035792945398129827,0.0,3.2695681471922935,1.2410327704936406,1.3223667779085835
buffer_20_30,2025-10-21,1.3318118713808331,0.007142567122857324,0.0,3.0944412388492815,1.1676595999265058,1.331811871380832
buffer_20_30,2025-10-22,1.339181791232428,0.005533754436318095,0.0,2.677297220259399,1.0042658112921237,1.3391817912324269
buffer_20_30,2025-10-23,1.3411982506232463,0.0015057398510194275,0.0,2.9289117210888795,1.0932103332881349,1.3411982506232452
buffer_20_30,2025-10-24,1.3414457728245803,0.00018455303026154724,0.0,3.27898355999098,1.2238787680512393,1.3414457728245792
buffer_20_30,2025-10-27,1.3366486564150966,-0.0035760792621403192,0.0,3.328179484794447,1.2411145396825092,1.3366486564150954
buffer_20_30,2025-10-28,1.339377448110608,0.002041517553932337,0.0,3.1701443962771196,1.1845584901533437,1.3393774481106069
buffer_20_30,2025-10-29,1.3445830267928052,0.0038865658739741793,0.0,3.0807335008352554,1.1488095298255794,1.3445830267928043
buffer_20_30,2025-10-30,1.3469198397783073,0.0017379462174798022,0.0,3.2012198581881437,1.191515570024033,1.3469198397783064
buffer_20_30,2025-10-31,1.3454393377725185,-0.0010991760326527489,0.0,3.1566185759493006,1.1733748632459784,1.3454393377725176
buffer_20_30,2025-11-03,1.3428991607379783,-0.0018879907575362065,0.0,3.1716890666607185,1.1787787853660765,1.3428991607379774
buffer_20_30,2025-11-04,1.3479267366174799,0.003743822340866343,0.0,3.1856518367453894,1.1846580547772314,1.347926736617479
buffer_20_30,2025-11-05,1.3529035951334325,0.0036922322117014517,0.0,3.2508661833355594,1.2042312436804168,1.3529035951334316
buffer_20_30,2025-11-06,1.3571503157100422,0.003138967618894428,0.0,3.1446924617750645,1.1609855231613744,1.3571503157100413
buffer_20_30,2025-11-07,1.355757429840611,-0.0010263313159253329,0.0,3.1788403091129256,1.1712341895556848,1.35575742984061
buffer_20_30,2025-11-10,1.3582379474649666,0.001829617577421061,0.0,2.9239505336529588,1.0797946007985257,1.3582379474649657
buffer_20_30,2025-11-11,1.3662303515749377,0.005884391703889769,0.0,3.2500063412036146,1.1948427106907349,1.3662303515749368
buffer_20_30,2025-11-12,1.3679512305831187,0.0012595818898308853,0.0,3.214941296363434,1.1752765833960572,1.3679512305831178
buffer_20_30,2025-11-13,1.370830701551829,0.0021049514809696745,0.0,2.9679566811678852,1.0836968535327707,1.3708307015518282
buffer_20_30,2025-11-14,1.374370815654636,0.002582459014668581,0.0,3.1947333300776872,1.1663030141741264,1.3743708156546353
buffer_20_30,2025-11-17,1.3812817040575671,0.005028401595998266,0.0,3.1321952790634615,1.1380011069709357,1.3812817040575665
buffer_20_30,2025-11-18,1.3858826871530743,0.0033309520295472517,0.0,3.3217772576712736,1.2028546393178114,1.3858826871530734
buffer_20_30,2025-11-19,1.3952073301503254,0.00672830614285691,0.0,3.335178333186728,1.202266172618981,1.3952073301503245
buffer_20_30,2025-11-20,1.4045137394812843,0.006670269808542573,0.0,3.1640099678214115,1.1326784989061656,1.4045137394812834
buffer_20_30,2025-11-21,1.3984013101185746,-0.00435198972490447,0.0,3.344475794971814,1.1891370549200588,1.3984013101185737
buffer_20_30,2025-11-24,1.4006299631443915,0.0015937149155187402,0.0,3.263422043367372,1.16520020679053,1.4006299631443906
buffer_20_30,2025-11-25,1.4075717074469893,0.004956158646651998,0.0,3.318145564180155,1.182656183324592,1.4075717074469885
buffer_20_30,2025-11-26,1.411423171289415,0.0027362469862450833,0.0,2.9935032133322528,1.0621057799792442,1.411423171289414
buffer_20_30,2025-11-27,1.4091153120893458,-0.0016351291710485771,0.0,3.498054814021776,1.2396521498310922,1.409115312089345
buffer_20_30,2025-11-28,1.4177137082697073,0.00610198193617828,0.0,3.287607626041436,1.166368168064237,1.4177137082697064
buffer_20_30,2025-12-01,1.4220509897007034,0.0030593492929469335,0.0,3.1210126244845995,1.0978481299568605,1.4220509897007025
buffer_20_30,2025-12-02,1.4239529549221854,0.0013374803261325674,0.0,3.1743570478045844,1.11610936742225,1.4239529549221845
buffer_20_30,2025-12-03,1.4227578258683609,-0.0008393037492518962,0.0,3.4333503203545805,1.2055109663727646,1.42275782586836
buffer_20_30,2025-12-04,1.4232471023797166,0.00034389303819648553,0.0,3.336692658082596,1.1724927253153563,1.4232471023797157
buffer_20_30,2025-12-05,1.4312388837507168,0.005615174875562845,0.0,3.4288464643200243,1.2035514072745173,1.431238883750716
buffer_20_30,2025-12-08,1.4283829020215526,-0.001995461248006203,0.0,3.3206840312100154,1.161035732637333,1.4283829020215517
buffer_20_30,2025-12-09,1.4272991425936679,-0.0007587317282717887,0.0,3.349767447197718,1.1743647604341545,1.427299142593667
buffer_20_30,2025-12-10,1.435180312861009,0.005521736846993086,0.0,3.247486639775964,1.1381819983525592,1.4351803128610081
buffer_20_30,2025-12-11,1.4378040883764884,0.0018281852753740946,0.0,3.5427220400109807,1.2337240685027764,1.4378040883764873
buffer_20_30,2025-12-12,1.4410989427518863,0.0022915878470746165,0.0,3.6108936266135894,1.2557713992666193,1.441098942751885
buffer_20_30,2025-12-15,1.4412902779077303,0.0001327703117168788,0.0,3.8744649211560316,1.3452785769118731,1.441290277907729
buffer_20_30,2025-12-16,1.4418978739193058,0.00042156394231529504,0.0,3.556906511247287,1.2316124753097346,1.4418978739193045
buffer_20_30,2025-12-17,1.4460908240870451,0.002907938380089403,0.0,3.3160285072134505,1.1488430615312286,1.4460908240870438
buffer_20_30,2025-12-18,1.4491604958388238,0.002122737867254365,0.0,3.275493012422886,1.1326950374407578,1.4491604958388224
buffer_20_30,2025-12-19,1.4512738893368942,0.0014583570999477935,0.0,3.120849289573881,1.0747986968825056,1.4512738893368928
buffer_20_30,2025-12-22,1.4575911566515989,0.0043529118529039845,0.0,3.1925570634770124,1.0974109543799386,1.4575911566515976
buffer_20_30,2025-12-23,1.4581431584399451,0.0003787082446453649,0.0,3.1547260126868313,1.08181514508416,1.4581431584399436
buffer_20_30,2025-12-24,1.4590022899510975,0.0005891955849324226,0.0,3.3636369475731724,1.1539641859481757,1.4590022899510957
buffer_20_30,2025-12-25,1.4645098846025602,0.003774904734143547,0.0,3.1659326478268297,1.083391335588869,1.4645098846025584
buffer_20_30,2025-12-26,1.4655947598163328,0.0007407769829201882,0.0,3.336302089523735,1.1405540163366101,1.465594759816331
buffer_20_30,2025-12-29,1.4675434727754573,0.0013296396879645123,0.0,3.449737819849825,1.1774232038128432,1.4675434727754557
buffer_20_30,2025-12-30,1.4663181702232482,-0.000834934415872346,0.0,3.384186382495178,1.152772576484245,1.4663181702232466
buffer_20_30,2025-12-31,1.474715994555507,0.005727150152534888,0.0,3.392830235267294,1.1573381702173056,1.4747159945555053
buffer_20_30,2026-01-05,1.4762258618045512,0.0010238359484933124,0.0,3.4807307098935736,1.1811443438605267,1.0010238359484933
buffer_20_30,2026-01-06,1.4759450503244336,-0.00019022257188638925,0.0,3.611886002136968,1.2225004730798732,1.0008334186198997
buffer_20_30,2026-01-07,1.4757218803409966,-0.0001512048049403525,0.0,3.2641293830964884,1.1092950461546673,1.0006820877980596
buffer_20_30,2026-01-08,1.4681855958941399,-0.005106846044130808,0.0,3.324234358719501,1.1271429930304293,0.9955717584365554
buffer_20_30,2026-01-09,1.4725708678811633,0.002986864875453854,0.0,3.5530256561327818,1.2141665111079591,0.9985453967528234
buffer_20_30,2026-01-12,1.4806829390873568,0.005508781535156659,0.0,3.715946470701959,1.2594343589880208,1.004046165196471
buffer_20_30,2026-01-13,1.478039460107944,-0.0017853106223011395,0.0,3.3622610766647036,1.1407067157985915,1.002253630912465
buffer_20_30,2026-01-14,1.480518509414802,0.001677255157096269,0.0,3.6228099771019924,1.2252875558146001,1.0039346659836315
buffer_20_30,2026-01-15,1.4823287653458104,0.0012227175273371582,0.0,3.890256729153423,1.312860947666903,1.005162194496031
buffer_20_30,2026-01-16,1.486896392374944,0.0030813859488640905,0.0,3.9062894006121387,1.3154743690042743,1.0082594871584805
buffer_20_30,2026-01-19,1.4913835179264516,0.0030177795672370333,0.0,3.414382447380404,1.148038361737738,1.0113021920373002
buffer_20_30,2026-01-20,1.496189840251704,0.0032227272646374594,0.0,3.4992112573130365,1.1740639504319543,1.0145613431843665
buffer_20_30,2026-01-21,1.4975590494977762,0.0009151306934698233,0.0,3.468704811049877,1.1607479880131693,1.0154897994099226
buffer_20_30,2026-01-22,1.4984759383953732,0.0006122555887893011,0.0,3.3487408747429654,1.1174125011562543,1.0161115387149697
buffer_20_30,2026-01-23,1.5063196812507897,0.005234480350626125,0.0,3.405721804618677,1.1350505459855542,1.0214303545984178
buffer_20_30,2026-01-26,1.5172202768462775,0.00723657516473275,0.0,3.818276121297925,1.261757704983066,1.028822012135009
buffer_20_30,2026-01-27,1.5202962351156193,0.0020273643295458665,0.0,3.8279957631328774,1.2626123148984605,1.030907809183863
buffer_20_30,2026-01-28,1.5126620415130865,-0.005021517140014642,0.0,3.5645629929730918,1.1734863017428152,1.0257310879502712
buffer_20_30,2026-01-29,1.5087852381445053,-0.002562901204755108,0.0,3.524810170844784,1.1649250803483067,1.0231022405092087
buffer_20_30,2026-01-30,1.5128162242389778,0.002671676519999444,0.0,3.6828995000796696,1.2165575890039138,1.025835638742736
buffer_20_30,2026-02-02,1.5158488203655927,0.0020046031223259764,0.0,3.934011742911261,1.301698690615756,1.027892032067153
buffer_20_30,2026-02-03,1.5191493209077287,0.0021773283046393477,0.0,3.63836599567059,1.1999136597038318,1.030130090482686
buffer_20_30,2026-02-04,1.5227592142618946,0.002376259729365504,0.0,3.4650502911287004,1.1389853092024314,1.0325779471327077
buffer_20_30,2026-02-05,1.5209835632079773,-0.0011660747393854587,0.0,3.5637482417388995,1.1683676272019545,1.0313738840721098
buffer_20_30,2026-02-06,1.521582843647884,0.0003940084918752085,0.0,3.486470789847477,1.1463862290544573,1.0317802541407326
buffer_20_30,2026-02-09,1.5225247407254272,0.0006190245121882043,0.0,3.5569299268796,1.1678270827305937,1.0324189514092375
buffer_20_30,2026-02-10,1.5262813787437532,0.002467374038556569,0.0,3.228779635245644,1.0601090890712008,1.0349663151268584
buffer_20_30,2026-02-11,1.5247355112817311,-0.0010128325507675617,0.0,3.5844625898016553,1.176052739650624,1.03391806755395
buffer_20_30,2026-02-12,1.5226816733011044,-0.0013470126231271973,0.0,3.482420227884859,1.140058132235462,1.0325253668656758
buffer_20_30,2026-02-13,1.5208712619673537,-0.001188962450586195,0.0,3.6347885437290817,1.1947432080765963,1.0312977329751947
buffer_20_30,2026-02-24,1.5285629171500936,0.005057400567086923,0.0,3.692882659636574,1.2145927083178079,1.0365134187147789
buffer_20_30,2026-02-25,1.5284026356416294,-0.00010485764548251453,0.0,3.678889020698147,1.203641603876735,1.0364047323581813
buffer_20_30,2026-02-26,1.524074676343306,-0.0028316879318298627,0.0,3.6304697054284185,1.1851289809971832,1.0334699575850712
buffer_20_30,2026-02-27,1.5197384147701927,-0.002845176578563202,0.0,3.5118067523921783,1.1534896434850406,1.0305295530671015
buffer_20_30,2026-03-02,1.5160114459569736,-0.0024523752094419704,0.0,3.4206718577265027,1.1263373133678054,1.0280023079385625
buffer_20_30,2026-03-03,1.5185483863804556,0.0016734309165329364,0.0,3.517773221641428,1.1581315935273242,1.0297225987829342
buffer_20_30,2026-03-04,1.52724072215446,0.0057241085315187235,0.0,3.8611023742775723,1.2685164436636,1.035616842695725
buffer_20_30,2026-03-05,1.5324496907851126,0.0034107056962864313,0.0,3.8506371447999834,1.25941352343222,1.0391490269602774
buffer_20_30,2026-03-06,1.526954121665903,-0.0035861334647756538,0.0,3.4779726989532334,1.1352744942754451,1.035422499859806
buffer_20_30,2026-03-09,1.526455266118659,-0.00032669976141774804,0.0,3.4600288870165317,1.1344635217105448,1.0350842275761354
buffer_20_30,2026-03-10,1.527738066849626,0.0008403788564528281,0.0,3.562988692098325,1.1684227699751322,1.0359540904756381
buffer_20_30,2026-03-11,1.5249291594644971,-0.0018386053513226308,0.0,3.310021543332055,1.0835109702371353,1.034049379741165
buffer_20_30,2026-03-12,1.5298480296201395,0.0032256384666220494,0.0,3.417608196341453,1.1193128084080344,1.0373848491968447
buffer_20_30,2026-03-13,1.5305404737149784,0.0004526227974492869,0.0,3.395587960142156,1.109829862389527,1.0378543932293196
buffer_20_30,2026-03-16,1.5330581461428057,0.001644956452354629,0.0,3.811059913631995,1.245915693236161,1.0395616185100667
buffer_20_30,2026-03-17,1.5341223533172001,0.0006941727403309006,0.0,3.6696622243543615,1.195897464605007,1.0402832538475306
buffer_20_30,2026-03-18,1.5326323660575505,-0.0009712310471376995,0.0,3.9008328160074264,1.2720062263663472,1.0392728984535764
buffer_20_30,2026-03-19,1.5314039526642147,-0.0008015055799034387,0.0,3.650496661457172,1.1901639403028754,1.0384399154264234
buffer_20_30,2026-03-20,1.5364321349371128,0.0032833807593029007,0.0,3.6450800698403336,1.1866791797091887,1.0418495090644266
buffer_20_30,2026-03-23,1.5351533167081126,-0.0008323297853000122,0.0,3.88088080868034,1.262659143005851,1.040982346686232
buffer_20_30,2026-03-24,1.5381698128261296,0.0019649477906775736,0.0,3.9128043798038505,1.2730782979713209,1.0430278226484875
buffer_20_30,2026-03-25,1.539219406406398,0.0006823652184018147,0.0,3.8946773382012703,1.2645791239368074,1.0437395485564882
buffer_20_30,2026-03-26,1.540546590360171,0.0008622448159432139,0.0,3.601467146343997,1.1693054533226,1.0446395075714259
buffer_20_30,2026-03-27,1.544812890821708,0.0027693420557568516,0.0,3.591059103444703,1.1654085866115882,1.0475324716928485
buffer_20_30,2026-03-30,1.5465146584848148,0.0011016011539115578,0.0,3.649462633797249,1.1800906077279443,1.0486864346724252
buffer_20_30,2026-03-31,1.5479047021910703,0.0008988234923148486,0.0,3.572331365821581,1.1552397630031588,1.0496290186759807
buffer_20_30,2026-04-01,1.545980765560968,-0.0012429296373213106,0.0,3.5306899189867873,1.1386064778688032,1.0483244036604757
buffer_20_30,2026-04-02,1.550557409587231,0.0029603499139281286,0.0,3.393420852934156,1.0953554963015133,1.0514278107186208
buffer_20_30,2026-04-03,1.5540219701423796,0.0022343968264102454,0.0,3.6337253258709517,1.1697710412019777,1.05377711768209
buffer_20_30,2026-04-07,1.5624418143672911,0.0054180985769074486,0.0,3.742778313505924,1.204343142015711,1.059486585983781
buffer_20_30,2026-04-08,1.5651367576162325,0.001724827909852511,0.0,3.537108745929557,1.1313815295283165,1.0613140180174
buffer_20_30,2026-04-09,1.5627072513559395,-0.0015522645215957365,0.0,3.535213054244834,1.1295315954775846,1.0596665779209595
buffer_20_30,2026-04-10,1.5615354102738173,-0.0007498788279797219,0.0,3.8372025422513225,1.2270169978753147,1.0588719563894589
buffer_20_30,2026-04-13,1.565438113595419,0.002499273020595494,0.0,3.4809340801737347,1.114547928150655,1.0615183665023282
buffer_20_30,2026-04-14,1.5629929788864203,-0.0015619491360043813,0.0,3.7611617420751626,1.2022317774931206,1.059860328806917
buffer_20_30,2026-04-15,1.5698932771427874,0.004414797986669994,0.0,3.818474903276094,1.219842042896907,1.0645393980526852
buffer_20_30,2026-04-16,1.572479138639643,0.0016471575071408395,0.0,3.7790613103928776,1.2016202348341283,1.0662928621138348
buffer_20_30,2026-04-17,1.5724705634101226,-5.453318463688461e-06,0.0,3.3977438087529217,1.0803522014378864,1.066287047279282
buffer_20_30,2026-04-20,1.5627514384285939,-0.006180799315219865,0.0,3.7056737710053653,1.1798483639741377,1.0596965410276304
buffer_20_30,2026-04-21,1.560581677581041,-0.0013884235164963732,0.0,3.4330765334171685,1.1001005369512644,1.0582252334297177
buffer_20_30,2026-04-22,1.5526599230394498,-0.005076155035903196,0.0,3.2933841541730695,1.0566718328667655,1.0528535180819236
buffer_20_30,2026-04-23,1.551224276278355,-0.0009246369664029919,0.0,3.6049128870219302,1.1620674731683303,1.0518800107988977
buffer_20_30,2026-04-24,1.5567793245530575,0.0035810735814616468,0.0,3.8513990939421454,1.2410159864519958,1.0556468705164372
buffer_20_30,2026-04-27,1.557118501696109,0.00021787104806847424,0.0,3.341980666477584,1.0732887822266872,1.055876865406507
buffer_20_30,2026-04-28,1.5500421634867407,-0.0045445084633317645,0.0,3.3099824158237325,1.0637172705957896,1.051078424055431
buffer_20_30,2026-04-29,1.5548183635848767,0.003081335598892343,0.0,3.551283406225674,1.1434686352742198,1.0543171494207006
buffer_20_30,2026-04-30,1.5585823691962013,0.0024208651630832634,0.0,3.674629115613551,1.1790882404922083,1.0568695090785745
buffer_20_30,2026-05-06,1.560437557563482,0.0011903049873696059,0.0,3.711723365997881,1.1916770491787567,1.0581275061262296
buffer_20_30,2026-05-07,1.5537985102554548,-0.004254606200579714,0.0,3.8533416448368913,1.2364309624512515,1.053625590277661
buffer_20_30,2026-05-08,1.5554370369604957,0.00105452971812392,0.0,3.4001757374684756,1.0943680853083015,1.0547366697743847
buffer_20_30,2026-05-11,1.5567043585014235,0.0008147687825437178,0.0,3.3939254004822335,1.0900528415027595,1.055596036286721
buffer_20_30,2026-05-12,1.5512002325424112,-0.003535755475311264,0.0,3.5612886622837028,1.144798096661412,1.0518637068217034
buffer_20_30,2026-05-13,1.5510079002722603,-0.0001239893252438229,0.0,3.349277176138612,1.0795161823303094,1.051733286950446
buffer_20_30,2026-05-14,1.5461663705328843,-0.003121537768135285,0.0,3.408846381386396,1.0988648696655599,1.0484502617732252
buffer_20_30,2026-05-15,1.5456105599333683,-0.000359476580340079,0.0,3.6737820877767415,1.1872267484682186,1.0480733684584662
buffer_20_30,2026-05-18,1.5429905326464397,-0.0016951406485223863,0.0,3.796851323516254,1.2257907534325032,1.0462967366889584
buffer_20_30,2026-05-19,1.5395360406854035,-0.002238829006365517,0.0,3.401525825424552,1.1025536761269348,1.0439542572055935
buffer_20_30,2026-05-20,1.5399960060543225,0.0002987688217510609,0.0,3.235003771727773,1.051288119299035,1.044266158188981
buffer_20_30,2026-05-21,1.5462918556727925,0.004088224640660387,0.0,3.325098315719938,1.0746758069637357,1.0485353528282968
buffer_20_30,2026-05-22,1.5523368881503294,0.003909373547664963,0.0,4.061843468585321,1.3122602377833597,1.0526344692004352
buffer_20_30,2026-05-25,1.5547102715042798,0.0015289099757065383,0.0,3.600281315312924,1.1576258943000737,1.0542438525411684
buffer_20_30,2026-05-26,1.5572861346451592,0.0016568123258020595,0.0,3.4655336275308097,1.1135668646431072,1.0559905367504596
buffer_20_30,2026-05-27,1.545826915114989,-0.00735845473431973,0.0,3.630766665840631,1.1635262449466977,1.0482200781859115
buffer_20_30,2026-05-28,1.5460043150890097,0.00011476056749049057,0.0,3.6429882499231603,1.1779341205967069,1.048340372516939
buffer_20_30,2026-05-29,1.5475486001352161,0.0009988879275006912,0.0,3.511184921334422,1.1329350339300814,1.0493875470589578
buffer_20_30,2026-06-01,1.5586631205137824,0.007182017015552988,0.0,3.9336068869753342,1.268488700021392,1.0569242662778446
buffer_20_30,2026-06-02,1.5604092443957296,0.001120270223222919,0.0,4.139525254468141,1.3264513614200928,1.0581083070615573
buffer_20_30,2026-06-03,1.5646118858155011,0.002693294361633347,0.0,3.6296253689329214,1.1585222509926498,1.0609581041989637
buffer_20_30,2026-06-04,1.5691365747349746,0.002891892206938751,0.0,3.502433608173323,1.117605032850889,1.0640262806723852
buffer_20_30,2026-06-05,1.5688222687811175,-0.00020030503330159544,0.0,3.664595045861695,1.1676319537977093,1.0638131508528015
buffer_20_30,2026-06-08,1.5588959653248093,-0.006327232634210644,0.0,3.6678498975211293,1.1654152295101758,1.0570821575680232
buffer_20_30,2026-06-09,1.5576242034865926,-0.0008158093076799933,0.0,3.8023646395579185,1.2154797370251993,1.0562197801048967
buffer_20_30,2026-06-10,1.5621768390625976,0.0029228074177418684,0.0,3.7532613067734477,1.2053421421530892,1.059306907112953
buffer_20_30,2026-06-11,1.5698570037425,0.004916322203644352,0.0,3.7598275062493105,1.1992941777918935,1.0645148011808663
buffer_20_30,2026-06-12,1.5813371544707422,0.0073128639747912505,0.0,3.9830690424720614,1.265508864143524,1.072299453121054
buffer_20_30,2026-06-15,1.5853941014044772,0.002565516735166362,0.0,4.093949771212289,1.2919557130261898,1.0750504553131457
buffer_20_30,2026-06-16,1.5737150505225934,-0.007366654683234608,0.0,4.29165285421383,1.3528618157097239,1.0671309298417997
buffer_20_30,2026-06-17,1.5784907129106254,0.0030346423810625467,0.0,3.7416647373183083,1.1887464210003684,1.0703692905876403
buffer_20_30,2026-06-18,1.5773860229719756,-0.0006998393652964952,0.0,3.549233825975475,1.1255132337068476,1.0696202040226825
buffer_20_30,2026-06-22,1.5849700916594036,0.004807997900944105,0.0,3.7265118772653585,1.1851457505327692,1.074762935718431
buffer_20_30,2026-06-23,1.6065869560641888,0.013638657611610316,0.0,3.549231289217278,1.1164475753019203,1.0894212594123438
buffer_20_30,2026-06-24,1.6062168453975858,-0.0002303707653084075,0.0,3.8415290573645313,1.1954388472345767,1.0891702886030696
buffer_20_30,2026-06-25,1.6018629578013408,-0.002710647450075321,0.0,3.8242191455674197,1.1898792136418606,1.08621793193757
buffer_20_30,2026-06-26,1.6124564675971498,0.00661324350139747,0.0,3.3792349133122737,1.0533231622784314,1.0934013556170574
buffer_20_30,2026-06-29,1.617799262195803,0.0033134504441010293,0.0,3.9900352272748254,1.236531478002257,1.0970242868244073
buffer_20_30,2026-06-30,1.622430708262684,0.002862806390821815,0.0,4.012912891930185,1.2406912199430884,1.100164854963615
buffer_20_30,2026-07-01,1.6266964425320012,0.0026292243160788153,0.0,3.3886534468147227,1.0446518020369133,1.1030574351519806
buffer_20_30,2026-07-02,1.6348666120758428,0.005022553274367958,0.0,3.565657319826599,1.0962805357117118,1.108597599884719
buffer_20_30,2026-07-03,1.6319657047874911,-0.0017743999828024881,0.0,3.959355603147738,1.2103874940239425,1.1066305043225488
buffer_20_30,2026-07-06,1.626509298307855,-0.003343456583449811,0.0,3.697237268585445,1.1300713690961925,1.1029305332774253
buffer_20_30,2026-07-07,1.6381102469469848,0.007132420731439382,0.0,3.876715360823404,1.18840148905101,1.1107970978783106
buffer_20_30,2026-07-08,1.6511328819068634,0.007949791526027816,0.0,3.8752713772416647,1.1811732716233048,1.11962770323416
buffer_20_30,2026-07-09,1.6605601277666564,0.005709562181879457,0.0,3.8379883125661545,1.1620825338867202,1.1260202872263303
buffer_20_30,2026-07-10,1.6657945964677658,0.003152230752492713,0.0,3.8270552678340906,1.150153170616078,1.1295697630036559
buffer_20_30,2026-07-13,1.6648595267343267,-0.0005613355544686893,0.0,4.209879526026038,1.2635183613754235,1.1289356953344292
buffer_20_30,2026-07-14,1.6653619190379003,0.00030176257846759036,0.0,4.403339593099001,1.320333603774448,1.1292763658807774
buffer_20_30,2026-07-15,1.6821927242755388,0.010106394919467077,0.0,3.901831274928115,1.1696305689274837,1.140689278807589
buffer_20_30,2026-07-16,1.6791611817882626,-0.001802137438551732,0.0,4.057226843714176,1.2053409445709138,1.1386335999524952
buffer_20_30,2026-07-17,1.6755531275268267,-0.0021487241966809956,0.0,4.054914014266565,1.2073038409606076,1.1361869903851234
buffer_20_30,2026-07-20,1.6858871860229825,0.006167550480126627,0.0,4.168699942345185,1.2387337707921982,1.1431944810031869
buffer_20_30,2026-07-21,1.690080578908943,0.002487350826749335,0.0,4.209760463596771,1.2440781514004013,1.1460380067406455
buffer_20_30,2026-07-22,1.6816181937675294,-0.0050070897488666555,0.0,3.9517938070175296,1.1685447239657842,1.1402996915852828
buffer_20_30,2026-07-23,1.6788191583275212,-0.0016644892701459524,0.0,3.793079547972516,1.126508620985493,1.1384016749838883
buffer_20_30,2026-07-24,1.6771504855746129,-0.00099395622490428,0.0,3.491373601641955,1.038847564793959,1.1372701535525966
buffer_20_30,2026-07-27,1.6818602465733847,0.0028081922518468083,0.0,3.9157297056215716,1.1620786589962124,1.1404638267860596
buffer_20_30,2026-07-28,1.6888164068056424,0.004135991825973795,0.0,3.8059412788093083,1.1304290193778401,1.1451807758514656
buffer_20_30,2026-07-29,1.6923192630750992,0.002074148649516161,0.0,3.950652719857172,1.1670436656435959,1.1475560510111498
buffer_20_30,2026-07-30,1.6857011390173409,-0.003910682932091958,0.0,4.015293793955667,1.1854359175859923,1.1430683231488417
buffer_20_30,2026-07-31,1.6867529138918929,0.0006239391136468875,0.0,4.061005462279247,1.2004545968198448,1.143781528185225
buffer_20_30,2026-08-03,1.6975189340838404,0.006382689547046239,0.0,3.3138925513314232,0.9813550937189025,1.1510819305892774
buffer_20_30,2026-08-04,1.6930651171155513,-0.0026237215260829228,0.0,3.8997285192094395,1.1484705671193778,1.1480618121497053
buffer_20_30,2026-08-05,1.6900419559604158,-0.0017856142239147665,0.0,3.5501900238579225,1.0472849182904784,1.1460118166479973
buffer_20_30,2026-08-06,1.701188051849412,0.006595159279736418,0.0,3.406443755598429,1.0082943171624532,1.153569947115251
buffer_20_30,2026-08-07,1.7078309721644684,0.003904871250321129,0.0,3.511354749406417,1.0318692522809225,1.1580744892369759
buffer_20_30,2026-08-10,1.7091554576582255,0.0007755366399513353,0.0,3.889669797180332,1.1422638459392664,1.158972618435172
buffer_20_30,2026-08-11,1.7158008480611042,0.0038881134966994857,0.0,3.9595141753875014,1.1573458336828064,1.163478835515215
buffer_20_30,2026-08-12,1.7256970396868205,0.005767680810333742,0.0,3.623327974261769,1.0547681337472532,1.1701894100680457
buffer_20_30,2026-08-13,1.7332753194233628,0.004391431150578828,0.0,3.614091998231828,1.045968546195537,1.1753282162954959
buffer_20_30,2026-08-14,1.7425557010013364,0.005354245499244126,0.0,4.098180734171283,1.181036931585818,1.1816212121077307
buffer_20_30,2026-08-17,1.7453691353214753,0.0016145448426825304,0.0,4.10735755915402,1.175915714650159,1.1835289925417436
buffer_20_30,2026-08-18,1.7431635972818564,-0.0012636513359751689,0.0,3.761590043590029,1.076777890205766,1.1820334245491528
buffer_20_30,2026-08-19,1.7506684641154355,0.004305314111241021,0.0,3.732946599966291,1.0693537008778544,1.187122449731823
buffer_20_30,2026-08-20,1.757782503298619,0.004063613030681923,0.0,4.251330741559991,1.2101546039226818,1.191946455987568
buffer_20_30,2026-08-21,1.7688594586706023,0.0063016643704192354,0.0,4.027248344663164,1.1439896291214682,1.1994577025007125
buffer_20_30,2026-08-24,1.7700515168416993,0.000673913444764418,0.0,4.026639894889914,1.139511885789215,1.2002660331728539
buffer_20_30,2026-08-25,1.7757870433435317,0.0032403161417957627,0.0,4.15925025646422,1.1738070848875546,1.204155274574593
buffer_20_30,2026-08-26,1.7801843185009163,0.002476240140318442,0.0,4.047766313734252,1.1374033345544123,1.2071370522006708
buffer_20_30,2026-08-27,1.7865748735420641,0.003589827735663409,0.0,4.105524481020066,1.151803295303621,1.2114704662714078
buffer_20_30,2026-08-28,1.784582393687839,-0.0011152512462434538,0.0,3.6258171060166324,1.0158727102882266,1.2101193723241115
rank_mean_5d,2025-01-02,1.0,0.0,0.0,0.0,0.0,1.0
rank_mean_5d,2025-01-03,1.0020318623492153,0.002031862349215263,0.0,2.0,1.0,1.0020318623492153
rank_mean_5d,2025-01-06,1.0049199358442076,0.0028822172263278656,0.0,1.8433812929425502,0.919268779446909,1.0049199358442076
rank_mean_5d,2025-01-07,1.0003822657165475,-0.004515454381794126,0.0,1.33307874142529,0.6647417020983543,1.0003822657165475
rank_mean_5d,2025-01-08,0.9992334313223362,-0.0011483954020200526,0.0,0.9223576942899455,0.46006663354423477,0.9992334313223362
rank_mean_5d,2025-01-09,0.995558353720914,-0.0036778969620330226,0.0,0.7948542370945832,0.39774175578953636,0.995558353720914
rank_mean_5d,2025-01-10,0.9973471025617633,0.001796729276756004,0.0,0.9536921318446164,0.4784306511638061,0.9973471025617633
rank_mean_5d,2025-01-13,1.0007487464304439,0.003410692084975464,0.0,1.1436779994272488,0.571977217645274,1.0007487464304439
rank_mean_5d,2025-01-14,0.9966424417512189,-0.004103232398613321,0.0,1.0639744046316406,0.5311756557366835,0.9966424417512189
rank_mean_5d,2025-01-15,0.9961037294433372,-0.0005405271593039718,0.0,1.0330193208434917,0.5185806056279129,0.9961037294433372
rank_mean_5d,2025-01-16,0.9992169620193327,0.003125410019030106,0.0,0.9885803831436817,0.49666611003682953,0.9992169620193327
rank_mean_5d,2025-01-17,1.0015612596311754,0.0023461347244395636,0.0,0.9507255455421064,0.4754019295325614,1.0015612596311754
rank_mean_5d,2025-01-20,1.0021142763840205,0.0005521546960081114,0.0,0.9375194920546125,0.4679121403723334,1.0021142763840205
rank_mean_5d,2025-01-21,1.0016874572508705,-0.000425918623462862,0.0,0.816344072707121,0.40687299077066214,1.0016874572508705
rank_mean_5d,2025-01-22,1.0026369600259806,0.0009479032289332334,0.0,1.00337753919319,0.499681755745028,1.0026369600259806
rank_mean_5d,2025-01-23,1.0037685007409765,0.0011285647349033034,0.0,0.937369935961768,0.46817655190172625,1.0037685007409765
rank_mean_5d,2025-01-24,0.9993574271465596,-0.0043945128694122815,0.0,1.0355090299989946,0.5155335316797794,0.9993574271465595
rank_mean_5d,2025-01-27,1.0025302343268057,0.0031748472509032233,0.0,1.0364038999344636,0.5194563143960451,1.0025302343268054
rank_mean_5d,2025-02-05,1.0085074637222746,0.005962143774629114,0.0,0.9164569725344685,0.45639571998850065,1.0085074637222744
rank_mean_5d,2025-02-06,1.0067976509454981,-0.0016953893136950615,0.0,1.134226411301878,0.5618429346150507,1.006797650945498
rank_mean_5d,2025-02-07,1.0095648819979979,0.0027485473867574495,0.0,1.0828980365615317,0.5373332500648405,1.0095648819979977
rank_mean_5d,2025-02-10,1.007253872146265,-0.00228911473937099,0.0,1.0547087644859745,0.5224130310753734,1.0072538721462647
rank_mean_5d,2025-02-11,1.0089307599849668,0.0016648115088688797,0.0,1.034591090362841,0.5130044054835771,1.0089307599849666
rank_mean_5d,2025-02-12,1.0075291174695145,-0.0013892355858723393,0.0,0.9521377879632891,0.4723272288702436,1.0075291174695142
rank_mean_5d,2025-02-13,1.0130124649680001,0.005442371246061395,0.0,0.9116935173329684,0.4524755770925941,1.013012464968
rank_mean_5d,2025-02-14,1.0104157513582719,-0.0025633580035071546,0.0,0.9829912063216873,0.4848184991616604,1.0104157513582717
rank_mean_5d,2025-02-17,1.0163410147441396,0.005864183508523579,0.0,0.9893584155309078,0.48891873843514433,1.0163410147441394
rank_mean_5d,2025-02-18,1.0151834835366722,-0.001138920097364049,0.0,1.0433190802494583,0.512012356277412,1.015183483536672
rank_mean_5d,2025-02-19,1.0135685197199948,-0.0015908097825342304,0.0,0.9875863543314836,0.4858233933847836,1.0135685197199946
rank_mean_5d,2025-02-20,1.0135763794970165,7.754559133044125e-06,0.0,1.0119462710219649,0.4988502482142227,1.0135763794970163
rank_mean_5d,2025-02-21,1.0131148036585909,-0.0004553932468855937,0.0,1.0101461318561147,0.49815101202527745,1.0131148036585906
rank_mean_5d,2025-02-24,1.0161339928773108,0.002980105717354853,0.0,0.9415093725535966,0.4639626619718094,1.0161339928773105
rank_mean_5d,2025-02-25,1.0158618528695964,-0.0002678190175920969,0.0,1.0306120773018095,0.5067103392195091,1.0158618528695962
rank_mean_5d,2025-02-26,1.017456691020969,0.0015699360566276965,0.0,1.0858633939891127,0.5341956442005948,1.0174566910209688
rank_mean_5d,2025-02-27,1.020354175952069,0.002847772250819336,0.0,1.117046797038081,0.5493624165247446,1.0203541759520687
rank_mean_5d,2025-02-28,1.0196890862936787,-0.0006518223515571409,0.0,1.0244101732372215,0.5031181874270628,1.0196890862936785
rank_mean_5d,2025-03-03,1.021588419744519,0.0018626593893869003,0.0,1.177089859494891,0.5770890584317515,1.0215884197445189
rank_mean_5d,2025-03-04,1.0228802886668147,0.0012645688785495324,0.0,1.0983972275433924,0.5358913016938468,1.0228802886668145
rank_mean_5d,2025-03-05,1.022306995518455,-0.0005604694456542436,0.0,1.0743810508070704,0.5247749890297613,1.0223069955184547
rank_mean_5d,2025-03-06,1.0229534253333228,0.000632324553878183,0.0,1.0513079897895923,0.5153492455120926,1.0229534253333226
rank_mean_5d,2025-03-07,1.0213611263010116,-0.0015565704096375255,0.0,0.9967614746686263,0.48730080489931277,1.0213611263010114
rank_mean_5d,2025-03-10,1.0203943674192375,-0.0009465397271143372,0.0,1.0554226585344115,0.5157811712072975,1.0203943674192373
rank_mean_5d,2025-03-11,1.0218734608459328,0.0014495311557198853,0.0,0.9068208045798143,0.44271975594512875,1.0218734608459326
rank_mean_5d,2025-03-12,1.0214547402312528,-0.0004097577936248431,0.0,0.904896902031657,0.4426027975754998,1.0214547402312526
rank_mean_5d,2025-03-13,1.0230192414916293,0.0015316403152842994,0.0,1.0408245102855564,0.5093669114307492,1.023019241491629
rank_mean_5d,2025-03-14,1.0236584174824648,0.0006247937134629122,0.0,1.0068744693824805,0.4931237587687382,1.0236584174824646
rank_mean_5d,2025-03-17,1.0239826157758514,0.00031670554146745467,0.0,0.9127363990348967,0.44547240279994,1.0239826157758511
rank_mean_5d,2025-03-18,1.0227417805773407,-0.00121177369556269,0.0,0.9668688366759657,0.47203773723810977,1.0227417805773404
rank_mean_5d,2025-03-19,1.0229423285295725,0.0001960885494660669,0.0,0.8896763608333769,0.4344818692315128,1.0229423285295722
rank_mean_5d,2025-03-20,1.0308320196255067,0.007712742816376794,0.0,0.9922554140973894,0.48427784265467844,1.0308320196255065
rank_mean_5d,2025-03-21,1.0365173458992556,0.005515279080886781,0.0,1.1291987524827976,0.5467849586365109,1.0365173458992554
rank_mean_5d,2025-03-24,1.036252800487632,-0.00025522526243315635,0.0,1.0257303858047824,0.49441971417874764,1.0362528004876317
rank_mean_5d,2025-03-25,1.0412425889026002,0.004815223092878851,0.0,1.1221643915671016,0.541547991112572,1.0412425889026
rank_mean_5d,2025-03-26,1.0443483132523417,0.002982709680569906,0.0,1.1915406501219667,0.5709258421609645,1.0443483132523415
rank_mean_5d,2025-03-27,1.0431823564451992,-0.0011164443819624559,0.0,1.1873602157961596,0.5678882673439717,1.043182356445199
rank_mean_5d,2025-03-28,1.0414179446331282,-0.0016913742848215785,0.0,1.086625043246628,0.5207648091019353,1.041417944633128
rank_mean_5d,2025-03-31,1.0433791176077314,0.001883175707418916,0.0,0.9926217706329844,0.4752478505020719,1.0433791176077312
rank_mean_5d,2025-04-01,1.0382839243393325,-0.004883357527876608,0.0,1.1031024425581435,0.5289907996455446,1.0382839243393323
rank_mean_5d,2025-04-02,1.0372987518146897,-0.0009488469401754962,0.0,1.06191036937411,0.510651350340894,1.0372987518146894
rank_mean_5d,2025-04-03,1.0419069255511182,0.004442474965256515,0.0,0.9140357135122363,0.43963797599852333,1.041906925551118
rank_mean_5d,2025-04-07,1.0366847371633534,-0.0050121448084266,0.0,1.049816908944099,0.5009163842738049,1.0366847371633532
rank_mean_5d,2025-04-08,1.029213263685352,-0.007207083513591006,0.0,1.1605561247611007,0.5600106928884181,1.0292132636853517
rank_mean_5d,2025-04-09,1.032455264431349,0.0031499795624361226,0.0,1.1285498250981998,0.5473297242975902,1.0324552644313487
rank_mean_5d,2025-04-10,1.038569568643819,0.005922100862973068,0.0,1.1678843962589576,0.5605246520682876,1.0385695686438188
rank_mean_5d,2025-04-11,1.0370172040037675,-0.0014947141596672875,0.0,1.0881824108007176,0.5240320254935263,1.0370172040037673
rank_mean_5d,2025-04-14,1.0414891868673957,0.004312351662404845,0.0,1.0169402430282861,0.489196638732276,1.0414891868673954
rank_mean_5d,2025-04-15,1.0450524520708941,0.0034213175215156433,0.0,1.0906923562026298,0.5225800017743103,1.045052452070894
rank_mean_5d,2025-04-16,1.0496924798474938,0.0044399951097238155,0.0,1.180989519762416,0.5629289560604835,1.0496924798474936
rank_mean_5d,2025-04-17,1.0500143593467632,0.00030664171216709946,0.0,1.0824462198602471,0.5154115253287895,1.050014359346763
rank_mean_5d,2025-04-18,1.0589469374068348,0.00850710086062878,0.0,1.0216506550090485,0.48532641582597463,1.0589469374068345
rank_mean_5d,2025-04-21,1.064472587941151,0.005218061773564875,0.0,0.908522181572844,0.4280078825600341,1.0644725879411507
rank_mean_5d,2025-04-22,1.0658511418814565,0.001295058187427589,0.0,1.0591384274875046,0.49692204995029454,1.0658511418814562
rank_mean_5d,2025-04-23,1.070500972236199,0.0043625513657890025,0.0,0.9213343385416168,0.43084215870075815,1.0705009722361989
rank_mean_5d,2025-04-24,1.070851832925625,0.00032775373262183827,0.0,1.0530881837135813,0.491350103526509,1.0708518329256247
rank_mean_5d,2025-04-25,1.0745263306039206,0.003431378240495331,0.0,0.9814314207600062,0.4581290341998308,1.0745263306039203
rank_mean_5d,2025-04-28,1.0743486866425056,-0.00016532304174909918,0.0,1.0237258664386282,0.47651081811421103,1.0743486866425054
rank_mean_5d,2025-04-29,1.0751660414663549,0.0007607910113462957,0.0,1.0719955235132301,0.4995396943499187,1.0751660414663546
rank_mean_5d,2025-04-30,1.0767356505069137,0.0014598759447592702,0.0,0.978562447008472,0.4546498951571574,1.0767356505069134
rank_mean_5d,2025-05-06,1.0776405774906948,0.0008404356105000677,0.0,1.1303951967806447,0.5241979843465931,1.0776405774906943
rank_mean_5d,2025-05-07,1.0801051103521597,0.0022869711042281526,0.0,1.2525833803211888,0.5808257849188284,1.0801051103521593
rank_mean_5d,2025-05-08,1.080312479211284,0.00019198951762811056,0.0,1.0385797974532422,0.4805775981341166,1.0803124792112835
rank_mean_5d,2025-05-09,1.0851628998872374,0.004489831200963801,0.0,1.0964713824977683,0.5072357811941117,1.085162899887237
rank_mean_5d,2025-05-12,1.0824338721677205,-0.0025148553454974465,0.0,1.0597586035602926,0.48857511193098485,1.08243387216772
rank_mean_5d,2025-05-13,1.079869621110002,-0.002368967863674798,0.0,0.942948163700497,0.43551101930041647,1.0798696211100016
rank_mean_5d,2025-05-14,1.0777027041599225,-0.0020066468282089467,0.0,1.0237961279520484,0.4744602290494325,1.077702704159922
rank_mean_5d,2025-05-15,1.0776193906634064,-7.730656719573403e-05,0.0,1.0212810353122252,0.47369136259708333,1.077619390663406
rank_mean_5d,2025-05-16,1.0817292748006144,0.0038138550334343435,0.0,0.9684520386724931,0.4480951036905672,1.081729274800614
rank_mean_5d,2025-05-19,1.0870730337092578,0.004940015060263869,0.0,0.9237039998345291,0.42658124176379075,1.0870730337092573
rank_mean_5d,2025-05-20,1.0902121905557012,0.002887714761658833,0.0,1.0222411751847975,0.4696281897729932,1.0902121905557007
rank_mean_5d,2025-05-21,1.0924700774948315,0.002071052735137302,0.0,0.9731053927548348,0.445093368357777,1.092470077494831
rank_mean_5d,2025-05-22,1.099653147263939,0.006575072321961528,0.0,1.0704889820961816,0.4891165105368803,1.0996531472639384
rank_mean_5d,2025-05-23,1.1032471487279658,0.003268304622206619,0.0,1.2316723109484768,0.55970549628874,1.1032471487279651
rank_mean_5d,2025-05-26,1.1025098109925486,-0.0006683341409650101,0.0,1.1286760735699115,0.5116125064309293,1.102509810992548
rank_mean_5d,2025-05-27,1.1021456585578313,-0.00033029405370055276,0.0,0.9170745109204855,0.41552926213022356,1.1021456585578306
rank_mean_5d,2025-05-28,1.1026865098963554,0.000490725825869287,0.0,1.0386556875043405,0.4712197575542303,1.1026865098963547
rank_mean_5d,2025-05-29,1.1101606912080941,0.006778156116593159,0.0,0.9305051265036911,0.42164769575873495,1.1101606912080935
rank_mean_5d,2025-05-30,1.1087555626818224,-0.0012656983240351138,0.0,1.081743234519119,0.48694476176002,1.1087555626818217
rank_mean_5d,2025-06-03,1.1064330384549044,-0.0020947125814642087,0.0,1.0577288189375258,0.4770418197516164,1.1064330384549037
rank_mean_5d,2025-06-04,1.1061826773478876,-0.00022627768542271554,0.0,1.0490811546413503,0.4735147751254983,1.106182677347887
rank_mean_5d,2025-06-05,1.1099862157043165,0.003438436014518098,0.0,1.195535097852515,0.5394090889259574,1.1099862157043159
rank_mean_5d,2025-06-06,1.114671375538548,0.0042209171320732874,0.0,1.0296982313507659,0.4636693244621158,1.1146713755385473
rank_mean_5d,2025-06-09,1.1134032609714428,-0.0011376577841092361,0.0,1.0642696891087027,0.4776697251052735,1.1134032609714422
rank_mean_5d,2025-06-10,1.1186709097285437,0.004731123880942212,0.0,1.0106020212840612,0.4535626948560696,1.118670909728543
rank_mean_5d,2025-06-11,1.1205828741991095,0.0017091393491495133,0.0,1.1461361508430619,0.5114865102559718,1.1205828741991088
rank_mean_5d,2025-06-12,1.1230092872616961,0.0021653133547314685,0.0,1.0148758051151006,0.45266928749839,1.1230092872616955
rank_mean_5d,2025-06-13,1.1241467289103344,0.0010128515066973875,0.0,1.0521270633278978,0.4693644613492373,1.1241467289103337
rank_mean_5d,2025-06-16,1.1241558531970248,8.116633225752068e-06,0.0,1.0786003303853016,0.4793587242699801,1.1241558531970242
rank_mean_5d,2025-06-17,1.1293085562519187,0.0045836198248134785,0.0,1.7254180320939918,0.7663307360777921,1.129308556251918
rank_mean_5d,2025-06-18,1.1264587259117014,-0.0025235178857367924,0.0,1.2534385684856717,0.5542012840376331,1.1264587259117007
rank_mean_5d,2025-06-19,1.1241013670605118,-0.002092716578924514,0.0,1.1150139115645161,0.49503585321816024,1.1241013670605111
rank_mean_5d,2025-06-20,1.1234615621368471,-0.0005691701321720588,0.0,1.1268899763320661,0.501054224482057,1.1234615621368464
rank_mean_5d,2025-06-23,1.1244689635235547,0.0008966941288062191,0.0,1.2132137879723845,0.5394245739093234,1.124468963523554
rank_mean_5d,2025-06-24,1.1199645588278238,-0.00400580615548185,0.0,1.2251217943106139,0.5452170131347759,1.119964558827823
rank_mean_5d,2025-06-25,1.118652163605035,-0.001171818529831281,0.0,1.1180927678625698,0.49833534788617717,1.1186521636050344
rank_mean_5d,2025-06-26,1.1193355150483808,0.0006108703541443106,0.0,1.0317349442620172,0.46175855958398276,1.1193355150483801
rank_mean_5d,2025-06-27,1.1225535165278309,0.0028749212690808434,0.0,1.158315863642855,0.5170528110213533,1.1225535165278302
rank_mean_5d,2025-06-30,1.1177638905836136,-0.004266723923356475,0.0,1.1042324630398883,0.49160389238661134,1.117763890583613
rank_mean_5d,2025-07-01,1.1186653725773608,0.0008065048453806956,0.0,1.1648650358153514,0.5206335108634225,1.11866537257736
rank_mean_5d,2025-07-02,1.127499754000911,0.007897251171005815,0.0,1.0758032981378514,0.4797626022994607,1.1274997540009104
rank_mean_5d,2025-07-03,1.1271961104651713,-0.0002693069640701262,0.0,1.1934022192061922,0.5288556138840615,1.1271961104651707
rank_mean_5d,2025-07-04,1.1307530443801748,0.0031555590743970185,0.0,1.0615034159731507,0.4709888880637162,1.130753044380174
rank_mean_5d,2025-07-07,1.1338031278928546,0.0026973913781074277,0.0,1.2550321801757485,0.5545555708649632,1.133803127892854
rank_mean_5d,2025-07-08,1.1316510921726828,-0.0018980682512063085,0.0,1.0871708709333754,0.4792290094791443,1.1316510921726821
rank_mean_5d,2025-07-09,1.1317279869682195,6.794920808061988e-05,0.0,1.1257816888845293,0.49778785385683066,1.1317279869682189
rank_mean_5d,2025-07-10,1.1365695230857857,0.004278003348257009,0.0,1.2648775600523243,0.558031605181893,1.136569523085785
rank_mean_5d,2025-07-11,1.138965419903071,0.0021080072697887697,0.0,1.0693878424133902,0.4706380431487342,1.1389654199030703
rank_mean_5d,2025-07-14,1.1434627406790898,0.003948601684853337,0.0,1.0522048049754757,0.4614618962822655,1.1434627406790894
rank_mean_5d,2025-07-15,1.1389831628324252,-0.003917554711056259,0.0,1.1059319826203753,0.4830738972207541,1.1389831628324247
rank_mean_5d,2025-07-16,1.1428780455713796,0.003419613973281832,0.0,1.1863492902030586,0.5214751161502409,1.1428780455713792
rank_mean_5d,2025-07-17,1.1416936278346315,-0.0010363465650055081,0.0,1.2664225375112248,0.5538620888217916,1.141693627834631
rank_mean_5d,2025-07-18,1.1398372991842043,-0.001625942901991917,0.0,1.101161470251137,0.4831394014197231,1.1398372991842038
rank_mean_5d,2025-07-21,1.1485700689177263,0.007661417765300493,0.0,1.1136448478801673,0.4867893990458769,1.1485700689177258
rank_mean_5d,2025-07-22,1.1553158016862144,0.005873157372840554,0.0,1.114258329274116,0.4830267729143016,1.155315801686214
rank_mean_5d,2025-07-23,1.156616513895015,0.0011258499251047827,0.0,1.1936208460044755,0.5160134168784563,1.1566165138950149
rank_mean_5d,2025-07-24,1.1580605639334043,0.0012485123816243782,0.0,1.1922194080139101,0.5150412322102249,1.158060563933404
rank_mean_5d,2025-07-25,1.1580417596476766,-1.6237739470015278e-05,0.0,1.1751002462434006,0.507318536371922,1.1580417596476764
rank_mean_5d,2025-07-28,1.1562344275575374,-0.0015606795481099,0.0,1.0452988481847363,0.45134310317208587,1.1562344275575371
rank_mean_5d,2025-07-29,1.1567443069477705,0.0004409827091123031,0.0,1.0634601086150874,0.46034724345544586,1.1567443069477703
rank_mean_5d,2025-07-30,1.158460416815261,0.001483568890015663,0.0,1.1524002925408408,0.4986378695558313,1.1584604168152608
rank_mean_5d,2025-07-31,1.1550401222399698,-0.0029524483751408592,0.0,1.1664867892692827,0.5036351488864553,1.1550401222399695
rank_mean_5d,2025-08-01,1.1612363182657368,0.005364485532979302,0.0,1.084464339604251,0.4696678560695183,1.1612363182657366
rank_mean_5d,2025-08-04,1.1541662225299858,-0.006088421128879196,0.0,1.2974515175406558,0.5588358737467174,1.1541662225299856
rank_mean_5d,2025-08-05,1.1580945506140656,0.0034036068699607736,0.0,1.33557724139772,0.5778270130046579,1.1580945506140654
rank_mean_5d,2025-08-06,1.152082623919637,-0.005191222678011087,0.0,1.1860082631619648,0.5116037097592792,1.1520826239196367
rank_mean_5d,2025-08-07,1.1490785580903777,-0.0026075090161837844,0.0,1.170497087828872,0.5089867484640929,1.1490785580903775
rank_mean_5d,2025-08-08,1.1511124907298702,0.0017700553414490283,0.0,1.0624184077007102,0.4621693791962642,1.15111249072987
rank_mean_5d,2025-08-11,1.1500047924142829,-0.0009622850281860718,0.0,1.0107416978872565,0.4391268673338761,1.1500047924142827
rank_mean_5d,2025-08-12,1.1463325207665862,-0.0031932663862966892,0.0,1.199024842774255,0.5218209357027541,1.146332520766586
rank_mean_5d,2025-08-13,1.146642040866849,0.00027000900232310165,0.0,1.1288536623485204,0.4913892957598821,1.1466420408668487
rank_mean_5d,2025-08-14,1.1462645098829067,-0.00032924920811105984,0.0,1.1725048530548503,0.5107919522767318,1.1462645098829065
rank_mean_5d,2025-08-15,1.1482718434625956,0.0017511957862970107,0.0,1.1679929363008794,0.5090554547169455,1.1482718434625954
rank_mean_5d,2025-08-18,1.1484849325353519,0.00018557371581429116,0.0,1.2398038077363949,0.5393572115703086,1.1484849325353517
rank_mean_5d,2025-08-19,1.1498377744118047,0.0011779361122885579,0.0,1.0488277992570998,0.45651886411867443,1.1498377744118042
rank_mean_5d,2025-08-20,1.1531086428343404,0.002844634691366865,0.0,1.1001735054871482,0.4773511633890824,1.1531086428343402
rank_mean_5d,2025-08-21,1.154943380797478,0.0015911232428436062,0.0,1.0410083221768591,0.4505684473134417,1.1549433807974778
rank_mean_5d,2025-08-22,1.1601380869802937,0.004497801597190598,0.0,1.2265228737130887,0.5295486641026889,1.1601380869802935
rank_mean_5d,2025-08-25,1.1687254950560062,0.007402056851753214,0.0,1.1104634121062722,0.4773431367730429,1.168725495056006
rank_mean_5d,2025-08-26,1.1706917210998968,0.0016823677178330332,0.0,1.107380006612794,0.47260220943258174,1.1706917210998966
rank_mean_5d,2025-08-27,1.1725465947938816,0.001584425396159883,0.0,1.2232309647546613,0.5216182097986609,1.1725465947938813
rank_mean_5d,2025-08-28,1.1747981836991703,0.0019202553785802046,0.0,1.1709882976347301,0.49848303486028944,1.17479818369917
rank_mean_5d,2025-08-29,1.17077294198232,-0.0034263261321835214,0.0,1.3088073135113056,0.5564062143651368,1.1707729419823198
rank_mean_5d,2025-09-01,1.172925067542642,0.0018382091720345883,0.0,1.3004823535406052,0.5549004164285161,1.1729250675426417
rank_mean_5d,2025-09-02,1.181175623494124,0.007034171388942578,0.0,1.1403456984895464,0.4851735672971028,1.1811756234941237
rank_mean_5d,2025-09-03,1.1878414246336826,0.005643361585671691,0.0,1.23795043211293,0.5241378144490595,1.1878414246336824
rank_mean_5d,2025-09-04,1.1913409432082134,0.0029461159561849914,0.0,1.3917165229492774,0.5844255979337527,1.1913409432082132
rank_mean_5d,2025-09-05,1.190444199862105,-0.000752717642435452,0.0,1.1964182025203063,0.50155706663186,1.1904441998621047
rank_mean_5d,2025-09-08,1.1898791689659551,-0.000474638707312125,0.0,1.243373484424219,0.5222348334968127,1.189879168965955
rank_mean_5d,2025-09-09,1.1877812025885515,-0.0017631759863708796,0.0,1.3253488878459432,0.5571159075037649,1.1877812025885512
rank_mean_5d,2025-09-10,1.1907535423359794,0.0025024303642373624,0.0,1.203381967239645,0.5058694377284,1.1907535423359792
rank_mean_5d,2025-09-11,1.1998558189628217,0.007644131470720517,0.0,1.2456213968447134,0.5215103016453821,1.1998558189628217
rank_mean_5d,2025-09-12,1.2004514301078473,0.0004964022640157051,0.0,1.2059827757634385,0.5022898434606847,1.2004514301078473
rank_mean_5d,2025-09-15,1.201597810178355,0.0009549574782921066,0.0,1.09175171860953,0.4543527071563717,1.2015978101783553
rank_mean_5d,2025-09-16,1.2057499534534106,0.0034555183438951254,0.0,1.2401630028044397,0.5154705912996459,1.2057499534534108
rank_mean_5d,2025-09-17,1.2075439768365912,0.001487890070443143,0.0,1.3313380620478505,0.5520983624075011,1.2075439768365914
rank_mean_5d,2025-09-18,1.2121727323879574,0.003833198326649967,0.0,1.3152833064859843,0.5441000706714926,1.2121727323879576
rank_mean_5d,2025-09-19,1.2065839817576687,-0.0046105233032911475,0.0,1.34381313778179,0.5538633974687502,1.206583981757669
rank_mean_5d,2025-09-22,1.2099832423982526,0.002817259877453404,0.0,1.385103117282855,0.5734229701874004,1.2099832423982528
rank_mean_5d,2025-09-23,1.2082140237358043,-0.0014621844340104717,0.0,1.3174168672138626,0.5440898453498814,1.2082140237358046
rank_mean_5d,2025-09-24,1.2122222795951751,0.003317504829961626,0.0,1.2821402650318239,0.5306419534313577,1.2122222795951754
rank_mean_5d,2025-09-25,1.2151807962866958,0.002440572773921179,0.0,1.1985058761761573,0.49403637660650435,1.215180796286696
rank_mean_5d,2025-09-26,1.221163292686434,0.004923132770052963,0.0,1.2547437640906265,0.5159895385451693,1.2211632926864342
rank_mean_5d,2025-09-29,1.2229665453384815,0.0014766679139859296,0.0,1.2341221940424623,0.5067208832223882,1.2229665453384817
rank_mean_5d,2025-09-30,1.2262005162061551,0.0026443657678130172,0.0,1.275508759900121,0.5212538212480324,1.2262005162061553
rank_mean_5d,2025-10-09,1.2290897835109214,0.0023562763728934843,0.0,1.2894815486727693,0.5254958721286401,1.2290897835109218
rank_mean_5d,2025-10-10,1.2314245894332807,0.0018996219427436234,0.0,1.3317284809422225,0.5415596459510673,1.2314245894332811
rank_mean_5d,2025-10-13,1.2319707321857645,0.0004435048294229027,0.0,1.2035655289086455,0.48668988144907954,1.231970732185765
rank_mean_5d,2025-10-14,1.2362045659624854,0.0034366350320751415,0.0,1.2550766692148245,0.5096557089821249,1.2362045659624858
rank_mean_5d,2025-10-15,1.2420752953772425,0.0047489950906194345,0.0,1.2599148258453896,0.5092745394368721,1.242075295377243
rank_mean_5d,2025-10-16,1.249277648541724,0.005798644567915678,0.0,1.2356435446053795,0.49630131995853743,1.2492776485417245
rank_mean_5d,2025-10-17,1.2511131952204235,0.0014692864159076002,0.0,1.3771213081688485,0.5510151635307167,1.251113195220424
rank_mean_5d,2025-10-20,1.2502044466971938,-0.0007263519613583957,0.0,1.3278666549886222,0.531163287761967,1.2502044466971942
rank_mean_5d,2025-10-21,1.259700540559415,0.007595632768151006,0.0,1.2154826562665648,0.48555593015761855,1.2597005405594155
rank_mean_5d,2025-10-22,1.2673323544226687,0.006058435014931751,0.0,1.140816980844234,0.452315976969739,1.2673323544226691
rank_mean_5d,2025-10-23,1.2710091465070532,0.00290120588459164,0.0,1.3082241565695552,0.5153571090948007,1.2710091465070534
rank_mean_5d,2025-10-24,1.26422857283775,-0.0053347953379701,0.0,1.2773700686991658,0.5027225373079134,1.2642285728377503
rank_mean_5d,2025-10-27,1.2628777492370507,-0.0010684963381797363,0.0,1.2823647755565066,0.5072457502300416,1.2628777492370509
rank_mean_5d,2025-10-28,1.2659926385173015,0.002466501038705271,0.0,1.1628284567351619,0.4595591599107518,1.265992638517302
rank_mean_5d,2025-10-29,1.2657759752725797,-0.0001711409988730539,0.0,1.3451852878653123,0.5310698654849549,1.2657759752725801
rank_mean_5d,2025-10-30,1.273965941761369,0.00647031279529986,0.0,1.163664243607894,0.4587644923477014,1.2739659417613693
rank_mean_5d,2025-10-31,1.2823872038228425,0.006610272524107286,0.0,1.3308350391484074,0.5221308533334897,1.282387203822843
rank_mean_5d,2025-11-03,1.2820133542954621,-0.0002915262459465273,0.0,1.2890309523288757,0.5019012995632883,1.2820133542954626
rank_mean_5d,2025-11-04,1.2834930393375268,0.0011541884779178169,0.0,1.1396259173955112,0.44404444135378346,1.2834930393375272
rank_mean_5d,2025-11-05,1.28420836750868,0.0005573292174005928,0.0,1.2986238513359725,0.5044561044773037,1.2842083675086804
rank_mean_5d,2025-11-06,1.2868270224517357,0.0020391199818576844,0.0,1.3432096750860496,0.5226438292695262,1.2868270224517362
rank_mean_5d,2025-11-07,1.286047672805944,-0.0006056366801396873,0.0,1.400485239532236,0.5444221701906226,1.2860476728059445
rank_mean_5d,2025-11-10,1.2875322883916331,0.0011544016735010043,0.0,1.310541575340587,0.509348626537915,1.2875322883916338
rank_mean_5d,2025-11-11,1.2918168697160768,0.003327746700469758,0.0,1.2799630753138402,0.4964209670297953,1.2918168697160772
rank_mean_5d,2025-11-12,1.2921950931706507,0.00029278411161870466,0.0,1.3780924834273123,0.5322386264242404,1.2921950931706512
rank_mean_5d,2025-11-13,1.2941930358336462,0.0015461617781671322,0.0,1.346102313843909,0.5199696498575768,1.2941930358336466
rank_mean_5d,2025-11-14,1.2952148129309795,0.0007895090369383073,0.0,1.2343979486580534,0.47724529121989534,1.29521481293098
rank_mean_5d,2025-11-17,1.296526159121255,0.0010124545960896736,0.0,1.2629550094733242,0.48752540730981,1.2965261591212554
rank_mean_5d,2025-11-18,1.296611207200355,6.5596886342556e-05,0.0,1.2825319327804914,0.493942424669728,1.2966112072003553
rank_mean_5d,2025-11-19,1.2991263853337514,0.0019398090340643215,0.0,1.275121652248255,0.49141977132582115,1.2991263853337516
rank_mean_5d,2025-11-20,1.3089693601412051,0.007576610650491089,0.0,1.4187817861186995,0.5454803906356818,1.3089693601412054
rank_mean_5d,2025-11-21,1.309839508339351,0.0006647582629832893,0.0,1.478843942720628,0.563662725862382,1.3098395083393513
rank_mean_5d,2025-11-24,1.3144801198449374,0.003542885579524091,0.0,1.4093337101604768,0.5377183093736636,1.3144801198449376
rank_mean_5d,2025-11-25,1.3196255217537343,0.003914400705735899,0.0,1.4424655070806613,0.5476883949378807,1.3196255217537345
rank_mean_5d,2025-11-26,1.3243162347595825,0.00355457887750954,0.0,1.3901598129323107,0.5257117167669068,1.3243162347595827
rank_mean_5d,2025-11-27,1.3240454115368103,-0.00020450041739561442,0.0,1.3788848573812815,0.5194698263711025,1.3240454115368105
rank_mean_5d,2025-11-28,1.3286511423403735,0.0034785293339880674,0.0,1.39292781514406,0.5252664121495515,1.3286511423403737
rank_mean_5d,2025-12-01,1.3297411325956756,0.0008203735507141818,0.0,1.381116325758039,0.5194013898803619,1.329741132595676
rank_mean_5d,2025-12-02,1.3328660892987887,0.0023500489129137936,0.0,1.272041074709355,0.4779906373310451,1.3328660892987894
rank_mean_5d,2025-12-03,1.333157326495085,0.00021850446840421256,0.0,1.448482039478129,0.5430434160785107,1.3331573264950856
rank_mean_5d,2025-12-04,1.3375040720385967,0.0032604895589776195,0.0,1.3584697695085748,0.5096160390945994,1.3375040720385973
rank_mean_5d,2025-12-05,1.3467641203995926,0.0069233795654033425,0.0,1.380518429062858,0.5152439270830752,1.346764120399593
rank_mean_5d,2025-12-08,1.341129736669932,-0.004183645557760185,0.0,1.2292523441133574,0.45665467807622173,1.3411297366699324
rank_mean_5d,2025-12-09,1.340522044884089,-0.0004531193136853018,0.0,1.2249353520644335,0.4569417643230111,1.3405220448840895
rank_mean_5d,2025-12-10,1.3405401324300565,1.3492911986379141e-05,0.0,1.2754329345939817,0.4754500569811266,1.340540132430057
rank_mean_5d,2025-12-11,1.3433224496506613,0.002075519526268277,0.0,1.3453262361139724,0.5013848251804112,1.3433224496506617
rank_mean_5d,2025-12-12,1.3407284677992826,-0.0019310195047014256,0.0,1.567499285182635,0.5832734521452856,1.340728467799283
rank_mean_5d,2025-12-15,1.3392828802479269,-0.0010782105296298639,0.0,1.4132928746908926,0.5281357992666859,1.3392828802479273
rank_mean_5d,2025-12-16,1.3435099214766983,0.003156197462920618,0.0,2.103795994287564,0.7837503193165903,1.3435099214766988
rank_mean_5d,2025-12-17,1.3497671769290793,0.0046573943015644215,0.0,1.5027256523003323,0.5580042349518615,1.3497671769290795
rank_mean_5d,2025-12-18,1.351847791966846,0.0015414621672014128,0.0,1.4250136311450716,0.5276422586207732,1.351847791966846
rank_mean_5d,2025-12-19,1.3560529006675548,0.0031106376958243143,0.0,1.3148242369704013,0.48611115811546696,1.3560529006675548
rank_mean_5d,2025-12-22,1.360895382128076,0.0035710122061884952,0.0,1.2494192242425637,0.46042470365999166,1.360895382128076
rank_mean_5d,2025-12-23,1.3535997975385097,-0.0053608710010890626,0.0,1.222101675534259,0.4493715519530436,1.3535997975385097
rank_mean_5d,2025-12-24,1.3546683927304815,0.000789446920659298,0.0,1.491230530156114,0.5505264626698497,1.3546683927304815
rank_mean_5d,2025-12-25,1.3562578266180907,0.0011733010795398346,0.0,1.330627628610579,0.49072407194854706,1.3562578266180907
rank_mean_5d,2025-12-26,1.359382866401982,0.0023041635023657303,0.0,1.3749993844611113,0.5073890972202797,1.359382866401982
rank_mean_5d,2025-12-29,1.3639688137936277,0.0033735509730115076,0.0,1.4713444252886005,0.5408331333349742,1.3639688137936277
rank_mean_5d,2025-12-30,1.3582679727358435,-0.004179597803213864,0.0,1.237768963082952,0.45380271463963257,1.3582679727358435
rank_mean_5d,2025-12-31,1.3604458952096385,0.0016034556637658515,0.0,1.37351105413141,0.5057754535589525,1.3604458952096385
rank_mean_5d,2026-01-05,1.3555884233053666,-0.003570499879029354,0.0,1.319769493307001,0.4869531016828258,0.9964295001209706
rank_mean_5d,2026-01-06,1.3586899913446284,0.002287986520052465,0.0,1.3874416405692465,0.5118345405302618,0.99870931738543
rank_mean_5d,2026-01-07,1.360189374754305,0.0011035507873231598,0.0,1.3710202801395486,0.5047024164386362,0.9998114438389377
rank_mean_5d,2026-01-08,1.3596437891231037,-0.00040111005226739493,0.0,1.4247936762577842,0.523062187473253,0.999410409418442
rank_mean_5d,2026-01-09,1.3661347930599066,0.00477404742972376,0.0,1.448000513061634,0.5326371555689258,1.0041816421147651
rank_mean_5d,2026-01-12,1.3654133332467153,-0.0005281029491792655,0.0,1.5310278721906467,0.5607832284007651,1.0036513308280526
rank_mean_5d,2026-01-13,1.3710452804378719,0.004124719639118091,0.0,1.5013329826444777,0.5509141214003397,1.0077911111831461
rank_mean_5d,2026-01-14,1.3750113131851807,0.0028927073408122617,0.0,1.5877266373669605,0.5778141699782238,1.010706355928471
rank_mean_5d,2026-01-15,1.3813380400219621,0.004601218023527309,0.0,1.6751633579709841,0.6079129365271907,1.0153568362298626
rank_mean_5d,2026-01-16,1.3864969918938366,0.0037347497299013988,0.0,1.7457401399322774,0.6312485745797107,1.0191489398997255
rank_mean_5d,2026-01-19,1.3929858330322427,0.00468002539950918,0.0,1.5291600256975966,0.5500258760658412,1.0239185828243391
rank_mean_5d,2026-01-20,1.392359477800693,-0.0004496493910396415,0.0,1.5880782661960453,0.5702847738649964,1.023458178457098
rank_mean_5d,2026-01-21,1.3913270148063859,-0.0007415204268497178,0.0,1.687645939307691,0.6062293884929939,1.0226992633117455
rank_mean_5d,2026-01-22,1.3968942036893899,0.004001351820067001,0.0,1.4052262620696063,0.5056624844636792,1.0267914428703793
rank_mean_5d,2026-01-23,1.403200943928654,0.004514830273192549,0.0,1.5067234600018637,0.5389027107500913,1.0314272319609055
rank_mean_5d,2026-01-26,1.407875010662462,0.003331003128263177,0.0,1.5388362536497473,0.5465015773654204,1.034862919297143
rank_mean_5d,2026-01-27,1.4116477203364346,0.0026797191834504464,0.0,1.4830890494427098,0.5263490016319574,1.037636061314225
rank_mean_5d,2026-01-28,1.4064892340108208,-0.003654230620925958,0.0,1.5935855147981006,0.5647886595154641,1.0338442998455937
rank_mean_5d,2026-01-29,1.4051667462381305,-0.0009402757879055645,0.0,1.6168072503466586,0.5745547430401351,1.0328722010819846
rank_mean_5d,2026-01-30,1.4078547400471513,0.001912935825030715,0.0,1.5447060935959676,0.5475284139595282,1.0348480193181127
rank_mean_5d,2026-02-02,1.4068153073609941,-0.0007383096114890186,0.0,1.5759855286281226,0.5595489524174471,1.0340839810790197
rank_mean_5d,2026-02-03,1.4103495397502523,0.0025122220171800436,0.0,1.6898531370318657,0.5990108521406947,1.0366818296238995
rank_mean_5d,2026-02-04,1.4185780536796286,0.005834379136134826,0.0,1.5228888992645508,0.538832018004373,1.0427302244614673
rank_mean_5d,2026-02-05,1.4145424961791597,-0.002844790591537194,0.0,1.4772700179759672,0.5206282170151616,1.0397638753294078
rank_mean_5d,2026-02-06,1.416900620423322,0.0016670579007218578,0.0,1.46618898762932,0.5190819846975993,1.0414972219126608
rank_mean_5d,2026-02-09,1.4214383168828375,0.003202550972247975,0.0,1.4605190875754943,0.5142236698930893,1.0448326698532908
rank_mean_5d,2026-02-10,1.4220744974359962,0.0004475611397292134,0.0,1.575257154207516,0.554212407672451,1.0453002963538367
rank_mean_5d,2026-02-11,1.4254547127625925,0.0023769607940307136,0.0,1.40731665953551,0.49448957215562384,1.0477849341762584
rank_mean_5d,2026-02-12,1.4218392867705143,-0.00253633171205514,0.0,1.4545678400239817,0.5093950953662961,1.0451274040202936
rank_mean_5d,2026-02-13,1.4157531655686995,-0.004280456489311524,0.0,1.4910923461888943,0.525008144674884,1.0406537816415977
rank_mean_5d,2026-02-24,1.4244685579617697,0.006156011234888847,0.0,1.4222380946967943,0.5014315077446796,1.047060058013013
rank_mean_5d,2026-02-25,1.4327588065738406,0.00581988880395734,0.0,1.39345066659867,0.4888230878673183,1.053153831121714
rank_mean_5d,2026-02-26,1.4262194924852163,-0.004564141611707706,0.0,1.2614281100408573,0.43987480538278184,1.0483470878975618
rank_mean_5d,2026-02-27,1.4247151956279083,-0.0010547442839157206,0.0,1.593839522395875,0.5582967081481498,1.0472413497990423
rank_mean_5d,2026-03-02,1.4211200206226529,-0.002523434168659189,0.0,1.6300481493760728,0.572315706643289,1.0445987051941266
rank_mean_5d,2026-03-03,1.4232798747370994,0.0015198252667640855,0.0,1.5913012278187253,0.5595731488554427,1.0461863126999096
rank_mean_5d,2026-03-04,1.4160758174290737,-0.005061588683923701,0.0,1.6579183692326547,0.581142272022447,1.040890947898272
rank_mean_5d,2026-03-05,1.4227288647033918,0.0046982281544760696,0.0,1.493293888920037,0.5263578469286252,1.045781291055427
rank_mean_5d,2026-03-06,1.4214251979055192,-0.000916314295868581,0.0,1.5056354834149397,0.5291505244618839,1.044823026708081
rank_mean_5d,2026-03-09,1.4229414113939927,0.0010666853878118498,0.0,1.43575244460857,0.5051245236883607,1.0459375241635198
rank_mean_5d,2026-03-10,1.4261253772010423,0.0022375944515735657,0.0,1.5504861801029515,0.5451222939260004,1.0482779081642808
rank_mean_5d,2026-03-11,1.4231456314302184,-0.002089399584678797,0.0,1.616418830221472,0.566239804457459,1.0460876367383345
rank_mean_5d,2026-03-12,1.4243100007568978,0.0008181659704842303,0.0,1.4339379603333722,0.5034477869001837,1.046943510044858
rank_mean_5d,2026-03-13,1.4320598246001943,0.005441107511130472,0.0,1.3797618999322405,0.4841300266969378,1.0526400422410924
rank_mean_5d,2026-03-16,1.4353268796851837,0.0022813677395785437,0.0,1.3865124644979554,0.48418579596738165,1.0550415012748497
rank_mean_5d,2026-03-17,1.4409033007584373,0.0038851227216456508,0.0,1.448041387050993,0.5037703637083247,1.0591404669837319
rank_mean_5d,2026-03-18,1.435576029021309,-0.003697175052846502,0.0,1.4153572474272456,0.4910383542782661,1.0552246392717395
rank_mean_5d,2026-03-19,1.427696929059327,-0.005488458850454236,0.0,1.532472065794518,0.5335544639878183,1.049433082261111
rank_mean_5d,2026-03-20,1.4238217279245968,-0.002714302353569953,0.0,1.5135059671010924,0.5295255888019613,1.0465846035760156
rank_mean_5d,2026-03-23,1.4192270229111446,-0.0032270226836260685,0.0,1.5537375078128037,0.5445318533703819,1.043207251319942
rank_mean_5d,2026-03-24,1.4253214837635597,0.0042942113939699045,0.0,1.5993206661848176,0.5631043501184935,1.047687003784832
rank_mean_5d,2026-03-25,1.421811813612607,-0.0024623709043418707,0.0,1.70109691539191,0.5951480264534251,1.045107209789855
rank_mean_5d,2026-03-26,1.4227667564507196,0.0006716379966531516,0.0,1.5449333576191344,0.5430978908245707,1.045809143502526
rank_mean_5d,2026-03-27,1.4300542426172127,0.005122052601701732,0.0,1.6503075963377638,0.5787807519736893,1.0511658329468867
rank_mean_5d,2026-03-30,1.4339292924177298,0.0027097222504128826,0.0,1.7402445857285755,0.6073352391402032,1.0540142003932966
rank_mean_5d,2026-03-31,1.4372975449539935,0.0023489669637646315,0.0,1.5812955643849165,0.5510611944662444,1.0564900449293593
rank_mean_5d,2026-04-01,1.4363956494613923,-0.0006274939352450826,0.0,1.5841955981762321,0.551032211295333,1.0558271038335192
rank_mean_5d,2026-04-02,1.442385761134729,0.004170237967222157,0.0,1.5260504702514723,0.5303832507270602,1.060230154108748
rank_mean_5d,2026-04-03,1.4410520280093095,-0.0009246715832595953,0.0,1.3902217555617125,0.48106084814889827,1.0592497894135287
rank_mean_5d,2026-04-07,1.4428661443265505,0.0012588832894167012,0.0,1.3023771480660158,0.45164130738165525,1.0605832612727395
rank_mean_5d,2026-04-08,1.4428888032491962,1.57041058415075e-05,0.0,1.583968751278647,0.5486859317861701,1.0605999167845284
rank_mean_5d,2026-04-09,1.4375385429861522,-0.0037080198078991433,0.0,1.5064296393203462,0.522082676627724,1.056667191284835
rank_mean_5d,2026-04-10,1.4384685519806508,0.000646945432549284,0.0,1.4168252852034036,0.4925822124576832,1.0573507972979614
rank_mean_5d,2026-04-13,1.436636177685803,-0.0012738368818177026,0.0,1.4608270902812248,0.5069601524956835,1.056003904855344
rank_mean_5d,2026-04-14,1.430164863269169,-0.004504490780023573,0.0,1.2959826186064902,0.45195662381574925,1.0512471450022542
rank_mean_5d,2026-04-15,1.4299812532109581,-0.00012838384086100163,0.0,1.4321356950572262,0.5007412936358377,1.0511121818560847
rank_mean_5d,2026-04-16,1.433851540437714,0.0027065300458066766,0.0,1.3626128483614848,0.47553647895515877,1.0539570485577916
rank_mean_5d,2026-04-17,1.4347031324399215,0.0005939192295651985,0.0,1.3847970341601654,0.48179486508997466,1.054583013916066
rank_mean_5d,2026-04-20,1.4261297046878492,-0.005975750354355158,0.0,1.3112659113807845,0.45790647361627607,1.04828108909696
rank_mean_5d,2026-04-21,1.4286327774060084,0.0017551508182820363,0.0,1.3798060390956706,0.4833752308863191,1.050120980508278
rank_mean_5d,2026-04-22,1.4209139608360986,-0.005402939574104537,0.0,1.4263529750339692,0.4993325675480728,1.0444472403050924
rank_mean_5d,2026-04-23,1.4161286211617472,-0.0033677898917507942,0.0,1.5076838750192079,0.5309348919614862,1.0409297614467259
rank_mean_5d,2026-04-24,1.41418033975892,-0.0013757799776893398,0.0,1.4839177823621061,0.5244900876415277,1.0394976711227466
rank_mean_5d,2026-04-27,1.421808948521886,0.005394367711452297,0.0,1.4476216140989973,0.5118897765496317,1.045105103795981
rank_mean_5d,2026-04-28,1.4187710088480399,-0.002136672213945867,0.0,1.3594183882001734,0.47703567823645787,1.0428720567600471
rank_mean_5d,2026-04-29,1.4228545175062073,0.002878201367733757,0.0,1.5269404439203056,0.5359764437422134,1.0458736525401853
rank_mean_5d,2026-04-30,1.420117729759009,-0.0019234487528597688,0.0,1.3838741285216662,0.4859507864439306,1.043861968167558
rank_mean_5d,2026-05-06,1.4192977877833106,-0.0005773760572918007,0.0,1.5007386048953364,0.5288883304668323,1.0432592672600207
rank_mean_5d,2026-05-07,1.4195692515769232,0.00019126626980559003,0.0,1.299124505126311,0.45772473224266885,1.0434588075685096
rank_mean_5d,2026-05-08,1.4201205232815457,0.0003883373100750376,0.0,1.5013589338736357,0.5278208583817662,1.0438640215550148
rank_mean_5d,2026-05-11,1.4138345507269756,-0.004426365545400879,0.0,1.458730844885788,0.5140113286006688,1.03924349781592
rank_mean_5d,2026-05-12,1.4122551743025507,-0.001117087161020991,0.0,1.162540096744638,0.41074711641943346,1.0380825722473352
rank_mean_5d,2026-05-13,1.407754205739139,-0.00318707882634206,0.0,1.4470027719891738,0.5123297569452703,1.034774121261331
rank_mean_5d,2026-05-14,1.4023490084154897,-0.003839588829934515,0.0,1.4217032875654816,0.5060468247801915,1.0308010141038308
rank_mean_5d,2026-05-15,1.4032417760542062,0.0006366230042300636,0.0,1.423516889180428,0.5064642513308112,1.031457245742193
rank_mean_5d,2026-05-18,1.3974908092566025,-0.0040983434898688165,0.0,1.4368420404898719,0.5112463435163993,1.0272299796540276
rank_mean_5d,2026-05-19,1.399353358077577,0.0013327807300322903,0.0,1.3934266240961868,0.497468645743698,1.028599051976222
rank_mean_5d,2026-05-20,1.39537489347362,-0.002843073610387048,0.0,1.2493571058167747,0.4463159040649978,1.0256746691558793
rank_mean_5d,2026-05-21,1.3961057204724678,0.0005237495688548144,0.0,1.3645945704178115,0.48776201625181664,1.026211865821635
rank_mean_5d,2026-05-22,1.3954263708526178,-0.00048660327788085933,0.0,1.4591022829426754,0.5219232705375715,1.025712507763926
rank_mean_5d,2026-05-25,1.3983465964666595,0.0020927120735561022,0.0,1.6352916355565263,0.5861928399191323,1.027859028712921
rank_mean_5d,2026-05-26,1.4042408936588286,0.004215190430657767,0.0,1.3649495231212585,0.486953178753441,1.032191650254817
rank_mean_5d,2026-05-27,1.4027842015221086,-0.0010373520264921332,0.0,1.5424221057989786,0.5478701745587864,1.031120904154697
rank_mean_5d,2026-05-28,1.41278065127028,0.0071261493659000585,0.0,1.5418278987223384,0.5488041101747437,1.0384688257320052
rank_mean_5d,2026-05-29,1.4166338407781125,0.002727379869173596,0.0,1.405017132804051,0.49635174394797343,1.041301124702071
rank_mean_5d,2026-06-01,1.4175458292444247,0.0006437714814233608,0.0,1.680578582070785,0.5919287874688975,1.041971484669728
rank_mean_5d,2026-06-02,1.4090320924098487,-0.006005969372513298,0.0,1.4912412660621643,0.52548959371308,1.0357134358457696
rank_mean_5d,2026-06-03,1.4096119147999175,0.00041150403400469493,0.0,1.4591298575681728,0.5153412525293087,1.0361396361026929
rank_mean_5d,2026-06-04,1.4135588596429711,0.0028000223335327146,0.0,1.5617154969146716,0.5525839202193507,1.0390408502244388
rank_mean_5d,2026-06-05,1.4147554763506265,0.0008465276840028402,0.0,1.4307686040932857,0.5061469802393257,1.0399204270689637
rank_mean_5d,2026-06-08,1.413128687306704,-0.0011498729434989974,0.0,1.5285588920545745,0.5376921771310699,1.0387246507064851
rank_mean_5d,2026-06-09,1.412109993889119,-0.0007208780252889735,0.0,1.633181399870733,0.5775321944241637,1.0379758569314648
rank_mean_5d,2026-06-10,1.4198386467435122,0.005473123827349768,0.0,1.6644362206526941,0.5890064118941265,1.04365682732625
rank_mean_5d,2026-06-11,1.4249329046586883,0.0035879132652572032,0.0,1.6730223233297659,0.5881468064400023,1.0474013775013902
rank_mean_5d,2026-06-12,1.4400305444336854,0.010595333805287765,0.0,1.5276424931435622,0.5339571371822915,1.0584989447241355
rank_mean_5d,2026-06-15,1.4380054325831884,-0.0014062978443929453,0.0,1.4675791203084325,0.5084063646448236,1.0570103799398778
rank_mean_5d,2026-06-16,1.427137469890529,-0.00755766455842688,0.0,2.3961315333850495,0.8322679753477921,1.049021850053517
rank_mean_5d,2026-06-17,1.4245307016418456,-0.001826571233451979,0.0,1.7229514891559836,0.603512546678598,1.0471057369189465
rank_mean_5d,2026-06-18,1.4269234360384893,0.0016796650250401335,0.0,1.643380284998698,0.577105347269559,1.048864523802768
rank_mean_5d,2026-06-22,1.428383150923108,0.0010229805242187862,0.0,1.4250109663053379,0.5004638557255692,1.0499374917831623
rank_mean_5d,2026-06-23,1.4343684683893312,0.0041902744808737236,0.0,1.4429919742103765,0.5050414665586683,1.054337018061494
rank_mean_5d,2026-06-24,1.4263876929788208,-0.005563964620243,0.0,1.5358197139718055,0.5339624463112347,1.0484707241951874
rank_mean_5d,2026-06-25,1.4187626127632478,-0.005345727710009296,0.0,1.3521749059183326,0.47511801016246374,1.0428658851917236
rank_mean_5d,2026-06-26,1.4125821960887772,-0.004356202100951445,0.0,1.4680097520787927,0.5170118672091555,1.038322950631641
rank_mean_5d,2026-06-29,1.4185044228241142,0.004192482923637719,0.0,1.442704213214429,0.5102324936321351,1.0426761018713853
rank_mean_5d,2026-06-30,1.4134515402335526,-0.0035621197292439177,0.0,1.3764472830224572,0.484654221669297,1.038961964757698
rank_mean_5d,2026-07-01,1.4099403599826517,-0.0024841178851598977,0.0,1.581086570930258,0.5606234203880599,1.0363810607590425
rank_mean_5d,2026-07-02,1.421179457771841,0.007971328510184339,0.0,1.4736268324586708,0.5198498851438015,1.044642394656086
rank_mean_5d,2026-07-03,1.429677984970974,0.0059799113705576445,0.0,1.5509916883619905,0.5449253111991466,1.0508892635900566
rank_mean_5d,2026-07-06,1.4377129822371597,0.005620144781308012,0.0,1.5480736744646353,0.5413533216295799,1.0567954134005548
rank_mean_5d,2026-07-07,1.4439685401895832,0.004351047830624344,0.0,1.662829664008267,0.5774043700557827,1.061393580791445
rank_mean_5d,2026-07-08,1.4573587210875854,0.009273180492037625,0.0,1.4917830037897533,0.5157331364662898,1.0712360750392143
rank_mean_5d,2026-07-09,1.4672236164723316,0.006769023468281343,0.0,1.4243339408431965,0.4872528933720801,1.0784872971712243
rank_mean_5d,2026-07-10,1.4687877913327279,0.001066078028485462,0.0,1.511321169092368,0.5131429820559877,1.0796370487827391
rank_mean_5d,2026-07-13,1.4737875887725203,0.0034040298192128393,0.0,1.4122386636400983,0.4797614613770513,1.0833121654907225
rank_mean_5d,2026-07-14,1.4850077508438477,0.007613147346879456,0.0,1.6303209965621184,0.5519326201715445,1.0915595806292704
rank_mean_5d,2026-07-15,1.4996293421228801,0.009846138022326034,0.0,1.5547059826594416,0.5220973725572742,1.1023072269197385
rank_mean_5d,2026-07-16,1.506978604275679,0.004900719095290107,0.0,1.6020812825089372,0.5325916707159343,1.1077093249955803
rank_mean_5d,2026-07-17,1.5089832014141777,0.0013302094222249483,0.0,1.7680004297204666,0.5860850955463989,1.1091828103767758
rank_mean_5d,2026-07-20,1.5289898048959474,0.013258334130572091,0.0,1.8003530342020033,0.5941356615883454,1.1238887266886382
rank_mean_5d,2026-07-21,1.529030287478212,2.6476685544229994e-05,0.0,1.7270207310958816,0.5628547424131088,1.1239184835370415
rank_mean_5d,2026-07-22,1.5247587402509117,-0.002793631533843044,0.0,1.6114727521758665,0.5253606257842068,1.1207786694199633
rank_mean_5d,2026-07-23,1.5232881045635311,-0.0009645038579274567,0.0,1.579591561457756,0.5174017728356322,1.1196976740694249
rank_mean_5d,2026-07-24,1.5287471009686258,0.0035836926637451416,0.0,1.4938416521573936,0.48963114939697044,1.1237103264096
rank_mean_5d,2026-07-27,1.5283359120848239,-0.00026897116177115876,0.0,1.6680985973854994,0.5432630685821931,1.1234080807376114
rank_mean_5d,2026-07-28,1.5291119234593655,0.0005077492247649307,0.0,1.661460641414406,0.5422913362549143,1.1239784903197005
rank_mean_5d,2026-07-29,1.537503134482333,0.005487636904945248,0.0,1.5370063397631533,0.5011694665316166,1.1301464761635436
rank_mean_5d,2026-07-30,1.5452382194074912,0.005030939288304337,0.0,1.5887183987115763,0.5149732504532828,1.1358321744720135
rank_mean_5d,2026-07-31,1.541492326067523,-0.002424152660037371,0.0,1.5405996954752883,0.49817839419920257,1.133078743884911
rank_mean_5d,2026-08-03,1.551749761062872,0.006654223846521923,0.0,1.502956455384409,0.48640493901794574,1.1406185034824572
rank_mean_5d,2026-08-04,1.5412028493114076,-0.006796786451083725,0.0,1.5150782937827891,0.48844785741360774,1.1328659630921323
rank_mean_5d,2026-08-05,1.5316658009457582,-0.006188055238744439,0.0,1.4693570112996175,0.4762969752280033,1.1258557259344248
rank_mean_5d,2026-08-06,1.5325214633493893,0.0005586482397810233,0.0,1.2838830985159355,0.41941695730446005,1.1264846832539654
rank_mean_5d,2026-08-07,1.533644706302637,0.0007329378283504884,0.0,1.3596690499074655,0.4439967289630775,1.1273103264913797
rank_mean_5d,2026-08-10,1.5362642064250331,0.001708022797999531,0.0,1.327317210305371,0.4337399533971014,1.1292357982294474
rank_mean_5d,2026-08-11,1.531220201732807,-0.0032832924643632078,0.0,1.3666888031254836,0.4445947121861316,1.1255281868426315
rank_mean_5d,2026-08-12,1.5369890878053323,0.0037675091185427334,0.0,1.3988988366274677,0.4564899517843738,1.129768624549738
rank_mean_5d,2026-08-13,1.5401850555996994,0.002079369215906901,0.0,1.458563147951409,0.474128062378299,1.1321178306487243
rank_mean_5d,2026-08-14,1.545974047648216,0.0037586340858648537,0.0,1.4892479515573904,0.4828420582847025,1.136373047316216
rank_mean_5d,2026-08-17,1.549245573292436,0.0021161581911395277,0.0,1.527699047658699,0.49346022393787053,1.1387777924484843
rank_mean_5d,2026-08-18,1.5488762999331178,-0.00023835689169238172,0.0,1.5754867683228841,0.5081207823613589,1.138506356913548
rank_mean_5d,2026-08-19,1.5502745762499903,0.000902768230705675,0.0,1.4846435369488016,0.4782815053257624,1.1395341642830261
rank_mean_5d,2026-08-20,1.5585847547171958,0.005360455879569015,0.0,1.7552300461491264,0.5639259198425585,1.1456425868939268
rank_mean_5d,2026-08-21,1.5676634042660376,0.005824931574214709,0.0,1.527239935574198,0.48796599763178755,1.1523158765710904
rank_mean_5d,2026-08-24,1.5743940488389023,0.0042934245671288895,0.0,1.4375228760616383,0.45969519970040895,1.1572632578646533
rank_mean_5d,2026-08-25,1.5762901854110172,0.0012043595906077176,0.0,1.66729558513113,0.5292192527990801,1.1586570189681205
rank_mean_5d,2026-08-26,1.5789356061608308,0.0016782574517673066,0.0,1.572527173984546,0.49761549976563646,1.1606015437442463
rank_mean_5d,2026-08-27,1.5797004931701843,0.0004844320480006381,0.0,1.5547427130278608,0.4912492304714589,1.161163776326995
rank_mean_5d,2026-08-28,1.576171139089414,-0.0022341919218418216,0.0,3.215236495166309,1.0199515824860923,1.1585695135979899
rebalance_2d,2025-01-02,1.0,0.0,0.0,0.0,0.0,1.0
rebalance_2d,2025-01-03,1.0020318623492153,0.002031862349215263,0.0,2.0,1.0,1.0020318623492153
rebalance_2d,2025-01-06,1.0039703058840341,0.001934512870952254,0.0,0.0,0.0,1.0039703058840341
rebalance_2d,2025-01-07,1.0033248605177936,-0.0006428928848370985,0.0,2.802260042969427,1.3963673501132716,1.0033248605177936
rebalance_2d,2025-01-08,1.0016550929168686,-0.0016642342541609567,0.0,0.0,0.0,1.0016550929168686
rebalance_2d,2025-01-09,0.9982500987307615,-0.0033993679163468737,0.0,2.812566479863,1.4044818596742132,0.9982500987307615
rebalance_2d,2025-01-10,1.0005407484842912,0.00229466519106003,0.0,0.0,0.0,1.0005407484842912
rebalance_2d,2025-01-13,1.0006532856334285,0.00011247632773359051,0.0,2.82948249182316,1.4134391115497105,1.0006532856334285
rebalance_2d,2025-01-14,1.0022725813609379,0.0016182385555096879,0.0,0.0,0.0,1.0022725813609379
rebalance_2d,2025-01-15,1.0044432263831966,0.0021657232399905357,0.0,3.052160709647239,1.5223612718531738,1.0044432263831966
rebalance_2d,2025-01-16,1.0060316910749711,0.0015814380047085574,0.0,0.0,0.0,1.0060316910749711
rebalance_2d,2025-01-17,1.0075773830728603,0.0015364247583866675,0.0,2.856407102388702,1.421697434631189,1.0075773830728603
rebalance_2d,2025-01-20,1.0103829102261932,0.0027844284721603163,0.0,0.0,0.0,1.0103829102261932
rebalance_2d,2025-01-21,1.0124090462867066,0.0020053150543291043,0.0,2.7147421107820113,1.3414941668172906,1.0124090462867066
rebalance_2d,2025-01-22,1.0095435964943018,-0.0028303281197601393,0.0,0.0,0.0,1.0095435964943018
rebalance_2d,2025-01-23,1.0108232445811038,0.0012675510906567933,0.0,2.824059981730787,1.3997344696326042,1.0108232445811038
rebalance_2d,2025-01-24,1.0080989786245413,-0.0026950962704577197,0.0,0.0,0.0,1.0080989786245413
rebalance_2d,2025-01-27,1.0079492298962238,-0.00014854566019084636,0.0,2.8943714265868685,1.4342588443589268,1.0079492298962238
rebalance_2d,2025-02-05,1.0112068775015326,0.003231956043702855,0.0,0.0,0.0,1.0112068775015326
rebalance_2d,2025-02-06,1.0059611377144095,-0.005187602956265636,0.0,2.885415529752302,1.4252065444692295,1.0059611377144095
rebalance_2d,2025-02-07,1.0071692092212607,0.0012009127008583143,0.0,0.0,0.0,1.0071692092212607
rebalance_2d,2025-02-10,1.0035775988412226,-0.0035660446597798323,0.0,2.9316689941193146,1.4590301067542621,1.0035775988412226
rebalance_2d,2025-02-11,1.0022662456188127,-0.0013066784510973317,0.0,0.0,0.0,1.0022662456188127
rebalance_2d,2025-02-12,1.0011619846850912,-0.0011017640657345895,0.0,2.899992348254374,1.4480751607788442,1.0011619846850912
rebalance_2d,2025-02-13,1.0058882737115733,0.004720803525084527,0.0,0.0,0.0,1.0058882737115733
rebalance_2d,2025-02-14,1.0079301632679243,0.002029936733248361,0.0,2.835210026059112,1.4053985474514668,1.0079301632679243
rebalance_2d,2025-02-17,1.0144114502118278,0.0064302936652771425,0.0,0.0,0.0,1.0144114502118278
rebalance_2d,2025-02-18,1.0147598597865255,0.0003434598205935835,0.0,2.9399643208497794,1.4481655432956226,1.0147598597865255
rebalance_2d,2025-02-19,1.0141399803444928,-0.0006108631870431758,0.0,0.0,0.0,1.0141399803444928
rebalance_2d,2025-02-20,1.0215176313736751,0.007274785702340747,0.0,2.884542752907689,1.4194013045459597,1.0215176313736751
rebalance_2d,2025-02-21,1.021252972547004,-0.0002590839536613654,0.0,0.0,0.0,1.021252972547004
rebalance_2d,2025-02-24,1.0169044351195737,-0.004258041390650891,0.0,2.8093354262449304,1.3770655336478068,1.0169044351195737
rebalance_2d,2025-02-25,1.0148717984920514,-0.00199884724397259,0.0,0.0,0.0,1.0148717984920514
rebalance_2d,2025-02-26,1.015201759439323,0.000325125742741017,0.0,2.9614155707865977,1.4593596082853693,1.015201759439323
rebalance_2d,2025-02-27,1.0166594133210392,0.0014358267882841336,0.0,0.0,0.0,1.0166594133210392
rebalance_2d,2025-02-28,1.0129802617777228,-0.003618863402147565,0.0,2.957186264878613,1.4549218316050958,1.0129802617777228
rebalance_2d,2025-03-03,1.0135652814013154,0.0005775232210012415,0.0,0.0,0.0,1.0135652814013154
rebalance_2d,2025-03-04,1.0199485159303026,0.006297803058291418,0.0,2.9406216829376173,1.4470705163066588,1.0199485159303026
rebalance_2d,2025-03-05,1.0231614392413728,0.003150083813926452,0.0,0.0,0.0,1.0231614392413728
rebalance_2d,2025-03-06,1.0243385622572185,0.0011504763282699226,0.0,2.8547664243878987,1.3949059706962785,1.0243385622572185
rebalance_2d,2025-03-07,1.02202331695332,-0.002260234447092113,0.0,0.0,0.0,1.02202331695332
rebalance_2d,2025-03-10,1.0201739516796353,-0.001809513778215588,0.0,2.7910206250430774,1.365639400879806,1.0201739516796353
rebalance_2d,2025-03-11,1.022510232279325,0.002290080623841728,0.0,0.0,0.0,1.022510232279325
rebalance_2d,2025-03-12,1.0216356854121589,-0.0008552940005466247,0.0,2.926776117874091,1.4303901836487778,1.0216356854121589
rebalance_2d,2025-03-13,1.0211308509502348,-0.000494143332239183,0.0,0.0,0.0,1.0211308509502348
rebalance_2d,2025-03-14,1.0241297544291552,0.0029368454357536766,0.0,2.8553735107444576,1.3980510728590216,1.0241297544291552
rebalance_2d,2025-03-17,1.0266552158233373,0.0024659584230024567,0.0,0.0,0.0,1.0266552158233373
rebalance_2d,2025-03-18,1.0274397191629125,0.0007641351521758821,0.0,3.035744457234634,1.4778072664402122,1.0274397191629125
rebalance_2d,2025-03-19,1.0270888801919362,-0.00034146915330679484,0.0,0.0,0.0,1.0270888801919362
rebalance_2d,2025-03-20,1.032972885556635,0.005728818097611166,0.0,3.0227986780083986,1.4702823444193478,1.032972885556635
rebalance_2d,2025-03-21,1.033755732986751,0.0007578586437864132,0.0,0.0,0.0,1.033755732986751
rebalance_2d,2025-03-24,1.0319711485834604,-0.001726311493465249,0.0,3.0342590926378445,1.4688130492895979,1.0319711485834604
rebalance_2d,2025-03-25,1.0313692846473497,-0.000583217793381996,0.0,0.0,0.0,1.0313692846473497
rebalance_2d,2025-03-26,1.0332611132732004,0.0018342883136155397,0.0,3.1099307623345274,1.5066659721362257,1.0332611132732004
rebalance_2d,2025-03-27,1.033766298694105,0.0004889232880391781,0.0,0.0,0.0,1.033766298694105
rebalance_2d,2025-03-28,1.0286633749466958,-0.004936245023517749,0.0,2.8853890446224075,1.3981084943282658,1.0286633749466958
rebalance_2d,2025-03-31,1.0277632627965447,-0.0008750308138439911,0.0,0.0,0.0,1.0277632627965447
rebalance_2d,2025-04-01,1.0264969914916204,-0.0012320651562099938,0.0,2.965851031106637,1.4428507261739345,1.0264969914916204
rebalance_2d,2025-04-02,1.0248891714506791,-0.001566317343614343,0.0,0.0,0.0,1.0248891714506791
rebalance_2d,2025-04-03,1.0310452150473841,0.0060065456521425364,0.0,2.822772361535419,1.3755179617681692,1.0310452150473841
rebalance_2d,2025-04-07,1.0274189028992464,-0.0035171223290833,0.0,0.0,0.0,1.0274189028992464
rebalance_2d,2025-04-08,1.0069096493182499,-0.019961919644579273,0.0,2.9135830920461947,1.4178616427892052,1.0069096493182499
rebalance_2d,2025-04-09,1.0066586586909048,-0.0002492682710063532,0.0,0.0,0.0,1.0066586586909048
rebalance_2d,2025-04-10,1.0148194234597785,0.008106784458086658,0.0,3.1118483362026987,1.5307417539763708,1.0148194234597785
rebalance_2d,2025-04-11,1.0230459314489895,0.008106376168052432,0.0,0.0,0.0,1.0230459314489895
rebalance_2d,2025-04-14,1.0275869845012824,0.004438757745569788,0.0,2.9316595120348516,1.4296262082400297,1.0275869845012824
rebalance_2d,2025-04-15,1.0298398283481525,0.002192363158398214,0.0,0.0,0.0,1.0298398283481525
rebalance_2d,2025-04-16,1.0330083165821407,0.0030766806126254487,0.0,3.0601140212151003,1.483328490278339,1.0330083165821407
rebalance_2d,2025-04-17,1.0319115559907996,-0.0010617151611806985,0.0,0.0,0.0,1.0319115559907996
rebalance_2d,2025-04-18,1.0421190631003305,0.009891843007543422,0.0,2.8767568879807563,1.3914359514011851,1.0421190631003305
rebalance_2d,2025-04-21,1.04725687452982,0.0049301578019351755,0.0,0.0,0.0,1.04725687452982
rebalance_2d,2025-04-22,1.0524600056280986,0.004968342748396415,0.0,2.914546084047295,1.389158481067532,1.0524600056280986
rebalance_2d,2025-04-23,1.0551346950095413,0.0025413691419526874,0.0,0.0,0.0,1.0551346950095413
rebalance_2d,2025-04-24,1.0557169159995692,0.0005517977873172875,0.0,2.894455632220672,1.3698660588933576,1.0557169159995692
rebalance_2d,2025-04-25,1.056896265922789,0.00111710810478316,0.0,0.0,0.0,1.056896265922789
rebalance_2d,2025-04-28,1.0595443367641673,0.002505516318639156,0.0,2.875467516683596,1.3589023533276676,1.0595443367641673
rebalance_2d,2025-04-29,1.0601711773283404,0.0005916133402095181,0.0,0.0,0.0,1.0601711773283404
rebalance_2d,2025-04-30,1.064140469521156,0.0037440106632764536,0.0,3.015226019926977,1.4220419626022773,1.064140469521156
rebalance_2d,2025-05-06,1.0685769585078768,0.004169082103152366,0.0,0.0,0.0,1.0685769585078768
rebalance_2d,2025-05-07,1.068165974157873,-0.0003846090323504914,0.0,3.1312231318665944,1.4646020831310236,1.068165974157873
rebalance_2d,2025-05-08,1.065512220481104,-0.0024844019946068663,0.0,0.0,0.0,1.065512220481104
rebalance_2d,2025-05-09,1.069394826151471,0.0036438865699859324,0.0,2.829576791873718,1.3277918864484528,1.069394826151471
rebalance_2d,2025-05-12,1.0698901140445494,0.0004631478299375047,0.0,0.0,0.0,1.0698901140445494
rebalance_2d,2025-05-13,1.0681295125050627,-0.0016455909970333193,0.0,2.946431734017107,1.3768582926251032,1.0681295125050627
rebalance_2d,2025-05-14,1.0697772732402329,0.0015426600574921512,0.0,0.0,0.0,1.0697772732402329
rebalance_2d,2025-05-15,1.0753965498593732,0.005252753783149711,0.0,2.9305339723032207,1.3682713374253734,1.0753965498593732
rebalance_2d,2025-05-16,1.0799242335082697,0.004210245652628064,0.0,0.0,0.0,1.0799242335082697
rebalance_2d,2025-05-19,1.0849723845083161,0.0046745418274825035,0.0,2.890964453097477,1.3374850473762037,1.0849723845083161
rebalance_2d,2025-05-20,1.0855055263240867,0.0004913874522365358,0.0,0.0,0.0,1.0855055263240867
rebalance_2d,2025-05-21,1.088386301971829,0.002653856270541155,0.0,3.0645340697922685,1.4097057397671173,1.088386301971829
rebalance_2d,2025-05-22,1.0920405508300461,0.0033574925112496157,0.0,0.0,0.0,1.092040550830046
rebalance_2d,2025-05-23,1.09520961685325,0.002901967349834278,0.0,3.0160531465804388,1.3812195221516417,1.0952096168532497
rebalance_2d,2025-05-26,1.0964264767795382,0.0011110749098282025,0.0,0.0,0.0,1.096426476779538
rebalance_2d,2025-05-27,1.0953856266931,-0.0009493113386822571,0.0,3.1521631712605833,1.4382427255574108,1.0953856266930997
rebalance_2d,2025-05-28,1.097050977424427,0.001520332831419946,0.0,0.0,0.0,1.0970509774244268
rebalance_2d,2025-05-29,1.1033008716471,0.00569699526392653,0.0,3.060177042818389,1.392781010902565,1.1033008716470998
rebalance_2d,2025-05-30,1.101139405072077,-0.0019590907888943354,0.0,0.0,0.0,1.1011394050720769
rebalance_2d,2025-06-03,1.1010413177779865,-8.907799833401953e-05,0.0,3.150090828404207,1.4299165918379617,1.1010413177779863
rebalance_2d,2025-06-04,1.1040259764144282,0.0027107598854374526,0.0,0.0,0.0,1.104025976414428
rebalance_2d,2025-06-05,1.110880223096315,0.0062084106971356245,0.0,3.2013785414770766,1.4491492091049056,1.1108802230963148
rebalance_2d,2025-06-06,1.1142276425306148,0.0030133036529982338,0.0,0.0,0.0,1.1142276425306146
rebalance_2d,2025-06-09,1.1160333465554841,0.0016205880701076758,0.0,3.1085420860056443,1.3934208458260349,1.116033346555484
rebalance_2d,2025-06-10,1.1191867715818755,0.0028255652361321992,0.0,0.0,0.0,1.1191867715818753
rebalance_2d,2025-06-11,1.1197830897931107,0.0005328138487488143,0.0,3.0746883275972205,1.3723878903755464,1.1197830897931107
rebalance_2d,2025-06-12,1.1175634678168815,-0.0019821892261645546,0.0,0.0,0.0,1.1175634678168815
rebalance_2d,2025-06-13,1.1152618164825174,-0.002059526282529922,0.0,3.2540721523922116,1.4583084514157412,1.1152618164825174
rebalance_2d,2025-06-16,1.1137134214917113,-0.0013883690519322922,0.0,0.0,0.0,1.1137134214917113
rebalance_2d,2025-06-17,1.1185140421728748,0.004310463166308454,0.0,3.0825778776726542,1.3815105651502009,1.1185140421728748
rebalance_2d,2025-06-18,1.1170558179906427,-0.0013037155791082444,0.0,0.0,0.0,1.1170558179906427
rebalance_2d,2025-06-19,1.1130579590892764,-0.0035789249176084725,0.0,3.292841153216592,1.475038014570886,1.1130579590892764
rebalance_2d,2025-06-20,1.1121219724478142,-0.0008409145577900068,0.0,0.0,0.0,1.1121219724478142
rebalance_2d,2025-06-23,1.1145606313312053,0.002192798041768418,0.0,3.1136137624707874,1.4001611307739095,1.1145606313312053
rebalance_2d,2025-06-24,1.1139931738856712,-0.0005091310688556394,0.0,0.0,0.0,1.1139931738856712
rebalance_2d,2025-06-25,1.1164615395101234,0.002215781642397774,0.0,3.199972177885859,1.4356140309134666,1.1164615395101236
rebalance_2d,2025-06-26,1.115410386727214,-0.000941503800812149,0.0,0.0,0.0,1.1154103867272143
rebalance_2d,2025-06-27,1.116273197394754,0.0007735365187619969,0.0,3.204919299285817,1.4371034388081836,1.1162731973947542
rebalance_2d,2025-06-30,1.1134391199101707,-0.0025388744361125593,0.0,0.0,0.0,1.113439119910171
rebalance_2d,2025-07-01,1.115559679900674,0.0019045136393935902,0.0,3.356750021778957,1.5072527548555745,1.1155596799006744
rebalance_2d,2025-07-02,1.118629720431868,0.0027520181900688723,0.0,0.0,0.0,1.1186297204318685
rebalance_2d,2025-07-03,1.1189526166958241,0.00028865339268069334,0.0,3.3337916184469116,1.4895587717637255,1.1189526166958246
rebalance_2d,2025-07-04,1.124245434886893,0.00473015399588439,0.0,0.0,0.0,1.1242454348868935
rebalance_2d,2025-07-07,1.1298700160217579,0.005002983299132291,0.0,3.3115095256283196,1.4689103431016408,1.1298700160217583
rebalance_2d,2025-07-08,1.1318342105200194,0.0017384251908705295,0.0,0.0,0.0,1.1318342105200199
rebalance_2d,2025-07-09,1.1318899316063231,4.923078467311548e-05,0.0,3.046218072803915,1.345726478276491,1.1318899316063236
rebalance_2d,2025-07-10,1.1323838920066729,0.0004364032107333493,0.0,0.0,0.0,1.1323838920066733
rebalance_2d,2025-07-11,1.1381870531566638,0.005124729511744697,0.0,3.035606816674952,1.339514945999027,1.1381870531566642
rebalance_2d,2025-07-14,1.141285995015795,0.002722699973204401,0.0,0.0,0.0,1.1412859950157954
rebalance_2d,2025-07-15,1.1410857504172107,-0.0001754552316061142,0.0,3.261496585965934,1.4297105931969314,1.1410857504172112
rebalance_2d,2025-07-16,1.1443558033166945,0.002865738090488179,0.0,0.0,0.0,1.144355803316695
rebalance_2d,2025-07-17,1.1457759762221922,0.0012410239030391512,0.0,3.02004184818003,1.3182581379691864,1.1457759762221926
rebalance_2d,2025-07-18,1.1478956156745188,0.0018499597620429409,0.0,0.0,0.0,1.1478956156745193
rebalance_2d,2025-07-21,1.1524141577457137,0.003936370179913773,0.0,3.446012600093517,1.4969263509120045,1.152414157745714
rebalance_2d,2025-07-22,1.1500789399513982,-0.0020263702754949042,0.0,0.0,0.0,1.1500789399513986
rebalance_2d,2025-07-23,1.156509192035678,0.005591139756503605,0.0,3.28174918734345,1.4261640114149483,1.1565091920356785
rebalance_2d,2025-07-24,1.1590628194939878,0.002208047697238813,0.0,0.0,0.0,1.1590628194939885
rebalance_2d,2025-07-25,1.1623727469022458,0.0028556928516636493,0.0,3.3042055472624794,1.426073214326891,1.1623727469022467
rebalance_2d,2025-07-28,1.1643958089603759,0.0017404589564935513,0.0,0.0,0.0,1.1643958089603768
rebalance_2d,2025-07-29,1.1641883251683744,-0.00017819008828845462,0.0,3.413856802408632,1.4663941310130748,1.1641883251683753
rebalance_2d,2025-07-30,1.1675357367677532,0.0028753179593126177,0.0,0.0,0.0,1.1675357367677541
rebalance_2d,2025-07-31,1.1701162141999344,0.0022101913893659564,0.0,3.440935731751597,1.4734462999354168,1.1701162141999353
rebalance_2d,2025-08-01,1.172969944464001,0.002438843449424244,0.0,0.0,0.0,1.1729699444640018
rebalance_2d,2025-08-04,1.1702767418083195,-0.002296054275211734,0.0,3.429213188897772,1.4606818977837492,1.1702767418083204
rebalance_2d,2025-08-05,1.172692753143699,0.0020644786391690317,0.0,0.0,0.0,1.1726927531437001
rebalance_2d,2025-08-06,1.1732667315481038,0.0004894533567005865,0.0,3.268014193405241,1.3919340405160023,1.1732667315481047
rebalance_2d,2025-08-07,1.1701282152673862,-0.0026750236722185017,0.0,0.0,0.0,1.170128215267387
rebalance_2d,2025-08-08,1.177442086671557,0.0062504871763129355,0.0,3.286368730789392,1.4037845924765204,1.1774420866715578
rebalance_2d,2025-08-11,1.1787423718403336,0.0011043304664370979,0.0,0.0,0.0,1.1787423718403345
rebalance_2d,2025-08-12,1.1825740296129001,0.0032506320839085223,0.0,3.333633045620614,1.4125674384317604,1.182574029612901
rebalance_2d,2025-08-13,1.1837459981143401,0.0009910318272621232,0.0,0.0,0.0,1.183745998114341
rebalance_2d,2025-08-14,1.1815927693437185,-0.0018189956072093283,0.0,3.199950190052376,1.353507804983278,1.1815927693437194
rebalance_2d,2025-08-15,1.1835105031856563,0.0016230074283569706,0.0,0.0,0.0,1.1835105031856572
rebalance_2d,2025-08-18,1.1840818830761946,0.0004827839626266872,0.0,3.2651344525111,1.3800316999540903,1.1840818830761954
rebalance_2d,2025-08-19,1.1855555375759417,0.0012445545538781744,0.0,0.0,0.0,1.1855555375759426
rebalance_2d,2025-08-20,1.1880931552972334,0.002140446095406201,0.0,3.469081832127633,1.4624282869779135,1.1880931552972342
rebalance_2d,2025-08-21,1.1857603476245497,-0.001963488857992801,0.0,0.0,0.0,1.1857603476245506
rebalance_2d,2025-08-22,1.1937719119480148,0.006756478524108767,0.0,3.61833305600193,1.5239847582807664,1.1937719119480157
rebalance_2d,2025-08-25,1.200475818874005,0.0056157351826535695,0.0,0.0,0.0,1.2004758188740057
rebalance_2d,2025-08-26,1.2033197159557014,0.002368974898939502,0.0,3.720075539295613,1.548493401380572,1.203319715955702
rebalance_2d,2025-08-27,1.2005105523178992,-0.0023345114357834484,0.0,0.0,0.0,1.2005105523178998
rebalance_2d,2025-08-28,1.2061543679166804,0.004701179500575359,0.0,3.617186285439728,1.5053483599554158,1.206154367916681
rebalance_2d,2025-08-29,1.2015189587468562,-0.00384313094005595,0.0,0.0,0.0,1.2015189587468569
rebalance_2d,2025-09-01,1.2068056452153426,0.004400002538453629,0.0,3.5579675890322924,1.4788412202086019,1.2068056452153433
rebalance_2d,2025-09-02,1.2165584534217233,0.008081506947740902,0.0,0.0,0.0,1.216558453421724
rebalance_2d,2025-09-03,1.2272356610584205,0.008776567707590388,0.0,3.7587988304421436,1.5432461967116813,1.2272356610584212
rebalance_2d,2025-09-04,1.2259234448456287,-0.0010692455038832094,0.0,0.0,0.0,1.2259234448456293
rebalance_2d,2025-09-05,1.2352713449240242,0.007625190722714947,0.0,3.604680190503941,1.4671451898761676,1.235271344924025
rebalance_2d,2025-09-08,1.2342568340709221,-0.0008212858310613358,0.0,0.0,0.0,1.2342568340709228
rebalance_2d,2025-09-09,1.2362555564146234,0.0016193731227793773,0.0,3.61963706613417,1.466756314475169,1.236255556414624
rebalance_2d,2025-09-10,1.238085054396323,0.0014798703813356795,0.0,0.0,0.0,1.2380850543963238
rebalance_2d,2025-09-11,1.2458055773669323,0.006235858306498754,0.0,3.672444570186146,1.480925410960463,1.245805577366933
rebalance_2d,2025-09-12,1.241433824305679,-0.0035091776282565323,0.0,0.0,0.0,1.2414338243056797
rebalance_2d,2025-09-15,1.2435966077637515,0.0017421657246063926,0.0,3.5479797500935257,1.428951543665423,1.2435966077637521
rebalance_2d,2025-09-16,1.248079727945607,0.0036049633408996584,0.0,0.0,0.0,1.2480797279456077
rebalance_2d,2025-09-17,1.2509420981201698,0.002293419330890334,0.0,3.5922140883695586,1.4384237991431454,1.2509420981201704
rebalance_2d,2025-09-18,1.2485794309572138,-0.0018887102500638742,0.0,0.0,0.0,1.2485794309572145
rebalance_2d,2025-09-19,1.2501155801256119,0.0012303175355214968,0.0,3.5841605084283374,1.4327050935934889,1.2501155801256125
rebalance_2d,2025-09-22,1.2506964403813794,0.000464645241609718,0.0,0.0,0.0,1.25069644038138
rebalance_2d,2025-09-23,1.243970766665208,-0.005377542862535445,0.0,3.801641063393309,1.522343968900731,1.2439707666652087
rebalance_2d,2025-09-24,1.2440505932877437,6.41708186999157e-05,0.0,0.0,0.0,1.2440505932877444
rebalance_2d,2025-09-25,1.250692361266687,0.005338824654542718,0.0,3.5002349454713486,1.4050571876989044,1.2506923612666874
rebalance_2d,2025-09-26,1.2561977581170967,0.004401879327730063,0.0,0.0,0.0,1.256197758117097
rebalance_2d,2025-09-29,1.2602706826769097,0.0032422638342533006,0.0,3.7103080931486017,1.4787474606324604,1.2602706826769103
rebalance_2d,2025-09-30,1.2711021792456376,0.00859457949598652,0.0,0.0,0.0,1.2711021792456383
rebalance_2d,2025-10-09,1.2812066356845122,0.007949365994220248,0.0,3.7002514110876747,1.4507854531443707,1.2812066356845129
rebalance_2d,2025-10-10,1.2785346584775092,-0.0020855162099401303,0.0,0.0,0.0,1.27853465847751
rebalance_2d,2025-10-13,1.2867903937605805,0.0064571853632049425,0.0,3.5497379045998474,1.3859727882535693,1.2867903937605811
rebalance_2d,2025-10-14,1.2857177570346372,-0.0008335753290856784,0.0,0.0,0.0,1.2857177570346379
rebalance_2d,2025-10-15,1.292609616885108,0.005360320966839582,0.0,3.680753919129263,1.4294612721974995,1.2926096168851087
rebalance_2d,2025-10-16,1.2953922250869698,0.002152705786428566,0.0,0.0,0.0,1.2953922250869705
rebalance_2d,2025-10-17,1.2964584210578198,0.0008230680640208821,0.0,3.736312059506133,1.4423953903307272,1.2964584210578205
rebalance_2d,2025-10-20,1.2983174220775695,0.0014339071655169455,0.0,0.0,0.0,1.2983174220775702
rebalance_2d,2025-10-21,1.305040409445837,0.0051782308809422695,0.0,3.4598835653652875,1.3313792839764351,1.3050404094458377
rebalance_2d,2025-10-22,1.3106547284880847,0.004302026972966777,0.0,0.0,0.0,1.3106547284880852
rebalance_2d,2025-10-23,1.3142836381302592,0.0027687762179446906,0.0,3.6298356858775214,1.3833255688513502,1.3142836381302598
rebalance_2d,2025-10-24,1.3109997412751944,-0.0024986211193624985,0.0,0.0,0.0,1.310999741275195
rebalance_2d,2025-10-27,1.3081643762989896,-0.002162750217972409,0.0,3.622382599742607,1.379996243045193,1.3081643762989903
rebalance_2d,2025-10-28,1.3105715845353658,0.001840142018838975,0.0,0.0,0.0,1.3105715845353663
rebalance_2d,2025-10-29,1.3123934677527003,0.0013901439942942684,0.0,3.761092336080976,1.4357106422815222,1.3123934677527007
rebalance_2d,2025-10-30,1.314829116330009,0.0018558828866159782,0.0,0.0,0.0,1.3148291163300097
rebalance_2d,2025-10-31,1.3176274585673609,0.0021282934813329213,0.0,3.734715272905846,1.4182852863104518,1.3176274585673615
rebalance_2d,2025-11-03,1.3154755758840688,-0.0016331495441296306,0.0,0.0,0.0,1.3154755758840695
rebalance_2d,2025-11-04,1.3186221220069114,0.0023919456814909257,0.0,3.720281716896444,1.4140379441033657,1.318622122006912
rebalance_2d,2025-11-05,1.3206449536790492,0.0015340495494335915,0.0,0.0,0.0,1.3206449536790499
rebalance_2d,2025-11-06,1.3208540852237554,0.00015835561565857859,0.0,3.683538845702138,1.3958919513671153,1.320854085223756
rebalance_2d,2025-11-07,1.3186800187945098,-0.0016459550328583594,0.0,0.0,0.0,1.3186800187945105
rebalance_2d,2025-11-10,1.3220806289694147,0.002578798591347242,0.0,3.5978777691302533,1.3654030343416073,1.3220806289694156
rebalance_2d,2025-11-11,1.3216639819113127,-0.00031514496844775586,0.0,0.0,0.0,1.3216639819113136
rebalance_2d,2025-11-12,1.3213641494427697,-0.00022685983173231783,0.0,3.824543495119493,1.4471670946216342,1.3213641494427706
rebalance_2d,2025-11-13,1.322094250309678,0.0005525357012419185,0.0,0.0,0.0,1.3220942503096789
rebalance_2d,2025-11-14,1.328511232640346,0.004853649676764826,0.0,3.8488788831545966,1.4539866221695923,1.328511232640347
rebalance_2d,2025-11-17,1.3284651671204788,-3.46745430038764e-05,0.0,0.0,0.0,1.3284651671204797
rebalance_2d,2025-11-18,1.3344402834418612,0.0044977591202739475,0.0,3.64586578485129,1.372341392442984,1.334440283441862
rebalance_2d,2025-11-19,1.3298697690085775,-0.0034250423117437867,0.0,0.0,0.0,1.3298697690085783
rebalance_2d,2025-11-20,1.3392908248695141,0.007084194317733994,0.0,3.7793749902134754,1.421143630901274,1.3392908248695152
rebalance_2d,2025-11-21,1.3386550979824845,-0.0004746742643380042,0.0,0.0,0.0,1.3386550979824856
rebalance_2d,2025-11-24,1.3360854634887533,-0.001919564268349605,0.0,3.8892833814915417,1.4510579156086079,1.3360854634887545
rebalance_2d,2025-11-25,1.3393337638476193,0.0024312070205330105,0.0,0.0,0.0,1.3393337638476204
rebalance_2d,2025-11-26,1.3427376624291878,0.002541486426646866,0.0,3.955086005173459,1.4740844443026029,1.342737662429189
rebalance_2d,2025-11-27,1.3396169517035277,-0.0023241403089969692,0.0,0.0,0.0,1.3396169517035288
rebalance_2d,2025-11-28,1.3468068104339275,0.0053671004396120825,0.0,3.505094305661327,1.3070274635423245,1.3468068104339286
rebalance_2d,2025-12-01,1.345771469500308,-0.0007687375246386852,0.0,0.0,0.0,1.3457714695003091
rebalance_2d,2025-12-02,1.348329281398646,0.0019006287146863254,0.0,3.707992243188253,1.3783435952202123,1.348329281398647
rebalance_2d,2025-12-03,1.3468292393841472,-0.0011125190524252648,0.0,0.0,0.0,1.3468292393841481
rebalance_2d,2025-12-04,1.3445201964566176,-0.0017144288674527663,0.0,3.8670089523038804,1.4360060258644014,1.3445201964566185
rebalance_2d,2025-12-05,1.3541559401578702,0.007166678289137529,0.0,0.0,0.0,1.354155940157871
rebalance_2d,2025-12-08,1.35358874447527,-0.000418855514184191,0.0,3.9266174191258596,1.4486674272850442,1.3535887444752708
rebalance_2d,2025-12-09,1.3524997302246706,-0.0008045384944608269,0.0,0.0,0.0,1.3524997302246715
rebalance_2d,2025-12-10,1.3568720452651897,0.0032327659243176488,0.0,3.849297847319237,1.4239229656210355,1.3568720452651906
rebalance_2d,2025-12-11,1.3548274767260982,-0.0015068248669622974,0.0,0.0,0.0,1.354827476726099
rebalance_2d,2025-12-12,1.362530202633212,0.005685392449913396,0.0,3.8816364204640137,1.4308820559553297,1.362530202633213
rebalance_2d,2025-12-15,1.3641736315155315,0.0012061595986228024,0.0,0.0,0.0,1.3641736315155324
rebalance_2d,2025-12-16,1.3651485325176436,0.0007146458336311223,0.0,4.167596846857587,1.527496825040196,1.3651485325176445
rebalance_2d,2025-12-17,1.3668942460177094,0.0012787718394615677,0.0,0.0,0.0,1.3668942460177103
rebalance_2d,2025-12-18,1.3727799280011113,0.004305879551800951,0.0,3.932481206445541,1.437065121402059,1.3727799280011124
rebalance_2d,2025-12-19,1.3773618762202733,0.0033377150449991344,0.0,0.0,0.0,1.3773618762202746
rebalance_2d,2025-12-22,1.3792781684240263,0.0013912772212134605,0.0,3.7827181999524293,1.3733672916071646,1.3792781684240276
rebalance_2d,2025-12-23,1.3733667232355833,-0.004285897742583367,0.0,0.0,0.0,1.3733667232355846
rebalance_2d,2025-12-24,1.3774400701556366,0.002965957199295488,0.0,3.9028037665002184,1.4201724420646689,1.377440070155638
rebalance_2d,2025-12-25,1.383768289930539,0.004594188823175083,0.0,0.0,0.0,1.3837682899305406
rebalance_2d,2025-12-26,1.387229187485282,0.0025010672523191335,0.0,4.0113951173540805,1.4494610775320333,1.3872291874852836
rebalance_2d,2025-12-29,1.3909243649278602,0.0026637108531983866,0.0,0.0,0.0,1.3909243649278618
rebalance_2d,2025-12-30,1.3908048592544224,-8.591816812697495e-05,0.0,3.9173391456611983,1.407321632365509,1.390804859254424
rebalance_2d,2025-12-31,1.3878576787820847,-0.002119046717968587,0.0,0.0,0.0,1.3878576787820862
rebalance_2d,2026-01-05,1.3864414264004885,-0.0010204593765255066,0.0,3.7702568734593056,1.3608681573817782,0.9989795406234745
rebalance_2d,2026-01-06,1.3895872463829246,0.0022689887380265006,0.0,0.0,0.0,1.0012462139506682
rebalance_2d,2026-01-07,1.3915417206119978,0.0014065142251129537,0.0,3.956913240952468,1.422905542245394,1.0026544809934304
rebalance_2d,2026-01-08,1.3861768123824234,-0.0038553700188125317,0.0,0.0,0.0,0.9987888769681802
rebalance_2d,2026-01-09,1.389127928213114,0.002128960609013797,0.0,3.8449561239794807,1.3900971498759396,1.0009152591439665
rebalance_2d,2026-01-12,1.3931574516446061,0.0029007576261717016,0.0,0.0,0.0,1.00381867171508
rebalance_2d,2026-01-13,1.4010095451159248,0.0056361852438497895,0.0,4.114234253467633,1.4751684917081098,1.0094763797001016
rebalance_2d,2026-01-14,1.398877955511401,-0.0015214668679129906,0.0,0.0,0.0,1.0079404948344473
rebalance_2d,2026-01-15,1.401053020296939,0.0015548638656921465,0.0,4.25853731887822,1.5182755253254572,1.0095077050886332
rebalance_2d,2026-01-16,1.4099538088524108,0.0063529277097489345,0.0,0.0,0.0,1.0159210345614957
rebalance_2d,2026-01-19,1.4153670493838355,0.003839303456210752,0.0,4.22876625797704,1.4986493316870366,1.0198214637007248
rebalance_2d,2026-01-20,1.4176567970124483,0.001617776554576178,0.0,0.0,0.0,1.0214713069545533
rebalance_2d,2026-01-21,1.4206029008287069,0.0020781502423345977,0.0,4.372404436995014,1.543684985331615,1.0235940777986388
rebalance_2d,2026-01-22,1.4288311741953446,0.005792099510593562,0.0,0.0,0.0,1.0295228365557028
rebalance_2d,2026-01-23,1.4348321532401667,0.004199921693478936,0.0,4.128688390985902,1.4430482455674225,1.033846751850885
rebalance_2d,2026-01-26,1.440937129340965,0.0042548364190277965,0.0,0.0,0.0,1.0382456006623537
rebalance_2d,2026-01-27,1.44588071021317,0.0034308095554913542,0.0,4.070610583569822,1.410581672730224,1.041807623590053
rebalance_2d,2026-01-28,1.4370472337643487,-0.006109408878910205,0.0,0.0,0.0,1.0354427948443756
rebalance_2d,2026-01-29,1.4303607919877823,-0.004652903272393649,0.0,4.105023046568009,1.4291355346198116,1.0306249796758677
rebalance_2d,2026-01-30,1.4364062237643258,0.004226508312033639,0.0,0.0,0.0,1.0349809247190573
rebalance_2d,2026-02-02,1.443404793090051,0.004872277222097043,0.0,4.267830104567979,1.4817036382635873,1.040023638703871
rebalance_2d,2026-02-03,1.4399963547456072,-0.002361387713800678,0.0,0.0,0.0,1.0375677396613734
rebalance_2d,2026-02-04,1.4402878469918163,0.0002024256834043392,0.0,4.1351161171445,1.4358365028899303,1.0377777700201527
rebalance_2d,2026-02-05,1.4395650791439893,-0.0005018218055068413,0.0,0.0,0.0,1.0372569905058864
rebalance_2d,2026-02-06,1.4455197089492526,0.004136408899835242,0.0,4.146092484079665,1.4381971510124871,1.0415475095528313
rebalance_2d,2026-02-09,1.451972155391332,0.004463755424524596,0.0,0.0,0.0,1.0461967228984979
rebalance_2d,2026-02-10,1.4508463598499353,-0.0007753561507475304,0.0,4.298683322557112,1.4820002299342911,1.0453855478345067
rebalance_2d,2026-02-11,1.4461803967329692,-0.003216028413545291,0.0,0.0,0.0,1.0420235582095612
rebalance_2d,2026-02-12,1.4462482970350916,4.695147457112192e-05,0.0,4.156084605049913,1.433590254927302,1.042072482752157
rebalance_2d,2026-02-13,1.4437153255075426,-0.0017514084771901306,0.0,0.0,0.0,1.0402473881720182
rebalance_2d,2026-02-24,1.451567922169773,0.005439158623234741,0.0,4.269487216202725,1.476224259168829,1.0459054587236916
rebalance_2d,2026-02-25,1.457429084204724,0.00403781452141061,0.0,0.0,0.0,1.0501286309729487
rebalance_2d,2026-02-26,1.4538462793191553,-0.00245830478093112,0.0,4.273160569802584,1.4644510518583669,1.0475470947388352
rebalance_2d,2026-02-27,1.4473356938548247,-0.004478180091625372,0.0,0.0,0.0,1.0428559901941359
rebalance_2d,2026-03-02,1.4394374107637868,-0.00545711898391843,0.0,4.12303133728688,1.4297549592930427,1.0371650009725544
rebalance_2d,2026-03-03,1.43783106064525,-0.0011159569054721707,0.0,0.0,0.0,1.036007569527605
rebalance_2d,2026-03-04,1.4482770099383395,0.0072650741655293505,0.0,4.364496926729768,1.5132791141244983,1.043534241356273
rebalance_2d,2026-03-05,1.453221445343078,0.0034140122164536546,0.0,0.0,0.0,1.047096880004551
rebalance_2d,2026-03-06,1.4510107711391542,-0.001521223218256318,0.0,4.415557873635493,1.517960597175607,1.0455040119189243
rebalance_2d,2026-03-09,1.4536413787870377,0.0018129483944617775,0.0,0.0,0.0,1.0473994567387361
rebalance_2d,2026-03-10,1.4567538588302984,0.0021411608727441855,0.0,4.339389672192958,1.4922019700453757,1.0496421074736386
rebalance_2d,2026-03-11,1.4556787544830945,-0.00073801372873461,0.0,0.0,0.0,1.0488674571880652
rebalance_2d,2026-03-12,1.4611429392417046,0.003753702347981669,0.0,4.205884136304184,1.4435727381954833,1.0528045934248336
rebalance_2d,2026-03-13,1.4679492006694845,0.0046581763118345165,0.0,0.0,0.0,1.0577087428429157
rebalance_2d,2026-03-16,1.4702243557347383,0.0015498867836953867,0.0,4.172219987754014,1.4213144667055313,1.059348071644447
rebalance_2d,2026-03-17,1.4737958126282311,0.0024291917621701575,0.0,0.0,0.0,1.0619214312533565
rebalance_2d,2026-03-18,1.4762578878462982,0.0016705673859096493,0.0,4.430122787248607,1.5011738574438207,1.063695442562807
rebalance_2d,2026-03-19,1.471590317415536,-0.0031617581651479654,0.0,0.0,0.0,1.0603322948120533
rebalance_2d,2026-03-20,1.474917904841364,0.0022612186193722295,0.0,4.355637893601218,1.4755869493784046,1.0627299379398039
rebalance_2d,2026-03-23,1.472187920323939,-0.0018509399800924475,0.0,0.0,0.0,1.0607628886096299
rebalance_2d,2026-03-24,1.4751604225647714,0.0020191051697926454,0.0,4.332070287276295,1.4701137738643275,1.0629046804419457
rebalance_2d,2026-03-25,1.4716792566701478,-0.0023598558105099032,0.0,0.0,0.0,1.0603963786557866
rebalance_2d,2026-03-26,1.471599457034976,-5.422352378081641e-05,0.0,4.39846359620844,1.4937916911906925,1.0603388802275315
rebalance_2d,2026-03-27,1.4803966257445964,0.00597796409040896,0.0,0.0,0.0,1.0666775479771962
rebalance_2d,2026-03-30,1.478920853904335,-0.0009968759821504802,0.0,4.080255620952072,1.378511355094839,1.0656142027489186
rebalance_2d,2026-03-31,1.4779502907165942,-0.0006562644547060126,0.0,0.0,0.0,1.0649148780252247
rebalance_2d,2026-04-01,1.4750341642636577,-0.0019730883178232794,0.0,4.440656856056087,1.50163276850465,1.0628137069199168
rebalance_2d,2026-04-02,1.4804572603351163,0.0036765901447208815,0.0,0.0,0.0,1.0667212373204529
rebalance_2d,2026-04-03,1.4791160453862826,-0.0009059464158593933,0.0,4.142316351200598,1.4001190489710518,1.0657548450387813
rebalance_2d,2026-04-07,1.4807523746147262,0.001106288606325112,0.0,0.0,0.0,1.0669338774809836
rebalance_2d,2026-04-08,1.4834871989574947,0.0018469153854843157,0.0,4.023591170949232,1.3576231699046037,1.0689044140745976
rebalance_2d,2026-04-09,1.4767532349916803,-0.004539280130321677,0.0,0.0,0.0,1.0640523575065757
rebalance_2d,2026-04-10,1.4796794024533944,0.001981487084218525,0.0,4.024238610721403,1.358950763369863,1.0661607635099073
rebalance_2d,2026-04-13,1.4839895540969048,0.002912895615336586,0.0,0.0,0.0,1.0692663785231793
rebalance_2d,2026-04-14,1.4814605596350017,-0.001704186161500476,0.0,4.004952541610926,1.3503907451190587,1.0674441495579423
rebalance_2d,2026-04-15,1.4807305956881074,-0.0004927326226451534,0.0,0.0,0.0,1.0669181850026035
rebalance_2d,2026-04-16,1.4825636174545487,0.0012379171280576529,0.0,4.035549302830889,1.361061077995388,1.0682389412980544
rebalance_2d,2026-04-17,1.4805365397387136,-0.001367278740669109,0.0,0.0,0.0,1.0667783609036627
rebalance_2d,2026-04-20,1.4698084878203341,-0.0072460568384706825,0.0,4.384483413724091,1.4813977759376482,1.0590484242665041
rebalance_2d,2026-04-21,1.465863196323516,-0.0026842214679742016,0.0,0.0,0.0,1.0562057037504637
rebalance_2d,2026-04-22,1.4584675912893053,-0.005045221854781179,0.0,4.126746821781955,1.4084859593801031,1.0508769116507575
rebalance_2d,2026-04-23,1.4558261549152225,-0.0018111039215809033,0.0,0.0,0.0,1.0489736643549679
rebalance_2d,2026-04-24,1.4615134514228019,0.003906576680448914,0.0,4.152019907219593,1.426954255075541,1.053071560410542
rebalance_2d,2026-04-27,1.4648266073033078,0.0022669349209756273,0.0,0.0,0.0,1.055458805105123
rebalance_2d,2026-04-28,1.459154766266983,-0.0038720221274287647,0.0,3.9598002117468463,1.352392011331221,1.0513720452571664
rebalance_2d,2026-04-29,1.4657459852637662,0.004517148659731074,0.0,0.0,0.0,1.0561212490822787
rebalance_2d,2026-04-30,1.4666914904950066,0.0006450675906646275,0.0,4.310269192342984,1.4684336547742312,1.056802518671874
rebalance_2d,2026-05-06,1.4675678947125612,0.0005975382166150123,0.0,0.0,0.0,1.0574339985641954
rebalance_2d,2026-05-07,1.4607532272013681,-0.004643510897005432,0.0,4.087949965231765,1.395693762351475,1.0525237922689985
rebalance_2d,2026-05-08,1.4589572726207716,-0.001229471581615016,0.0,0.0,0.0,1.05122974417743
rebalance_2d,2026-05-11,1.4602049091919034,0.0008551563466219214,0.0,3.9746264956089368,1.3609570551805081,1.0521287099649212
rebalance_2d,2026-05-12,1.4563819050050857,-0.002618128567266176,0.0,0.0,0.0,1.0493741017329212
rebalance_2d,2026-05-13,1.453158235063143,-0.0022134784364349347,0.0,4.15557906653006,1.429247715937698,1.047051334786982
rebalance_2d,2026-05-14,1.4495906789116693,-0.0024550362550975757,0.0,0.0,0.0,1.0444807857991318
rebalance_2d,2026-05-15,1.450479676020606,0.000613274575967937,0.0,4.327186576377297,1.4921832912507926,1.0451213393101495
rebalance_2d,2026-05-18,1.4543255955018797,0.0026514811236961755,0.0,0.0,0.0,1.0478924588133025
rebalance_2d,2026-05-19,1.4538012205291926,-0.0003605622938280817,0.0,4.211795472209046,1.4462998877663,1.0475146283046677
rebalance_2d,2026-05-20,1.4515508207133407,-0.0015479418947197399,0.0,0.0,0.0,1.0458931365261832
rebalance_2d,2026-05-21,1.457800895642449,0.0043057913232669165,0.0,4.109606496396342,1.4115091251836414,1.050396534118502
rebalance_2d,2026-05-22,1.4511386764287468,-0.004570047414305001,0.0,0.0,0.0,1.0455961721537588
rebalance_2d,2026-05-25,1.4461489110414993,-0.0034385172611671733,0.0,3.898739567176598,1.3457931363512674,1.0420008716675977
rebalance_2d,2026-05-26,1.446736572062474,0.0004063627310353368,0.0,0.0,0.0,1.0424243019875497
rebalance_2d,2026-05-27,1.4389903442701073,-0.005354276612585918,0.0,4.037536548195336,1.3913035606096584,1.0368428739270266
rebalance_2d,2026-05-28,1.4355278736070467,-0.0024061806090970306,0.0,0.0,0.0,1.034348042709103
rebalance_2d,2026-05-29,1.4372357806742133,0.0011897414871333556,0.0,3.9400919651724653,1.3714687405191244,1.035578649487649
rebalance_2d,2026-06-01,1.4440930743003708,0.004771168181563645,0.0,0.0,0.0,1.0405195693895912
rebalance_2d,2026-06-02,1.4449202021352656,0.0005727662916017451,0.0,4.1900812492493476,1.4486035568254492,1.0411155439246895
rebalance_2d,2026-06-03,1.454528726620321,0.006649865141933997,0.0,0.0,0.0,1.04803882188896
rebalance_2d,2026-06-04,1.452846270950584,-0.0011567015755311605,0.0,4.141354323218467,1.424632408106003,1.0468265537324632
rebalance_2d,2026-06-05,1.4548731315486132,0.0013950963970215113,0.0,0.0,0.0,1.0482869776858819
rebalance_2d,2026-06-08,1.4449805349270124,-0.006799628371080613,0.0,3.982037569999533,1.3655948476844564,1.0411590158113746
rebalance_2d,2026-06-09,1.4544838194521954,0.006576756084581525,0.0,0.0,0.0,1.048006464703629
rebalance_2d,2026-06-10,1.4597561177481095,0.00362485867866158,0.0,4.306392269711831,1.4819855295348436,1.0518053400325034
rebalance_2d,2026-06-11,1.469642862891821,0.006772874607960722,0.0,0.0,0.0,1.058929085712527
rebalance_2d,2026-06-12,1.4791351646602038,0.0064589173383966525,0.0,4.070070071789377,1.3829698587171069,1.0657686211443682
rebalance_2d,2026-06-15,1.4835185585198611,0.0029634843146091328,0.0,0.0,0.0,1.068927009736132
rebalance_2d,2026-06-16,1.4699678654757862,-0.009134158090745248,0.0,4.431570496356655,1.4918647146474335,1.0591632614417346
rebalance_2d,2026-06-17,1.469311196453746,-0.0004467233859072328,0.0,0.0,0.0,1.0586901084433549
rebalance_2d,2026-06-18,1.4669906816224432,-0.0015793215466562982,0.0,4.332986362468146,1.4768172799149153,1.0570180963438585
rebalance_2d,2026-06-22,1.468674317130965,0.0011476797566702945,0.0,0.0,0.0,1.0582312146154664
rebalance_2d,2026-06-23,1.4772425592206857,0.005833997360598309,0.0,4.1800781824795425,1.427697717095342,1.0644049327284357
rebalance_2d,2026-06-24,1.472540791341898,-0.00318280017688366,0.0,0.0,0.0,1.0610171445202718
rebalance_2d,2026-06-25,1.4651201322560266,-0.005039357231733543,0.0,4.056218871202179,1.3805815259122678,1.0556703001000403
rebalance_2d,2026-06-26,1.4598653804694146,-0.003586567183757494,0.0,0.0,0.0,1.051884067644834
rebalance_2d,2026-06-29,1.4643305027375546,0.0030585849406910004,0.0,4.243414869754211,1.4515120766370162,1.0551013444134854
rebalance_2d,2026-06-30,1.4653444677518452,0.0006924427322896332,0.0,0.0,0.0,1.0558319416712534
rebalance_2d,2026-07-01,1.466524548830291,0.0008053267367611472,0.0,4.397813630322554,1.5022556223631107,1.0566822313634077
rebalance_2d,2026-07-02,1.4608214480951878,-0.0038888545982077583,0.0,0.0,0.0,1.0525729478091257
rebalance_2d,2026-07-03,1.4547296636954883,-0.004170108816271001,0.0,4.466073732169014,1.528254090426578,1.0481836040796986
rebalance_2d,2026-07-06,1.4612253563736028,0.004465223223408588,0.0,0.0,0.0,1.0528639778510314
rebalance_2d,2026-07-07,1.4647576582647377,0.002417356005853355,0.0,4.323917492019582,1.4820376346298687,1.0554091249112363
rebalance_2d,2026-07-08,1.462751478369649,-0.001369632637705731,0.0,0.0,0.0,1.0539636021276255
rebalance_2d,2026-07-09,1.4741899966183953,0.007819864425292256,0.0,4.349868699592225,1.483573711474236,1.0622054546054562
rebalance_2d,2026-07-10,1.476302717926742,0.0014331404453924446,0.0,0.0,0.0,1.0637277442037678
rebalance_2d,2026-07-13,1.4796856934536684,0.0022915188638799044,0.0,4.469860291434616,1.5147370803445765,1.0661652963956432
rebalance_2d,2026-07-14,1.4903484331024601,0.00720608416771551,0.0,0.0,0.0,1.0738481732581675
rebalance_2d,2026-07-15,1.5052327485694292,0.00998713799831652,0.0,4.075320508012443,1.3634836305048188,1.084572843153737
rebalance_2d,2026-07-16,1.5092693412820162,0.0026817066772053533,0.0,0.0,0.0,1.087481349389138
rebalance_2d,2026-07-17,1.5113683601849879,0.0013907517005471437,0.0,4.338219020759558,1.435139063071788,1.0889937659251143
rebalance_2d,2026-07-20,1.5148591680290429,0.002309700226639455,0.0,0.0,0.0,1.0915090150730804
rebalance_2d,2026-07-21,1.5153365364860933,0.00031512398454269785,0.0,4.3944662969357555,1.4481869983227462,1.0918529757430746
rebalance_2d,2026-07-22,1.5101963843722106,-0.0033920861736774777,0.0,0.0,0.0,1.088149316360368
rebalance_2d,2026-07-23,1.5043744227158635,-0.003855102367211205,0.0,4.343548711067689,1.437022935091253,1.083954389354988
rebalance_2d,2026-07-24,1.510348590698306,0.003971197523856773,0.0,0.0,0.0,1.088258986341968
rebalance_2d,2026-07-27,1.513907334918164,0.0023562403022554523,0.0,4.256583104282427,1.403608910883435,1.0908231860248787
rebalance_2d,2026-07-28,1.520995505546563,0.00468203731160477,0.0,0.0,0.0,1.0959304608822107
rebalance_2d,2026-07-29,1.5255916556968836,0.0030218038998537367,0.0,4.237499175906748,1.3892986364365454,1.099242147822873
rebalance_2d,2026-07-30,1.5193115231351817,-0.004116522621404273,0.0,0.0,0.0,1.0947170926549592
rebalance_2d,2026-07-31,1.5204594387808268,0.0007555498843820896,0.0,4.5631095147853244,1.4953298379316793,1.0955442060277458
rebalance_2d,2026-08-03,1.5224996222230482,0.001341820367044777,0.0,0.0,0.0,1.0970142295563918
rebalance_2d,2026-08-04,1.5212416848482242,-0.000826231649888598,0.0,4.249204986573638,1.3953767157834043,1.0961078416795542
rebalance_2d,2026-08-05,1.5193385859335948,-0.0012510168065893446,0.0,0.0,0.0,1.0947365923477788
rebalance_2d,2026-08-06,1.5260660512173247,0.004427890758527786,0.0,4.319957165118037,1.4248347852640257,1.0995839663880578
rebalance_2d,2026-08-07,1.5289743374012872,0.0019057406995210968,0.0,0.0,0.0,1.1016794883053442
rebalance_2d,2026-08-10,1.5336579918127842,0.003063265547973426,0.0,4.294838915561353,1.407327194886347,1.105054225126779
rebalance_2d,2026-08-11,1.531822268670757,-0.0011969573084917862,0.0,0.0,0.0,1.1037315223957338
rebalance_2d,2026-08-12,1.54472304078477,0.008421846566578406,0.0,4.145019373415232,1.3492714015971365,1.1130269799280468
rebalance_2d,2026-08-13,1.5471840647720618,0.0015931813809428874,0.0,0.0,0.0,1.1148002337889553
rebalance_2d,2026-08-14,1.552624595175206,0.003516407987271819,0.0,4.281858190316935,1.3843144040214792,1.1187203262352632
rebalance_2d,2026-08-17,1.5560321181899879,0.0021946857117751684,0.0,0.0,0.0,1.121175565750724
rebalance_2d,2026-08-18,1.5590105153074791,0.0019140974551064005,0.0,4.601465059087381,1.4762179840812122,1.123321605047855
rebalance_2d,2026-08-19,1.5579109950522094,-0.0007052680174212123,0.0,0.0,0.0,1.1225293622465364
rebalance_2d,2026-08-20,1.5607845671153984,0.001844503358866545,0.0,4.743664347821753,1.5172546821518238,1.1245998714256265
rebalance_2d,2026-08-21,1.5628238446235225,0.0013065720606739717,0.0,0.0,0.0,1.1260692421970686
rebalance_2d,2026-08-24,1.5635316782922237,0.00045291967558358515,0.0,4.67936068362865,1.4972972246526677,1.126579261112929
rebalance_2d,2026-08-25,1.5661027880861886,0.0016444244972211308,0.0,0.0,0.0,1.1284318356479643
rebalance_2d,2026-08-26,1.5688100583659785,0.0017286670456020392,0.0,4.491214660398484,1.4336917407732515,1.1303825185754572
rebalance_2d,2026-08-27,1.5694461965688484,0.0004054909002384477,0.0,0.0,0.0,1.1308408784005282
rebalance_2d,2026-08-28,1.5660056956738853,-0.0021921751140528967,0.0,3.1886374362450676,1.01807976977789,1.1283618771689448
rebalance_5d,2025-01-02,1.0,0.0,0.0,0.0,0.0,1.0
rebalance_5d,2025-01-03,1.0020318623492153,0.002031862349215263,0.0,2.0,1.0,1.0020318623492153
rebalance_5d,2025-01-06,1.0039703058840341,0.001934512870952254,0.0,0.0,0.0,1.0039703058840341
rebalance_5d,2025-01-07,1.0027255167883944,-0.0012398664465914644,0.0,0.0,0.0,1.0027255167883944
rebalance_5d,2025-01-08,1.0090952254654018,0.0063523951174682125,0.0,0.0,0.0,1.0090952254654018
rebalance_5d,2025-01-09,1.0085250554647638,-0.0005650309170524004,0.0,0.0,0.0,1.0085250554647638
rebalance_5d,2025-01-10,1.0082367959630805,-0.000285822846067485,0.0,2.9472178230026627,1.460848504352416,1.0082367959630805
rebalance_5d,2025-01-13,1.01026798348096,0.0020145937204556486,0.0,0.0,0.0,1.01026798348096
rebalance_5d,2025-01-14,1.0081829298696714,-0.00206386191127661,0.0,0.0,0.0,1.0081829298696714
rebalance_5d,2025-01-15,1.0042380484531008,-0.003912862735218625,0.0,0.0,0.0,1.0042380484531008
rebalance_5d,2025-01-16,1.0056359645003423,0.0013920166133865042,0.0,0.0,0.0,1.0056359645003423
rebalance_5d,2025-01-17,1.0083294337122608,0.002678373991185534,0.0,2.907448858285208,1.4460227493432225,1.0083294337122608
rebalance_5d,2025-01-20,1.0111370548968068,0.0027844284721605383,0.0,0.0,0.0,1.0111370548968068
rebalance_5d,2025-01-21,1.009751906286168,-0.0013698920477008825,0.0,0.0,0.0,1.009751906286168
rebalance_5d,2025-01-22,1.0068567533852844,-0.0028671923101704078,0.0,0.0,0.0,1.0068567533852844
rebalance_5d,2025-01-23,1.0030172162027966,-0.0038133897096864766,0.0,0.0,0.0,1.0030172162027966
rebalance_5d,2025-01-24,1.003195617573107,0.000177864714013376,0.0,2.9658551551857038,1.4790504718098156,1.003195617573107
rebalance_5d,2025-01-27,1.0019927666911623,-0.0011990192748793094,0.0,0.0,0.0,1.0019927666911623
rebalance_5d,2025-02-05,1.003772967437024,0.0017766602764412998,0.0,0.0,0.0,1.003772967437024
rebalance_5d,2025-02-06,1.0051005344687225,0.0013225769917757368,0.0,0.0,0.0,1.0051005344687225
rebalance_5d,2025-02-07,1.0058759197891074,0.0007714505104654545,0.0,0.0,0.0,1.0058759197891074
rebalance_5d,2025-02-10,1.0059349852401995,5.872041464560773e-05,0.0,3.1380199936163296,1.5580667948608573,1.0059349852401995
rebalance_5d,2025-02-11,1.0046205516717814,-0.0013066784510971097,0.0,0.0,0.0,1.0046205516717814
rebalance_5d,2025-02-12,1.003589384070837,-0.001026424951419247,0.0,0.0,0.0,1.003589384070837
rebalance_5d,2025-02-13,1.0046659679307404,0.0010727334076976458,0.0,0.0,0.0,1.0046659679307404
rebalance_5d,2025-02-14,0.9982866891467781,-0.006349651513628318,0.0,0.0,0.0,0.9982866891467781
rebalance_5d,2025-02-17,1.0054007278242372,0.007126248155767012,0.0,2.9199692428528725,1.4604721806750036,1.0054007278242372
rebalance_5d,2025-02-18,1.0040721721080916,-0.0013214190912916868,0.0,0.0,0.0,1.0040721721080916
rebalance_5d,2025-02-19,1.0078732701870579,0.003785682129787249,0.0,0.0,0.0,1.0078732701870579
rebalance_5d,2025-02-20,1.01168459497358,0.0037815516089783063,0.0,0.0,0.0,1.01168459497358
rebalance_5d,2025-02-21,1.011384183792388,-0.00029694153957127156,0.0,0.0,0.0,1.011384183792388
rebalance_5d,2025-02-24,1.0069028585210165,-0.004430883281729692,0.0,2.9009619006930913,1.4361030533250185,1.0069028585210165
rebalance_5d,2025-02-25,1.0048902135173134,-0.001998847243972701,0.0,0.0,0.0,1.0048902135173134
rebalance_5d,2025-02-26,1.0005547738053362,-0.004314341660072829,0.0,0.0,0.0,1.0005547738053362
rebalance_5d,2025-02-27,1.001766449828316,0.0012110041895774248,0.0,0.0,0.0,1.001766449828316
rebalance_5d,2025-02-28,1.004090813248868,0.002320264789213322,0.0,0.0,0.0,1.004090813248868
rebalance_5d,2025-03-03,1.00029804080397,-0.003777320133650064,0.0,3.0189947899490788,1.5024534612925344,1.00029804080397
rebalance_5d,2025-03-04,0.9974159912339389,-0.0028811908575914202,0.0,0.0,0.0,0.9974159912339389
rebalance_5d,2025-03-05,0.9984193748704807,0.0010059831057054325,0.0,0.0,0.0,0.9984193748704806
rebalance_5d,2025-03-06,0.9957050878371398,-0.002718584095679155,0.0,0.0,0.0,0.9957050878371397
rebalance_5d,2025-03-07,0.9907343750825894,-0.004992153615833939,0.0,0.0,0.0,0.9907343750825893
rebalance_5d,2025-03-10,0.9876220102336387,-0.0031414725553368106,0.0,3.1355378666102407,1.5847782887051336,0.9876220102336386
rebalance_5d,2025-03-11,0.9898837442629544,0.002290080623841728,0.0,0.0,0.0,0.9898837442629542
rebalance_5d,2025-03-12,0.9944960568079283,0.004659448719817272,0.0,0.0,0.0,0.9944960568079282
rebalance_5d,2025-03-13,0.9942746651679862,-0.00022261691077252177,0.0,0.0,0.0,0.9942746651679861
rebalance_5d,2025-03-14,0.9924450330357305,-0.001840167708534124,0.0,0.0,0.0,0.9924450330357304
rebalance_5d,2025-03-17,0.9956914713521994,0.003271151759950408,0.0,2.8388939514041973,1.4273670511792338,0.9956914713521993
rebalance_5d,2025-03-18,0.9937096620346169,-0.0019903849481517355,0.0,0.0,0.0,0.9937096620346167
rebalance_5d,2025-03-19,0.9928736562028928,-0.0008412978797169846,0.0,0.0,0.0,0.9928736562028927
rebalance_5d,2025-03-20,0.9990757102920768,0.006246569289493298,0.0,0.0,0.0,0.9990757102920766
rebalance_5d,2025-03-21,1.0014100052349622,0.0023364545037363182,0.0,0.0,0.0,1.0014100052349622
rebalance_5d,2025-03-24,1.0027537192397664,0.0013418220287193527,0.0,2.7541143529694936,1.3720473613088653,1.0027537192397664
rebalance_5d,2025-03-25,1.002168895428326,-0.0005832177933816629,0.0,0.0,0.0,1.002168895428326
rebalance_5d,2025-03-26,1.0018974384040757,-0.0002708695365508662,0.0,0.0,0.0,1.0018974384040757
rebalance_5d,2025-03-27,1.0021075125683527,0.00020967631638191264,0.0,0.0,0.0,1.0021075125683527
rebalance_5d,2025-03-28,0.9988813745447904,-0.0032193531962392274,0.0,0.0,0.0,0.9988813745447904
rebalance_5d,2025-03-31,0.9993279975764178,0.00044712319501494235,0.0,2.922305439644484,1.4594612784472716,0.9993279975764178
rebalance_5d,2025-04-01,1.0001675739397538,0.0008401409400837778,0.0,0.0,0.0,1.0001675739397538
rebalance_5d,2025-04-02,0.9985023202649898,-0.0016649746683992106,0.0,0.0,0.0,0.9985023202649898
rebalance_5d,2025-04-03,1.0024193750921084,0.003922930120061396,0.0,0.0,0.0,1.0024193750921084
rebalance_5d,2025-04-07,1.0034933877649692,0.0010714205047783754,0.0,0.0,0.0,1.0034933877649692
rebalance_5d,2025-04-08,0.9819277581877789,-0.02149055473621242,0.0,2.9460261217960193,1.4701241245573133,0.9819277581877789
rebalance_5d,2025-04-09,0.9816829947532422,-0.0002492682710064642,0.0,0.0,0.0,0.9816829947532422
rebalance_5d,2025-04-10,0.9894712772489018,0.007933602331185785,0.0,0.0,0.0,0.9894712772489019
rebalance_5d,2025-04-11,0.9938757234508401,0.004451312840716648,0.0,0.0,0.0,0.9938757234508403
rebalance_5d,2025-04-14,0.9984396746856397,0.004592074368164445,0.0,0.0,0.0,0.9984396746856398
rebalance_5d,2025-04-15,1.0006126001369726,0.0021763212204253257,0.0,3.1366234186159447,1.5686425226133085,1.0006126001369726
rebalance_5d,2025-04-16,1.0032588347666889,0.002644614538487744,0.0,0.0,0.0,1.0032588347666889
rebalance_5d,2025-04-17,1.003203222331344,-5.5431792292948145e-05,0.0,0.0,0.0,1.003203222331344
rebalance_5d,2025-04-18,1.0058083938810407,0.002596853251370712,0.0,0.0,0.0,1.0058083938810407
rebalance_5d,2025-04-21,1.009033458903268,0.0032064407513869853,0.0,0.0,0.0,1.009033458903268
rebalance_5d,2025-04-22,1.0132793925745027,0.004207921584532759,0.0,2.950198524039816,1.460523335748129,1.0132793925745027
rebalance_5d,2025-04-23,1.0158545095549685,0.0025413691419531315,0.0,0.0,0.0,1.0158545095549685
rebalance_5d,2025-04-24,1.0151360665357583,-0.0007072302307590261,0.0,0.0,0.0,1.0151360665357583
rebalance_5d,2025-04-25,1.0178777074359109,0.0027007619870198507,0.0,0.0,0.0,1.0178777074359109
rebalance_5d,2025-04-28,1.0198994708965476,0.0019862537963717397,0.0,0.0,0.0,1.0198994708965476
rebalance_5d,2025-04-29,1.0223747989408496,0.002427031403522628,0.0,2.988290790982939,1.4655736802473684,1.0223747989408496
rebalance_5d,2025-04-30,1.0230473664678832,0.0006578483035089011,0.0,0.0,0.0,1.0230473664678832
rebalance_5d,2025-05-06,1.0238989967931666,0.0008324446679568442,0.0,0.0,0.0,1.0238989967931666
rebalance_5d,2025-05-07,1.0280374427918206,0.004041849842235878,0.0,0.0,0.0,1.0280374427918206
rebalance_5d,2025-05-08,1.0308494835730422,0.002735348601297094,0.0,0.0,0.0,1.0308494835730422
rebalance_5d,2025-05-09,1.035382868084678,0.004397717206902518,0.0,3.02935485180791,1.4682356953487083,1.035382868084678
rebalance_5d,2025-05-12,1.0358624034131863,0.0004631478299379488,0.0,0.0,0.0,1.0358624034131863
rebalance_5d,2025-05-13,1.0341041075778077,-0.0016974221958292457,0.0,0.0,0.0,1.0341041075778077
rebalance_5d,2025-05-14,1.0332107902567438,-0.0008638562737713906,0.0,0.0,0.0,1.0332107902567438
rebalance_5d,2025-05-15,1.0326689357735102,-0.0005244374994370915,0.0,0.0,0.0,1.0326689357735102
rebalance_5d,2025-05-16,1.03628340022562,0.0035001192801471515,0.0,2.7388244192245983,1.3260887681031865,1.03628340022562
rebalance_5d,2025-05-19,1.036873486568924,0.0005694256447372759,0.0,0.0,0.0,1.036873486568924
rebalance_5d,2025-05-20,1.0407842922859722,0.0037717289213261562,0.0,0.0,0.0,1.0407842922859722
rebalance_5d,2025-05-21,1.0380517659123638,-0.0026254492826816023,0.0,0.0,0.0,1.0380517659123638
rebalance_5d,2025-05-22,1.0371311978087199,-0.0008868229252853022,0.0,0.0,0.0,1.0371311978087199
rebalance_5d,2025-05-23,1.0402304622456244,0.002988305089512977,0.0,2.873478600664499,1.38547714570881,1.0402304622456244
rebalance_5d,2025-05-26,1.0413862362126645,0.0011110749098282025,0.0,0.0,0.0,1.0413862362126645
rebalance_5d,2025-05-27,1.0386344216976795,-0.0026424533177937803,0.0,0.0,0.0,1.0386344216976795
rebalance_5d,2025-05-28,1.0390149055678841,0.0003663308881893812,0.0,0.0,0.0,1.0390149055678841
rebalance_5d,2025-05-29,1.0436058156834742,0.004418521900877659,0.0,0.0,0.0,1.0436058156834742
rebalance_5d,2025-05-30,1.0438330500486508,0.0002177396501261697,0.0,3.0475721589104965,1.4594045272318688,1.0438330500486508
rebalance_5d,2025-06-03,1.0399635214339629,-0.0037070378395352988,0.0,0.0,0.0,1.0399635214339629
rebalance_5d,2025-06-04,1.04180249058508,0.0017683015925227252,0.0,0.0,0.0,1.04180249058508
rebalance_5d,2025-06-05,1.043698084616773,0.0018195330197650073,0.0,0.0,0.0,1.043698084616773
rebalance_5d,2025-06-06,1.0455549793051668,0.0017791492729199998,0.0,0.0,0.0,1.0455549793051668
rebalance_5d,2025-06-09,1.0438474739500367,-0.0016331091037076195,0.0,2.922017523563931,1.4003883676084445,1.0438474739500367
rebalance_5d,2025-06-10,1.0467969330842544,0.0028255652361321992,0.0,0.0,0.0,1.0467969330842544
rebalance_5d,2025-06-11,1.0462327187236673,-0.0005389912243290995,0.0,0.0,0.0,1.0462327187236673
rebalance_5d,2025-06-12,1.044822323665692,-0.0013480701116821425,0.0,0.0,0.0,1.044822323665692
rebalance_5d,2025-06-13,1.0453591318750244,0.000513779421795979,0.0,0.0,0.0,1.0453591318750244
rebalance_5d,2025-06-16,1.045926099364505,0.0005423662282106889,0.0,3.0425256304210575,1.4549958019671383,1.045926099364505
rebalance_5d,2025-06-17,1.047451940252795,0.0014588419671497377,0.0,0.0,0.0,1.047451940252795
rebalance_5d,2025-06-18,1.0440373530443006,-0.003259898690598062,0.0,0.0,0.0,1.0440373530443006
rebalance_5d,2025-06-19,1.0438897752471843,-0.0001413529857776652,0.0,0.0,0.0,1.0438897752471843
rebalance_5d,2025-06-20,1.0396197353142194,-0.004090508437017526,0.0,0.0,0.0,1.0396197353142194
rebalance_5d,2025-06-23,1.041159416959197,0.0014810046334030602,0.0,3.0812707303466844,1.4833020767271523,1.041159416959197
rebalance_5d,2025-06-24,1.0406293303523915,-0.0005091310688555284,0.0,0.0,0.0,1.0406293303523915
rebalance_5d,2025-06-25,1.0427709913881746,0.0020580440828608104,0.0,0.0,0.0,1.0427709913881746
rebalance_5d,2025-06-26,1.0439648161390438,0.0011448580376021145,0.0,0.0,0.0,1.0439648161390438
rebalance_5d,2025-06-27,1.0478787394848688,0.003749095070368469,0.0,0.0,0.0,1.0478787394848688
rebalance_5d,2025-06-30,1.047635453542061,-0.00023216993879227044,0.0,3.032059736738404,1.4459927468599754,1.047635453542061
rebalance_5d,2025-07-01,1.0470321548295822,-0.0005758670255372467,0.0,0.0,0.0,1.0470321548295822
rebalance_5d,2025-07-02,1.0493577312751772,0.0022211127278832787,0.0,0.0,0.0,1.0493577312751772
rebalance_5d,2025-07-03,1.0519037415173522,0.002426255762256746,0.0,0.0,0.0,1.0519037415173522
rebalance_5d,2025-07-04,1.0501081677776922,-0.001706975333189642,0.0,0.0,0.0,1.0501081677776922
rebalance_5d,2025-07-07,1.0528479219139761,0.002609020880279367,0.0,3.1104896465735923,1.4806788730771125,1.0528479219139761
rebalance_5d,2025-07-08,1.054983319600968,0.002028210952926379,0.0,0.0,0.0,1.054983319600968
rebalance_5d,2025-07-09,1.0554286719702752,0.0004221416216094731,0.0,0.0,0.0,1.0554286719702752
rebalance_5d,2025-07-10,1.058346336368013,0.0027644354139926275,0.0,0.0,0.0,1.058346336368013
rebalance_5d,2025-07-11,1.0607463266410355,0.00226767948312534,0.0,0.0,0.0,1.0607463266410355
rebalance_5d,2025-07-14,1.059569881951846,-0.0011090726026031783,0.0,3.050492575729894,1.4389389682865963,1.059569881951846
rebalance_5d,2025-07-15,1.0569058238174822,-0.00251428261574993,0.0,0.0,0.0,1.0569058238174822
rebalance_5d,2025-07-16,1.0589167718167987,0.0019026747265455946,0.0,0.0,0.0,1.0589167718167987
rebalance_5d,2025-07-17,1.0623720110693522,0.0032629941696222797,0.0,0.0,0.0,1.0623720110693522
rebalance_5d,2025-07-18,1.0619060420465118,-0.0004386119155862511,0.0,0.0,0.0,1.0619060420465118
rebalance_5d,2025-07-21,1.0627296997871993,0.0007756408835382089,0.0,3.052701042602665,1.4379825459041702,1.0627296997871993
rebalance_5d,2025-07-22,1.0605633705520596,-0.0020384574135582367,0.0,0.0,0.0,1.0605633705520596
rebalance_5d,2025-07-23,1.0626851057956594,0.0020005737540185198,0.0,0.0,0.0,1.0626851057956594
rebalance_5d,2025-07-24,1.0626643532700626,-1.952838661578582e-05,0.0,0.0,0.0,1.0626643532700626
rebalance_5d,2025-07-25,1.0580374542816127,-0.004354054950852393,0.0,0.0,0.0,1.0580374542816127
rebalance_5d,2025-07-28,1.0565140900701018,-0.0014398017814456487,0.0,3.1060733417102213,1.4681415252703756,1.0565140900701018
rebalance_5d,2025-07-29,1.0584412115640442,0.0018240376650486834,0.0,0.0,0.0,1.0584412115640442
rebalance_5d,2025-07-30,1.0569726347192696,-0.0013874902344406248,0.0,0.0,0.0,1.0569726347192696
rebalance_5d,2025-07-31,1.0561874702159977,-0.0007428427922171466,0.0,0.0,0.0,1.0561874702159977
rebalance_5d,2025-08-01,1.0621439412827993,0.005639596411405545,0.0,0.0,0.0,1.0621439412827993
rebalance_5d,2025-08-04,1.0570753699115103,-0.00477201928503912,0.0,3.116630807949629,1.4697015127793662,1.0570753699115103
rebalance_5d,2025-08-05,1.0592576794326842,0.0020644786391690317,0.0,0.0,0.0,1.0592576794326842
rebalance_5d,2025-08-06,1.0594309251593856,0.00016355390200639697,0.0,0.0,0.0,1.0594309251593856
rebalance_5d,2025-08-07,1.0586864623431278,-0.0007027006655916379,0.0,0.0,0.0,1.0586864623431278
rebalance_5d,2025-08-08,1.060492293499915,0.0017057280139300968,0.0,0.0,0.0,1.060492293499915
rebalance_5d,2025-08-11,1.0649180239770044,0.00417327924419264,0.0,3.1837738163910845,1.5002656876618774,1.0649180239770044
rebalance_5d,2025-08-12,1.0657943144109974,0.0008228712579401165,0.0,0.0,0.0,1.0657943144109974
rebalance_5d,2025-08-13,1.063519864901549,-0.0021340416989420463,0.0,0.0,0.0,1.063519864901549
rebalance_5d,2025-08-14,1.0632132604155156,-0.00028829220417214696,0.0,0.0,0.0,1.0632132604155156
rebalance_5d,2025-08-15,1.0643051657970253,0.0010269862333009971,0.0,0.0,0.0,1.0643051657970253
rebalance_5d,2025-08-18,1.0698276313097792,0.005188798936833328,0.0,3.251200678473184,1.52089662303445,1.0698276313097792
rebalance_5d,2025-08-19,1.0711590901601906,0.0012445545538783964,0.0,0.0,0.0,1.0711590901601906
rebalance_5d,2025-08-20,1.071012517329053,-0.0001368357254156738,0.0,0.0,0.0,1.071012517329053
rebalance_5d,2025-08-21,1.0735857117327097,0.002402581073537524,0.0,0.0,0.0,1.0735857117327097
rebalance_5d,2025-08-22,1.0803481883247423,0.006298962922222984,0.0,0.0,0.0,1.0803481883247423
rebalance_5d,2025-08-25,1.0899709052245903,0.008907051452337278,0.0,3.165560113130746,1.4583851760205373,1.0899709052245903
rebalance_5d,2025-08-26,1.0869058226123656,-0.0028120774577859997,0.0,0.0,0.0,1.0869058226123656
rebalance_5d,2025-08-27,1.0871756411246358,0.00024824461021077937,0.0,0.0,0.0,1.0871756411246358
rebalance_5d,2025-08-28,1.08924816424224,0.001906336970041167,0.0,0.0,0.0,1.08924816424224
rebalance_5d,2025-08-29,1.088321812122516,-0.0008504509349973599,0.0,0.0,0.0,1.088321812122516
rebalance_5d,2025-09-01,1.0947941127324388,0.005947046671149758,0.0,3.068611724233104,1.4059386803219227,1.094794112732439
rebalance_5d,2025-09-02,1.1036416989608318,0.008081506947740902,0.0,0.0,0.0,1.103641698960832
rebalance_5d,2025-09-03,1.1034629378688594,-0.00016197384725558095,0.0,0.0,0.0,1.1034629378688596
rebalance_5d,2025-09-04,1.1039486278787136,0.0004401507229525592,0.0,0.0,0.0,1.103948627878714
rebalance_5d,2025-09-05,1.102795002847023,-0.0010449988365014429,0.0,0.0,0.0,1.1027950028470235
rebalance_5d,2025-09-08,1.1028974302859411,9.287985405603827e-05,0.0,3.2537583267297148,1.4748349885083676,1.1028974302859416
rebalance_5d,2025-09-09,1.0991253188307544,-0.0034201833748118693,0.0,0.0,0.0,1.0991253188307548
rebalance_5d,2025-09-10,1.100098636352608,0.0008855382595398531,0.0,0.0,0.0,1.1000986363526084
rebalance_5d,2025-09-11,1.1036228245171096,0.0032035201645064237,0.0,0.0,0.0,1.10362282451711
rebalance_5d,2025-09-12,1.1000416070354815,-0.003244965038843861,0.0,0.0,0.0,1.100041607035482
rebalance_5d,2025-09-15,1.1029774649306021,0.0026688607743052817,0.0,3.1625028400664594,1.4360851223624052,1.1029774649306028
rebalance_5d,2025-09-16,1.1069536582575155,0.0036049633408996584,0.0,0.0,0.0,1.1069536582575161
rebalance_5d,2025-09-17,1.1050166017589587,-0.0017498984570013532,0.0,0.0,0.0,1.1050166017589593
rebalance_5d,2025-09-18,1.109445451129654,0.004007948263985872,0.0,0.0,0.0,1.1094454511296548
rebalance_5d,2025-09-19,1.1034261702969814,-0.005425486062918816,0.0,0.0,0.0,1.103426170296982
rebalance_5d,2025-09-22,1.1140004245502801,0.00958310989710598,0.0,3.236003817000583,1.4633380816559105,1.1140004245502808
rebalance_5d,2025-09-23,1.1144456783400416,0.0003996890664932362,0.0,0.0,0.0,1.1144456783400425
rebalance_5d,2025-09-24,1.1141427338592198,-0.00027183422818155556,0.0,0.0,0.0,1.1141427338592207
rebalance_5d,2025-09-25,1.1089835974485283,-0.004630588392226076,0.0,0.0,0.0,1.1089835974485291
rebalance_5d,2025-09-26,1.1038164767229606,-0.004659330162732678,0.0,0.0,0.0,1.1038164767229615
rebalance_5d,2025-09-29,1.106198773305176,0.002158236113024792,0.0,3.163309302781652,1.436337031971373,1.1061987733051768
rebalance_5d,2025-09-30,1.11570608660071,0.00859457949598652,0.0,0.0,0.0,1.115706086600711
rebalance_5d,2025-10-09,1.1169787437055159,0.0011406741614929938,0.0,0.0,0.0,1.1169787437055168
rebalance_5d,2025-10-10,1.1209175788160775,0.003526329514109472,0.0,0.0,0.0,1.1209175788160783
rebalance_5d,2025-10-13,1.125509808495157,0.004096848658515784,0.0,0.0,0.0,1.1255098084951578
rebalance_5d,2025-10-14,1.1224707682619506,-0.002700145489864414,0.0,3.4106598060967825,1.5122000746175863,1.1224707682619515
rebalance_5d,2025-10-15,1.1322572139466347,0.008718664183867908,0.0,0.0,0.0,1.1322572139466356
rebalance_5d,2025-10-16,1.1327632218501837,0.0004469019029564869,0.0,0.0,0.0,1.1327632218501846
rebalance_5d,2025-10-17,1.1312605274805918,-0.0013265741159370625,0.0,0.0,0.0,1.1312605274805927
rebalance_5d,2025-10-20,1.1304749162995125,-0.0006944564598474479,0.0,0.0,0.0,1.1304749162995134
rebalance_5d,2025-10-21,1.135345851503384,0.004308751245729603,0.0,3.2156407856831546,1.4223406484773944,1.135345851503385
rebalance_5d,2025-10-22,1.1402301399801977,0.004302026972966999,0.0,0.0,0.0,1.1402301399801986
rebalance_5d,2025-10-23,1.1411746790561201,0.000828375818884064,0.0,0.0,0.0,1.141174679056121
rebalance_5d,2025-10-24,1.138517507934336,-0.0023284525765870923,0.0,0.0,0.0,1.1385175079343368
rebalance_5d,2025-10-27,1.1347553839509035,-0.003304405911384034,0.0,0.0,0.0,1.1347553839509044
rebalance_5d,2025-10-28,1.1408189424259072,0.005343493902529195,0.0,3.244478689460768,1.4263358460276556,1.140818942425908
rebalance_5d,2025-10-29,1.1404405519834957,-0.00033168316929144126,0.0,0.0,0.0,1.1404405519834966
rebalance_5d,2025-10-30,1.144178148050412,0.003277326521242907,0.0,0.0,0.0,1.144178148050413
rebalance_5d,2025-10-31,1.1452093084413544,0.0009012236361087833,0.0,0.0,0.0,1.1452093084413553
rebalance_5d,2025-11-03,1.1473444980998324,0.0018644536354528451,0.0,0.0,0.0,1.1473444980998333
rebalance_5d,2025-11-04,1.1498448231238834,0.002179227797921124,0.0,3.1626287710408825,1.3785247765293314,1.1498448231238843
rebalance_5d,2025-11-05,1.1516087420567147,0.0015340495494331474,0.0,0.0,0.0,1.1516087420567154
rebalance_5d,2025-11-06,1.151787229338794,0.0001549895164572046,0.0,0.0,0.0,1.1517872293387947
rebalance_5d,2025-11-07,1.1517129072800785,-6.452759400554786e-05,0.0,0.0,0.0,1.1517129072800791
rebalance_5d,2025-11-10,1.1518649816396194,0.0001320418991397343,0.0,0.0,0.0,1.15186498163962
rebalance_5d,2025-11-11,1.1583960933299553,0.005670032334032182,0.0,3.2862826205915407,1.423886585459891,1.158396093329956
rebalance_5d,2025-11-12,1.1552276039852485,-0.0027352382858946145,0.0,0.0,0.0,1.1552276039852492
rebalance_5d,2025-11-13,1.1558009714340647,0.0004963242280899838,0.0,0.0,0.0,1.1558009714340653
rebalance_5d,2025-11-14,1.1577382342489981,0.0016761214627893928,0.0,0.0,0.0,1.1577382342489988
rebalance_5d,2025-11-17,1.160269178858733,0.002186111277024949,0.0,0.0,0.0,1.1602691788587336
rebalance_5d,2025-11-18,1.165731722946676,0.0047079972367412015,0.0,3.286711619976077,1.416196819461568,1.1657317229466766
rebalance_5d,2025-11-19,1.1617390424714418,-0.0034250423117435647,0.0,0.0,0.0,1.1617390424714424
rebalance_5d,2025-11-20,1.1620197733673014,0.00024164712176877323,0.0,0.0,0.0,1.1620197733673021
rebalance_5d,2025-11-21,1.1707924555731697,0.0075495119850212955,0.0,0.0,0.0,1.1707924555731704
rebalance_5d,2025-11-24,1.1828878693913785,0.010330963238302848,0.0,0.0,0.0,1.1828878693913791
rebalance_5d,2025-11-25,1.1868228146450033,0.0033265581256229915,0.0,3.338346954014752,1.411244039790779,1.186822814645004
rebalance_5d,2025-11-26,1.1925848981668767,0.004855049507619169,0.0,0.0,0.0,1.1925848981668774
rebalance_5d,2025-11-27,1.1934356078628863,0.0007133326082839897,0.0,0.0,0.0,1.193435607862887
rebalance_5d,2025-11-28,1.1919849644404732,-0.001215518803742377,0.0,0.0,0.0,1.1919849644404739
rebalance_5d,2025-12-01,1.1927547952537443,0.00064583936562701,0.0,0.0,0.0,1.192754795253745
rebalance_5d,2025-12-02,1.196388125346571,0.0030461668293302324,0.0,3.430165063602668,1.4370026438607535,1.1963881253465716
rebalance_5d,2025-12-03,1.1950571207630276,-0.0011125190524251538,0.0,0.0,0.0,1.1950571207630283
rebalance_5d,2025-12-04,1.1973709118158689,0.0019361342756267774,0.0,0.0,0.0,1.1973709118158695
rebalance_5d,2025-12-05,1.2031606849873506,0.00483540489780343,0.0,0.0,0.0,1.2031606849873513
rebalance_5d,2025-12-08,1.2050187837379198,0.0015443479609613675,0.0,0.0,0.0,1.2050187837379205
rebalance_5d,2025-12-09,1.2052685878492235,0.00020730308496008654,0.0,3.3140451119218732,1.3736388470215934,1.2052685878492242
rebalance_5d,2025-12-10,1.2058560158321985,0.00048738346696919344,0.0,0.0,0.0,1.2058560158321991
rebalance_5d,2025-12-11,1.2074849513889572,0.0013508541114126693,0.0,0.0,0.0,1.2074849513889578
rebalance_5d,2025-12-12,1.2046849635038728,-0.002318859445712862,0.0,0.0,0.0,1.2046849635038734
rebalance_5d,2025-12-15,1.2060130279352852,0.0011024163757715755,0.0,0.0,0.0,1.2060130279352859
rebalance_5d,2025-12-16,1.20663492143027,0.0005156606774385786,0.0,3.511744370179029,1.4562016765234895,1.2066349214302707
rebalance_5d,2025-12-17,1.208177932188306,0.0012787718394615677,0.0,0.0,0.0,1.2081779321883066
rebalance_5d,2025-12-18,1.2102318607172666,0.0017000215566265187,0.0,0.0,0.0,1.210231860717267
rebalance_5d,2025-12-19,1.213316223111341,0.002548571471458594,0.0,0.0,0.0,1.2133162231113412
rebalance_5d,2025-12-22,1.2171794831303024,0.0031840504110747236,0.0,0.0,0.0,1.2171794831303024
rebalance_5d,2025-12-23,1.2158105767460747,-0.0011246545010002995,0.0,3.2722743534801175,1.3463529573956483,1.2158105767460747
rebalance_5d,2025-12-24,1.2183766696054024,0.002110602513588411,0.0,0.0,0.0,1.2183766696054024
rebalance_5d,2025-12-25,1.2160227013761529,-0.0019320529422250932,0.0,0.0,0.0,1.2160227013761529
rebalance_5d,2025-12-26,1.2165571192772016,0.0004394802008580445,0.0,0.0,0.0,1.2165571192772016
rebalance_5d,2025-12-29,1.220196289926491,0.0029913685034794746,0.0,0.0,0.0,1.220196289926491
rebalance_5d,2025-12-30,1.2172827512954367,-0.0023877622437533663,0.0,3.4371709373432537,1.4108409385025589,1.2172827512954367
rebalance_5d,2025-12-31,1.2147032722764644,-0.002119046717968587,0.0,0.0,0.0,1.2147032722764644
rebalance_5d,2026-01-05,1.214771490908531,5.616073787195752e-05,0.0,0.0,0.0,1.000056160737872
rebalance_5d,2026-01-06,1.214205044794174,-0.00046629849201795803,0.0,0.0,0.0,0.9995898360581866
rebalance_5d,2026-01-07,1.2149624771518022,0.0006238092658861216,0.0,0.0,0.0,1.0002133894600054
rebalance_5d,2026-01-08,1.2123356571159498,-0.0021620585699159145,0.0,3.602908635998556,1.4807922428915214,0.9980508695295788
rebalance_5d,2026-01-09,1.210311289036328,-0.0016698082480207654,0.0,0.0,0.0,0.996384315955694
rebalance_5d,2026-01-12,1.2166063887776288,0.005201223683795497,0.0,0.0,0.0,1.0015667336580052
rebalance_5d,2026-01-13,1.2180433081420003,0.0011810881297567022,0.0,0.0,0.0,1.0027496722382878
rebalance_5d,2026-01-14,1.2240349779101847,0.004919094196514262,0.0,0.0,0.0,1.0076822923315518
rebalance_5d,2026-01-15,1.2231644047237045,-0.000711232278645002,0.0,3.706753521069074,1.5137479884474576,1.0069655961586266
rebalance_5d,2026-01-16,1.2309350797640524,0.0063529277097489345,0.0,0.0,0.0,1.0133627757972266
rebalance_5d,2026-01-19,1.2310992646737957,0.0001333822655982253,0.0,0.0,0.0,1.0134979404201352
rebalance_5d,2026-01-20,1.2320956157061094,0.0008093181930197701,0.0,0.0,0.0,1.0143181827419052
rebalance_5d,2026-01-21,1.2279825286906532,-0.003338285570555377,0.0,0.0,0.0,1.010932098988506
rebalance_5d,2026-01-22,1.225287687506323,-0.002194527300973581,0.0,3.7749835147307507,1.53915741905209,1.0087135808978451
rebalance_5d,2026-01-23,1.2285489519145,0.002661631583693147,0.0,0.0,0.0,1.011398404823663
rebalance_5d,2026-01-26,1.2323295223030506,0.0030772647542118836,0.0,0.0,0.0,1.014510745487293
rebalance_5d,2026-01-27,1.2326183387871235,0.00023436627853645753,0.0,0.0,0.0,1.0147485125952482
rebalance_5d,2026-01-28,1.2365291954545632,0.003172804220394676,0.0,0.0,0.0,1.0179681109586496
rebalance_5d,2026-01-29,1.2312391542102252,-0.004278136952838629,0.0,3.8290693900291393,1.5486534129150418,1.013613103966346
rebalance_5d,2026-01-30,1.2364429967295962,0.004226508312033861,0.0,0.0,0.0,1.0178971481754462
rebalance_5d,2026-02-02,1.2357636775145548,-0.0005494140990228713,0.0,0.0,0.0,1.0173379011308834
rebalance_5d,2026-02-03,1.236647442241712,0.0007151567433463235,0.0,0.0,0.0,1.018065457191139
rebalance_5d,2026-02-04,1.2392736217548244,0.0021236283061822903,0.0,0.0,0.0,1.0202274498135764
rebalance_5d,2026-02-05,1.239798377400497,0.0004234380821643846,0.0,3.656102801808772,1.4715083677659107,1.0206594529682969
rebalance_5d,2026-02-06,1.241526292695375,0.0013937066916485108,0.0,0.0,0.0,1.0220819528777931
rebalance_5d,2026-02-09,1.2402112091555457,-0.0010592474340387348,0.0,0.0,0.0,1.02099931519183
rebalance_5d,2026-02-10,1.2455292147222934,0.004287983794605932,0.0,0.0,0.0,1.0253773437096763
rebalance_5d,2026-02-11,1.2413700856686505,-0.0033392464861373705,0.0,0.0,0.0,1.0219533560177287
rebalance_5d,2026-02-12,1.238516972790258,-0.002298358008889556,0.0,3.5693555926621237,1.4377102679268243,1.019604541337214
rebalance_5d,2026-02-13,1.2363478236649694,-0.0017514084771901306,0.0,0.0,0.0,1.0178187973001342
rebalance_5d,2026-02-24,1.2356299659872354,-0.0005806276065630778,0.0,0.0,0.0,1.017227823607943
rebalance_5d,2026-02-25,1.2402046484435565,0.0037023077962228257,0.0,0.0,0.0,1.0209939141098214
rebalance_5d,2026-02-26,1.2331012672117045,-0.005727587975715598,0.0,0.0,0.0,1.0151460816440872
rebalance_5d,2026-02-27,1.2340451303536308,0.0007654384656181623,0.0,3.7859004179621865,1.534341628401252,1.0159231135031992
rebalance_5d,2026-03-02,1.2344205836989641,0.00030424604100631747,0.0,0.0,0.0,1.0162322040884493
rebalance_5d,2026-03-03,1.238047293043805,0.0029379851508739563,0.0,0.0,0.0,1.019217879213901
rebalance_5d,2026-03-04,1.233098297734796,-0.00399742024138805,0.0,0.0,0.0,1.0151436370331468
rebalance_5d,2026-03-05,1.2335795608275477,0.00039028769534099617,0.0,0.0,0.0,1.0155398351036846
rebalance_5d,2026-03-06,1.229992092628499,-0.002908177399309375,0.0,3.6223778328779592,1.469051366309725,1.0125864651071377
rebalance_5d,2026-03-09,1.2322220048180306,0.0018129483944617775,0.0,0.0,0.0,1.0144222321133074
rebalance_5d,2026-03-10,1.2332635752873495,0.0008452782576893192,0.0,0.0,0.0,1.0152797011702295
rebalance_5d,2026-03-11,1.231917239064456,-0.001091685710882917,0.0,0.0,0.0,1.0141713348279124
rebalance_5d,2026-03-12,1.2368407745898955,0.00399664471712291,0.0,0.0,0.0,1.0182246173355098
rebalance_5d,2026-03-13,1.2413811320913342,0.0036709312910097047,0.0,3.5057952228510354,1.415035850873001,1.0219624499445632
rebalance_5d,2026-03-16,1.2423092040226824,0.0007476124031180476,0.0,0.0,0.0,1.0227264817476627
rebalance_5d,2026-03-17,1.2429124860719871,0.0004856134425723635,0.0,0.0,0.0,1.023223131475274
rebalance_5d,2026-03-18,1.2384559926905334,-0.0035855246699931786,0.0,0.0,0.0,1.0195543396944617
rebalance_5d,2026-03-19,1.2353276805000364,-0.0025259776762037722,0.0,0.0,0.0,1.0169789681927168
rebalance_5d,2026-03-20,1.2348995213772795,-0.0003465955871591042,0.0,3.5944457350600167,1.4543910557147037,1.0166264877701077
rebalance_5d,2026-03-23,1.2326137964817652,-0.0018509399800925586,0.0,0.0,0.0,1.0147447731590729
rebalance_5d,2026-03-24,1.236420743502153,0.003088515665859104,0.0,0.0,0.0,1.0178788282878233
rebalance_5d,2026-03-25,1.2360015653802887,-0.0003390254685285976,0.0,0.0,0.0,1.0175337414411576
rebalance_5d,2026-03-26,1.2410984446871802,0.0041236835370215275,0.0,0.0,0.0,1.0217297285791025
rebalance_5d,2026-03-27,1.2462115024492724,0.00411978419921466,0.0,3.601999773354867,1.4490224408131884,1.0259390345707706
rebalance_5d,2026-03-30,1.245806237068785,-0.0003251979135892036,0.0,0.0,0.0,1.0256054013372584
rebalance_5d,2026-03-31,1.2427279250953485,-0.0024709396066915357,0.0,0.0,0.0,1.0230711923302573
rebalance_5d,2026-04-01,1.2432252864879438,0.0004002174430555172,0.0,0.0,0.0,1.0234806432669155
rebalance_5d,2026-04-02,1.2502595954342501,0.005658112831808504,0.0,0.0,0.0,1.0292716122276917
rebalance_5d,2026-04-03,1.250806857705011,0.0004377189127438008,0.0,3.5412698957088464,1.4154441027402798,1.029722143878714
rebalance_5d,2026-04-07,1.2521906110804033,0.00110628860632489,0.0,0.0,0.0,1.0308613137541676
rebalance_5d,2026-04-08,1.2543837241517444,0.0017514211110789546,0.0,0.0,0.0,1.0326667860216712
rebalance_5d,2026-04-09,1.2535931490520082,-0.0006302498067493056,0.0,0.0,0.0,1.0320159479793445
rebalance_5d,2026-04-10,1.2552002008002754,0.0012819563903028186,0.0,0.0,0.0,1.033338947418751
rebalance_5d,2026-04-13,1.2575697915868023,0.001887818998926205,0.0,3.6928748231249777,1.4712448704368521,1.0352897043160185
rebalance_5d,2026-04-14,1.255258884548299,-0.0018375974470469236,0.0,0.0,0.0,1.0333872585984134
rebalance_5d,2026-04-15,1.2506223336137952,-0.003693700950121004,0.0,0.0,0.0,1.0295702350994855
rebalance_5d,2026-04-16,1.256518987183274,0.0047149754254267595,0.0,0.0,0.0,1.0344246334567304
rebalance_5d,2026-04-17,1.2587837742442731,0.0018024296362413317,0.0,0.0,0.0,1.036289111072531
rebalance_5d,2026-04-20,1.2489817443854228,-0.007786905153536083,0.0,3.5843334854720466,1.4251688675142173,1.028219626052967
rebalance_5d,2026-04-21,1.2456292007740353,-0.0026842214679744236,0.0,0.0,0.0,1.025459656858923
rebalance_5d,2026-04-22,1.239854936252654,-0.004635620711037514,0.0,0.0,0.0,1.0207060148352542
rebalance_5d,2026-04-23,1.2379226791864553,-0.0015584541462881907,0.0,0.0,0.0,1.019115291314293
rebalance_5d,2026-04-24,1.2420101732784896,0.0033018977362306856,0.0,0.0,0.0,1.0224803057876417
rebalance_5d,2026-04-27,1.2443095782726332,0.0018513576165595236,0.0,3.682470252528631,1.4802123247840755,1.0243732824895437
rebalance_5d,2026-04-28,1.241000434612679,-0.00265942151192633,0.0,0.0,0.0,1.0216490421458484
rebalance_5d,2026-04-29,1.2384448466271263,-0.0020592966080228425,0.0,0.0,0.0,1.0195451637387676
rebalance_5d,2026-04-30,1.2362607184321344,-0.0017636055420153784,0.0,0.0,0.0,1.017747088237663
rebalance_5d,2026-05-06,1.2386934573415807,0.0019678202770461173,0.0,0.0,0.0,1.0197498315948017
rebalance_5d,2026-05-07,1.236575363515388,-0.001709941885652988,0.0,3.3608811108132635,1.3554827045746929,1.0180061186448701
rebalance_5d,2026-05-08,1.234663265461292,-0.0015462850955240137,0.0,0.0,0.0,1.0164319909564572
rebalance_5d,2026-05-11,1.2307666224968563,-0.0031560370130391258,0.0,0.0,0.0,1.0132240939717616
rebalance_5d,2026-05-12,1.2288658063259132,-0.0015444164118514347,0.0,0.0,0.0,1.0116592540521483
rebalance_5d,2026-05-13,1.2250950106823453,-0.0030685170212702007,0.0,0.0,0.0,1.0085549604113637
rebalance_5d,2026-05-14,1.2208315289227716,-0.003480123355656395,0.0,3.669093968819368,1.498976129410987,1.005045064738173
rebalance_5d,2026-05-15,1.2229629664947386,0.0017458900114151188,0.0,0.0,0.0,1.0067997628777214
rebalance_5d,2026-05-18,1.222620892615715,-0.00027970910681296424,0.0,0.0,0.0,1.0065181518153075
rebalance_5d,2026-05-19,1.227375102713372,0.0038885398788546244,0.0,0.0,0.0,1.0104320377874323
rebalance_5d,2026-05-20,1.2242716961504216,-0.00252849072470962,0.0,0.0,0.0,1.0078771697519373
rebalance_5d,2026-05-21,1.227775371577973,0.0028618446694210764,0.0,3.5093653164974947,1.43117033517262,1.010761557657623
rebalance_5d,2026-05-22,1.2221643799157458,-0.00457004741430489,0.0,0.0,0.0,1.006142329414571
rebalance_5d,2026-05-25,1.2174334692003774,-0.003870928324465228,0.0,0.0,0.0,1.0022476245731968
rebalance_5d,2026-05-26,1.2205691193716162,0.002575623432874874,0.0,0.0,0.0,1.0048290370405908
rebalance_5d,2026-05-27,1.2199873337371243,-0.0004766511173012189,0.0,0.0,0.0,1.0043500841573887
rebalance_5d,2026-05-28,1.2195513255133308,-0.00035738750045699597,0.0,3.536171416865935,1.4470652177425751,1.003991141991228
rebalance_5d,2026-05-29,1.2101560266559266,-0.007703897868709619,0.0,0.0,0.0,0.9962564967722384
rebalance_5d,2026-06-01,1.2108921835666981,0.0006083157002538808,0.0,0.0,0.0,0.9968625352407049
rebalance_5d,2026-06-02,1.205962289601537,-0.004071290600489386,0.0,0.0,0.0,0.9928040181709994
rebalance_5d,2026-06-03,1.2007750573931155,-0.004301322067156277,0.0,0.0,0.0,0.988533648339279
rebalance_5d,2026-06-04,1.2023877535716634,0.0013430460339916017,0.0,3.435008343884288,1.4277867440340397,0.9898612945351484
rebalance_5d,2026-06-05,1.2040659479245286,0.001395718101652399,0.0,0.0,0.0,0.9912428618620561
rebalance_5d,2026-06-08,1.1997218320014504,-0.003607872085882202,0.0,0.0,0.0,0.987666584410414
rebalance_5d,2026-06-09,1.2009106406978822,0.000990903611755245,0.0,0.0,0.0,0.9886452667961162
rebalance_5d,2026-06-10,1.2068120607304136,0.004914120861733595,0.0,0.0,0.0,0.9935035891265331
rebalance_5d,2026-06-11,1.207369139890416,0.0004616121914338134,0.0,3.714043951814027,1.5388285405118276,0.9939622024955072
rebalance_5d,2026-06-12,1.2142638681162077,0.005710538722579317,0.0,0.0,0.0,0.999638262141638
rebalance_5d,2026-06-15,1.221690278057731,0.006115977042983722,0.0,0.0,0.0,1.0057520268041844
rebalance_5d,2026-06-16,1.215234908452647,-0.005283965765322196,0.0,0.0,0.0,1.0004376675261477
rebalance_5d,2026-06-17,1.2153461512323902,9.154014501189245e-05,0.0,0.0,0.0,1.0005292477353085
rebalance_5d,2026-06-18,1.2129089208421202,-0.0020053796095858,0.0,3.73801450213353,1.54091821889013,0.9985228067831059
rebalance_5d,2026-06-22,1.2143009518572556,0.0011476797566702945,0.0,0.0,0.0,0.9996687911950245
rebalance_5d,2026-06-23,1.213524552751263,-0.000639379475742885,0.0,0.0,0.0,0.9990296234873937
rebalance_5d,2026-06-24,1.2118329080636323,-0.0013939929635502502,0.0,0.0,0.0,0.997636983221874
rebalance_5d,2026-06-25,1.201896687109507,-0.008199332505338774,0.0,0.0,0.0,0.9894570258768147
rebalance_5d,2026-06-26,1.2078486032102869,0.0049521029258297045,0.0,3.609062337314353,1.5006312813159461,0.9943569189096421
rebalance_5d,2026-06-29,1.216440875034775,0.007113699350772329,0.0,0.0,0.0,1.0014304750781255
rebalance_5d,2026-06-30,1.2233150449880317,0.005651051435656695,0.0,0.0,0.0,1.0070896102020261
rebalance_5d,2026-07-01,1.2164747139399696,-0.00559163485815628,0.0,0.0,0.0,1.0014583328323334
rebalance_5d,2026-07-02,1.222334351773376,0.0048169006443445905,0.0,0.0,0.0,1.0062822581210378
rebalance_5d,2026-07-03,1.2213714154060211,-0.0007877847546032823,0.0,3.714901174598364,1.5140892853548298,1.0054895242992623
rebalance_5d,2026-07-06,1.2268251114144997,0.00446522322340881,0.0,0.0,0.0,1.0099792594740578
rebalance_5d,2026-07-07,1.2277463677845442,0.000750927219758557,0.0,0.0,0.0,1.0107376803913883
rebalance_5d,2026-07-08,1.2294253375740969,0.001367521691456819,0.0,0.0,0.0,1.0121198860936964
rebalance_5d,2026-07-09,1.2358338860901483,0.00521263741700384,0.0,0.0,0.0,1.017395700082442
rebalance_5d,2026-07-10,1.2412699532215672,0.004398703735675413,0.0,3.747456183363676,1.5141432718015504,1.0218709223490547
rebalance_5d,2026-07-13,1.2399747306262079,-0.0010434656796434183,0.0,0.0,0.0,1.020804635112558
rebalance_5d,2026-07-14,1.2459140065542529,0.004789836261458014,0.0,0.0,0.0,1.0256941221696845
rebalance_5d,2026-07-15,1.2506752239948085,0.0038214655389607888,0.0,0.0,0.0,1.0296137769110705
rebalance_5d,2026-07-16,1.25904351499782,0.006691018453441666,0.0,0.0,0.0,1.0365029416923002
rebalance_5d,2026-07-17,1.2606530315355522,0.0012783645033387359,0.0,3.5558270412217166,1.4102557967030787,1.0378279702605657
rebalance_5d,2026-07-20,1.2635647621282036,0.002309700226639455,0.0,0.0,0.0,1.0402250417586894
rebalance_5d,2026-07-21,1.2689510689946566,0.004262786544775965,0.0,0.0,0.0,1.0446592990702372
rebalance_5d,2026-07-22,1.2703973080323736,0.0011397122182676966,0.0,0.0,0.0,1.0458499100373146
rebalance_5d,2026-07-23,1.2692727436596112,-0.0008852068291173021,0.0,0.0,0.0,1.0449241165547178
rebalance_5d,2026-07-24,1.2661614859627692,-0.0024512128794883514,0.0,3.5809050668131848,1.4097088301503515,1.0423627851021309
rebalance_5d,2026-07-27,1.2672990328003213,0.000898421607483213,0.0,0.0,0.0,1.043299266351103
rebalance_5d,2026-07-28,1.267374296478869,5.938904441626924e-05,0.0,0.0,0.0,1.0433612268975718
rebalance_5d,2026-07-29,1.2715540989090148,0.003298001578348586,0.0,0.0,0.0,1.0468022338706677
rebalance_5d,2026-07-30,1.2733666617821906,0.001425470512604221,0.0,0.0,0.0,1.0482944195875785
rebalance_5d,2026-07-31,1.2700560877982847,-0.0025998591633241697,0.0,3.672463173899934,1.4407396067512994,1.0455690017349522
rebalance_5d,2026-08-03,1.2717602749241819,0.001341820367044999,0.0,0.0,0.0,1.0469719675166311
rebalance_5d,2026-08-04,1.270865873488926,-0.0007032783244540486,0.0,0.0,0.0,1.0462356548255656
rebalance_5d,2026-08-05,1.26596141766886,-0.003859145109154305,0.0,0.0,0.0,1.0421980796152226
rebalance_5d,2026-08-06,1.2621152487343832,-0.0030381407211913514,0.0,0.0,0.0,1.0390317351899963
rebalance_5d,2026-08-07,1.265959006848373,0.003045489005734092,0.0,3.7979490343549682,1.506181433391824,1.0421960949161262
rebalance_5d,2026-08-10,1.2689318230703646,0.002348272105107352,0.0,0.0,0.0,1.0446434549338695
rebalance_5d,2026-08-11,1.2616150504382513,-0.005766088058544616,0.0,0.0,0.0,1.0386199487829384
rebalance_5d,2026-08-12,1.2635301273094963,0.0015179565831746622,0.0,0.0,0.0,1.04019652877161
rebalance_5d,2026-08-13,1.2635341069965347,3.1496574179890047e-06,0.0,0.0,0.0,1.0401998050343229
rebalance_5d,2026-08-14,1.2668724279679908,0.0026420505413908835,0.0,3.997354847719341,1.583830630340471,1.0429480654923684
rebalance_5d,2026-08-17,1.269652814784294,0.0021946857117751684,0.0,0.0,0.0,1.0452370087098282
rebalance_5d,2026-08-18,1.275345460694698,0.0044836240617252,0.0,0.0,0.0,1.0499234585122852
rebalance_5d,2026-08-19,1.2751398115470807,-0.00016124975855968948,0.0,0.0,0.0,1.0497541586080938
rebalance_5d,2026-08-20,1.275231237397215,7.16986869255809e-05,0.0,0.0,0.0,1.0498294246028608
rebalance_5d,2026-08-21,1.2834809007368437,0.006469150925495271,0.0,3.7051533270135244,1.4523098590093013,1.0566209295966424
rebalance_5d,2026-08-24,1.2841458456203325,0.0005180792975625348,0.0,0.0,0.0,1.0571683430256378
rebalance_5d,2026-08-25,1.2805683730153747,-0.002785877178327567,0.0,0.0,0.0,1.0542232018651523
rebalance_5d,2026-08-26,1.2769445394680776,-0.0028298633822760877,0.0,0.0,0.0,1.0512398942294483
rebalance_5d,2026-08-27,1.2753470628768828,-0.0012510148575913815,0.0,0.0,0.0,1.0499247775028744
rebalance_5d,2026-08-28,1.275516105720338,0.0001325465423300809,0.0,2.606677859373497,1.0218129930634612,1.0500639414018391
rank_mean_3d,2025-01-02,1.0,0.0,0.0,0.0,0.0,1.0
rank_mean_3d,2025-01-03,1.0020318623492153,0.002031862349215263,0.0,2.0,1.0,1.0020318623492153
rank_mean_3d,2025-01-06,1.0049199358442076,0.0028822172263278656,0.0,1.8433812929425502,0.919268779446909,1.0049199358442076
rank_mean_3d,2025-01-07,1.0003822657165475,-0.004515454381794126,0.0,1.33307874142529,0.6647417020983543,1.0003822657165475
rank_mean_3d,2025-01-08,0.9974866828476445,-0.0028944764098042253,0.0,1.3708083991649984,0.6837512272540893,0.9974866828476445
rank_mean_3d,2025-01-09,0.9898572070844094,-0.007648699370556344,0.0,1.4629883241961905,0.7341294974170928,0.9898572070844094
rank_mean_3d,2025-01-10,0.988675097471721,-0.0011942223628095272,0.0,1.4624362562447926,0.738227063111703,0.988675097471721
rank_mean_3d,2025-01-13,0.9919355488832264,0.0032977986598865527,0.0,1.3985549179648016,0.7055281436318724,0.9919355488832264
rank_mean_3d,2025-01-14,0.9899712736596225,-0.0019802448110821658,0.0,1.4083211588837568,0.7093273957679948,0.9899712736596225
rank_mean_3d,2025-01-15,0.9914186996356621,0.0014620888651535324,0.0,1.530819570786175,0.7738434303869888,0.9914186996356621
rank_mean_3d,2025-01-16,0.9930729473989829,0.0016685662313296046,0.0,1.4904212165690518,0.752401570241415,0.9930729473989829
rank_mean_3d,2025-01-17,0.996345856616353,0.0032957389746064436,0.0,1.30645233047608,0.656927866127506,0.996345856616353
rank_mean_3d,2025-01-20,0.9983007310209223,0.0019620439946508306,0.0,1.4428792928292364,0.7224397693967635,0.9983007310209223
rank_mean_3d,2025-01-21,0.9979899930729725,-0.00031126687409310794,0.0,1.3320710590003129,0.6663888324288316,0.9979899930729725
rank_mean_3d,2025-01-22,0.9985677011279719,0.0005788715909069708,0.0,1.2748388841081764,0.6377157696838106,0.9985677011279719
rank_mean_3d,2025-01-23,0.9978235563865827,-0.0007452121078507234,0.0,1.4184182634714098,0.7115704165665189,0.9978235563865827
rank_mean_3d,2025-01-24,0.9942473182819987,-0.0035840385624233972,0.0,1.4048294516804865,0.7027617126431274,0.9942473182819987
rank_mean_3d,2025-01-27,0.9931768711136061,-0.001076640739893886,0.0,1.5277872708343694,0.769211210208086,0.9931768711136061
rank_mean_3d,2025-02-05,0.9945224947683633,0.0013548680943893388,0.0,1.4375355538223973,0.7241390926580018,0.9945224947683633
rank_mean_3d,2025-02-06,0.9930650440931773,-0.001465477837708895,0.0,1.4775079585385709,0.7421932110158777,0.9930650440931773
rank_mean_3d,2025-02-07,0.9948720144083681,0.0018195890852656937,0.0,1.31592002581209,0.6628970590536316,0.9948720144083681
rank_mean_3d,2025-02-10,0.994166680171011,-0.0007089698244016063,0.0,1.3959234086168544,0.7016469703153994,0.994166680171011
rank_mean_3d,2025-02-11,0.9950182016474403,0.00085651781880558,0.0,1.3246243599849339,0.6663671770200243,0.9950182016474403
rank_mean_3d,2025-02-12,0.9926710642553409,-0.002358888900939937,0.0,1.3401661735767265,0.6740836899072673,0.9926710642553409
rank_mean_3d,2025-02-13,0.9949168865728174,0.002262403326081852,0.0,1.4834439183236965,0.7482633535713792,0.9949168865728174
rank_mean_3d,2025-02-14,0.9953776256007703,0.0004630929821083374,0.0,1.3569593470102328,0.6807795081647932,0.9953776256007704
rank_mean_3d,2025-02-17,1.0030939131028038,0.007752120706326249,0.0,1.395385550989876,0.7006855828963126,1.003093913102804
rank_mean_3d,2025-02-18,1.000754516056875,-0.002332181479092643,0.0,1.598957054200456,0.7954177710669,1.0007545160568752
rank_mean_3d,2025-02-19,1.0005776196323386,-0.00017676305397384962,0.0,1.4294524980615317,0.7138678067379112,1.0005776196323388
rank_mean_3d,2025-02-20,1.0017785572263112,0.0012002443092959947,0.0,1.338314633995231,0.6665817943247325,1.0017785572263114
rank_mean_3d,2025-02-21,1.0044642092402085,0.0026808839084491165,0.0,1.4511992244769347,0.7236927659055654,1.0044642092402087
rank_mean_3d,2025-02-24,1.0053082067603438,0.0008402464840173707,0.0,1.559825774940432,0.7764443278400487,1.005308206760344
rank_mean_3d,2025-02-25,1.0047660250652222,-0.0005393188790021597,0.0,1.3569408605534359,0.6741259810751807,1.0047660250652224
rank_mean_3d,2025-02-26,1.004547835362532,-0.00021715473776706684,0.0,1.5939757176250369,0.79253207950255,1.0045478353625321
rank_mean_3d,2025-02-27,1.0077246209476367,0.0031624034946611257,0.0,1.3312189115209747,0.6625152567541497,1.007724620947637
rank_mean_3d,2025-02-28,1.0059047805228933,-0.0018058906043518785,0.0,1.4989781266576505,0.7448895065257097,1.0059047805228936
rank_mean_3d,2025-03-03,1.00763916155252,0.0017242000070076813,0.0,1.4460194023368662,0.7182854258324125,1.0076391615525202
rank_mean_3d,2025-03-04,1.008056151803992,0.0004138289453039512,0.0,1.45253882462874,0.7189872228385998,1.0080561518039923
rank_mean_3d,2025-03-05,1.0085434664379287,0.00048342012800040024,0.0,1.4913501702588807,0.7391221481564528,1.008543466437929
rank_mean_3d,2025-03-06,1.0064248801997913,-0.002100639495112744,0.0,1.4241021901790305,0.7075097029592059,1.0064248801997915
rank_mean_3d,2025-03-07,1.0069281683305973,0.0005000752075068338,0.0,1.306526274348959,0.648523027495872,1.0069281683305975
rank_mean_3d,2025-03-10,1.0053926545930085,-0.0015249486367379106,0.0,1.2938488966974466,0.6412828487996302,1.0053926545930087
rank_mean_3d,2025-03-11,1.0082431372994192,0.0028351934872297146,0.0,1.3161524396060922,0.6521266208711891,1.0082431372994194
rank_mean_3d,2025-03-12,1.0073687235201167,-0.0008672647965097813,0.0,1.3034257916790088,0.646354970640923,1.007368723520117
rank_mean_3d,2025-03-13,1.0067492133612668,-0.0006149785519300455,0.0,1.3742713787343699,0.6819656649980298,1.006749213361267
rank_mean_3d,2025-03-14,1.0083655702403147,0.0016055208760992201,0.0,1.241076396937156,0.6170276269939446,1.008365570240315
rank_mean_3d,2025-03-17,1.0094517192052648,0.0010771380905947314,0.0,1.3288489214840022,0.658777689287036,1.009451719205265
rank_mean_3d,2025-03-18,1.0085830317566367,-0.0008605537363510773,0.0,1.4455466572872466,0.7150361660843461,1.0085830317566369
rank_mean_3d,2025-03-19,1.0086268386828523,4.343412970109206e-05,0.0,1.4895107803029086,0.7375865936579886,1.0086268386828525
rank_mean_3d,2025-03-20,1.0136448030939356,0.004975045496148134,0.0,1.4196719345918707,0.7032339291097438,1.0136448030939358
rank_mean_3d,2025-03-21,1.017074580244681,0.0033836084792984167,0.0,1.4969632977053648,0.7378892345968445,1.0170745802446812
rank_mean_3d,2025-03-24,1.0168072887290978,-0.00026280424343994024,0.0,1.391305378175061,0.6836440837962222,1.016807288729098
rank_mean_3d,2025-03-25,1.02068797916403,0.003816544666770394,0.0,1.4627308361272089,0.7189394446292275,1.0206879791640302
rank_mean_3d,2025-03-26,1.022103735072796,0.0013870604314607515,0.0,1.5945278944431112,0.7797016743473694,1.0221037350727962
rank_mean_3d,2025-03-27,1.020736021073418,-0.0013381361915094647,0.0,1.4900905642724669,0.7280864768358422,1.0207360210734182
rank_mean_3d,2025-03-28,1.0185654281981948,-0.0021264977725979906,0.0,1.4439641700143704,0.7077987207770564,1.018565428198195
rank_mean_3d,2025-03-31,1.0158468441087423,-0.002669032360799517,0.0,1.4763467757662398,0.7234034362236889,1.0158468441087425
rank_mean_3d,2025-04-01,1.0161972580665022,0.0003449476264971718,0.0,1.4577769152614597,0.718421180382898,1.0161972580665024
rank_mean_3d,2025-04-02,1.0155817169959303,-0.000605729906950514,0.0,1.4346469493820924,0.7053603351192064,1.0155817169959305
rank_mean_3d,2025-04-03,1.0206906309835164,0.0050305296975001745,0.0,1.4080387393345153,0.6916569430514312,1.0206906309835166
rank_mean_3d,2025-04-07,1.020094998892985,-0.0005835579091750809,0.0,1.4904119956487536,0.7250239664236761,1.0200949988929853
rank_mean_3d,2025-04-08,1.0083900256984826,-0.011474395234958301,0.0,1.540264087479693,0.7552133877972013,1.0083900256984828
rank_mean_3d,2025-04-09,1.0084343047977928,4.391068751363747e-05,0.0,1.498186213915627,0.7439223034065083,1.008434304797793
rank_mean_3d,2025-04-10,1.0131099533626093,0.004636542551727407,0.0,1.5033011162512955,0.739429779181427,1.0131099533626096
rank_mean_3d,2025-04-11,1.0195980869690726,0.006404175168675863,0.0,1.4966253507940124,0.7375248756287802,1.0195980869690728
rank_mean_3d,2025-04-14,1.0216938868872167,0.0020555157418686854,0.0,1.5743758610054597,0.7708786396033918,1.021693886887217
rank_mean_3d,2025-04-15,1.0251039130233057,0.0033376201814012685,0.0,1.5198210567617385,0.7435224227640413,1.025103913023306
rank_mean_3d,2025-04-16,1.0282424653201876,0.003061691850951398,0.0,1.4776597108682668,0.7201957329363209,1.0282424653201878
rank_mean_3d,2025-04-17,1.0285773168530425,0.0003256542538832008,0.0,1.4467559928828841,0.7029402245752755,1.0285773168530428
rank_mean_3d,2025-04-18,1.0371671106018439,0.008351140558963577,0.0,1.4077436159502545,0.6831437841544123,1.037167110601844
rank_mean_3d,2025-04-21,1.0414012620130508,0.004082419667887471,0.0,1.3728628501444657,0.6599226919208114,1.041401262013051
rank_mean_3d,2025-04-22,1.0461636755533363,0.0045730821672711475,0.0,1.3948181297245914,0.6685299207958981,1.0461636755533366
rank_mean_3d,2025-04-23,1.0493837216982715,0.003077956365892698,0.0,1.537438260438744,0.7332336872389495,1.0493837216982715
rank_mean_3d,2025-04-24,1.0513725235043379,0.0018952093166146877,0.0,1.3972524471594405,0.6649047729002512,1.0513725235043379
rank_mean_3d,2025-04-25,1.055434316546349,0.003863324322451067,0.0,1.4248963302502446,0.6781263914765,1.055434316546349
rank_mean_3d,2025-04-28,1.0542201400589977,-0.0011504045948821373,0.0,1.3857214309667172,0.6561180302146005,1.0542201400589977
rank_mean_3d,2025-04-29,1.0571211924938424,0.0027518469099654386,0.0,1.4792741890199157,0.7017347764851266,1.0571211924938424
rank_mean_3d,2025-04-30,1.0577173401253812,0.0005639349922901271,0.0,1.4704846714704534,0.6948956520476346,1.0577173401253812
rank_mean_3d,2025-05-06,1.0571516683521454,-0.0005348042920132468,0.0,1.5008286571169993,0.7087071208745344,1.0571516683521454
rank_mean_3d,2025-05-07,1.0585979880966163,0.0013681288955684767,0.0,1.4916815337463927,0.7048285594104461,1.0585979880966163
rank_mean_3d,2025-05-08,1.059850188014171,0.0011828852233191078,0.0,1.3938902417378038,0.657775892158294,1.059850188014171
rank_mean_3d,2025-05-09,1.063151412227254,0.0031148026866594236,0.0,1.3551504662650693,0.6394309987720503,1.063151412227254
rank_mean_3d,2025-05-12,1.0610435418973845,-0.0019826623993789427,0.0,1.469706104727265,0.6914295808913005,1.0610435418973845
rank_mean_3d,2025-05-13,1.0592485271002499,-0.001691744708162246,0.0,1.352784738771835,0.6377082694616403,1.0592485271002499
rank_mean_3d,2025-05-14,1.0564784355665153,-0.0026151478740478185,0.0,1.5788710423119674,0.7465723614451248,1.0564784355665153
rank_mean_3d,2025-05-15,1.0567381033695282,0.00024578618386428275,0.0,1.4444395739801013,0.6838513169393374,1.0567381033695282
rank_mean_3d,2025-05-16,1.0592215734638382,0.0023501282734019746,0.0,1.4982901909705064,0.7077199383781438,1.0592215734638382
rank_mean_3d,2025-05-19,1.062744322230761,0.0033257902361287783,0.0,1.3988805293624131,0.6596598851038258,1.062744322230761
rank_mean_3d,2025-05-20,1.063996409473811,0.0011781641330455006,0.0,1.4131778759253062,0.6647034958638552,1.063996409473811
rank_mean_3d,2025-05-21,1.0657351979662455,0.0016342052256494988,0.0,1.4992395258765703,0.7035956294099301,1.0657351979662455
rank_mean_3d,2025-05-22,1.0702336553562684,0.004220989790528984,0.0,1.4676399683287125,0.6880466676122785,1.0702336553562684
rank_mean_3d,2025-05-23,1.0733048295675207,0.002869629632633819,0.0,1.59211610905792,0.7431142148262024,1.0733048295675207
rank_mean_3d,2025-05-26,1.0734073464595046,9.551516881289857e-05,0.0,1.370351519215108,0.6391754215539615,1.0734073464595046
rank_mean_3d,2025-05-27,1.074031882838376,0.0005818260709051781,0.0,1.4364589851267968,0.6690425264029553,1.074031882838376
rank_mean_3d,2025-05-28,1.0749886795415198,0.0008908457173686379,0.0,1.4017104428779412,0.6524654331596331,1.0749886795415198
rank_mean_3d,2025-05-29,1.0806369584475708,0.005254268266769113,0.0,1.4253961586972501,0.662073281631897,1.0806369584475708
rank_mean_3d,2025-05-30,1.0799448451113172,-0.0006404679488732912,0.0,1.451963794057312,0.6715996873002165,1.0799448451113172
rank_mean_3d,2025-06-03,1.07667013262039,-0.0030322960526651954,0.0,1.569309654023184,0.7267040920907467,1.07667013262039
rank_mean_3d,2025-06-04,1.0802018154199196,0.003280190183166054,0.0,1.4359740285431837,0.665421163656632,1.0802018154199196
rank_mean_3d,2025-06-05,1.084809151751522,0.004265255127174017,0.0,1.4212941685183864,0.656958158926079,1.0848091517515221
rank_mean_3d,2025-06-06,1.0884303487022036,0.0033380958713657982,0.0,1.5468147531984284,0.7129551626737918,1.0884303487022038
rank_mean_3d,2025-06-09,1.0871218015649395,-0.0012022332332283225,0.0,1.4727542446265933,0.6770610104760779,1.0871218015649398
rank_mean_3d,2025-06-10,1.0928357277634992,0.005256012886811989,0.0,1.430289876296989,0.6579580435476919,1.0928357277634992
rank_mean_3d,2025-06-11,1.0935696268873605,0.0006715548414244488,0.0,1.6982123824835191,0.7763826887765923,1.0935696268873605
rank_mean_3d,2025-06-12,1.0984754694011474,0.004486081538082276,0.0,1.5263610013747275,0.697152921567141,1.0984754694011474
rank_mean_3d,2025-06-13,1.0996001025961255,0.0010238127534984987,0.0,1.4469918655505931,0.659357524597442,1.0996001025961255
rank_mean_3d,2025-06-16,1.099049406617165,-0.0005008147758992498,0.0,1.5427720317548042,0.7008951799677325,1.099049406617165
rank_mean_3d,2025-06-17,1.1041037805733382,0.004598859637921393,0.0,1.9779691188345216,0.8981071493293856,1.104103780573338
rank_mean_3d,2025-06-18,1.1025032183925887,-0.0014496483110658653,0.0,1.7137068042385675,0.7752363739360488,1.1025032183925885
rank_mean_3d,2025-06-19,1.1013764431450583,-0.0010220153816631328,0.0,1.529752831414905,0.6934742647655625,1.1013764431450581
rank_mean_3d,2025-06-20,1.1010206583525113,-0.0003230365010632452,0.0,1.5591644767434953,0.7076362477024024,1.101020658352511
rank_mean_3d,2025-06-23,1.101938914745917,0.0008340046905022103,0.0,1.5694974988783432,0.7129318461193022,1.1019389147459169
rank_mean_3d,2025-06-24,1.0982949712583134,-0.00330684708457174,0.0,1.4642589744912695,0.6654139942714059,1.0982949712583132
rank_mean_3d,2025-06-25,1.098430182977445,0.00012311056926406216,0.0,1.6090544992422848,0.7321626221752319,1.0984301829774448
rank_mean_3d,2025-06-26,1.0998284985446107,0.0012730126946942644,0.0,1.589230658369205,0.7237603833931864,1.0998284985446103
rank_mean_3d,2025-06-27,1.1059878610211242,0.005600293577284088,0.0,1.5259120862219318,0.6919092572235719,1.1059878610211236
rank_mean_3d,2025-06-30,1.100565478950002,-0.0049027500773073385,0.0,1.778568702405079,0.8045535538705005,1.1005654789500012
rank_mean_3d,2025-07-01,1.1000575132951977,-0.00046154968924594364,0.0,1.5870531043905163,0.7210764011928043,1.100057513295197
rank_mean_3d,2025-07-02,1.1083336626756723,0.007523378805607717,0.0,1.6612902742514106,0.7534336289226894,1.1083336626756717
rank_mean_3d,2025-07-03,1.1074318207683447,-0.0008136917046717151,0.0,1.6765014756483438,0.756361468386084,1.107431820768344
rank_mean_3d,2025-07-04,1.1139029424864748,0.0058433590192852325,0.0,1.6484260811646845,0.7441413197043529,1.1139029424864741
rank_mean_3d,2025-07-07,1.116539585453542,0.0023670311537031807,0.0,1.5081794402172648,0.676113580886028,1.1165395854535414
rank_mean_3d,2025-07-08,1.1196980143995705,0.002828765757324714,0.0,1.5430801929261326,0.6903548148054586,1.1196980143995698
rank_mean_3d,2025-07-09,1.1218506272531354,0.001922494124203089,0.0,1.5425873092905775,0.6892603849344615,1.1218506272531348
rank_mean_3d,2025-07-10,1.1263659268456285,0.0040248670213332005,0.0,1.610161108284198,0.7168450801354561,1.1263659268456279
rank_mean_3d,2025-07-11,1.1309470618835413,0.004067181835606615,0.0,1.5974382752935288,0.7087218906647531,1.1309470618835407
rank_mean_3d,2025-07-14,1.1317659239984748,0.000724049906960067,0.0,1.4956665816054495,0.6611362974780269,1.1317659239984743
rank_mean_3d,2025-07-15,1.1311446924993482,-0.0005489045799609293,0.0,1.5024309871966444,0.6638000453054266,1.1311446924993478
rank_mean_3d,2025-07-16,1.133053527999189,0.001687525488558883,0.0,1.6607133433114438,0.7344339388171056,1.1330535279991885
rank_mean_3d,2025-07-17,1.12975407499788,-0.0029120009953415016,0.0,1.6059830073874077,0.7082841436215147,1.1297540749978796
rank_mean_3d,2025-07-18,1.129332731022731,-0.0003729519410229365,0.0,1.5646678053701082,0.6936806648805133,1.1293327310227306
rank_mean_3d,2025-07-21,1.138173979748851,0.007828736813563664,0.0,1.5285773464288388,0.6747844300535382,1.1381739797488506
rank_mean_3d,2025-07-22,1.1399616272955613,0.0015706276707403433,0.0,1.5884364984376433,0.6955380982792887,1.1399616272955608
rank_mean_3d,2025-07-23,1.1437218881191913,0.003298585437959689,0.0,1.7933462131182978,0.7864679778112056,1.1437218881191908
rank_mean_3d,2025-07-24,1.1456789763258082,0.001711157429919563,0.0,1.6053578137280828,0.7009763809712666,1.1456789763258077
rank_mean_3d,2025-07-25,1.148344757522509,0.002326813402171224,0.0,1.5750589879124055,0.6875217503931709,1.1483447575225085
rank_mean_3d,2025-07-28,1.149159066261012,0.0007091152140232815,0.0,1.7160240087043646,0.7474479388557697,1.1491590662610116
rank_mean_3d,2025-07-29,1.150796378229535,0.0014247914119063232,0.0,1.6983482690399931,0.7387156549951777,1.1507963782295345
rank_mean_3d,2025-07-30,1.1521752466771051,0.0011981862939918209,0.0,1.729708262975326,0.7522246983530219,1.1521752466771045
rank_mean_3d,2025-07-31,1.150526402210626,-0.001431070899357012,0.0,1.594761937450705,0.6927057080068494,1.1505264022106254
rank_mean_3d,2025-08-01,1.1564302992239595,0.005131474603268238,0.0,1.6441595973888412,0.714532205420461,1.1564302992239588
rank_mean_3d,2025-08-04,1.1541322231660263,-0.001987215363930983,0.0,1.8328580591880432,0.7911839766504875,1.1541322231660256
rank_mean_3d,2025-08-05,1.1581858803590095,0.0035122987744533596,0.0,1.7596025153247496,0.7617174271734527,1.1581858803590088
rank_mean_3d,2025-08-06,1.1565494445602122,-0.0014129301924229454,0.0,1.6588334813017807,0.7157059637618352,1.1565494445602116
rank_mean_3d,2025-08-07,1.1558355430055296,-0.0006172685119866239,0.0,1.553721297508518,0.6718080539763226,1.155835543005529
rank_mean_3d,2025-08-08,1.1595301768693758,0.0031965048022652987,0.0,1.3941659538885833,0.6027436547606082,1.159530176869375
rank_mean_3d,2025-08-11,1.1585881349847826,-0.0008124341249458045,0.0,1.6490405033386475,0.7105368607699749,1.158588134984782
rank_mean_3d,2025-08-12,1.156830403210883,-0.0015171325519597323,0.0,1.6543099305722064,0.7147583132116604,1.1568304032108823
rank_mean_3d,2025-08-13,1.1520242591405219,-0.004154579666147407,0.0,1.5272335358995486,0.6596669278280455,1.1520242591405212
rank_mean_3d,2025-08-14,1.152112471311716,7.657145280948185e-05,0.0,1.597428142731471,0.6934223081287636,1.1521124713117155
rank_mean_3d,2025-08-15,1.1529681211877867,0.0007426791197708837,0.0,1.7053425262079998,0.7395240319272233,1.1529681211877862
rank_mean_3d,2025-08-18,1.1522027661620422,-0.0006638128250727737,0.0,1.7295763461543299,0.7507302569940717,1.1522027661620418
rank_mean_3d,2025-08-19,1.1546148320540752,0.002093438726993746,0.0,1.3890488113190753,0.6020461661309087,1.1546148320540748
rank_mean_3d,2025-08-20,1.1612127241335737,0.005714366294568229,0.0,1.802003865134515,0.7787558022336971,1.1612127241335732
rank_mean_3d,2025-08-21,1.1641298842322567,0.00251216683907729,0.0,1.66931938739654,0.7178216010622579,1.1641298842322563
rank_mean_3d,2025-08-22,1.1692223931656127,0.00437451954660073,0.0,1.6602908248361632,0.713523332237644,1.1692223931656123
rank_mean_3d,2025-08-25,1.1734802255042538,0.003641593219159356,0.0,1.7129029346039948,0.7312715919307415,1.1734802255042533
rank_mean_3d,2025-08-26,1.1722478757246928,-0.0010501666349183036,0.0,1.8607057474532616,0.7912094069900628,1.1722478757246924
rank_mean_3d,2025-08-27,1.170067661953515,-0.0018598573017928333,0.0,1.7110811465560367,0.7292862882030794,1.1700676619535146
rank_mean_3d,2025-08-28,1.17264487058881,0.0022026150444940384,0.0,1.717211015920507,0.7328854347454442,1.1726448705888095
rank_mean_3d,2025-08-29,1.1733939295526459,0.0006387773337206415,0.0,1.7399433322305056,0.74053175743119,1.1733939295526454
rank_mean_3d,2025-09-01,1.1737628013015406,0.0003143630963178268,0.0,1.7584437073355674,0.7496444188178544,1.1737628013015402
rank_mean_3d,2025-09-02,1.1826613858723782,0.007581246024299215,0.0,1.7511415899669156,0.7452073465463279,1.1826613858723778
rank_mean_3d,2025-09-03,1.1916159487665958,0.007571535691606623,0.0,1.8355926453035087,0.7759690978263987,1.1916159487665954
rank_mean_3d,2025-09-04,1.1889556423325731,-0.0022325199967122566,0.0,1.8350585043769172,0.7682508009333562,1.1889556423325727
rank_mean_3d,2025-09-05,1.1881448686098095,-0.0006819209177333363,0.0,1.8063720183873202,0.75931129925921,1.188144868609809
rank_mean_3d,2025-09-08,1.1881543648125499,7.992462023098668e-06,0.0,1.7824817877097,0.7499196441621803,1.1881543648125494
rank_mean_3d,2025-09-09,1.1849344867384333,-0.0027099829529512176,0.0,1.7591012771879881,0.7401102818056756,1.1849344867384328
rank_mean_3d,2025-09-10,1.18697160592104,0.0017191829636202804,0.0,1.7620236265135332,0.7428055503154395,1.1869716059210398
rank_mean_3d,2025-09-11,1.1960469066852257,0.007645760622170705,0.0,1.6963251438594775,0.7130227208963555,1.1960469066852255
rank_mean_3d,2025-09-12,1.19497165592485,-0.0008990038387003407,0.0,1.6666480643066308,0.6968346164850784,1.1949716559248498
rank_mean_3d,2025-09-15,1.1999694479824707,0.004182351968635256,0.0,1.8357762595312015,0.7670683587028133,1.1999694479824703
rank_mean_3d,2025-09-16,1.2033011191770815,0.002776463350973035,0.0,1.7881997405475585,0.7438679148750789,1.203301119177081
rank_mean_3d,2025-09-17,1.2037594871439738,0.0003809254056090783,0.0,1.7836448953114918,0.7416145133122964,1.2037594871439734
rank_mean_3d,2025-09-18,1.2044698622823493,0.0005901304587521139,0.0,1.9803644929272226,0.821188396691459,1.2044698622823489
rank_mean_3d,2025-09-19,1.2022202394441568,-0.0018677286237197555,0.0,1.8066124865732802,0.74939287550172,1.2022202394441563
rank_mean_3d,2025-09-22,1.2079923222054212,0.004801185815947573,0.0,1.9041938240542509,0.79211182230033,1.2079923222054207
rank_mean_3d,2025-09-23,1.2051998193256495,-0.00231168926195946,0.0,1.8745508382884757,0.7749848123670784,1.205199819325649
rank_mean_3d,2025-09-24,1.2040088408161767,-0.0009882000398400148,0.0,1.811147927296644,0.75276560213501,1.2040088408161762
rank_mean_3d,2025-09-25,1.2077664102325272,0.0031208819146240074,0.0,1.7256362413136834,0.7154135367496097,1.2077664102325267
rank_mean_3d,2025-09-26,1.2161960260270188,0.006979508390921874,0.0,1.8431291566047112,0.7625076210794477,1.2161960260270182
rank_mean_3d,2025-09-29,1.2202433450023518,0.003327850847000713,0.0,1.8630186892092495,0.7669049850428789,1.220243345002351
rank_mean_3d,2025-09-30,1.2256162766703722,0.004403164082005473,0.0,1.6890128591256839,0.6907237414991539,1.2256162766703718
rank_mean_3d,2025-10-09,1.2276536111182244,0.001662293889721278,0.0,1.7781678892454316,0.724755912527527,1.227653611118224
rank_mean_3d,2025-10-10,1.232193422632269,0.003697958017579106,0.0,2.0015278433391614,0.8146579033292792,1.2321934226322684
rank_mean_3d,2025-10-13,1.237560221390027,0.004355484016700162,0.0,1.6527815436583482,0.6683104682134364,1.2375602213900263
rank_mean_3d,2025-10-14,1.239995163939959,0.001967534595768594,0.0,1.8431630877101053,0.7460350969881306,1.2399951639399582
rank_mean_3d,2025-10-15,1.2514956892387334,0.009274653348028128,0.0,1.7891315056195882,0.7200486807292992,1.2514956892387326
rank_mean_3d,2025-10-16,1.257521032015856,0.004814513408981647,0.0,1.6426606759582372,0.6548573203887058,1.2575210320158552
rank_mean_3d,2025-10-17,1.2616972227219208,0.0033209708623083145,0.0,1.9698008834447147,0.7829294884715982,1.2616972227219196
rank_mean_3d,2025-10-20,1.2621852721857258,0.00038681979718724335,0.0,1.7577984574874428,0.6973961243500557,1.2621852721857247
rank_mean_3d,2025-10-21,1.2726319390935663,0.008276650930770124,0.0,1.6568238354102,0.6549448744437986,1.272631939093565
rank_mean_3d,2025-10-22,1.279622105981751,0.0054926854131631675,0.0,1.7176839120235994,0.6740759639195745,1.2796221059817499
rank_mean_3d,2025-10-23,1.2813889182230336,0.0013807296959182924,0.0,1.8382988107220992,0.7171794369327112,1.2813889182230325
rank_mean_3d,2025-10-24,1.279120975265838,-0.001769909919574375,0.0,1.759595509273397,0.6853318276634679,1.2791209752658368
rank_mean_3d,2025-10-27,1.2787110662260528,-0.0003204615104525077,0.0,2.104182512340862,0.8238468566569437,1.2787110662260517
rank_mean_3d,2025-10-28,1.28177130399301,0.0023932206796248856,0.0,1.7287973387609392,0.674966301945535,1.281771303993009
rank_mean_3d,2025-10-29,1.2834736496970276,0.0013281196877432677,0.0,1.8581859368443376,0.7240411321786961,1.2834736496970265
rank_mean_3d,2025-10-30,1.2886807442206216,0.004057032666641147,0.0,1.8563836436254753,0.7226758942235371,1.2886807442206205
rank_mean_3d,2025-10-31,1.2938757528626303,0.004031261167908973,0.0,1.8411617776633817,0.7140380184148818,1.2938757528626292
rank_mean_3d,2025-11-03,1.2913358984509509,-0.001962981689748955,0.0,1.7988784433316451,0.6946686677999274,1.2913358984509498
rank_mean_3d,2025-11-04,1.2946567046223754,0.0025716052464801464,0.0,1.7918713125043855,0.6925724540898076,1.2946567046223745
rank_mean_3d,2025-11-05,1.2982736661406464,0.0027937610838126847,0.0,1.8896191232022317,0.7279658144776903,1.2982736661406455
rank_mean_3d,2025-11-06,1.3020766808138717,0.0029292858450487014,0.0,1.934921785447721,0.7456454299071111,1.3020766808138708
rank_mean_3d,2025-11-07,1.3029887175824517,0.000700447816951888,0.0,1.8815107112313747,0.7226694658380652,1.3029887175824508
rank_mean_3d,2025-11-10,1.3049204124991567,0.0014825108541913767,0.0,1.9562039575231187,0.751002952670294,1.3049204124991558
rank_mean_3d,2025-11-11,1.3126645714655771,0.0059345833602135745,0.0,1.7864236572045513,0.6832891427445642,1.3126645714655762
rank_mean_3d,2025-11-12,1.3150380325439261,0.0018081245810566138,0.0,1.7697442805902723,0.6727178512610688,1.3150380325439253
rank_mean_3d,2025-11-13,1.3182712304911048,0.002458634554412198,0.0,1.9088125046776476,0.7240300455292645,1.318271230491104
rank_mean_3d,2025-11-14,1.3239114047829565,0.004278462702816066,0.0,1.9602108362014832,0.7422590239539248,1.3239114047829557
rank_mean_3d,2025-11-17,1.3298991403100215,0.00452276149705555,0.0,2.0810567521368295,0.7844348154917776,1.3298991403100207
rank_mean_3d,2025-11-18,1.3286191467091453,-0.000962474192274354,0.0,1.7558003198245133,0.6591123464041426,1.3286191467091444
rank_mean_3d,2025-11-19,1.3294478128105631,0.0006237047715820232,0.0,1.8146506284154733,0.6823914122178489,1.329447812810562
rank_mean_3d,2025-11-20,1.3352253591444525,0.004345824091940287,0.0,1.9642800812423602,0.7380390439163106,1.3352253591444514
rank_mean_3d,2025-11-21,1.3311650597160105,-0.003040909461938024,0.0,1.7531233305148464,0.6552361509232598,1.3311650597160094
rank_mean_3d,2025-11-24,1.332495675408402,0.0009995873033772362,0.0,2.0489042897462264,0.7690803679493378,1.332495675408401
rank_mean_3d,2025-11-25,1.3374802926764402,0.003740813092327988,0.0,1.9246159537525354,0.7209187180189671,1.337480292676439
rank_mean_3d,2025-11-26,1.3413044701821126,0.0028592402644078696,0.0,1.889552699737309,0.7049350853857128,1.3413044701821115
rank_mean_3d,2025-11-27,1.3434003943567474,0.0015626013490808166,0.0,1.8193927226568327,0.6776158450228794,1.3434003943567463
rank_mean_3d,2025-11-28,1.3498178893848434,0.004777053107215101,0.0,1.9272735298500818,0.7166696623159795,1.3498178893848423
rank_mean_3d,2025-12-01,1.351988393191122,0.0016079975108849176,0.0,1.9133222862213595,0.7083543293011589,1.351988393191121
rank_mean_3d,2025-12-02,1.3531879320753506,0.0008872405194229049,0.0,1.839338987860757,0.6802310502866604,1.3531879320753495
rank_mean_3d,2025-12-03,1.3552580959788645,0.0015298421264657858,0.0,1.8297119768785812,0.6758483828618536,1.3552580959788634
rank_mean_3d,2025-12-04,1.3605838436690014,0.003929692584710542,0.0,1.9708730663317913,0.7267476889610209,1.3605838436690005
rank_mean_3d,2025-12-05,1.3711955015629254,0.007799341395461568,0.0,1.9117240181855109,0.7011554999935928,1.3711955015629245
rank_mean_3d,2025-12-08,1.3673921885748341,-0.002773720438665417,0.0,1.930549292989708,0.7037779544132784,1.3673921885748332
rank_mean_3d,2025-12-09,1.3670263924560415,-0.0002675136817724688,0.0,1.9905269488618806,0.7282934725765379,1.3670263924560406
rank_mean_3d,2025-12-10,1.3692327367855854,0.0016139734695099772,0.0,2.0174414835504297,0.7375572494555752,1.3692327367855845
rank_mean_3d,2025-12-11,1.3730738577357544,0.002805309022326119,0.0,2.0265496058849486,0.739862309034399,1.3730738577357535
rank_mean_3d,2025-12-12,1.371029263593785,-0.001489063483694153,0.0,1.9777115224068316,0.7197869546851862,1.3710292635937842
rank_mean_3d,2025-12-15,1.3726746146797157,0.0012000845858080034,0.0,2.225970583244231,0.8124205631505107,1.3726746146797149
rank_mean_3d,2025-12-16,1.3785866148379422,0.004306920296333949,0.0,2.56963794475931,0.9337285073043234,1.3785866148379413
rank_mean_3d,2025-12-17,1.382237709970122,0.002648433615184187,0.0,1.982072414057117,0.7177949932239953,1.382237709970121
rank_mean_3d,2025-12-18,1.3887403524099782,0.004704431367305695,0.0,2.078414062189205,0.7505471905049158,1.3887403524099773
rank_mean_3d,2025-12-19,1.3961530253296648,0.005337695348754723,0.0,1.907851847773402,0.6855289461543915,1.3961530253296641
rank_mean_3d,2025-12-22,1.4021702737315878,0.004309877422284725,0.0,1.9157963379526455,0.6852120718973791,1.4021702737315869
rank_mean_3d,2025-12-23,1.399726467518468,-0.001742874070932987,0.0,1.878163120750936,0.6690589526757103,1.399726467518467
rank_mean_3d,2025-12-24,1.399047039337262,-0.00048540068147062687,0.0,2.082170681054629,0.7430699443130016,1.3990470393372612
rank_mean_3d,2025-12-25,1.401560609016039,0.001796629854538434,0.0,1.92674401019866,0.6883946748715041,1.4015606090160382
rank_mean_3d,2025-12-26,1.4055186050996111,0.0028239920971742105,0.0,1.799441905690995,0.6415617931310829,1.4055186050996102
rank_mean_3d,2025-12-29,1.4072569429506163,0.0012367946213576175,0.0,2.1086285290164533,0.7502148081385184,1.4072569429506154
rank_mean_3d,2025-12-30,1.4038724552348643,-0.002405024706188863,0.0,1.952720567277154,0.6937570173552752,1.4038724552348634
rank_mean_3d,2025-12-31,1.4054286645311174,0.0011085118811542394,0.0,2.0826892341927916,0.7421516669823928,1.4054286645311165
rank_mean_3d,2026-01-05,1.404760917044467,-0.0004751201562216423,0.0,1.9304473209813386,0.6880483507302023,0.9995248798437784
rank_mean_3d,2026-01-06,1.4089469333363525,0.002979878099607536,0.0,2.0611421506700505,0.7345694620950393,1.0025033421432377
rank_mean_3d,2026-01-07,1.409914692078035,0.0006868667078829827,0.0,2.1455964841012833,0.7611758695099111,1.0031919283134973
rank_mean_3d,2026-01-08,1.4044974492037265,-0.0038422486869217343,0.0,2.006839276751805,0.7117846554544972,0.9993374154442043
rank_mean_3d,2026-01-09,1.41174264246602,0.00515856633730527,0.0,2.2273722454278477,0.7942182922786428,1.0044925637951243
rank_mean_3d,2026-01-12,1.4136736123261822,0.001367791693809739,0.0,2.0498527193078226,0.7242082804860668,1.0058665003803768
rank_mean_3d,2026-01-13,1.414128467790905,0.00032175423008307114,0.0,2.219855894185729,0.7872068283752753,1.0061901421817732
rank_mean_3d,2026-01-14,1.4173998764982096,0.0023133744789221033,0.0,2.3895792073408932,0.8435322382381177,1.0085178367776395
rank_mean_3d,2026-01-15,1.4191304521339447,0.001220950886499761,0.0,2.2814655297586883,0.8030500547825632,1.009749187524504
rank_mean_3d,2026-01-16,1.4247879491374895,0.003986594040764624,0.0,2.2629769446877175,0.7959040533101438,1.013774647618156
rank_mean_3d,2026-01-19,1.4319591149280502,0.0050331460165014,0.0,2.3816928909489494,0.8341572899208797,1.0188771234474454
rank_mean_3d,2026-01-20,1.4387190122316296,0.004720733457476589,0.0,2.162147340039721,0.754403389250921,1.0236869707731613
rank_mean_3d,2026-01-21,1.4409252784454178,0.0015334934723396643,0.0,2.231220755311518,0.7751687559534627,1.0252567880605612
rank_mean_3d,2026-01-22,1.4477858446137668,0.004761222716385793,0.0,2.1345997885241754,0.7407451113584254,1.0301382639700039
rank_mean_3d,2026-01-23,1.4572909234871732,0.006565251973396746,0.0,1.982243543423978,0.683447298310444,1.0369013812404044
rank_mean_3d,2026-01-26,1.464728192222444,0.00510348936880356,0.0,2.1977524326800433,0.7515862367807921,1.0421931964160625
rank_mean_3d,2026-01-27,1.465744636848812,0.0006939476086862406,0.0,2.2241277222066667,0.7592760862296618,1.0429164238925044
rank_mean_3d,2026-01-28,1.4582619212033372,-0.005105060907172665,0.0,2.244841167069059,0.7657093661328777,1.0375922720274424
rank_mean_3d,2026-01-29,1.4587110667072078,0.0003080005706381783,0.0,2.1536798603688134,0.7379438898967132,1.0379118510393166
rank_mean_3d,2026-01-30,1.465071590375364,0.004360372532522083,0.0,2.2464852251585468,0.7668115833872442,1.0424375333657676
rank_mean_3d,2026-02-02,1.4579186919643592,-0.0048822859292303455,0.0,2.1376997817119507,0.7307333167053282,1.0373480552645142
rank_mean_3d,2026-02-03,1.4587913136168984,0.000598539313165336,0.0,2.3516416229158397,0.8058672670871784,1.0379689488570256
rank_mean_3d,2026-02-04,1.4642406505738474,0.003735515084359875,0.0,2.179372580739938,0.7457170217443413,1.0418462975225782
rank_mean_3d,2026-02-05,1.4621252304327175,-0.0014447216311751498,0.0,1.9874904868209706,0.6781442699215562,1.0403411196401875
rank_mean_3d,2026-02-06,1.4592916611041158,-0.001937979914184984,0.0,2.1427734849163524,0.7335853855532893,1.0383249594464241
rank_mean_3d,2026-02-09,1.4589180751052586,-0.00025600502546185844,0.0,1.9775914413415014,0.677108954627639,1.0380591430387434
rank_mean_3d,2026-02-10,1.4632284619234255,0.002954509161082086,0.0,2.1549614573620484,0.7380570391669904,1.0411260982865964
rank_mean_3d,2026-02-11,1.4646412083067484,0.0009654995238854713,0.0,1.9690898127023209,0.6736362440638648,1.0421313050387968
rank_mean_3d,2026-02-12,1.46248338761433,-0.0014732759669605633,0.0,2.13477289134267,0.7273712654144705,1.0405959580326658
rank_mean_3d,2026-02-13,1.4572893168185062,-0.0035515417404478056,0.0,2.1729905954726147,0.7437171903448687,1.0369002380527714
rank_mean_3d,2026-02-24,1.4680083666044952,0.007355471327677332,0.0,2.014474870094071,0.6900064934429665,1.0445271280234303
rank_mean_3d,2026-02-25,1.4743908672175257,0.004347727682092906,0.0,1.9872115987618382,0.6773338549971815,1.0490684475326348
rank_mean_3d,2026-02-26,1.4712112402173607,-0.0021565699237987568,0.0,2.2557784749620002,0.7634164276219458,1.0468060580706797
rank_mean_3d,2026-02-27,1.4682584573946742,-0.002007042049413821,0.0,2.3703582945169916,0.8053821383590372,1.0447050742945507
rank_mean_3d,2026-03-02,1.4636904506250412,-0.0031111734767315102,0.0,2.115519457464891,0.721301787952088,1.0414548155763987
rank_mean_3d,2026-03-03,1.468148898264022,0.00304603178703311,0.0,2.128734427597112,0.7267530038629731,1.044627120049403
rank_mean_3d,2026-03-04,1.4639835332229107,-0.002837154355417648,0.0,2.451702248314945,0.8327915864984352,1.0416633516659675
rank_mean_3d,2026-03-05,1.4685230757528933,0.003100815294000636,0.0,2.349650467726029,0.8022010531333315,1.0448933573180132
rank_mean_3d,2026-03-06,1.4663651293090627,-0.001469467167020344,0.0,2.2474211813746208,0.7657073097777531,1.0433579208363968
rank_mean_3d,2026-03-09,1.466010373850291,-0.00024192846084580832,0.0,2.446310719442356,0.8336452277983003,1.0431055028604976
rank_mean_3d,2026-03-10,1.4616585186974518,-0.0029685022906145164,0.0,2.3222461615970076,0.7946632382118513,1.0400090417859036
rank_mean_3d,2026-03-11,1.4583912264127123,-0.0022353321538132187,0.0,2.1956455960501158,0.7509407621916402,1.037684276134543
rank_mean_3d,2026-03-12,1.4582640939568117,-8.717308058237005e-05,0.0,1.9633254834739495,0.6724510954776547,1.0375938179995206
rank_mean_3d,2026-03-13,1.4615856530416085,0.0022777486592187035,0.0,1.9716985618216702,0.6763964775233658,1.0399571959272826
rank_mean_3d,2026-03-16,1.4633601612312932,0.001214097980499318,0.0,2.1640126802317248,0.7409048410478539,1.0412198058586637
rank_mean_3d,2026-03-17,1.4689140348538854,0.003795288248054529,0.0,2.1218027645728212,0.7230792266260011,1.0451715351514808
rank_mean_3d,2026-03-18,1.4645539869643758,-0.0029682117442245692,0.0,2.363516073145431,0.8046499561214224,1.0420692447261148
rank_mean_3d,2026-03-19,1.461053710189892,-0.0023899950467096698,0.0,2.191639484203724,0.74704222738902,1.039578704392891
rank_mean_3d,2026-03-20,1.4569844867967803,-0.002785129228810357,0.0,2.2048870292141207,0.7532773965453268,1.0366833433576377
rank_mean_3d,2026-03-23,1.44765800587126,-0.00640122184555636,0.0,2.3217396332557585,0.7961786012133976,1.0300473032932123
rank_mean_3d,2026-03-24,1.450632788807767,0.00205489343784393,0.0,2.2507195222845606,0.7767531561515577,1.0321639407374184
rank_mean_3d,2026-03-25,1.4442958337236984,-0.004368407451534884,0.0,2.314995251798186,0.7967519631310581,1.0276550280874954
rank_mean_3d,2026-03-26,1.4416122344733675,-0.0018580675701403981,0.0,2.552335111804804,0.8825017457677341,1.0257455756065144
rank_mean_3d,2026-03-27,1.4480047328705234,0.004434270356682424,0.0,2.2208549698537476,0.7688979304252385,1.0302940088059245
rank_mean_3d,2026-03-30,1.4471110698261587,-0.0006171685934984739,0.0,1.9688759563051528,0.679517204921157,1.02965814370162
rank_mean_3d,2026-03-31,1.4500401216656917,0.00202406843580083,0.0,2.1333536921166614,0.7370731283484523,1.0317422422499516
rank_mean_3d,2026-04-01,1.4497963736355097,-0.00016809743850532133,0.0,2.088221987734822,0.7202100580705936,1.0315688090218316
rank_mean_3d,2026-04-02,1.4525677977489788,0.0019115954239279365,0.0,1.9831190542968262,0.6824264325151383,1.0335407512366246
rank_mean_3d,2026-04-03,1.456736135566026,0.0028696339155438455,0.0,2.018248430228473,0.6934012371034344,1.0365066348294698
rank_mean_3d,2026-04-07,1.4589626477002142,0.0015284251415395023,0.0,2.2993788978737237,0.7890211970408763,1.0380908576295156
rank_mean_3d,2026-04-08,1.4587723826492607,-0.00013041118719070433,0.0,2.14532337859952,0.734362216097353,1.0379554789683603
rank_mean_3d,2026-04-09,1.451930953061487,-0.004689854064380494,0.0,2.113914290678054,0.7248480703799112,1.0330876192466745
rank_mean_3d,2026-04-10,1.4515752551699639,-0.0002449826493285956,0.0,2.248451699076113,0.7736855232084746,1.0328345307047229
rank_mean_3d,2026-04-13,1.450394977026187,-0.0008131015871021274,0.0,1.7746910145713677,0.6110068712940434,1.0319947313085929
rank_mean_3d,2026-04-14,1.4469144338551168,-0.002399720921680615,0.0,2.1730879928107374,0.7497075441017084,1.0295182319608074
rank_mean_3d,2026-04-15,1.4481588253847162,0.0008600311811692851,0.0,2.041551333888896,0.7054008028121802,1.030403649741876
rank_mean_3d,2026-04-16,1.4513253577515994,0.002186591906479629,0.0,1.9681241274901136,0.6788357720161394,1.0326567220228087
rank_mean_3d,2026-04-17,1.4540459068479672,0.0018745273634455106,0.0,2.0864673288988884,0.7168009961624238,1.0345924653052865
rank_mean_3d,2026-04-20,1.4504565275237928,-0.002468546080470979,0.0,2.0246209343838215,0.6966998543705114,1.0320385261301723
rank_mean_3d,2026-04-21,1.450557771942228,6.980176000714877e-05,0.0,2.087535265270219,0.7188596847875703,1.0321105642356914
rank_mean_3d,2026-04-22,1.443861613073806,-0.004616264858900543,0.0,1.8415455215023033,0.6351400812082245,1.0273460685075102
rank_mean_3d,2026-04-23,1.4406916858178138,-0.0021954508848280874,0.0,2.0543274957507682,0.712093518314549,1.0250905806723807
rank_mean_3d,2026-04-24,1.4430313017589165,0.0016239532469950468,0.0,2.1042494082307748,0.7290101037322881,1.0267552798493276
rank_mean_3d,2026-04-27,1.4474163258121948,0.0030387587905635893,0.0,2.0459004792013262,0.7084380790434347,1.0298753414817272
rank_mean_3d,2026-04-28,1.4413792463993,-0.004170934999995324,0.0,2.2331795886156542,0.770783164610925,1.025579798374309
rank_mean_3d,2026-04-29,1.44566181780492,0.0029711621117887166,0.0,2.031652460007332,0.7032725386031974,1.0286269622138546
rank_mean_3d,2026-04-30,1.4490865719223098,0.0023689870446947925,0.0,2.0685071181386414,0.716527365089359,1.031063766161163
rank_mean_3d,2026-05-06,1.4470760786018488,-0.0013874211240491041,0.0,2.127381090497988,0.7334680805066826,1.0296332465117495
rank_mean_3d,2026-05-07,1.4439843942325163,-0.0021365043725410926,0.0,2.256207835616564,0.7806494850917752,1.0274334305784634
rank_mean_3d,2026-05-08,1.4455127122130662,0.0010584033917915292,0.0,2.0211604699771315,0.6994259499205531,1.0285208696062276
rank_mean_3d,2026-05-11,1.4398107566164826,-0.003944590419999838,0.0,1.9132842097421179,0.6613800121844629,1.0244637760372088
rank_mean_3d,2026-05-12,1.4366019045507494,-0.00222866237871,0.0,1.9765526073610054,0.686168107561849,1.0221805921612035
rank_mean_3d,2026-05-13,1.4270326030546754,-0.006661066970439888,0.0,2.0646524973216103,0.7189340972347722,1.0153717787809338
rank_mean_3d,2026-05-14,1.4245379454656981,-0.0017481433736252772,0.0,1.9354584292622634,0.6795158860922569,1.0135967633340917
rank_mean_3d,2026-05-15,1.4251018515267353,0.00039585190610891274,0.0,2.069743778595617,0.7252007072193162,1.0139979975448832
rank_mean_3d,2026-05-18,1.4231946857716344,-0.0013382662811487478,0.0,2.034014883357522,0.7124900807045933,1.0126409982156166
rank_mean_3d,2026-05-19,1.4236732572640882,0.0003362656544732001,0.0,2.192892762684265,0.7698796776576095,1.012981514603628
rank_mean_3d,2026-05-20,1.4202418887041737,-0.00241022196800178,0.0,2.1198235952734548,0.7451799732104217,1.0105400043039507
rank_mean_3d,2026-05-21,1.4223449678134017,0.0014807893823964857,0.0,1.9944522847498671,0.6996704271372041,1.012036401212811
rank_mean_3d,2026-05-22,1.4227334108499556,0.00027310044000872225,0.0,2.1097720805598996,0.7404946815566511,1.0123127887992869
rank_mean_3d,2026-05-25,1.425100977583684,0.0016640972340096205,0.0,1.992046237205553,0.6999599963494855,1.0139973757110803
rank_mean_3d,2026-05-26,1.4290716427764694,0.0027862342776003857,0.0,1.9109687133185393,0.6689061518451903,1.0168226099566833
rank_mean_3d,2026-05-27,1.425683871459116,-0.0023706098532411124,0.0,2.304160196808731,0.8036930812728349,1.0144121202585217
rank_mean_3d,2026-05-28,1.4292472786840031,0.0024994371446735997,0.0,2.0690220267344364,0.724809225988438,1.016947579591903
rank_mean_3d,2026-05-29,1.4256840567635574,-0.002493075882381013,0.0,2.140452901513998,0.7473158535565353,1.0144122521075767
rank_mean_3d,2026-06-01,1.4316241825939995,0.004166509264280416,0.0,2.1773347191077415,0.7615274056826439,1.0186388101537824
rank_mean_3d,2026-06-02,1.4283684364571623,-0.0022741625745229532,0.0,2.196057979079031,0.765905201543936,1.016322259894774
rank_mean_3d,2026-06-03,1.4271391106485176,-0.0008606503597166082,0.0,2.0371322595753445,0.7113641180409789,1.0154475617762078
rank_mean_3d,2026-06-04,1.431829821549404,0.0032867930434299364,0.0,2.2441115200148802,0.7846408446133852,1.0187851277582216
rank_mean_3d,2026-06-05,1.4349132769565587,0.0021535069047646793,0.0,2.117156653613693,0.7395368868574342,1.0209790885653205
rank_mean_3d,2026-06-08,1.4360180122932584,0.0007698969369374087,0.0,2.0844601959552786,0.7218543079783183,1.021765137238284
rank_mean_3d,2026-06-09,1.4329327992218457,-0.0021484501204033224,0.0,2.2767596999429074,0.7921137693130742,1.0195699258061606
rank_mean_3d,2026-06-10,1.4368017300688198,0.002700008576169921,0.0,2.221851014343006,0.7757819611150476,1.0223227733498421
rank_mean_3d,2026-06-11,1.4401683181405653,0.0023431124846879925,0.0,2.380107917450297,0.8254133995502952,1.024718190603459
rank_mean_3d,2026-06-12,1.4568380658650169,0.011574860739871129,0.0,2.234635035744175,0.7737804022293094,1.0365791609573067
rank_mean_3d,2026-06-15,1.4550470039296026,-0.0012294173095694916,0.0,2.4078262727021373,0.8251468378499088,1.0353047725940867
rank_mean_3d,2026-06-16,1.4487712793504552,-0.0043130734348778565,0.0,2.798552043062105,0.9612729540829881,1.0308394270824088
rank_mean_3d,2026-06-17,1.4524744420016513,0.0025560712750023473,0.0,2.1035475609968057,0.7249459626831077,1.0334743261311141
rank_mean_3d,2026-06-18,1.4497951934000721,-0.001844609807995612,0.0,2.0945054381216273,0.7213028351812292,1.031567969252821
rank_mean_3d,2026-06-22,1.4508799208924896,0.0007481936051074722,0.0,2.208637173520268,0.763686054815383,1.0323397818106497
rank_mean_3d,2026-06-23,1.4621983149792872,0.007801055017589098,0.0,2.084697705268682,0.7176703575542367,1.0403931212454005
rank_mean_3d,2026-06-24,1.4519139219337442,-0.007033514496758708,0.0,2.100390805153431,0.7163162263819196,1.033075501144793
rank_mean_3d,2026-06-25,1.4475865179617586,-0.0029804824560275556,0.0,2.029478313517473,0.7006565967129338,1.029996437737879
rank_mean_3d,2026-06-26,1.441765566810343,-0.004021142141895306,0.0,1.9311572099412826,0.6664796880200782,1.0258546756560891
rank_mean_3d,2026-06-29,1.447022697077571,0.003646314205476786,0.0,2.144922072142652,0.7435665333000081,1.0295952641326886
rank_mean_3d,2026-06-30,1.4459589702469535,-0.000735114129699399,0.0,2.04207444221882,0.7056844636116548,1.0288383941061532
rank_mean_3d,2026-07-01,1.4465162604522126,0.00038541218438847835,0.0,2.0338911109901483,0.7038932467603596,1.0292349209590084
rank_mean_3d,2026-07-02,1.4533080917446077,0.004695302415938185,0.0,2.0783548174643265,0.7155624060106729,1.0340674901699551
rank_mean_3d,2026-07-03,1.461972052783228,0.0059615446221177315,0.0,2.1789513719127616,0.7486188081721822,1.0402321296548847
rank_mean_3d,2026-07-06,1.4667814248682365,0.003289647073521307,0.0,2.126973758672802,0.7273294521002699,1.0436541262359866
rank_mean_3d,2026-07-07,1.4738052919633176,0.004788625609785102,0.0,2.3114946746696776,0.7859126600636193,1.0486517951126382
rank_mean_3d,2026-07-08,1.4820412624819446,0.005588235137665709,0.0,2.1142244269804618,0.7162089310033625,1.0545119079212628
rank_mean_3d,2026-07-09,1.489490871955705,0.005026587087922696,0.0,1.9638200614546664,0.6609257284394557,1.0598125038616806
rank_mean_3d,2026-07-10,1.495836996862304,0.004260600065488562,0.0,2.2555766936198243,0.7550376719687434,1.0643279410850393
rank_mean_3d,2026-07-13,1.496052472760094,0.00014405038666764902,0.0,2.2348551003031965,0.7452495057114403,1.0644812579364937
rank_mean_3d,2026-07-14,1.508991226833796,0.008648596429128741,0.0,2.4459201083682096,0.816027292312358,1.0736875267427577
rank_mean_3d,2026-07-15,1.5195221042973344,0.006978753273227722,0.0,2.051444090774896,0.6785228912478168,1.0811805270844375
rank_mean_3d,2026-07-16,1.528004736733812,0.005582434380183132,0.0,2.525066648787453,0.829620465238464,1.087216146430018
rank_mean_3d,2026-07-17,1.524352022824304,-0.0023905121638012616,0.0,2.384527935515151,0.7798457064595067,1.084617143007296
rank_mean_3d,2026-07-20,1.5363965801087096,0.007901427691282104,0.0,2.368647889925736,0.7742582553487155,1.0931871669354931
rank_mean_3d,2026-07-21,1.5321646036589005,-0.002754481821034549,0.0,2.5215600800526725,0.8194216828558456,1.090176002757181
rank_mean_3d,2026-07-22,1.5225867594193154,-0.006251184903183771,0.0,2.194362051308838,0.7140045826756563,1.083361110986932
rank_mean_3d,2026-07-23,1.519563482363111,-0.0019856189064441088,0.0,2.357269178871685,0.7726891358172875,1.0812099686824501
rank_mean_3d,2026-07-24,1.518173116634742,-0.0009149770605217933,0.0,2.1969716501072405,0.7225679296047866,1.0802206863634982
rank_mean_3d,2026-07-27,1.517677187417521,-0.00032666183572027663,0.0,2.064066205443714,0.677346340444496,1.0798678194911078
rank_mean_3d,2026-07-28,1.5258855185925257,0.005408482938965564,0.0,2.303676196656441,0.757387262277203,1.0857082661691633
rank_mean_3d,2026-07-29,1.53169468179736,0.0038070767000872863,0.0,2.084322165816,0.6810682713601378,1.089841640812388
rank_mean_3d,2026-07-30,1.532552875566356,0.0005602903628214584,0.0,2.3514269040155185,0.7659306004880932,1.0904522685807367
rank_mean_3d,2026-07-31,1.5327060111253508,9.99218763908516e-05,0.0,2.1162814766898035,0.6892289269120512,1.090561228617528
rank_mean_3d,2026-08-03,1.543854143394409,0.00727349680117273,0.0,2.2651696913705948,0.7370481024194098,1.0984934222253604
rank_mean_3d,2026-08-04,1.5367830408681356,-0.004580162288340683,0.0,2.0399168812444124,0.6605800624652296,1.0934621440788934
rank_mean_3d,2026-08-05,1.5299774303498974,-0.004428478410585246,0.0,2.151114112862724,0.6996061560670528,1.0886197705810479
rank_mean_3d,2026-08-06,1.5377152825097147,0.005057494317447286,0.0,1.9234844249852765,0.6294428396075735,1.0941254588846223
rank_mean_3d,2026-08-07,1.541699572712093,0.002591045460558661,0.0,2.132871936436377,0.6936859235235174,1.096960387688147
rank_mean_3d,2026-08-10,1.5435998657054724,0.001232596173089906,0.0,1.8873389116074897,0.6137594599663347,1.0983124968640428
rank_mean_3d,2026-08-11,1.5381084244159986,-0.0035575549152849772,0.0,2.317111990834623,0.7502043569402248,1.094405189842305
rank_mean_3d,2026-08-12,1.544188909954007,0.003953222959764302,0.0,2.2210717552107195,0.7210066472968006,1.0987316175660748
rank_mean_3d,2026-08-13,1.545737602586095,0.0010029165616363134,0.0,1.8818249355256842,0.6082686867969043,1.0998335537021253
rank_mean_3d,2026-08-14,1.549723571930704,0.00257868433681141,0.0,2.3451749811519145,0.7588975130675386,1.1026696772601565
rank_mean_3d,2026-08-17,1.5495705386981724,-9.874872867876583e-05,0.0,2.228534227454207,0.7177391906823912,1.1025607900313745
rank_mean_3d,2026-08-18,1.551174056448066,0.001034814298444875,0.0,2.1770964839311047,0.7023333926046234,1.1037017357018037
rank_mean_3d,2026-08-19,1.5466386878922722,-0.0029238295579666618,0.0,2.253559211885797,0.7263646221569444,1.1004746999437798
rank_mean_3d,2026-08-20,1.5589380309202903,0.007952305295543471,0.0,2.3137599225131287,0.7438350466032806,1.1092260107277543
rank_mean_3d,2026-08-21,1.5642317571772146,0.0033957259056662803,0.0,1.970747096408363,0.6304424104587654,1.1129926382276214
rank_mean_3d,2026-08-24,1.5719853036709301,0.004956776039189537,0.0,2.4763352417324107,0.7918135479847691,1.1185094934685824
rank_mean_3d,2026-08-25,1.5758391815020758,0.002451599147998307,0.0,2.481302788892517,0.7871633317027716,1.121251630389798
rank_mean_3d,2026-08-26,1.5789839792253937,0.001995633666323826,0.0,2.344952623999559,0.7427144047586917,1.1234892378918242
rank_mean_3d,2026-08-27,1.5867806931357147,0.004937804317777683,0.0,2.086486273481598,0.659537036141551,1.1290368079016633
rank_mean_3d,2026-08-28,1.5838258457628127,-0.001862164939165467,0.0,3.2180483985647896,1.0159098006810503,1.1269343551429616
