candidate,evaluation_stage,baseline_candidates,train_start,train_end,test_start,test_end,feature,split_importance,gain_importance
__joint_lightgbm__,final_joint,"self__FR-013,self__INT-002,self__OB-004,self__PV-009,self__OB-003,self__FR-012,self__PV-017,self__PV-019,self__HF-001,self__PV-010,self__FR-002,self__PV-016,self__FR-005,self__PV-004,self__PV-015,self__FR-004,self__PV-011,self__PV-021,self__INT-003,self__OB-005,self__PV-023,self__FR-001,self__HF-004,self__PV-002,self__OB-002,self__OB-001,self__FR-010",2019-01-02,2019-04-02,2019-04-03,2019-05-06,factorlib__amount,51.0,522.5364365577698
__joint_lightgbm__,final_joint,"self__FR-013,self__INT-002,self__OB-004,self__PV-009,self__OB-003,self__FR-012,self__PV-017,self__PV-019,self__HF-001,self__PV-010,self__FR-002,self__PV-016,self__FR-005,self__PV-004,self__PV-015,self__FR-004,self__PV-011,self__PV-021,self__INT-003,self__OB-005,self__PV-023,self__FR-001,self__HF-004,self__PV-002,self__OB-002,self__OB-001,self__FR-010",2019-01-02,2019-04-02,2019-04-03,2019-05-06,factorlib__atr_14,28.0,183.771719455719
__joint_lightgbm__,final_joint,"self__FR-013,self__INT-002,self__OB-004,self__PV-009,self__OB-003,self__FR-012,self__PV-017,self__PV-019,self__HF-001,self__PV-010,self__FR-002,self__PV-016,self__FR-005,self__PV-004,self__PV-015,self__FR-004,self__PV-011,self__PV-021,self__INT-003,self__OB-005,self__PV-023,self__FR-001,self__HF-004,self__PV-002,self__OB-002,self__OB-001,self__FR-010",2019-01-02,2019-04-02,2019-04-03,2019-05-06,factorlib__bias_20,114.0,2917.6232228279114
__joint_lightgbm__,final_joint,"self__FR-013,self__INT-002,self__OB-004,self__PV-009,self__OB-003,self__FR-012,self__PV-017,self__PV-019,self__HF-001,self__PV-010,self__FR-002,self__PV-016,self__FR-005,self__PV-004,self__PV-015,self__FR-004,self__PV-011,self__PV-021,self__INT-003,self__OB-005,self__PV-023,self__FR-001,self__HF-004,self__PV-002,self__OB-002,self__OB-001,self__FR-010",2019-01-02,2019-04-02,2019-04-03,2019-05-06,factorlib__cci_14,19.0,244.32193040847778
__joint_lightgbm__,final_joint,"self__FR-013,self__INT-002,self__OB-004,self__PV-009,self__OB-003,self__FR-012,self__PV-017,self__PV-019,self__HF-001,self__PV-010,self__FR-002,self__PV-016,self__FR-005,self__PV-004,self__PV-015,self__FR-004,self__PV-011,self__PV-021,self__INT-003,self__OB-005,self__PV-023,self__FR-001,self__HF-004,self__PV-002,self__OB-002,self__OB-001,self__FR-010",2019-01-02,2019-04-02,2019-04-03,2019-05-06,factorlib__float_market_cap,21.0,106.22468972206116
__joint_lightgbm__,final_joint,"self__FR-013,self__INT-002,self__OB-004,self__PV-009,self__OB-003,self__FR-012,self__PV-017,self__PV-019,self__HF-001,self__PV-010,self__FR-002,self__PV-016,self__FR-005,self__PV-004,self__PV-015,self__FR-004,self__PV-011,self__PV-021,self__INT-003,self__OB-005,self__PV-023,self__FR-001,self__HF-004,self__PV-002,self__OB-002,self__OB-001,self__FR-010",2019-01-02,2019-04-02,2019-04-03,2019-05-06,factorlib__kdj_d_9_3_3,25.0,161.58432984352112
__joint_lightgbm__,final_joint,"self__FR-013,self__INT-002,self__OB-004,self__PV-009,self__OB-003,self__FR-012,self__PV-017,self__PV-019,self__HF-001,self__PV-010,self__FR-002,self__PV-016,self__FR-005,self__PV-004,self__PV-015,self__FR-004,self__PV-011,self__PV-021,self__INT-003,self__OB-005,self__PV-023,self__FR-001,self__HF-004,self__PV-002,self__OB-002,self__OB-001,self__FR-010",2019-01-02,2019-04-02,2019-04-03,2019-05-06,factorlib__macd_diff_12_26_9,23.0,101.91679048538208
__joint_lightgbm__,final_joint,"self__FR-013,self__INT-002,self__OB-004,self__PV-009,self__OB-003,self__FR-012,self__PV-017,self__PV-019,self__HF-001,self__PV-010,self__FR-002,self__PV-016,self__FR-005,self__PV-004,self__PV-015,self__FR-004,self__PV-011,self__PV-021,self__INT-003,self__OB-005,self__PV-023,self__FR-001,self__HF-004,self__PV-002,self__OB-002,self__OB-001,self__FR-010",2019-01-02,2019-04-02,2019-04-03,2019-05-06,factorlib__macd_hist_12_26_9,22.0,124.72073912620544
__joint_lightgbm__,final_joint,"self__FR-013,self__INT-002,self__OB-004,self__PV-009,self__OB-003,self__FR-012,self__PV-017,self__PV-019,self__HF-001,self__PV-010,self__FR-002,self__PV-016,self__FR-005,self__PV-004,self__PV-015,self__FR-004,self__PV-011,self__PV-021,self__INT-003,self__OB-005,self__PV-023,self__FR-001,self__HF-004,self__PV-002,self__OB-002,self__OB-001,self__FR-010",2019-01-02,2019-04-02,2019-04-03,2019-05-06,factorlib__momentum_5,67.0,672.3259081840515
__joint_lightgbm__,final_joint,"self__FR-013,self__INT-002,self__OB-004,self__PV-009,self__OB-003,self__FR-012,self__PV-017,self__PV-019,self__HF-001,self__PV-010,self__FR-002,self__PV-016,self__FR-005,self__PV-004,self__PV-015,self__FR-004,self__PV-011,self__PV-021,self__INT-003,self__OB-005,self__PV-023,self__FR-001,self__HF-004,self__PV-002,self__OB-002,self__OB-001,self__FR-010",2019-01-02,2019-04-02,2019-04-03,2019-05-06,factorlib__net_profit_rate_ttm,10.0,67.48435091972351
__joint_lightgbm__,final_joint,"self__FR-013,self__INT-002,self__OB-004,self__PV-009,self__OB-003,self__FR-012,self__PV-017,self__PV-019,self__HF-001,self__PV-010,self__FR-002,self__PV-016,self__FR-005,self__PV-004,self__PV-015,self__FR-004,self__PV-011,self__PV-021,self__INT-003,self__OB-005,self__PV-023,self__FR-001,self__HF-004,self__PV-002,self__OB-002,self__OB-001,self__FR-010",2019-01-02,2019-04-02,2019-04-03,2019-05-06,factorlib__netflow_amount_rate_main,85.0,1210.7234318256378
__joint_lightgbm__,final_joint,"self__FR-013,self__INT-002,self__OB-004,self__PV-009,self__OB-003,self__FR-012,self__PV-017,self__PV-019,self__HF-001,self__PV-010,self__FR-002,self__PV-016,self__FR-005,self__PV-004,self__PV-015,self__FR-004,self__PV-011,self__PV-021,self__INT-003,self__OB-005,self__PV-023,self__FR-001,self__HF-004,self__PV-002,self__OB-002,self__OB-001,self__FR-010",2019-01-02,2019-04-02,2019-04-03,2019-05-06,factorlib__total_market_cap,48.0,488.24544072151184
__joint_lightgbm__,final_joint,"self__FR-013,self__INT-002,self__OB-004,self__PV-009,self__OB-003,self__FR-012,self__PV-017,self__PV-019,self__HF-001,self__PV-010,self__FR-002,self__PV-016,self__FR-005,self__PV-004,self__PV-015,self__FR-004,self__PV-011,self__PV-021,self__INT-003,self__OB-005,self__PV-023,self__FR-001,self__HF-004,self__PV-002,self__OB-002,self__OB-001,self__FR-010",2019-01-02,2019-04-02,2019-04-03,2019-05-06,factorlib__turn,94.0,1485.2757878303528
__joint_lightgbm__,final_joint,"self__FR-013,self__INT-002,self__OB-004,self__PV-009,self__OB-003,self__FR-012,self__PV-017,self__PV-019,self__HF-001,self__PV-010,self__FR-002,self__PV-016,self__FR-005,self__PV-004,self__PV-015,self__FR-004,self__PV-011,self__PV-021,self__INT-003,self__OB-005,self__PV-023,self__FR-001,self__HF-004,self__PV-002,self__OB-002,self__OB-001,self__FR-010",2019-01-02,2019-04-02,2019-04-03,2019-05-06,factorlib__volatility_5,55.0,318.35994148254395
__joint_lightgbm__,final_joint,"self__FR-013,self__INT-002,self__OB-004,self__PV-009,self__OB-003,self__FR-012,self__PV-017,self__PV-019,self__HF-001,self__PV-010,self__FR-002,self__PV-016,self__FR-005,self__PV-004,self__PV-015,self__FR-004,self__PV-011,self__PV-021,self__INT-003,self__OB-005,self__PV-023,self__FR-001,self__HF-004,self__PV-002,self__OB-002,self__OB-001,self__FR-010",2019-01-02,2019-04-02,2019-04-03,2019-05-06,factorlib__volume,27.0,259.53837966918945
__joint_lightgbm__,final_joint,"self__FR-013,self__INT-002,self__OB-004,self__PV-009,self__OB-003,self__FR-012,self__PV-017,self__PV-019,self__HF-001,self__PV-010,self__FR-002,self__PV-016,self__FR-005,self__PV-004,self__PV-015,self__FR-004,self__PV-011,self__PV-021,self__INT-003,self__OB-005,self__PV-023,self__FR-001,self__HF-004,self__PV-002,self__OB-002,self__OB-001,self__FR-010",2019-01-02,2019-04-02,2019-04-03,2019-05-06,self__FR-013,0.0,0.0
__joint_lightgbm__,final_joint,"self__FR-013,self__INT-002,self__OB-004,self__PV-009,self__OB-003,self__FR-012,self__PV-017,self__PV-019,self__HF-001,self__PV-010,self__FR-002,self__PV-016,self__FR-005,self__PV-004,self__PV-015,self__FR-004,self__PV-011,self__PV-021,self__INT-003,self__OB-005,self__PV-023,self__FR-001,self__HF-004,self__PV-002,self__OB-002,self__OB-001,self__FR-010",2019-01-02,2019-04-02,2019-04-03,2019-05-06,self__INT-002,5.0,17.199300289154053
__joint_lightgbm__,final_joint,"self__FR-013,self__INT-002,self__OB-004,self__PV-009,self__OB-003,self__FR-012,self__PV-017,self__PV-019,self__HF-001,self__PV-010,self__FR-002,self__PV-016,self__FR-005,self__PV-004,self__PV-015,self__FR-004,self__PV-011,self__PV-021,self__INT-003,self__OB-005,self__PV-023,self__FR-001,self__HF-004,self__PV-002,self__OB-002,self__OB-001,self__FR-010",2019-01-02,2019-04-02,2019-04-03,2019-05-06,self__OB-004,47.0,408.53775119781494
__joint_lightgbm__,final_joint,"self__FR-013,self__INT-002,self__OB-004,self__PV-009,self__OB-003,self__FR-012,self__PV-017,self__PV-019,self__HF-001,self__PV-010,self__FR-002,self__PV-016,self__FR-005,self__PV-004,self__PV-015,self__FR-004,self__PV-011,self__PV-021,self__INT-003,self__OB-005,self__PV-023,self__FR-001,self__HF-004,self__PV-002,self__OB-002,self__OB-001,self__FR-010",2019-01-02,2019-04-02,2019-04-03,2019-05-06,self__PV-009,0.0,0.0
__joint_lightgbm__,final_joint,"self__FR-013,self__INT-002,self__OB-004,self__PV-009,self__OB-003,self__FR-012,self__PV-017,self__PV-019,self__HF-001,self__PV-010,self__FR-002,self__PV-016,self__FR-005,self__PV-004,self__PV-015,self__FR-004,self__PV-011,self__PV-021,self__INT-003,self__OB-005,self__PV-023,self__FR-001,self__HF-004,self__PV-002,self__OB-002,self__OB-001,self__FR-010",2019-01-02,2019-04-02,2019-04-03,2019-05-06,self__OB-003,11.0,65.03904032707214
__joint_lightgbm__,final_joint,"self__FR-013,self__INT-002,self__OB-004,self__PV-009,self__OB-003,self__FR-012,self__PV-017,self__PV-019,self__HF-001,self__PV-010,self__FR-002,self__PV-016,self__FR-005,self__PV-004,self__PV-015,self__FR-004,self__PV-011,self__PV-021,self__INT-003,self__OB-005,self__PV-023,self__FR-001,self__HF-004,self__PV-002,self__OB-002,self__OB-001,self__FR-010",2019-01-02,2019-04-02,2019-04-03,2019-05-06,self__FR-012,0.0,0.0
__joint_lightgbm__,final_joint,"self__FR-013,self__INT-002,self__OB-004,self__PV-009,self__OB-003,self__FR-012,self__PV-017,self__PV-019,self__HF-001,self__PV-010,self__FR-002,self__PV-016,self__FR-005,self__PV-004,self__PV-015,self__FR-004,self__PV-011,self__PV-021,self__INT-003,self__OB-005,self__PV-023,self__FR-001,self__HF-004,self__PV-002,self__OB-002,self__OB-001,self__FR-010",2019-01-02,2019-04-02,2019-04-03,2019-05-06,self__PV-017,0.0,0.0
__joint_lightgbm__,final_joint,"self__FR-013,self__INT-002,self__OB-004,self__PV-009,self__OB-003,self__FR-012,self__PV-017,self__PV-019,self__HF-001,self__PV-010,self__FR-002,self__PV-016,self__FR-005,self__PV-004,self__PV-015,self__FR-004,self__PV-011,self__PV-021,self__INT-003,self__OB-005,self__PV-023,self__FR-001,self__HF-004,self__PV-002,self__OB-002,self__OB-001,self__FR-010",2019-01-02,2019-04-02,2019-04-03,2019-05-06,self__PV-019,0.0,0.0
__joint_lightgbm__,final_joint,"self__FR-013,self__INT-002,self__OB-004,self__PV-009,self__OB-003,self__FR-012,self__PV-017,self__PV-019,self__HF-001,self__PV-010,self__FR-002,self__PV-016,self__FR-005,self__PV-004,self__PV-015,self__FR-004,self__PV-011,self__PV-021,self__INT-003,self__OB-005,self__PV-023,self__FR-001,self__HF-004,self__PV-002,self__OB-002,self__OB-001,self__FR-010",2019-01-02,2019-04-02,2019-04-03,2019-05-06,self__HF-001,28.0,189.04331851005554
__joint_lightgbm__,final_joint,"self__FR-013,self__INT-002,self__OB-004,self__PV-009,self__OB-003,self__FR-012,self__PV-017,self__PV-019,self__HF-001,self__PV-010,self__FR-002,self__PV-016,self__FR-005,self__PV-004,self__PV-015,self__FR-004,self__PV-011,self__PV-021,self__INT-003,self__OB-005,self__PV-023,self__FR-001,self__HF-004,self__PV-002,self__OB-002,self__OB-001,self__FR-010",2019-01-02,2019-04-02,2019-04-03,2019-05-06,self__PV-010,0.0,0.0
__joint_lightgbm__,final_joint,"self__FR-013,self__INT-002,self__OB-004,self__PV-009,self__OB-003,self__FR-012,self__PV-017,self__PV-019,self__HF-001,self__PV-010,self__FR-002,self__PV-016,self__FR-005,self__PV-004,self__PV-015,self__FR-004,self__PV-011,self__PV-021,self__INT-003,self__OB-005,self__PV-023,self__FR-001,self__HF-004,self__PV-002,self__OB-002,self__OB-001,self__FR-010",2019-01-02,2019-04-02,2019-04-03,2019-05-06,self__FR-002,29.0,125.52468037605286
__joint_lightgbm__,final_joint,"self__FR-013,self__INT-002,self__OB-004,self__PV-009,self__OB-003,self__FR-012,self__PV-017,self__PV-019,self__HF-001,self__PV-010,self__FR-002,self__PV-016,self__FR-005,self__PV-004,self__PV-015,self__FR-004,self__PV-011,self__PV-021,self__INT-003,self__OB-005,self__PV-023,self__FR-001,self__HF-004,self__PV-002,self__OB-002,self__OB-001,self__FR-010",2019-01-02,2019-04-02,2019-04-03,2019-05-06,self__PV-016,0.0,0.0
__joint_lightgbm__,final_joint,"self__FR-013,self__INT-002,self__OB-004,self__PV-009,self__OB-003,self__FR-012,self__PV-017,self__PV-019,self__HF-001,self__PV-010,self__FR-002,self__PV-016,self__FR-005,self__PV-004,self__PV-015,self__FR-004,self__PV-011,self__PV-021,self__INT-003,self__OB-005,self__PV-023,self__FR-001,self__HF-004,self__PV-002,self__OB-002,self__OB-001,self__FR-010",2019-01-02,2019-04-02,2019-04-03,2019-05-06,self__FR-005,2.0,9.431259632110596
__joint_lightgbm__,final_joint,"self__FR-013,self__INT-002,self__OB-004,self__PV-009,self__OB-003,self__FR-012,self__PV-017,self__PV-019,self__HF-001,self__PV-010,self__FR-002,self__PV-016,self__FR-005,self__PV-004,self__PV-015,self__FR-004,self__PV-011,self__PV-021,self__INT-003,self__OB-005,self__PV-023,self__FR-001,self__HF-004,self__PV-002,self__OB-002,self__OB-001,self__FR-010",2019-01-02,2019-04-02,2019-04-03,2019-05-06,self__PV-004,66.0,423.85144901275635
__joint_lightgbm__,final_joint,"self__FR-013,self__INT-002,self__OB-004,self__PV-009,self__OB-003,self__FR-012,self__PV-017,self__PV-019,self__HF-001,self__PV-010,self__FR-002,self__PV-016,self__FR-005,self__PV-004,self__PV-015,self__FR-004,self__PV-011,self__PV-021,self__INT-003,self__OB-005,self__PV-023,self__FR-001,self__HF-004,self__PV-002,self__OB-002,self__OB-001,self__FR-010",2019-01-02,2019-04-02,2019-04-03,2019-05-06,self__PV-015,0.0,0.0
__joint_lightgbm__,final_joint,"self__FR-013,self__INT-002,self__OB-004,self__PV-009,self__OB-003,self__FR-012,self__PV-017,self__PV-019,self__HF-001,self__PV-010,self__FR-002,self__PV-016,self__FR-005,self__PV-004,self__PV-015,self__FR-004,self__PV-011,self__PV-021,self__INT-003,self__OB-005,self__PV-023,self__FR-001,self__HF-004,self__PV-002,self__OB-002,self__OB-001,self__FR-010",2019-01-02,2019-04-02,2019-04-03,2019-05-06,self__FR-004,1.0,3.83774995803833
__joint_lightgbm__,final_joint,"self__FR-013,self__INT-002,self__OB-004,self__PV-009,self__OB-003,self__FR-012,self__PV-017,self__PV-019,self__HF-001,self__PV-010,self__FR-002,self__PV-016,self__FR-005,self__PV-004,self__PV-015,self__FR-004,self__PV-011,self__PV-021,self__INT-003,self__OB-005,self__PV-023,self__FR-001,self__HF-004,self__PV-002,self__OB-002,self__OB-001,self__FR-010",2019-01-02,2019-04-02,2019-04-03,2019-05-06,self__PV-011,0.0,0.0
__joint_lightgbm__,final_joint,"self__FR-013,self__INT-002,self__OB-004,self__PV-009,self__OB-003,self__FR-012,self__PV-017,self__PV-019,self__HF-001,self__PV-010,self__FR-002,self__PV-016,self__FR-005,self__PV-004,self__PV-015,self__FR-004,self__PV-011,self__PV-021,self__INT-003,self__OB-005,self__PV-023,self__FR-001,self__HF-004,self__PV-002,self__OB-002,self__OB-001,self__FR-010",2019-01-02,2019-04-02,2019-04-03,2019-05-06,self__PV-021,0.0,0.0
__joint_lightgbm__,final_joint,"self__FR-013,self__INT-002,self__OB-004,self__PV-009,self__OB-003,self__FR-012,self__PV-017,self__PV-019,self__HF-001,self__PV-010,self__FR-002,self__PV-016,self__FR-005,self__PV-004,self__PV-015,self__FR-004,self__PV-011,self__PV-021,self__INT-003,self__OB-005,self__PV-023,self__FR-001,self__HF-004,self__PV-002,self__OB-002,self__OB-001,self__FR-010",2019-01-02,2019-04-02,2019-04-03,2019-05-06,self__INT-003,0.0,0.0
__joint_lightgbm__,final_joint,"self__FR-013,self__INT-002,self__OB-004,self__PV-009,self__OB-003,self__FR-012,self__PV-017,self__PV-019,self__HF-001,self__PV-010,self__FR-002,self__PV-016,self__FR-005,self__PV-004,self__PV-015,self__FR-004,self__PV-011,self__PV-021,self__INT-003,self__OB-005,self__PV-023,self__FR-001,self__HF-004,self__PV-002,self__OB-002,self__OB-001,self__FR-010",2019-01-02,2019-04-02,2019-04-03,2019-05-06,self__OB-005,50.0,406.4686179161072
__joint_lightgbm__,final_joint,"self__FR-013,self__INT-002,self__OB-004,self__PV-009,self__OB-003,self__FR-012,self__PV-017,self__PV-019,self__HF-001,self__PV-010,self__FR-002,self__PV-016,self__FR-005,self__PV-004,self__PV-015,self__FR-004,self__PV-011,self__PV-021,self__INT-003,self__OB-005,self__PV-023,self__FR-001,self__HF-004,self__PV-002,self__OB-002,self__OB-001,self__FR-010",2019-01-02,2019-04-02,2019-04-03,2019-05-06,self__PV-023,52.0,352.8042893409729
__joint_lightgbm__,final_joint,"self__FR-013,self__INT-002,self__OB-004,self__PV-009,self__OB-003,self__FR-012,self__PV-017,self__PV-019,self__HF-001,self__PV-010,self__FR-002,self__PV-016,self__FR-005,self__PV-004,self__PV-015,self__FR-004,self__PV-011,self__PV-021,self__INT-003,self__OB-005,self__PV-023,self__FR-001,self__HF-004,self__PV-002,self__OB-002,self__OB-001,self__FR-010",2019-01-02,2019-04-02,2019-04-03,2019-05-06,self__FR-001,10.0,36.35838985443115
__joint_lightgbm__,final_joint,"self__FR-013,self__INT-002,self__OB-004,self__PV-009,self__OB-003,self__FR-012,self__PV-017,self__PV-019,self__HF-001,self__PV-010,self__FR-002,self__PV-016,self__FR-005,self__PV-004,self__PV-015,self__FR-004,self__PV-011,self__PV-021,self__INT-003,self__OB-005,self__PV-023,self__FR-001,self__HF-004,self__PV-002,self__OB-002,self__OB-001,self__FR-010",2019-01-02,2019-04-02,2019-04-03,2019-05-06,self__HF-004,51.0,422.8641526699066
__joint_lightgbm__,final_joint,"self__FR-013,self__INT-002,self__OB-004,self__PV-009,self__OB-003,self__FR-012,self__PV-017,self__PV-019,self__HF-001,self__PV-010,self__FR-002,self__PV-016,self__FR-005,self__PV-004,self__PV-015,self__FR-004,self__PV-011,self__PV-021,self__INT-003,self__OB-005,self__PV-023,self__FR-001,self__HF-004,self__PV-002,self__OB-002,self__OB-001,self__FR-010",2019-01-02,2019-04-02,2019-04-03,2019-05-06,self__PV-002,77.0,564.1354055404663
__joint_lightgbm__,final_joint,"self__FR-013,self__INT-002,self__OB-004,self__PV-009,self__OB-003,self__FR-012,self__PV-017,self__PV-019,self__HF-001,self__PV-010,self__FR-002,self__PV-016,self__FR-005,self__PV-004,self__PV-015,self__FR-004,self__PV-011,self__PV-021,self__INT-003,self__OB-005,self__PV-023,self__FR-001,self__HF-004,self__PV-002,self__OB-002,self__OB-001,self__FR-010",2019-01-02,2019-04-02,2019-04-03,2019-05-06,self__OB-002,13.0,82.1380090713501
__joint_lightgbm__,final_joint,"self__FR-013,self__INT-002,self__OB-004,self__PV-009,self__OB-003,self__FR-012,self__PV-017,self__PV-019,self__HF-001,self__PV-010,self__FR-002,self__PV-016,self__FR-005,self__PV-004,self__PV-015,self__FR-004,self__PV-011,self__PV-021,self__INT-003,self__OB-005,self__PV-023,self__FR-001,self__HF-004,self__PV-002,self__OB-002,self__OB-001,self__FR-010",2019-01-02,2019-04-02,2019-04-03,2019-05-06,self__OB-001,66.0,601.4732987880707
__joint_lightgbm__,final_joint,"self__FR-013,self__INT-002,self__OB-004,self__PV-009,self__OB-003,self__FR-012,self__PV-017,self__PV-019,self__HF-001,self__PV-010,self__FR-002,self__PV-016,self__FR-005,self__PV-004,self__PV-015,self__FR-004,self__PV-011,self__PV-021,self__INT-003,self__OB-005,self__PV-023,self__FR-001,self__HF-004,self__PV-002,self__OB-002,self__OB-001,self__FR-010",2019-01-02,2019-04-02,2019-04-03,2019-05-06,self__FR-010,3.0,21.443479537963867
__joint_lightgbm__,final_joint,"self__FR-013,self__INT-002,self__OB-004,self__PV-009,self__OB-003,self__FR-012,self__PV-017,self__PV-019,self__HF-001,self__PV-010,self__FR-002,self__PV-016,self__FR-005,self__PV-004,self__PV-015,self__FR-004,self__PV-011,self__PV-021,self__INT-003,self__OB-005,self__PV-023,self__FR-001,self__HF-004,self__PV-002,self__OB-002,self__OB-001,self__FR-010",2019-01-30,2019-05-06,2019-05-07,2019-06-03,factorlib__amount,29.0,306.7709684371948
__joint_lightgbm__,final_joint,"self__FR-013,self__INT-002,self__OB-004,self__PV-009,self__OB-003,self__FR-012,self__PV-017,self__PV-019,self__HF-001,self__PV-010,self__FR-002,self__PV-016,self__FR-005,self__PV-004,self__PV-015,self__FR-004,self__PV-011,self__PV-021,self__INT-003,self__OB-005,self__PV-023,self__FR-001,self__HF-004,self__PV-002,self__OB-002,self__OB-001,self__FR-010",2019-01-30,2019-05-06,2019-05-07,2019-06-03,factorlib__atr_14,22.0,128.8858892917633
__joint_lightgbm__,final_joint,"self__FR-013,self__INT-002,self__OB-004,self__PV-009,self__OB-003,self__FR-012,self__PV-017,self__PV-019,self__HF-001,self__PV-010,self__FR-002,self__PV-016,self__FR-005,self__PV-004,self__PV-015,self__FR-004,self__PV-011,self__PV-021,self__INT-003,self__OB-005,self__PV-023,self__FR-001,self__HF-004,self__PV-002,self__OB-002,self__OB-001,self__FR-010",2019-01-30,2019-05-06,2019-05-07,2019-06-03,factorlib__bias_20,55.0,2103.002326488495
__joint_lightgbm__,final_joint,"self__FR-013,self__INT-002,self__OB-004,self__PV-009,self__OB-003,self__FR-012,self__PV-017,self__PV-019,self__HF-001,self__PV-010,self__FR-002,self__PV-016,self__FR-005,self__PV-004,self__PV-015,self__FR-004,self__PV-011,self__PV-021,self__INT-003,self__OB-005,self__PV-023,self__FR-001,self__HF-004,self__PV-002,self__OB-002,self__OB-001,self__FR-010",2019-01-30,2019-05-06,2019-05-07,2019-06-03,factorlib__cci_14,38.0,271.0922613143921
__joint_lightgbm__,final_joint,"self__FR-013,self__INT-002,self__OB-004,self__PV-009,self__OB-003,self__FR-012,self__PV-017,self__PV-019,self__HF-001,self__PV-010,self__FR-002,self__PV-016,self__FR-005,self__PV-004,self__PV-015,self__FR-004,self__PV-011,self__PV-021,self__INT-003,self__OB-005,self__PV-023,self__FR-001,self__HF-004,self__PV-002,self__OB-002,self__OB-001,self__FR-010",2019-01-30,2019-05-06,2019-05-07,2019-06-03,factorlib__float_market_cap,7.0,41.43585014343262
__joint_lightgbm__,final_joint,"self__FR-013,self__INT-002,self__OB-004,self__PV-009,self__OB-003,self__FR-012,self__PV-017,self__PV-019,self__HF-001,self__PV-010,self__FR-002,self__PV-016,self__FR-005,self__PV-004,self__PV-015,self__FR-004,self__PV-011,self__PV-021,self__INT-003,self__OB-005,self__PV-023,self__FR-001,self__HF-004,self__PV-002,self__OB-002,self__OB-001,self__FR-010",2019-01-30,2019-05-06,2019-05-07,2019-06-03,factorlib__kdj_d_9_3_3,38.0,382.91587114334106
__joint_lightgbm__,final_joint,"self__FR-013,self__INT-002,self__OB-004,self__PV-009,self__OB-003,self__FR-012,self__PV-017,self__PV-019,self__HF-001,self__PV-010,self__FR-002,self__PV-016,self__FR-005,self__PV-004,self__PV-015,self__FR-004,self__PV-011,self__PV-021,self__INT-003,self__OB-005,self__PV-023,self__FR-001,self__HF-004,self__PV-002,self__OB-002,self__OB-001,self__FR-010",2019-01-30,2019-05-06,2019-05-07,2019-06-03,factorlib__macd_diff_12_26_9,60.0,687.9721188545227
__joint_lightgbm__,final_joint,"self__FR-013,self__INT-002,self__OB-004,self__PV-009,self__OB-003,self__FR-012,self__PV-017,self__PV-019,self__HF-001,self__PV-010,self__FR-002,self__PV-016,self__FR-005,self__PV-004,self__PV-015,self__FR-004,self__PV-011,self__PV-021,self__INT-003,self__OB-005,self__PV-023,self__FR-001,self__HF-004,self__PV-002,self__OB-002,self__OB-001,self__FR-010",2019-01-30,2019-05-06,2019-05-07,2019-06-03,factorlib__macd_hist_12_26_9,18.0,144.07447910308838
__joint_lightgbm__,final_joint,"self__FR-013,self__INT-002,self__OB-004,self__PV-009,self__OB-003,self__FR-012,self__PV-017,self__PV-019,self__HF-001,self__PV-010,self__FR-002,self__PV-016,self__FR-005,self__PV-004,self__PV-015,self__FR-004,self__PV-011,self__PV-021,self__INT-003,self__OB-005,self__PV-023,self__FR-001,self__HF-004,self__PV-002,self__OB-002,self__OB-001,self__FR-010",2019-01-30,2019-05-06,2019-05-07,2019-06-03,factorlib__momentum_5,45.0,475.1321704387665
__joint_lightgbm__,final_joint,"self__FR-013,self__INT-002,self__OB-004,self__PV-009,self__OB-003,self__FR-012,self__PV-017,self__PV-019,self__HF-001,self__PV-010,self__FR-002,self__PV-016,self__FR-005,self__PV-004,self__PV-015,self__FR-004,self__PV-011,self__PV-021,self__INT-003,self__OB-005,self__PV-023,self__FR-001,self__HF-004,self__PV-002,self__OB-002,self__OB-001,self__FR-010",2019-01-30,2019-05-06,2019-05-07,2019-06-03,factorlib__net_profit_rate_ttm,11.0,80.34119939804077
__joint_lightgbm__,final_joint,"self__FR-013,self__INT-002,self__OB-004,self__PV-009,self__OB-003,self__FR-012,self__PV-017,self__PV-019,self__HF-001,self__PV-010,self__FR-002,self__PV-016,self__FR-005,self__PV-004,self__PV-015,self__FR-004,self__PV-011,self__PV-021,self__INT-003,self__OB-005,self__PV-023,self__FR-001,self__HF-004,self__PV-002,self__OB-002,self__OB-001,self__FR-010",2019-01-30,2019-05-06,2019-05-07,2019-06-03,factorlib__netflow_amount_rate_main,95.0,1707.8719120025635
__joint_lightgbm__,final_joint,"self__FR-013,self__INT-002,self__OB-004,self__PV-009,self__OB-003,self__FR-012,self__PV-017,self__PV-019,self__HF-001,self__PV-010,self__FR-002,self__PV-016,self__FR-005,self__PV-004,self__PV-015,self__FR-004,self__PV-011,self__PV-021,self__INT-003,self__OB-005,self__PV-023,self__FR-001,self__HF-004,self__PV-002,self__OB-002,self__OB-001,self__FR-010",2019-01-30,2019-05-06,2019-05-07,2019-06-03,factorlib__total_market_cap,59.0,554.4062712192535
__joint_lightgbm__,final_joint,"self__FR-013,self__INT-002,self__OB-004,self__PV-009,self__OB-003,self__FR-012,self__PV-017,self__PV-019,self__HF-001,self__PV-010,self__FR-002,self__PV-016,self__FR-005,self__PV-004,self__PV-015,self__FR-004,self__PV-011,self__PV-021,self__INT-003,self__OB-005,self__PV-023,self__FR-001,self__HF-004,self__PV-002,self__OB-002,self__OB-001,self__FR-010",2019-01-30,2019-05-06,2019-05-07,2019-06-03,factorlib__turn,94.0,1241.9381539821625
__joint_lightgbm__,final_joint,"self__FR-013,self__INT-002,self__OB-004,self__PV-009,self__OB-003,self__FR-012,self__PV-017,self__PV-019,self__HF-001,self__PV-010,self__FR-002,self__PV-016,self__FR-005,self__PV-004,self__PV-015,self__FR-004,self__PV-011,self__PV-021,self__INT-003,self__OB-005,self__PV-023,self__FR-001,self__HF-004,self__PV-002,self__OB-002,self__OB-001,self__FR-010",2019-01-30,2019-05-06,2019-05-07,2019-06-03,factorlib__volatility_5,58.0,458.3097393512726
__joint_lightgbm__,final_joint,"self__FR-013,self__INT-002,self__OB-004,self__PV-009,self__OB-003,self__FR-012,self__PV-017,self__PV-019,self__HF-001,self__PV-010,self__FR-002,self__PV-016,self__FR-005,self__PV-004,self__PV-015,self__FR-004,self__PV-011,self__PV-021,self__INT-003,self__OB-005,self__PV-023,self__FR-001,self__HF-004,self__PV-002,self__OB-002,self__OB-001,self__FR-010",2019-01-30,2019-05-06,2019-05-07,2019-06-03,factorlib__volume,42.0,276.7300007343292
__joint_lightgbm__,final_joint,"self__FR-013,self__INT-002,self__OB-004,self__PV-009,self__OB-003,self__FR-012,self__PV-017,self__PV-019,self__HF-001,self__PV-010,self__FR-002,self__PV-016,self__FR-005,self__PV-004,self__PV-015,self__FR-004,self__PV-011,self__PV-021,self__INT-003,self__OB-005,self__PV-023,self__FR-001,self__HF-004,self__PV-002,self__OB-002,self__OB-001,self__FR-010",2019-01-30,2019-05-06,2019-05-07,2019-06-03,self__FR-013,0.0,0.0
__joint_lightgbm__,final_joint,"self__FR-013,self__INT-002,self__OB-004,self__PV-009,self__OB-003,self__FR-012,self__PV-017,self__PV-019,self__HF-001,self__PV-010,self__FR-002,self__PV-016,self__FR-005,self__PV-004,self__PV-015,self__FR-004,self__PV-011,self__PV-021,self__INT-003,self__OB-005,self__PV-023,self__FR-001,self__HF-004,self__PV-002,self__OB-002,self__OB-001,self__FR-010",2019-01-30,2019-05-06,2019-05-07,2019-06-03,self__INT-002,30.0,165.17812037467957
__joint_lightgbm__,final_joint,"self__FR-013,self__INT-002,self__OB-004,self__PV-009,self__OB-003,self__FR-012,self__PV-017,self__PV-019,self__HF-001,self__PV-010,self__FR-002,self__PV-016,self__FR-005,self__PV-004,self__PV-015,self__FR-004,self__PV-011,self__PV-021,self__INT-003,self__OB-005,self__PV-023,self__FR-001,self__HF-004,self__PV-002,self__OB-002,self__OB-001,self__FR-010",2019-01-30,2019-05-06,2019-05-07,2019-06-03,self__OB-004,45.0,280.3471009731293
__joint_lightgbm__,final_joint,"self__FR-013,self__INT-002,self__OB-004,self__PV-009,self__OB-003,self__FR-012,self__PV-017,self__PV-019,self__HF-001,self__PV-010,self__FR-002,self__PV-016,self__FR-005,self__PV-004,self__PV-015,self__FR-004,self__PV-011,self__PV-021,self__INT-003,self__OB-005,self__PV-023,self__FR-001,self__HF-004,self__PV-002,self__OB-002,self__OB-001,self__FR-010",2019-01-30,2019-05-06,2019-05-07,2019-06-03,self__PV-009,0.0,0.0
__joint_lightgbm__,final_joint,"self__FR-013,self__INT-002,self__OB-004,self__PV-009,self__OB-003,self__FR-012,self__PV-017,self__PV-019,self__HF-001,self__PV-010,self__FR-002,self__PV-016,self__FR-005,self__PV-004,self__PV-015,self__FR-004,self__PV-011,self__PV-021,self__INT-003,self__OB-005,self__PV-023,self__FR-001,self__HF-004,self__PV-002,self__OB-002,self__OB-001,self__FR-010",2019-01-30,2019-05-06,2019-05-07,2019-06-03,self__OB-003,7.0,32.099679708480835
__joint_lightgbm__,final_joint,"self__FR-013,self__INT-002,self__OB-004,self__PV-009,self__OB-003,self__FR-012,self__PV-017,self__PV-019,self__HF-001,self__PV-010,self__FR-002,self__PV-016,self__FR-005,self__PV-004,self__PV-015,self__FR-004,self__PV-011,self__PV-021,self__INT-003,self__OB-005,self__PV-023,self__FR-001,self__HF-004,self__PV-002,self__OB-002,self__OB-001,self__FR-010",2019-01-30,2019-05-06,2019-05-07,2019-06-03,self__FR-012,0.0,0.0
__joint_lightgbm__,final_joint,"self__FR-013,self__INT-002,self__OB-004,self__PV-009,self__OB-003,self__FR-012,self__PV-017,self__PV-019,self__HF-001,self__PV-010,self__FR-002,self__PV-016,self__FR-005,self__PV-004,self__PV-015,self__FR-004,self__PV-011,self__PV-021,self__INT-003,self__OB-005,self__PV-023,self__FR-001,self__HF-004,self__PV-002,self__OB-002,self__OB-001,self__FR-010",2019-01-30,2019-05-06,2019-05-07,2019-06-03,self__PV-017,0.0,0.0
__joint_lightgbm__,final_joint,"self__FR-013,self__INT-002,self__OB-004,self__PV-009,self__OB-003,self__FR-012,self__PV-017,self__PV-019,self__HF-001,self__PV-010,self__FR-002,self__PV-016,self__FR-005,self__PV-004,self__PV-015,self__FR-004,self__PV-011,self__PV-021,self__INT-003,self__OB-005,self__PV-023,self__FR-001,self__HF-004,self__PV-002,self__OB-002,self__OB-001,self__FR-010",2019-01-30,2019-05-06,2019-05-07,2019-06-03,self__PV-019,0.0,0.0
__joint_lightgbm__,final_joint,"self__FR-013,self__INT-002,self__OB-004,self__PV-009,self__OB-003,self__FR-012,self__PV-017,self__PV-019,self__HF-001,self__PV-010,self__FR-002,self__PV-016,self__FR-005,self__PV-004,self__PV-015,self__FR-004,self__PV-011,self__PV-021,self__INT-003,self__OB-005,self__PV-023,self__FR-001,self__HF-004,self__PV-002,self__OB-002,self__OB-001,self__FR-010",2019-01-30,2019-05-06,2019-05-07,2019-06-03,self__HF-001,15.0,85.02700018882751
__joint_lightgbm__,final_joint,"self__FR-013,self__INT-002,self__OB-004,self__PV-009,self__OB-003,self__FR-012,self__PV-017,self__PV-019,self__HF-001,self__PV-010,self__FR-002,self__PV-016,self__FR-005,self__PV-004,self__PV-015,self__FR-004,self__PV-011,self__PV-021,self__INT-003,self__OB-005,self__PV-023,self__FR-001,self__HF-004,self__PV-002,self__OB-002,self__OB-001,self__FR-010",2019-01-30,2019-05-06,2019-05-07,2019-06-03,self__PV-010,0.0,0.0
__joint_lightgbm__,final_joint,"self__FR-013,self__INT-002,self__OB-004,self__PV-009,self__OB-003,self__FR-012,self__PV-017,self__PV-019,self__HF-001,self__PV-010,self__FR-002,self__PV-016,self__FR-005,self__PV-004,self__PV-015,self__FR-004,self__PV-011,self__PV-021,self__INT-003,self__OB-005,self__PV-023,self__FR-001,self__HF-004,self__PV-002,self__OB-002,self__OB-001,self__FR-010",2019-01-30,2019-05-06,2019-05-07,2019-06-03,self__FR-002,39.0,216.9280698299408
__joint_lightgbm__,final_joint,"self__FR-013,self__INT-002,self__OB-004,self__PV-009,self__OB-003,self__FR-012,self__PV-017,self__PV-019,self__HF-001,self__PV-010,self__FR-002,self__PV-016,self__FR-005,self__PV-004,self__PV-015,self__FR-004,self__PV-011,self__PV-021,self__INT-003,self__OB-005,self__PV-023,self__FR-001,self__HF-004,self__PV-002,self__OB-002,self__OB-001,self__FR-010",2019-01-30,2019-05-06,2019-05-07,2019-06-03,self__PV-016,0.0,0.0
__joint_lightgbm__,final_joint,"self__FR-013,self__INT-002,self__OB-004,self__PV-009,self__OB-003,self__FR-012,self__PV-017,self__PV-019,self__HF-001,self__PV-010,self__FR-002,self__PV-016,self__FR-005,self__PV-004,self__PV-015,self__FR-004,self__PV-011,self__PV-021,self__INT-003,self__OB-005,self__PV-023,self__FR-001,self__HF-004,self__PV-002,self__OB-002,self__OB-001,self__FR-010",2019-01-30,2019-05-06,2019-05-07,2019-06-03,self__FR-005,1.0,7.101029872894287
__joint_lightgbm__,final_joint,"self__FR-013,self__INT-002,self__OB-004,self__PV-009,self__OB-003,self__FR-012,self__PV-017,self__PV-019,self__HF-001,self__PV-010,self__FR-002,self__PV-016,self__FR-005,self__PV-004,self__PV-015,self__FR-004,self__PV-011,self__PV-021,self__INT-003,self__OB-005,self__PV-023,self__FR-001,self__HF-004,self__PV-002,self__OB-002,self__OB-001,self__FR-010",2019-01-30,2019-05-06,2019-05-07,2019-06-03,self__PV-004,18.0,105.24462008476257
__joint_lightgbm__,final_joint,"self__FR-013,self__INT-002,self__OB-004,self__PV-009,self__OB-003,self__FR-012,self__PV-017,self__PV-019,self__HF-001,self__PV-010,self__FR-002,self__PV-016,self__FR-005,self__PV-004,self__PV-015,self__FR-004,self__PV-011,self__PV-021,self__INT-003,self__OB-005,self__PV-023,self__FR-001,self__HF-004,self__PV-002,self__OB-002,self__OB-001,self__FR-010",2019-01-30,2019-05-06,2019-05-07,2019-06-03,self__PV-015,0.0,0.0
__joint_lightgbm__,final_joint,"self__FR-013,self__INT-002,self__OB-004,self__PV-009,self__OB-003,self__FR-012,self__PV-017,self__PV-019,self__HF-001,self__PV-010,self__FR-002,self__PV-016,self__FR-005,self__PV-004,self__PV-015,self__FR-004,self__PV-011,self__PV-021,self__INT-003,self__OB-005,self__PV-023,self__FR-001,self__HF-004,self__PV-002,self__OB-002,self__OB-001,self__FR-010",2019-01-30,2019-05-06,2019-05-07,2019-06-03,self__FR-004,0.0,0.0
__joint_lightgbm__,final_joint,"self__FR-013,self__INT-002,self__OB-004,self__PV-009,self__OB-003,self__FR-012,self__PV-017,self__PV-019,self__HF-001,self__PV-010,self__FR-002,self__PV-016,self__FR-005,self__PV-004,self__PV-015,self__FR-004,self__PV-011,self__PV-021,self__INT-003,self__OB-005,self__PV-023,self__FR-001,self__HF-004,self__PV-002,self__OB-002,self__OB-001,self__FR-010",2019-01-30,2019-05-06,2019-05-07,2019-06-03,self__PV-011,0.0,0.0
__joint_lightgbm__,final_joint,"self__FR-013,self__INT-002,self__OB-004,self__PV-009,self__OB-003,self__FR-012,self__PV-017,self__PV-019,self__HF-001,self__PV-010,self__FR-002,self__PV-016,self__FR-005,self__PV-004,self__PV-015,self__FR-004,self__PV-011,self__PV-021,self__INT-003,self__OB-005,self__PV-023,self__FR-001,self__HF-004,self__PV-002,self__OB-002,self__OB-001,self__FR-010",2019-01-30,2019-05-06,2019-05-07,2019-06-03,self__PV-021,39.0,265.6536183357239
__joint_lightgbm__,final_joint,"self__FR-013,self__INT-002,self__OB-004,self__PV-009,self__OB-003,self__FR-012,self__PV-017,self__PV-019,self__HF-001,self__PV-010,self__FR-002,self__PV-016,self__FR-005,self__PV-004,self__PV-015,self__FR-004,self__PV-011,self__PV-021,self__INT-003,self__OB-005,self__PV-023,self__FR-001,self__HF-004,self__PV-002,self__OB-002,self__OB-001,self__FR-010",2019-01-30,2019-05-06,2019-05-07,2019-06-03,self__INT-003,0.0,0.0
__joint_lightgbm__,final_joint,"self__FR-013,self__INT-002,self__OB-004,self__PV-009,self__OB-003,self__FR-012,self__PV-017,self__PV-019,self__HF-001,self__PV-010,self__FR-002,self__PV-016,self__FR-005,self__PV-004,self__PV-015,self__FR-004,self__PV-011,self__PV-021,self__INT-003,self__OB-005,self__PV-023,self__FR-001,self__HF-004,self__PV-002,self__OB-002,self__OB-001,self__FR-010",2019-01-30,2019-05-06,2019-05-07,2019-06-03,self__OB-005,74.0,665.3099088668823
__joint_lightgbm__,final_joint,"self__FR-013,self__INT-002,self__OB-004,self__PV-009,self__OB-003,self__FR-012,self__PV-017,self__PV-019,self__HF-001,self__PV-010,self__FR-002,self__PV-016,self__FR-005,self__PV-004,self__PV-015,self__FR-004,self__PV-011,self__PV-021,self__INT-003,self__OB-005,self__PV-023,self__FR-001,self__HF-004,self__PV-002,self__OB-002,self__OB-001,self__FR-010",2019-01-30,2019-05-06,2019-05-07,2019-06-03,self__PV-023,56.0,398.7854628562927
__joint_lightgbm__,final_joint,"self__FR-013,self__INT-002,self__OB-004,self__PV-009,self__OB-003,self__FR-012,self__PV-017,self__PV-019,self__HF-001,self__PV-010,self__FR-002,self__PV-016,self__FR-005,self__PV-004,self__PV-015,self__FR-004,self__PV-011,self__PV-021,self__INT-003,self__OB-005,self__PV-023,self__FR-001,self__HF-004,self__PV-002,self__OB-002,self__OB-001,self__FR-010",2019-01-30,2019-05-06,2019-05-07,2019-06-03,self__FR-001,1.0,4.882259845733643
__joint_lightgbm__,final_joint,"self__FR-013,self__INT-002,self__OB-004,self__PV-009,self__OB-003,self__FR-012,self__PV-017,self__PV-019,self__HF-001,self__PV-010,self__FR-002,self__PV-016,self__FR-005,self__PV-004,self__PV-015,self__FR-004,self__PV-011,self__PV-021,self__INT-003,self__OB-005,self__PV-023,self__FR-001,self__HF-004,self__PV-002,self__OB-002,self__OB-001,self__FR-010",2019-01-30,2019-05-06,2019-05-07,2019-06-03,self__HF-004,60.0,448.37021946907043
__joint_lightgbm__,final_joint,"self__FR-013,self__INT-002,self__OB-004,self__PV-009,self__OB-003,self__FR-012,self__PV-017,self__PV-019,self__HF-001,self__PV-010,self__FR-002,self__PV-016,self__FR-005,self__PV-004,self__PV-015,self__FR-004,self__PV-011,self__PV-021,self__INT-003,self__OB-005,self__PV-023,self__FR-001,self__HF-004,self__PV-002,self__OB-002,self__OB-001,self__FR-010",2019-01-30,2019-05-06,2019-05-07,2019-06-03,self__PV-002,93.0,790.2054498195648
__joint_lightgbm__,final_joint,"self__FR-013,self__INT-002,self__OB-004,self__PV-009,self__OB-003,self__FR-012,self__PV-017,self__PV-019,self__HF-001,self__PV-010,self__FR-002,self__PV-016,self__FR-005,self__PV-004,self__PV-015,self__FR-004,self__PV-011,self__PV-021,self__INT-003,self__OB-005,self__PV-023,self__FR-001,self__HF-004,self__PV-002,self__OB-002,self__OB-001,self__FR-010",2019-01-30,2019-05-06,2019-05-07,2019-06-03,self__OB-002,13.0,203.13785028457642
__joint_lightgbm__,final_joint,"self__FR-013,self__INT-002,self__OB-004,self__PV-009,self__OB-003,self__FR-012,self__PV-017,self__PV-019,self__HF-001,self__PV-010,self__FR-002,self__PV-016,self__FR-005,self__PV-004,self__PV-015,self__FR-004,self__PV-011,self__PV-021,self__INT-003,self__OB-005,self__PV-023,self__FR-001,self__HF-004,self__PV-002,self__OB-002,self__OB-001,self__FR-010",2019-01-30,2019-05-06,2019-05-07,2019-06-03,self__OB-001,38.0,442.5228395462036
__joint_lightgbm__,final_joint,"self__FR-013,self__INT-002,self__OB-004,self__PV-009,self__OB-003,self__FR-012,self__PV-017,self__PV-019,self__HF-001,self__PV-010,self__FR-002,self__PV-016,self__FR-005,self__PV-004,self__PV-015,self__FR-004,self__PV-011,self__PV-021,self__INT-003,self__OB-005,self__PV-023,self__FR-001,self__HF-004,self__PV-002,self__OB-002,self__OB-001,self__FR-010",2019-01-30,2019-05-06,2019-05-07,2019-06-03,self__FR-010,0.0,0.0
__joint_lightgbm__,final_joint,"self__FR-013,self__INT-002,self__OB-004,self__PV-009,self__OB-003,self__FR-012,self__PV-017,self__PV-019,self__HF-001,self__PV-010,self__FR-002,self__PV-016,self__FR-005,self__PV-004,self__PV-015,self__FR-004,self__PV-011,self__PV-021,self__INT-003,self__OB-005,self__PV-023,self__FR-001,self__HF-004,self__PV-002,self__OB-002,self__OB-001,self__FR-010",2019-03-06,2019-06-03,2019-06-04,2019-07-02,factorlib__amount,42.0,892.854291677475
__joint_lightgbm__,final_joint,"self__FR-013,self__INT-002,self__OB-004,self__PV-009,self__OB-003,self__FR-012,self__PV-017,self__PV-019,self__HF-001,self__PV-010,self__FR-002,self__PV-016,self__FR-005,self__PV-004,self__PV-015,self__FR-004,self__PV-011,self__PV-021,self__INT-003,self__OB-005,self__PV-023,self__FR-001,self__HF-004,self__PV-002,self__OB-002,self__OB-001,self__FR-010",2019-03-06,2019-06-03,2019-06-04,2019-07-02,factorlib__atr_14,7.0,31.80875062942505
__joint_lightgbm__,final_joint,"self__FR-013,self__INT-002,self__OB-004,self__PV-009,self__OB-003,self__FR-012,self__PV-017,self__PV-019,self__HF-001,self__PV-010,self__FR-002,self__PV-016,self__FR-005,self__PV-004,self__PV-015,self__FR-004,self__PV-011,self__PV-021,self__INT-003,self__OB-005,self__PV-023,self__FR-001,self__HF-004,self__PV-002,self__OB-002,self__OB-001,self__FR-010",2019-03-06,2019-06-03,2019-06-04,2019-07-02,factorlib__bias_20,95.0,1583.4245040416718
__joint_lightgbm__,final_joint,"self__FR-013,self__INT-002,self__OB-004,self__PV-009,self__OB-003,self__FR-012,self__PV-017,self__PV-019,self__HF-001,self__PV-010,self__FR-002,self__PV-016,self__FR-005,self__PV-004,self__PV-015,self__FR-004,self__PV-011,self__PV-021,self__INT-003,self__OB-005,self__PV-023,self__FR-001,self__HF-004,self__PV-002,self__OB-002,self__OB-001,self__FR-010",2019-03-06,2019-06-03,2019-06-04,2019-07-02,factorlib__cci_14,59.0,425.56407022476196
__joint_lightgbm__,final_joint,"self__FR-013,self__INT-002,self__OB-004,self__PV-009,self__OB-003,self__FR-012,self__PV-017,self__PV-019,self__HF-001,self__PV-010,self__FR-002,self__PV-016,self__FR-005,self__PV-004,self__PV-015,self__FR-004,self__PV-011,self__PV-021,self__INT-003,self__OB-005,self__PV-023,self__FR-001,self__HF-004,self__PV-002,self__OB-002,self__OB-001,self__FR-010",2019-03-06,2019-06-03,2019-06-04,2019-07-02,factorlib__float_market_cap,3.0,9.231040239334106
__joint_lightgbm__,final_joint,"self__FR-013,self__INT-002,self__OB-004,self__PV-009,self__OB-003,self__FR-012,self__PV-017,self__PV-019,self__HF-001,self__PV-010,self__FR-002,self__PV-016,self__FR-005,self__PV-004,self__PV-015,self__FR-004,self__PV-011,self__PV-021,self__INT-003,self__OB-005,self__PV-023,self__FR-001,self__HF-004,self__PV-002,self__OB-002,self__OB-001,self__FR-010",2019-03-06,2019-06-03,2019-06-04,2019-07-02,factorlib__kdj_d_9_3_3,11.0,53.94971990585327
__joint_lightgbm__,final_joint,"self__FR-013,self__INT-002,self__OB-004,self__PV-009,self__OB-003,self__FR-012,self__PV-017,self__PV-019,self__HF-001,self__PV-010,self__FR-002,self__PV-016,self__FR-005,self__PV-004,self__PV-015,self__FR-004,self__PV-011,self__PV-021,self__INT-003,self__OB-005,self__PV-023,self__FR-001,self__HF-004,self__PV-002,self__OB-002,self__OB-001,self__FR-010",2019-03-06,2019-06-03,2019-06-04,2019-07-02,factorlib__macd_diff_12_26_9,39.0,220.5708601474762
__joint_lightgbm__,final_joint,"self__FR-013,self__INT-002,self__OB-004,self__PV-009,self__OB-003,self__FR-012,self__PV-017,self__PV-019,self__HF-001,self__PV-010,self__FR-002,self__PV-016,self__FR-005,self__PV-004,self__PV-015,self__FR-004,self__PV-011,self__PV-021,self__INT-003,self__OB-005,self__PV-023,self__FR-001,self__HF-004,self__PV-002,self__OB-002,self__OB-001,self__FR-010",2019-03-06,2019-06-03,2019-06-04,2019-07-02,factorlib__macd_hist_12_26_9,8.0,59.85939025878906
__joint_lightgbm__,final_joint,"self__FR-013,self__INT-002,self__OB-004,self__PV-009,self__OB-003,self__FR-012,self__PV-017,self__PV-019,self__HF-001,self__PV-010,self__FR-002,self__PV-016,self__FR-005,self__PV-004,self__PV-015,self__FR-004,self__PV-011,self__PV-021,self__INT-003,self__OB-005,self__PV-023,self__FR-001,self__HF-004,self__PV-002,self__OB-002,self__OB-001,self__FR-010",2019-03-06,2019-06-03,2019-06-04,2019-07-02,factorlib__momentum_5,109.0,1283.4860351085663
__joint_lightgbm__,final_joint,"self__FR-013,self__INT-002,self__OB-004,self__PV-009,self__OB-003,self__FR-012,self__PV-017,self__PV-019,self__HF-001,self__PV-010,self__FR-002,self__PV-016,self__FR-005,self__PV-004,self__PV-015,self__FR-004,self__PV-011,self__PV-021,self__INT-003,self__OB-005,self__PV-023,self__FR-001,self__HF-004,self__PV-002,self__OB-002,self__OB-001,self__FR-010",2019-03-06,2019-06-03,2019-06-04,2019-07-02,factorlib__net_profit_rate_ttm,26.0,219.47077989578247
__joint_lightgbm__,final_joint,"self__FR-013,self__INT-002,self__OB-004,self__PV-009,self__OB-003,self__FR-012,self__PV-017,self__PV-019,self__HF-001,self__PV-010,self__FR-002,self__PV-016,self__FR-005,self__PV-004,self__PV-015,self__FR-004,self__PV-011,self__PV-021,self__INT-003,self__OB-005,self__PV-023,self__FR-001,self__HF-004,self__PV-002,self__OB-002,self__OB-001,self__FR-010",2019-03-06,2019-06-03,2019-06-04,2019-07-02,factorlib__netflow_amount_rate_main,115.0,1636.714614391327
__joint_lightgbm__,final_joint,"self__FR-013,self__INT-002,self__OB-004,self__PV-009,self__OB-003,self__FR-012,self__PV-017,self__PV-019,self__HF-001,self__PV-010,self__FR-002,self__PV-016,self__FR-005,self__PV-004,self__PV-015,self__FR-004,self__PV-011,self__PV-021,self__INT-003,self__OB-005,self__PV-023,self__FR-001,self__HF-004,self__PV-002,self__OB-002,self__OB-001,self__FR-010",2019-03-06,2019-06-03,2019-06-04,2019-07-02,factorlib__total_market_cap,20.0,140.35847926139832
__joint_lightgbm__,final_joint,"self__FR-013,self__INT-002,self__OB-004,self__PV-009,self__OB-003,self__FR-012,self__PV-017,self__PV-019,self__HF-001,self__PV-010,self__FR-002,self__PV-016,self__FR-005,self__PV-004,self__PV-015,self__FR-004,self__PV-011,self__PV-021,self__INT-003,self__OB-005,self__PV-023,self__FR-001,self__HF-004,self__PV-002,self__OB-002,self__OB-001,self__FR-010",2019-03-06,2019-06-03,2019-06-04,2019-07-02,factorlib__turn,71.0,1992.4284183979034
__joint_lightgbm__,final_joint,"self__FR-013,self__INT-002,self__OB-004,self__PV-009,self__OB-003,self__FR-012,self__PV-017,self__PV-019,self__HF-001,self__PV-010,self__FR-002,self__PV-016,self__FR-005,self__PV-004,self__PV-015,self__FR-004,self__PV-011,self__PV-021,self__INT-003,self__OB-005,self__PV-023,self__FR-001,self__HF-004,self__PV-002,self__OB-002,self__OB-001,self__FR-010",2019-03-06,2019-06-03,2019-06-04,2019-07-02,factorlib__volatility_5,38.0,361.0725209712982
__joint_lightgbm__,final_joint,"self__FR-013,self__INT-002,self__OB-004,self__PV-009,self__OB-003,self__FR-012,self__PV-017,self__PV-019,self__HF-001,self__PV-010,self__FR-002,self__PV-016,self__FR-005,self__PV-004,self__PV-015,self__FR-004,self__PV-011,self__PV-021,self__INT-003,self__OB-005,self__PV-023,self__FR-001,self__HF-004,self__PV-002,self__OB-002,self__OB-001,self__FR-010",2019-03-06,2019-06-03,2019-06-04,2019-07-02,factorlib__volume,44.0,722.6378893852234
__joint_lightgbm__,final_joint,"self__FR-013,self__INT-002,self__OB-004,self__PV-009,self__OB-003,self__FR-012,self__PV-017,self__PV-019,self__HF-001,self__PV-010,self__FR-002,self__PV-016,self__FR-005,self__PV-004,self__PV-015,self__FR-004,self__PV-011,self__PV-021,self__INT-003,self__OB-005,self__PV-023,self__FR-001,self__HF-004,self__PV-002,self__OB-002,self__OB-001,self__FR-010",2019-03-06,2019-06-03,2019-06-04,2019-07-02,self__FR-013,0.0,0.0
__joint_lightgbm__,final_joint,"self__FR-013,self__INT-002,self__OB-004,self__PV-009,self__OB-003,self__FR-012,self__PV-017,self__PV-019,self__HF-001,self__PV-010,self__FR-002,self__PV-016,self__FR-005,self__PV-004,self__PV-015,self__FR-004,self__PV-011,self__PV-021,self__INT-003,self__OB-005,self__PV-023,self__FR-001,self__HF-004,self__PV-002,self__OB-002,self__OB-001,self__FR-010",2019-03-06,2019-06-03,2019-06-04,2019-07-02,self__INT-002,28.0,171.70812964439392
__joint_lightgbm__,final_joint,"self__FR-013,self__INT-002,self__OB-004,self__PV-009,self__OB-003,self__FR-012,self__PV-017,self__PV-019,self__HF-001,self__PV-010,self__FR-002,self__PV-016,self__FR-005,self__PV-004,self__PV-015,self__FR-004,self__PV-011,self__PV-021,self__INT-003,self__OB-005,self__PV-023,self__FR-001,self__HF-004,self__PV-002,self__OB-002,self__OB-001,self__FR-010",2019-03-06,2019-06-03,2019-06-04,2019-07-02,self__OB-004,38.0,231.22248816490173
__joint_lightgbm__,final_joint,"self__FR-013,self__INT-002,self__OB-004,self__PV-009,self__OB-003,self__FR-012,self__PV-017,self__PV-019,self__HF-001,self__PV-010,self__FR-002,self__PV-016,self__FR-005,self__PV-004,self__PV-015,self__FR-004,self__PV-011,self__PV-021,self__INT-003,self__OB-005,self__PV-023,self__FR-001,self__HF-004,self__PV-002,self__OB-002,self__OB-001,self__FR-010",2019-03-06,2019-06-03,2019-06-04,2019-07-02,self__PV-009,0.0,0.0
__joint_lightgbm__,final_joint,"self__FR-013,self__INT-002,self__OB-004,self__PV-009,self__OB-003,self__FR-012,self__PV-017,self__PV-019,self__HF-001,self__PV-010,self__FR-002,self__PV-016,self__FR-005,self__PV-004,self__PV-015,self__FR-004,self__PV-011,self__PV-021,self__INT-003,self__OB-005,self__PV-023,self__FR-001,self__HF-004,self__PV-002,self__OB-002,self__OB-001,self__FR-010",2019-03-06,2019-06-03,2019-06-04,2019-07-02,self__OB-003,10.0,46.07763051986694
__joint_lightgbm__,final_joint,"self__FR-013,self__INT-002,self__OB-004,self__PV-009,self__OB-003,self__FR-012,self__PV-017,self__PV-019,self__HF-001,self__PV-010,self__FR-002,self__PV-016,self__FR-005,self__PV-004,self__PV-015,self__FR-004,self__PV-011,self__PV-021,self__INT-003,self__OB-005,self__PV-023,self__FR-001,self__HF-004,self__PV-002,self__OB-002,self__OB-001,self__FR-010",2019-03-06,2019-06-03,2019-06-04,2019-07-02,self__FR-012,0.0,0.0
__joint_lightgbm__,final_joint,"self__FR-013,self__INT-002,self__OB-004,self__PV-009,self__OB-003,self__FR-012,self__PV-017,self__PV-019,self__HF-001,self__PV-010,self__FR-002,self__PV-016,self__FR-005,self__PV-004,self__PV-015,self__FR-004,self__PV-011,self__PV-021,self__INT-003,self__OB-005,self__PV-023,self__FR-001,self__HF-004,self__PV-002,self__OB-002,self__OB-001,self__FR-010",2019-03-06,2019-06-03,2019-06-04,2019-07-02,self__PV-017,0.0,0.0
__joint_lightgbm__,final_joint,"self__FR-013,self__INT-002,self__OB-004,self__PV-009,self__OB-003,self__FR-012,self__PV-017,self__PV-019,self__HF-001,self__PV-010,self__FR-002,self__PV-016,self__FR-005,self__PV-004,self__PV-015,self__FR-004,self__PV-011,self__PV-021,self__INT-003,self__OB-005,self__PV-023,self__FR-001,self__HF-004,self__PV-002,self__OB-002,self__OB-001,self__FR-010",2019-03-06,2019-06-03,2019-06-04,2019-07-02,self__PV-019,0.0,0.0
__joint_lightgbm__,final_joint,"self__FR-013,self__INT-002,self__OB-004,self__PV-009,self__OB-003,self__FR-012,self__PV-017,self__PV-019,self__HF-001,self__PV-010,self__FR-002,self__PV-016,self__FR-005,self__PV-004,self__PV-015,self__FR-004,self__PV-011,self__PV-021,self__INT-003,self__OB-005,self__PV-023,self__FR-001,self__HF-004,self__PV-002,self__OB-002,self__OB-001,self__FR-010",2019-03-06,2019-06-03,2019-06-04,2019-07-02,self__HF-001,14.0,57.74166989326477
__joint_lightgbm__,final_joint,"self__FR-013,self__INT-002,self__OB-004,self__PV-009,self__OB-003,self__FR-012,self__PV-017,self__PV-019,self__HF-001,self__PV-010,self__FR-002,self__PV-016,self__FR-005,self__PV-004,self__PV-015,self__FR-004,self__PV-011,self__PV-021,self__INT-003,self__OB-005,self__PV-023,self__FR-001,self__HF-004,self__PV-002,self__OB-002,self__OB-001,self__FR-010",2019-03-06,2019-06-03,2019-06-04,2019-07-02,self__PV-010,0.0,0.0
__joint_lightgbm__,final_joint,"self__FR-013,self__INT-002,self__OB-004,self__PV-009,self__OB-003,self__FR-012,self__PV-017,self__PV-019,self__HF-001,self__PV-010,self__FR-002,self__PV-016,self__FR-005,self__PV-004,self__PV-015,self__FR-004,self__PV-011,self__PV-021,self__INT-003,self__OB-005,self__PV-023,self__FR-001,self__HF-004,self__PV-002,self__OB-002,self__OB-001,self__FR-010",2019-03-06,2019-06-03,2019-06-04,2019-07-02,self__FR-002,48.0,374.7645013332367
__joint_lightgbm__,final_joint,"self__FR-013,self__INT-002,self__OB-004,self__PV-009,self__OB-003,self__FR-012,self__PV-017,self__PV-019,self__HF-001,self__PV-010,self__FR-002,self__PV-016,self__FR-005,self__PV-004,self__PV-015,self__FR-004,self__PV-011,self__PV-021,self__INT-003,self__OB-005,self__PV-023,self__FR-001,self__HF-004,self__PV-002,self__OB-002,self__OB-001,self__FR-010",2019-03-06,2019-06-03,2019-06-04,2019-07-02,self__PV-016,0.0,0.0
__joint_lightgbm__,final_joint,"self__FR-013,self__INT-002,self__OB-004,self__PV-009,self__OB-003,self__FR-012,self__PV-017,self__PV-019,self__HF-001,self__PV-010,self__FR-002,self__PV-016,self__FR-005,self__PV-004,self__PV-015,self__FR-004,self__PV-011,self__PV-021,self__INT-003,self__OB-005,self__PV-023,self__FR-001,self__HF-004,self__PV-002,self__OB-002,self__OB-001,self__FR-010",2019-03-06,2019-06-03,2019-06-04,2019-07-02,self__FR-005,1.0,2.468519926071167
__joint_lightgbm__,final_joint,"self__FR-013,self__INT-002,self__OB-004,self__PV-009,self__OB-003,self__FR-012,self__PV-017,self__PV-019,self__HF-001,self__PV-010,self__FR-002,self__PV-016,self__FR-005,self__PV-004,self__PV-015,self__FR-004,self__PV-011,self__PV-021,self__INT-003,self__OB-005,self__PV-023,self__FR-001,self__HF-004,self__PV-002,self__OB-002,self__OB-001,self__FR-010",2019-03-06,2019-06-03,2019-06-04,2019-07-02,self__PV-004,27.0,146.9005696773529
__joint_lightgbm__,final_joint,"self__FR-013,self__INT-002,self__OB-004,self__PV-009,self__OB-003,self__FR-012,self__PV-017,self__PV-019,self__HF-001,self__PV-010,self__FR-002,self__PV-016,self__FR-005,self__PV-004,self__PV-015,self__FR-004,self__PV-011,self__PV-021,self__INT-003,self__OB-005,self__PV-023,self__FR-001,self__HF-004,self__PV-002,self__OB-002,self__OB-001,self__FR-010",2019-03-06,2019-06-03,2019-06-04,2019-07-02,self__PV-015,0.0,0.0
__joint_lightgbm__,final_joint,"self__FR-013,self__INT-002,self__OB-004,self__PV-009,self__OB-003,self__FR-012,self__PV-017,self__PV-019,self__HF-001,self__PV-010,self__FR-002,self__PV-016,self__FR-005,self__PV-004,self__PV-015,self__FR-004,self__PV-011,self__PV-021,self__INT-003,self__OB-005,self__PV-023,self__FR-001,self__HF-004,self__PV-002,self__OB-002,self__OB-001,self__FR-010",2019-03-06,2019-06-03,2019-06-04,2019-07-02,self__FR-004,25.0,92.70515990257263
__joint_lightgbm__,final_joint,"self__FR-013,self__INT-002,self__OB-004,self__PV-009,self__OB-003,self__FR-012,self__PV-017,self__PV-019,self__HF-001,self__PV-010,self__FR-002,self__PV-016,self__FR-005,self__PV-004,self__PV-015,self__FR-004,self__PV-011,self__PV-021,self__INT-003,self__OB-005,self__PV-023,self__FR-001,self__HF-004,self__PV-002,self__OB-002,self__OB-001,self__FR-010",2019-03-06,2019-06-03,2019-06-04,2019-07-02,self__PV-011,0.0,0.0
__joint_lightgbm__,final_joint,"self__FR-013,self__INT-002,self__OB-004,self__PV-009,self__OB-003,self__FR-012,self__PV-017,self__PV-019,self__HF-001,self__PV-010,self__FR-002,self__PV-016,self__FR-005,self__PV-004,self__PV-015,self__FR-004,self__PV-011,self__PV-021,self__INT-003,self__OB-005,self__PV-023,self__FR-001,self__HF-004,self__PV-002,self__OB-002,self__OB-001,self__FR-010",2019-03-06,2019-06-03,2019-06-04,2019-07-02,self__PV-021,43.0,396.1652991771698
__joint_lightgbm__,final_joint,"self__FR-013,self__INT-002,self__OB-004,self__PV-009,self__OB-003,self__FR-012,self__PV-017,self__PV-019,self__HF-001,self__PV-010,self__FR-002,self__PV-016,self__FR-005,self__PV-004,self__PV-015,self__FR-004,self__PV-011,self__PV-021,self__INT-003,self__OB-005,self__PV-023,self__FR-001,self__HF-004,self__PV-002,self__OB-002,self__OB-001,self__FR-010",2019-03-06,2019-06-03,2019-06-04,2019-07-02,self__INT-003,0.0,0.0
__joint_lightgbm__,final_joint,"self__FR-013,self__INT-002,self__OB-004,self__PV-009,self__OB-003,self__FR-012,self__PV-017,self__PV-019,self__HF-001,self__PV-010,self__FR-002,self__PV-016,self__FR-005,self__PV-004,self__PV-015,self__FR-004,self__PV-011,self__PV-021,self__INT-003,self__OB-005,self__PV-023,self__FR-001,self__HF-004,self__PV-002,self__OB-002,self__OB-001,self__FR-010",2019-03-06,2019-06-03,2019-06-04,2019-07-02,self__OB-005,70.0,518.8891708850861
__joint_lightgbm__,final_joint,"self__FR-013,self__INT-002,self__OB-004,self__PV-009,self__OB-003,self__FR-012,self__PV-017,self__PV-019,self__HF-001,self__PV-010,self__FR-002,self__PV-016,self__FR-005,self__PV-004,self__PV-015,self__FR-004,self__PV-011,self__PV-021,self__INT-003,self__OB-005,self__PV-023,self__FR-001,self__HF-004,self__PV-002,self__OB-002,self__OB-001,self__FR-010",2019-03-06,2019-06-03,2019-06-04,2019-07-02,self__PV-023,30.0,139.33258962631226
__joint_lightgbm__,final_joint,"self__FR-013,self__INT-002,self__OB-004,self__PV-009,self__OB-003,self__FR-012,self__PV-017,self__PV-019,self__HF-001,self__PV-010,self__FR-002,self__PV-016,self__FR-005,self__PV-004,self__PV-015,self__FR-004,self__PV-011,self__PV-021,self__INT-003,self__OB-005,self__PV-023,self__FR-001,self__HF-004,self__PV-002,self__OB-002,self__OB-001,self__FR-010",2019-03-06,2019-06-03,2019-06-04,2019-07-02,self__FR-001,12.0,63.61255097389221
__joint_lightgbm__,final_joint,"self__FR-013,self__INT-002,self__OB-004,self__PV-009,self__OB-003,self__FR-012,self__PV-017,self__PV-019,self__HF-001,self__PV-010,self__FR-002,self__PV-016,self__FR-005,self__PV-004,self__PV-015,self__FR-004,self__PV-011,self__PV-021,self__INT-003,self__OB-005,self__PV-023,self__FR-001,self__HF-004,self__PV-002,self__OB-002,self__OB-001,self__FR-010",2019-03-06,2019-06-03,2019-06-04,2019-07-02,self__HF-004,8.0,49.02927041053772
__joint_lightgbm__,final_joint,"self__FR-013,self__INT-002,self__OB-004,self__PV-009,self__OB-003,self__FR-012,self__PV-017,self__PV-019,self__HF-001,self__PV-010,self__FR-002,self__PV-016,self__FR-005,self__PV-004,self__PV-015,self__FR-004,self__PV-011,self__PV-021,self__INT-003,self__OB-005,self__PV-023,self__FR-001,self__HF-004,self__PV-002,self__OB-002,self__OB-001,self__FR-010",2019-03-06,2019-06-03,2019-06-04,2019-07-02,self__PV-002,89.0,868.9750218391418
__joint_lightgbm__,final_joint,"self__FR-013,self__INT-002,self__OB-004,self__PV-009,self__OB-003,self__FR-012,self__PV-017,self__PV-019,self__HF-001,self__PV-010,self__FR-002,self__PV-016,self__FR-005,self__PV-004,self__PV-015,self__FR-004,self__PV-011,self__PV-021,self__INT-003,self__OB-005,self__PV-023,self__FR-001,self__HF-004,self__PV-002,self__OB-002,self__OB-001,self__FR-010",2019-03-06,2019-06-03,2019-06-04,2019-07-02,self__OB-002,10.0,79.08872985839844
__joint_lightgbm__,final_joint,"self__FR-013,self__INT-002,self__OB-004,self__PV-009,self__OB-003,self__FR-012,self__PV-017,self__PV-019,self__HF-001,self__PV-010,self__FR-002,self__PV-016,self__FR-005,self__PV-004,self__PV-015,self__FR-004,self__PV-011,self__PV-021,self__INT-003,self__OB-005,self__PV-023,self__FR-001,self__HF-004,self__PV-002,self__OB-002,self__OB-001,self__FR-010",2019-03-06,2019-06-03,2019-06-04,2019-07-02,self__OB-001,55.0,634.171049118042
__joint_lightgbm__,final_joint,"self__FR-013,self__INT-002,self__OB-004,self__PV-009,self__OB-003,self__FR-012,self__PV-017,self__PV-019,self__HF-001,self__PV-010,self__FR-002,self__PV-016,self__FR-005,self__PV-004,self__PV-015,self__FR-004,self__PV-011,self__PV-021,self__INT-003,self__OB-005,self__PV-023,self__FR-001,self__HF-004,self__PV-002,self__OB-002,self__OB-001,self__FR-010",2019-03-06,2019-06-03,2019-06-04,2019-07-02,self__FR-010,5.0,28.50574016571045
__joint_lightgbm__,final_joint,"self__FR-013,self__INT-002,self__OB-004,self__PV-009,self__OB-003,self__FR-012,self__PV-017,self__PV-019,self__HF-001,self__PV-010,self__FR-002,self__PV-016,self__FR-005,self__PV-004,self__PV-015,self__FR-004,self__PV-011,self__PV-021,self__INT-003,self__OB-005,self__PV-023,self__FR-001,self__HF-004,self__PV-002,self__OB-002,self__OB-001,self__FR-010",2019-04-03,2019-07-02,2019-07-03,2019-07-30,factorlib__amount,25.0,224.2204213142395
__joint_lightgbm__,final_joint,"self__FR-013,self__INT-002,self__OB-004,self__PV-009,self__OB-003,self__FR-012,self__PV-017,self__PV-019,self__HF-001,self__PV-010,self__FR-002,self__PV-016,self__FR-005,self__PV-004,self__PV-015,self__FR-004,self__PV-011,self__PV-021,self__INT-003,self__OB-005,self__PV-023,self__FR-001,self__HF-004,self__PV-002,self__OB-002,self__OB-001,self__FR-010",2019-04-03,2019-07-02,2019-07-03,2019-07-30,factorlib__atr_14,10.0,52.771599769592285
__joint_lightgbm__,final_joint,"self__FR-013,self__INT-002,self__OB-004,self__PV-009,self__OB-003,self__FR-012,self__PV-017,self__PV-019,self__HF-001,self__PV-010,self__FR-002,self__PV-016,self__FR-005,self__PV-004,self__PV-015,self__FR-004,self__PV-011,self__PV-021,self__INT-003,self__OB-005,self__PV-023,self__FR-001,self__HF-004,self__PV-002,self__OB-002,self__OB-001,self__FR-010",2019-04-03,2019-07-02,2019-07-03,2019-07-30,factorlib__bias_20,67.0,1200.8679904937744
__joint_lightgbm__,final_joint,"self__FR-013,self__INT-002,self__OB-004,self__PV-009,self__OB-003,self__FR-012,self__PV-017,self__PV-019,self__HF-001,self__PV-010,self__FR-002,self__PV-016,self__FR-005,self__PV-004,self__PV-015,self__FR-004,self__PV-011,self__PV-021,self__INT-003,self__OB-005,self__PV-023,self__FR-001,self__HF-004,self__PV-002,self__OB-002,self__OB-001,self__FR-010",2019-04-03,2019-07-02,2019-07-03,2019-07-30,factorlib__cci_14,54.0,333.6256115436554
__joint_lightgbm__,final_joint,"self__FR-013,self__INT-002,self__OB-004,self__PV-009,self__OB-003,self__FR-012,self__PV-017,self__PV-019,self__HF-001,self__PV-010,self__FR-002,self__PV-016,self__FR-005,self__PV-004,self__PV-015,self__FR-004,self__PV-011,self__PV-021,self__INT-003,self__OB-005,self__PV-023,self__FR-001,self__HF-004,self__PV-002,self__OB-002,self__OB-001,self__FR-010",2019-04-03,2019-07-02,2019-07-03,2019-07-30,factorlib__float_market_cap,13.0,54.843939781188965
__joint_lightgbm__,final_joint,"self__FR-013,self__INT-002,self__OB-004,self__PV-009,self__OB-003,self__FR-012,self__PV-017,self__PV-019,self__HF-001,self__PV-010,self__FR-002,self__PV-016,self__FR-005,self__PV-004,self__PV-015,self__FR-004,self__PV-011,self__PV-021,self__INT-003,self__OB-005,self__PV-023,self__FR-001,self__HF-004,self__PV-002,self__OB-002,self__OB-001,self__FR-010",2019-04-03,2019-07-02,2019-07-03,2019-07-30,factorlib__kdj_d_9_3_3,1.0,4.31279993057251
__joint_lightgbm__,final_joint,"self__FR-013,self__INT-002,self__OB-004,self__PV-009,self__OB-003,self__FR-012,self__PV-017,self__PV-019,self__HF-001,self__PV-010,self__FR-002,self__PV-016,self__FR-005,self__PV-004,self__PV-015,self__FR-004,self__PV-011,self__PV-021,self__INT-003,self__OB-005,self__PV-023,self__FR-001,self__HF-004,self__PV-002,self__OB-002,self__OB-001,self__FR-010",2019-04-03,2019-07-02,2019-07-03,2019-07-30,factorlib__macd_diff_12_26_9,68.0,499.170419216156
__joint_lightgbm__,final_joint,"self__FR-013,self__INT-002,self__OB-004,self__PV-009,self__OB-003,self__FR-012,self__PV-017,self__PV-019,self__HF-001,self__PV-010,self__FR-002,self__PV-016,self__FR-005,self__PV-004,self__PV-015,self__FR-004,self__PV-011,self__PV-021,self__INT-003,self__OB-005,self__PV-023,self__FR-001,self__HF-004,self__PV-002,self__OB-002,self__OB-001,self__FR-010",2019-04-03,2019-07-02,2019-07-03,2019-07-30,factorlib__macd_hist_12_26_9,33.0,176.95324993133545
__joint_lightgbm__,final_joint,"self__FR-013,self__INT-002,self__OB-004,self__PV-009,self__OB-003,self__FR-012,self__PV-017,self__PV-019,self__HF-001,self__PV-010,self__FR-002,self__PV-016,self__FR-005,self__PV-004,self__PV-015,self__FR-004,self__PV-011,self__PV-021,self__INT-003,self__OB-005,self__PV-023,self__FR-001,self__HF-004,self__PV-002,self__OB-002,self__OB-001,self__FR-010",2019-04-03,2019-07-02,2019-07-03,2019-07-30,factorlib__momentum_5,118.0,1234.922606229782
__joint_lightgbm__,final_joint,"self__FR-013,self__INT-002,self__OB-004,self__PV-009,self__OB-003,self__FR-012,self__PV-017,self__PV-019,self__HF-001,self__PV-010,self__FR-002,self__PV-016,self__FR-005,self__PV-004,self__PV-015,self__FR-004,self__PV-011,self__PV-021,self__INT-003,self__OB-005,self__PV-023,self__FR-001,self__HF-004,self__PV-002,self__OB-002,self__OB-001,self__FR-010",2019-04-03,2019-07-02,2019-07-03,2019-07-30,factorlib__net_profit_rate_ttm,18.0,149.64291071891785
__joint_lightgbm__,final_joint,"self__FR-013,self__INT-002,self__OB-004,self__PV-009,self__OB-003,self__FR-012,self__PV-017,self__PV-019,self__HF-001,self__PV-010,self__FR-002,self__PV-016,self__FR-005,self__PV-004,self__PV-015,self__FR-004,self__PV-011,self__PV-021,self__INT-003,self__OB-005,self__PV-023,self__FR-001,self__HF-004,self__PV-002,self__OB-002,self__OB-001,self__FR-010",2019-04-03,2019-07-02,2019-07-03,2019-07-30,factorlib__netflow_amount_rate_main,128.0,1331.481692314148
__joint_lightgbm__,final_joint,"self__FR-013,self__INT-002,self__OB-004,self__PV-009,self__OB-003,self__FR-012,self__PV-017,self__PV-019,self__HF-001,self__PV-010,self__FR-002,self__PV-016,self__FR-005,self__PV-004,self__PV-015,self__FR-004,self__PV-011,self__PV-021,self__INT-003,self__OB-005,self__PV-023,self__FR-001,self__HF-004,self__PV-002,self__OB-002,self__OB-001,self__FR-010",2019-04-03,2019-07-02,2019-07-03,2019-07-30,factorlib__total_market_cap,17.0,88.78666925430298
__joint_lightgbm__,final_joint,"self__FR-013,self__INT-002,self__OB-004,self__PV-009,self__OB-003,self__FR-012,self__PV-017,self__PV-019,self__HF-001,self__PV-010,self__FR-002,self__PV-016,self__FR-005,self__PV-004,self__PV-015,self__FR-004,self__PV-011,self__PV-021,self__INT-003,self__OB-005,self__PV-023,self__FR-001,self__HF-004,self__PV-002,self__OB-002,self__OB-001,self__FR-010",2019-04-03,2019-07-02,2019-07-03,2019-07-30,factorlib__turn,76.0,1947.2063248157501
__joint_lightgbm__,final_joint,"self__FR-013,self__INT-002,self__OB-004,self__PV-009,self__OB-003,self__FR-012,self__PV-017,self__PV-019,self__HF-001,self__PV-010,self__FR-002,self__PV-016,self__FR-005,self__PV-004,self__PV-015,self__FR-004,self__PV-011,self__PV-021,self__INT-003,self__OB-005,self__PV-023,self__FR-001,self__HF-004,self__PV-002,self__OB-002,self__OB-001,self__FR-010",2019-04-03,2019-07-02,2019-07-03,2019-07-30,factorlib__volatility_5,58.0,621.8792929649353
__joint_lightgbm__,final_joint,"self__FR-013,self__INT-002,self__OB-004,self__PV-009,self__OB-003,self__FR-012,self__PV-017,self__PV-019,self__HF-001,self__PV-010,self__FR-002,self__PV-016,self__FR-005,self__PV-004,self__PV-015,self__FR-004,self__PV-011,self__PV-021,self__INT-003,self__OB-005,self__PV-023,self__FR-001,self__HF-004,self__PV-002,self__OB-002,self__OB-001,self__FR-010",2019-04-03,2019-07-02,2019-07-03,2019-07-30,factorlib__volume,62.0,1217.2244811058044
__joint_lightgbm__,final_joint,"self__FR-013,self__INT-002,self__OB-004,self__PV-009,self__OB-003,self__FR-012,self__PV-017,self__PV-019,self__HF-001,self__PV-010,self__FR-002,self__PV-016,self__FR-005,self__PV-004,self__PV-015,self__FR-004,self__PV-011,self__PV-021,self__INT-003,self__OB-005,self__PV-023,self__FR-001,self__HF-004,self__PV-002,self__OB-002,self__OB-001,self__FR-010",2019-04-03,2019-07-02,2019-07-03,2019-07-30,self__FR-013,0.0,0.0
__joint_lightgbm__,final_joint,"self__FR-013,self__INT-002,self__OB-004,self__PV-009,self__OB-003,self__FR-012,self__PV-017,self__PV-019,self__HF-001,self__PV-010,self__FR-002,self__PV-016,self__FR-005,self__PV-004,self__PV-015,self__FR-004,self__PV-011,self__PV-021,self__INT-003,self__OB-005,self__PV-023,self__FR-001,self__HF-004,self__PV-002,self__OB-002,self__OB-001,self__FR-010",2019-04-03,2019-07-02,2019-07-03,2019-07-30,self__INT-002,35.0,208.7790915966034
__joint_lightgbm__,final_joint,"self__FR-013,self__INT-002,self__OB-004,self__PV-009,self__OB-003,self__FR-012,self__PV-017,self__PV-019,self__HF-001,self__PV-010,self__FR-002,self__PV-016,self__FR-005,self__PV-004,self__PV-015,self__FR-004,self__PV-011,self__PV-021,self__INT-003,self__OB-005,self__PV-023,self__FR-001,self__HF-004,self__PV-002,self__OB-002,self__OB-001,self__FR-010",2019-04-03,2019-07-02,2019-07-03,2019-07-30,self__OB-004,10.0,67.54508972167969
__joint_lightgbm__,final_joint,"self__FR-013,self__INT-002,self__OB-004,self__PV-009,self__OB-003,self__FR-012,self__PV-017,self__PV-019,self__HF-001,self__PV-010,self__FR-002,self__PV-016,self__FR-005,self__PV-004,self__PV-015,self__FR-004,self__PV-011,self__PV-021,self__INT-003,self__OB-005,self__PV-023,self__FR-001,self__HF-004,self__PV-002,self__OB-002,self__OB-001,self__FR-010",2019-04-03,2019-07-02,2019-07-03,2019-07-30,self__PV-009,0.0,0.0
__joint_lightgbm__,final_joint,"self__FR-013,self__INT-002,self__OB-004,self__PV-009,self__OB-003,self__FR-012,self__PV-017,self__PV-019,self__HF-001,self__PV-010,self__FR-002,self__PV-016,self__FR-005,self__PV-004,self__PV-015,self__FR-004,self__PV-011,self__PV-021,self__INT-003,self__OB-005,self__PV-023,self__FR-001,self__HF-004,self__PV-002,self__OB-002,self__OB-001,self__FR-010",2019-04-03,2019-07-02,2019-07-03,2019-07-30,self__OB-003,4.0,17.255379915237427
__joint_lightgbm__,final_joint,"self__FR-013,self__INT-002,self__OB-004,self__PV-009,self__OB-003,self__FR-012,self__PV-017,self__PV-019,self__HF-001,self__PV-010,self__FR-002,self__PV-016,self__FR-005,self__PV-004,self__PV-015,self__FR-004,self__PV-011,self__PV-021,self__INT-003,self__OB-005,self__PV-023,self__FR-001,self__HF-004,self__PV-002,self__OB-002,self__OB-001,self__FR-010",2019-04-03,2019-07-02,2019-07-03,2019-07-30,self__FR-012,0.0,0.0
__joint_lightgbm__,final_joint,"self__FR-013,self__INT-002,self__OB-004,self__PV-009,self__OB-003,self__FR-012,self__PV-017,self__PV-019,self__HF-001,self__PV-010,self__FR-002,self__PV-016,self__FR-005,self__PV-004,self__PV-015,self__FR-004,self__PV-011,self__PV-021,self__INT-003,self__OB-005,self__PV-023,self__FR-001,self__HF-004,self__PV-002,self__OB-002,self__OB-001,self__FR-010",2019-04-03,2019-07-02,2019-07-03,2019-07-30,self__PV-017,0.0,0.0
__joint_lightgbm__,final_joint,"self__FR-013,self__INT-002,self__OB-004,self__PV-009,self__OB-003,self__FR-012,self__PV-017,self__PV-019,self__HF-001,self__PV-010,self__FR-002,self__PV-016,self__FR-005,self__PV-004,self__PV-015,self__FR-004,self__PV-011,self__PV-021,self__INT-003,self__OB-005,self__PV-023,self__FR-001,self__HF-004,self__PV-002,self__OB-002,self__OB-001,self__FR-010",2019-04-03,2019-07-02,2019-07-03,2019-07-30,self__PV-019,0.0,0.0
__joint_lightgbm__,final_joint,"self__FR-013,self__INT-002,self__OB-004,self__PV-009,self__OB-003,self__FR-012,self__PV-017,self__PV-019,self__HF-001,self__PV-010,self__FR-002,self__PV-016,self__FR-005,self__PV-004,self__PV-015,self__FR-004,self__PV-011,self__PV-021,self__INT-003,self__OB-005,self__PV-023,self__FR-001,self__HF-004,self__PV-002,self__OB-002,self__OB-001,self__FR-010",2019-04-03,2019-07-02,2019-07-03,2019-07-30,self__HF-001,12.0,75.91712045669556
__joint_lightgbm__,final_joint,"self__FR-013,self__INT-002,self__OB-004,self__PV-009,self__OB-003,self__FR-012,self__PV-017,self__PV-019,self__HF-001,self__PV-010,self__FR-002,self__PV-016,self__FR-005,self__PV-004,self__PV-015,self__FR-004,self__PV-011,self__PV-021,self__INT-003,self__OB-005,self__PV-023,self__FR-001,self__HF-004,self__PV-002,self__OB-002,self__OB-001,self__FR-010",2019-04-03,2019-07-02,2019-07-03,2019-07-30,self__PV-010,0.0,0.0
__joint_lightgbm__,final_joint,"self__FR-013,self__INT-002,self__OB-004,self__PV-009,self__OB-003,self__FR-012,self__PV-017,self__PV-019,self__HF-001,self__PV-010,self__FR-002,self__PV-016,self__FR-005,self__PV-004,self__PV-015,self__FR-004,self__PV-011,self__PV-021,self__INT-003,self__OB-005,self__PV-023,self__FR-001,self__HF-004,self__PV-002,self__OB-002,self__OB-001,self__FR-010",2019-04-03,2019-07-02,2019-07-03,2019-07-30,self__FR-002,47.0,375.26271653175354
__joint_lightgbm__,final_joint,"self__FR-013,self__INT-002,self__OB-004,self__PV-009,self__OB-003,self__FR-012,self__PV-017,self__PV-019,self__HF-001,self__PV-010,self__FR-002,self__PV-016,self__FR-005,self__PV-004,self__PV-015,self__FR-004,self__PV-011,self__PV-021,self__INT-003,self__OB-005,self__PV-023,self__FR-001,self__HF-004,self__PV-002,self__OB-002,self__OB-001,self__FR-010",2019-04-03,2019-07-02,2019-07-03,2019-07-30,self__PV-016,0.0,0.0
__joint_lightgbm__,final_joint,"self__FR-013,self__INT-002,self__OB-004,self__PV-009,self__OB-003,self__FR-012,self__PV-017,self__PV-019,self__HF-001,self__PV-010,self__FR-002,self__PV-016,self__FR-005,self__PV-004,self__PV-015,self__FR-004,self__PV-011,self__PV-021,self__INT-003,self__OB-005,self__PV-023,self__FR-001,self__HF-004,self__PV-002,self__OB-002,self__OB-001,self__FR-010",2019-04-03,2019-07-02,2019-07-03,2019-07-30,self__FR-005,7.0,33.589409828186035
__joint_lightgbm__,final_joint,"self__FR-013,self__INT-002,self__OB-004,self__PV-009,self__OB-003,self__FR-012,self__PV-017,self__PV-019,self__HF-001,self__PV-010,self__FR-002,self__PV-016,self__FR-005,self__PV-004,self__PV-015,self__FR-004,self__PV-011,self__PV-021,self__INT-003,self__OB-005,self__PV-023,self__FR-001,self__HF-004,self__PV-002,self__OB-002,self__OB-001,self__FR-010",2019-04-03,2019-07-02,2019-07-03,2019-07-30,self__PV-004,9.0,47.081870317459106
__joint_lightgbm__,final_joint,"self__FR-013,self__INT-002,self__OB-004,self__PV-009,self__OB-003,self__FR-012,self__PV-017,self__PV-019,self__HF-001,self__PV-010,self__FR-002,self__PV-016,self__FR-005,self__PV-004,self__PV-015,self__FR-004,self__PV-011,self__PV-021,self__INT-003,self__OB-005,self__PV-023,self__FR-001,self__HF-004,self__PV-002,self__OB-002,self__OB-001,self__FR-010",2019-04-03,2019-07-02,2019-07-03,2019-07-30,self__PV-015,0.0,0.0
__joint_lightgbm__,final_joint,"self__FR-013,self__INT-002,self__OB-004,self__PV-009,self__OB-003,self__FR-012,self__PV-017,self__PV-019,self__HF-001,self__PV-010,self__FR-002,self__PV-016,self__FR-005,self__PV-004,self__PV-015,self__FR-004,self__PV-011,self__PV-021,self__INT-003,self__OB-005,self__PV-023,self__FR-001,self__HF-004,self__PV-002,self__OB-002,self__OB-001,self__FR-010",2019-04-03,2019-07-02,2019-07-03,2019-07-30,self__FR-004,21.0,155.01959133148193
__joint_lightgbm__,final_joint,"self__FR-013,self__INT-002,self__OB-004,self__PV-009,self__OB-003,self__FR-012,self__PV-017,self__PV-019,self__HF-001,self__PV-010,self__FR-002,self__PV-016,self__FR-005,self__PV-004,self__PV-015,self__FR-004,self__PV-011,self__PV-021,self__INT-003,self__OB-005,self__PV-023,self__FR-001,self__HF-004,self__PV-002,self__OB-002,self__OB-001,self__FR-010",2019-04-03,2019-07-02,2019-07-03,2019-07-30,self__PV-011,0.0,0.0
__joint_lightgbm__,final_joint,"self__FR-013,self__INT-002,self__OB-004,self__PV-009,self__OB-003,self__FR-012,self__PV-017,self__PV-019,self__HF-001,self__PV-010,self__FR-002,self__PV-016,self__FR-005,self__PV-004,self__PV-015,self__FR-004,self__PV-011,self__PV-021,self__INT-003,self__OB-005,self__PV-023,self__FR-001,self__HF-004,self__PV-002,self__OB-002,self__OB-001,self__FR-010",2019-04-03,2019-07-02,2019-07-03,2019-07-30,self__PV-021,15.0,93.97224950790405
__joint_lightgbm__,final_joint,"self__FR-013,self__INT-002,self__OB-004,self__PV-009,self__OB-003,self__FR-012,self__PV-017,self__PV-019,self__HF-001,self__PV-010,self__FR-002,self__PV-016,self__FR-005,self__PV-004,self__PV-015,self__FR-004,self__PV-011,self__PV-021,self__INT-003,self__OB-005,self__PV-023,self__FR-001,self__HF-004,self__PV-002,self__OB-002,self__OB-001,self__FR-010",2019-04-03,2019-07-02,2019-07-03,2019-07-30,self__INT-003,0.0,0.0
__joint_lightgbm__,final_joint,"self__FR-013,self__INT-002,self__OB-004,self__PV-009,self__OB-003,self__FR-012,self__PV-017,self__PV-019,self__HF-001,self__PV-010,self__FR-002,self__PV-016,self__FR-005,self__PV-004,self__PV-015,self__FR-004,self__PV-011,self__PV-021,self__INT-003,self__OB-005,self__PV-023,self__FR-001,self__HF-004,self__PV-002,self__OB-002,self__OB-001,self__FR-010",2019-04-03,2019-07-02,2019-07-03,2019-07-30,self__OB-005,75.0,680.7464272975922
__joint_lightgbm__,final_joint,"self__FR-013,self__INT-002,self__OB-004,self__PV-009,self__OB-003,self__FR-012,self__PV-017,self__PV-019,self__HF-001,self__PV-010,self__FR-002,self__PV-016,self__FR-005,self__PV-004,self__PV-015,self__FR-004,self__PV-011,self__PV-021,self__INT-003,self__OB-005,self__PV-023,self__FR-001,self__HF-004,self__PV-002,self__OB-002,self__OB-001,self__FR-010",2019-04-03,2019-07-02,2019-07-03,2019-07-30,self__PV-023,14.0,70.13923954963684
__joint_lightgbm__,final_joint,"self__FR-013,self__INT-002,self__OB-004,self__PV-009,self__OB-003,self__FR-012,self__PV-017,self__PV-019,self__HF-001,self__PV-010,self__FR-002,self__PV-016,self__FR-005,self__PV-004,self__PV-015,self__FR-004,self__PV-011,self__PV-021,self__INT-003,self__OB-005,self__PV-023,self__FR-001,self__HF-004,self__PV-002,self__OB-002,self__OB-001,self__FR-010",2019-04-03,2019-07-02,2019-07-03,2019-07-30,self__FR-001,19.0,122.90252876281738
__joint_lightgbm__,final_joint,"self__FR-013,self__INT-002,self__OB-004,self__PV-009,self__OB-003,self__FR-012,self__PV-017,self__PV-019,self__HF-001,self__PV-010,self__FR-002,self__PV-016,self__FR-005,self__PV-004,self__PV-015,self__FR-004,self__PV-011,self__PV-021,self__INT-003,self__OB-005,self__PV-023,self__FR-001,self__HF-004,self__PV-002,self__OB-002,self__OB-001,self__FR-010",2019-04-03,2019-07-02,2019-07-03,2019-07-30,self__HF-004,36.0,236.63679885864258
__joint_lightgbm__,final_joint,"self__FR-013,self__INT-002,self__OB-004,self__PV-009,self__OB-003,self__FR-012,self__PV-017,self__PV-019,self__HF-001,self__PV-010,self__FR-002,self__PV-016,self__FR-005,self__PV-004,self__PV-015,self__FR-004,self__PV-011,self__PV-021,self__INT-003,self__OB-005,self__PV-023,self__FR-001,self__HF-004,self__PV-002,self__OB-002,self__OB-001,self__FR-010",2019-04-03,2019-07-02,2019-07-03,2019-07-30,self__PV-002,84.0,774.6323504447937
__joint_lightgbm__,final_joint,"self__FR-013,self__INT-002,self__OB-004,self__PV-009,self__OB-003,self__FR-012,self__PV-017,self__PV-019,self__HF-001,self__PV-010,self__FR-002,self__PV-016,self__FR-005,self__PV-004,self__PV-015,self__FR-004,self__PV-011,self__PV-021,self__INT-003,self__OB-005,self__PV-023,self__FR-001,self__HF-004,self__PV-002,self__OB-002,self__OB-001,self__FR-010",2019-04-03,2019-07-02,2019-07-03,2019-07-30,self__OB-002,31.0,256.0059108734131
__joint_lightgbm__,final_joint,"self__FR-013,self__INT-002,self__OB-004,self__PV-009,self__OB-003,self__FR-012,self__PV-017,self__PV-019,self__HF-001,self__PV-010,self__FR-002,self__PV-016,self__FR-005,self__PV-004,self__PV-015,self__FR-004,self__PV-011,self__PV-021,self__INT-003,self__OB-005,self__PV-023,self__FR-001,self__HF-004,self__PV-002,self__OB-002,self__OB-001,self__FR-010",2019-04-03,2019-07-02,2019-07-03,2019-07-30,self__OB-001,32.0,379.65088987350464
__joint_lightgbm__,final_joint,"self__FR-013,self__INT-002,self__OB-004,self__PV-009,self__OB-003,self__FR-012,self__PV-017,self__PV-019,self__HF-001,self__PV-010,self__FR-002,self__PV-016,self__FR-005,self__PV-004,self__PV-015,self__FR-004,self__PV-011,self__PV-021,self__INT-003,self__OB-005,self__PV-023,self__FR-001,self__HF-004,self__PV-002,self__OB-002,self__OB-001,self__FR-010",2019-04-03,2019-07-02,2019-07-03,2019-07-30,self__FR-010,1.0,6.219629764556885
__joint_lightgbm__,final_joint,"self__FR-013,self__INT-002,self__OB-004,self__PV-009,self__OB-003,self__FR-012,self__PV-017,self__PV-019,self__HF-001,self__PV-010,self__FR-002,self__PV-016,self__FR-005,self__PV-004,self__PV-015,self__FR-004,self__PV-011,self__PV-021,self__INT-003,self__OB-005,self__PV-023,self__FR-001,self__HF-004,self__PV-002,self__OB-002,self__OB-001,self__FR-010",2019-05-07,2019-07-30,2019-07-31,2019-08-27,factorlib__amount,17.0,229.64896297454834
__joint_lightgbm__,final_joint,"self__FR-013,self__INT-002,self__OB-004,self__PV-009,self__OB-003,self__FR-012,self__PV-017,self__PV-019,self__HF-001,self__PV-010,self__FR-002,self__PV-016,self__FR-005,self__PV-004,self__PV-015,self__FR-004,self__PV-011,self__PV-021,self__INT-003,self__OB-005,self__PV-023,self__FR-001,self__HF-004,self__PV-002,self__OB-002,self__OB-001,self__FR-010",2019-05-07,2019-07-30,2019-07-31,2019-08-27,factorlib__atr_14,9.0,52.98569083213806
__joint_lightgbm__,final_joint,"self__FR-013,self__INT-002,self__OB-004,self__PV-009,self__OB-003,self__FR-012,self__PV-017,self__PV-019,self__HF-001,self__PV-010,self__FR-002,self__PV-016,self__FR-005,self__PV-004,self__PV-015,self__FR-004,self__PV-011,self__PV-021,self__INT-003,self__OB-005,self__PV-023,self__FR-001,self__HF-004,self__PV-002,self__OB-002,self__OB-001,self__FR-010",2019-05-07,2019-07-30,2019-07-31,2019-08-27,factorlib__bias_20,95.0,1190.6163671016693
__joint_lightgbm__,final_joint,"self__FR-013,self__INT-002,self__OB-004,self__PV-009,self__OB-003,self__FR-012,self__PV-017,self__PV-019,self__HF-001,self__PV-010,self__FR-002,self__PV-016,self__FR-005,self__PV-004,self__PV-015,self__FR-004,self__PV-011,self__PV-021,self__INT-003,self__OB-005,self__PV-023,self__FR-001,self__HF-004,self__PV-002,self__OB-002,self__OB-001,self__FR-010",2019-05-07,2019-07-30,2019-07-31,2019-08-27,factorlib__cci_14,68.0,502.23314142227173
__joint_lightgbm__,final_joint,"self__FR-013,self__INT-002,self__OB-004,self__PV-009,self__OB-003,self__FR-012,self__PV-017,self__PV-019,self__HF-001,self__PV-010,self__FR-002,self__PV-016,self__FR-005,self__PV-004,self__PV-015,self__FR-004,self__PV-011,self__PV-021,self__INT-003,self__OB-005,self__PV-023,self__FR-001,self__HF-004,self__PV-002,self__OB-002,self__OB-001,self__FR-010",2019-05-07,2019-07-30,2019-07-31,2019-08-27,factorlib__float_market_cap,38.0,256.13136768341064
__joint_lightgbm__,final_joint,"self__FR-013,self__INT-002,self__OB-004,self__PV-009,self__OB-003,self__FR-012,self__PV-017,self__PV-019,self__HF-001,self__PV-010,self__FR-002,self__PV-016,self__FR-005,self__PV-004,self__PV-015,self__FR-004,self__PV-011,self__PV-021,self__INT-003,self__OB-005,self__PV-023,self__FR-001,self__HF-004,self__PV-002,self__OB-002,self__OB-001,self__FR-010",2019-05-07,2019-07-30,2019-07-31,2019-08-27,factorlib__kdj_d_9_3_3,14.0,90.14752006530762
__joint_lightgbm__,final_joint,"self__FR-013,self__INT-002,self__OB-004,self__PV-009,self__OB-003,self__FR-012,self__PV-017,self__PV-019,self__HF-001,self__PV-010,self__FR-002,self__PV-016,self__FR-005,self__PV-004,self__PV-015,self__FR-004,self__PV-011,self__PV-021,self__INT-003,self__OB-005,self__PV-023,self__FR-001,self__HF-004,self__PV-002,self__OB-002,self__OB-001,self__FR-010",2019-05-07,2019-07-30,2019-07-31,2019-08-27,factorlib__macd_diff_12_26_9,22.0,126.8520097732544
__joint_lightgbm__,final_joint,"self__FR-013,self__INT-002,self__OB-004,self__PV-009,self__OB-003,self__FR-012,self__PV-017,self__PV-019,self__HF-001,self__PV-010,self__FR-002,self__PV-016,self__FR-005,self__PV-004,self__PV-015,self__FR-004,self__PV-011,self__PV-021,self__INT-003,self__OB-005,self__PV-023,self__FR-001,self__HF-004,self__PV-002,self__OB-002,self__OB-001,self__FR-010",2019-05-07,2019-07-30,2019-07-31,2019-08-27,factorlib__macd_hist_12_26_9,23.0,119.75975060462952
__joint_lightgbm__,final_joint,"self__FR-013,self__INT-002,self__OB-004,self__PV-009,self__OB-003,self__FR-012,self__PV-017,self__PV-019,self__HF-001,self__PV-010,self__FR-002,self__PV-016,self__FR-005,self__PV-004,self__PV-015,self__FR-004,self__PV-011,self__PV-021,self__INT-003,self__OB-005,self__PV-023,self__FR-001,self__HF-004,self__PV-002,self__OB-002,self__OB-001,self__FR-010",2019-05-07,2019-07-30,2019-07-31,2019-08-27,factorlib__momentum_5,99.0,1053.650757074356
__joint_lightgbm__,final_joint,"self__FR-013,self__INT-002,self__OB-004,self__PV-009,self__OB-003,self__FR-012,self__PV-017,self__PV-019,self__HF-001,self__PV-010,self__FR-002,self__PV-016,self__FR-005,self__PV-004,self__PV-015,self__FR-004,self__PV-011,self__PV-021,self__INT-003,self__OB-005,self__PV-023,self__FR-001,self__HF-004,self__PV-002,self__OB-002,self__OB-001,self__FR-010",2019-05-07,2019-07-30,2019-07-31,2019-08-27,factorlib__net_profit_rate_ttm,21.0,177.70209884643555
__joint_lightgbm__,final_joint,"self__FR-013,self__INT-002,self__OB-004,self__PV-009,self__OB-003,self__FR-012,self__PV-017,self__PV-019,self__HF-001,self__PV-010,self__FR-002,self__PV-016,self__FR-005,self__PV-004,self__PV-015,self__FR-004,self__PV-011,self__PV-021,self__INT-003,self__OB-005,self__PV-023,self__FR-001,self__HF-004,self__PV-002,self__OB-002,self__OB-001,self__FR-010",2019-05-07,2019-07-30,2019-07-31,2019-08-27,factorlib__netflow_amount_rate_main,105.0,856.674248456955
__joint_lightgbm__,final_joint,"self__FR-013,self__INT-002,self__OB-004,self__PV-009,self__OB-003,self__FR-012,self__PV-017,self__PV-019,self__HF-001,self__PV-010,self__FR-002,self__PV-016,self__FR-005,self__PV-004,self__PV-015,self__FR-004,self__PV-011,self__PV-021,self__INT-003,self__OB-005,self__PV-023,self__FR-001,self__HF-004,self__PV-002,self__OB-002,self__OB-001,self__FR-010",2019-05-07,2019-07-30,2019-07-31,2019-08-27,factorlib__total_market_cap,14.0,86.97789907455444
__joint_lightgbm__,final_joint,"self__FR-013,self__INT-002,self__OB-004,self__PV-009,self__OB-003,self__FR-012,self__PV-017,self__PV-019,self__HF-001,self__PV-010,self__FR-002,self__PV-016,self__FR-005,self__PV-004,self__PV-015,self__FR-004,self__PV-011,self__PV-021,self__INT-003,self__OB-005,self__PV-023,self__FR-001,self__HF-004,self__PV-002,self__OB-002,self__OB-001,self__FR-010",2019-05-07,2019-07-30,2019-07-31,2019-08-27,factorlib__turn,60.0,829.6162927150726
__joint_lightgbm__,final_joint,"self__FR-013,self__INT-002,self__OB-004,self__PV-009,self__OB-003,self__FR-012,self__PV-017,self__PV-019,self__HF-001,self__PV-010,self__FR-002,self__PV-016,self__FR-005,self__PV-004,self__PV-015,self__FR-004,self__PV-011,self__PV-021,self__INT-003,self__OB-005,self__PV-023,self__FR-001,self__HF-004,self__PV-002,self__OB-002,self__OB-001,self__FR-010",2019-05-07,2019-07-30,2019-07-31,2019-08-27,factorlib__volatility_5,64.0,533.0941593647003
__joint_lightgbm__,final_joint,"self__FR-013,self__INT-002,self__OB-004,self__PV-009,self__OB-003,self__FR-012,self__PV-017,self__PV-019,self__HF-001,self__PV-010,self__FR-002,self__PV-016,self__FR-005,self__PV-004,self__PV-015,self__FR-004,self__PV-011,self__PV-021,self__INT-003,self__OB-005,self__PV-023,self__FR-001,self__HF-004,self__PV-002,self__OB-002,self__OB-001,self__FR-010",2019-05-07,2019-07-30,2019-07-31,2019-08-27,factorlib__volume,99.0,2640.5051159858704
__joint_lightgbm__,final_joint,"self__FR-013,self__INT-002,self__OB-004,self__PV-009,self__OB-003,self__FR-012,self__PV-017,self__PV-019,self__HF-001,self__PV-010,self__FR-002,self__PV-016,self__FR-005,self__PV-004,self__PV-015,self__FR-004,self__PV-011,self__PV-021,self__INT-003,self__OB-005,self__PV-023,self__FR-001,self__HF-004,self__PV-002,self__OB-002,self__OB-001,self__FR-010",2019-05-07,2019-07-30,2019-07-31,2019-08-27,self__FR-013,0.0,0.0
__joint_lightgbm__,final_joint,"self__FR-013,self__INT-002,self__OB-004,self__PV-009,self__OB-003,self__FR-012,self__PV-017,self__PV-019,self__HF-001,self__PV-010,self__FR-002,self__PV-016,self__FR-005,self__PV-004,self__PV-015,self__FR-004,self__PV-011,self__PV-021,self__INT-003,self__OB-005,self__PV-023,self__FR-001,self__HF-004,self__PV-002,self__OB-002,self__OB-001,self__FR-010",2019-05-07,2019-07-30,2019-07-31,2019-08-27,self__INT-002,38.0,282.3362195491791
__joint_lightgbm__,final_joint,"self__FR-013,self__INT-002,self__OB-004,self__PV-009,self__OB-003,self__FR-012,self__PV-017,self__PV-019,self__HF-001,self__PV-010,self__FR-002,self__PV-016,self__FR-005,self__PV-004,self__PV-015,self__FR-004,self__PV-011,self__PV-021,self__INT-003,self__OB-005,self__PV-023,self__FR-001,self__HF-004,self__PV-002,self__OB-002,self__OB-001,self__FR-010",2019-05-07,2019-07-30,2019-07-31,2019-08-27,self__OB-004,10.0,55.359400033950806
__joint_lightgbm__,final_joint,"self__FR-013,self__INT-002,self__OB-004,self__PV-009,self__OB-003,self__FR-012,self__PV-017,self__PV-019,self__HF-001,self__PV-010,self__FR-002,self__PV-016,self__FR-005,self__PV-004,self__PV-015,self__FR-004,self__PV-011,self__PV-021,self__INT-003,self__OB-005,self__PV-023,self__FR-001,self__HF-004,self__PV-002,self__OB-002,self__OB-001,self__FR-010",2019-05-07,2019-07-30,2019-07-31,2019-08-27,self__PV-009,0.0,0.0
__joint_lightgbm__,final_joint,"self__FR-013,self__INT-002,self__OB-004,self__PV-009,self__OB-003,self__FR-012,self__PV-017,self__PV-019,self__HF-001,self__PV-010,self__FR-002,self__PV-016,self__FR-005,self__PV-004,self__PV-015,self__FR-004,self__PV-011,self__PV-021,self__INT-003,self__OB-005,self__PV-023,self__FR-001,self__HF-004,self__PV-002,self__OB-002,self__OB-001,self__FR-010",2019-05-07,2019-07-30,2019-07-31,2019-08-27,self__OB-003,7.0,33.57201957702637
__joint_lightgbm__,final_joint,"self__FR-013,self__INT-002,self__OB-004,self__PV-009,self__OB-003,self__FR-012,self__PV-017,self__PV-019,self__HF-001,self__PV-010,self__FR-002,self__PV-016,self__FR-005,self__PV-004,self__PV-015,self__FR-004,self__PV-011,self__PV-021,self__INT-003,self__OB-005,self__PV-023,self__FR-001,self__HF-004,self__PV-002,self__OB-002,self__OB-001,self__FR-010",2019-05-07,2019-07-30,2019-07-31,2019-08-27,self__FR-012,0.0,0.0
__joint_lightgbm__,final_joint,"self__FR-013,self__INT-002,self__OB-004,self__PV-009,self__OB-003,self__FR-012,self__PV-017,self__PV-019,self__HF-001,self__PV-010,self__FR-002,self__PV-016,self__FR-005,self__PV-004,self__PV-015,self__FR-004,self__PV-011,self__PV-021,self__INT-003,self__OB-005,self__PV-023,self__FR-001,self__HF-004,self__PV-002,self__OB-002,self__OB-001,self__FR-010",2019-05-07,2019-07-30,2019-07-31,2019-08-27,self__PV-017,0.0,0.0
__joint_lightgbm__,final_joint,"self__FR-013,self__INT-002,self__OB-004,self__PV-009,self__OB-003,self__FR-012,self__PV-017,self__PV-019,self__HF-001,self__PV-010,self__FR-002,self__PV-016,self__FR-005,self__PV-004,self__PV-015,self__FR-004,self__PV-011,self__PV-021,self__INT-003,self__OB-005,self__PV-023,self__FR-001,self__HF-004,self__PV-002,self__OB-002,self__OB-001,self__FR-010",2019-05-07,2019-07-30,2019-07-31,2019-08-27,self__PV-019,0.0,0.0
__joint_lightgbm__,final_joint,"self__FR-013,self__INT-002,self__OB-004,self__PV-009,self__OB-003,self__FR-012,self__PV-017,self__PV-019,self__HF-001,self__PV-010,self__FR-002,self__PV-016,self__FR-005,self__PV-004,self__PV-015,self__FR-004,self__PV-011,self__PV-021,self__INT-003,self__OB-005,self__PV-023,self__FR-001,self__HF-004,self__PV-002,self__OB-002,self__OB-001,self__FR-010",2019-05-07,2019-07-30,2019-07-31,2019-08-27,self__HF-001,5.0,25.994980335235596
__joint_lightgbm__,final_joint,"self__FR-013,self__INT-002,self__OB-004,self__PV-009,self__OB-003,self__FR-012,self__PV-017,self__PV-019,self__HF-001,self__PV-010,self__FR-002,self__PV-016,self__FR-005,self__PV-004,self__PV-015,self__FR-004,self__PV-011,self__PV-021,self__INT-003,self__OB-005,self__PV-023,self__FR-001,self__HF-004,self__PV-002,self__OB-002,self__OB-001,self__FR-010",2019-05-07,2019-07-30,2019-07-31,2019-08-27,self__PV-010,0.0,0.0
__joint_lightgbm__,final_joint,"self__FR-013,self__INT-002,self__OB-004,self__PV-009,self__OB-003,self__FR-012,self__PV-017,self__PV-019,self__HF-001,self__PV-010,self__FR-002,self__PV-016,self__FR-005,self__PV-004,self__PV-015,self__FR-004,self__PV-011,self__PV-021,self__INT-003,self__OB-005,self__PV-023,self__FR-001,self__HF-004,self__PV-002,self__OB-002,self__OB-001,self__FR-010",2019-05-07,2019-07-30,2019-07-31,2019-08-27,self__FR-002,31.0,192.00057935714722
__joint_lightgbm__,final_joint,"self__FR-013,self__INT-002,self__OB-004,self__PV-009,self__OB-003,self__FR-012,self__PV-017,self__PV-019,self__HF-001,self__PV-010,self__FR-002,self__PV-016,self__FR-005,self__PV-004,self__PV-015,self__FR-004,self__PV-011,self__PV-021,self__INT-003,self__OB-005,self__PV-023,self__FR-001,self__HF-004,self__PV-002,self__OB-002,self__OB-001,self__FR-010",2019-05-07,2019-07-30,2019-07-31,2019-08-27,self__PV-016,0.0,0.0
__joint_lightgbm__,final_joint,"self__FR-013,self__INT-002,self__OB-004,self__PV-009,self__OB-003,self__FR-012,self__PV-017,self__PV-019,self__HF-001,self__PV-010,self__FR-002,self__PV-016,self__FR-005,self__PV-004,self__PV-015,self__FR-004,self__PV-011,self__PV-021,self__INT-003,self__OB-005,self__PV-023,self__FR-001,self__HF-004,self__PV-002,self__OB-002,self__OB-001,self__FR-010",2019-05-07,2019-07-30,2019-07-31,2019-08-27,self__FR-005,3.0,23.972529888153076
__joint_lightgbm__,final_joint,"self__FR-013,self__INT-002,self__OB-004,self__PV-009,self__OB-003,self__FR-012,self__PV-017,self__PV-019,self__HF-001,self__PV-010,self__FR-002,self__PV-016,self__FR-005,self__PV-004,self__PV-015,self__FR-004,self__PV-011,self__PV-021,self__INT-003,self__OB-005,self__PV-023,self__FR-001,self__HF-004,self__PV-002,self__OB-002,self__OB-001,self__FR-010",2019-05-07,2019-07-30,2019-07-31,2019-08-27,self__PV-004,23.0,128.02586007118225
__joint_lightgbm__,final_joint,"self__FR-013,self__INT-002,self__OB-004,self__PV-009,self__OB-003,self__FR-012,self__PV-017,self__PV-019,self__HF-001,self__PV-010,self__FR-002,self__PV-016,self__FR-005,self__PV-004,self__PV-015,self__FR-004,self__PV-011,self__PV-021,self__INT-003,self__OB-005,self__PV-023,self__FR-001,self__HF-004,self__PV-002,self__OB-002,self__OB-001,self__FR-010",2019-05-07,2019-07-30,2019-07-31,2019-08-27,self__PV-015,0.0,0.0
__joint_lightgbm__,final_joint,"self__FR-013,self__INT-002,self__OB-004,self__PV-009,self__OB-003,self__FR-012,self__PV-017,self__PV-019,self__HF-001,self__PV-010,self__FR-002,self__PV-016,self__FR-005,self__PV-004,self__PV-015,self__FR-004,self__PV-011,self__PV-021,self__INT-003,self__OB-005,self__PV-023,self__FR-001,self__HF-004,self__PV-002,self__OB-002,self__OB-001,self__FR-010",2019-05-07,2019-07-30,2019-07-31,2019-08-27,self__FR-004,35.0,271.028568983078
__joint_lightgbm__,final_joint,"self__FR-013,self__INT-002,self__OB-004,self__PV-009,self__OB-003,self__FR-012,self__PV-017,self__PV-019,self__HF-001,self__PV-010,self__FR-002,self__PV-016,self__FR-005,self__PV-004,self__PV-015,self__FR-004,self__PV-011,self__PV-021,self__INT-003,self__OB-005,self__PV-023,self__FR-001,self__HF-004,self__PV-002,self__OB-002,self__OB-001,self__FR-010",2019-05-07,2019-07-30,2019-07-31,2019-08-27,self__PV-011,0.0,0.0
__joint_lightgbm__,final_joint,"self__FR-013,self__INT-002,self__OB-004,self__PV-009,self__OB-003,self__FR-012,self__PV-017,self__PV-019,self__HF-001,self__PV-010,self__FR-002,self__PV-016,self__FR-005,self__PV-004,self__PV-015,self__FR-004,self__PV-011,self__PV-021,self__INT-003,self__OB-005,self__PV-023,self__FR-001,self__HF-004,self__PV-002,self__OB-002,self__OB-001,self__FR-010",2019-05-07,2019-07-30,2019-07-31,2019-08-27,self__PV-021,17.0,101.90151977539062
__joint_lightgbm__,final_joint,"self__FR-013,self__INT-002,self__OB-004,self__PV-009,self__OB-003,self__FR-012,self__PV-017,self__PV-019,self__HF-001,self__PV-010,self__FR-002,self__PV-016,self__FR-005,self__PV-004,self__PV-015,self__FR-004,self__PV-011,self__PV-021,self__INT-003,self__OB-005,self__PV-023,self__FR-001,self__HF-004,self__PV-002,self__OB-002,self__OB-001,self__FR-010",2019-05-07,2019-07-30,2019-07-31,2019-08-27,self__INT-003,0.0,0.0
__joint_lightgbm__,final_joint,"self__FR-013,self__INT-002,self__OB-004,self__PV-009,self__OB-003,self__FR-012,self__PV-017,self__PV-019,self__HF-001,self__PV-010,self__FR-002,self__PV-016,self__FR-005,self__PV-004,self__PV-015,self__FR-004,self__PV-011,self__PV-021,self__INT-003,self__OB-005,self__PV-023,self__FR-001,self__HF-004,self__PV-002,self__OB-002,self__OB-001,self__FR-010",2019-05-07,2019-07-30,2019-07-31,2019-08-27,self__OB-005,57.0,347.6159679889679
__joint_lightgbm__,final_joint,"self__FR-013,self__INT-002,self__OB-004,self__PV-009,self__OB-003,self__FR-012,self__PV-017,self__PV-019,self__HF-001,self__PV-010,self__FR-002,self__PV-016,self__FR-005,self__PV-004,self__PV-015,self__FR-004,self__PV-011,self__PV-021,self__INT-003,self__OB-005,self__PV-023,self__FR-001,self__HF-004,self__PV-002,self__OB-002,self__OB-001,self__FR-010",2019-05-07,2019-07-30,2019-07-31,2019-08-27,self__PV-023,11.0,63.95345067977905
__joint_lightgbm__,final_joint,"self__FR-013,self__INT-002,self__OB-004,self__PV-009,self__OB-003,self__FR-012,self__PV-017,self__PV-019,self__HF-001,self__PV-010,self__FR-002,self__PV-016,self__FR-005,self__PV-004,self__PV-015,self__FR-004,self__PV-011,self__PV-021,self__INT-003,self__OB-005,self__PV-023,self__FR-001,self__HF-004,self__PV-002,self__OB-002,self__OB-001,self__FR-010",2019-05-07,2019-07-30,2019-07-31,2019-08-27,self__FR-001,8.0,53.00149941444397
__joint_lightgbm__,final_joint,"self__FR-013,self__INT-002,self__OB-004,self__PV-009,self__OB-003,self__FR-012,self__PV-017,self__PV-019,self__HF-001,self__PV-010,self__FR-002,self__PV-016,self__FR-005,self__PV-004,self__PV-015,self__FR-004,self__PV-011,self__PV-021,self__INT-003,self__OB-005,self__PV-023,self__FR-001,self__HF-004,self__PV-002,self__OB-002,self__OB-001,self__FR-010",2019-05-07,2019-07-30,2019-07-31,2019-08-27,self__HF-004,66.0,413.32202100753784
__joint_lightgbm__,final_joint,"self__FR-013,self__INT-002,self__OB-004,self__PV-009,self__OB-003,self__FR-012,self__PV-017,self__PV-019,self__HF-001,self__PV-010,self__FR-002,self__PV-016,self__FR-005,self__PV-004,self__PV-015,self__FR-004,self__PV-011,self__PV-021,self__INT-003,self__OB-005,self__PV-023,self__FR-001,self__HF-004,self__PV-002,self__OB-002,self__OB-001,self__FR-010",2019-05-07,2019-07-30,2019-07-31,2019-08-27,self__PV-002,89.0,899.3218469619751
__joint_lightgbm__,final_joint,"self__FR-013,self__INT-002,self__OB-004,self__PV-009,self__OB-003,self__FR-012,self__PV-017,self__PV-019,self__HF-001,self__PV-010,self__FR-002,self__PV-016,self__FR-005,self__PV-004,self__PV-015,self__FR-004,self__PV-011,self__PV-021,self__INT-003,self__OB-005,self__PV-023,self__FR-001,self__HF-004,self__PV-002,self__OB-002,self__OB-001,self__FR-010",2019-05-07,2019-07-30,2019-07-31,2019-08-27,self__OB-002,23.0,150.81702947616577
__joint_lightgbm__,final_joint,"self__FR-013,self__INT-002,self__OB-004,self__PV-009,self__OB-003,self__FR-012,self__PV-017,self__PV-019,self__HF-001,self__PV-010,self__FR-002,self__PV-016,self__FR-005,self__PV-004,self__PV-015,self__FR-004,self__PV-011,self__PV-021,self__INT-003,self__OB-005,self__PV-023,self__FR-001,self__HF-004,self__PV-002,self__OB-002,self__OB-001,self__FR-010",2019-05-07,2019-07-30,2019-07-31,2019-08-27,self__OB-001,28.0,388.5409183502197
__joint_lightgbm__,final_joint,"self__FR-013,self__INT-002,self__OB-004,self__PV-009,self__OB-003,self__FR-012,self__PV-017,self__PV-019,self__HF-001,self__PV-010,self__FR-002,self__PV-016,self__FR-005,self__PV-004,self__PV-015,self__FR-004,self__PV-011,self__PV-021,self__INT-003,self__OB-005,self__PV-023,self__FR-001,self__HF-004,self__PV-002,self__OB-002,self__OB-001,self__FR-010",2019-05-07,2019-07-30,2019-07-31,2019-08-27,self__FR-010,1.0,9.946319580078125
__joint_lightgbm__,final_joint,"self__FR-013,self__INT-002,self__OB-004,self__PV-009,self__OB-003,self__FR-012,self__PV-017,self__PV-019,self__HF-001,self__PV-010,self__FR-002,self__PV-016,self__FR-005,self__PV-004,self__PV-015,self__FR-004,self__PV-011,self__PV-021,self__INT-003,self__OB-005,self__PV-023,self__FR-001,self__HF-004,self__PV-002,self__OB-002,self__OB-001,self__FR-010",2019-06-04,2019-08-27,2019-08-28,2019-09-25,factorlib__amount,24.0,161.58808875083923
__joint_lightgbm__,final_joint,"self__FR-013,self__INT-002,self__OB-004,self__PV-009,self__OB-003,self__FR-012,self__PV-017,self__PV-019,self__HF-001,self__PV-010,self__FR-002,self__PV-016,self__FR-005,self__PV-004,self__PV-015,self__FR-004,self__PV-011,self__PV-021,self__INT-003,self__OB-005,self__PV-023,self__FR-001,self__HF-004,self__PV-002,self__OB-002,self__OB-001,self__FR-010",2019-06-04,2019-08-27,2019-08-28,2019-09-25,factorlib__atr_14,27.0,141.32136011123657
__joint_lightgbm__,final_joint,"self__FR-013,self__INT-002,self__OB-004,self__PV-009,self__OB-003,self__FR-012,self__PV-017,self__PV-019,self__HF-001,self__PV-010,self__FR-002,self__PV-016,self__FR-005,self__PV-004,self__PV-015,self__FR-004,self__PV-011,self__PV-021,self__INT-003,self__OB-005,self__PV-023,self__FR-001,self__HF-004,self__PV-002,self__OB-002,self__OB-001,self__FR-010",2019-06-04,2019-08-27,2019-08-28,2019-09-25,factorlib__bias_20,86.0,532.9288015365601
__joint_lightgbm__,final_joint,"self__FR-013,self__INT-002,self__OB-004,self__PV-009,self__OB-003,self__FR-012,self__PV-017,self__PV-019,self__HF-001,self__PV-010,self__FR-002,self__PV-016,self__FR-005,self__PV-004,self__PV-015,self__FR-004,self__PV-011,self__PV-021,self__INT-003,self__OB-005,self__PV-023,self__FR-001,self__HF-004,self__PV-002,self__OB-002,self__OB-001,self__FR-010",2019-06-04,2019-08-27,2019-08-28,2019-09-25,factorlib__cci_14,59.0,304.8170611858368
__joint_lightgbm__,final_joint,"self__FR-013,self__INT-002,self__OB-004,self__PV-009,self__OB-003,self__FR-012,self__PV-017,self__PV-019,self__HF-001,self__PV-010,self__FR-002,self__PV-016,self__FR-005,self__PV-004,self__PV-015,self__FR-004,self__PV-011,self__PV-021,self__INT-003,self__OB-005,self__PV-023,self__FR-001,self__HF-004,self__PV-002,self__OB-002,self__OB-001,self__FR-010",2019-06-04,2019-08-27,2019-08-28,2019-09-25,factorlib__float_market_cap,12.0,83.8072202205658
__joint_lightgbm__,final_joint,"self__FR-013,self__INT-002,self__OB-004,self__PV-009,self__OB-003,self__FR-012,self__PV-017,self__PV-019,self__HF-001,self__PV-010,self__FR-002,self__PV-016,self__FR-005,self__PV-004,self__PV-015,self__FR-004,self__PV-011,self__PV-021,self__INT-003,self__OB-005,self__PV-023,self__FR-001,self__HF-004,self__PV-002,self__OB-002,self__OB-001,self__FR-010",2019-06-04,2019-08-27,2019-08-28,2019-09-25,factorlib__kdj_d_9_3_3,23.0,119.11239051818848
__joint_lightgbm__,final_joint,"self__FR-013,self__INT-002,self__OB-004,self__PV-009,self__OB-003,self__FR-012,self__PV-017,self__PV-019,self__HF-001,self__PV-010,self__FR-002,self__PV-016,self__FR-005,self__PV-004,self__PV-015,self__FR-004,self__PV-011,self__PV-021,self__INT-003,self__OB-005,self__PV-023,self__FR-001,self__HF-004,self__PV-002,self__OB-002,self__OB-001,self__FR-010",2019-06-04,2019-08-27,2019-08-28,2019-09-25,factorlib__macd_diff_12_26_9,39.0,169.19136118888855
__joint_lightgbm__,final_joint,"self__FR-013,self__INT-002,self__OB-004,self__PV-009,self__OB-003,self__FR-012,self__PV-017,self__PV-019,self__HF-001,self__PV-010,self__FR-002,self__PV-016,self__FR-005,self__PV-004,self__PV-015,self__FR-004,self__PV-011,self__PV-021,self__INT-003,self__OB-005,self__PV-023,self__FR-001,self__HF-004,self__PV-002,self__OB-002,self__OB-001,self__FR-010",2019-06-04,2019-08-27,2019-08-28,2019-09-25,factorlib__macd_hist_12_26_9,10.0,49.37472057342529
__joint_lightgbm__,final_joint,"self__FR-013,self__INT-002,self__OB-004,self__PV-009,self__OB-003,self__FR-012,self__PV-017,self__PV-019,self__HF-001,self__PV-010,self__FR-002,self__PV-016,self__FR-005,self__PV-004,self__PV-015,self__FR-004,self__PV-011,self__PV-021,self__INT-003,self__OB-005,self__PV-023,self__FR-001,self__HF-004,self__PV-002,self__OB-002,self__OB-001,self__FR-010",2019-06-04,2019-08-27,2019-08-28,2019-09-25,factorlib__momentum_5,62.0,336.2674415111542
__joint_lightgbm__,final_joint,"self__FR-013,self__INT-002,self__OB-004,self__PV-009,self__OB-003,self__FR-012,self__PV-017,self__PV-019,self__HF-001,self__PV-010,self__FR-002,self__PV-016,self__FR-005,self__PV-004,self__PV-015,self__FR-004,self__PV-011,self__PV-021,self__INT-003,self__OB-005,self__PV-023,self__FR-001,self__HF-004,self__PV-002,self__OB-002,self__OB-001,self__FR-010",2019-06-04,2019-08-27,2019-08-28,2019-09-25,factorlib__net_profit_rate_ttm,14.0,61.66890907287598
__joint_lightgbm__,final_joint,"self__FR-013,self__INT-002,self__OB-004,self__PV-009,self__OB-003,self__FR-012,self__PV-017,self__PV-019,self__HF-001,self__PV-010,self__FR-002,self__PV-016,self__FR-005,self__PV-004,self__PV-015,self__FR-004,self__PV-011,self__PV-021,self__INT-003,self__OB-005,self__PV-023,self__FR-001,self__HF-004,self__PV-002,self__OB-002,self__OB-001,self__FR-010",2019-06-04,2019-08-27,2019-08-28,2019-09-25,factorlib__netflow_amount_rate_main,83.0,543.0267908573151
__joint_lightgbm__,final_joint,"self__FR-013,self__INT-002,self__OB-004,self__PV-009,self__OB-003,self__FR-012,self__PV-017,self__PV-019,self__HF-001,self__PV-010,self__FR-002,self__PV-016,self__FR-005,self__PV-004,self__PV-015,self__FR-004,self__PV-011,self__PV-021,self__INT-003,self__OB-005,self__PV-023,self__FR-001,self__HF-004,self__PV-002,self__OB-002,self__OB-001,self__FR-010",2019-06-04,2019-08-27,2019-08-28,2019-09-25,factorlib__total_market_cap,52.0,295.7846598625183
__joint_lightgbm__,final_joint,"self__FR-013,self__INT-002,self__OB-004,self__PV-009,self__OB-003,self__FR-012,self__PV-017,self__PV-019,self__HF-001,self__PV-010,self__FR-002,self__PV-016,self__FR-005,self__PV-004,self__PV-015,self__FR-004,self__PV-011,self__PV-021,self__INT-003,self__OB-005,self__PV-023,self__FR-001,self__HF-004,self__PV-002,self__OB-002,self__OB-001,self__FR-010",2019-06-04,2019-08-27,2019-08-28,2019-09-25,factorlib__turn,66.0,922.0129668712616
__joint_lightgbm__,final_joint,"self__FR-013,self__INT-002,self__OB-004,self__PV-009,self__OB-003,self__FR-012,self__PV-017,self__PV-019,self__HF-001,self__PV-010,self__FR-002,self__PV-016,self__FR-005,self__PV-004,self__PV-015,self__FR-004,self__PV-011,self__PV-021,self__INT-003,self__OB-005,self__PV-023,self__FR-001,self__HF-004,self__PV-002,self__OB-002,self__OB-001,self__FR-010",2019-06-04,2019-08-27,2019-08-28,2019-09-25,factorlib__volatility_5,44.0,324.1650674343109
__joint_lightgbm__,final_joint,"self__FR-013,self__INT-002,self__OB-004,self__PV-009,self__OB-003,self__FR-012,self__PV-017,self__PV-019,self__HF-001,self__PV-010,self__FR-002,self__PV-016,self__FR-005,self__PV-004,self__PV-015,self__FR-004,self__PV-011,self__PV-021,self__INT-003,self__OB-005,self__PV-023,self__FR-001,self__HF-004,self__PV-002,self__OB-002,self__OB-001,self__FR-010",2019-06-04,2019-08-27,2019-08-28,2019-09-25,factorlib__volume,130.0,2403.016096353531
__joint_lightgbm__,final_joint,"self__FR-013,self__INT-002,self__OB-004,self__PV-009,self__OB-003,self__FR-012,self__PV-017,self__PV-019,self__HF-001,self__PV-010,self__FR-002,self__PV-016,self__FR-005,self__PV-004,self__PV-015,self__FR-004,self__PV-011,self__PV-021,self__INT-003,self__OB-005,self__PV-023,self__FR-001,self__HF-004,self__PV-002,self__OB-002,self__OB-001,self__FR-010",2019-06-04,2019-08-27,2019-08-28,2019-09-25,self__FR-013,0.0,0.0
__joint_lightgbm__,final_joint,"self__FR-013,self__INT-002,self__OB-004,self__PV-009,self__OB-003,self__FR-012,self__PV-017,self__PV-019,self__HF-001,self__PV-010,self__FR-002,self__PV-016,self__FR-005,self__PV-004,self__PV-015,self__FR-004,self__PV-011,self__PV-021,self__INT-003,self__OB-005,self__PV-023,self__FR-001,self__HF-004,self__PV-002,self__OB-002,self__OB-001,self__FR-010",2019-06-04,2019-08-27,2019-08-28,2019-09-25,self__INT-002,0.0,0.0
__joint_lightgbm__,final_joint,"self__FR-013,self__INT-002,self__OB-004,self__PV-009,self__OB-003,self__FR-012,self__PV-017,self__PV-019,self__HF-001,self__PV-010,self__FR-002,self__PV-016,self__FR-005,self__PV-004,self__PV-015,self__FR-004,self__PV-011,self__PV-021,self__INT-003,self__OB-005,self__PV-023,self__FR-001,self__HF-004,self__PV-002,self__OB-002,self__OB-001,self__FR-010",2019-06-04,2019-08-27,2019-08-28,2019-09-25,self__OB-004,24.0,141.82597851753235
__joint_lightgbm__,final_joint,"self__FR-013,self__INT-002,self__OB-004,self__PV-009,self__OB-003,self__FR-012,self__PV-017,self__PV-019,self__HF-001,self__PV-010,self__FR-002,self__PV-016,self__FR-005,self__PV-004,self__PV-015,self__FR-004,self__PV-011,self__PV-021,self__INT-003,self__OB-005,self__PV-023,self__FR-001,self__HF-004,self__PV-002,self__OB-002,self__OB-001,self__FR-010",2019-06-04,2019-08-27,2019-08-28,2019-09-25,self__PV-009,0.0,0.0
__joint_lightgbm__,final_joint,"self__FR-013,self__INT-002,self__OB-004,self__PV-009,self__OB-003,self__FR-012,self__PV-017,self__PV-019,self__HF-001,self__PV-010,self__FR-002,self__PV-016,self__FR-005,self__PV-004,self__PV-015,self__FR-004,self__PV-011,self__PV-021,self__INT-003,self__OB-005,self__PV-023,self__FR-001,self__HF-004,self__PV-002,self__OB-002,self__OB-001,self__FR-010",2019-06-04,2019-08-27,2019-08-28,2019-09-25,self__OB-003,6.0,24.389240264892578
__joint_lightgbm__,final_joint,"self__FR-013,self__INT-002,self__OB-004,self__PV-009,self__OB-003,self__FR-012,self__PV-017,self__PV-019,self__HF-001,self__PV-010,self__FR-002,self__PV-016,self__FR-005,self__PV-004,self__PV-015,self__FR-004,self__PV-011,self__PV-021,self__INT-003,self__OB-005,self__PV-023,self__FR-001,self__HF-004,self__PV-002,self__OB-002,self__OB-001,self__FR-010",2019-06-04,2019-08-27,2019-08-28,2019-09-25,self__FR-012,0.0,0.0
__joint_lightgbm__,final_joint,"self__FR-013,self__INT-002,self__OB-004,self__PV-009,self__OB-003,self__FR-012,self__PV-017,self__PV-019,self__HF-001,self__PV-010,self__FR-002,self__PV-016,self__FR-005,self__PV-004,self__PV-015,self__FR-004,self__PV-011,self__PV-021,self__INT-003,self__OB-005,self__PV-023,self__FR-001,self__HF-004,self__PV-002,self__OB-002,self__OB-001,self__FR-010",2019-06-04,2019-08-27,2019-08-28,2019-09-25,self__PV-017,0.0,0.0
__joint_lightgbm__,final_joint,"self__FR-013,self__INT-002,self__OB-004,self__PV-009,self__OB-003,self__FR-012,self__PV-017,self__PV-019,self__HF-001,self__PV-010,self__FR-002,self__PV-016,self__FR-005,self__PV-004,self__PV-015,self__FR-004,self__PV-011,self__PV-021,self__INT-003,self__OB-005,self__PV-023,self__FR-001,self__HF-004,self__PV-002,self__OB-002,self__OB-001,self__FR-010",2019-06-04,2019-08-27,2019-08-28,2019-09-25,self__PV-019,0.0,0.0
__joint_lightgbm__,final_joint,"self__FR-013,self__INT-002,self__OB-004,self__PV-009,self__OB-003,self__FR-012,self__PV-017,self__PV-019,self__HF-001,self__PV-010,self__FR-002,self__PV-016,self__FR-005,self__PV-004,self__PV-015,self__FR-004,self__PV-011,self__PV-021,self__INT-003,self__OB-005,self__PV-023,self__FR-001,self__HF-004,self__PV-002,self__OB-002,self__OB-001,self__FR-010",2019-06-04,2019-08-27,2019-08-28,2019-09-25,self__HF-001,11.0,55.438310623168945
__joint_lightgbm__,final_joint,"self__FR-013,self__INT-002,self__OB-004,self__PV-009,self__OB-003,self__FR-012,self__PV-017,self__PV-019,self__HF-001,self__PV-010,self__FR-002,self__PV-016,self__FR-005,self__PV-004,self__PV-015,self__FR-004,self__PV-011,self__PV-021,self__INT-003,self__OB-005,self__PV-023,self__FR-001,self__HF-004,self__PV-002,self__OB-002,self__OB-001,self__FR-010",2019-06-04,2019-08-27,2019-08-28,2019-09-25,self__PV-010,0.0,0.0
__joint_lightgbm__,final_joint,"self__FR-013,self__INT-002,self__OB-004,self__PV-009,self__OB-003,self__FR-012,self__PV-017,self__PV-019,self__HF-001,self__PV-010,self__FR-002,self__PV-016,self__FR-005,self__PV-004,self__PV-015,self__FR-004,self__PV-011,self__PV-021,self__INT-003,self__OB-005,self__PV-023,self__FR-001,self__HF-004,self__PV-002,self__OB-002,self__OB-001,self__FR-010",2019-06-04,2019-08-27,2019-08-28,2019-09-25,self__FR-002,29.0,154.21388983726501
__joint_lightgbm__,final_joint,"self__FR-013,self__INT-002,self__OB-004,self__PV-009,self__OB-003,self__FR-012,self__PV-017,self__PV-019,self__HF-001,self__PV-010,self__FR-002,self__PV-016,self__FR-005,self__PV-004,self__PV-015,self__FR-004,self__PV-011,self__PV-021,self__INT-003,self__OB-005,self__PV-023,self__FR-001,self__HF-004,self__PV-002,self__OB-002,self__OB-001,self__FR-010",2019-06-04,2019-08-27,2019-08-28,2019-09-25,self__PV-016,0.0,0.0
__joint_lightgbm__,final_joint,"self__FR-013,self__INT-002,self__OB-004,self__PV-009,self__OB-003,self__FR-012,self__PV-017,self__PV-019,self__HF-001,self__PV-010,self__FR-002,self__PV-016,self__FR-005,self__PV-004,self__PV-015,self__FR-004,self__PV-011,self__PV-021,self__INT-003,self__OB-005,self__PV-023,self__FR-001,self__HF-004,self__PV-002,self__OB-002,self__OB-001,self__FR-010",2019-06-04,2019-08-27,2019-08-28,2019-09-25,self__FR-005,16.0,86.16706013679504
__joint_lightgbm__,final_joint,"self__FR-013,self__INT-002,self__OB-004,self__PV-009,self__OB-003,self__FR-012,self__PV-017,self__PV-019,self__HF-001,self__PV-010,self__FR-002,self__PV-016,self__FR-005,self__PV-004,self__PV-015,self__FR-004,self__PV-011,self__PV-021,self__INT-003,self__OB-005,self__PV-023,self__FR-001,self__HF-004,self__PV-002,self__OB-002,self__OB-001,self__FR-010",2019-06-04,2019-08-27,2019-08-28,2019-09-25,self__PV-004,6.0,31.909799814224243
__joint_lightgbm__,final_joint,"self__FR-013,self__INT-002,self__OB-004,self__PV-009,self__OB-003,self__FR-012,self__PV-017,self__PV-019,self__HF-001,self__PV-010,self__FR-002,self__PV-016,self__FR-005,self__PV-004,self__PV-015,self__FR-004,self__PV-011,self__PV-021,self__INT-003,self__OB-005,self__PV-023,self__FR-001,self__HF-004,self__PV-002,self__OB-002,self__OB-001,self__FR-010",2019-06-04,2019-08-27,2019-08-28,2019-09-25,self__PV-015,0.0,0.0
__joint_lightgbm__,final_joint,"self__FR-013,self__INT-002,self__OB-004,self__PV-009,self__OB-003,self__FR-012,self__PV-017,self__PV-019,self__HF-001,self__PV-010,self__FR-002,self__PV-016,self__FR-005,self__PV-004,self__PV-015,self__FR-004,self__PV-011,self__PV-021,self__INT-003,self__OB-005,self__PV-023,self__FR-001,self__HF-004,self__PV-002,self__OB-002,self__OB-001,self__FR-010",2019-06-04,2019-08-27,2019-08-28,2019-09-25,self__FR-004,36.0,168.6157202720642
__joint_lightgbm__,final_joint,"self__FR-013,self__INT-002,self__OB-004,self__PV-009,self__OB-003,self__FR-012,self__PV-017,self__PV-019,self__HF-001,self__PV-010,self__FR-002,self__PV-016,self__FR-005,self__PV-004,self__PV-015,self__FR-004,self__PV-011,self__PV-021,self__INT-003,self__OB-005,self__PV-023,self__FR-001,self__HF-004,self__PV-002,self__OB-002,self__OB-001,self__FR-010",2019-06-04,2019-08-27,2019-08-28,2019-09-25,self__PV-011,0.0,0.0
__joint_lightgbm__,final_joint,"self__FR-013,self__INT-002,self__OB-004,self__PV-009,self__OB-003,self__FR-012,self__PV-017,self__PV-019,self__HF-001,self__PV-010,self__FR-002,self__PV-016,self__FR-005,self__PV-004,self__PV-015,self__FR-004,self__PV-011,self__PV-021,self__INT-003,self__OB-005,self__PV-023,self__FR-001,self__HF-004,self__PV-002,self__OB-002,self__OB-001,self__FR-010",2019-06-04,2019-08-27,2019-08-28,2019-09-25,self__PV-021,32.0,179.33058047294617
__joint_lightgbm__,final_joint,"self__FR-013,self__INT-002,self__OB-004,self__PV-009,self__OB-003,self__FR-012,self__PV-017,self__PV-019,self__HF-001,self__PV-010,self__FR-002,self__PV-016,self__FR-005,self__PV-004,self__PV-015,self__FR-004,self__PV-011,self__PV-021,self__INT-003,self__OB-005,self__PV-023,self__FR-001,self__HF-004,self__PV-002,self__OB-002,self__OB-001,self__FR-010",2019-06-04,2019-08-27,2019-08-28,2019-09-25,self__INT-003,0.0,0.0
__joint_lightgbm__,final_joint,"self__FR-013,self__INT-002,self__OB-004,self__PV-009,self__OB-003,self__FR-012,self__PV-017,self__PV-019,self__HF-001,self__PV-010,self__FR-002,self__PV-016,self__FR-005,self__PV-004,self__PV-015,self__FR-004,self__PV-011,self__PV-021,self__INT-003,self__OB-005,self__PV-023,self__FR-001,self__HF-004,self__PV-002,self__OB-002,self__OB-001,self__FR-010",2019-06-04,2019-08-27,2019-08-28,2019-09-25,self__OB-005,55.0,324.18144941329956
__joint_lightgbm__,final_joint,"self__FR-013,self__INT-002,self__OB-004,self__PV-009,self__OB-003,self__FR-012,self__PV-017,self__PV-019,self__HF-001,self__PV-010,self__FR-002,self__PV-016,self__FR-005,self__PV-004,self__PV-015,self__FR-004,self__PV-011,self__PV-021,self__INT-003,self__OB-005,self__PV-023,self__FR-001,self__HF-004,self__PV-002,self__OB-002,self__OB-001,self__FR-010",2019-06-04,2019-08-27,2019-08-28,2019-09-25,self__PV-023,10.0,41.805619955062866
__joint_lightgbm__,final_joint,"self__FR-013,self__INT-002,self__OB-004,self__PV-009,self__OB-003,self__FR-012,self__PV-017,self__PV-019,self__HF-001,self__PV-010,self__FR-002,self__PV-016,self__FR-005,self__PV-004,self__PV-015,self__FR-004,self__PV-011,self__PV-021,self__INT-003,self__OB-005,self__PV-023,self__FR-001,self__HF-004,self__PV-002,self__OB-002,self__OB-001,self__FR-010",2019-06-04,2019-08-27,2019-08-28,2019-09-25,self__FR-001,4.0,20.34284019470215
__joint_lightgbm__,final_joint,"self__FR-013,self__INT-002,self__OB-004,self__PV-009,self__OB-003,self__FR-012,self__PV-017,self__PV-019,self__HF-001,self__PV-010,self__FR-002,self__PV-016,self__FR-005,self__PV-004,self__PV-015,self__FR-004,self__PV-011,self__PV-021,self__INT-003,self__OB-005,self__PV-023,self__FR-001,self__HF-004,self__PV-002,self__OB-002,self__OB-001,self__FR-010",2019-06-04,2019-08-27,2019-08-28,2019-09-25,self__HF-004,74.0,451.7195826768875
__joint_lightgbm__,final_joint,"self__FR-013,self__INT-002,self__OB-004,self__PV-009,self__OB-003,self__FR-012,self__PV-017,self__PV-019,self__HF-001,self__PV-010,self__FR-002,self__PV-016,self__FR-005,self__PV-004,self__PV-015,self__FR-004,self__PV-011,self__PV-021,self__INT-003,self__OB-005,self__PV-023,self__FR-001,self__HF-004,self__PV-002,self__OB-002,self__OB-001,self__FR-010",2019-06-04,2019-08-27,2019-08-28,2019-09-25,self__PV-002,115.0,895.5563914775848
__joint_lightgbm__,final_joint,"self__FR-013,self__INT-002,self__OB-004,self__PV-009,self__OB-003,self__FR-012,self__PV-017,self__PV-019,self__HF-001,self__PV-010,self__FR-002,self__PV-016,self__FR-005,self__PV-004,self__PV-015,self__FR-004,self__PV-011,self__PV-021,self__INT-003,self__OB-005,self__PV-023,self__FR-001,self__HF-004,self__PV-002,self__OB-002,self__OB-001,self__FR-010",2019-06-04,2019-08-27,2019-08-28,2019-09-25,self__OB-002,13.0,43.220030307769775
__joint_lightgbm__,final_joint,"self__FR-013,self__INT-002,self__OB-004,self__PV-009,self__OB-003,self__FR-012,self__PV-017,self__PV-019,self__HF-001,self__PV-010,self__FR-002,self__PV-016,self__FR-005,self__PV-004,self__PV-015,self__FR-004,self__PV-011,self__PV-021,self__INT-003,self__OB-005,self__PV-023,self__FR-001,self__HF-004,self__PV-002,self__OB-002,self__OB-001,self__FR-010",2019-06-04,2019-08-27,2019-08-28,2019-09-25,self__OB-001,21.0,98.36625909805298
__joint_lightgbm__,final_joint,"self__FR-013,self__INT-002,self__OB-004,self__PV-009,self__OB-003,self__FR-012,self__PV-017,self__PV-019,self__HF-001,self__PV-010,self__FR-002,self__PV-016,self__FR-005,self__PV-004,self__PV-015,self__FR-004,self__PV-011,self__PV-021,self__INT-003,self__OB-005,self__PV-023,self__FR-001,self__HF-004,self__PV-002,self__OB-002,self__OB-001,self__FR-010",2019-06-04,2019-08-27,2019-08-28,2019-09-25,self__FR-010,17.0,61.49686002731323
__joint_lightgbm__,final_joint,"self__FR-013,self__INT-002,self__OB-004,self__PV-009,self__OB-003,self__FR-012,self__PV-017,self__PV-019,self__HF-001,self__PV-010,self__FR-002,self__PV-016,self__FR-005,self__PV-004,self__PV-015,self__FR-004,self__PV-011,self__PV-021,self__INT-003,self__OB-005,self__PV-023,self__FR-001,self__HF-004,self__PV-002,self__OB-002,self__OB-001,self__FR-010",2019-07-03,2019-09-25,2019-09-26,2019-10-30,factorlib__amount,18.0,94.74848008155823
__joint_lightgbm__,final_joint,"self__FR-013,self__INT-002,self__OB-004,self__PV-009,self__OB-003,self__FR-012,self__PV-017,self__PV-019,self__HF-001,self__PV-010,self__FR-002,self__PV-016,self__FR-005,self__PV-004,self__PV-015,self__FR-004,self__PV-011,self__PV-021,self__INT-003,self__OB-005,self__PV-023,self__FR-001,self__HF-004,self__PV-002,self__OB-002,self__OB-001,self__FR-010",2019-07-03,2019-09-25,2019-09-26,2019-10-30,factorlib__atr_14,24.0,133.79323983192444
__joint_lightgbm__,final_joint,"self__FR-013,self__INT-002,self__OB-004,self__PV-009,self__OB-003,self__FR-012,self__PV-017,self__PV-019,self__HF-001,self__PV-010,self__FR-002,self__PV-016,self__FR-005,self__PV-004,self__PV-015,self__FR-004,self__PV-011,self__PV-021,self__INT-003,self__OB-005,self__PV-023,self__FR-001,self__HF-004,self__PV-002,self__OB-002,self__OB-001,self__FR-010",2019-07-03,2019-09-25,2019-09-26,2019-10-30,factorlib__bias_20,44.0,242.8309304714203
__joint_lightgbm__,final_joint,"self__FR-013,self__INT-002,self__OB-004,self__PV-009,self__OB-003,self__FR-012,self__PV-017,self__PV-019,self__HF-001,self__PV-010,self__FR-002,self__PV-016,self__FR-005,self__PV-004,self__PV-015,self__FR-004,self__PV-011,self__PV-021,self__INT-003,self__OB-005,self__PV-023,self__FR-001,self__HF-004,self__PV-002,self__OB-002,self__OB-001,self__FR-010",2019-07-03,2019-09-25,2019-09-26,2019-10-30,factorlib__cci_14,44.0,199.30389976501465
__joint_lightgbm__,final_joint,"self__FR-013,self__INT-002,self__OB-004,self__PV-009,self__OB-003,self__FR-012,self__PV-017,self__PV-019,self__HF-001,self__PV-010,self__FR-002,self__PV-016,self__FR-005,self__PV-004,self__PV-015,self__FR-004,self__PV-011,self__PV-021,self__INT-003,self__OB-005,self__PV-023,self__FR-001,self__HF-004,self__PV-002,self__OB-002,self__OB-001,self__FR-010",2019-07-03,2019-09-25,2019-09-26,2019-10-30,factorlib__float_market_cap,31.0,199.84243988990784
__joint_lightgbm__,final_joint,"self__FR-013,self__INT-002,self__OB-004,self__PV-009,self__OB-003,self__FR-012,self__PV-017,self__PV-019,self__HF-001,self__PV-010,self__FR-002,self__PV-016,self__FR-005,self__PV-004,self__PV-015,self__FR-004,self__PV-011,self__PV-021,self__INT-003,self__OB-005,self__PV-023,self__FR-001,self__HF-004,self__PV-002,self__OB-002,self__OB-001,self__FR-010",2019-07-03,2019-09-25,2019-09-26,2019-10-30,factorlib__kdj_d_9_3_3,17.0,87.86280035972595
__joint_lightgbm__,final_joint,"self__FR-013,self__INT-002,self__OB-004,self__PV-009,self__OB-003,self__FR-012,self__PV-017,self__PV-019,self__HF-001,self__PV-010,self__FR-002,self__PV-016,self__FR-005,self__PV-004,self__PV-015,self__FR-004,self__PV-011,self__PV-021,self__INT-003,self__OB-005,self__PV-023,self__FR-001,self__HF-004,self__PV-002,self__OB-002,self__OB-001,self__FR-010",2019-07-03,2019-09-25,2019-09-26,2019-10-30,factorlib__macd_diff_12_26_9,14.0,92.86224031448364
__joint_lightgbm__,final_joint,"self__FR-013,self__INT-002,self__OB-004,self__PV-009,self__OB-003,self__FR-012,self__PV-017,self__PV-019,self__HF-001,self__PV-010,self__FR-002,self__PV-016,self__FR-005,self__PV-004,self__PV-015,self__FR-004,self__PV-011,self__PV-021,self__INT-003,self__OB-005,self__PV-023,self__FR-001,self__HF-004,self__PV-002,self__OB-002,self__OB-001,self__FR-010",2019-07-03,2019-09-25,2019-09-26,2019-10-30,factorlib__macd_hist_12_26_9,9.0,50.55783987045288
__joint_lightgbm__,final_joint,"self__FR-013,self__INT-002,self__OB-004,self__PV-009,self__OB-003,self__FR-012,self__PV-017,self__PV-019,self__HF-001,self__PV-010,self__FR-002,self__PV-016,self__FR-005,self__PV-004,self__PV-015,self__FR-004,self__PV-011,self__PV-021,self__INT-003,self__OB-005,self__PV-023,self__FR-001,self__HF-004,self__PV-002,self__OB-002,self__OB-001,self__FR-010",2019-07-03,2019-09-25,2019-09-26,2019-10-30,factorlib__momentum_5,52.0,360.1022207736969
__joint_lightgbm__,final_joint,"self__FR-013,self__INT-002,self__OB-004,self__PV-009,self__OB-003,self__FR-012,self__PV-017,self__PV-019,self__HF-001,self__PV-010,self__FR-002,self__PV-016,self__FR-005,self__PV-004,self__PV-015,self__FR-004,self__PV-011,self__PV-021,self__INT-003,self__OB-005,self__PV-023,self__FR-001,self__HF-004,self__PV-002,self__OB-002,self__OB-001,self__FR-010",2019-07-03,2019-09-25,2019-09-26,2019-10-30,factorlib__net_profit_rate_ttm,13.0,57.88937997817993
__joint_lightgbm__,final_joint,"self__FR-013,self__INT-002,self__OB-004,self__PV-009,self__OB-003,self__FR-012,self__PV-017,self__PV-019,self__HF-001,self__PV-010,self__FR-002,self__PV-016,self__FR-005,self__PV-004,self__PV-015,self__FR-004,self__PV-011,self__PV-021,self__INT-003,self__OB-005,self__PV-023,self__FR-001,self__HF-004,self__PV-002,self__OB-002,self__OB-001,self__FR-010",2019-07-03,2019-09-25,2019-09-26,2019-10-30,factorlib__netflow_amount_rate_main,82.0,517.3580510616302
__joint_lightgbm__,final_joint,"self__FR-013,self__INT-002,self__OB-004,self__PV-009,self__OB-003,self__FR-012,self__PV-017,self__PV-019,self__HF-001,self__PV-010,self__FR-002,self__PV-016,self__FR-005,self__PV-004,self__PV-015,self__FR-004,self__PV-011,self__PV-021,self__INT-003,self__OB-005,self__PV-023,self__FR-001,self__HF-004,self__PV-002,self__OB-002,self__OB-001,self__FR-010",2019-07-03,2019-09-25,2019-09-26,2019-10-30,factorlib__total_market_cap,38.0,251.85336923599243
__joint_lightgbm__,final_joint,"self__FR-013,self__INT-002,self__OB-004,self__PV-009,self__OB-003,self__FR-012,self__PV-017,self__PV-019,self__HF-001,self__PV-010,self__FR-002,self__PV-016,self__FR-005,self__PV-004,self__PV-015,self__FR-004,self__PV-011,self__PV-021,self__INT-003,self__OB-005,self__PV-023,self__FR-001,self__HF-004,self__PV-002,self__OB-002,self__OB-001,self__FR-010",2019-07-03,2019-09-25,2019-09-26,2019-10-30,factorlib__turn,61.0,476.3618412017822
__joint_lightgbm__,final_joint,"self__FR-013,self__INT-002,self__OB-004,self__PV-009,self__OB-003,self__FR-012,self__PV-017,self__PV-019,self__HF-001,self__PV-010,self__FR-002,self__PV-016,self__FR-005,self__PV-004,self__PV-015,self__FR-004,self__PV-011,self__PV-021,self__INT-003,self__OB-005,self__PV-023,self__FR-001,self__HF-004,self__PV-002,self__OB-002,self__OB-001,self__FR-010",2019-07-03,2019-09-25,2019-09-26,2019-10-30,factorlib__volatility_5,33.0,188.75270128250122
__joint_lightgbm__,final_joint,"self__FR-013,self__INT-002,self__OB-004,self__PV-009,self__OB-003,self__FR-012,self__PV-017,self__PV-019,self__HF-001,self__PV-010,self__FR-002,self__PV-016,self__FR-005,self__PV-004,self__PV-015,self__FR-004,self__PV-011,self__PV-021,self__INT-003,self__OB-005,self__PV-023,self__FR-001,self__HF-004,self__PV-002,self__OB-002,self__OB-001,self__FR-010",2019-07-03,2019-09-25,2019-09-26,2019-10-30,factorlib__volume,135.0,2845.016382932663
__joint_lightgbm__,final_joint,"self__FR-013,self__INT-002,self__OB-004,self__PV-009,self__OB-003,self__FR-012,self__PV-017,self__PV-019,self__HF-001,self__PV-010,self__FR-002,self__PV-016,self__FR-005,self__PV-004,self__PV-015,self__FR-004,self__PV-011,self__PV-021,self__INT-003,self__OB-005,self__PV-023,self__FR-001,self__HF-004,self__PV-002,self__OB-002,self__OB-001,self__FR-010",2019-07-03,2019-09-25,2019-09-26,2019-10-30,self__FR-013,0.0,0.0
__joint_lightgbm__,final_joint,"self__FR-013,self__INT-002,self__OB-004,self__PV-009,self__OB-003,self__FR-012,self__PV-017,self__PV-019,self__HF-001,self__PV-010,self__FR-002,self__PV-016,self__FR-005,self__PV-004,self__PV-015,self__FR-004,self__PV-011,self__PV-021,self__INT-003,self__OB-005,self__PV-023,self__FR-001,self__HF-004,self__PV-002,self__OB-002,self__OB-001,self__FR-010",2019-07-03,2019-09-25,2019-09-26,2019-10-30,self__INT-002,1.0,4.624660015106201
__joint_lightgbm__,final_joint,"self__FR-013,self__INT-002,self__OB-004,self__PV-009,self__OB-003,self__FR-012,self__PV-017,self__PV-019,self__HF-001,self__PV-010,self__FR-002,self__PV-016,self__FR-005,self__PV-004,self__PV-015,self__FR-004,self__PV-011,self__PV-021,self__INT-003,self__OB-005,self__PV-023,self__FR-001,self__HF-004,self__PV-002,self__OB-002,self__OB-001,self__FR-010",2019-07-03,2019-09-25,2019-09-26,2019-10-30,self__OB-004,10.0,47.662121057510376
__joint_lightgbm__,final_joint,"self__FR-013,self__INT-002,self__OB-004,self__PV-009,self__OB-003,self__FR-012,self__PV-017,self__PV-019,self__HF-001,self__PV-010,self__FR-002,self__PV-016,self__FR-005,self__PV-004,self__PV-015,self__FR-004,self__PV-011,self__PV-021,self__INT-003,self__OB-005,self__PV-023,self__FR-001,self__HF-004,self__PV-002,self__OB-002,self__OB-001,self__FR-010",2019-07-03,2019-09-25,2019-09-26,2019-10-30,self__PV-009,0.0,0.0
__joint_lightgbm__,final_joint,"self__FR-013,self__INT-002,self__OB-004,self__PV-009,self__OB-003,self__FR-012,self__PV-017,self__PV-019,self__HF-001,self__PV-010,self__FR-002,self__PV-016,self__FR-005,self__PV-004,self__PV-015,self__FR-004,self__PV-011,self__PV-021,self__INT-003,self__OB-005,self__PV-023,self__FR-001,self__HF-004,self__PV-002,self__OB-002,self__OB-001,self__FR-010",2019-07-03,2019-09-25,2019-09-26,2019-10-30,self__OB-003,8.0,36.344380140304565
__joint_lightgbm__,final_joint,"self__FR-013,self__INT-002,self__OB-004,self__PV-009,self__OB-003,self__FR-012,self__PV-017,self__PV-019,self__HF-001,self__PV-010,self__FR-002,self__PV-016,self__FR-005,self__PV-004,self__PV-015,self__FR-004,self__PV-011,self__PV-021,self__INT-003,self__OB-005,self__PV-023,self__FR-001,self__HF-004,self__PV-002,self__OB-002,self__OB-001,self__FR-010",2019-07-03,2019-09-25,2019-09-26,2019-10-30,self__FR-012,0.0,0.0
__joint_lightgbm__,final_joint,"self__FR-013,self__INT-002,self__OB-004,self__PV-009,self__OB-003,self__FR-012,self__PV-017,self__PV-019,self__HF-001,self__PV-010,self__FR-002,self__PV-016,self__FR-005,self__PV-004,self__PV-015,self__FR-004,self__PV-011,self__PV-021,self__INT-003,self__OB-005,self__PV-023,self__FR-001,self__HF-004,self__PV-002,self__OB-002,self__OB-001,self__FR-010",2019-07-03,2019-09-25,2019-09-26,2019-10-30,self__PV-017,0.0,0.0
__joint_lightgbm__,final_joint,"self__FR-013,self__INT-002,self__OB-004,self__PV-009,self__OB-003,self__FR-012,self__PV-017,self__PV-019,self__HF-001,self__PV-010,self__FR-002,self__PV-016,self__FR-005,self__PV-004,self__PV-015,self__FR-004,self__PV-011,self__PV-021,self__INT-003,self__OB-005,self__PV-023,self__FR-001,self__HF-004,self__PV-002,self__OB-002,self__OB-001,self__FR-010",2019-07-03,2019-09-25,2019-09-26,2019-10-30,self__PV-019,0.0,0.0
__joint_lightgbm__,final_joint,"self__FR-013,self__INT-002,self__OB-004,self__PV-009,self__OB-003,self__FR-012,self__PV-017,self__PV-019,self__HF-001,self__PV-010,self__FR-002,self__PV-016,self__FR-005,self__PV-004,self__PV-015,self__FR-004,self__PV-011,self__PV-021,self__INT-003,self__OB-005,self__PV-023,self__FR-001,self__HF-004,self__PV-002,self__OB-002,self__OB-001,self__FR-010",2019-07-03,2019-09-25,2019-09-26,2019-10-30,self__HF-001,14.0,68.14466953277588
__joint_lightgbm__,final_joint,"self__FR-013,self__INT-002,self__OB-004,self__PV-009,self__OB-003,self__FR-012,self__PV-017,self__PV-019,self__HF-001,self__PV-010,self__FR-002,self__PV-016,self__FR-005,self__PV-004,self__PV-015,self__FR-004,self__PV-011,self__PV-021,self__INT-003,self__OB-005,self__PV-023,self__FR-001,self__HF-004,self__PV-002,self__OB-002,self__OB-001,self__FR-010",2019-07-03,2019-09-25,2019-09-26,2019-10-30,self__PV-010,0.0,0.0
__joint_lightgbm__,final_joint,"self__FR-013,self__INT-002,self__OB-004,self__PV-009,self__OB-003,self__FR-012,self__PV-017,self__PV-019,self__HF-001,self__PV-010,self__FR-002,self__PV-016,self__FR-005,self__PV-004,self__PV-015,self__FR-004,self__PV-011,self__PV-021,self__INT-003,self__OB-005,self__PV-023,self__FR-001,self__HF-004,self__PV-002,self__OB-002,self__OB-001,self__FR-010",2019-07-03,2019-09-25,2019-09-26,2019-10-30,self__FR-002,25.0,117.71327948570251
__joint_lightgbm__,final_joint,"self__FR-013,self__INT-002,self__OB-004,self__PV-009,self__OB-003,self__FR-012,self__PV-017,self__PV-019,self__HF-001,self__PV-010,self__FR-002,self__PV-016,self__FR-005,self__PV-004,self__PV-015,self__FR-004,self__PV-011,self__PV-021,self__INT-003,self__OB-005,self__PV-023,self__FR-001,self__HF-004,self__PV-002,self__OB-002,self__OB-001,self__FR-010",2019-07-03,2019-09-25,2019-09-26,2019-10-30,self__PV-016,0.0,0.0
__joint_lightgbm__,final_joint,"self__FR-013,self__INT-002,self__OB-004,self__PV-009,self__OB-003,self__FR-012,self__PV-017,self__PV-019,self__HF-001,self__PV-010,self__FR-002,self__PV-016,self__FR-005,self__PV-004,self__PV-015,self__FR-004,self__PV-011,self__PV-021,self__INT-003,self__OB-005,self__PV-023,self__FR-001,self__HF-004,self__PV-002,self__OB-002,self__OB-001,self__FR-010",2019-07-03,2019-09-25,2019-09-26,2019-10-30,self__FR-005,20.0,91.36311984062195
__joint_lightgbm__,final_joint,"self__FR-013,self__INT-002,self__OB-004,self__PV-009,self__OB-003,self__FR-012,self__PV-017,self__PV-019,self__HF-001,self__PV-010,self__FR-002,self__PV-016,self__FR-005,self__PV-004,self__PV-015,self__FR-004,self__PV-011,self__PV-021,self__INT-003,self__OB-005,self__PV-023,self__FR-001,self__HF-004,self__PV-002,self__OB-002,self__OB-001,self__FR-010",2019-07-03,2019-09-25,2019-09-26,2019-10-30,self__PV-004,28.0,124.02287888526917
__joint_lightgbm__,final_joint,"self__FR-013,self__INT-002,self__OB-004,self__PV-009,self__OB-003,self__FR-012,self__PV-017,self__PV-019,self__HF-001,self__PV-010,self__FR-002,self__PV-016,self__FR-005,self__PV-004,self__PV-015,self__FR-004,self__PV-011,self__PV-021,self__INT-003,self__OB-005,self__PV-023,self__FR-001,self__HF-004,self__PV-002,self__OB-002,self__OB-001,self__FR-010",2019-07-03,2019-09-25,2019-09-26,2019-10-30,self__PV-015,0.0,0.0
__joint_lightgbm__,final_joint,"self__FR-013,self__INT-002,self__OB-004,self__PV-009,self__OB-003,self__FR-012,self__PV-017,self__PV-019,self__HF-001,self__PV-010,self__FR-002,self__PV-016,self__FR-005,self__PV-004,self__PV-015,self__FR-004,self__PV-011,self__PV-021,self__INT-003,self__OB-005,self__PV-023,self__FR-001,self__HF-004,self__PV-002,self__OB-002,self__OB-001,self__FR-010",2019-07-03,2019-09-25,2019-09-26,2019-10-30,self__FR-004,34.0,133.78961968421936
__joint_lightgbm__,final_joint,"self__FR-013,self__INT-002,self__OB-004,self__PV-009,self__OB-003,self__FR-012,self__PV-017,self__PV-019,self__HF-001,self__PV-010,self__FR-002,self__PV-016,self__FR-005,self__PV-004,self__PV-015,self__FR-004,self__PV-011,self__PV-021,self__INT-003,self__OB-005,self__PV-023,self__FR-001,self__HF-004,self__PV-002,self__OB-002,self__OB-001,self__FR-010",2019-07-03,2019-09-25,2019-09-26,2019-10-30,self__PV-011,0.0,0.0
__joint_lightgbm__,final_joint,"self__FR-013,self__INT-002,self__OB-004,self__PV-009,self__OB-003,self__FR-012,self__PV-017,self__PV-019,self__HF-001,self__PV-010,self__FR-002,self__PV-016,self__FR-005,self__PV-004,self__PV-015,self__FR-004,self__PV-011,self__PV-021,self__INT-003,self__OB-005,self__PV-023,self__FR-001,self__HF-004,self__PV-002,self__OB-002,self__OB-001,self__FR-010",2019-07-03,2019-09-25,2019-09-26,2019-10-30,self__PV-021,60.0,306.0507597923279
__joint_lightgbm__,final_joint,"self__FR-013,self__INT-002,self__OB-004,self__PV-009,self__OB-003,self__FR-012,self__PV-017,self__PV-019,self__HF-001,self__PV-010,self__FR-002,self__PV-016,self__FR-005,self__PV-004,self__PV-015,self__FR-004,self__PV-011,self__PV-021,self__INT-003,self__OB-005,self__PV-023,self__FR-001,self__HF-004,self__PV-002,self__OB-002,self__OB-001,self__FR-010",2019-07-03,2019-09-25,2019-09-26,2019-10-30,self__INT-003,0.0,0.0
__joint_lightgbm__,final_joint,"self__FR-013,self__INT-002,self__OB-004,self__PV-009,self__OB-003,self__FR-012,self__PV-017,self__PV-019,self__HF-001,self__PV-010,self__FR-002,self__PV-016,self__FR-005,self__PV-004,self__PV-015,self__FR-004,self__PV-011,self__PV-021,self__INT-003,self__OB-005,self__PV-023,self__FR-001,self__HF-004,self__PV-002,self__OB-002,self__OB-001,self__FR-010",2019-07-03,2019-09-25,2019-09-26,2019-10-30,self__OB-005,77.0,429.68081164360046
__joint_lightgbm__,final_joint,"self__FR-013,self__INT-002,self__OB-004,self__PV-009,self__OB-003,self__FR-012,self__PV-017,self__PV-019,self__HF-001,self__PV-010,self__FR-002,self__PV-016,self__FR-005,self__PV-004,self__PV-015,self__FR-004,self__PV-011,self__PV-021,self__INT-003,self__OB-005,self__PV-023,self__FR-001,self__HF-004,self__PV-002,self__OB-002,self__OB-001,self__FR-010",2019-07-03,2019-09-25,2019-09-26,2019-10-30,self__PV-023,16.0,59.159329414367676
__joint_lightgbm__,final_joint,"self__FR-013,self__INT-002,self__OB-004,self__PV-009,self__OB-003,self__FR-012,self__PV-017,self__PV-019,self__HF-001,self__PV-010,self__FR-002,self__PV-016,self__FR-005,self__PV-004,self__PV-015,self__FR-004,self__PV-011,self__PV-021,self__INT-003,self__OB-005,self__PV-023,self__FR-001,self__HF-004,self__PV-002,self__OB-002,self__OB-001,self__FR-010",2019-07-03,2019-09-25,2019-09-26,2019-10-30,self__FR-001,12.0,53.61201000213623
__joint_lightgbm__,final_joint,"self__FR-013,self__INT-002,self__OB-004,self__PV-009,self__OB-003,self__FR-012,self__PV-017,self__PV-019,self__HF-001,self__PV-010,self__FR-002,self__PV-016,self__FR-005,self__PV-004,self__PV-015,self__FR-004,self__PV-011,self__PV-021,self__INT-003,self__OB-005,self__PV-023,self__FR-001,self__HF-004,self__PV-002,self__OB-002,self__OB-001,self__FR-010",2019-07-03,2019-09-25,2019-09-26,2019-10-30,self__HF-004,54.0,299.9973213672638
__joint_lightgbm__,final_joint,"self__FR-013,self__INT-002,self__OB-004,self__PV-009,self__OB-003,self__FR-012,self__PV-017,self__PV-019,self__HF-001,self__PV-010,self__FR-002,self__PV-016,self__FR-005,self__PV-004,self__PV-015,self__FR-004,self__PV-011,self__PV-021,self__INT-003,self__OB-005,self__PV-023,self__FR-001,self__HF-004,self__PV-002,self__OB-002,self__OB-001,self__FR-010",2019-07-03,2019-09-25,2019-09-26,2019-10-30,self__PV-002,144.0,1368.7848308086395
__joint_lightgbm__,final_joint,"self__FR-013,self__INT-002,self__OB-004,self__PV-009,self__OB-003,self__FR-012,self__PV-017,self__PV-019,self__HF-001,self__PV-010,self__FR-002,self__PV-016,self__FR-005,self__PV-004,self__PV-015,self__FR-004,self__PV-011,self__PV-021,self__INT-003,self__OB-005,self__PV-023,self__FR-001,self__HF-004,self__PV-002,self__OB-002,self__OB-001,self__FR-010",2019-07-03,2019-09-25,2019-09-26,2019-10-30,self__OB-002,20.0,115.32826972007751
__joint_lightgbm__,final_joint,"self__FR-013,self__INT-002,self__OB-004,self__PV-009,self__OB-003,self__FR-012,self__PV-017,self__PV-019,self__HF-001,self__PV-010,self__FR-002,self__PV-016,self__FR-005,self__PV-004,self__PV-015,self__FR-004,self__PV-011,self__PV-021,self__INT-003,self__OB-005,self__PV-023,self__FR-001,self__HF-004,self__PV-002,self__OB-002,self__OB-001,self__FR-010",2019-07-03,2019-09-25,2019-09-26,2019-10-30,self__OB-001,44.0,309.0874412059784
__joint_lightgbm__,final_joint,"self__FR-013,self__INT-002,self__OB-004,self__PV-009,self__OB-003,self__FR-012,self__PV-017,self__PV-019,self__HF-001,self__PV-010,self__FR-002,self__PV-016,self__FR-005,self__PV-004,self__PV-015,self__FR-004,self__PV-011,self__PV-021,self__INT-003,self__OB-005,self__PV-023,self__FR-001,self__HF-004,self__PV-002,self__OB-002,self__OB-001,self__FR-010",2019-07-03,2019-09-25,2019-09-26,2019-10-30,self__FR-010,18.0,80.24249982833862
__joint_lightgbm__,final_joint,"self__FR-013,self__INT-002,self__OB-004,self__PV-009,self__OB-003,self__FR-012,self__PV-017,self__PV-019,self__HF-001,self__PV-010,self__FR-002,self__PV-016,self__FR-005,self__PV-004,self__PV-015,self__FR-004,self__PV-011,self__PV-021,self__INT-003,self__OB-005,self__PV-023,self__FR-001,self__HF-004,self__PV-002,self__OB-002,self__OB-001,self__FR-010",2019-07-31,2019-10-30,2019-10-31,2019-11-27,factorlib__amount,22.0,119.03125047683716
__joint_lightgbm__,final_joint,"self__FR-013,self__INT-002,self__OB-004,self__PV-009,self__OB-003,self__FR-012,self__PV-017,self__PV-019,self__HF-001,self__PV-010,self__FR-002,self__PV-016,self__FR-005,self__PV-004,self__PV-015,self__FR-004,self__PV-011,self__PV-021,self__INT-003,self__OB-005,self__PV-023,self__FR-001,self__HF-004,self__PV-002,self__OB-002,self__OB-001,self__FR-010",2019-07-31,2019-10-30,2019-10-31,2019-11-27,factorlib__atr_14,42.0,265.34330797195435
__joint_lightgbm__,final_joint,"self__FR-013,self__INT-002,self__OB-004,self__PV-009,self__OB-003,self__FR-012,self__PV-017,self__PV-019,self__HF-001,self__PV-010,self__FR-002,self__PV-016,self__FR-005,self__PV-004,self__PV-015,self__FR-004,self__PV-011,self__PV-021,self__INT-003,self__OB-005,self__PV-023,self__FR-001,self__HF-004,self__PV-002,self__OB-002,self__OB-001,self__FR-010",2019-07-31,2019-10-30,2019-10-31,2019-11-27,factorlib__bias_20,42.0,289.3698093891144
__joint_lightgbm__,final_joint,"self__FR-013,self__INT-002,self__OB-004,self__PV-009,self__OB-003,self__FR-012,self__PV-017,self__PV-019,self__HF-001,self__PV-010,self__FR-002,self__PV-016,self__FR-005,self__PV-004,self__PV-015,self__FR-004,self__PV-011,self__PV-021,self__INT-003,self__OB-005,self__PV-023,self__FR-001,self__HF-004,self__PV-002,self__OB-002,self__OB-001,self__FR-010",2019-07-31,2019-10-30,2019-10-31,2019-11-27,factorlib__cci_14,27.0,133.5805401802063
__joint_lightgbm__,final_joint,"self__FR-013,self__INT-002,self__OB-004,self__PV-009,self__OB-003,self__FR-012,self__PV-017,self__PV-019,self__HF-001,self__PV-010,self__FR-002,self__PV-016,self__FR-005,self__PV-004,self__PV-015,self__FR-004,self__PV-011,self__PV-021,self__INT-003,self__OB-005,self__PV-023,self__FR-001,self__HF-004,self__PV-002,self__OB-002,self__OB-001,self__FR-010",2019-07-31,2019-10-30,2019-10-31,2019-11-27,factorlib__float_market_cap,22.0,176.09712958335876
__joint_lightgbm__,final_joint,"self__FR-013,self__INT-002,self__OB-004,self__PV-009,self__OB-003,self__FR-012,self__PV-017,self__PV-019,self__HF-001,self__PV-010,self__FR-002,self__PV-016,self__FR-005,self__PV-004,self__PV-015,self__FR-004,self__PV-011,self__PV-021,self__INT-003,self__OB-005,self__PV-023,self__FR-001,self__HF-004,self__PV-002,self__OB-002,self__OB-001,self__FR-010",2019-07-31,2019-10-30,2019-10-31,2019-11-27,factorlib__kdj_d_9_3_3,10.0,40.60490047931671
__joint_lightgbm__,final_joint,"self__FR-013,self__INT-002,self__OB-004,self__PV-009,self__OB-003,self__FR-012,self__PV-017,self__PV-019,self__HF-001,self__PV-010,self__FR-002,self__PV-016,self__FR-005,self__PV-004,self__PV-015,self__FR-004,self__PV-011,self__PV-021,self__INT-003,self__OB-005,self__PV-023,self__FR-001,self__HF-004,self__PV-002,self__OB-002,self__OB-001,self__FR-010",2019-07-31,2019-10-30,2019-10-31,2019-11-27,factorlib__macd_diff_12_26_9,3.0,13.274089813232422
__joint_lightgbm__,final_joint,"self__FR-013,self__INT-002,self__OB-004,self__PV-009,self__OB-003,self__FR-012,self__PV-017,self__PV-019,self__HF-001,self__PV-010,self__FR-002,self__PV-016,self__FR-005,self__PV-004,self__PV-015,self__FR-004,self__PV-011,self__PV-021,self__INT-003,self__OB-005,self__PV-023,self__FR-001,self__HF-004,self__PV-002,self__OB-002,self__OB-001,self__FR-010",2019-07-31,2019-10-30,2019-10-31,2019-11-27,factorlib__macd_hist_12_26_9,24.0,122.87861037254333
__joint_lightgbm__,final_joint,"self__FR-013,self__INT-002,self__OB-004,self__PV-009,self__OB-003,self__FR-012,self__PV-017,self__PV-019,self__HF-001,self__PV-010,self__FR-002,self__PV-016,self__FR-005,self__PV-004,self__PV-015,self__FR-004,self__PV-011,self__PV-021,self__INT-003,self__OB-005,self__PV-023,self__FR-001,self__HF-004,self__PV-002,self__OB-002,self__OB-001,self__FR-010",2019-07-31,2019-10-30,2019-10-31,2019-11-27,factorlib__momentum_5,75.0,617.7135806083679
__joint_lightgbm__,final_joint,"self__FR-013,self__INT-002,self__OB-004,self__PV-009,self__OB-003,self__FR-012,self__PV-017,self__PV-019,self__HF-001,self__PV-010,self__FR-002,self__PV-016,self__FR-005,self__PV-004,self__PV-015,self__FR-004,self__PV-011,self__PV-021,self__INT-003,self__OB-005,self__PV-023,self__FR-001,self__HF-004,self__PV-002,self__OB-002,self__OB-001,self__FR-010",2019-07-31,2019-10-30,2019-10-31,2019-11-27,factorlib__net_profit_rate_ttm,20.0,80.74134016036987
__joint_lightgbm__,final_joint,"self__FR-013,self__INT-002,self__OB-004,self__PV-009,self__OB-003,self__FR-012,self__PV-017,self__PV-019,self__HF-001,self__PV-010,self__FR-002,self__PV-016,self__FR-005,self__PV-004,self__PV-015,self__FR-004,self__PV-011,self__PV-021,self__INT-003,self__OB-005,self__PV-023,self__FR-001,self__HF-004,self__PV-002,self__OB-002,self__OB-001,self__FR-010",2019-07-31,2019-10-30,2019-10-31,2019-11-27,factorlib__netflow_amount_rate_main,107.0,672.0828613042831
__joint_lightgbm__,final_joint,"self__FR-013,self__INT-002,self__OB-004,self__PV-009,self__OB-003,self__FR-012,self__PV-017,self__PV-019,self__HF-001,self__PV-010,self__FR-002,self__PV-016,self__FR-005,self__PV-004,self__PV-015,self__FR-004,self__PV-011,self__PV-021,self__INT-003,self__OB-005,self__PV-023,self__FR-001,self__HF-004,self__PV-002,self__OB-002,self__OB-001,self__FR-010",2019-07-31,2019-10-30,2019-10-31,2019-11-27,factorlib__total_market_cap,36.0,264.49215960502625
__joint_lightgbm__,final_joint,"self__FR-013,self__INT-002,self__OB-004,self__PV-009,self__OB-003,self__FR-012,self__PV-017,self__PV-019,self__HF-001,self__PV-010,self__FR-002,self__PV-016,self__FR-005,self__PV-004,self__PV-015,self__FR-004,self__PV-011,self__PV-021,self__INT-003,self__OB-005,self__PV-023,self__FR-001,self__HF-004,self__PV-002,self__OB-002,self__OB-001,self__FR-010",2019-07-31,2019-10-30,2019-10-31,2019-11-27,factorlib__turn,42.0,619.435122013092
__joint_lightgbm__,final_joint,"self__FR-013,self__INT-002,self__OB-004,self__PV-009,self__OB-003,self__FR-012,self__PV-017,self__PV-019,self__HF-001,self__PV-010,self__FR-002,self__PV-016,self__FR-005,self__PV-004,self__PV-015,self__FR-004,self__PV-011,self__PV-021,self__INT-003,self__OB-005,self__PV-023,self__FR-001,self__HF-004,self__PV-002,self__OB-002,self__OB-001,self__FR-010",2019-07-31,2019-10-30,2019-10-31,2019-11-27,factorlib__volatility_5,49.0,377.8093366622925
__joint_lightgbm__,final_joint,"self__FR-013,self__INT-002,self__OB-004,self__PV-009,self__OB-003,self__FR-012,self__PV-017,self__PV-019,self__HF-001,self__PV-010,self__FR-002,self__PV-016,self__FR-005,self__PV-004,self__PV-015,self__FR-004,self__PV-011,self__PV-021,self__INT-003,self__OB-005,self__PV-023,self__FR-001,self__HF-004,self__PV-002,self__OB-002,self__OB-001,self__FR-010",2019-07-31,2019-10-30,2019-10-31,2019-11-27,factorlib__volume,98.0,2070.225866794586
__joint_lightgbm__,final_joint,"self__FR-013,self__INT-002,self__OB-004,self__PV-009,self__OB-003,self__FR-012,self__PV-017,self__PV-019,self__HF-001,self__PV-010,self__FR-002,self__PV-016,self__FR-005,self__PV-004,self__PV-015,self__FR-004,self__PV-011,self__PV-021,self__INT-003,self__OB-005,self__PV-023,self__FR-001,self__HF-004,self__PV-002,self__OB-002,self__OB-001,self__FR-010",2019-07-31,2019-10-30,2019-10-31,2019-11-27,self__FR-013,0.0,0.0
__joint_lightgbm__,final_joint,"self__FR-013,self__INT-002,self__OB-004,self__PV-009,self__OB-003,self__FR-012,self__PV-017,self__PV-019,self__HF-001,self__PV-010,self__FR-002,self__PV-016,self__FR-005,self__PV-004,self__PV-015,self__FR-004,self__PV-011,self__PV-021,self__INT-003,self__OB-005,self__PV-023,self__FR-001,self__HF-004,self__PV-002,self__OB-002,self__OB-001,self__FR-010",2019-07-31,2019-10-30,2019-10-31,2019-11-27,self__INT-002,7.0,21.815110087394714
__joint_lightgbm__,final_joint,"self__FR-013,self__INT-002,self__OB-004,self__PV-009,self__OB-003,self__FR-012,self__PV-017,self__PV-019,self__HF-001,self__PV-010,self__FR-002,self__PV-016,self__FR-005,self__PV-004,self__PV-015,self__FR-004,self__PV-011,self__PV-021,self__INT-003,self__OB-005,self__PV-023,self__FR-001,self__HF-004,self__PV-002,self__OB-002,self__OB-001,self__FR-010",2019-07-31,2019-10-30,2019-10-31,2019-11-27,self__OB-004,16.0,83.16811919212341
__joint_lightgbm__,final_joint,"self__FR-013,self__INT-002,self__OB-004,self__PV-009,self__OB-003,self__FR-012,self__PV-017,self__PV-019,self__HF-001,self__PV-010,self__FR-002,self__PV-016,self__FR-005,self__PV-004,self__PV-015,self__FR-004,self__PV-011,self__PV-021,self__INT-003,self__OB-005,self__PV-023,self__FR-001,self__HF-004,self__PV-002,self__OB-002,self__OB-001,self__FR-010",2019-07-31,2019-10-30,2019-10-31,2019-11-27,self__PV-009,0.0,0.0
__joint_lightgbm__,final_joint,"self__FR-013,self__INT-002,self__OB-004,self__PV-009,self__OB-003,self__FR-012,self__PV-017,self__PV-019,self__HF-001,self__PV-010,self__FR-002,self__PV-016,self__FR-005,self__PV-004,self__PV-015,self__FR-004,self__PV-011,self__PV-021,self__INT-003,self__OB-005,self__PV-023,self__FR-001,self__HF-004,self__PV-002,self__OB-002,self__OB-001,self__FR-010",2019-07-31,2019-10-30,2019-10-31,2019-11-27,self__OB-003,18.0,91.723348736763
__joint_lightgbm__,final_joint,"self__FR-013,self__INT-002,self__OB-004,self__PV-009,self__OB-003,self__FR-012,self__PV-017,self__PV-019,self__HF-001,self__PV-010,self__FR-002,self__PV-016,self__FR-005,self__PV-004,self__PV-015,self__FR-004,self__PV-011,self__PV-021,self__INT-003,self__OB-005,self__PV-023,self__FR-001,self__HF-004,self__PV-002,self__OB-002,self__OB-001,self__FR-010",2019-07-31,2019-10-30,2019-10-31,2019-11-27,self__FR-012,0.0,0.0
__joint_lightgbm__,final_joint,"self__FR-013,self__INT-002,self__OB-004,self__PV-009,self__OB-003,self__FR-012,self__PV-017,self__PV-019,self__HF-001,self__PV-010,self__FR-002,self__PV-016,self__FR-005,self__PV-004,self__PV-015,self__FR-004,self__PV-011,self__PV-021,self__INT-003,self__OB-005,self__PV-023,self__FR-001,self__HF-004,self__PV-002,self__OB-002,self__OB-001,self__FR-010",2019-07-31,2019-10-30,2019-10-31,2019-11-27,self__PV-017,0.0,0.0
__joint_lightgbm__,final_joint,"self__FR-013,self__INT-002,self__OB-004,self__PV-009,self__OB-003,self__FR-012,self__PV-017,self__PV-019,self__HF-001,self__PV-010,self__FR-002,self__PV-016,self__FR-005,self__PV-004,self__PV-015,self__FR-004,self__PV-011,self__PV-021,self__INT-003,self__OB-005,self__PV-023,self__FR-001,self__HF-004,self__PV-002,self__OB-002,self__OB-001,self__FR-010",2019-07-31,2019-10-30,2019-10-31,2019-11-27,self__PV-019,0.0,0.0
__joint_lightgbm__,final_joint,"self__FR-013,self__INT-002,self__OB-004,self__PV-009,self__OB-003,self__FR-012,self__PV-017,self__PV-019,self__HF-001,self__PV-010,self__FR-002,self__PV-016,self__FR-005,self__PV-004,self__PV-015,self__FR-004,self__PV-011,self__PV-021,self__INT-003,self__OB-005,self__PV-023,self__FR-001,self__HF-004,self__PV-002,self__OB-002,self__OB-001,self__FR-010",2019-07-31,2019-10-30,2019-10-31,2019-11-27,self__HF-001,19.0,109.437659740448
__joint_lightgbm__,final_joint,"self__FR-013,self__INT-002,self__OB-004,self__PV-009,self__OB-003,self__FR-012,self__PV-017,self__PV-019,self__HF-001,self__PV-010,self__FR-002,self__PV-016,self__FR-005,self__PV-004,self__PV-015,self__FR-004,self__PV-011,self__PV-021,self__INT-003,self__OB-005,self__PV-023,self__FR-001,self__HF-004,self__PV-002,self__OB-002,self__OB-001,self__FR-010",2019-07-31,2019-10-30,2019-10-31,2019-11-27,self__PV-010,0.0,0.0
__joint_lightgbm__,final_joint,"self__FR-013,self__INT-002,self__OB-004,self__PV-009,self__OB-003,self__FR-012,self__PV-017,self__PV-019,self__HF-001,self__PV-010,self__FR-002,self__PV-016,self__FR-005,self__PV-004,self__PV-015,self__FR-004,self__PV-011,self__PV-021,self__INT-003,self__OB-005,self__PV-023,self__FR-001,self__HF-004,self__PV-002,self__OB-002,self__OB-001,self__FR-010",2019-07-31,2019-10-30,2019-10-31,2019-11-27,self__FR-002,54.0,291.90180933475494
__joint_lightgbm__,final_joint,"self__FR-013,self__INT-002,self__OB-004,self__PV-009,self__OB-003,self__FR-012,self__PV-017,self__PV-019,self__HF-001,self__PV-010,self__FR-002,self__PV-016,self__FR-005,self__PV-004,self__PV-015,self__FR-004,self__PV-011,self__PV-021,self__INT-003,self__OB-005,self__PV-023,self__FR-001,self__HF-004,self__PV-002,self__OB-002,self__OB-001,self__FR-010",2019-07-31,2019-10-30,2019-10-31,2019-11-27,self__PV-016,0.0,0.0
__joint_lightgbm__,final_joint,"self__FR-013,self__INT-002,self__OB-004,self__PV-009,self__OB-003,self__FR-012,self__PV-017,self__PV-019,self__HF-001,self__PV-010,self__FR-002,self__PV-016,self__FR-005,self__PV-004,self__PV-015,self__FR-004,self__PV-011,self__PV-021,self__INT-003,self__OB-005,self__PV-023,self__FR-001,self__HF-004,self__PV-002,self__OB-002,self__OB-001,self__FR-010",2019-07-31,2019-10-30,2019-10-31,2019-11-27,self__FR-005,8.0,30.015639781951904
__joint_lightgbm__,final_joint,"self__FR-013,self__INT-002,self__OB-004,self__PV-009,self__OB-003,self__FR-012,self__PV-017,self__PV-019,self__HF-001,self__PV-010,self__FR-002,self__PV-016,self__FR-005,self__PV-004,self__PV-015,self__FR-004,self__PV-011,self__PV-021,self__INT-003,self__OB-005,self__PV-023,self__FR-001,self__HF-004,self__PV-002,self__OB-002,self__OB-001,self__FR-010",2019-07-31,2019-10-30,2019-10-31,2019-11-27,self__PV-004,10.0,60.550869941711426
__joint_lightgbm__,final_joint,"self__FR-013,self__INT-002,self__OB-004,self__PV-009,self__OB-003,self__FR-012,self__PV-017,self__PV-019,self__HF-001,self__PV-010,self__FR-002,self__PV-016,self__FR-005,self__PV-004,self__PV-015,self__FR-004,self__PV-011,self__PV-021,self__INT-003,self__OB-005,self__PV-023,self__FR-001,self__HF-004,self__PV-002,self__OB-002,self__OB-001,self__FR-010",2019-07-31,2019-10-30,2019-10-31,2019-11-27,self__PV-015,0.0,0.0
__joint_lightgbm__,final_joint,"self__FR-013,self__INT-002,self__OB-004,self__PV-009,self__OB-003,self__FR-012,self__PV-017,self__PV-019,self__HF-001,self__PV-010,self__FR-002,self__PV-016,self__FR-005,self__PV-004,self__PV-015,self__FR-004,self__PV-011,self__PV-021,self__INT-003,self__OB-005,self__PV-023,self__FR-001,self__HF-004,self__PV-002,self__OB-002,self__OB-001,self__FR-010",2019-07-31,2019-10-30,2019-10-31,2019-11-27,self__FR-004,32.0,132.08280980587006
__joint_lightgbm__,final_joint,"self__FR-013,self__INT-002,self__OB-004,self__PV-009,self__OB-003,self__FR-012,self__PV-017,self__PV-019,self__HF-001,self__PV-010,self__FR-002,self__PV-016,self__FR-005,self__PV-004,self__PV-015,self__FR-004,self__PV-011,self__PV-021,self__INT-003,self__OB-005,self__PV-023,self__FR-001,self__HF-004,self__PV-002,self__OB-002,self__OB-001,self__FR-010",2019-07-31,2019-10-30,2019-10-31,2019-11-27,self__PV-011,0.0,0.0
__joint_lightgbm__,final_joint,"self__FR-013,self__INT-002,self__OB-004,self__PV-009,self__OB-003,self__FR-012,self__PV-017,self__PV-019,self__HF-001,self__PV-010,self__FR-002,self__PV-016,self__FR-005,self__PV-004,self__PV-015,self__FR-004,self__PV-011,self__PV-021,self__INT-003,self__OB-005,self__PV-023,self__FR-001,self__HF-004,self__PV-002,self__OB-002,self__OB-001,self__FR-010",2019-07-31,2019-10-30,2019-10-31,2019-11-27,self__PV-021,57.0,333.79527044296265
__joint_lightgbm__,final_joint,"self__FR-013,self__INT-002,self__OB-004,self__PV-009,self__OB-003,self__FR-012,self__PV-017,self__PV-019,self__HF-001,self__PV-010,self__FR-002,self__PV-016,self__FR-005,self__PV-004,self__PV-015,self__FR-004,self__PV-011,self__PV-021,self__INT-003,self__OB-005,self__PV-023,self__FR-001,self__HF-004,self__PV-002,self__OB-002,self__OB-001,self__FR-010",2019-07-31,2019-10-30,2019-10-31,2019-11-27,self__INT-003,0.0,0.0
__joint_lightgbm__,final_joint,"self__FR-013,self__INT-002,self__OB-004,self__PV-009,self__OB-003,self__FR-012,self__PV-017,self__PV-019,self__HF-001,self__PV-010,self__FR-002,self__PV-016,self__FR-005,self__PV-004,self__PV-015,self__FR-004,self__PV-011,self__PV-021,self__INT-003,self__OB-005,self__PV-023,self__FR-001,self__HF-004,self__PV-002,self__OB-002,self__OB-001,self__FR-010",2019-07-31,2019-10-30,2019-10-31,2019-11-27,self__OB-005,72.0,450.7480009794235
__joint_lightgbm__,final_joint,"self__FR-013,self__INT-002,self__OB-004,self__PV-009,self__OB-003,self__FR-012,self__PV-017,self__PV-019,self__HF-001,self__PV-010,self__FR-002,self__PV-016,self__FR-005,self__PV-004,self__PV-015,self__FR-004,self__PV-011,self__PV-021,self__INT-003,self__OB-005,self__PV-023,self__FR-001,self__HF-004,self__PV-002,self__OB-002,self__OB-001,self__FR-010",2019-07-31,2019-10-30,2019-10-31,2019-11-27,self__PV-023,7.0,19.242200136184692
__joint_lightgbm__,final_joint,"self__FR-013,self__INT-002,self__OB-004,self__PV-009,self__OB-003,self__FR-012,self__PV-017,self__PV-019,self__HF-001,self__PV-010,self__FR-002,self__PV-016,self__FR-005,self__PV-004,self__PV-015,self__FR-004,self__PV-011,self__PV-021,self__INT-003,self__OB-005,self__PV-023,self__FR-001,self__HF-004,self__PV-002,self__OB-002,self__OB-001,self__FR-010",2019-07-31,2019-10-30,2019-10-31,2019-11-27,self__FR-001,9.0,34.92583990097046
__joint_lightgbm__,final_joint,"self__FR-013,self__INT-002,self__OB-004,self__PV-009,self__OB-003,self__FR-012,self__PV-017,self__PV-019,self__HF-001,self__PV-010,self__FR-002,self__PV-016,self__FR-005,self__PV-004,self__PV-015,self__FR-004,self__PV-011,self__PV-021,self__INT-003,self__OB-005,self__PV-023,self__FR-001,self__HF-004,self__PV-002,self__OB-002,self__OB-001,self__FR-010",2019-07-31,2019-10-30,2019-10-31,2019-11-27,self__HF-004,49.0,374.8847086429596
__joint_lightgbm__,final_joint,"self__FR-013,self__INT-002,self__OB-004,self__PV-009,self__OB-003,self__FR-012,self__PV-017,self__PV-019,self__HF-001,self__PV-010,self__FR-002,self__PV-016,self__FR-005,self__PV-004,self__PV-015,self__FR-004,self__PV-011,self__PV-021,self__INT-003,self__OB-005,self__PV-023,self__FR-001,self__HF-004,self__PV-002,self__OB-002,self__OB-001,self__FR-010",2019-07-31,2019-10-30,2019-10-31,2019-11-27,self__PV-002,139.0,1079.3624894618988
__joint_lightgbm__,final_joint,"self__FR-013,self__INT-002,self__OB-004,self__PV-009,self__OB-003,self__FR-012,self__PV-017,self__PV-019,self__HF-001,self__PV-010,self__FR-002,self__PV-016,self__FR-005,self__PV-004,self__PV-015,self__FR-004,self__PV-011,self__PV-021,self__INT-003,self__OB-005,self__PV-023,self__FR-001,self__HF-004,self__PV-002,self__OB-002,self__OB-001,self__FR-010",2019-07-31,2019-10-30,2019-10-31,2019-11-27,self__OB-002,34.0,162.20561027526855
__joint_lightgbm__,final_joint,"self__FR-013,self__INT-002,self__OB-004,self__PV-009,self__OB-003,self__FR-012,self__PV-017,self__PV-019,self__HF-001,self__PV-010,self__FR-002,self__PV-016,self__FR-005,self__PV-004,self__PV-015,self__FR-004,self__PV-011,self__PV-021,self__INT-003,self__OB-005,self__PV-023,self__FR-001,self__HF-004,self__PV-002,self__OB-002,self__OB-001,self__FR-010",2019-07-31,2019-10-30,2019-10-31,2019-11-27,self__OB-001,35.0,209.14251899719238
__joint_lightgbm__,final_joint,"self__FR-013,self__INT-002,self__OB-004,self__PV-009,self__OB-003,self__FR-012,self__PV-017,self__PV-019,self__HF-001,self__PV-010,self__FR-002,self__PV-016,self__FR-005,self__PV-004,self__PV-015,self__FR-004,self__PV-011,self__PV-021,self__INT-003,self__OB-005,self__PV-023,self__FR-001,self__HF-004,self__PV-002,self__OB-002,self__OB-001,self__FR-010",2019-07-31,2019-10-30,2019-10-31,2019-11-27,self__FR-010,15.0,54.40950059890747
__joint_lightgbm__,final_joint,"self__FR-013,self__INT-002,self__OB-004,self__PV-009,self__OB-003,self__FR-012,self__PV-017,self__PV-019,self__HF-001,self__PV-010,self__FR-002,self__PV-016,self__FR-005,self__PV-004,self__PV-015,self__FR-004,self__PV-011,self__PV-021,self__INT-003,self__OB-005,self__PV-023,self__FR-001,self__HF-004,self__PV-002,self__OB-002,self__OB-001,self__FR-010",2019-08-28,2019-11-27,2019-11-28,2019-12-25,factorlib__amount,25.0,131.44658851623535
__joint_lightgbm__,final_joint,"self__FR-013,self__INT-002,self__OB-004,self__PV-009,self__OB-003,self__FR-012,self__PV-017,self__PV-019,self__HF-001,self__PV-010,self__FR-002,self__PV-016,self__FR-005,self__PV-004,self__PV-015,self__FR-004,self__PV-011,self__PV-021,self__INT-003,self__OB-005,self__PV-023,self__FR-001,self__HF-004,self__PV-002,self__OB-002,self__OB-001,self__FR-010",2019-08-28,2019-11-27,2019-11-28,2019-12-25,factorlib__atr_14,34.0,243.48894095420837
__joint_lightgbm__,final_joint,"self__FR-013,self__INT-002,self__OB-004,self__PV-009,self__OB-003,self__FR-012,self__PV-017,self__PV-019,self__HF-001,self__PV-010,self__FR-002,self__PV-016,self__FR-005,self__PV-004,self__PV-015,self__FR-004,self__PV-011,self__PV-021,self__INT-003,self__OB-005,self__PV-023,self__FR-001,self__HF-004,self__PV-002,self__OB-002,self__OB-001,self__FR-010",2019-08-28,2019-11-27,2019-11-28,2019-12-25,factorlib__bias_20,59.0,378.57690930366516
__joint_lightgbm__,final_joint,"self__FR-013,self__INT-002,self__OB-004,self__PV-009,self__OB-003,self__FR-012,self__PV-017,self__PV-019,self__HF-001,self__PV-010,self__FR-002,self__PV-016,self__FR-005,self__PV-004,self__PV-015,self__FR-004,self__PV-011,self__PV-021,self__INT-003,self__OB-005,self__PV-023,self__FR-001,self__HF-004,self__PV-002,self__OB-002,self__OB-001,self__FR-010",2019-08-28,2019-11-27,2019-11-28,2019-12-25,factorlib__cci_14,29.0,130.00975930690765
__joint_lightgbm__,final_joint,"self__FR-013,self__INT-002,self__OB-004,self__PV-009,self__OB-003,self__FR-012,self__PV-017,self__PV-019,self__HF-001,self__PV-010,self__FR-002,self__PV-016,self__FR-005,self__PV-004,self__PV-015,self__FR-004,self__PV-011,self__PV-021,self__INT-003,self__OB-005,self__PV-023,self__FR-001,self__HF-004,self__PV-002,self__OB-002,self__OB-001,self__FR-010",2019-08-28,2019-11-27,2019-11-28,2019-12-25,factorlib__float_market_cap,30.0,182.17217016220093
__joint_lightgbm__,final_joint,"self__FR-013,self__INT-002,self__OB-004,self__PV-009,self__OB-003,self__FR-012,self__PV-017,self__PV-019,self__HF-001,self__PV-010,self__FR-002,self__PV-016,self__FR-005,self__PV-004,self__PV-015,self__FR-004,self__PV-011,self__PV-021,self__INT-003,self__OB-005,self__PV-023,self__FR-001,self__HF-004,self__PV-002,self__OB-002,self__OB-001,self__FR-010",2019-08-28,2019-11-27,2019-11-28,2019-12-25,factorlib__kdj_d_9_3_3,18.0,83.54636979103088
__joint_lightgbm__,final_joint,"self__FR-013,self__INT-002,self__OB-004,self__PV-009,self__OB-003,self__FR-012,self__PV-017,self__PV-019,self__HF-001,self__PV-010,self__FR-002,self__PV-016,self__FR-005,self__PV-004,self__PV-015,self__FR-004,self__PV-011,self__PV-021,self__INT-003,self__OB-005,self__PV-023,self__FR-001,self__HF-004,self__PV-002,self__OB-002,self__OB-001,self__FR-010",2019-08-28,2019-11-27,2019-11-28,2019-12-25,factorlib__macd_diff_12_26_9,14.0,58.274370193481445
__joint_lightgbm__,final_joint,"self__FR-013,self__INT-002,self__OB-004,self__PV-009,self__OB-003,self__FR-012,self__PV-017,self__PV-019,self__HF-001,self__PV-010,self__FR-002,self__PV-016,self__FR-005,self__PV-004,self__PV-015,self__FR-004,self__PV-011,self__PV-021,self__INT-003,self__OB-005,self__PV-023,self__FR-001,self__HF-004,self__PV-002,self__OB-002,self__OB-001,self__FR-010",2019-08-28,2019-11-27,2019-11-28,2019-12-25,factorlib__macd_hist_12_26_9,21.0,116.43835043907166
__joint_lightgbm__,final_joint,"self__FR-013,self__INT-002,self__OB-004,self__PV-009,self__OB-003,self__FR-012,self__PV-017,self__PV-019,self__HF-001,self__PV-010,self__FR-002,self__PV-016,self__FR-005,self__PV-004,self__PV-015,self__FR-004,self__PV-011,self__PV-021,self__INT-003,self__OB-005,self__PV-023,self__FR-001,self__HF-004,self__PV-002,self__OB-002,self__OB-001,self__FR-010",2019-08-28,2019-11-27,2019-11-28,2019-12-25,factorlib__momentum_5,65.0,587.238733291626
__joint_lightgbm__,final_joint,"self__FR-013,self__INT-002,self__OB-004,self__PV-009,self__OB-003,self__FR-012,self__PV-017,self__PV-019,self__HF-001,self__PV-010,self__FR-002,self__PV-016,self__FR-005,self__PV-004,self__PV-015,self__FR-004,self__PV-011,self__PV-021,self__INT-003,self__OB-005,self__PV-023,self__FR-001,self__HF-004,self__PV-002,self__OB-002,self__OB-001,self__FR-010",2019-08-28,2019-11-27,2019-11-28,2019-12-25,factorlib__net_profit_rate_ttm,24.0,136.66923987865448
__joint_lightgbm__,final_joint,"self__FR-013,self__INT-002,self__OB-004,self__PV-009,self__OB-003,self__FR-012,self__PV-017,self__PV-019,self__HF-001,self__PV-010,self__FR-002,self__PV-016,self__FR-005,self__PV-004,self__PV-015,self__FR-004,self__PV-011,self__PV-021,self__INT-003,self__OB-005,self__PV-023,self__FR-001,self__HF-004,self__PV-002,self__OB-002,self__OB-001,self__FR-010",2019-08-28,2019-11-27,2019-11-28,2019-12-25,factorlib__netflow_amount_rate_main,106.0,603.9149684906006
__joint_lightgbm__,final_joint,"self__FR-013,self__INT-002,self__OB-004,self__PV-009,self__OB-003,self__FR-012,self__PV-017,self__PV-019,self__HF-001,self__PV-010,self__FR-002,self__PV-016,self__FR-005,self__PV-004,self__PV-015,self__FR-004,self__PV-011,self__PV-021,self__INT-003,self__OB-005,self__PV-023,self__FR-001,self__HF-004,self__PV-002,self__OB-002,self__OB-001,self__FR-010",2019-08-28,2019-11-27,2019-11-28,2019-12-25,factorlib__total_market_cap,34.0,270.26740884780884
__joint_lightgbm__,final_joint,"self__FR-013,self__INT-002,self__OB-004,self__PV-009,self__OB-003,self__FR-012,self__PV-017,self__PV-019,self__HF-001,self__PV-010,self__FR-002,self__PV-016,self__FR-005,self__PV-004,self__PV-015,self__FR-004,self__PV-011,self__PV-021,self__INT-003,self__OB-005,self__PV-023,self__FR-001,self__HF-004,self__PV-002,self__OB-002,self__OB-001,self__FR-010",2019-08-28,2019-11-27,2019-11-28,2019-12-25,factorlib__turn,61.0,1391.2100932598114
__joint_lightgbm__,final_joint,"self__FR-013,self__INT-002,self__OB-004,self__PV-009,self__OB-003,self__FR-012,self__PV-017,self__PV-019,self__HF-001,self__PV-010,self__FR-002,self__PV-016,self__FR-005,self__PV-004,self__PV-015,self__FR-004,self__PV-011,self__PV-021,self__INT-003,self__OB-005,self__PV-023,self__FR-001,self__HF-004,self__PV-002,self__OB-002,self__OB-001,self__FR-010",2019-08-28,2019-11-27,2019-11-28,2019-12-25,factorlib__volatility_5,38.0,223.47424125671387
__joint_lightgbm__,final_joint,"self__FR-013,self__INT-002,self__OB-004,self__PV-009,self__OB-003,self__FR-012,self__PV-017,self__PV-019,self__HF-001,self__PV-010,self__FR-002,self__PV-016,self__FR-005,self__PV-004,self__PV-015,self__FR-004,self__PV-011,self__PV-021,self__INT-003,self__OB-005,self__PV-023,self__FR-001,self__HF-004,self__PV-002,self__OB-002,self__OB-001,self__FR-010",2019-08-28,2019-11-27,2019-11-28,2019-12-25,factorlib__volume,97.0,1935.9082200527191
__joint_lightgbm__,final_joint,"self__FR-013,self__INT-002,self__OB-004,self__PV-009,self__OB-003,self__FR-012,self__PV-017,self__PV-019,self__HF-001,self__PV-010,self__FR-002,self__PV-016,self__FR-005,self__PV-004,self__PV-015,self__FR-004,self__PV-011,self__PV-021,self__INT-003,self__OB-005,self__PV-023,self__FR-001,self__HF-004,self__PV-002,self__OB-002,self__OB-001,self__FR-010",2019-08-28,2019-11-27,2019-11-28,2019-12-25,self__FR-013,0.0,0.0
__joint_lightgbm__,final_joint,"self__FR-013,self__INT-002,self__OB-004,self__PV-009,self__OB-003,self__FR-012,self__PV-017,self__PV-019,self__HF-001,self__PV-010,self__FR-002,self__PV-016,self__FR-005,self__PV-004,self__PV-015,self__FR-004,self__PV-011,self__PV-021,self__INT-003,self__OB-005,self__PV-023,self__FR-001,self__HF-004,self__PV-002,self__OB-002,self__OB-001,self__FR-010",2019-08-28,2019-11-27,2019-11-28,2019-12-25,self__INT-002,10.0,44.14113998413086
__joint_lightgbm__,final_joint,"self__FR-013,self__INT-002,self__OB-004,self__PV-009,self__OB-003,self__FR-012,self__PV-017,self__PV-019,self__HF-001,self__PV-010,self__FR-002,self__PV-016,self__FR-005,self__PV-004,self__PV-015,self__FR-004,self__PV-011,self__PV-021,self__INT-003,self__OB-005,self__PV-023,self__FR-001,self__HF-004,self__PV-002,self__OB-002,self__OB-001,self__FR-010",2019-08-28,2019-11-27,2019-11-28,2019-12-25,self__OB-004,17.0,77.75423908233643
__joint_lightgbm__,final_joint,"self__FR-013,self__INT-002,self__OB-004,self__PV-009,self__OB-003,self__FR-012,self__PV-017,self__PV-019,self__HF-001,self__PV-010,self__FR-002,self__PV-016,self__FR-005,self__PV-004,self__PV-015,self__FR-004,self__PV-011,self__PV-021,self__INT-003,self__OB-005,self__PV-023,self__FR-001,self__HF-004,self__PV-002,self__OB-002,self__OB-001,self__FR-010",2019-08-28,2019-11-27,2019-11-28,2019-12-25,self__PV-009,9.0,45.27079963684082
__joint_lightgbm__,final_joint,"self__FR-013,self__INT-002,self__OB-004,self__PV-009,self__OB-003,self__FR-012,self__PV-017,self__PV-019,self__HF-001,self__PV-010,self__FR-002,self__PV-016,self__FR-005,self__PV-004,self__PV-015,self__FR-004,self__PV-011,self__PV-021,self__INT-003,self__OB-005,self__PV-023,self__FR-001,self__HF-004,self__PV-002,self__OB-002,self__OB-001,self__FR-010",2019-08-28,2019-11-27,2019-11-28,2019-12-25,self__OB-003,29.0,120.55672991275787
__joint_lightgbm__,final_joint,"self__FR-013,self__INT-002,self__OB-004,self__PV-009,self__OB-003,self__FR-012,self__PV-017,self__PV-019,self__HF-001,self__PV-010,self__FR-002,self__PV-016,self__FR-005,self__PV-004,self__PV-015,self__FR-004,self__PV-011,self__PV-021,self__INT-003,self__OB-005,self__PV-023,self__FR-001,self__HF-004,self__PV-002,self__OB-002,self__OB-001,self__FR-010",2019-08-28,2019-11-27,2019-11-28,2019-12-25,self__FR-012,0.0,0.0
__joint_lightgbm__,final_joint,"self__FR-013,self__INT-002,self__OB-004,self__PV-009,self__OB-003,self__FR-012,self__PV-017,self__PV-019,self__HF-001,self__PV-010,self__FR-002,self__PV-016,self__FR-005,self__PV-004,self__PV-015,self__FR-004,self__PV-011,self__PV-021,self__INT-003,self__OB-005,self__PV-023,self__FR-001,self__HF-004,self__PV-002,self__OB-002,self__OB-001,self__FR-010",2019-08-28,2019-11-27,2019-11-28,2019-12-25,self__PV-017,0.0,0.0
__joint_lightgbm__,final_joint,"self__FR-013,self__INT-002,self__OB-004,self__PV-009,self__OB-003,self__FR-012,self__PV-017,self__PV-019,self__HF-001,self__PV-010,self__FR-002,self__PV-016,self__FR-005,self__PV-004,self__PV-015,self__FR-004,self__PV-011,self__PV-021,self__INT-003,self__OB-005,self__PV-023,self__FR-001,self__HF-004,self__PV-002,self__OB-002,self__OB-001,self__FR-010",2019-08-28,2019-11-27,2019-11-28,2019-12-25,self__PV-019,0.0,0.0
__joint_lightgbm__,final_joint,"self__FR-013,self__INT-002,self__OB-004,self__PV-009,self__OB-003,self__FR-012,self__PV-017,self__PV-019,self__HF-001,self__PV-010,self__FR-002,self__PV-016,self__FR-005,self__PV-004,self__PV-015,self__FR-004,self__PV-011,self__PV-021,self__INT-003,self__OB-005,self__PV-023,self__FR-001,self__HF-004,self__PV-002,self__OB-002,self__OB-001,self__FR-010",2019-08-28,2019-11-27,2019-11-28,2019-12-25,self__HF-001,20.0,99.93691968917847
__joint_lightgbm__,final_joint,"self__FR-013,self__INT-002,self__OB-004,self__PV-009,self__OB-003,self__FR-012,self__PV-017,self__PV-019,self__HF-001,self__PV-010,self__FR-002,self__PV-016,self__FR-005,self__PV-004,self__PV-015,self__FR-004,self__PV-011,self__PV-021,self__INT-003,self__OB-005,self__PV-023,self__FR-001,self__HF-004,self__PV-002,self__OB-002,self__OB-001,self__FR-010",2019-08-28,2019-11-27,2019-11-28,2019-12-25,self__PV-010,24.0,90.29350996017456
__joint_lightgbm__,final_joint,"self__FR-013,self__INT-002,self__OB-004,self__PV-009,self__OB-003,self__FR-012,self__PV-017,self__PV-019,self__HF-001,self__PV-010,self__FR-002,self__PV-016,self__FR-005,self__PV-004,self__PV-015,self__FR-004,self__PV-011,self__PV-021,self__INT-003,self__OB-005,self__PV-023,self__FR-001,self__HF-004,self__PV-002,self__OB-002,self__OB-001,self__FR-010",2019-08-28,2019-11-27,2019-11-28,2019-12-25,self__FR-002,74.0,438.268638253212
__joint_lightgbm__,final_joint,"self__FR-013,self__INT-002,self__OB-004,self__PV-009,self__OB-003,self__FR-012,self__PV-017,self__PV-019,self__HF-001,self__PV-010,self__FR-002,self__PV-016,self__FR-005,self__PV-004,self__PV-015,self__FR-004,self__PV-011,self__PV-021,self__INT-003,self__OB-005,self__PV-023,self__FR-001,self__HF-004,self__PV-002,self__OB-002,self__OB-001,self__FR-010",2019-08-28,2019-11-27,2019-11-28,2019-12-25,self__PV-016,0.0,0.0
__joint_lightgbm__,final_joint,"self__FR-013,self__INT-002,self__OB-004,self__PV-009,self__OB-003,self__FR-012,self__PV-017,self__PV-019,self__HF-001,self__PV-010,self__FR-002,self__PV-016,self__FR-005,self__PV-004,self__PV-015,self__FR-004,self__PV-011,self__PV-021,self__INT-003,self__OB-005,self__PV-023,self__FR-001,self__HF-004,self__PV-002,self__OB-002,self__OB-001,self__FR-010",2019-08-28,2019-11-27,2019-11-28,2019-12-25,self__FR-005,5.0,23.892809867858887
__joint_lightgbm__,final_joint,"self__FR-013,self__INT-002,self__OB-004,self__PV-009,self__OB-003,self__FR-012,self__PV-017,self__PV-019,self__HF-001,self__PV-010,self__FR-002,self__PV-016,self__FR-005,self__PV-004,self__PV-015,self__FR-004,self__PV-011,self__PV-021,self__INT-003,self__OB-005,self__PV-023,self__FR-001,self__HF-004,self__PV-002,self__OB-002,self__OB-001,self__FR-010",2019-08-28,2019-11-27,2019-11-28,2019-12-25,self__PV-004,10.0,33.838539600372314
__joint_lightgbm__,final_joint,"self__FR-013,self__INT-002,self__OB-004,self__PV-009,self__OB-003,self__FR-012,self__PV-017,self__PV-019,self__HF-001,self__PV-010,self__FR-002,self__PV-016,self__FR-005,self__PV-004,self__PV-015,self__FR-004,self__PV-011,self__PV-021,self__INT-003,self__OB-005,self__PV-023,self__FR-001,self__HF-004,self__PV-002,self__OB-002,self__OB-001,self__FR-010",2019-08-28,2019-11-27,2019-11-28,2019-12-25,self__PV-015,0.0,0.0
__joint_lightgbm__,final_joint,"self__FR-013,self__INT-002,self__OB-004,self__PV-009,self__OB-003,self__FR-012,self__PV-017,self__PV-019,self__HF-001,self__PV-010,self__FR-002,self__PV-016,self__FR-005,self__PV-004,self__PV-015,self__FR-004,self__PV-011,self__PV-021,self__INT-003,self__OB-005,self__PV-023,self__FR-001,self__HF-004,self__PV-002,self__OB-002,self__OB-001,self__FR-010",2019-08-28,2019-11-27,2019-11-28,2019-12-25,self__FR-004,26.0,93.77603948116302
__joint_lightgbm__,final_joint,"self__FR-013,self__INT-002,self__OB-004,self__PV-009,self__OB-003,self__FR-012,self__PV-017,self__PV-019,self__HF-001,self__PV-010,self__FR-002,self__PV-016,self__FR-005,self__PV-004,self__PV-015,self__FR-004,self__PV-011,self__PV-021,self__INT-003,self__OB-005,self__PV-023,self__FR-001,self__HF-004,self__PV-002,self__OB-002,self__OB-001,self__FR-010",2019-08-28,2019-11-27,2019-11-28,2019-12-25,self__PV-011,0.0,0.0
__joint_lightgbm__,final_joint,"self__FR-013,self__INT-002,self__OB-004,self__PV-009,self__OB-003,self__FR-012,self__PV-017,self__PV-019,self__HF-001,self__PV-010,self__FR-002,self__PV-016,self__FR-005,self__PV-004,self__PV-015,self__FR-004,self__PV-011,self__PV-021,self__INT-003,self__OB-005,self__PV-023,self__FR-001,self__HF-004,self__PV-002,self__OB-002,self__OB-001,self__FR-010",2019-08-28,2019-11-27,2019-11-28,2019-12-25,self__PV-021,45.0,302.98597979545593
__joint_lightgbm__,final_joint,"self__FR-013,self__INT-002,self__OB-004,self__PV-009,self__OB-003,self__FR-012,self__PV-017,self__PV-019,self__HF-001,self__PV-010,self__FR-002,self__PV-016,self__FR-005,self__PV-004,self__PV-015,self__FR-004,self__PV-011,self__PV-021,self__INT-003,self__OB-005,self__PV-023,self__FR-001,self__HF-004,self__PV-002,self__OB-002,self__OB-001,self__FR-010",2019-08-28,2019-11-27,2019-11-28,2019-12-25,self__INT-003,0.0,0.0
__joint_lightgbm__,final_joint,"self__FR-013,self__INT-002,self__OB-004,self__PV-009,self__OB-003,self__FR-012,self__PV-017,self__PV-019,self__HF-001,self__PV-010,self__FR-002,self__PV-016,self__FR-005,self__PV-004,self__PV-015,self__FR-004,self__PV-011,self__PV-021,self__INT-003,self__OB-005,self__PV-023,self__FR-001,self__HF-004,self__PV-002,self__OB-002,self__OB-001,self__FR-010",2019-08-28,2019-11-27,2019-11-28,2019-12-25,self__OB-005,50.0,244.33485901355743
__joint_lightgbm__,final_joint,"self__FR-013,self__INT-002,self__OB-004,self__PV-009,self__OB-003,self__FR-012,self__PV-017,self__PV-019,self__HF-001,self__PV-010,self__FR-002,self__PV-016,self__FR-005,self__PV-004,self__PV-015,self__FR-004,self__PV-011,self__PV-021,self__INT-003,self__OB-005,self__PV-023,self__FR-001,self__HF-004,self__PV-002,self__OB-002,self__OB-001,self__FR-010",2019-08-28,2019-11-27,2019-11-28,2019-12-25,self__PV-023,16.0,58.614710092544556
__joint_lightgbm__,final_joint,"self__FR-013,self__INT-002,self__OB-004,self__PV-009,self__OB-003,self__FR-012,self__PV-017,self__PV-019,self__HF-001,self__PV-010,self__FR-002,self__PV-016,self__FR-005,self__PV-004,self__PV-015,self__FR-004,self__PV-011,self__PV-021,self__INT-003,self__OB-005,self__PV-023,self__FR-001,self__HF-004,self__PV-002,self__OB-002,self__OB-001,self__FR-010",2019-08-28,2019-11-27,2019-11-28,2019-12-25,self__FR-001,10.0,30.422250032424927
__joint_lightgbm__,final_joint,"self__FR-013,self__INT-002,self__OB-004,self__PV-009,self__OB-003,self__FR-012,self__PV-017,self__PV-019,self__HF-001,self__PV-010,self__FR-002,self__PV-016,self__FR-005,self__PV-004,self__PV-015,self__FR-004,self__PV-011,self__PV-021,self__INT-003,self__OB-005,self__PV-023,self__FR-001,self__HF-004,self__PV-002,self__OB-002,self__OB-001,self__FR-010",2019-08-28,2019-11-27,2019-11-28,2019-12-25,self__HF-004,42.0,279.2590889930725
__joint_lightgbm__,final_joint,"self__FR-013,self__INT-002,self__OB-004,self__PV-009,self__OB-003,self__FR-012,self__PV-017,self__PV-019,self__HF-001,self__PV-010,self__FR-002,self__PV-016,self__FR-005,self__PV-004,self__PV-015,self__FR-004,self__PV-011,self__PV-021,self__INT-003,self__OB-005,self__PV-023,self__FR-001,self__HF-004,self__PV-002,self__OB-002,self__OB-001,self__FR-010",2019-08-28,2019-11-27,2019-11-28,2019-12-25,self__PV-002,102.0,770.2963328361511
__joint_lightgbm__,final_joint,"self__FR-013,self__INT-002,self__OB-004,self__PV-009,self__OB-003,self__FR-012,self__PV-017,self__PV-019,self__HF-001,self__PV-010,self__FR-002,self__PV-016,self__FR-005,self__PV-004,self__PV-015,self__FR-004,self__PV-011,self__PV-021,self__INT-003,self__OB-005,self__PV-023,self__FR-001,self__HF-004,self__PV-002,self__OB-002,self__OB-001,self__FR-010",2019-08-28,2019-11-27,2019-11-28,2019-12-25,self__OB-002,23.0,94.92579996585846
__joint_lightgbm__,final_joint,"self__FR-013,self__INT-002,self__OB-004,self__PV-009,self__OB-003,self__FR-012,self__PV-017,self__PV-019,self__HF-001,self__PV-010,self__FR-002,self__PV-016,self__FR-005,self__PV-004,self__PV-015,self__FR-004,self__PV-011,self__PV-021,self__INT-003,self__OB-005,self__PV-023,self__FR-001,self__HF-004,self__PV-002,self__OB-002,self__OB-001,self__FR-010",2019-08-28,2019-11-27,2019-11-28,2019-12-25,self__OB-001,24.0,125.43203043937683
__joint_lightgbm__,final_joint,"self__FR-013,self__INT-002,self__OB-004,self__PV-009,self__OB-003,self__FR-012,self__PV-017,self__PV-019,self__HF-001,self__PV-010,self__FR-002,self__PV-016,self__FR-005,self__PV-004,self__PV-015,self__FR-004,self__PV-011,self__PV-021,self__INT-003,self__OB-005,self__PV-023,self__FR-001,self__HF-004,self__PV-002,self__OB-002,self__OB-001,self__FR-010",2019-08-28,2019-11-27,2019-11-28,2019-12-25,self__FR-010,9.0,22.954800009727478
__joint_lightgbm__,final_joint,"self__FR-013,self__INT-002,self__OB-004,self__PV-009,self__OB-003,self__FR-012,self__PV-017,self__PV-019,self__HF-001,self__PV-010,self__FR-002,self__PV-016,self__FR-005,self__PV-004,self__PV-015,self__FR-004,self__PV-011,self__PV-021,self__INT-003,self__OB-005,self__PV-023,self__FR-001,self__HF-004,self__PV-002,self__OB-002,self__OB-001,self__FR-010",2019-09-26,2019-12-25,2019-12-26,2020-01-23,factorlib__amount,28.0,186.99749970436096
__joint_lightgbm__,final_joint,"self__FR-013,self__INT-002,self__OB-004,self__PV-009,self__OB-003,self__FR-012,self__PV-017,self__PV-019,self__HF-001,self__PV-010,self__FR-002,self__PV-016,self__FR-005,self__PV-004,self__PV-015,self__FR-004,self__PV-011,self__PV-021,self__INT-003,self__OB-005,self__PV-023,self__FR-001,self__HF-004,self__PV-002,self__OB-002,self__OB-001,self__FR-010",2019-09-26,2019-12-25,2019-12-26,2020-01-23,factorlib__atr_14,44.0,280.58392095565796
__joint_lightgbm__,final_joint,"self__FR-013,self__INT-002,self__OB-004,self__PV-009,self__OB-003,self__FR-012,self__PV-017,self__PV-019,self__HF-001,self__PV-010,self__FR-002,self__PV-016,self__FR-005,self__PV-004,self__PV-015,self__FR-004,self__PV-011,self__PV-021,self__INT-003,self__OB-005,self__PV-023,self__FR-001,self__HF-004,self__PV-002,self__OB-002,self__OB-001,self__FR-010",2019-09-26,2019-12-25,2019-12-26,2020-01-23,factorlib__bias_20,46.0,363.50293803215027
__joint_lightgbm__,final_joint,"self__FR-013,self__INT-002,self__OB-004,self__PV-009,self__OB-003,self__FR-012,self__PV-017,self__PV-019,self__HF-001,self__PV-010,self__FR-002,self__PV-016,self__FR-005,self__PV-004,self__PV-015,self__FR-004,self__PV-011,self__PV-021,self__INT-003,self__OB-005,self__PV-023,self__FR-001,self__HF-004,self__PV-002,self__OB-002,self__OB-001,self__FR-010",2019-09-26,2019-12-25,2019-12-26,2020-01-23,factorlib__cci_14,38.0,216.17446112632751
__joint_lightgbm__,final_joint,"self__FR-013,self__INT-002,self__OB-004,self__PV-009,self__OB-003,self__FR-012,self__PV-017,self__PV-019,self__HF-001,self__PV-010,self__FR-002,self__PV-016,self__FR-005,self__PV-004,self__PV-015,self__FR-004,self__PV-011,self__PV-021,self__INT-003,self__OB-005,self__PV-023,self__FR-001,self__HF-004,self__PV-002,self__OB-002,self__OB-001,self__FR-010",2019-09-26,2019-12-25,2019-12-26,2020-01-23,factorlib__float_market_cap,13.0,49.56633949279785
__joint_lightgbm__,final_joint,"self__FR-013,self__INT-002,self__OB-004,self__PV-009,self__OB-003,self__FR-012,self__PV-017,self__PV-019,self__HF-001,self__PV-010,self__FR-002,self__PV-016,self__FR-005,self__PV-004,self__PV-015,self__FR-004,self__PV-011,self__PV-021,self__INT-003,self__OB-005,self__PV-023,self__FR-001,self__HF-004,self__PV-002,self__OB-002,self__OB-001,self__FR-010",2019-09-26,2019-12-25,2019-12-26,2020-01-23,factorlib__kdj_d_9_3_3,26.0,128.218399643898
__joint_lightgbm__,final_joint,"self__FR-013,self__INT-002,self__OB-004,self__PV-009,self__OB-003,self__FR-012,self__PV-017,self__PV-019,self__HF-001,self__PV-010,self__FR-002,self__PV-016,self__FR-005,self__PV-004,self__PV-015,self__FR-004,self__PV-011,self__PV-021,self__INT-003,self__OB-005,self__PV-023,self__FR-001,self__HF-004,self__PV-002,self__OB-002,self__OB-001,self__FR-010",2019-09-26,2019-12-25,2019-12-26,2020-01-23,factorlib__macd_diff_12_26_9,19.0,99.28707003593445
__joint_lightgbm__,final_joint,"self__FR-013,self__INT-002,self__OB-004,self__PV-009,self__OB-003,self__FR-012,self__PV-017,self__PV-019,self__HF-001,self__PV-010,self__FR-002,self__PV-016,self__FR-005,self__PV-004,self__PV-015,self__FR-004,self__PV-011,self__PV-021,self__INT-003,self__OB-005,self__PV-023,self__FR-001,self__HF-004,self__PV-002,self__OB-002,self__OB-001,self__FR-010",2019-09-26,2019-12-25,2019-12-26,2020-01-23,factorlib__macd_hist_12_26_9,16.0,78.99284887313843
__joint_lightgbm__,final_joint,"self__FR-013,self__INT-002,self__OB-004,self__PV-009,self__OB-003,self__FR-012,self__PV-017,self__PV-019,self__HF-001,self__PV-010,self__FR-002,self__PV-016,self__FR-005,self__PV-004,self__PV-015,self__FR-004,self__PV-011,self__PV-021,self__INT-003,self__OB-005,self__PV-023,self__FR-001,self__HF-004,self__PV-002,self__OB-002,self__OB-001,self__FR-010",2019-09-26,2019-12-25,2019-12-26,2020-01-23,factorlib__momentum_5,72.0,602.7135217189789
__joint_lightgbm__,final_joint,"self__FR-013,self__INT-002,self__OB-004,self__PV-009,self__OB-003,self__FR-012,self__PV-017,self__PV-019,self__HF-001,self__PV-010,self__FR-002,self__PV-016,self__FR-005,self__PV-004,self__PV-015,self__FR-004,self__PV-011,self__PV-021,self__INT-003,self__OB-005,self__PV-023,self__FR-001,self__HF-004,self__PV-002,self__OB-002,self__OB-001,self__FR-010",2019-09-26,2019-12-25,2019-12-26,2020-01-23,factorlib__net_profit_rate_ttm,32.0,172.46164989471436
__joint_lightgbm__,final_joint,"self__FR-013,self__INT-002,self__OB-004,self__PV-009,self__OB-003,self__FR-012,self__PV-017,self__PV-019,self__HF-001,self__PV-010,self__FR-002,self__PV-016,self__FR-005,self__PV-004,self__PV-015,self__FR-004,self__PV-011,self__PV-021,self__INT-003,self__OB-005,self__PV-023,self__FR-001,self__HF-004,self__PV-002,self__OB-002,self__OB-001,self__FR-010",2019-09-26,2019-12-25,2019-12-26,2020-01-23,factorlib__netflow_amount_rate_main,89.0,528.1476311683655
__joint_lightgbm__,final_joint,"self__FR-013,self__INT-002,self__OB-004,self__PV-009,self__OB-003,self__FR-012,self__PV-017,self__PV-019,self__HF-001,self__PV-010,self__FR-002,self__PV-016,self__FR-005,self__PV-004,self__PV-015,self__FR-004,self__PV-011,self__PV-021,self__INT-003,self__OB-005,self__PV-023,self__FR-001,self__HF-004,self__PV-002,self__OB-002,self__OB-001,self__FR-010",2019-09-26,2019-12-25,2019-12-26,2020-01-23,factorlib__total_market_cap,15.0,92.31386923789978
__joint_lightgbm__,final_joint,"self__FR-013,self__INT-002,self__OB-004,self__PV-009,self__OB-003,self__FR-012,self__PV-017,self__PV-019,self__HF-001,self__PV-010,self__FR-002,self__PV-016,self__FR-005,self__PV-004,self__PV-015,self__FR-004,self__PV-011,self__PV-021,self__INT-003,self__OB-005,self__PV-023,self__FR-001,self__HF-004,self__PV-002,self__OB-002,self__OB-001,self__FR-010",2019-09-26,2019-12-25,2019-12-26,2020-01-23,factorlib__turn,67.0,1332.9181370735168
__joint_lightgbm__,final_joint,"self__FR-013,self__INT-002,self__OB-004,self__PV-009,self__OB-003,self__FR-012,self__PV-017,self__PV-019,self__HF-001,self__PV-010,self__FR-002,self__PV-016,self__FR-005,self__PV-004,self__PV-015,self__FR-004,self__PV-011,self__PV-021,self__INT-003,self__OB-005,self__PV-023,self__FR-001,self__HF-004,self__PV-002,self__OB-002,self__OB-001,self__FR-010",2019-09-26,2019-12-25,2019-12-26,2020-01-23,factorlib__volatility_5,68.0,465.7525486946106
__joint_lightgbm__,final_joint,"self__FR-013,self__INT-002,self__OB-004,self__PV-009,self__OB-003,self__FR-012,self__PV-017,self__PV-019,self__HF-001,self__PV-010,self__FR-002,self__PV-016,self__FR-005,self__PV-004,self__PV-015,self__FR-004,self__PV-011,self__PV-021,self__INT-003,self__OB-005,self__PV-023,self__FR-001,self__HF-004,self__PV-002,self__OB-002,self__OB-001,self__FR-010",2019-09-26,2019-12-25,2019-12-26,2020-01-23,factorlib__volume,55.0,649.3091304302216
__joint_lightgbm__,final_joint,"self__FR-013,self__INT-002,self__OB-004,self__PV-009,self__OB-003,self__FR-012,self__PV-017,self__PV-019,self__HF-001,self__PV-010,self__FR-002,self__PV-016,self__FR-005,self__PV-004,self__PV-015,self__FR-004,self__PV-011,self__PV-021,self__INT-003,self__OB-005,self__PV-023,self__FR-001,self__HF-004,self__PV-002,self__OB-002,self__OB-001,self__FR-010",2019-09-26,2019-12-25,2019-12-26,2020-01-23,self__FR-013,0.0,0.0
__joint_lightgbm__,final_joint,"self__FR-013,self__INT-002,self__OB-004,self__PV-009,self__OB-003,self__FR-012,self__PV-017,self__PV-019,self__HF-001,self__PV-010,self__FR-002,self__PV-016,self__FR-005,self__PV-004,self__PV-015,self__FR-004,self__PV-011,self__PV-021,self__INT-003,self__OB-005,self__PV-023,self__FR-001,self__HF-004,self__PV-002,self__OB-002,self__OB-001,self__FR-010",2019-09-26,2019-12-25,2019-12-26,2020-01-23,self__INT-002,31.0,175.70448207855225
__joint_lightgbm__,final_joint,"self__FR-013,self__INT-002,self__OB-004,self__PV-009,self__OB-003,self__FR-012,self__PV-017,self__PV-019,self__HF-001,self__PV-010,self__FR-002,self__PV-016,self__FR-005,self__PV-004,self__PV-015,self__FR-004,self__PV-011,self__PV-021,self__INT-003,self__OB-005,self__PV-023,self__FR-001,self__HF-004,self__PV-002,self__OB-002,self__OB-001,self__FR-010",2019-09-26,2019-12-25,2019-12-26,2020-01-23,self__OB-004,20.0,86.2807297706604
__joint_lightgbm__,final_joint,"self__FR-013,self__INT-002,self__OB-004,self__PV-009,self__OB-003,self__FR-012,self__PV-017,self__PV-019,self__HF-001,self__PV-010,self__FR-002,self__PV-016,self__FR-005,self__PV-004,self__PV-015,self__FR-004,self__PV-011,self__PV-021,self__INT-003,self__OB-005,self__PV-023,self__FR-001,self__HF-004,self__PV-002,self__OB-002,self__OB-001,self__FR-010",2019-09-26,2019-12-25,2019-12-26,2020-01-23,self__PV-009,58.0,336.61827087402344
__joint_lightgbm__,final_joint,"self__FR-013,self__INT-002,self__OB-004,self__PV-009,self__OB-003,self__FR-012,self__PV-017,self__PV-019,self__HF-001,self__PV-010,self__FR-002,self__PV-016,self__FR-005,self__PV-004,self__PV-015,self__FR-004,self__PV-011,self__PV-021,self__INT-003,self__OB-005,self__PV-023,self__FR-001,self__HF-004,self__PV-002,self__OB-002,self__OB-001,self__FR-010",2019-09-26,2019-12-25,2019-12-26,2020-01-23,self__OB-003,12.0,56.98704981803894
__joint_lightgbm__,final_joint,"self__FR-013,self__INT-002,self__OB-004,self__PV-009,self__OB-003,self__FR-012,self__PV-017,self__PV-019,self__HF-001,self__PV-010,self__FR-002,self__PV-016,self__FR-005,self__PV-004,self__PV-015,self__FR-004,self__PV-011,self__PV-021,self__INT-003,self__OB-005,self__PV-023,self__FR-001,self__HF-004,self__PV-002,self__OB-002,self__OB-001,self__FR-010",2019-09-26,2019-12-25,2019-12-26,2020-01-23,self__FR-012,0.0,0.0
__joint_lightgbm__,final_joint,"self__FR-013,self__INT-002,self__OB-004,self__PV-009,self__OB-003,self__FR-012,self__PV-017,self__PV-019,self__HF-001,self__PV-010,self__FR-002,self__PV-016,self__FR-005,self__PV-004,self__PV-015,self__FR-004,self__PV-011,self__PV-021,self__INT-003,self__OB-005,self__PV-023,self__FR-001,self__HF-004,self__PV-002,self__OB-002,self__OB-001,self__FR-010",2019-09-26,2019-12-25,2019-12-26,2020-01-23,self__PV-017,0.0,0.0
__joint_lightgbm__,final_joint,"self__FR-013,self__INT-002,self__OB-004,self__PV-009,self__OB-003,self__FR-012,self__PV-017,self__PV-019,self__HF-001,self__PV-010,self__FR-002,self__PV-016,self__FR-005,self__PV-004,self__PV-015,self__FR-004,self__PV-011,self__PV-021,self__INT-003,self__OB-005,self__PV-023,self__FR-001,self__HF-004,self__PV-002,self__OB-002,self__OB-001,self__FR-010",2019-09-26,2019-12-25,2019-12-26,2020-01-23,self__PV-019,0.0,0.0
__joint_lightgbm__,final_joint,"self__FR-013,self__INT-002,self__OB-004,self__PV-009,self__OB-003,self__FR-012,self__PV-017,self__PV-019,self__HF-001,self__PV-010,self__FR-002,self__PV-016,self__FR-005,self__PV-004,self__PV-015,self__FR-004,self__PV-011,self__PV-021,self__INT-003,self__OB-005,self__PV-023,self__FR-001,self__HF-004,self__PV-002,self__OB-002,self__OB-001,self__FR-010",2019-09-26,2019-12-25,2019-12-26,2020-01-23,self__HF-001,11.0,49.85782980918884
__joint_lightgbm__,final_joint,"self__FR-013,self__INT-002,self__OB-004,self__PV-009,self__OB-003,self__FR-012,self__PV-017,self__PV-019,self__HF-001,self__PV-010,self__FR-002,self__PV-016,self__FR-005,self__PV-004,self__PV-015,self__FR-004,self__PV-011,self__PV-021,self__INT-003,self__OB-005,self__PV-023,self__FR-001,self__HF-004,self__PV-002,self__OB-002,self__OB-001,self__FR-010",2019-09-26,2019-12-25,2019-12-26,2020-01-23,self__PV-010,43.0,223.04456865787506
__joint_lightgbm__,final_joint,"self__FR-013,self__INT-002,self__OB-004,self__PV-009,self__OB-003,self__FR-012,self__PV-017,self__PV-019,self__HF-001,self__PV-010,self__FR-002,self__PV-016,self__FR-005,self__PV-004,self__PV-015,self__FR-004,self__PV-011,self__PV-021,self__INT-003,self__OB-005,self__PV-023,self__FR-001,self__HF-004,self__PV-002,self__OB-002,self__OB-001,self__FR-010",2019-09-26,2019-12-25,2019-12-26,2020-01-23,self__FR-002,64.0,373.5839812755585
__joint_lightgbm__,final_joint,"self__FR-013,self__INT-002,self__OB-004,self__PV-009,self__OB-003,self__FR-012,self__PV-017,self__PV-019,self__HF-001,self__PV-010,self__FR-002,self__PV-016,self__FR-005,self__PV-004,self__PV-015,self__FR-004,self__PV-011,self__PV-021,self__INT-003,self__OB-005,self__PV-023,self__FR-001,self__HF-004,self__PV-002,self__OB-002,self__OB-001,self__FR-010",2019-09-26,2019-12-25,2019-12-26,2020-01-23,self__PV-016,0.0,0.0
__joint_lightgbm__,final_joint,"self__FR-013,self__INT-002,self__OB-004,self__PV-009,self__OB-003,self__FR-012,self__PV-017,self__PV-019,self__HF-001,self__PV-010,self__FR-002,self__PV-016,self__FR-005,self__PV-004,self__PV-015,self__FR-004,self__PV-011,self__PV-021,self__INT-003,self__OB-005,self__PV-023,self__FR-001,self__HF-004,self__PV-002,self__OB-002,self__OB-001,self__FR-010",2019-09-26,2019-12-25,2019-12-26,2020-01-23,self__FR-005,9.0,47.53116035461426
__joint_lightgbm__,final_joint,"self__FR-013,self__INT-002,self__OB-004,self__PV-009,self__OB-003,self__FR-012,self__PV-017,self__PV-019,self__HF-001,self__PV-010,self__FR-002,self__PV-016,self__FR-005,self__PV-004,self__PV-015,self__FR-004,self__PV-011,self__PV-021,self__INT-003,self__OB-005,self__PV-023,self__FR-001,self__HF-004,self__PV-002,self__OB-002,self__OB-001,self__FR-010",2019-09-26,2019-12-25,2019-12-26,2020-01-23,self__PV-004,17.0,69.87444925308228
__joint_lightgbm__,final_joint,"self__FR-013,self__INT-002,self__OB-004,self__PV-009,self__OB-003,self__FR-012,self__PV-017,self__PV-019,self__HF-001,self__PV-010,self__FR-002,self__PV-016,self__FR-005,self__PV-004,self__PV-015,self__FR-004,self__PV-011,self__PV-021,self__INT-003,self__OB-005,self__PV-023,self__FR-001,self__HF-004,self__PV-002,self__OB-002,self__OB-001,self__FR-010",2019-09-26,2019-12-25,2019-12-26,2020-01-23,self__PV-015,0.0,0.0
__joint_lightgbm__,final_joint,"self__FR-013,self__INT-002,self__OB-004,self__PV-009,self__OB-003,self__FR-012,self__PV-017,self__PV-019,self__HF-001,self__PV-010,self__FR-002,self__PV-016,self__FR-005,self__PV-004,self__PV-015,self__FR-004,self__PV-011,self__PV-021,self__INT-003,self__OB-005,self__PV-023,self__FR-001,self__HF-004,self__PV-002,self__OB-002,self__OB-001,self__FR-010",2019-09-26,2019-12-25,2019-12-26,2020-01-23,self__FR-004,10.0,46.460370779037476
__joint_lightgbm__,final_joint,"self__FR-013,self__INT-002,self__OB-004,self__PV-009,self__OB-003,self__FR-012,self__PV-017,self__PV-019,self__HF-001,self__PV-010,self__FR-002,self__PV-016,self__FR-005,self__PV-004,self__PV-015,self__FR-004,self__PV-011,self__PV-021,self__INT-003,self__OB-005,self__PV-023,self__FR-001,self__HF-004,self__PV-002,self__OB-002,self__OB-001,self__FR-010",2019-09-26,2019-12-25,2019-12-26,2020-01-23,self__PV-011,0.0,0.0
__joint_lightgbm__,final_joint,"self__FR-013,self__INT-002,self__OB-004,self__PV-009,self__OB-003,self__FR-012,self__PV-017,self__PV-019,self__HF-001,self__PV-010,self__FR-002,self__PV-016,self__FR-005,self__PV-004,self__PV-015,self__FR-004,self__PV-011,self__PV-021,self__INT-003,self__OB-005,self__PV-023,self__FR-001,self__HF-004,self__PV-002,self__OB-002,self__OB-001,self__FR-010",2019-09-26,2019-12-25,2019-12-26,2020-01-23,self__PV-021,66.0,374.6023898124695
__joint_lightgbm__,final_joint,"self__FR-013,self__INT-002,self__OB-004,self__PV-009,self__OB-003,self__FR-012,self__PV-017,self__PV-019,self__HF-001,self__PV-010,self__FR-002,self__PV-016,self__FR-005,self__PV-004,self__PV-015,self__FR-004,self__PV-011,self__PV-021,self__INT-003,self__OB-005,self__PV-023,self__FR-001,self__HF-004,self__PV-002,self__OB-002,self__OB-001,self__FR-010",2019-09-26,2019-12-25,2019-12-26,2020-01-23,self__INT-003,0.0,0.0
__joint_lightgbm__,final_joint,"self__FR-013,self__INT-002,self__OB-004,self__PV-009,self__OB-003,self__FR-012,self__PV-017,self__PV-019,self__HF-001,self__PV-010,self__FR-002,self__PV-016,self__FR-005,self__PV-004,self__PV-015,self__FR-004,self__PV-011,self__PV-021,self__INT-003,self__OB-005,self__PV-023,self__FR-001,self__HF-004,self__PV-002,self__OB-002,self__OB-001,self__FR-010",2019-09-26,2019-12-25,2019-12-26,2020-01-23,self__OB-005,56.0,321.291827917099
__joint_lightgbm__,final_joint,"self__FR-013,self__INT-002,self__OB-004,self__PV-009,self__OB-003,self__FR-012,self__PV-017,self__PV-019,self__HF-001,self__PV-010,self__FR-002,self__PV-016,self__FR-005,self__PV-004,self__PV-015,self__FR-004,self__PV-011,self__PV-021,self__INT-003,self__OB-005,self__PV-023,self__FR-001,self__HF-004,self__PV-002,self__OB-002,self__OB-001,self__FR-010",2019-09-26,2019-12-25,2019-12-26,2020-01-23,self__PV-023,11.0,55.99225974082947
__joint_lightgbm__,final_joint,"self__FR-013,self__INT-002,self__OB-004,self__PV-009,self__OB-003,self__FR-012,self__PV-017,self__PV-019,self__HF-001,self__PV-010,self__FR-002,self__PV-016,self__FR-005,self__PV-004,self__PV-015,self__FR-004,self__PV-011,self__PV-021,self__INT-003,self__OB-005,self__PV-023,self__FR-001,self__HF-004,self__PV-002,self__OB-002,self__OB-001,self__FR-010",2019-09-26,2019-12-25,2019-12-26,2020-01-23,self__FR-001,2.0,8.972340106964111
__joint_lightgbm__,final_joint,"self__FR-013,self__INT-002,self__OB-004,self__PV-009,self__OB-003,self__FR-012,self__PV-017,self__PV-019,self__HF-001,self__PV-010,self__FR-002,self__PV-016,self__FR-005,self__PV-004,self__PV-015,self__FR-004,self__PV-011,self__PV-021,self__INT-003,self__OB-005,self__PV-023,self__FR-001,self__HF-004,self__PV-002,self__OB-002,self__OB-001,self__FR-010",2019-09-26,2019-12-25,2019-12-26,2020-01-23,self__HF-004,32.0,196.309241771698
__joint_lightgbm__,final_joint,"self__FR-013,self__INT-002,self__OB-004,self__PV-009,self__OB-003,self__FR-012,self__PV-017,self__PV-019,self__HF-001,self__PV-010,self__FR-002,self__PV-016,self__FR-005,self__PV-004,self__PV-015,self__FR-004,self__PV-011,self__PV-021,self__INT-003,self__OB-005,self__PV-023,self__FR-001,self__HF-004,self__PV-002,self__OB-002,self__OB-001,self__FR-010",2019-09-26,2019-12-25,2019-12-26,2020-01-23,self__PV-002,92.0,724.4833102226257
__joint_lightgbm__,final_joint,"self__FR-013,self__INT-002,self__OB-004,self__PV-009,self__OB-003,self__FR-012,self__PV-017,self__PV-019,self__HF-001,self__PV-010,self__FR-002,self__PV-016,self__FR-005,self__PV-004,self__PV-015,self__FR-004,self__PV-011,self__PV-021,self__INT-003,self__OB-005,self__PV-023,self__FR-001,self__HF-004,self__PV-002,self__OB-002,self__OB-001,self__FR-010",2019-09-26,2019-12-25,2019-12-26,2020-01-23,self__OB-002,14.0,71.1231598854065
__joint_lightgbm__,final_joint,"self__FR-013,self__INT-002,self__OB-004,self__PV-009,self__OB-003,self__FR-012,self__PV-017,self__PV-019,self__HF-001,self__PV-010,self__FR-002,self__PV-016,self__FR-005,self__PV-004,self__PV-015,self__FR-004,self__PV-011,self__PV-021,self__INT-003,self__OB-005,self__PV-023,self__FR-001,self__HF-004,self__PV-002,self__OB-002,self__OB-001,self__FR-010",2019-09-26,2019-12-25,2019-12-26,2020-01-23,self__OB-001,13.0,69.06607961654663
__joint_lightgbm__,final_joint,"self__FR-013,self__INT-002,self__OB-004,self__PV-009,self__OB-003,self__FR-012,self__PV-017,self__PV-019,self__HF-001,self__PV-010,self__FR-002,self__PV-016,self__FR-005,self__PV-004,self__PV-015,self__FR-004,self__PV-011,self__PV-021,self__INT-003,self__OB-005,self__PV-023,self__FR-001,self__HF-004,self__PV-002,self__OB-002,self__OB-001,self__FR-010",2019-09-26,2019-12-25,2019-12-26,2020-01-23,self__FR-010,11.0,43.88714051246643
__joint_lightgbm__,final_joint,"self__FR-013,self__INT-002,self__OB-004,self__PV-009,self__OB-003,self__FR-012,self__PV-017,self__PV-019,self__HF-001,self__PV-010,self__FR-002,self__PV-016,self__FR-005,self__PV-004,self__PV-015,self__FR-004,self__PV-011,self__PV-021,self__INT-003,self__OB-005,self__PV-023,self__FR-001,self__HF-004,self__PV-002,self__OB-002,self__OB-001,self__FR-010",2019-10-31,2020-01-23,2020-02-03,2020-02-28,factorlib__amount,40.0,200.98110938072205
__joint_lightgbm__,final_joint,"self__FR-013,self__INT-002,self__OB-004,self__PV-009,self__OB-003,self__FR-012,self__PV-017,self__PV-019,self__HF-001,self__PV-010,self__FR-002,self__PV-016,self__FR-005,self__PV-004,self__PV-015,self__FR-004,self__PV-011,self__PV-021,self__INT-003,self__OB-005,self__PV-023,self__FR-001,self__HF-004,self__PV-002,self__OB-002,self__OB-001,self__FR-010",2019-10-31,2020-01-23,2020-02-03,2020-02-28,factorlib__atr_14,50.0,326.5118489265442
__joint_lightgbm__,final_joint,"self__FR-013,self__INT-002,self__OB-004,self__PV-009,self__OB-003,self__FR-012,self__PV-017,self__PV-019,self__HF-001,self__PV-010,self__FR-002,self__PV-016,self__FR-005,self__PV-004,self__PV-015,self__FR-004,self__PV-011,self__PV-021,self__INT-003,self__OB-005,self__PV-023,self__FR-001,self__HF-004,self__PV-002,self__OB-002,self__OB-001,self__FR-010",2019-10-31,2020-01-23,2020-02-03,2020-02-28,factorlib__bias_20,71.0,659.4600675106049
__joint_lightgbm__,final_joint,"self__FR-013,self__INT-002,self__OB-004,self__PV-009,self__OB-003,self__FR-012,self__PV-017,self__PV-019,self__HF-001,self__PV-010,self__FR-002,self__PV-016,self__FR-005,self__PV-004,self__PV-015,self__FR-004,self__PV-011,self__PV-021,self__INT-003,self__OB-005,self__PV-023,self__FR-001,self__HF-004,self__PV-002,self__OB-002,self__OB-001,self__FR-010",2019-10-31,2020-01-23,2020-02-03,2020-02-28,factorlib__cci_14,17.0,94.44995069503784
__joint_lightgbm__,final_joint,"self__FR-013,self__INT-002,self__OB-004,self__PV-009,self__OB-003,self__FR-012,self__PV-017,self__PV-019,self__HF-001,self__PV-010,self__FR-002,self__PV-016,self__FR-005,self__PV-004,self__PV-015,self__FR-004,self__PV-011,self__PV-021,self__INT-003,self__OB-005,self__PV-023,self__FR-001,self__HF-004,self__PV-002,self__OB-002,self__OB-001,self__FR-010",2019-10-31,2020-01-23,2020-02-03,2020-02-28,factorlib__float_market_cap,11.0,75.08758091926575
__joint_lightgbm__,final_joint,"self__FR-013,self__INT-002,self__OB-004,self__PV-009,self__OB-003,self__FR-012,self__PV-017,self__PV-019,self__HF-001,self__PV-010,self__FR-002,self__PV-016,self__FR-005,self__PV-004,self__PV-015,self__FR-004,self__PV-011,self__PV-021,self__INT-003,self__OB-005,self__PV-023,self__FR-001,self__HF-004,self__PV-002,self__OB-002,self__OB-001,self__FR-010",2019-10-31,2020-01-23,2020-02-03,2020-02-28,factorlib__kdj_d_9_3_3,10.0,47.0907199382782
__joint_lightgbm__,final_joint,"self__FR-013,self__INT-002,self__OB-004,self__PV-009,self__OB-003,self__FR-012,self__PV-017,self__PV-019,self__HF-001,self__PV-010,self__FR-002,self__PV-016,self__FR-005,self__PV-004,self__PV-015,self__FR-004,self__PV-011,self__PV-021,self__INT-003,self__OB-005,self__PV-023,self__FR-001,self__HF-004,self__PV-002,self__OB-002,self__OB-001,self__FR-010",2019-10-31,2020-01-23,2020-02-03,2020-02-28,factorlib__macd_diff_12_26_9,20.0,129.2066991329193
__joint_lightgbm__,final_joint,"self__FR-013,self__INT-002,self__OB-004,self__PV-009,self__OB-003,self__FR-012,self__PV-017,self__PV-019,self__HF-001,self__PV-010,self__FR-002,self__PV-016,self__FR-005,self__PV-004,self__PV-015,self__FR-004,self__PV-011,self__PV-021,self__INT-003,self__OB-005,self__PV-023,self__FR-001,self__HF-004,self__PV-002,self__OB-002,self__OB-001,self__FR-010",2019-10-31,2020-01-23,2020-02-03,2020-02-28,factorlib__macd_hist_12_26_9,8.0,39.65714979171753
__joint_lightgbm__,final_joint,"self__FR-013,self__INT-002,self__OB-004,self__PV-009,self__OB-003,self__FR-012,self__PV-017,self__PV-019,self__HF-001,self__PV-010,self__FR-002,self__PV-016,self__FR-005,self__PV-004,self__PV-015,self__FR-004,self__PV-011,self__PV-021,self__INT-003,self__OB-005,self__PV-023,self__FR-001,self__HF-004,self__PV-002,self__OB-002,self__OB-001,self__FR-010",2019-10-31,2020-01-23,2020-02-03,2020-02-28,factorlib__momentum_5,29.0,174.39713883399963
__joint_lightgbm__,final_joint,"self__FR-013,self__INT-002,self__OB-004,self__PV-009,self__OB-003,self__FR-012,self__PV-017,self__PV-019,self__HF-001,self__PV-010,self__FR-002,self__PV-016,self__FR-005,self__PV-004,self__PV-015,self__FR-004,self__PV-011,self__PV-021,self__INT-003,self__OB-005,self__PV-023,self__FR-001,self__HF-004,self__PV-002,self__OB-002,self__OB-001,self__FR-010",2019-10-31,2020-01-23,2020-02-03,2020-02-28,factorlib__net_profit_rate_ttm,41.0,333.35725927352905
__joint_lightgbm__,final_joint,"self__FR-013,self__INT-002,self__OB-004,self__PV-009,self__OB-003,self__FR-012,self__PV-017,self__PV-019,self__HF-001,self__PV-010,self__FR-002,self__PV-016,self__FR-005,self__PV-004,self__PV-015,self__FR-004,self__PV-011,self__PV-021,self__INT-003,self__OB-005,self__PV-023,self__FR-001,self__HF-004,self__PV-002,self__OB-002,self__OB-001,self__FR-010",2019-10-31,2020-01-23,2020-02-03,2020-02-28,factorlib__netflow_amount_rate_main,99.0,636.0137994289398
__joint_lightgbm__,final_joint,"self__FR-013,self__INT-002,self__OB-004,self__PV-009,self__OB-003,self__FR-012,self__PV-017,self__PV-019,self__HF-001,self__PV-010,self__FR-002,self__PV-016,self__FR-005,self__PV-004,self__PV-015,self__FR-004,self__PV-011,self__PV-021,self__INT-003,self__OB-005,self__PV-023,self__FR-001,self__HF-004,self__PV-002,self__OB-002,self__OB-001,self__FR-010",2019-10-31,2020-01-23,2020-02-03,2020-02-28,factorlib__total_market_cap,16.0,173.41276049613953
__joint_lightgbm__,final_joint,"self__FR-013,self__INT-002,self__OB-004,self__PV-009,self__OB-003,self__FR-012,self__PV-017,self__PV-019,self__HF-001,self__PV-010,self__FR-002,self__PV-016,self__FR-005,self__PV-004,self__PV-015,self__FR-004,self__PV-011,self__PV-021,self__INT-003,self__OB-005,self__PV-023,self__FR-001,self__HF-004,self__PV-002,self__OB-002,self__OB-001,self__FR-010",2019-10-31,2020-01-23,2020-02-03,2020-02-28,factorlib__turn,74.0,611.0955092906952
__joint_lightgbm__,final_joint,"self__FR-013,self__INT-002,self__OB-004,self__PV-009,self__OB-003,self__FR-012,self__PV-017,self__PV-019,self__HF-001,self__PV-010,self__FR-002,self__PV-016,self__FR-005,self__PV-004,self__PV-015,self__FR-004,self__PV-011,self__PV-021,self__INT-003,self__OB-005,self__PV-023,self__FR-001,self__HF-004,self__PV-002,self__OB-002,self__OB-001,self__FR-010",2019-10-31,2020-01-23,2020-02-03,2020-02-28,factorlib__volatility_5,50.0,329.93144130706787
__joint_lightgbm__,final_joint,"self__FR-013,self__INT-002,self__OB-004,self__PV-009,self__OB-003,self__FR-012,self__PV-017,self__PV-019,self__HF-001,self__PV-010,self__FR-002,self__PV-016,self__FR-005,self__PV-004,self__PV-015,self__FR-004,self__PV-011,self__PV-021,self__INT-003,self__OB-005,self__PV-023,self__FR-001,self__HF-004,self__PV-002,self__OB-002,self__OB-001,self__FR-010",2019-10-31,2020-01-23,2020-02-03,2020-02-28,factorlib__volume,53.0,806.0128829479218
__joint_lightgbm__,final_joint,"self__FR-013,self__INT-002,self__OB-004,self__PV-009,self__OB-003,self__FR-012,self__PV-017,self__PV-019,self__HF-001,self__PV-010,self__FR-002,self__PV-016,self__FR-005,self__PV-004,self__PV-015,self__FR-004,self__PV-011,self__PV-021,self__INT-003,self__OB-005,self__PV-023,self__FR-001,self__HF-004,self__PV-002,self__OB-002,self__OB-001,self__FR-010",2019-10-31,2020-01-23,2020-02-03,2020-02-28,self__FR-013,0.0,0.0
__joint_lightgbm__,final_joint,"self__FR-013,self__INT-002,self__OB-004,self__PV-009,self__OB-003,self__FR-012,self__PV-017,self__PV-019,self__HF-001,self__PV-010,self__FR-002,self__PV-016,self__FR-005,self__PV-004,self__PV-015,self__FR-004,self__PV-011,self__PV-021,self__INT-003,self__OB-005,self__PV-023,self__FR-001,self__HF-004,self__PV-002,self__OB-002,self__OB-001,self__FR-010",2019-10-31,2020-01-23,2020-02-03,2020-02-28,self__INT-002,28.0,155.95826888084412
__joint_lightgbm__,final_joint,"self__FR-013,self__INT-002,self__OB-004,self__PV-009,self__OB-003,self__FR-012,self__PV-017,self__PV-019,self__HF-001,self__PV-010,self__FR-002,self__PV-016,self__FR-005,self__PV-004,self__PV-015,self__FR-004,self__PV-011,self__PV-021,self__INT-003,self__OB-005,self__PV-023,self__FR-001,self__HF-004,self__PV-002,self__OB-002,self__OB-001,self__FR-010",2019-10-31,2020-01-23,2020-02-03,2020-02-28,self__OB-004,19.0,85.2021598815918
__joint_lightgbm__,final_joint,"self__FR-013,self__INT-002,self__OB-004,self__PV-009,self__OB-003,self__FR-012,self__PV-017,self__PV-019,self__HF-001,self__PV-010,self__FR-002,self__PV-016,self__FR-005,self__PV-004,self__PV-015,self__FR-004,self__PV-011,self__PV-021,self__INT-003,self__OB-005,self__PV-023,self__FR-001,self__HF-004,self__PV-002,self__OB-002,self__OB-001,self__FR-010",2019-10-31,2020-01-23,2020-02-03,2020-02-28,self__PV-009,61.0,381.93210005760193
__joint_lightgbm__,final_joint,"self__FR-013,self__INT-002,self__OB-004,self__PV-009,self__OB-003,self__FR-012,self__PV-017,self__PV-019,self__HF-001,self__PV-010,self__FR-002,self__PV-016,self__FR-005,self__PV-004,self__PV-015,self__FR-004,self__PV-011,self__PV-021,self__INT-003,self__OB-005,self__PV-023,self__FR-001,self__HF-004,self__PV-002,self__OB-002,self__OB-001,self__FR-010",2019-10-31,2020-01-23,2020-02-03,2020-02-28,self__OB-003,7.0,25.3788104057312
__joint_lightgbm__,final_joint,"self__FR-013,self__INT-002,self__OB-004,self__PV-009,self__OB-003,self__FR-012,self__PV-017,self__PV-019,self__HF-001,self__PV-010,self__FR-002,self__PV-016,self__FR-005,self__PV-004,self__PV-015,self__FR-004,self__PV-011,self__PV-021,self__INT-003,self__OB-005,self__PV-023,self__FR-001,self__HF-004,self__PV-002,self__OB-002,self__OB-001,self__FR-010",2019-10-31,2020-01-23,2020-02-03,2020-02-28,self__FR-012,0.0,0.0
__joint_lightgbm__,final_joint,"self__FR-013,self__INT-002,self__OB-004,self__PV-009,self__OB-003,self__FR-012,self__PV-017,self__PV-019,self__HF-001,self__PV-010,self__FR-002,self__PV-016,self__FR-005,self__PV-004,self__PV-015,self__FR-004,self__PV-011,self__PV-021,self__INT-003,self__OB-005,self__PV-023,self__FR-001,self__HF-004,self__PV-002,self__OB-002,self__OB-001,self__FR-010",2019-10-31,2020-01-23,2020-02-03,2020-02-28,self__PV-017,0.0,0.0
__joint_lightgbm__,final_joint,"self__FR-013,self__INT-002,self__OB-004,self__PV-009,self__OB-003,self__FR-012,self__PV-017,self__PV-019,self__HF-001,self__PV-010,self__FR-002,self__PV-016,self__FR-005,self__PV-004,self__PV-015,self__FR-004,self__PV-011,self__PV-021,self__INT-003,self__OB-005,self__PV-023,self__FR-001,self__HF-004,self__PV-002,self__OB-002,self__OB-001,self__FR-010",2019-10-31,2020-01-23,2020-02-03,2020-02-28,self__PV-019,0.0,0.0
__joint_lightgbm__,final_joint,"self__FR-013,self__INT-002,self__OB-004,self__PV-009,self__OB-003,self__FR-012,self__PV-017,self__PV-019,self__HF-001,self__PV-010,self__FR-002,self__PV-016,self__FR-005,self__PV-004,self__PV-015,self__FR-004,self__PV-011,self__PV-021,self__INT-003,self__OB-005,self__PV-023,self__FR-001,self__HF-004,self__PV-002,self__OB-002,self__OB-001,self__FR-010",2019-10-31,2020-01-23,2020-02-03,2020-02-28,self__HF-001,19.0,106.90101981163025
__joint_lightgbm__,final_joint,"self__FR-013,self__INT-002,self__OB-004,self__PV-009,self__OB-003,self__FR-012,self__PV-017,self__PV-019,self__HF-001,self__PV-010,self__FR-002,self__PV-016,self__FR-005,self__PV-004,self__PV-015,self__FR-004,self__PV-011,self__PV-021,self__INT-003,self__OB-005,self__PV-023,self__FR-001,self__HF-004,self__PV-002,self__OB-002,self__OB-001,self__FR-010",2019-10-31,2020-01-23,2020-02-03,2020-02-28,self__PV-010,53.0,301.0934510231018
__joint_lightgbm__,final_joint,"self__FR-013,self__INT-002,self__OB-004,self__PV-009,self__OB-003,self__FR-012,self__PV-017,self__PV-019,self__HF-001,self__PV-010,self__FR-002,self__PV-016,self__FR-005,self__PV-004,self__PV-015,self__FR-004,self__PV-011,self__PV-021,self__INT-003,self__OB-005,self__PV-023,self__FR-001,self__HF-004,self__PV-002,self__OB-002,self__OB-001,self__FR-010",2019-10-31,2020-01-23,2020-02-03,2020-02-28,self__FR-002,27.0,116.79927086830139
__joint_lightgbm__,final_joint,"self__FR-013,self__INT-002,self__OB-004,self__PV-009,self__OB-003,self__FR-012,self__PV-017,self__PV-019,self__HF-001,self__PV-010,self__FR-002,self__PV-016,self__FR-005,self__PV-004,self__PV-015,self__FR-004,self__PV-011,self__PV-021,self__INT-003,self__OB-005,self__PV-023,self__FR-001,self__HF-004,self__PV-002,self__OB-002,self__OB-001,self__FR-010",2019-10-31,2020-01-23,2020-02-03,2020-02-28,self__PV-016,0.0,0.0
__joint_lightgbm__,final_joint,"self__FR-013,self__INT-002,self__OB-004,self__PV-009,self__OB-003,self__FR-012,self__PV-017,self__PV-019,self__HF-001,self__PV-010,self__FR-002,self__PV-016,self__FR-005,self__PV-004,self__PV-015,self__FR-004,self__PV-011,self__PV-021,self__INT-003,self__OB-005,self__PV-023,self__FR-001,self__HF-004,self__PV-002,self__OB-002,self__OB-001,self__FR-010",2019-10-31,2020-01-23,2020-02-03,2020-02-28,self__FR-005,18.0,79.78738975524902
__joint_lightgbm__,final_joint,"self__FR-013,self__INT-002,self__OB-004,self__PV-009,self__OB-003,self__FR-012,self__PV-017,self__PV-019,self__HF-001,self__PV-010,self__FR-002,self__PV-016,self__FR-005,self__PV-004,self__PV-015,self__FR-004,self__PV-011,self__PV-021,self__INT-003,self__OB-005,self__PV-023,self__FR-001,self__HF-004,self__PV-002,self__OB-002,self__OB-001,self__FR-010",2019-10-31,2020-01-23,2020-02-03,2020-02-28,self__PV-004,18.0,93.25386953353882
__joint_lightgbm__,final_joint,"self__FR-013,self__INT-002,self__OB-004,self__PV-009,self__OB-003,self__FR-012,self__PV-017,self__PV-019,self__HF-001,self__PV-010,self__FR-002,self__PV-016,self__FR-005,self__PV-004,self__PV-015,self__FR-004,self__PV-011,self__PV-021,self__INT-003,self__OB-005,self__PV-023,self__FR-001,self__HF-004,self__PV-002,self__OB-002,self__OB-001,self__FR-010",2019-10-31,2020-01-23,2020-02-03,2020-02-28,self__PV-015,0.0,0.0
__joint_lightgbm__,final_joint,"self__FR-013,self__INT-002,self__OB-004,self__PV-009,self__OB-003,self__FR-012,self__PV-017,self__PV-019,self__HF-001,self__PV-010,self__FR-002,self__PV-016,self__FR-005,self__PV-004,self__PV-015,self__FR-004,self__PV-011,self__PV-021,self__INT-003,self__OB-005,self__PV-023,self__FR-001,self__HF-004,self__PV-002,self__OB-002,self__OB-001,self__FR-010",2019-10-31,2020-01-23,2020-02-03,2020-02-28,self__FR-004,24.0,176.21832942962646
__joint_lightgbm__,final_joint,"self__FR-013,self__INT-002,self__OB-004,self__PV-009,self__OB-003,self__FR-012,self__PV-017,self__PV-019,self__HF-001,self__PV-010,self__FR-002,self__PV-016,self__FR-005,self__PV-004,self__PV-015,self__FR-004,self__PV-011,self__PV-021,self__INT-003,self__OB-005,self__PV-023,self__FR-001,self__HF-004,self__PV-002,self__OB-002,self__OB-001,self__FR-010",2019-10-31,2020-01-23,2020-02-03,2020-02-28,self__PV-011,76.0,609.712771654129
__joint_lightgbm__,final_joint,"self__FR-013,self__INT-002,self__OB-004,self__PV-009,self__OB-003,self__FR-012,self__PV-017,self__PV-019,self__HF-001,self__PV-010,self__FR-002,self__PV-016,self__FR-005,self__PV-004,self__PV-015,self__FR-004,self__PV-011,self__PV-021,self__INT-003,self__OB-005,self__PV-023,self__FR-001,self__HF-004,self__PV-002,self__OB-002,self__OB-001,self__FR-010",2019-10-31,2020-01-23,2020-02-03,2020-02-28,self__PV-021,45.0,287.1138503551483
__joint_lightgbm__,final_joint,"self__FR-013,self__INT-002,self__OB-004,self__PV-009,self__OB-003,self__FR-012,self__PV-017,self__PV-019,self__HF-001,self__PV-010,self__FR-002,self__PV-016,self__FR-005,self__PV-004,self__PV-015,self__FR-004,self__PV-011,self__PV-021,self__INT-003,self__OB-005,self__PV-023,self__FR-001,self__HF-004,self__PV-002,self__OB-002,self__OB-001,self__FR-010",2019-10-31,2020-01-23,2020-02-03,2020-02-28,self__INT-003,0.0,0.0
__joint_lightgbm__,final_joint,"self__FR-013,self__INT-002,self__OB-004,self__PV-009,self__OB-003,self__FR-012,self__PV-017,self__PV-019,self__HF-001,self__PV-010,self__FR-002,self__PV-016,self__FR-005,self__PV-004,self__PV-015,self__FR-004,self__PV-011,self__PV-021,self__INT-003,self__OB-005,self__PV-023,self__FR-001,self__HF-004,self__PV-002,self__OB-002,self__OB-001,self__FR-010",2019-10-31,2020-01-23,2020-02-03,2020-02-28,self__OB-005,52.0,317.8553488254547
__joint_lightgbm__,final_joint,"self__FR-013,self__INT-002,self__OB-004,self__PV-009,self__OB-003,self__FR-012,self__PV-017,self__PV-019,self__HF-001,self__PV-010,self__FR-002,self__PV-016,self__FR-005,self__PV-004,self__PV-015,self__FR-004,self__PV-011,self__PV-021,self__INT-003,self__OB-005,self__PV-023,self__FR-001,self__HF-004,self__PV-002,self__OB-002,self__OB-001,self__FR-010",2019-10-31,2020-01-23,2020-02-03,2020-02-28,self__PV-023,12.0,67.32972979545593
__joint_lightgbm__,final_joint,"self__FR-013,self__INT-002,self__OB-004,self__PV-009,self__OB-003,self__FR-012,self__PV-017,self__PV-019,self__HF-001,self__PV-010,self__FR-002,self__PV-016,self__FR-005,self__PV-004,self__PV-015,self__FR-004,self__PV-011,self__PV-021,self__INT-003,self__OB-005,self__PV-023,self__FR-001,self__HF-004,self__PV-002,self__OB-002,self__OB-001,self__FR-010",2019-10-31,2020-01-23,2020-02-03,2020-02-28,self__FR-001,7.0,26.86257004737854
__joint_lightgbm__,final_joint,"self__FR-013,self__INT-002,self__OB-004,self__PV-009,self__OB-003,self__FR-012,self__PV-017,self__PV-019,self__HF-001,self__PV-010,self__FR-002,self__PV-016,self__FR-005,self__PV-004,self__PV-015,self__FR-004,self__PV-011,self__PV-021,self__INT-003,self__OB-005,self__PV-023,self__FR-001,self__HF-004,self__PV-002,self__OB-002,self__OB-001,self__FR-010",2019-10-31,2020-01-23,2020-02-03,2020-02-28,self__HF-004,23.0,114.6288902759552
__joint_lightgbm__,final_joint,"self__FR-013,self__INT-002,self__OB-004,self__PV-009,self__OB-003,self__FR-012,self__PV-017,self__PV-019,self__HF-001,self__PV-010,self__FR-002,self__PV-016,self__FR-005,self__PV-004,self__PV-015,self__FR-004,self__PV-011,self__PV-021,self__INT-003,self__OB-005,self__PV-023,self__FR-001,self__HF-004,self__PV-002,self__OB-002,self__OB-001,self__FR-010",2019-10-31,2020-01-23,2020-02-03,2020-02-28,self__PV-002,86.0,760.5652515888214
__joint_lightgbm__,final_joint,"self__FR-013,self__INT-002,self__OB-004,self__PV-009,self__OB-003,self__FR-012,self__PV-017,self__PV-019,self__HF-001,self__PV-010,self__FR-002,self__PV-016,self__FR-005,self__PV-004,self__PV-015,self__FR-004,self__PV-011,self__PV-021,self__INT-003,self__OB-005,self__PV-023,self__FR-001,self__HF-004,self__PV-002,self__OB-002,self__OB-001,self__FR-010",2019-10-31,2020-01-23,2020-02-03,2020-02-28,self__OB-002,13.0,70.3693299293518
__joint_lightgbm__,final_joint,"self__FR-013,self__INT-002,self__OB-004,self__PV-009,self__OB-003,self__FR-012,self__PV-017,self__PV-019,self__HF-001,self__PV-010,self__FR-002,self__PV-016,self__FR-005,self__PV-004,self__PV-015,self__FR-004,self__PV-011,self__PV-021,self__INT-003,self__OB-005,self__PV-023,self__FR-001,self__HF-004,self__PV-002,self__OB-002,self__OB-001,self__FR-010",2019-10-31,2020-01-23,2020-02-03,2020-02-28,self__OB-001,16.0,76.99328017234802
__joint_lightgbm__,final_joint,"self__FR-013,self__INT-002,self__OB-004,self__PV-009,self__OB-003,self__FR-012,self__PV-017,self__PV-019,self__HF-001,self__PV-010,self__FR-002,self__PV-016,self__FR-005,self__PV-004,self__PV-015,self__FR-004,self__PV-011,self__PV-021,self__INT-003,self__OB-005,self__PV-023,self__FR-001,self__HF-004,self__PV-002,self__OB-002,self__OB-001,self__FR-010",2019-10-31,2020-01-23,2020-02-03,2020-02-28,self__FR-010,7.0,37.40180015563965
__joint_lightgbm__,final_joint,"self__FR-013,self__INT-002,self__OB-004,self__PV-009,self__OB-003,self__FR-012,self__PV-017,self__PV-019,self__HF-001,self__PV-010,self__FR-002,self__PV-016,self__FR-005,self__PV-004,self__PV-015,self__FR-004,self__PV-011,self__PV-021,self__INT-003,self__OB-005,self__PV-023,self__FR-001,self__HF-004,self__PV-002,self__OB-002,self__OB-001,self__FR-010",2019-11-28,2020-02-28,2020-03-02,2020-03-27,factorlib__amount,32.0,236.42839074134827
__joint_lightgbm__,final_joint,"self__FR-013,self__INT-002,self__OB-004,self__PV-009,self__OB-003,self__FR-012,self__PV-017,self__PV-019,self__HF-001,self__PV-010,self__FR-002,self__PV-016,self__FR-005,self__PV-004,self__PV-015,self__FR-004,self__PV-011,self__PV-021,self__INT-003,self__OB-005,self__PV-023,self__FR-001,self__HF-004,self__PV-002,self__OB-002,self__OB-001,self__FR-010",2019-11-28,2020-02-28,2020-03-02,2020-03-27,factorlib__atr_14,45.0,474.4901134967804
__joint_lightgbm__,final_joint,"self__FR-013,self__INT-002,self__OB-004,self__PV-009,self__OB-003,self__FR-012,self__PV-017,self__PV-019,self__HF-001,self__PV-010,self__FR-002,self__PV-016,self__FR-005,self__PV-004,self__PV-015,self__FR-004,self__PV-011,self__PV-021,self__INT-003,self__OB-005,self__PV-023,self__FR-001,self__HF-004,self__PV-002,self__OB-002,self__OB-001,self__FR-010",2019-11-28,2020-02-28,2020-03-02,2020-03-27,factorlib__bias_20,80.0,999.3764204978943
__joint_lightgbm__,final_joint,"self__FR-013,self__INT-002,self__OB-004,self__PV-009,self__OB-003,self__FR-012,self__PV-017,self__PV-019,self__HF-001,self__PV-010,self__FR-002,self__PV-016,self__FR-005,self__PV-004,self__PV-015,self__FR-004,self__PV-011,self__PV-021,self__INT-003,self__OB-005,self__PV-023,self__FR-001,self__HF-004,self__PV-002,self__OB-002,self__OB-001,self__FR-010",2019-11-28,2020-02-28,2020-03-02,2020-03-27,factorlib__cci_14,31.0,207.12971878051758
__joint_lightgbm__,final_joint,"self__FR-013,self__INT-002,self__OB-004,self__PV-009,self__OB-003,self__FR-012,self__PV-017,self__PV-019,self__HF-001,self__PV-010,self__FR-002,self__PV-016,self__FR-005,self__PV-004,self__PV-015,self__FR-004,self__PV-011,self__PV-021,self__INT-003,self__OB-005,self__PV-023,self__FR-001,self__HF-004,self__PV-002,self__OB-002,self__OB-001,self__FR-010",2019-11-28,2020-02-28,2020-03-02,2020-03-27,factorlib__float_market_cap,2.0,12.917799949645996
__joint_lightgbm__,final_joint,"self__FR-013,self__INT-002,self__OB-004,self__PV-009,self__OB-003,self__FR-012,self__PV-017,self__PV-019,self__HF-001,self__PV-010,self__FR-002,self__PV-016,self__FR-005,self__PV-004,self__PV-015,self__FR-004,self__PV-011,self__PV-021,self__INT-003,self__OB-005,self__PV-023,self__FR-001,self__HF-004,self__PV-002,self__OB-002,self__OB-001,self__FR-010",2019-11-28,2020-02-28,2020-03-02,2020-03-27,factorlib__kdj_d_9_3_3,11.0,70.58209991455078
__joint_lightgbm__,final_joint,"self__FR-013,self__INT-002,self__OB-004,self__PV-009,self__OB-003,self__FR-012,self__PV-017,self__PV-019,self__HF-001,self__PV-010,self__FR-002,self__PV-016,self__FR-005,self__PV-004,self__PV-015,self__FR-004,self__PV-011,self__PV-021,self__INT-003,self__OB-005,self__PV-023,self__FR-001,self__HF-004,self__PV-002,self__OB-002,self__OB-001,self__FR-010",2019-11-28,2020-02-28,2020-03-02,2020-03-27,factorlib__macd_diff_12_26_9,19.0,152.04290199279785
__joint_lightgbm__,final_joint,"self__FR-013,self__INT-002,self__OB-004,self__PV-009,self__OB-003,self__FR-012,self__PV-017,self__PV-019,self__HF-001,self__PV-010,self__FR-002,self__PV-016,self__FR-005,self__PV-004,self__PV-015,self__FR-004,self__PV-011,self__PV-021,self__INT-003,self__OB-005,self__PV-023,self__FR-001,self__HF-004,self__PV-002,self__OB-002,self__OB-001,self__FR-010",2019-11-28,2020-02-28,2020-03-02,2020-03-27,factorlib__macd_hist_12_26_9,7.0,49.30007982254028
__joint_lightgbm__,final_joint,"self__FR-013,self__INT-002,self__OB-004,self__PV-009,self__OB-003,self__FR-012,self__PV-017,self__PV-019,self__HF-001,self__PV-010,self__FR-002,self__PV-016,self__FR-005,self__PV-004,self__PV-015,self__FR-004,self__PV-011,self__PV-021,self__INT-003,self__OB-005,self__PV-023,self__FR-001,self__HF-004,self__PV-002,self__OB-002,self__OB-001,self__FR-010",2019-11-28,2020-02-28,2020-03-02,2020-03-27,factorlib__momentum_5,49.0,285.2371509075165
__joint_lightgbm__,final_joint,"self__FR-013,self__INT-002,self__OB-004,self__PV-009,self__OB-003,self__FR-012,self__PV-017,self__PV-019,self__HF-001,self__PV-010,self__FR-002,self__PV-016,self__FR-005,self__PV-004,self__PV-015,self__FR-004,self__PV-011,self__PV-021,self__INT-003,self__OB-005,self__PV-023,self__FR-001,self__HF-004,self__PV-002,self__OB-002,self__OB-001,self__FR-010",2019-11-28,2020-02-28,2020-03-02,2020-03-27,factorlib__net_profit_rate_ttm,26.0,191.2602777481079
__joint_lightgbm__,final_joint,"self__FR-013,self__INT-002,self__OB-004,self__PV-009,self__OB-003,self__FR-012,self__PV-017,self__PV-019,self__HF-001,self__PV-010,self__FR-002,self__PV-016,self__FR-005,self__PV-004,self__PV-015,self__FR-004,self__PV-011,self__PV-021,self__INT-003,self__OB-005,self__PV-023,self__FR-001,self__HF-004,self__PV-002,self__OB-002,self__OB-001,self__FR-010",2019-11-28,2020-02-28,2020-03-02,2020-03-27,factorlib__netflow_amount_rate_main,99.0,971.6050982475281
__joint_lightgbm__,final_joint,"self__FR-013,self__INT-002,self__OB-004,self__PV-009,self__OB-003,self__FR-012,self__PV-017,self__PV-019,self__HF-001,self__PV-010,self__FR-002,self__PV-016,self__FR-005,self__PV-004,self__PV-015,self__FR-004,self__PV-011,self__PV-021,self__INT-003,self__OB-005,self__PV-023,self__FR-001,self__HF-004,self__PV-002,self__OB-002,self__OB-001,self__FR-010",2019-11-28,2020-02-28,2020-03-02,2020-03-27,factorlib__total_market_cap,5.0,36.61491918563843
__joint_lightgbm__,final_joint,"self__FR-013,self__INT-002,self__OB-004,self__PV-009,self__OB-003,self__FR-012,self__PV-017,self__PV-019,self__HF-001,self__PV-010,self__FR-002,self__PV-016,self__FR-005,self__PV-004,self__PV-015,self__FR-004,self__PV-011,self__PV-021,self__INT-003,self__OB-005,self__PV-023,self__FR-001,self__HF-004,self__PV-002,self__OB-002,self__OB-001,self__FR-010",2019-11-28,2020-02-28,2020-03-02,2020-03-27,factorlib__turn,62.0,435.0055091381073
__joint_lightgbm__,final_joint,"self__FR-013,self__INT-002,self__OB-004,self__PV-009,self__OB-003,self__FR-012,self__PV-017,self__PV-019,self__HF-001,self__PV-010,self__FR-002,self__PV-016,self__FR-005,self__PV-004,self__PV-015,self__FR-004,self__PV-011,self__PV-021,self__INT-003,self__OB-005,self__PV-023,self__FR-001,self__HF-004,self__PV-002,self__OB-002,self__OB-001,self__FR-010",2019-11-28,2020-02-28,2020-03-02,2020-03-27,factorlib__volatility_5,44.0,351.84804940223694
__joint_lightgbm__,final_joint,"self__FR-013,self__INT-002,self__OB-004,self__PV-009,self__OB-003,self__FR-012,self__PV-017,self__PV-019,self__HF-001,self__PV-010,self__FR-002,self__PV-016,self__FR-005,self__PV-004,self__PV-015,self__FR-004,self__PV-011,self__PV-021,self__INT-003,self__OB-005,self__PV-023,self__FR-001,self__HF-004,self__PV-002,self__OB-002,self__OB-001,self__FR-010",2019-11-28,2020-02-28,2020-03-02,2020-03-27,factorlib__volume,25.0,187.26465964317322
__joint_lightgbm__,final_joint,"self__FR-013,self__INT-002,self__OB-004,self__PV-009,self__OB-003,self__FR-012,self__PV-017,self__PV-019,self__HF-001,self__PV-010,self__FR-002,self__PV-016,self__FR-005,self__PV-004,self__PV-015,self__FR-004,self__PV-011,self__PV-021,self__INT-003,self__OB-005,self__PV-023,self__FR-001,self__HF-004,self__PV-002,self__OB-002,self__OB-001,self__FR-010",2019-11-28,2020-02-28,2020-03-02,2020-03-27,self__FR-013,0.0,0.0
__joint_lightgbm__,final_joint,"self__FR-013,self__INT-002,self__OB-004,self__PV-009,self__OB-003,self__FR-012,self__PV-017,self__PV-019,self__HF-001,self__PV-010,self__FR-002,self__PV-016,self__FR-005,self__PV-004,self__PV-015,self__FR-004,self__PV-011,self__PV-021,self__INT-003,self__OB-005,self__PV-023,self__FR-001,self__HF-004,self__PV-002,self__OB-002,self__OB-001,self__FR-010",2019-11-28,2020-02-28,2020-03-02,2020-03-27,self__INT-002,0.0,0.0
__joint_lightgbm__,final_joint,"self__FR-013,self__INT-002,self__OB-004,self__PV-009,self__OB-003,self__FR-012,self__PV-017,self__PV-019,self__HF-001,self__PV-010,self__FR-002,self__PV-016,self__FR-005,self__PV-004,self__PV-015,self__FR-004,self__PV-011,self__PV-021,self__INT-003,self__OB-005,self__PV-023,self__FR-001,self__HF-004,self__PV-002,self__OB-002,self__OB-001,self__FR-010",2019-11-28,2020-02-28,2020-03-02,2020-03-27,self__OB-004,21.0,126.54250931739807
__joint_lightgbm__,final_joint,"self__FR-013,self__INT-002,self__OB-004,self__PV-009,self__OB-003,self__FR-012,self__PV-017,self__PV-019,self__HF-001,self__PV-010,self__FR-002,self__PV-016,self__FR-005,self__PV-004,self__PV-015,self__FR-004,self__PV-011,self__PV-021,self__INT-003,self__OB-005,self__PV-023,self__FR-001,self__HF-004,self__PV-002,self__OB-002,self__OB-001,self__FR-010",2019-11-28,2020-02-28,2020-03-02,2020-03-27,self__PV-009,67.0,583.1457619667053
__joint_lightgbm__,final_joint,"self__FR-013,self__INT-002,self__OB-004,self__PV-009,self__OB-003,self__FR-012,self__PV-017,self__PV-019,self__HF-001,self__PV-010,self__FR-002,self__PV-016,self__FR-005,self__PV-004,self__PV-015,self__FR-004,self__PV-011,self__PV-021,self__INT-003,self__OB-005,self__PV-023,self__FR-001,self__HF-004,self__PV-002,self__OB-002,self__OB-001,self__FR-010",2019-11-28,2020-02-28,2020-03-02,2020-03-27,self__OB-003,19.0,145.87648105621338
__joint_lightgbm__,final_joint,"self__FR-013,self__INT-002,self__OB-004,self__PV-009,self__OB-003,self__FR-012,self__PV-017,self__PV-019,self__HF-001,self__PV-010,self__FR-002,self__PV-016,self__FR-005,self__PV-004,self__PV-015,self__FR-004,self__PV-011,self__PV-021,self__INT-003,self__OB-005,self__PV-023,self__FR-001,self__HF-004,self__PV-002,self__OB-002,self__OB-001,self__FR-010",2019-11-28,2020-02-28,2020-03-02,2020-03-27,self__FR-012,0.0,0.0
__joint_lightgbm__,final_joint,"self__FR-013,self__INT-002,self__OB-004,self__PV-009,self__OB-003,self__FR-012,self__PV-017,self__PV-019,self__HF-001,self__PV-010,self__FR-002,self__PV-016,self__FR-005,self__PV-004,self__PV-015,self__FR-004,self__PV-011,self__PV-021,self__INT-003,self__OB-005,self__PV-023,self__FR-001,self__HF-004,self__PV-002,self__OB-002,self__OB-001,self__FR-010",2019-11-28,2020-02-28,2020-03-02,2020-03-27,self__PV-017,0.0,0.0
__joint_lightgbm__,final_joint,"self__FR-013,self__INT-002,self__OB-004,self__PV-009,self__OB-003,self__FR-012,self__PV-017,self__PV-019,self__HF-001,self__PV-010,self__FR-002,self__PV-016,self__FR-005,self__PV-004,self__PV-015,self__FR-004,self__PV-011,self__PV-021,self__INT-003,self__OB-005,self__PV-023,self__FR-001,self__HF-004,self__PV-002,self__OB-002,self__OB-001,self__FR-010",2019-11-28,2020-02-28,2020-03-02,2020-03-27,self__PV-019,0.0,0.0
__joint_lightgbm__,final_joint,"self__FR-013,self__INT-002,self__OB-004,self__PV-009,self__OB-003,self__FR-012,self__PV-017,self__PV-019,self__HF-001,self__PV-010,self__FR-002,self__PV-016,self__FR-005,self__PV-004,self__PV-015,self__FR-004,self__PV-011,self__PV-021,self__INT-003,self__OB-005,self__PV-023,self__FR-001,self__HF-004,self__PV-002,self__OB-002,self__OB-001,self__FR-010",2019-11-28,2020-02-28,2020-03-02,2020-03-27,self__HF-001,43.0,276.4354419708252
__joint_lightgbm__,final_joint,"self__FR-013,self__INT-002,self__OB-004,self__PV-009,self__OB-003,self__FR-012,self__PV-017,self__PV-019,self__HF-001,self__PV-010,self__FR-002,self__PV-016,self__FR-005,self__PV-004,self__PV-015,self__FR-004,self__PV-011,self__PV-021,self__INT-003,self__OB-005,self__PV-023,self__FR-001,self__HF-004,self__PV-002,self__OB-002,self__OB-001,self__FR-010",2019-11-28,2020-02-28,2020-03-02,2020-03-27,self__PV-010,48.0,379.8508815765381
__joint_lightgbm__,final_joint,"self__FR-013,self__INT-002,self__OB-004,self__PV-009,self__OB-003,self__FR-012,self__PV-017,self__PV-019,self__HF-001,self__PV-010,self__FR-002,self__PV-016,self__FR-005,self__PV-004,self__PV-015,self__FR-004,self__PV-011,self__PV-021,self__INT-003,self__OB-005,self__PV-023,self__FR-001,self__HF-004,self__PV-002,self__OB-002,self__OB-001,self__FR-010",2019-11-28,2020-02-28,2020-03-02,2020-03-27,self__FR-002,16.0,63.42154049873352
__joint_lightgbm__,final_joint,"self__FR-013,self__INT-002,self__OB-004,self__PV-009,self__OB-003,self__FR-012,self__PV-017,self__PV-019,self__HF-001,self__PV-010,self__FR-002,self__PV-016,self__FR-005,self__PV-004,self__PV-015,self__FR-004,self__PV-011,self__PV-021,self__INT-003,self__OB-005,self__PV-023,self__FR-001,self__HF-004,self__PV-002,self__OB-002,self__OB-001,self__FR-010",2019-11-28,2020-02-28,2020-03-02,2020-03-27,self__PV-016,0.0,0.0
__joint_lightgbm__,final_joint,"self__FR-013,self__INT-002,self__OB-004,self__PV-009,self__OB-003,self__FR-012,self__PV-017,self__PV-019,self__HF-001,self__PV-010,self__FR-002,self__PV-016,self__FR-005,self__PV-004,self__PV-015,self__FR-004,self__PV-011,self__PV-021,self__INT-003,self__OB-005,self__PV-023,self__FR-001,self__HF-004,self__PV-002,self__OB-002,self__OB-001,self__FR-010",2019-11-28,2020-02-28,2020-03-02,2020-03-27,self__FR-005,28.0,165.08546018600464
__joint_lightgbm__,final_joint,"self__FR-013,self__INT-002,self__OB-004,self__PV-009,self__OB-003,self__FR-012,self__PV-017,self__PV-019,self__HF-001,self__PV-010,self__FR-002,self__PV-016,self__FR-005,self__PV-004,self__PV-015,self__FR-004,self__PV-011,self__PV-021,self__INT-003,self__OB-005,self__PV-023,self__FR-001,self__HF-004,self__PV-002,self__OB-002,self__OB-001,self__FR-010",2019-11-28,2020-02-28,2020-03-02,2020-03-27,self__PV-004,11.0,62.863540172576904
__joint_lightgbm__,final_joint,"self__FR-013,self__INT-002,self__OB-004,self__PV-009,self__OB-003,self__FR-012,self__PV-017,self__PV-019,self__HF-001,self__PV-010,self__FR-002,self__PV-016,self__FR-005,self__PV-004,self__PV-015,self__FR-004,self__PV-011,self__PV-021,self__INT-003,self__OB-005,self__PV-023,self__FR-001,self__HF-004,self__PV-002,self__OB-002,self__OB-001,self__FR-010",2019-11-28,2020-02-28,2020-03-02,2020-03-27,self__PV-015,0.0,0.0
__joint_lightgbm__,final_joint,"self__FR-013,self__INT-002,self__OB-004,self__PV-009,self__OB-003,self__FR-012,self__PV-017,self__PV-019,self__HF-001,self__PV-010,self__FR-002,self__PV-016,self__FR-005,self__PV-004,self__PV-015,self__FR-004,self__PV-011,self__PV-021,self__INT-003,self__OB-005,self__PV-023,self__FR-001,self__HF-004,self__PV-002,self__OB-002,self__OB-001,self__FR-010",2019-11-28,2020-02-28,2020-03-02,2020-03-27,self__FR-004,27.0,205.62736082077026
__joint_lightgbm__,final_joint,"self__FR-013,self__INT-002,self__OB-004,self__PV-009,self__OB-003,self__FR-012,self__PV-017,self__PV-019,self__HF-001,self__PV-010,self__FR-002,self__PV-016,self__FR-005,self__PV-004,self__PV-015,self__FR-004,self__PV-011,self__PV-021,self__INT-003,self__OB-005,self__PV-023,self__FR-001,self__HF-004,self__PV-002,self__OB-002,self__OB-001,self__FR-010",2019-11-28,2020-02-28,2020-03-02,2020-03-27,self__PV-011,38.0,404.7589292526245
__joint_lightgbm__,final_joint,"self__FR-013,self__INT-002,self__OB-004,self__PV-009,self__OB-003,self__FR-012,self__PV-017,self__PV-019,self__HF-001,self__PV-010,self__FR-002,self__PV-016,self__FR-005,self__PV-004,self__PV-015,self__FR-004,self__PV-011,self__PV-021,self__INT-003,self__OB-005,self__PV-023,self__FR-001,self__HF-004,self__PV-002,self__OB-002,self__OB-001,self__FR-010",2019-11-28,2020-02-28,2020-03-02,2020-03-27,self__PV-021,56.0,332.08271980285645
__joint_lightgbm__,final_joint,"self__FR-013,self__INT-002,self__OB-004,self__PV-009,self__OB-003,self__FR-012,self__PV-017,self__PV-019,self__HF-001,self__PV-010,self__FR-002,self__PV-016,self__FR-005,self__PV-004,self__PV-015,self__FR-004,self__PV-011,self__PV-021,self__INT-003,self__OB-005,self__PV-023,self__FR-001,self__HF-004,self__PV-002,self__OB-002,self__OB-001,self__FR-010",2019-11-28,2020-02-28,2020-03-02,2020-03-27,self__INT-003,0.0,0.0
__joint_lightgbm__,final_joint,"self__FR-013,self__INT-002,self__OB-004,self__PV-009,self__OB-003,self__FR-012,self__PV-017,self__PV-019,self__HF-001,self__PV-010,self__FR-002,self__PV-016,self__FR-005,self__PV-004,self__PV-015,self__FR-004,self__PV-011,self__PV-021,self__INT-003,self__OB-005,self__PV-023,self__FR-001,self__HF-004,self__PV-002,self__OB-002,self__OB-001,self__FR-010",2019-11-28,2020-02-28,2020-03-02,2020-03-27,self__OB-005,89.0,875.1044573783875
__joint_lightgbm__,final_joint,"self__FR-013,self__INT-002,self__OB-004,self__PV-009,self__OB-003,self__FR-012,self__PV-017,self__PV-019,self__HF-001,self__PV-010,self__FR-002,self__PV-016,self__FR-005,self__PV-004,self__PV-015,self__FR-004,self__PV-011,self__PV-021,self__INT-003,self__OB-005,self__PV-023,self__FR-001,self__HF-004,self__PV-002,self__OB-002,self__OB-001,self__FR-010",2019-11-28,2020-02-28,2020-03-02,2020-03-27,self__PV-023,4.0,22.75624990463257
__joint_lightgbm__,final_joint,"self__FR-013,self__INT-002,self__OB-004,self__PV-009,self__OB-003,self__FR-012,self__PV-017,self__PV-019,self__HF-001,self__PV-010,self__FR-002,self__PV-016,self__FR-005,self__PV-004,self__PV-015,self__FR-004,self__PV-011,self__PV-021,self__INT-003,self__OB-005,self__PV-023,self__FR-001,self__HF-004,self__PV-002,self__OB-002,self__OB-001,self__FR-010",2019-11-28,2020-02-28,2020-03-02,2020-03-27,self__FR-001,1.0,4.456180095672607
__joint_lightgbm__,final_joint,"self__FR-013,self__INT-002,self__OB-004,self__PV-009,self__OB-003,self__FR-012,self__PV-017,self__PV-019,self__HF-001,self__PV-010,self__FR-002,self__PV-016,self__FR-005,self__PV-004,self__PV-015,self__FR-004,self__PV-011,self__PV-021,self__INT-003,self__OB-005,self__PV-023,self__FR-001,self__HF-004,self__PV-002,self__OB-002,self__OB-001,self__FR-010",2019-11-28,2020-02-28,2020-03-02,2020-03-27,self__HF-004,42.0,290.1768493652344
__joint_lightgbm__,final_joint,"self__FR-013,self__INT-002,self__OB-004,self__PV-009,self__OB-003,self__FR-012,self__PV-017,self__PV-019,self__HF-001,self__PV-010,self__FR-002,self__PV-016,self__FR-005,self__PV-004,self__PV-015,self__FR-004,self__PV-011,self__PV-021,self__INT-003,self__OB-005,self__PV-023,self__FR-001,self__HF-004,self__PV-002,self__OB-002,self__OB-001,self__FR-010",2019-11-28,2020-02-28,2020-03-02,2020-03-27,self__PV-002,112.0,948.8735196590424
__joint_lightgbm__,final_joint,"self__FR-013,self__INT-002,self__OB-004,self__PV-009,self__OB-003,self__FR-012,self__PV-017,self__PV-019,self__HF-001,self__PV-010,self__FR-002,self__PV-016,self__FR-005,self__PV-004,self__PV-015,self__FR-004,self__PV-011,self__PV-021,self__INT-003,self__OB-005,self__PV-023,self__FR-001,self__HF-004,self__PV-002,self__OB-002,self__OB-001,self__FR-010",2019-11-28,2020-02-28,2020-03-02,2020-03-27,self__OB-002,4.0,21.28665018081665
__joint_lightgbm__,final_joint,"self__FR-013,self__INT-002,self__OB-004,self__PV-009,self__OB-003,self__FR-012,self__PV-017,self__PV-019,self__HF-001,self__PV-010,self__FR-002,self__PV-016,self__FR-005,self__PV-004,self__PV-015,self__FR-004,self__PV-011,self__PV-021,self__INT-003,self__OB-005,self__PV-023,self__FR-001,self__HF-004,self__PV-002,self__OB-002,self__OB-001,self__FR-010",2019-11-28,2020-02-28,2020-03-02,2020-03-27,self__OB-001,32.0,269.5354986190796
__joint_lightgbm__,final_joint,"self__FR-013,self__INT-002,self__OB-004,self__PV-009,self__OB-003,self__FR-012,self__PV-017,self__PV-019,self__HF-001,self__PV-010,self__FR-002,self__PV-016,self__FR-005,self__PV-004,self__PV-015,self__FR-004,self__PV-011,self__PV-021,self__INT-003,self__OB-005,self__PV-023,self__FR-001,self__HF-004,self__PV-002,self__OB-002,self__OB-001,self__FR-010",2019-11-28,2020-02-28,2020-03-02,2020-03-27,self__FR-010,5.0,25.376009941101074
__joint_lightgbm__,final_joint,"self__FR-013,self__INT-002,self__OB-004,self__PV-009,self__OB-003,self__FR-012,self__PV-017,self__PV-019,self__HF-001,self__PV-010,self__FR-002,self__PV-016,self__FR-005,self__PV-004,self__PV-015,self__FR-004,self__PV-011,self__PV-021,self__INT-003,self__OB-005,self__PV-023,self__FR-001,self__HF-004,self__PV-002,self__OB-002,self__OB-001,self__FR-010",2019-12-26,2020-03-27,2020-03-30,2020-04-27,factorlib__amount,61.0,597.7823417186737
__joint_lightgbm__,final_joint,"self__FR-013,self__INT-002,self__OB-004,self__PV-009,self__OB-003,self__FR-012,self__PV-017,self__PV-019,self__HF-001,self__PV-010,self__FR-002,self__PV-016,self__FR-005,self__PV-004,self__PV-015,self__FR-004,self__PV-011,self__PV-021,self__INT-003,self__OB-005,self__PV-023,self__FR-001,self__HF-004,self__PV-002,self__OB-002,self__OB-001,self__FR-010",2019-12-26,2020-03-27,2020-03-30,2020-04-27,factorlib__atr_14,9.0,62.78194999694824
__joint_lightgbm__,final_joint,"self__FR-013,self__INT-002,self__OB-004,self__PV-009,self__OB-003,self__FR-012,self__PV-017,self__PV-019,self__HF-001,self__PV-010,self__FR-002,self__PV-016,self__FR-005,self__PV-004,self__PV-015,self__FR-004,self__PV-011,self__PV-021,self__INT-003,self__OB-005,self__PV-023,self__FR-001,self__HF-004,self__PV-002,self__OB-002,self__OB-001,self__FR-010",2019-12-26,2020-03-27,2020-03-30,2020-04-27,factorlib__bias_20,72.0,537.4737093448639
__joint_lightgbm__,final_joint,"self__FR-013,self__INT-002,self__OB-004,self__PV-009,self__OB-003,self__FR-012,self__PV-017,self__PV-019,self__HF-001,self__PV-010,self__FR-002,self__PV-016,self__FR-005,self__PV-004,self__PV-015,self__FR-004,self__PV-011,self__PV-021,self__INT-003,self__OB-005,self__PV-023,self__FR-001,self__HF-004,self__PV-002,self__OB-002,self__OB-001,self__FR-010",2019-12-26,2020-03-27,2020-03-30,2020-04-27,factorlib__cci_14,25.0,145.2565097808838
__joint_lightgbm__,final_joint,"self__FR-013,self__INT-002,self__OB-004,self__PV-009,self__OB-003,self__FR-012,self__PV-017,self__PV-019,self__HF-001,self__PV-010,self__FR-002,self__PV-016,self__FR-005,self__PV-004,self__PV-015,self__FR-004,self__PV-011,self__PV-021,self__INT-003,self__OB-005,self__PV-023,self__FR-001,self__HF-004,self__PV-002,self__OB-002,self__OB-001,self__FR-010",2019-12-26,2020-03-27,2020-03-30,2020-04-27,factorlib__float_market_cap,7.0,25.023419618606567
__joint_lightgbm__,final_joint,"self__FR-013,self__INT-002,self__OB-004,self__PV-009,self__OB-003,self__FR-012,self__PV-017,self__PV-019,self__HF-001,self__PV-010,self__FR-002,self__PV-016,self__FR-005,self__PV-004,self__PV-015,self__FR-004,self__PV-011,self__PV-021,self__INT-003,self__OB-005,self__PV-023,self__FR-001,self__HF-004,self__PV-002,self__OB-002,self__OB-001,self__FR-010",2019-12-26,2020-03-27,2020-03-30,2020-04-27,factorlib__kdj_d_9_3_3,46.0,490.9755473136902
__joint_lightgbm__,final_joint,"self__FR-013,self__INT-002,self__OB-004,self__PV-009,self__OB-003,self__FR-012,self__PV-017,self__PV-019,self__HF-001,self__PV-010,self__FR-002,self__PV-016,self__FR-005,self__PV-004,self__PV-015,self__FR-004,self__PV-011,self__PV-021,self__INT-003,self__OB-005,self__PV-023,self__FR-001,self__HF-004,self__PV-002,self__OB-002,self__OB-001,self__FR-010",2019-12-26,2020-03-27,2020-03-30,2020-04-27,factorlib__macd_diff_12_26_9,18.0,172.67750096321106
__joint_lightgbm__,final_joint,"self__FR-013,self__INT-002,self__OB-004,self__PV-009,self__OB-003,self__FR-012,self__PV-017,self__PV-019,self__HF-001,self__PV-010,self__FR-002,self__PV-016,self__FR-005,self__PV-004,self__PV-015,self__FR-004,self__PV-011,self__PV-021,self__INT-003,self__OB-005,self__PV-023,self__FR-001,self__HF-004,self__PV-002,self__OB-002,self__OB-001,self__FR-010",2019-12-26,2020-03-27,2020-03-30,2020-04-27,factorlib__macd_hist_12_26_9,12.0,76.29005002975464
__joint_lightgbm__,final_joint,"self__FR-013,self__INT-002,self__OB-004,self__PV-009,self__OB-003,self__FR-012,self__PV-017,self__PV-019,self__HF-001,self__PV-010,self__FR-002,self__PV-016,self__FR-005,self__PV-004,self__PV-015,self__FR-004,self__PV-011,self__PV-021,self__INT-003,self__OB-005,self__PV-023,self__FR-001,self__HF-004,self__PV-002,self__OB-002,self__OB-001,self__FR-010",2019-12-26,2020-03-27,2020-03-30,2020-04-27,factorlib__momentum_5,60.0,516.0778620243073
__joint_lightgbm__,final_joint,"self__FR-013,self__INT-002,self__OB-004,self__PV-009,self__OB-003,self__FR-012,self__PV-017,self__PV-019,self__HF-001,self__PV-010,self__FR-002,self__PV-016,self__FR-005,self__PV-004,self__PV-015,self__FR-004,self__PV-011,self__PV-021,self__INT-003,self__OB-005,self__PV-023,self__FR-001,self__HF-004,self__PV-002,self__OB-002,self__OB-001,self__FR-010",2019-12-26,2020-03-27,2020-03-30,2020-04-27,factorlib__net_profit_rate_ttm,18.0,104.14129090309143
__joint_lightgbm__,final_joint,"self__FR-013,self__INT-002,self__OB-004,self__PV-009,self__OB-003,self__FR-012,self__PV-017,self__PV-019,self__HF-001,self__PV-010,self__FR-002,self__PV-016,self__FR-005,self__PV-004,self__PV-015,self__FR-004,self__PV-011,self__PV-021,self__INT-003,self__OB-005,self__PV-023,self__FR-001,self__HF-004,self__PV-002,self__OB-002,self__OB-001,self__FR-010",2019-12-26,2020-03-27,2020-03-30,2020-04-27,factorlib__netflow_amount_rate_main,109.0,1260.2341876029968
__joint_lightgbm__,final_joint,"self__FR-013,self__INT-002,self__OB-004,self__PV-009,self__OB-003,self__FR-012,self__PV-017,self__PV-019,self__HF-001,self__PV-010,self__FR-002,self__PV-016,self__FR-005,self__PV-004,self__PV-015,self__FR-004,self__PV-011,self__PV-021,self__INT-003,self__OB-005,self__PV-023,self__FR-001,self__HF-004,self__PV-002,self__OB-002,self__OB-001,self__FR-010",2019-12-26,2020-03-27,2020-03-30,2020-04-27,factorlib__total_market_cap,6.0,46.49069023132324
__joint_lightgbm__,final_joint,"self__FR-013,self__INT-002,self__OB-004,self__PV-009,self__OB-003,self__FR-012,self__PV-017,self__PV-019,self__HF-001,self__PV-010,self__FR-002,self__PV-016,self__FR-005,self__PV-004,self__PV-015,self__FR-004,self__PV-011,self__PV-021,self__INT-003,self__OB-005,self__PV-023,self__FR-001,self__HF-004,self__PV-002,self__OB-002,self__OB-001,self__FR-010",2019-12-26,2020-03-27,2020-03-30,2020-04-27,factorlib__turn,55.0,562.218103647232
__joint_lightgbm__,final_joint,"self__FR-013,self__INT-002,self__OB-004,self__PV-009,self__OB-003,self__FR-012,self__PV-017,self__PV-019,self__HF-001,self__PV-010,self__FR-002,self__PV-016,self__FR-005,self__PV-004,self__PV-015,self__FR-004,self__PV-011,self__PV-021,self__INT-003,self__OB-005,self__PV-023,self__FR-001,self__HF-004,self__PV-002,self__OB-002,self__OB-001,self__FR-010",2019-12-26,2020-03-27,2020-03-30,2020-04-27,factorlib__volatility_5,66.0,683.5175530910492
__joint_lightgbm__,final_joint,"self__FR-013,self__INT-002,self__OB-004,self__PV-009,self__OB-003,self__FR-012,self__PV-017,self__PV-019,self__HF-001,self__PV-010,self__FR-002,self__PV-016,self__FR-005,self__PV-004,self__PV-015,self__FR-004,self__PV-011,self__PV-021,self__INT-003,self__OB-005,self__PV-023,self__FR-001,self__HF-004,self__PV-002,self__OB-002,self__OB-001,self__FR-010",2019-12-26,2020-03-27,2020-03-30,2020-04-27,factorlib__volume,26.0,429.48468923568726
__joint_lightgbm__,final_joint,"self__FR-013,self__INT-002,self__OB-004,self__PV-009,self__OB-003,self__FR-012,self__PV-017,self__PV-019,self__HF-001,self__PV-010,self__FR-002,self__PV-016,self__FR-005,self__PV-004,self__PV-015,self__FR-004,self__PV-011,self__PV-021,self__INT-003,self__OB-005,self__PV-023,self__FR-001,self__HF-004,self__PV-002,self__OB-002,self__OB-001,self__FR-010",2019-12-26,2020-03-27,2020-03-30,2020-04-27,self__FR-013,0.0,0.0
__joint_lightgbm__,final_joint,"self__FR-013,self__INT-002,self__OB-004,self__PV-009,self__OB-003,self__FR-012,self__PV-017,self__PV-019,self__HF-001,self__PV-010,self__FR-002,self__PV-016,self__FR-005,self__PV-004,self__PV-015,self__FR-004,self__PV-011,self__PV-021,self__INT-003,self__OB-005,self__PV-023,self__FR-001,self__HF-004,self__PV-002,self__OB-002,self__OB-001,self__FR-010",2019-12-26,2020-03-27,2020-03-30,2020-04-27,self__INT-002,0.0,0.0
__joint_lightgbm__,final_joint,"self__FR-013,self__INT-002,self__OB-004,self__PV-009,self__OB-003,self__FR-012,self__PV-017,self__PV-019,self__HF-001,self__PV-010,self__FR-002,self__PV-016,self__FR-005,self__PV-004,self__PV-015,self__FR-004,self__PV-011,self__PV-021,self__INT-003,self__OB-005,self__PV-023,self__FR-001,self__HF-004,self__PV-002,self__OB-002,self__OB-001,self__FR-010",2019-12-26,2020-03-27,2020-03-30,2020-04-27,self__OB-004,26.0,133.90000128746033
__joint_lightgbm__,final_joint,"self__FR-013,self__INT-002,self__OB-004,self__PV-009,self__OB-003,self__FR-012,self__PV-017,self__PV-019,self__HF-001,self__PV-010,self__FR-002,self__PV-016,self__FR-005,self__PV-004,self__PV-015,self__FR-004,self__PV-011,self__PV-021,self__INT-003,self__OB-005,self__PV-023,self__FR-001,self__HF-004,self__PV-002,self__OB-002,self__OB-001,self__FR-010",2019-12-26,2020-03-27,2020-03-30,2020-04-27,self__PV-009,37.0,247.91748976707458
__joint_lightgbm__,final_joint,"self__FR-013,self__INT-002,self__OB-004,self__PV-009,self__OB-003,self__FR-012,self__PV-017,self__PV-019,self__HF-001,self__PV-010,self__FR-002,self__PV-016,self__FR-005,self__PV-004,self__PV-015,self__FR-004,self__PV-011,self__PV-021,self__INT-003,self__OB-005,self__PV-023,self__FR-001,self__HF-004,self__PV-002,self__OB-002,self__OB-001,self__FR-010",2019-12-26,2020-03-27,2020-03-30,2020-04-27,self__OB-003,35.0,426.3384282588959
__joint_lightgbm__,final_joint,"self__FR-013,self__INT-002,self__OB-004,self__PV-009,self__OB-003,self__FR-012,self__PV-017,self__PV-019,self__HF-001,self__PV-010,self__FR-002,self__PV-016,self__FR-005,self__PV-004,self__PV-015,self__FR-004,self__PV-011,self__PV-021,self__INT-003,self__OB-005,self__PV-023,self__FR-001,self__HF-004,self__PV-002,self__OB-002,self__OB-001,self__FR-010",2019-12-26,2020-03-27,2020-03-30,2020-04-27,self__FR-012,33.0,405.78289699554443
__joint_lightgbm__,final_joint,"self__FR-013,self__INT-002,self__OB-004,self__PV-009,self__OB-003,self__FR-012,self__PV-017,self__PV-019,self__HF-001,self__PV-010,self__FR-002,self__PV-016,self__FR-005,self__PV-004,self__PV-015,self__FR-004,self__PV-011,self__PV-021,self__INT-003,self__OB-005,self__PV-023,self__FR-001,self__HF-004,self__PV-002,self__OB-002,self__OB-001,self__FR-010",2019-12-26,2020-03-27,2020-03-30,2020-04-27,self__PV-017,0.0,0.0
__joint_lightgbm__,final_joint,"self__FR-013,self__INT-002,self__OB-004,self__PV-009,self__OB-003,self__FR-012,self__PV-017,self__PV-019,self__HF-001,self__PV-010,self__FR-002,self__PV-016,self__FR-005,self__PV-004,self__PV-015,self__FR-004,self__PV-011,self__PV-021,self__INT-003,self__OB-005,self__PV-023,self__FR-001,self__HF-004,self__PV-002,self__OB-002,self__OB-001,self__FR-010",2019-12-26,2020-03-27,2020-03-30,2020-04-27,self__PV-019,0.0,0.0
__joint_lightgbm__,final_joint,"self__FR-013,self__INT-002,self__OB-004,self__PV-009,self__OB-003,self__FR-012,self__PV-017,self__PV-019,self__HF-001,self__PV-010,self__FR-002,self__PV-016,self__FR-005,self__PV-004,self__PV-015,self__FR-004,self__PV-011,self__PV-021,self__INT-003,self__OB-005,self__PV-023,self__FR-001,self__HF-004,self__PV-002,self__OB-002,self__OB-001,self__FR-010",2019-12-26,2020-03-27,2020-03-30,2020-04-27,self__HF-001,10.0,48.19901943206787
__joint_lightgbm__,final_joint,"self__FR-013,self__INT-002,self__OB-004,self__PV-009,self__OB-003,self__FR-012,self__PV-017,self__PV-019,self__HF-001,self__PV-010,self__FR-002,self__PV-016,self__FR-005,self__PV-004,self__PV-015,self__FR-004,self__PV-011,self__PV-021,self__INT-003,self__OB-005,self__PV-023,self__FR-001,self__HF-004,self__PV-002,self__OB-002,self__OB-001,self__FR-010",2019-12-26,2020-03-27,2020-03-30,2020-04-27,self__PV-010,22.0,120.3056583404541
__joint_lightgbm__,final_joint,"self__FR-013,self__INT-002,self__OB-004,self__PV-009,self__OB-003,self__FR-012,self__PV-017,self__PV-019,self__HF-001,self__PV-010,self__FR-002,self__PV-016,self__FR-005,self__PV-004,self__PV-015,self__FR-004,self__PV-011,self__PV-021,self__INT-003,self__OB-005,self__PV-023,self__FR-001,self__HF-004,self__PV-002,self__OB-002,self__OB-001,self__FR-010",2019-12-26,2020-03-27,2020-03-30,2020-04-27,self__FR-002,21.0,92.95213031768799
__joint_lightgbm__,final_joint,"self__FR-013,self__INT-002,self__OB-004,self__PV-009,self__OB-003,self__FR-012,self__PV-017,self__PV-019,self__HF-001,self__PV-010,self__FR-002,self__PV-016,self__FR-005,self__PV-004,self__PV-015,self__FR-004,self__PV-011,self__PV-021,self__INT-003,self__OB-005,self__PV-023,self__FR-001,self__HF-004,self__PV-002,self__OB-002,self__OB-001,self__FR-010",2019-12-26,2020-03-27,2020-03-30,2020-04-27,self__PV-016,0.0,0.0
__joint_lightgbm__,final_joint,"self__FR-013,self__INT-002,self__OB-004,self__PV-009,self__OB-003,self__FR-012,self__PV-017,self__PV-019,self__HF-001,self__PV-010,self__FR-002,self__PV-016,self__FR-005,self__PV-004,self__PV-015,self__FR-004,self__PV-011,self__PV-021,self__INT-003,self__OB-005,self__PV-023,self__FR-001,self__HF-004,self__PV-002,self__OB-002,self__OB-001,self__FR-010",2019-12-26,2020-03-27,2020-03-30,2020-04-27,self__FR-005,8.0,35.95627021789551
__joint_lightgbm__,final_joint,"self__FR-013,self__INT-002,self__OB-004,self__PV-009,self__OB-003,self__FR-012,self__PV-017,self__PV-019,self__HF-001,self__PV-010,self__FR-002,self__PV-016,self__FR-005,self__PV-004,self__PV-015,self__FR-004,self__PV-011,self__PV-021,self__INT-003,self__OB-005,self__PV-023,self__FR-001,self__HF-004,self__PV-002,self__OB-002,self__OB-001,self__FR-010",2019-12-26,2020-03-27,2020-03-30,2020-04-27,self__PV-004,41.0,215.98059105873108
__joint_lightgbm__,final_joint,"self__FR-013,self__INT-002,self__OB-004,self__PV-009,self__OB-003,self__FR-012,self__PV-017,self__PV-019,self__HF-001,self__PV-010,self__FR-002,self__PV-016,self__FR-005,self__PV-004,self__PV-015,self__FR-004,self__PV-011,self__PV-021,self__INT-003,self__OB-005,self__PV-023,self__FR-001,self__HF-004,self__PV-002,self__OB-002,self__OB-001,self__FR-010",2019-12-26,2020-03-27,2020-03-30,2020-04-27,self__PV-015,0.0,0.0
__joint_lightgbm__,final_joint,"self__FR-013,self__INT-002,self__OB-004,self__PV-009,self__OB-003,self__FR-012,self__PV-017,self__PV-019,self__HF-001,self__PV-010,self__FR-002,self__PV-016,self__FR-005,self__PV-004,self__PV-015,self__FR-004,self__PV-011,self__PV-021,self__INT-003,self__OB-005,self__PV-023,self__FR-001,self__HF-004,self__PV-002,self__OB-002,self__OB-001,self__FR-010",2019-12-26,2020-03-27,2020-03-30,2020-04-27,self__FR-004,33.0,248.33866930007935
__joint_lightgbm__,final_joint,"self__FR-013,self__INT-002,self__OB-004,self__PV-009,self__OB-003,self__FR-012,self__PV-017,self__PV-019,self__HF-001,self__PV-010,self__FR-002,self__PV-016,self__FR-005,self__PV-004,self__PV-015,self__FR-004,self__PV-011,self__PV-021,self__INT-003,self__OB-005,self__PV-023,self__FR-001,self__HF-004,self__PV-002,self__OB-002,self__OB-001,self__FR-010",2019-12-26,2020-03-27,2020-03-30,2020-04-27,self__PV-011,18.0,101.13304018974304
__joint_lightgbm__,final_joint,"self__FR-013,self__INT-002,self__OB-004,self__PV-009,self__OB-003,self__FR-012,self__PV-017,self__PV-019,self__HF-001,self__PV-010,self__FR-002,self__PV-016,self__FR-005,self__PV-004,self__PV-015,self__FR-004,self__PV-011,self__PV-021,self__INT-003,self__OB-005,self__PV-023,self__FR-001,self__HF-004,self__PV-002,self__OB-002,self__OB-001,self__FR-010",2019-12-26,2020-03-27,2020-03-30,2020-04-27,self__PV-021,30.0,171.94696879386902
__joint_lightgbm__,final_joint,"self__FR-013,self__INT-002,self__OB-004,self__PV-009,self__OB-003,self__FR-012,self__PV-017,self__PV-019,self__HF-001,self__PV-010,self__FR-002,self__PV-016,self__FR-005,self__PV-004,self__PV-015,self__FR-004,self__PV-011,self__PV-021,self__INT-003,self__OB-005,self__PV-023,self__FR-001,self__HF-004,self__PV-002,self__OB-002,self__OB-001,self__FR-010",2019-12-26,2020-03-27,2020-03-30,2020-04-27,self__INT-003,0.0,0.0
__joint_lightgbm__,final_joint,"self__FR-013,self__INT-002,self__OB-004,self__PV-009,self__OB-003,self__FR-012,self__PV-017,self__PV-019,self__HF-001,self__PV-010,self__FR-002,self__PV-016,self__FR-005,self__PV-004,self__PV-015,self__FR-004,self__PV-011,self__PV-021,self__INT-003,self__OB-005,self__PV-023,self__FR-001,self__HF-004,self__PV-002,self__OB-002,self__OB-001,self__FR-010",2019-12-26,2020-03-27,2020-03-30,2020-04-27,self__OB-005,73.0,674.0972979068756
__joint_lightgbm__,final_joint,"self__FR-013,self__INT-002,self__OB-004,self__PV-009,self__OB-003,self__FR-012,self__PV-017,self__PV-019,self__HF-001,self__PV-010,self__FR-002,self__PV-016,self__FR-005,self__PV-004,self__PV-015,self__FR-004,self__PV-011,self__PV-021,self__INT-003,self__OB-005,self__PV-023,self__FR-001,self__HF-004,self__PV-002,self__OB-002,self__OB-001,self__FR-010",2019-12-26,2020-03-27,2020-03-30,2020-04-27,self__PV-023,31.0,167.14931988716125
__joint_lightgbm__,final_joint,"self__FR-013,self__INT-002,self__OB-004,self__PV-009,self__OB-003,self__FR-012,self__PV-017,self__PV-019,self__HF-001,self__PV-010,self__FR-002,self__PV-016,self__FR-005,self__PV-004,self__PV-015,self__FR-004,self__PV-011,self__PV-021,self__INT-003,self__OB-005,self__PV-023,self__FR-001,self__HF-004,self__PV-002,self__OB-002,self__OB-001,self__FR-010",2019-12-26,2020-03-27,2020-03-30,2020-04-27,self__FR-001,4.0,40.52260065078735
__joint_lightgbm__,final_joint,"self__FR-013,self__INT-002,self__OB-004,self__PV-009,self__OB-003,self__FR-012,self__PV-017,self__PV-019,self__HF-001,self__PV-010,self__FR-002,self__PV-016,self__FR-005,self__PV-004,self__PV-015,self__FR-004,self__PV-011,self__PV-021,self__INT-003,self__OB-005,self__PV-023,self__FR-001,self__HF-004,self__PV-002,self__OB-002,self__OB-001,self__FR-010",2019-12-26,2020-03-27,2020-03-30,2020-04-27,self__HF-004,32.0,200.88273096084595
__joint_lightgbm__,final_joint,"self__FR-013,self__INT-002,self__OB-004,self__PV-009,self__OB-003,self__FR-012,self__PV-017,self__PV-019,self__HF-001,self__PV-010,self__FR-002,self__PV-016,self__FR-005,self__PV-004,self__PV-015,self__FR-004,self__PV-011,self__PV-021,self__INT-003,self__OB-005,self__PV-023,self__FR-001,self__HF-004,self__PV-002,self__OB-002,self__OB-001,self__FR-010",2019-12-26,2020-03-27,2020-03-30,2020-04-27,self__PV-002,103.0,829.4085087776184
__joint_lightgbm__,final_joint,"self__FR-013,self__INT-002,self__OB-004,self__PV-009,self__OB-003,self__FR-012,self__PV-017,self__PV-019,self__HF-001,self__PV-010,self__FR-002,self__PV-016,self__FR-005,self__PV-004,self__PV-015,self__FR-004,self__PV-011,self__PV-021,self__INT-003,self__OB-005,self__PV-023,self__FR-001,self__HF-004,self__PV-002,self__OB-002,self__OB-001,self__FR-010",2019-12-26,2020-03-27,2020-03-30,2020-04-27,self__OB-002,6.0,30.66156005859375
__joint_lightgbm__,final_joint,"self__FR-013,self__INT-002,self__OB-004,self__PV-009,self__OB-003,self__FR-012,self__PV-017,self__PV-019,self__HF-001,self__PV-010,self__FR-002,self__PV-016,self__FR-005,self__PV-004,self__PV-015,self__FR-004,self__PV-011,self__PV-021,self__INT-003,self__OB-005,self__PV-023,self__FR-001,self__HF-004,self__PV-002,self__OB-002,self__OB-001,self__FR-010",2019-12-26,2020-03-27,2020-03-30,2020-04-27,self__OB-001,40.0,281.224769115448
__joint_lightgbm__,final_joint,"self__FR-013,self__INT-002,self__OB-004,self__PV-009,self__OB-003,self__FR-012,self__PV-017,self__PV-019,self__HF-001,self__PV-010,self__FR-002,self__PV-016,self__FR-005,self__PV-004,self__PV-015,self__FR-004,self__PV-011,self__PV-021,self__INT-003,self__OB-005,self__PV-023,self__FR-001,self__HF-004,self__PV-002,self__OB-002,self__OB-001,self__FR-010",2019-12-26,2020-03-27,2020-03-30,2020-04-27,self__FR-010,7.0,42.72784996032715
__joint_lightgbm__,final_joint,"self__FR-013,self__INT-002,self__OB-004,self__PV-009,self__OB-003,self__FR-012,self__PV-017,self__PV-019,self__HF-001,self__PV-010,self__FR-002,self__PV-016,self__FR-005,self__PV-004,self__PV-015,self__FR-004,self__PV-011,self__PV-021,self__INT-003,self__OB-005,self__PV-023,self__FR-001,self__HF-004,self__PV-002,self__OB-002,self__OB-001,self__FR-010",2020-02-03,2020-04-27,2020-04-28,2020-05-28,factorlib__amount,21.0,127.7519702911377
__joint_lightgbm__,final_joint,"self__FR-013,self__INT-002,self__OB-004,self__PV-009,self__OB-003,self__FR-012,self__PV-017,self__PV-019,self__HF-001,self__PV-010,self__FR-002,self__PV-016,self__FR-005,self__PV-004,self__PV-015,self__FR-004,self__PV-011,self__PV-021,self__INT-003,self__OB-005,self__PV-023,self__FR-001,self__HF-004,self__PV-002,self__OB-002,self__OB-001,self__FR-010",2020-02-03,2020-04-27,2020-04-28,2020-05-28,factorlib__atr_14,10.0,53.30726933479309
__joint_lightgbm__,final_joint,"self__FR-013,self__INT-002,self__OB-004,self__PV-009,self__OB-003,self__FR-012,self__PV-017,self__PV-019,self__HF-001,self__PV-010,self__FR-002,self__PV-016,self__FR-005,self__PV-004,self__PV-015,self__FR-004,self__PV-011,self__PV-021,self__INT-003,self__OB-005,self__PV-023,self__FR-001,self__HF-004,self__PV-002,self__OB-002,self__OB-001,self__FR-010",2020-02-03,2020-04-27,2020-04-28,2020-05-28,factorlib__bias_20,29.0,232.3380901813507
__joint_lightgbm__,final_joint,"self__FR-013,self__INT-002,self__OB-004,self__PV-009,self__OB-003,self__FR-012,self__PV-017,self__PV-019,self__HF-001,self__PV-010,self__FR-002,self__PV-016,self__FR-005,self__PV-004,self__PV-015,self__FR-004,self__PV-011,self__PV-021,self__INT-003,self__OB-005,self__PV-023,self__FR-001,self__HF-004,self__PV-002,self__OB-002,self__OB-001,self__FR-010",2020-02-03,2020-04-27,2020-04-28,2020-05-28,factorlib__cci_14,49.0,322.48317074775696
__joint_lightgbm__,final_joint,"self__FR-013,self__INT-002,self__OB-004,self__PV-009,self__OB-003,self__FR-012,self__PV-017,self__PV-019,self__HF-001,self__PV-010,self__FR-002,self__PV-016,self__FR-005,self__PV-004,self__PV-015,self__FR-004,self__PV-011,self__PV-021,self__INT-003,self__OB-005,self__PV-023,self__FR-001,self__HF-004,self__PV-002,self__OB-002,self__OB-001,self__FR-010",2020-02-03,2020-04-27,2020-04-28,2020-05-28,factorlib__float_market_cap,12.0,92.8084397315979
__joint_lightgbm__,final_joint,"self__FR-013,self__INT-002,self__OB-004,self__PV-009,self__OB-003,self__FR-012,self__PV-017,self__PV-019,self__HF-001,self__PV-010,self__FR-002,self__PV-016,self__FR-005,self__PV-004,self__PV-015,self__FR-004,self__PV-011,self__PV-021,self__INT-003,self__OB-005,self__PV-023,self__FR-001,self__HF-004,self__PV-002,self__OB-002,self__OB-001,self__FR-010",2020-02-03,2020-04-27,2020-04-28,2020-05-28,factorlib__kdj_d_9_3_3,39.0,535.2639303207397
__joint_lightgbm__,final_joint,"self__FR-013,self__INT-002,self__OB-004,self__PV-009,self__OB-003,self__FR-012,self__PV-017,self__PV-019,self__HF-001,self__PV-010,self__FR-002,self__PV-016,self__FR-005,self__PV-004,self__PV-015,self__FR-004,self__PV-011,self__PV-021,self__INT-003,self__OB-005,self__PV-023,self__FR-001,self__HF-004,self__PV-002,self__OB-002,self__OB-001,self__FR-010",2020-02-03,2020-04-27,2020-04-28,2020-05-28,factorlib__macd_diff_12_26_9,30.0,211.4980993270874
__joint_lightgbm__,final_joint,"self__FR-013,self__INT-002,self__OB-004,self__PV-009,self__OB-003,self__FR-012,self__PV-017,self__PV-019,self__HF-001,self__PV-010,self__FR-002,self__PV-016,self__FR-005,self__PV-004,self__PV-015,self__FR-004,self__PV-011,self__PV-021,self__INT-003,self__OB-005,self__PV-023,self__FR-001,self__HF-004,self__PV-002,self__OB-002,self__OB-001,self__FR-010",2020-02-03,2020-04-27,2020-04-28,2020-05-28,factorlib__macd_hist_12_26_9,21.0,147.2034285068512
__joint_lightgbm__,final_joint,"self__FR-013,self__INT-002,self__OB-004,self__PV-009,self__OB-003,self__FR-012,self__PV-017,self__PV-019,self__HF-001,self__PV-010,self__FR-002,self__PV-016,self__FR-005,self__PV-004,self__PV-015,self__FR-004,self__PV-011,self__PV-021,self__INT-003,self__OB-005,self__PV-023,self__FR-001,self__HF-004,self__PV-002,self__OB-002,self__OB-001,self__FR-010",2020-02-03,2020-04-27,2020-04-28,2020-05-28,factorlib__momentum_5,55.0,586.0366377830505
__joint_lightgbm__,final_joint,"self__FR-013,self__INT-002,self__OB-004,self__PV-009,self__OB-003,self__FR-012,self__PV-017,self__PV-019,self__HF-001,self__PV-010,self__FR-002,self__PV-016,self__FR-005,self__PV-004,self__PV-015,self__FR-004,self__PV-011,self__PV-021,self__INT-003,self__OB-005,self__PV-023,self__FR-001,self__HF-004,self__PV-002,self__OB-002,self__OB-001,self__FR-010",2020-02-03,2020-04-27,2020-04-28,2020-05-28,factorlib__net_profit_rate_ttm,28.0,164.20323014259338
__joint_lightgbm__,final_joint,"self__FR-013,self__INT-002,self__OB-004,self__PV-009,self__OB-003,self__FR-012,self__PV-017,self__PV-019,self__HF-001,self__PV-010,self__FR-002,self__PV-016,self__FR-005,self__PV-004,self__PV-015,self__FR-004,self__PV-011,self__PV-021,self__INT-003,self__OB-005,self__PV-023,self__FR-001,self__HF-004,self__PV-002,self__OB-002,self__OB-001,self__FR-010",2020-02-03,2020-04-27,2020-04-28,2020-05-28,factorlib__netflow_amount_rate_main,121.0,1581.1780524253845
__joint_lightgbm__,final_joint,"self__FR-013,self__INT-002,self__OB-004,self__PV-009,self__OB-003,self__FR-012,self__PV-017,self__PV-019,self__HF-001,self__PV-010,self__FR-002,self__PV-016,self__FR-005,self__PV-004,self__PV-015,self__FR-004,self__PV-011,self__PV-021,self__INT-003,self__OB-005,self__PV-023,self__FR-001,self__HF-004,self__PV-002,self__OB-002,self__OB-001,self__FR-010",2020-02-03,2020-04-27,2020-04-28,2020-05-28,factorlib__total_market_cap,7.0,41.05704975128174
__joint_lightgbm__,final_joint,"self__FR-013,self__INT-002,self__OB-004,self__PV-009,self__OB-003,self__FR-012,self__PV-017,self__PV-019,self__HF-001,self__PV-010,self__FR-002,self__PV-016,self__FR-005,self__PV-004,self__PV-015,self__FR-004,self__PV-011,self__PV-021,self__INT-003,self__OB-005,self__PV-023,self__FR-001,self__HF-004,self__PV-002,self__OB-002,self__OB-001,self__FR-010",2020-02-03,2020-04-27,2020-04-28,2020-05-28,factorlib__turn,59.0,703.4867815971375
__joint_lightgbm__,final_joint,"self__FR-013,self__INT-002,self__OB-004,self__PV-009,self__OB-003,self__FR-012,self__PV-017,self__PV-019,self__HF-001,self__PV-010,self__FR-002,self__PV-016,self__FR-005,self__PV-004,self__PV-015,self__FR-004,self__PV-011,self__PV-021,self__INT-003,self__OB-005,self__PV-023,self__FR-001,self__HF-004,self__PV-002,self__OB-002,self__OB-001,self__FR-010",2020-02-03,2020-04-27,2020-04-28,2020-05-28,factorlib__volatility_5,54.0,802.5891501903534
__joint_lightgbm__,final_joint,"self__FR-013,self__INT-002,self__OB-004,self__PV-009,self__OB-003,self__FR-012,self__PV-017,self__PV-019,self__HF-001,self__PV-010,self__FR-002,self__PV-016,self__FR-005,self__PV-004,self__PV-015,self__FR-004,self__PV-011,self__PV-021,self__INT-003,self__OB-005,self__PV-023,self__FR-001,self__HF-004,self__PV-002,self__OB-002,self__OB-001,self__FR-010",2020-02-03,2020-04-27,2020-04-28,2020-05-28,factorlib__volume,56.0,974.37779712677
__joint_lightgbm__,final_joint,"self__FR-013,self__INT-002,self__OB-004,self__PV-009,self__OB-003,self__FR-012,self__PV-017,self__PV-019,self__HF-001,self__PV-010,self__FR-002,self__PV-016,self__FR-005,self__PV-004,self__PV-015,self__FR-004,self__PV-011,self__PV-021,self__INT-003,self__OB-005,self__PV-023,self__FR-001,self__HF-004,self__PV-002,self__OB-002,self__OB-001,self__FR-010",2020-02-03,2020-04-27,2020-04-28,2020-05-28,self__FR-013,28.0,266.1274800300598
__joint_lightgbm__,final_joint,"self__FR-013,self__INT-002,self__OB-004,self__PV-009,self__OB-003,self__FR-012,self__PV-017,self__PV-019,self__HF-001,self__PV-010,self__FR-002,self__PV-016,self__FR-005,self__PV-004,self__PV-015,self__FR-004,self__PV-011,self__PV-021,self__INT-003,self__OB-005,self__PV-023,self__FR-001,self__HF-004,self__PV-002,self__OB-002,self__OB-001,self__FR-010",2020-02-03,2020-04-27,2020-04-28,2020-05-28,self__INT-002,11.0,46.11760973930359
__joint_lightgbm__,final_joint,"self__FR-013,self__INT-002,self__OB-004,self__PV-009,self__OB-003,self__FR-012,self__PV-017,self__PV-019,self__HF-001,self__PV-010,self__FR-002,self__PV-016,self__FR-005,self__PV-004,self__PV-015,self__FR-004,self__PV-011,self__PV-021,self__INT-003,self__OB-005,self__PV-023,self__FR-001,self__HF-004,self__PV-002,self__OB-002,self__OB-001,self__FR-010",2020-02-03,2020-04-27,2020-04-28,2020-05-28,self__OB-004,14.0,75.43799996376038
__joint_lightgbm__,final_joint,"self__FR-013,self__INT-002,self__OB-004,self__PV-009,self__OB-003,self__FR-012,self__PV-017,self__PV-019,self__HF-001,self__PV-010,self__FR-002,self__PV-016,self__FR-005,self__PV-004,self__PV-015,self__FR-004,self__PV-011,self__PV-021,self__INT-003,self__OB-005,self__PV-023,self__FR-001,self__HF-004,self__PV-002,self__OB-002,self__OB-001,self__FR-010",2020-02-03,2020-04-27,2020-04-28,2020-05-28,self__PV-009,21.0,122.86893010139465
__joint_lightgbm__,final_joint,"self__FR-013,self__INT-002,self__OB-004,self__PV-009,self__OB-003,self__FR-012,self__PV-017,self__PV-019,self__HF-001,self__PV-010,self__FR-002,self__PV-016,self__FR-005,self__PV-004,self__PV-015,self__FR-004,self__PV-011,self__PV-021,self__INT-003,self__OB-005,self__PV-023,self__FR-001,self__HF-004,self__PV-002,self__OB-002,self__OB-001,self__FR-010",2020-02-03,2020-04-27,2020-04-28,2020-05-28,self__OB-003,5.0,42.155590295791626
__joint_lightgbm__,final_joint,"self__FR-013,self__INT-002,self__OB-004,self__PV-009,self__OB-003,self__FR-012,self__PV-017,self__PV-019,self__HF-001,self__PV-010,self__FR-002,self__PV-016,self__FR-005,self__PV-004,self__PV-015,self__FR-004,self__PV-011,self__PV-021,self__INT-003,self__OB-005,self__PV-023,self__FR-001,self__HF-004,self__PV-002,self__OB-002,self__OB-001,self__FR-010",2020-02-03,2020-04-27,2020-04-28,2020-05-28,self__FR-012,59.0,729.1057386398315
__joint_lightgbm__,final_joint,"self__FR-013,self__INT-002,self__OB-004,self__PV-009,self__OB-003,self__FR-012,self__PV-017,self__PV-019,self__HF-001,self__PV-010,self__FR-002,self__PV-016,self__FR-005,self__PV-004,self__PV-015,self__FR-004,self__PV-011,self__PV-021,self__INT-003,self__OB-005,self__PV-023,self__FR-001,self__HF-004,self__PV-002,self__OB-002,self__OB-001,self__FR-010",2020-02-03,2020-04-27,2020-04-28,2020-05-28,self__PV-017,0.0,0.0
__joint_lightgbm__,final_joint,"self__FR-013,self__INT-002,self__OB-004,self__PV-009,self__OB-003,self__FR-012,self__PV-017,self__PV-019,self__HF-001,self__PV-010,self__FR-002,self__PV-016,self__FR-005,self__PV-004,self__PV-015,self__FR-004,self__PV-011,self__PV-021,self__INT-003,self__OB-005,self__PV-023,self__FR-001,self__HF-004,self__PV-002,self__OB-002,self__OB-001,self__FR-010",2020-02-03,2020-04-27,2020-04-28,2020-05-28,self__PV-019,0.0,0.0
__joint_lightgbm__,final_joint,"self__FR-013,self__INT-002,self__OB-004,self__PV-009,self__OB-003,self__FR-012,self__PV-017,self__PV-019,self__HF-001,self__PV-010,self__FR-002,self__PV-016,self__FR-005,self__PV-004,self__PV-015,self__FR-004,self__PV-011,self__PV-021,self__INT-003,self__OB-005,self__PV-023,self__FR-001,self__HF-004,self__PV-002,self__OB-002,self__OB-001,self__FR-010",2020-02-03,2020-04-27,2020-04-28,2020-05-28,self__HF-001,32.0,185.7198302745819
__joint_lightgbm__,final_joint,"self__FR-013,self__INT-002,self__OB-004,self__PV-009,self__OB-003,self__FR-012,self__PV-017,self__PV-019,self__HF-001,self__PV-010,self__FR-002,self__PV-016,self__FR-005,self__PV-004,self__PV-015,self__FR-004,self__PV-011,self__PV-021,self__INT-003,self__OB-005,self__PV-023,self__FR-001,self__HF-004,self__PV-002,self__OB-002,self__OB-001,self__FR-010",2020-02-03,2020-04-27,2020-04-28,2020-05-28,self__PV-010,17.0,142.4709095954895
__joint_lightgbm__,final_joint,"self__FR-013,self__INT-002,self__OB-004,self__PV-009,self__OB-003,self__FR-012,self__PV-017,self__PV-019,self__HF-001,self__PV-010,self__FR-002,self__PV-016,self__FR-005,self__PV-004,self__PV-015,self__FR-004,self__PV-011,self__PV-021,self__INT-003,self__OB-005,self__PV-023,self__FR-001,self__HF-004,self__PV-002,self__OB-002,self__OB-001,self__FR-010",2020-02-03,2020-04-27,2020-04-28,2020-05-28,self__FR-002,16.0,80.05756044387817
__joint_lightgbm__,final_joint,"self__FR-013,self__INT-002,self__OB-004,self__PV-009,self__OB-003,self__FR-012,self__PV-017,self__PV-019,self__HF-001,self__PV-010,self__FR-002,self__PV-016,self__FR-005,self__PV-004,self__PV-015,self__FR-004,self__PV-011,self__PV-021,self__INT-003,self__OB-005,self__PV-023,self__FR-001,self__HF-004,self__PV-002,self__OB-002,self__OB-001,self__FR-010",2020-02-03,2020-04-27,2020-04-28,2020-05-28,self__PV-016,0.0,0.0
__joint_lightgbm__,final_joint,"self__FR-013,self__INT-002,self__OB-004,self__PV-009,self__OB-003,self__FR-012,self__PV-017,self__PV-019,self__HF-001,self__PV-010,self__FR-002,self__PV-016,self__FR-005,self__PV-004,self__PV-015,self__FR-004,self__PV-011,self__PV-021,self__INT-003,self__OB-005,self__PV-023,self__FR-001,self__HF-004,self__PV-002,self__OB-002,self__OB-001,self__FR-010",2020-02-03,2020-04-27,2020-04-28,2020-05-28,self__FR-005,3.0,18.107970237731934
__joint_lightgbm__,final_joint,"self__FR-013,self__INT-002,self__OB-004,self__PV-009,self__OB-003,self__FR-012,self__PV-017,self__PV-019,self__HF-001,self__PV-010,self__FR-002,self__PV-016,self__FR-005,self__PV-004,self__PV-015,self__FR-004,self__PV-011,self__PV-021,self__INT-003,self__OB-005,self__PV-023,self__FR-001,self__HF-004,self__PV-002,self__OB-002,self__OB-001,self__FR-010",2020-02-03,2020-04-27,2020-04-28,2020-05-28,self__PV-004,32.0,201.2334611415863
__joint_lightgbm__,final_joint,"self__FR-013,self__INT-002,self__OB-004,self__PV-009,self__OB-003,self__FR-012,self__PV-017,self__PV-019,self__HF-001,self__PV-010,self__FR-002,self__PV-016,self__FR-005,self__PV-004,self__PV-015,self__FR-004,self__PV-011,self__PV-021,self__INT-003,self__OB-005,self__PV-023,self__FR-001,self__HF-004,self__PV-002,self__OB-002,self__OB-001,self__FR-010",2020-02-03,2020-04-27,2020-04-28,2020-05-28,self__PV-015,0.0,0.0
__joint_lightgbm__,final_joint,"self__FR-013,self__INT-002,self__OB-004,self__PV-009,self__OB-003,self__FR-012,self__PV-017,self__PV-019,self__HF-001,self__PV-010,self__FR-002,self__PV-016,self__FR-005,self__PV-004,self__PV-015,self__FR-004,self__PV-011,self__PV-021,self__INT-003,self__OB-005,self__PV-023,self__FR-001,self__HF-004,self__PV-002,self__OB-002,self__OB-001,self__FR-010",2020-02-03,2020-04-27,2020-04-28,2020-05-28,self__FR-004,21.0,123.00317096710205
__joint_lightgbm__,final_joint,"self__FR-013,self__INT-002,self__OB-004,self__PV-009,self__OB-003,self__FR-012,self__PV-017,self__PV-019,self__HF-001,self__PV-010,self__FR-002,self__PV-016,self__FR-005,self__PV-004,self__PV-015,self__FR-004,self__PV-011,self__PV-021,self__INT-003,self__OB-005,self__PV-023,self__FR-001,self__HF-004,self__PV-002,self__OB-002,self__OB-001,self__FR-010",2020-02-03,2020-04-27,2020-04-28,2020-05-28,self__PV-011,36.0,252.67159962654114
__joint_lightgbm__,final_joint,"self__FR-013,self__INT-002,self__OB-004,self__PV-009,self__OB-003,self__FR-012,self__PV-017,self__PV-019,self__HF-001,self__PV-010,self__FR-002,self__PV-016,self__FR-005,self__PV-004,self__PV-015,self__FR-004,self__PV-011,self__PV-021,self__INT-003,self__OB-005,self__PV-023,self__FR-001,self__HF-004,self__PV-002,self__OB-002,self__OB-001,self__FR-010",2020-02-03,2020-04-27,2020-04-28,2020-05-28,self__PV-021,20.0,107.70821046829224
__joint_lightgbm__,final_joint,"self__FR-013,self__INT-002,self__OB-004,self__PV-009,self__OB-003,self__FR-012,self__PV-017,self__PV-019,self__HF-001,self__PV-010,self__FR-002,self__PV-016,self__FR-005,self__PV-004,self__PV-015,self__FR-004,self__PV-011,self__PV-021,self__INT-003,self__OB-005,self__PV-023,self__FR-001,self__HF-004,self__PV-002,self__OB-002,self__OB-001,self__FR-010",2020-02-03,2020-04-27,2020-04-28,2020-05-28,self__INT-003,20.0,214.1657395362854
__joint_lightgbm__,final_joint,"self__FR-013,self__INT-002,self__OB-004,self__PV-009,self__OB-003,self__FR-012,self__PV-017,self__PV-019,self__HF-001,self__PV-010,self__FR-002,self__PV-016,self__FR-005,self__PV-004,self__PV-015,self__FR-004,self__PV-011,self__PV-021,self__INT-003,self__OB-005,self__PV-023,self__FR-001,self__HF-004,self__PV-002,self__OB-002,self__OB-001,self__FR-010",2020-02-03,2020-04-27,2020-04-28,2020-05-28,self__OB-005,58.0,565.0698773860931
__joint_lightgbm__,final_joint,"self__FR-013,self__INT-002,self__OB-004,self__PV-009,self__OB-003,self__FR-012,self__PV-017,self__PV-019,self__HF-001,self__PV-010,self__FR-002,self__PV-016,self__FR-005,self__PV-004,self__PV-015,self__FR-004,self__PV-011,self__PV-021,self__INT-003,self__OB-005,self__PV-023,self__FR-001,self__HF-004,self__PV-002,self__OB-002,self__OB-001,self__FR-010",2020-02-03,2020-04-27,2020-04-28,2020-05-28,self__PV-023,0.0,0.0
__joint_lightgbm__,final_joint,"self__FR-013,self__INT-002,self__OB-004,self__PV-009,self__OB-003,self__FR-012,self__PV-017,self__PV-019,self__HF-001,self__PV-010,self__FR-002,self__PV-016,self__FR-005,self__PV-004,self__PV-015,self__FR-004,self__PV-011,self__PV-021,self__INT-003,self__OB-005,self__PV-023,self__FR-001,self__HF-004,self__PV-002,self__OB-002,self__OB-001,self__FR-010",2020-02-03,2020-04-27,2020-04-28,2020-05-28,self__FR-001,4.0,23.066909790039062
__joint_lightgbm__,final_joint,"self__FR-013,self__INT-002,self__OB-004,self__PV-009,self__OB-003,self__FR-012,self__PV-017,self__PV-019,self__HF-001,self__PV-010,self__FR-002,self__PV-016,self__FR-005,self__PV-004,self__PV-015,self__FR-004,self__PV-011,self__PV-021,self__INT-003,self__OB-005,self__PV-023,self__FR-001,self__HF-004,self__PV-002,self__OB-002,self__OB-001,self__FR-010",2020-02-03,2020-04-27,2020-04-28,2020-05-28,self__HF-004,20.0,161.58497977256775
__joint_lightgbm__,final_joint,"self__FR-013,self__INT-002,self__OB-004,self__PV-009,self__OB-003,self__FR-012,self__PV-017,self__PV-019,self__HF-001,self__PV-010,self__FR-002,self__PV-016,self__FR-005,self__PV-004,self__PV-015,self__FR-004,self__PV-011,self__PV-021,self__INT-003,self__OB-005,self__PV-023,self__FR-001,self__HF-004,self__PV-002,self__OB-002,self__OB-001,self__FR-010",2020-02-03,2020-04-27,2020-04-28,2020-05-28,self__PV-002,139.0,1402.929146528244
__joint_lightgbm__,final_joint,"self__FR-013,self__INT-002,self__OB-004,self__PV-009,self__OB-003,self__FR-012,self__PV-017,self__PV-019,self__HF-001,self__PV-010,self__FR-002,self__PV-016,self__FR-005,self__PV-004,self__PV-015,self__FR-004,self__PV-011,self__PV-021,self__INT-003,self__OB-005,self__PV-023,self__FR-001,self__HF-004,self__PV-002,self__OB-002,self__OB-001,self__FR-010",2020-02-03,2020-04-27,2020-04-28,2020-05-28,self__OB-002,9.0,88.63261032104492
__joint_lightgbm__,final_joint,"self__FR-013,self__INT-002,self__OB-004,self__PV-009,self__OB-003,self__FR-012,self__PV-017,self__PV-019,self__HF-001,self__PV-010,self__FR-002,self__PV-016,self__FR-005,self__PV-004,self__PV-015,self__FR-004,self__PV-011,self__PV-021,self__INT-003,self__OB-005,self__PV-023,self__FR-001,self__HF-004,self__PV-002,self__OB-002,self__OB-001,self__FR-010",2020-02-03,2020-04-27,2020-04-28,2020-05-28,self__OB-001,44.0,497.35988903045654
__joint_lightgbm__,final_joint,"self__FR-013,self__INT-002,self__OB-004,self__PV-009,self__OB-003,self__FR-012,self__PV-017,self__PV-019,self__HF-001,self__PV-010,self__FR-002,self__PV-016,self__FR-005,self__PV-004,self__PV-015,self__FR-004,self__PV-011,self__PV-021,self__INT-003,self__OB-005,self__PV-023,self__FR-001,self__HF-004,self__PV-002,self__OB-002,self__OB-001,self__FR-010",2020-02-03,2020-04-27,2020-04-28,2020-05-28,self__FR-010,0.0,0.0
__joint_lightgbm__,final_joint,"self__FR-013,self__INT-002,self__OB-004,self__PV-009,self__OB-003,self__FR-012,self__PV-017,self__PV-019,self__HF-001,self__PV-010,self__FR-002,self__PV-016,self__FR-005,self__PV-004,self__PV-015,self__FR-004,self__PV-011,self__PV-021,self__INT-003,self__OB-005,self__PV-023,self__FR-001,self__HF-004,self__PV-002,self__OB-002,self__OB-001,self__FR-010",2020-03-02,2020-05-28,2020-05-29,2020-06-29,factorlib__amount,31.0,177.3446502685547
__joint_lightgbm__,final_joint,"self__FR-013,self__INT-002,self__OB-004,self__PV-009,self__OB-003,self__FR-012,self__PV-017,self__PV-019,self__HF-001,self__PV-010,self__FR-002,self__PV-016,self__FR-005,self__PV-004,self__PV-015,self__FR-004,self__PV-011,self__PV-021,self__INT-003,self__OB-005,self__PV-023,self__FR-001,self__HF-004,self__PV-002,self__OB-002,self__OB-001,self__FR-010",2020-03-02,2020-05-28,2020-05-29,2020-06-29,factorlib__atr_14,14.0,81.40788984298706
__joint_lightgbm__,final_joint,"self__FR-013,self__INT-002,self__OB-004,self__PV-009,self__OB-003,self__FR-012,self__PV-017,self__PV-019,self__HF-001,self__PV-010,self__FR-002,self__PV-016,self__FR-005,self__PV-004,self__PV-015,self__FR-004,self__PV-011,self__PV-021,self__INT-003,self__OB-005,self__PV-023,self__FR-001,self__HF-004,self__PV-002,self__OB-002,self__OB-001,self__FR-010",2020-03-02,2020-05-28,2020-05-29,2020-06-29,factorlib__bias_20,35.0,377.2622709274292
__joint_lightgbm__,final_joint,"self__FR-013,self__INT-002,self__OB-004,self__PV-009,self__OB-003,self__FR-012,self__PV-017,self__PV-019,self__HF-001,self__PV-010,self__FR-002,self__PV-016,self__FR-005,self__PV-004,self__PV-015,self__FR-004,self__PV-011,self__PV-021,self__INT-003,self__OB-005,self__PV-023,self__FR-001,self__HF-004,self__PV-002,self__OB-002,self__OB-001,self__FR-010",2020-03-02,2020-05-28,2020-05-29,2020-06-29,factorlib__cci_14,63.0,511.7014181613922
__joint_lightgbm__,final_joint,"self__FR-013,self__INT-002,self__OB-004,self__PV-009,self__OB-003,self__FR-012,self__PV-017,self__PV-019,self__HF-001,self__PV-010,self__FR-002,self__PV-016,self__FR-005,self__PV-004,self__PV-015,self__FR-004,self__PV-011,self__PV-021,self__INT-003,self__OB-005,self__PV-023,self__FR-001,self__HF-004,self__PV-002,self__OB-002,self__OB-001,self__FR-010",2020-03-02,2020-05-28,2020-05-29,2020-06-29,factorlib__float_market_cap,20.0,114.1736307144165
__joint_lightgbm__,final_joint,"self__FR-013,self__INT-002,self__OB-004,self__PV-009,self__OB-003,self__FR-012,self__PV-017,self__PV-019,self__HF-001,self__PV-010,self__FR-002,self__PV-016,self__FR-005,self__PV-004,self__PV-015,self__FR-004,self__PV-011,self__PV-021,self__INT-003,self__OB-005,self__PV-023,self__FR-001,self__HF-004,self__PV-002,self__OB-002,self__OB-001,self__FR-010",2020-03-02,2020-05-28,2020-05-29,2020-06-29,factorlib__kdj_d_9_3_3,34.0,320.4594874382019
__joint_lightgbm__,final_joint,"self__FR-013,self__INT-002,self__OB-004,self__PV-009,self__OB-003,self__FR-012,self__PV-017,self__PV-019,self__HF-001,self__PV-010,self__FR-002,self__PV-016,self__FR-005,self__PV-004,self__PV-015,self__FR-004,self__PV-011,self__PV-021,self__INT-003,self__OB-005,self__PV-023,self__FR-001,self__HF-004,self__PV-002,self__OB-002,self__OB-001,self__FR-010",2020-03-02,2020-05-28,2020-05-29,2020-06-29,factorlib__macd_diff_12_26_9,30.0,164.57847952842712
__joint_lightgbm__,final_joint,"self__FR-013,self__INT-002,self__OB-004,self__PV-009,self__OB-003,self__FR-012,self__PV-017,self__PV-019,self__HF-001,self__PV-010,self__FR-002,self__PV-016,self__FR-005,self__PV-004,self__PV-015,self__FR-004,self__PV-011,self__PV-021,self__INT-003,self__OB-005,self__PV-023,self__FR-001,self__HF-004,self__PV-002,self__OB-002,self__OB-001,self__FR-010",2020-03-02,2020-05-28,2020-05-29,2020-06-29,factorlib__macd_hist_12_26_9,11.0,104.86235022544861
__joint_lightgbm__,final_joint,"self__FR-013,self__INT-002,self__OB-004,self__PV-009,self__OB-003,self__FR-012,self__PV-017,self__PV-019,self__HF-001,self__PV-010,self__FR-002,self__PV-016,self__FR-005,self__PV-004,self__PV-015,self__FR-004,self__PV-011,self__PV-021,self__INT-003,self__OB-005,self__PV-023,self__FR-001,self__HF-004,self__PV-002,self__OB-002,self__OB-001,self__FR-010",2020-03-02,2020-05-28,2020-05-29,2020-06-29,factorlib__momentum_5,35.0,382.79670810699463
__joint_lightgbm__,final_joint,"self__FR-013,self__INT-002,self__OB-004,self__PV-009,self__OB-003,self__FR-012,self__PV-017,self__PV-019,self__HF-001,self__PV-010,self__FR-002,self__PV-016,self__FR-005,self__PV-004,self__PV-015,self__FR-004,self__PV-011,self__PV-021,self__INT-003,self__OB-005,self__PV-023,self__FR-001,self__HF-004,self__PV-002,self__OB-002,self__OB-001,self__FR-010",2020-03-02,2020-05-28,2020-05-29,2020-06-29,factorlib__net_profit_rate_ttm,27.0,201.6868393421173
__joint_lightgbm__,final_joint,"self__FR-013,self__INT-002,self__OB-004,self__PV-009,self__OB-003,self__FR-012,self__PV-017,self__PV-019,self__HF-001,self__PV-010,self__FR-002,self__PV-016,self__FR-005,self__PV-004,self__PV-015,self__FR-004,self__PV-011,self__PV-021,self__INT-003,self__OB-005,self__PV-023,self__FR-001,self__HF-004,self__PV-002,self__OB-002,self__OB-001,self__FR-010",2020-03-02,2020-05-28,2020-05-29,2020-06-29,factorlib__netflow_amount_rate_main,122.0,1105.7707092761993
__joint_lightgbm__,final_joint,"self__FR-013,self__INT-002,self__OB-004,self__PV-009,self__OB-003,self__FR-012,self__PV-017,self__PV-019,self__HF-001,self__PV-010,self__FR-002,self__PV-016,self__FR-005,self__PV-004,self__PV-015,self__FR-004,self__PV-011,self__PV-021,self__INT-003,self__OB-005,self__PV-023,self__FR-001,self__HF-004,self__PV-002,self__OB-002,self__OB-001,self__FR-010",2020-03-02,2020-05-28,2020-05-29,2020-06-29,factorlib__total_market_cap,19.0,133.51722955703735
__joint_lightgbm__,final_joint,"self__FR-013,self__INT-002,self__OB-004,self__PV-009,self__OB-003,self__FR-012,self__PV-017,self__PV-019,self__HF-001,self__PV-010,self__FR-002,self__PV-016,self__FR-005,self__PV-004,self__PV-015,self__FR-004,self__PV-011,self__PV-021,self__INT-003,self__OB-005,self__PV-023,self__FR-001,self__HF-004,self__PV-002,self__OB-002,self__OB-001,self__FR-010",2020-03-02,2020-05-28,2020-05-29,2020-06-29,factorlib__turn,88.0,1479.262225151062
__joint_lightgbm__,final_joint,"self__FR-013,self__INT-002,self__OB-004,self__PV-009,self__OB-003,self__FR-012,self__PV-017,self__PV-019,self__HF-001,self__PV-010,self__FR-002,self__PV-016,self__FR-005,self__PV-004,self__PV-015,self__FR-004,self__PV-011,self__PV-021,self__INT-003,self__OB-005,self__PV-023,self__FR-001,self__HF-004,self__PV-002,self__OB-002,self__OB-001,self__FR-010",2020-03-02,2020-05-28,2020-05-29,2020-06-29,factorlib__volatility_5,22.0,167.11643886566162
__joint_lightgbm__,final_joint,"self__FR-013,self__INT-002,self__OB-004,self__PV-009,self__OB-003,self__FR-012,self__PV-017,self__PV-019,self__HF-001,self__PV-010,self__FR-002,self__PV-016,self__FR-005,self__PV-004,self__PV-015,self__FR-004,self__PV-011,self__PV-021,self__INT-003,self__OB-005,self__PV-023,self__FR-001,self__HF-004,self__PV-002,self__OB-002,self__OB-001,self__FR-010",2020-03-02,2020-05-28,2020-05-29,2020-06-29,factorlib__volume,80.0,2501.449491262436
__joint_lightgbm__,final_joint,"self__FR-013,self__INT-002,self__OB-004,self__PV-009,self__OB-003,self__FR-012,self__PV-017,self__PV-019,self__HF-001,self__PV-010,self__FR-002,self__PV-016,self__FR-005,self__PV-004,self__PV-015,self__FR-004,self__PV-011,self__PV-021,self__INT-003,self__OB-005,self__PV-023,self__FR-001,self__HF-004,self__PV-002,self__OB-002,self__OB-001,self__FR-010",2020-03-02,2020-05-28,2020-05-29,2020-06-29,self__FR-013,16.0,111.6167893409729
__joint_lightgbm__,final_joint,"self__FR-013,self__INT-002,self__OB-004,self__PV-009,self__OB-003,self__FR-012,self__PV-017,self__PV-019,self__HF-001,self__PV-010,self__FR-002,self__PV-016,self__FR-005,self__PV-004,self__PV-015,self__FR-004,self__PV-011,self__PV-021,self__INT-003,self__OB-005,self__PV-023,self__FR-001,self__HF-004,self__PV-002,self__OB-002,self__OB-001,self__FR-010",2020-03-02,2020-05-28,2020-05-29,2020-06-29,self__INT-002,41.0,285.7700402736664
__joint_lightgbm__,final_joint,"self__FR-013,self__INT-002,self__OB-004,self__PV-009,self__OB-003,self__FR-012,self__PV-017,self__PV-019,self__HF-001,self__PV-010,self__FR-002,self__PV-016,self__FR-005,self__PV-004,self__PV-015,self__FR-004,self__PV-011,self__PV-021,self__INT-003,self__OB-005,self__PV-023,self__FR-001,self__HF-004,self__PV-002,self__OB-002,self__OB-001,self__FR-010",2020-03-02,2020-05-28,2020-05-29,2020-06-29,self__OB-004,9.0,33.351529598236084
__joint_lightgbm__,final_joint,"self__FR-013,self__INT-002,self__OB-004,self__PV-009,self__OB-003,self__FR-012,self__PV-017,self__PV-019,self__HF-001,self__PV-010,self__FR-002,self__PV-016,self__FR-005,self__PV-004,self__PV-015,self__FR-004,self__PV-011,self__PV-021,self__INT-003,self__OB-005,self__PV-023,self__FR-001,self__HF-004,self__PV-002,self__OB-002,self__OB-001,self__FR-010",2020-03-02,2020-05-28,2020-05-29,2020-06-29,self__PV-009,16.0,90.43098950386047
__joint_lightgbm__,final_joint,"self__FR-013,self__INT-002,self__OB-004,self__PV-009,self__OB-003,self__FR-012,self__PV-017,self__PV-019,self__HF-001,self__PV-010,self__FR-002,self__PV-016,self__FR-005,self__PV-004,self__PV-015,self__FR-004,self__PV-011,self__PV-021,self__INT-003,self__OB-005,self__PV-023,self__FR-001,self__HF-004,self__PV-002,self__OB-002,self__OB-001,self__FR-010",2020-03-02,2020-05-28,2020-05-29,2020-06-29,self__OB-003,21.0,118.31470966339111
__joint_lightgbm__,final_joint,"self__FR-013,self__INT-002,self__OB-004,self__PV-009,self__OB-003,self__FR-012,self__PV-017,self__PV-019,self__HF-001,self__PV-010,self__FR-002,self__PV-016,self__FR-005,self__PV-004,self__PV-015,self__FR-004,self__PV-011,self__PV-021,self__INT-003,self__OB-005,self__PV-023,self__FR-001,self__HF-004,self__PV-002,self__OB-002,self__OB-001,self__FR-010",2020-03-02,2020-05-28,2020-05-29,2020-06-29,self__FR-012,46.0,476.8614127635956
__joint_lightgbm__,final_joint,"self__FR-013,self__INT-002,self__OB-004,self__PV-009,self__OB-003,self__FR-012,self__PV-017,self__PV-019,self__HF-001,self__PV-010,self__FR-002,self__PV-016,self__FR-005,self__PV-004,self__PV-015,self__FR-004,self__PV-011,self__PV-021,self__INT-003,self__OB-005,self__PV-023,self__FR-001,self__HF-004,self__PV-002,self__OB-002,self__OB-001,self__FR-010",2020-03-02,2020-05-28,2020-05-29,2020-06-29,self__PV-017,0.0,0.0
__joint_lightgbm__,final_joint,"self__FR-013,self__INT-002,self__OB-004,self__PV-009,self__OB-003,self__FR-012,self__PV-017,self__PV-019,self__HF-001,self__PV-010,self__FR-002,self__PV-016,self__FR-005,self__PV-004,self__PV-015,self__FR-004,self__PV-011,self__PV-021,self__INT-003,self__OB-005,self__PV-023,self__FR-001,self__HF-004,self__PV-002,self__OB-002,self__OB-001,self__FR-010",2020-03-02,2020-05-28,2020-05-29,2020-06-29,self__PV-019,0.0,0.0
__joint_lightgbm__,final_joint,"self__FR-013,self__INT-002,self__OB-004,self__PV-009,self__OB-003,self__FR-012,self__PV-017,self__PV-019,self__HF-001,self__PV-010,self__FR-002,self__PV-016,self__FR-005,self__PV-004,self__PV-015,self__FR-004,self__PV-011,self__PV-021,self__INT-003,self__OB-005,self__PV-023,self__FR-001,self__HF-004,self__PV-002,self__OB-002,self__OB-001,self__FR-010",2020-03-02,2020-05-28,2020-05-29,2020-06-29,self__HF-001,42.0,277.1960406303406
__joint_lightgbm__,final_joint,"self__FR-013,self__INT-002,self__OB-004,self__PV-009,self__OB-003,self__FR-012,self__PV-017,self__PV-019,self__HF-001,self__PV-010,self__FR-002,self__PV-016,self__FR-005,self__PV-004,self__PV-015,self__FR-004,self__PV-011,self__PV-021,self__INT-003,self__OB-005,self__PV-023,self__FR-001,self__HF-004,self__PV-002,self__OB-002,self__OB-001,self__FR-010",2020-03-02,2020-05-28,2020-05-29,2020-06-29,self__PV-010,5.0,38.763100147247314
__joint_lightgbm__,final_joint,"self__FR-013,self__INT-002,self__OB-004,self__PV-009,self__OB-003,self__FR-012,self__PV-017,self__PV-019,self__HF-001,self__PV-010,self__FR-002,self__PV-016,self__FR-005,self__PV-004,self__PV-015,self__FR-004,self__PV-011,self__PV-021,self__INT-003,self__OB-005,self__PV-023,self__FR-001,self__HF-004,self__PV-002,self__OB-002,self__OB-001,self__FR-010",2020-03-02,2020-05-28,2020-05-29,2020-06-29,self__FR-002,18.0,86.33995056152344
__joint_lightgbm__,final_joint,"self__FR-013,self__INT-002,self__OB-004,self__PV-009,self__OB-003,self__FR-012,self__PV-017,self__PV-019,self__HF-001,self__PV-010,self__FR-002,self__PV-016,self__FR-005,self__PV-004,self__PV-015,self__FR-004,self__PV-011,self__PV-021,self__INT-003,self__OB-005,self__PV-023,self__FR-001,self__HF-004,self__PV-002,self__OB-002,self__OB-001,self__FR-010",2020-03-02,2020-05-28,2020-05-29,2020-06-29,self__PV-016,0.0,0.0
__joint_lightgbm__,final_joint,"self__FR-013,self__INT-002,self__OB-004,self__PV-009,self__OB-003,self__FR-012,self__PV-017,self__PV-019,self__HF-001,self__PV-010,self__FR-002,self__PV-016,self__FR-005,self__PV-004,self__PV-015,self__FR-004,self__PV-011,self__PV-021,self__INT-003,self__OB-005,self__PV-023,self__FR-001,self__HF-004,self__PV-002,self__OB-002,self__OB-001,self__FR-010",2020-03-02,2020-05-28,2020-05-29,2020-06-29,self__FR-005,2.0,7.291240215301514
__joint_lightgbm__,final_joint,"self__FR-013,self__INT-002,self__OB-004,self__PV-009,self__OB-003,self__FR-012,self__PV-017,self__PV-019,self__HF-001,self__PV-010,self__FR-002,self__PV-016,self__FR-005,self__PV-004,self__PV-015,self__FR-004,self__PV-011,self__PV-021,self__INT-003,self__OB-005,self__PV-023,self__FR-001,self__HF-004,self__PV-002,self__OB-002,self__OB-001,self__FR-010",2020-03-02,2020-05-28,2020-05-29,2020-06-29,self__PV-004,26.0,129.49598121643066
__joint_lightgbm__,final_joint,"self__FR-013,self__INT-002,self__OB-004,self__PV-009,self__OB-003,self__FR-012,self__PV-017,self__PV-019,self__HF-001,self__PV-010,self__FR-002,self__PV-016,self__FR-005,self__PV-004,self__PV-015,self__FR-004,self__PV-011,self__PV-021,self__INT-003,self__OB-005,self__PV-023,self__FR-001,self__HF-004,self__PV-002,self__OB-002,self__OB-001,self__FR-010",2020-03-02,2020-05-28,2020-05-29,2020-06-29,self__PV-015,0.0,0.0
__joint_lightgbm__,final_joint,"self__FR-013,self__INT-002,self__OB-004,self__PV-009,self__OB-003,self__FR-012,self__PV-017,self__PV-019,self__HF-001,self__PV-010,self__FR-002,self__PV-016,self__FR-005,self__PV-004,self__PV-015,self__FR-004,self__PV-011,self__PV-021,self__INT-003,self__OB-005,self__PV-023,self__FR-001,self__HF-004,self__PV-002,self__OB-002,self__OB-001,self__FR-010",2020-03-02,2020-05-28,2020-05-29,2020-06-29,self__FR-004,26.0,179.72142052650452
__joint_lightgbm__,final_joint,"self__FR-013,self__INT-002,self__OB-004,self__PV-009,self__OB-003,self__FR-012,self__PV-017,self__PV-019,self__HF-001,self__PV-010,self__FR-002,self__PV-016,self__FR-005,self__PV-004,self__PV-015,self__FR-004,self__PV-011,self__PV-021,self__INT-003,self__OB-005,self__PV-023,self__FR-001,self__HF-004,self__PV-002,self__OB-002,self__OB-001,self__FR-010",2020-03-02,2020-05-28,2020-05-29,2020-06-29,self__PV-011,33.0,218.26743865013123
__joint_lightgbm__,final_joint,"self__FR-013,self__INT-002,self__OB-004,self__PV-009,self__OB-003,self__FR-012,self__PV-017,self__PV-019,self__HF-001,self__PV-010,self__FR-002,self__PV-016,self__FR-005,self__PV-004,self__PV-015,self__FR-004,self__PV-011,self__PV-021,self__INT-003,self__OB-005,self__PV-023,self__FR-001,self__HF-004,self__PV-002,self__OB-002,self__OB-001,self__FR-010",2020-03-02,2020-05-28,2020-05-29,2020-06-29,self__PV-021,21.0,105.11067080497742
__joint_lightgbm__,final_joint,"self__FR-013,self__INT-002,self__OB-004,self__PV-009,self__OB-003,self__FR-012,self__PV-017,self__PV-019,self__HF-001,self__PV-010,self__FR-002,self__PV-016,self__FR-005,self__PV-004,self__PV-015,self__FR-004,self__PV-011,self__PV-021,self__INT-003,self__OB-005,self__PV-023,self__FR-001,self__HF-004,self__PV-002,self__OB-002,self__OB-001,self__FR-010",2020-03-02,2020-05-28,2020-05-29,2020-06-29,self__INT-003,29.0,254.98089218139648
__joint_lightgbm__,final_joint,"self__FR-013,self__INT-002,self__OB-004,self__PV-009,self__OB-003,self__FR-012,self__PV-017,self__PV-019,self__HF-001,self__PV-010,self__FR-002,self__PV-016,self__FR-005,self__PV-004,self__PV-015,self__FR-004,self__PV-011,self__PV-021,self__INT-003,self__OB-005,self__PV-023,self__FR-001,self__HF-004,self__PV-002,self__OB-002,self__OB-001,self__FR-010",2020-03-02,2020-05-28,2020-05-29,2020-06-29,self__OB-005,27.0,149.77266001701355
__joint_lightgbm__,final_joint,"self__FR-013,self__INT-002,self__OB-004,self__PV-009,self__OB-003,self__FR-012,self__PV-017,self__PV-019,self__HF-001,self__PV-010,self__FR-002,self__PV-016,self__FR-005,self__PV-004,self__PV-015,self__FR-004,self__PV-011,self__PV-021,self__INT-003,self__OB-005,self__PV-023,self__FR-001,self__HF-004,self__PV-002,self__OB-002,self__OB-001,self__FR-010",2020-03-02,2020-05-28,2020-05-29,2020-06-29,self__PV-023,1.0,5.731629848480225
__joint_lightgbm__,final_joint,"self__FR-013,self__INT-002,self__OB-004,self__PV-009,self__OB-003,self__FR-012,self__PV-017,self__PV-019,self__HF-001,self__PV-010,self__FR-002,self__PV-016,self__FR-005,self__PV-004,self__PV-015,self__FR-004,self__PV-011,self__PV-021,self__INT-003,self__OB-005,self__PV-023,self__FR-001,self__HF-004,self__PV-002,self__OB-002,self__OB-001,self__FR-010",2020-03-02,2020-05-28,2020-05-29,2020-06-29,self__FR-001,3.0,16.056450128555298
__joint_lightgbm__,final_joint,"self__FR-013,self__INT-002,self__OB-004,self__PV-009,self__OB-003,self__FR-012,self__PV-017,self__PV-019,self__HF-001,self__PV-010,self__FR-002,self__PV-016,self__FR-005,self__PV-004,self__PV-015,self__FR-004,self__PV-011,self__PV-021,self__INT-003,self__OB-005,self__PV-023,self__FR-001,self__HF-004,self__PV-002,self__OB-002,self__OB-001,self__FR-010",2020-03-02,2020-05-28,2020-05-29,2020-06-29,self__HF-004,11.0,59.40879940986633
__joint_lightgbm__,final_joint,"self__FR-013,self__INT-002,self__OB-004,self__PV-009,self__OB-003,self__FR-012,self__PV-017,self__PV-019,self__HF-001,self__PV-010,self__FR-002,self__PV-016,self__FR-005,self__PV-004,self__PV-015,self__FR-004,self__PV-011,self__PV-021,self__INT-003,self__OB-005,self__PV-023,self__FR-001,self__HF-004,self__PV-002,self__OB-002,self__OB-001,self__FR-010",2020-03-02,2020-05-28,2020-05-29,2020-06-29,self__PV-002,85.0,923.1803777217865
__joint_lightgbm__,final_joint,"self__FR-013,self__INT-002,self__OB-004,self__PV-009,self__OB-003,self__FR-012,self__PV-017,self__PV-019,self__HF-001,self__PV-010,self__FR-002,self__PV-016,self__FR-005,self__PV-004,self__PV-015,self__FR-004,self__PV-011,self__PV-021,self__INT-003,self__OB-005,self__PV-023,self__FR-001,self__HF-004,self__PV-002,self__OB-002,self__OB-001,self__FR-010",2020-03-02,2020-05-28,2020-05-29,2020-06-29,self__OB-002,36.0,216.1934814453125
__joint_lightgbm__,final_joint,"self__FR-013,self__INT-002,self__OB-004,self__PV-009,self__OB-003,self__FR-012,self__PV-017,self__PV-019,self__HF-001,self__PV-010,self__FR-002,self__PV-016,self__FR-005,self__PV-004,self__PV-015,self__FR-004,self__PV-011,self__PV-021,self__INT-003,self__OB-005,self__PV-023,self__FR-001,self__HF-004,self__PV-002,self__OB-002,self__OB-001,self__FR-010",2020-03-02,2020-05-28,2020-05-29,2020-06-29,self__OB-001,53.0,538.6683173179626
__joint_lightgbm__,final_joint,"self__FR-013,self__INT-002,self__OB-004,self__PV-009,self__OB-003,self__FR-012,self__PV-017,self__PV-019,self__HF-001,self__PV-010,self__FR-002,self__PV-016,self__FR-005,self__PV-004,self__PV-015,self__FR-004,self__PV-011,self__PV-021,self__INT-003,self__OB-005,self__PV-023,self__FR-001,self__HF-004,self__PV-002,self__OB-002,self__OB-001,self__FR-010",2020-03-02,2020-05-28,2020-05-29,2020-06-29,self__FR-010,2.0,8.916899919509888
__joint_lightgbm__,final_joint,"self__FR-013,self__INT-002,self__OB-004,self__PV-009,self__OB-003,self__FR-012,self__PV-017,self__PV-019,self__HF-001,self__PV-010,self__FR-002,self__PV-016,self__FR-005,self__PV-004,self__PV-015,self__FR-004,self__PV-011,self__PV-021,self__INT-003,self__OB-005,self__PV-023,self__FR-001,self__HF-004,self__PV-002,self__OB-002,self__OB-001,self__FR-010",2020-03-30,2020-06-29,2020-06-30,2020-07-27,factorlib__amount,3.0,13.350059986114502
__joint_lightgbm__,final_joint,"self__FR-013,self__INT-002,self__OB-004,self__PV-009,self__OB-003,self__FR-012,self__PV-017,self__PV-019,self__HF-001,self__PV-010,self__FR-002,self__PV-016,self__FR-005,self__PV-004,self__PV-015,self__FR-004,self__PV-011,self__PV-021,self__INT-003,self__OB-005,self__PV-023,self__FR-001,self__HF-004,self__PV-002,self__OB-002,self__OB-001,self__FR-010",2020-03-30,2020-06-29,2020-06-30,2020-07-27,factorlib__atr_14,39.0,394.1325900554657
__joint_lightgbm__,final_joint,"self__FR-013,self__INT-002,self__OB-004,self__PV-009,self__OB-003,self__FR-012,self__PV-017,self__PV-019,self__HF-001,self__PV-010,self__FR-002,self__PV-016,self__FR-005,self__PV-004,self__PV-015,self__FR-004,self__PV-011,self__PV-021,self__INT-003,self__OB-005,self__PV-023,self__FR-001,self__HF-004,self__PV-002,self__OB-002,self__OB-001,self__FR-010",2020-03-30,2020-06-29,2020-06-30,2020-07-27,factorlib__bias_20,49.0,400.20556807518005
__joint_lightgbm__,final_joint,"self__FR-013,self__INT-002,self__OB-004,self__PV-009,self__OB-003,self__FR-012,self__PV-017,self__PV-019,self__HF-001,self__PV-010,self__FR-002,self__PV-016,self__FR-005,self__PV-004,self__PV-015,self__FR-004,self__PV-011,self__PV-021,self__INT-003,self__OB-005,self__PV-023,self__FR-001,self__HF-004,self__PV-002,self__OB-002,self__OB-001,self__FR-010",2020-03-30,2020-06-29,2020-06-30,2020-07-27,factorlib__cci_14,52.0,354.01165986061096
__joint_lightgbm__,final_joint,"self__FR-013,self__INT-002,self__OB-004,self__PV-009,self__OB-003,self__FR-012,self__PV-017,self__PV-019,self__HF-001,self__PV-010,self__FR-002,self__PV-016,self__FR-005,self__PV-004,self__PV-015,self__FR-004,self__PV-011,self__PV-021,self__INT-003,self__OB-005,self__PV-023,self__FR-001,self__HF-004,self__PV-002,self__OB-002,self__OB-001,self__FR-010",2020-03-30,2020-06-29,2020-06-30,2020-07-27,factorlib__float_market_cap,44.0,451.2265236377716
__joint_lightgbm__,final_joint,"self__FR-013,self__INT-002,self__OB-004,self__PV-009,self__OB-003,self__FR-012,self__PV-017,self__PV-019,self__HF-001,self__PV-010,self__FR-002,self__PV-016,self__FR-005,self__PV-004,self__PV-015,self__FR-004,self__PV-011,self__PV-021,self__INT-003,self__OB-005,self__PV-023,self__FR-001,self__HF-004,self__PV-002,self__OB-002,self__OB-001,self__FR-010",2020-03-30,2020-06-29,2020-06-30,2020-07-27,factorlib__kdj_d_9_3_3,24.0,133.45108914375305
__joint_lightgbm__,final_joint,"self__FR-013,self__INT-002,self__OB-004,self__PV-009,self__OB-003,self__FR-012,self__PV-017,self__PV-019,self__HF-001,self__PV-010,self__FR-002,self__PV-016,self__FR-005,self__PV-004,self__PV-015,self__FR-004,self__PV-011,self__PV-021,self__INT-003,self__OB-005,self__PV-023,self__FR-001,self__HF-004,self__PV-002,self__OB-002,self__OB-001,self__FR-010",2020-03-30,2020-06-29,2020-06-30,2020-07-27,factorlib__macd_diff_12_26_9,2.0,10.667610168457031
__joint_lightgbm__,final_joint,"self__FR-013,self__INT-002,self__OB-004,self__PV-009,self__OB-003,self__FR-012,self__PV-017,self__PV-019,self__HF-001,self__PV-010,self__FR-002,self__PV-016,self__FR-005,self__PV-004,self__PV-015,self__FR-004,self__PV-011,self__PV-021,self__INT-003,self__OB-005,self__PV-023,self__FR-001,self__HF-004,self__PV-002,self__OB-002,self__OB-001,self__FR-010",2020-03-30,2020-06-29,2020-06-30,2020-07-27,factorlib__macd_hist_12_26_9,19.0,97.88295984268188
__joint_lightgbm__,final_joint,"self__FR-013,self__INT-002,self__OB-004,self__PV-009,self__OB-003,self__FR-012,self__PV-017,self__PV-019,self__HF-001,self__PV-010,self__FR-002,self__PV-016,self__FR-005,self__PV-004,self__PV-015,self__FR-004,self__PV-011,self__PV-021,self__INT-003,self__OB-005,self__PV-023,self__FR-001,self__HF-004,self__PV-002,self__OB-002,self__OB-001,self__FR-010",2020-03-30,2020-06-29,2020-06-30,2020-07-27,factorlib__momentum_5,91.0,1099.433307647705
__joint_lightgbm__,final_joint,"self__FR-013,self__INT-002,self__OB-004,self__PV-009,self__OB-003,self__FR-012,self__PV-017,self__PV-019,self__HF-001,self__PV-010,self__FR-002,self__PV-016,self__FR-005,self__PV-004,self__PV-015,self__FR-004,self__PV-011,self__PV-021,self__INT-003,self__OB-005,self__PV-023,self__FR-001,self__HF-004,self__PV-002,self__OB-002,self__OB-001,self__FR-010",2020-03-30,2020-06-29,2020-06-30,2020-07-27,factorlib__net_profit_rate_ttm,17.0,118.2060809135437
__joint_lightgbm__,final_joint,"self__FR-013,self__INT-002,self__OB-004,self__PV-009,self__OB-003,self__FR-012,self__PV-017,self__PV-019,self__HF-001,self__PV-010,self__FR-002,self__PV-016,self__FR-005,self__PV-004,self__PV-015,self__FR-004,self__PV-011,self__PV-021,self__INT-003,self__OB-005,self__PV-023,self__FR-001,self__HF-004,self__PV-002,self__OB-002,self__OB-001,self__FR-010",2020-03-30,2020-06-29,2020-06-30,2020-07-27,factorlib__netflow_amount_rate_main,125.0,1137.34273147583
__joint_lightgbm__,final_joint,"self__FR-013,self__INT-002,self__OB-004,self__PV-009,self__OB-003,self__FR-012,self__PV-017,self__PV-019,self__HF-001,self__PV-010,self__FR-002,self__PV-016,self__FR-005,self__PV-004,self__PV-015,self__FR-004,self__PV-011,self__PV-021,self__INT-003,self__OB-005,self__PV-023,self__FR-001,self__HF-004,self__PV-002,self__OB-002,self__OB-001,self__FR-010",2020-03-30,2020-06-29,2020-06-30,2020-07-27,factorlib__total_market_cap,67.0,703.320901632309
__joint_lightgbm__,final_joint,"self__FR-013,self__INT-002,self__OB-004,self__PV-009,self__OB-003,self__FR-012,self__PV-017,self__PV-019,self__HF-001,self__PV-010,self__FR-002,self__PV-016,self__FR-005,self__PV-004,self__PV-015,self__FR-004,self__PV-011,self__PV-021,self__INT-003,self__OB-005,self__PV-023,self__FR-001,self__HF-004,self__PV-002,self__OB-002,self__OB-001,self__FR-010",2020-03-30,2020-06-29,2020-06-30,2020-07-27,factorlib__turn,73.0,825.2593417167664
__joint_lightgbm__,final_joint,"self__FR-013,self__INT-002,self__OB-004,self__PV-009,self__OB-003,self__FR-012,self__PV-017,self__PV-019,self__HF-001,self__PV-010,self__FR-002,self__PV-016,self__FR-005,self__PV-004,self__PV-015,self__FR-004,self__PV-011,self__PV-021,self__INT-003,self__OB-005,self__PV-023,self__FR-001,self__HF-004,self__PV-002,self__OB-002,self__OB-001,self__FR-010",2020-03-30,2020-06-29,2020-06-30,2020-07-27,factorlib__volatility_5,31.0,217.07544922828674
__joint_lightgbm__,final_joint,"self__FR-013,self__INT-002,self__OB-004,self__PV-009,self__OB-003,self__FR-012,self__PV-017,self__PV-019,self__HF-001,self__PV-010,self__FR-002,self__PV-016,self__FR-005,self__PV-004,self__PV-015,self__FR-004,self__PV-011,self__PV-021,self__INT-003,self__OB-005,self__PV-023,self__FR-001,self__HF-004,self__PV-002,self__OB-002,self__OB-001,self__FR-010",2020-03-30,2020-06-29,2020-06-30,2020-07-27,factorlib__volume,102.0,3030.060329437256
__joint_lightgbm__,final_joint,"self__FR-013,self__INT-002,self__OB-004,self__PV-009,self__OB-003,self__FR-012,self__PV-017,self__PV-019,self__HF-001,self__PV-010,self__FR-002,self__PV-016,self__FR-005,self__PV-004,self__PV-015,self__FR-004,self__PV-011,self__PV-021,self__INT-003,self__OB-005,self__PV-023,self__FR-001,self__HF-004,self__PV-002,self__OB-002,self__OB-001,self__FR-010",2020-03-30,2020-06-29,2020-06-30,2020-07-27,self__FR-013,6.0,28.517470359802246
__joint_lightgbm__,final_joint,"self__FR-013,self__INT-002,self__OB-004,self__PV-009,self__OB-003,self__FR-012,self__PV-017,self__PV-019,self__HF-001,self__PV-010,self__FR-002,self__PV-016,self__FR-005,self__PV-004,self__PV-015,self__FR-004,self__PV-011,self__PV-021,self__INT-003,self__OB-005,self__PV-023,self__FR-001,self__HF-004,self__PV-002,self__OB-002,self__OB-001,self__FR-010",2020-03-30,2020-06-29,2020-06-30,2020-07-27,self__INT-002,23.0,110.89393973350525
__joint_lightgbm__,final_joint,"self__FR-013,self__INT-002,self__OB-004,self__PV-009,self__OB-003,self__FR-012,self__PV-017,self__PV-019,self__HF-001,self__PV-010,self__FR-002,self__PV-016,self__FR-005,self__PV-004,self__PV-015,self__FR-004,self__PV-011,self__PV-021,self__INT-003,self__OB-005,self__PV-023,self__FR-001,self__HF-004,self__PV-002,self__OB-002,self__OB-001,self__FR-010",2020-03-30,2020-06-29,2020-06-30,2020-07-27,self__OB-004,7.0,46.366440296173096
__joint_lightgbm__,final_joint,"self__FR-013,self__INT-002,self__OB-004,self__PV-009,self__OB-003,self__FR-012,self__PV-017,self__PV-019,self__HF-001,self__PV-010,self__FR-002,self__PV-016,self__FR-005,self__PV-004,self__PV-015,self__FR-004,self__PV-011,self__PV-021,self__INT-003,self__OB-005,self__PV-023,self__FR-001,self__HF-004,self__PV-002,self__OB-002,self__OB-001,self__FR-010",2020-03-30,2020-06-29,2020-06-30,2020-07-27,self__PV-009,6.0,19.572609663009644
__joint_lightgbm__,final_joint,"self__FR-013,self__INT-002,self__OB-004,self__PV-009,self__OB-003,self__FR-012,self__PV-017,self__PV-019,self__HF-001,self__PV-010,self__FR-002,self__PV-016,self__FR-005,self__PV-004,self__PV-015,self__FR-004,self__PV-011,self__PV-021,self__INT-003,self__OB-005,self__PV-023,self__FR-001,self__HF-004,self__PV-002,self__OB-002,self__OB-001,self__FR-010",2020-03-30,2020-06-29,2020-06-30,2020-07-27,self__OB-003,18.0,108.05417037010193
__joint_lightgbm__,final_joint,"self__FR-013,self__INT-002,self__OB-004,self__PV-009,self__OB-003,self__FR-012,self__PV-017,self__PV-019,self__HF-001,self__PV-010,self__FR-002,self__PV-016,self__FR-005,self__PV-004,self__PV-015,self__FR-004,self__PV-011,self__PV-021,self__INT-003,self__OB-005,self__PV-023,self__FR-001,self__HF-004,self__PV-002,self__OB-002,self__OB-001,self__FR-010",2020-03-30,2020-06-29,2020-06-30,2020-07-27,self__FR-012,6.0,42.90192937850952
__joint_lightgbm__,final_joint,"self__FR-013,self__INT-002,self__OB-004,self__PV-009,self__OB-003,self__FR-012,self__PV-017,self__PV-019,self__HF-001,self__PV-010,self__FR-002,self__PV-016,self__FR-005,self__PV-004,self__PV-015,self__FR-004,self__PV-011,self__PV-021,self__INT-003,self__OB-005,self__PV-023,self__FR-001,self__HF-004,self__PV-002,self__OB-002,self__OB-001,self__FR-010",2020-03-30,2020-06-29,2020-06-30,2020-07-27,self__PV-017,0.0,0.0
__joint_lightgbm__,final_joint,"self__FR-013,self__INT-002,self__OB-004,self__PV-009,self__OB-003,self__FR-012,self__PV-017,self__PV-019,self__HF-001,self__PV-010,self__FR-002,self__PV-016,self__FR-005,self__PV-004,self__PV-015,self__FR-004,self__PV-011,self__PV-021,self__INT-003,self__OB-005,self__PV-023,self__FR-001,self__HF-004,self__PV-002,self__OB-002,self__OB-001,self__FR-010",2020-03-30,2020-06-29,2020-06-30,2020-07-27,self__PV-019,0.0,0.0
__joint_lightgbm__,final_joint,"self__FR-013,self__INT-002,self__OB-004,self__PV-009,self__OB-003,self__FR-012,self__PV-017,self__PV-019,self__HF-001,self__PV-010,self__FR-002,self__PV-016,self__FR-005,self__PV-004,self__PV-015,self__FR-004,self__PV-011,self__PV-021,self__INT-003,self__OB-005,self__PV-023,self__FR-001,self__HF-004,self__PV-002,self__OB-002,self__OB-001,self__FR-010",2020-03-30,2020-06-29,2020-06-30,2020-07-27,self__HF-001,34.0,185.2217481136322
__joint_lightgbm__,final_joint,"self__FR-013,self__INT-002,self__OB-004,self__PV-009,self__OB-003,self__FR-012,self__PV-017,self__PV-019,self__HF-001,self__PV-010,self__FR-002,self__PV-016,self__FR-005,self__PV-004,self__PV-015,self__FR-004,self__PV-011,self__PV-021,self__INT-003,self__OB-005,self__PV-023,self__FR-001,self__HF-004,self__PV-002,self__OB-002,self__OB-001,self__FR-010",2020-03-30,2020-06-29,2020-06-30,2020-07-27,self__PV-010,9.0,75.54762864112854
__joint_lightgbm__,final_joint,"self__FR-013,self__INT-002,self__OB-004,self__PV-009,self__OB-003,self__FR-012,self__PV-017,self__PV-019,self__HF-001,self__PV-010,self__FR-002,self__PV-016,self__FR-005,self__PV-004,self__PV-015,self__FR-004,self__PV-011,self__PV-021,self__INT-003,self__OB-005,self__PV-023,self__FR-001,self__HF-004,self__PV-002,self__OB-002,self__OB-001,self__FR-010",2020-03-30,2020-06-29,2020-06-30,2020-07-27,self__FR-002,4.0,13.594640254974365
__joint_lightgbm__,final_joint,"self__FR-013,self__INT-002,self__OB-004,self__PV-009,self__OB-003,self__FR-012,self__PV-017,self__PV-019,self__HF-001,self__PV-010,self__FR-002,self__PV-016,self__FR-005,self__PV-004,self__PV-015,self__FR-004,self__PV-011,self__PV-021,self__INT-003,self__OB-005,self__PV-023,self__FR-001,self__HF-004,self__PV-002,self__OB-002,self__OB-001,self__FR-010",2020-03-30,2020-06-29,2020-06-30,2020-07-27,self__PV-016,0.0,0.0
__joint_lightgbm__,final_joint,"self__FR-013,self__INT-002,self__OB-004,self__PV-009,self__OB-003,self__FR-012,self__PV-017,self__PV-019,self__HF-001,self__PV-010,self__FR-002,self__PV-016,self__FR-005,self__PV-004,self__PV-015,self__FR-004,self__PV-011,self__PV-021,self__INT-003,self__OB-005,self__PV-023,self__FR-001,self__HF-004,self__PV-002,self__OB-002,self__OB-001,self__FR-010",2020-03-30,2020-06-29,2020-06-30,2020-07-27,self__FR-005,5.0,26.098079681396484
__joint_lightgbm__,final_joint,"self__FR-013,self__INT-002,self__OB-004,self__PV-009,self__OB-003,self__FR-012,self__PV-017,self__PV-019,self__HF-001,self__PV-010,self__FR-002,self__PV-016,self__FR-005,self__PV-004,self__PV-015,self__FR-004,self__PV-011,self__PV-021,self__INT-003,self__OB-005,self__PV-023,self__FR-001,self__HF-004,self__PV-002,self__OB-002,self__OB-001,self__FR-010",2020-03-30,2020-06-29,2020-06-30,2020-07-27,self__PV-004,5.0,28.510209560394287
__joint_lightgbm__,final_joint,"self__FR-013,self__INT-002,self__OB-004,self__PV-009,self__OB-003,self__FR-012,self__PV-017,self__PV-019,self__HF-001,self__PV-010,self__FR-002,self__PV-016,self__FR-005,self__PV-004,self__PV-015,self__FR-004,self__PV-011,self__PV-021,self__INT-003,self__OB-005,self__PV-023,self__FR-001,self__HF-004,self__PV-002,self__OB-002,self__OB-001,self__FR-010",2020-03-30,2020-06-29,2020-06-30,2020-07-27,self__PV-015,0.0,0.0
__joint_lightgbm__,final_joint,"self__FR-013,self__INT-002,self__OB-004,self__PV-009,self__OB-003,self__FR-012,self__PV-017,self__PV-019,self__HF-001,self__PV-010,self__FR-002,self__PV-016,self__FR-005,self__PV-004,self__PV-015,self__FR-004,self__PV-011,self__PV-021,self__INT-003,self__OB-005,self__PV-023,self__FR-001,self__HF-004,self__PV-002,self__OB-002,self__OB-001,self__FR-010",2020-03-30,2020-06-29,2020-06-30,2020-07-27,self__FR-004,29.0,182.67998027801514
__joint_lightgbm__,final_joint,"self__FR-013,self__INT-002,self__OB-004,self__PV-009,self__OB-003,self__FR-012,self__PV-017,self__PV-019,self__HF-001,self__PV-010,self__FR-002,self__PV-016,self__FR-005,self__PV-004,self__PV-015,self__FR-004,self__PV-011,self__PV-021,self__INT-003,self__OB-005,self__PV-023,self__FR-001,self__HF-004,self__PV-002,self__OB-002,self__OB-001,self__FR-010",2020-03-30,2020-06-29,2020-06-30,2020-07-27,self__PV-011,35.0,310.4598205089569
__joint_lightgbm__,final_joint,"self__FR-013,self__INT-002,self__OB-004,self__PV-009,self__OB-003,self__FR-012,self__PV-017,self__PV-019,self__HF-001,self__PV-010,self__FR-002,self__PV-016,self__FR-005,self__PV-004,self__PV-015,self__FR-004,self__PV-011,self__PV-021,self__INT-003,self__OB-005,self__PV-023,self__FR-001,self__HF-004,self__PV-002,self__OB-002,self__OB-001,self__FR-010",2020-03-30,2020-06-29,2020-06-30,2020-07-27,self__PV-021,21.0,122.28341102600098
__joint_lightgbm__,final_joint,"self__FR-013,self__INT-002,self__OB-004,self__PV-009,self__OB-003,self__FR-012,self__PV-017,self__PV-019,self__HF-001,self__PV-010,self__FR-002,self__PV-016,self__FR-005,self__PV-004,self__PV-015,self__FR-004,self__PV-011,self__PV-021,self__INT-003,self__OB-005,self__PV-023,self__FR-001,self__HF-004,self__PV-002,self__OB-002,self__OB-001,self__FR-010",2020-03-30,2020-06-29,2020-06-30,2020-07-27,self__INT-003,9.0,63.995229721069336
__joint_lightgbm__,final_joint,"self__FR-013,self__INT-002,self__OB-004,self__PV-009,self__OB-003,self__FR-012,self__PV-017,self__PV-019,self__HF-001,self__PV-010,self__FR-002,self__PV-016,self__FR-005,self__PV-004,self__PV-015,self__FR-004,self__PV-011,self__PV-021,self__INT-003,self__OB-005,self__PV-023,self__FR-001,self__HF-004,self__PV-002,self__OB-002,self__OB-001,self__FR-010",2020-03-30,2020-06-29,2020-06-30,2020-07-27,self__OB-005,21.0,106.87032008171082
__joint_lightgbm__,final_joint,"self__FR-013,self__INT-002,self__OB-004,self__PV-009,self__OB-003,self__FR-012,self__PV-017,self__PV-019,self__HF-001,self__PV-010,self__FR-002,self__PV-016,self__FR-005,self__PV-004,self__PV-015,self__FR-004,self__PV-011,self__PV-021,self__INT-003,self__OB-005,self__PV-023,self__FR-001,self__HF-004,self__PV-002,self__OB-002,self__OB-001,self__FR-010",2020-03-30,2020-06-29,2020-06-30,2020-07-27,self__PV-023,3.0,23.07025957107544
__joint_lightgbm__,final_joint,"self__FR-013,self__INT-002,self__OB-004,self__PV-009,self__OB-003,self__FR-012,self__PV-017,self__PV-019,self__HF-001,self__PV-010,self__FR-002,self__PV-016,self__FR-005,self__PV-004,self__PV-015,self__FR-004,self__PV-011,self__PV-021,self__INT-003,self__OB-005,self__PV-023,self__FR-001,self__HF-004,self__PV-002,self__OB-002,self__OB-001,self__FR-010",2020-03-30,2020-06-29,2020-06-30,2020-07-27,self__FR-001,2.0,12.891069889068604
__joint_lightgbm__,final_joint,"self__FR-013,self__INT-002,self__OB-004,self__PV-009,self__OB-003,self__FR-012,self__PV-017,self__PV-019,self__HF-001,self__PV-010,self__FR-002,self__PV-016,self__FR-005,self__PV-004,self__PV-015,self__FR-004,self__PV-011,self__PV-021,self__INT-003,self__OB-005,self__PV-023,self__FR-001,self__HF-004,self__PV-002,self__OB-002,self__OB-001,self__FR-010",2020-03-30,2020-06-29,2020-06-30,2020-07-27,self__HF-004,14.0,110.67579054832458
__joint_lightgbm__,final_joint,"self__FR-013,self__INT-002,self__OB-004,self__PV-009,self__OB-003,self__FR-012,self__PV-017,self__PV-019,self__HF-001,self__PV-010,self__FR-002,self__PV-016,self__FR-005,self__PV-004,self__PV-015,self__FR-004,self__PV-011,self__PV-021,self__INT-003,self__OB-005,self__PV-023,self__FR-001,self__HF-004,self__PV-002,self__OB-002,self__OB-001,self__FR-010",2020-03-30,2020-06-29,2020-06-30,2020-07-27,self__PV-002,110.0,1204.416734457016
__joint_lightgbm__,final_joint,"self__FR-013,self__INT-002,self__OB-004,self__PV-009,self__OB-003,self__FR-012,self__PV-017,self__PV-019,self__HF-001,self__PV-010,self__FR-002,self__PV-016,self__FR-005,self__PV-004,self__PV-015,self__FR-004,self__PV-011,self__PV-021,self__INT-003,self__OB-005,self__PV-023,self__FR-001,self__HF-004,self__PV-002,self__OB-002,self__OB-001,self__FR-010",2020-03-30,2020-06-29,2020-06-30,2020-07-27,self__OB-002,37.0,340.3410596847534
__joint_lightgbm__,final_joint,"self__FR-013,self__INT-002,self__OB-004,self__PV-009,self__OB-003,self__FR-012,self__PV-017,self__PV-019,self__HF-001,self__PV-010,self__FR-002,self__PV-016,self__FR-005,self__PV-004,self__PV-015,self__FR-004,self__PV-011,self__PV-021,self__INT-003,self__OB-005,self__PV-023,self__FR-001,self__HF-004,self__PV-002,self__OB-002,self__OB-001,self__FR-010",2020-03-30,2020-06-29,2020-06-30,2020-07-27,self__OB-001,54.0,611.5179240703583
__joint_lightgbm__,final_joint,"self__FR-013,self__INT-002,self__OB-004,self__PV-009,self__OB-003,self__FR-012,self__PV-017,self__PV-019,self__HF-001,self__PV-010,self__FR-002,self__PV-016,self__FR-005,self__PV-004,self__PV-015,self__FR-004,self__PV-011,self__PV-021,self__INT-003,self__OB-005,self__PV-023,self__FR-001,self__HF-004,self__PV-002,self__OB-002,self__OB-001,self__FR-010",2020-03-30,2020-06-29,2020-06-30,2020-07-27,self__FR-010,4.0,20.253539562225342
__joint_lightgbm__,final_joint,"self__FR-013,self__INT-002,self__OB-004,self__PV-009,self__OB-003,self__FR-012,self__PV-017,self__PV-019,self__HF-001,self__PV-010,self__FR-002,self__PV-016,self__FR-005,self__PV-004,self__PV-015,self__FR-004,self__PV-011,self__PV-021,self__INT-003,self__OB-005,self__PV-023,self__FR-001,self__HF-004,self__PV-002,self__OB-002,self__OB-001,self__FR-010",2020-04-28,2020-07-27,2020-07-28,2020-08-24,factorlib__amount,16.0,121.00207948684692
__joint_lightgbm__,final_joint,"self__FR-013,self__INT-002,self__OB-004,self__PV-009,self__OB-003,self__FR-012,self__PV-017,self__PV-019,self__HF-001,self__PV-010,self__FR-002,self__PV-016,self__FR-005,self__PV-004,self__PV-015,self__FR-004,self__PV-011,self__PV-021,self__INT-003,self__OB-005,self__PV-023,self__FR-001,self__HF-004,self__PV-002,self__OB-002,self__OB-001,self__FR-010",2020-04-28,2020-07-27,2020-07-28,2020-08-24,factorlib__atr_14,12.0,119.2324104309082
__joint_lightgbm__,final_joint,"self__FR-013,self__INT-002,self__OB-004,self__PV-009,self__OB-003,self__FR-012,self__PV-017,self__PV-019,self__HF-001,self__PV-010,self__FR-002,self__PV-016,self__FR-005,self__PV-004,self__PV-015,self__FR-004,self__PV-011,self__PV-021,self__INT-003,self__OB-005,self__PV-023,self__FR-001,self__HF-004,self__PV-002,self__OB-002,self__OB-001,self__FR-010",2020-04-28,2020-07-27,2020-07-28,2020-08-24,factorlib__bias_20,60.0,669.771231174469
__joint_lightgbm__,final_joint,"self__FR-013,self__INT-002,self__OB-004,self__PV-009,self__OB-003,self__FR-012,self__PV-017,self__PV-019,self__HF-001,self__PV-010,self__FR-002,self__PV-016,self__FR-005,self__PV-004,self__PV-015,self__FR-004,self__PV-011,self__PV-021,self__INT-003,self__OB-005,self__PV-023,self__FR-001,self__HF-004,self__PV-002,self__OB-002,self__OB-001,self__FR-010",2020-04-28,2020-07-27,2020-07-28,2020-08-24,factorlib__cci_14,40.0,273.6164393424988
__joint_lightgbm__,final_joint,"self__FR-013,self__INT-002,self__OB-004,self__PV-009,self__OB-003,self__FR-012,self__PV-017,self__PV-019,self__HF-001,self__PV-010,self__FR-002,self__PV-016,self__FR-005,self__PV-004,self__PV-015,self__FR-004,self__PV-011,self__PV-021,self__INT-003,self__OB-005,self__PV-023,self__FR-001,self__HF-004,self__PV-002,self__OB-002,self__OB-001,self__FR-010",2020-04-28,2020-07-27,2020-07-28,2020-08-24,factorlib__float_market_cap,64.0,491.5767102241516
__joint_lightgbm__,final_joint,"self__FR-013,self__INT-002,self__OB-004,self__PV-009,self__OB-003,self__FR-012,self__PV-017,self__PV-019,self__HF-001,self__PV-010,self__FR-002,self__PV-016,self__FR-005,self__PV-004,self__PV-015,self__FR-004,self__PV-011,self__PV-021,self__INT-003,self__OB-005,self__PV-023,self__FR-001,self__HF-004,self__PV-002,self__OB-002,self__OB-001,self__FR-010",2020-04-28,2020-07-27,2020-07-28,2020-08-24,factorlib__kdj_d_9_3_3,22.0,122.38616895675659
__joint_lightgbm__,final_joint,"self__FR-013,self__INT-002,self__OB-004,self__PV-009,self__OB-003,self__FR-012,self__PV-017,self__PV-019,self__HF-001,self__PV-010,self__FR-002,self__PV-016,self__FR-005,self__PV-004,self__PV-015,self__FR-004,self__PV-011,self__PV-021,self__INT-003,self__OB-005,self__PV-023,self__FR-001,self__HF-004,self__PV-002,self__OB-002,self__OB-001,self__FR-010",2020-04-28,2020-07-27,2020-07-28,2020-08-24,factorlib__macd_diff_12_26_9,27.0,176.87526035308838
__joint_lightgbm__,final_joint,"self__FR-013,self__INT-002,self__OB-004,self__PV-009,self__OB-003,self__FR-012,self__PV-017,self__PV-019,self__HF-001,self__PV-010,self__FR-002,self__PV-016,self__FR-005,self__PV-004,self__PV-015,self__FR-004,self__PV-011,self__PV-021,self__INT-003,self__OB-005,self__PV-023,self__FR-001,self__HF-004,self__PV-002,self__OB-002,self__OB-001,self__FR-010",2020-04-28,2020-07-27,2020-07-28,2020-08-24,factorlib__macd_hist_12_26_9,15.0,68.83816957473755
__joint_lightgbm__,final_joint,"self__FR-013,self__INT-002,self__OB-004,self__PV-009,self__OB-003,self__FR-012,self__PV-017,self__PV-019,self__HF-001,self__PV-010,self__FR-002,self__PV-016,self__FR-005,self__PV-004,self__PV-015,self__FR-004,self__PV-011,self__PV-021,self__INT-003,self__OB-005,self__PV-023,self__FR-001,self__HF-004,self__PV-002,self__OB-002,self__OB-001,self__FR-010",2020-04-28,2020-07-27,2020-07-28,2020-08-24,factorlib__momentum_5,108.0,1403.5654153823853
__joint_lightgbm__,final_joint,"self__FR-013,self__INT-002,self__OB-004,self__PV-009,self__OB-003,self__FR-012,self__PV-017,self__PV-019,self__HF-001,self__PV-010,self__FR-002,self__PV-016,self__FR-005,self__PV-004,self__PV-015,self__FR-004,self__PV-011,self__PV-021,self__INT-003,self__OB-005,self__PV-023,self__FR-001,self__HF-004,self__PV-002,self__OB-002,self__OB-001,self__FR-010",2020-04-28,2020-07-27,2020-07-28,2020-08-24,factorlib__net_profit_rate_ttm,13.0,70.81971001625061
__joint_lightgbm__,final_joint,"self__FR-013,self__INT-002,self__OB-004,self__PV-009,self__OB-003,self__FR-012,self__PV-017,self__PV-019,self__HF-001,self__PV-010,self__FR-002,self__PV-016,self__FR-005,self__PV-004,self__PV-015,self__FR-004,self__PV-011,self__PV-021,self__INT-003,self__OB-005,self__PV-023,self__FR-001,self__HF-004,self__PV-002,self__OB-002,self__OB-001,self__FR-010",2020-04-28,2020-07-27,2020-07-28,2020-08-24,factorlib__netflow_amount_rate_main,155.0,1657.163999080658
__joint_lightgbm__,final_joint,"self__FR-013,self__INT-002,self__OB-004,self__PV-009,self__OB-003,self__FR-012,self__PV-017,self__PV-019,self__HF-001,self__PV-010,self__FR-002,self__PV-016,self__FR-005,self__PV-004,self__PV-015,self__FR-004,self__PV-011,self__PV-021,self__INT-003,self__OB-005,self__PV-023,self__FR-001,self__HF-004,self__PV-002,self__OB-002,self__OB-001,self__FR-010",2020-04-28,2020-07-27,2020-07-28,2020-08-24,factorlib__total_market_cap,13.0,109.57354068756104
__joint_lightgbm__,final_joint,"self__FR-013,self__INT-002,self__OB-004,self__PV-009,self__OB-003,self__FR-012,self__PV-017,self__PV-019,self__HF-001,self__PV-010,self__FR-002,self__PV-016,self__FR-005,self__PV-004,self__PV-015,self__FR-004,self__PV-011,self__PV-021,self__INT-003,self__OB-005,self__PV-023,self__FR-001,self__HF-004,self__PV-002,self__OB-002,self__OB-001,self__FR-010",2020-04-28,2020-07-27,2020-07-28,2020-08-24,factorlib__turn,106.0,1374.2183203697205
__joint_lightgbm__,final_joint,"self__FR-013,self__INT-002,self__OB-004,self__PV-009,self__OB-003,self__FR-012,self__PV-017,self__PV-019,self__HF-001,self__PV-010,self__FR-002,self__PV-016,self__FR-005,self__PV-004,self__PV-015,self__FR-004,self__PV-011,self__PV-021,self__INT-003,self__OB-005,self__PV-023,self__FR-001,self__HF-004,self__PV-002,self__OB-002,self__OB-001,self__FR-010",2020-04-28,2020-07-27,2020-07-28,2020-08-24,factorlib__volatility_5,53.0,452.4042911529541
__joint_lightgbm__,final_joint,"self__FR-013,self__INT-002,self__OB-004,self__PV-009,self__OB-003,self__FR-012,self__PV-017,self__PV-019,self__HF-001,self__PV-010,self__FR-002,self__PV-016,self__FR-005,self__PV-004,self__PV-015,self__FR-004,self__PV-011,self__PV-021,self__INT-003,self__OB-005,self__PV-023,self__FR-001,self__HF-004,self__PV-002,self__OB-002,self__OB-001,self__FR-010",2020-04-28,2020-07-27,2020-07-28,2020-08-24,factorlib__volume,69.0,1214.1119315624237
__joint_lightgbm__,final_joint,"self__FR-013,self__INT-002,self__OB-004,self__PV-009,self__OB-003,self__FR-012,self__PV-017,self__PV-019,self__HF-001,self__PV-010,self__FR-002,self__PV-016,self__FR-005,self__PV-004,self__PV-015,self__FR-004,self__PV-011,self__PV-021,self__INT-003,self__OB-005,self__PV-023,self__FR-001,self__HF-004,self__PV-002,self__OB-002,self__OB-001,self__FR-010",2020-04-28,2020-07-27,2020-07-28,2020-08-24,self__FR-013,11.0,58.91926026344299
__joint_lightgbm__,final_joint,"self__FR-013,self__INT-002,self__OB-004,self__PV-009,self__OB-003,self__FR-012,self__PV-017,self__PV-019,self__HF-001,self__PV-010,self__FR-002,self__PV-016,self__FR-005,self__PV-004,self__PV-015,self__FR-004,self__PV-011,self__PV-021,self__INT-003,self__OB-005,self__PV-023,self__FR-001,self__HF-004,self__PV-002,self__OB-002,self__OB-001,self__FR-010",2020-04-28,2020-07-27,2020-07-28,2020-08-24,self__INT-002,19.0,124.39138960838318
__joint_lightgbm__,final_joint,"self__FR-013,self__INT-002,self__OB-004,self__PV-009,self__OB-003,self__FR-012,self__PV-017,self__PV-019,self__HF-001,self__PV-010,self__FR-002,self__PV-016,self__FR-005,self__PV-004,self__PV-015,self__FR-004,self__PV-011,self__PV-021,self__INT-003,self__OB-005,self__PV-023,self__FR-001,self__HF-004,self__PV-002,self__OB-002,self__OB-001,self__FR-010",2020-04-28,2020-07-27,2020-07-28,2020-08-24,self__OB-004,5.0,29.642120361328125
__joint_lightgbm__,final_joint,"self__FR-013,self__INT-002,self__OB-004,self__PV-009,self__OB-003,self__FR-012,self__PV-017,self__PV-019,self__HF-001,self__PV-010,self__FR-002,self__PV-016,self__FR-005,self__PV-004,self__PV-015,self__FR-004,self__PV-011,self__PV-021,self__INT-003,self__OB-005,self__PV-023,self__FR-001,self__HF-004,self__PV-002,self__OB-002,self__OB-001,self__FR-010",2020-04-28,2020-07-27,2020-07-28,2020-08-24,self__PV-009,6.0,29.7629497051239
__joint_lightgbm__,final_joint,"self__FR-013,self__INT-002,self__OB-004,self__PV-009,self__OB-003,self__FR-012,self__PV-017,self__PV-019,self__HF-001,self__PV-010,self__FR-002,self__PV-016,self__FR-005,self__PV-004,self__PV-015,self__FR-004,self__PV-011,self__PV-021,self__INT-003,self__OB-005,self__PV-023,self__FR-001,self__HF-004,self__PV-002,self__OB-002,self__OB-001,self__FR-010",2020-04-28,2020-07-27,2020-07-28,2020-08-24,self__OB-003,11.0,44.449050426483154
__joint_lightgbm__,final_joint,"self__FR-013,self__INT-002,self__OB-004,self__PV-009,self__OB-003,self__FR-012,self__PV-017,self__PV-019,self__HF-001,self__PV-010,self__FR-002,self__PV-016,self__FR-005,self__PV-004,self__PV-015,self__FR-004,self__PV-011,self__PV-021,self__INT-003,self__OB-005,self__PV-023,self__FR-001,self__HF-004,self__PV-002,self__OB-002,self__OB-001,self__FR-010",2020-04-28,2020-07-27,2020-07-28,2020-08-24,self__FR-012,0.0,0.0
__joint_lightgbm__,final_joint,"self__FR-013,self__INT-002,self__OB-004,self__PV-009,self__OB-003,self__FR-012,self__PV-017,self__PV-019,self__HF-001,self__PV-010,self__FR-002,self__PV-016,self__FR-005,self__PV-004,self__PV-015,self__FR-004,self__PV-011,self__PV-021,self__INT-003,self__OB-005,self__PV-023,self__FR-001,self__HF-004,self__PV-002,self__OB-002,self__OB-001,self__FR-010",2020-04-28,2020-07-27,2020-07-28,2020-08-24,self__PV-017,0.0,0.0
__joint_lightgbm__,final_joint,"self__FR-013,self__INT-002,self__OB-004,self__PV-009,self__OB-003,self__FR-012,self__PV-017,self__PV-019,self__HF-001,self__PV-010,self__FR-002,self__PV-016,self__FR-005,self__PV-004,self__PV-015,self__FR-004,self__PV-011,self__PV-021,self__INT-003,self__OB-005,self__PV-023,self__FR-001,self__HF-004,self__PV-002,self__OB-002,self__OB-001,self__FR-010",2020-04-28,2020-07-27,2020-07-28,2020-08-24,self__PV-019,0.0,0.0
__joint_lightgbm__,final_joint,"self__FR-013,self__INT-002,self__OB-004,self__PV-009,self__OB-003,self__FR-012,self__PV-017,self__PV-019,self__HF-001,self__PV-010,self__FR-002,self__PV-016,self__FR-005,self__PV-004,self__PV-015,self__FR-004,self__PV-011,self__PV-021,self__INT-003,self__OB-005,self__PV-023,self__FR-001,self__HF-004,self__PV-002,self__OB-002,self__OB-001,self__FR-010",2020-04-28,2020-07-27,2020-07-28,2020-08-24,self__HF-001,19.0,99.06594967842102
__joint_lightgbm__,final_joint,"self__FR-013,self__INT-002,self__OB-004,self__PV-009,self__OB-003,self__FR-012,self__PV-017,self__PV-019,self__HF-001,self__PV-010,self__FR-002,self__PV-016,self__FR-005,self__PV-004,self__PV-015,self__FR-004,self__PV-011,self__PV-021,self__INT-003,self__OB-005,self__PV-023,self__FR-001,self__HF-004,self__PV-002,self__OB-002,self__OB-001,self__FR-010",2020-04-28,2020-07-27,2020-07-28,2020-08-24,self__PV-010,8.0,32.76816987991333
__joint_lightgbm__,final_joint,"self__FR-013,self__INT-002,self__OB-004,self__PV-009,self__OB-003,self__FR-012,self__PV-017,self__PV-019,self__HF-001,self__PV-010,self__FR-002,self__PV-016,self__FR-005,self__PV-004,self__PV-015,self__FR-004,self__PV-011,self__PV-021,self__INT-003,self__OB-005,self__PV-023,self__FR-001,self__HF-004,self__PV-002,self__OB-002,self__OB-001,self__FR-010",2020-04-28,2020-07-27,2020-07-28,2020-08-24,self__FR-002,6.0,19.925559997558594
__joint_lightgbm__,final_joint,"self__FR-013,self__INT-002,self__OB-004,self__PV-009,self__OB-003,self__FR-012,self__PV-017,self__PV-019,self__HF-001,self__PV-010,self__FR-002,self__PV-016,self__FR-005,self__PV-004,self__PV-015,self__FR-004,self__PV-011,self__PV-021,self__INT-003,self__OB-005,self__PV-023,self__FR-001,self__HF-004,self__PV-002,self__OB-002,self__OB-001,self__FR-010",2020-04-28,2020-07-27,2020-07-28,2020-08-24,self__PV-016,0.0,0.0
__joint_lightgbm__,final_joint,"self__FR-013,self__INT-002,self__OB-004,self__PV-009,self__OB-003,self__FR-012,self__PV-017,self__PV-019,self__HF-001,self__PV-010,self__FR-002,self__PV-016,self__FR-005,self__PV-004,self__PV-015,self__FR-004,self__PV-011,self__PV-021,self__INT-003,self__OB-005,self__PV-023,self__FR-001,self__HF-004,self__PV-002,self__OB-002,self__OB-001,self__FR-010",2020-04-28,2020-07-27,2020-07-28,2020-08-24,self__FR-005,0.0,0.0
__joint_lightgbm__,final_joint,"self__FR-013,self__INT-002,self__OB-004,self__PV-009,self__OB-003,self__FR-012,self__PV-017,self__PV-019,self__HF-001,self__PV-010,self__FR-002,self__PV-016,self__FR-005,self__PV-004,self__PV-015,self__FR-004,self__PV-011,self__PV-021,self__INT-003,self__OB-005,self__PV-023,self__FR-001,self__HF-004,self__PV-002,self__OB-002,self__OB-001,self__FR-010",2020-04-28,2020-07-27,2020-07-28,2020-08-24,self__PV-004,16.0,68.89912962913513
__joint_lightgbm__,final_joint,"self__FR-013,self__INT-002,self__OB-004,self__PV-009,self__OB-003,self__FR-012,self__PV-017,self__PV-019,self__HF-001,self__PV-010,self__FR-002,self__PV-016,self__FR-005,self__PV-004,self__PV-015,self__FR-004,self__PV-011,self__PV-021,self__INT-003,self__OB-005,self__PV-023,self__FR-001,self__HF-004,self__PV-002,self__OB-002,self__OB-001,self__FR-010",2020-04-28,2020-07-27,2020-07-28,2020-08-24,self__PV-015,0.0,0.0
__joint_lightgbm__,final_joint,"self__FR-013,self__INT-002,self__OB-004,self__PV-009,self__OB-003,self__FR-012,self__PV-017,self__PV-019,self__HF-001,self__PV-010,self__FR-002,self__PV-016,self__FR-005,self__PV-004,self__PV-015,self__FR-004,self__PV-011,self__PV-021,self__INT-003,self__OB-005,self__PV-023,self__FR-001,self__HF-004,self__PV-002,self__OB-002,self__OB-001,self__FR-010",2020-04-28,2020-07-27,2020-07-28,2020-08-24,self__FR-004,23.0,117.31529927253723
__joint_lightgbm__,final_joint,"self__FR-013,self__INT-002,self__OB-004,self__PV-009,self__OB-003,self__FR-012,self__PV-017,self__PV-019,self__HF-001,self__PV-010,self__FR-002,self__PV-016,self__FR-005,self__PV-004,self__PV-015,self__FR-004,self__PV-011,self__PV-021,self__INT-003,self__OB-005,self__PV-023,self__FR-001,self__HF-004,self__PV-002,self__OB-002,self__OB-001,self__FR-010",2020-04-28,2020-07-27,2020-07-28,2020-08-24,self__PV-011,17.0,111.10378837585449
__joint_lightgbm__,final_joint,"self__FR-013,self__INT-002,self__OB-004,self__PV-009,self__OB-003,self__FR-012,self__PV-017,self__PV-019,self__HF-001,self__PV-010,self__FR-002,self__PV-016,self__FR-005,self__PV-004,self__PV-015,self__FR-004,self__PV-011,self__PV-021,self__INT-003,self__OB-005,self__PV-023,self__FR-001,self__HF-004,self__PV-002,self__OB-002,self__OB-001,self__FR-010",2020-04-28,2020-07-27,2020-07-28,2020-08-24,self__PV-021,13.0,72.84899878501892
__joint_lightgbm__,final_joint,"self__FR-013,self__INT-002,self__OB-004,self__PV-009,self__OB-003,self__FR-012,self__PV-017,self__PV-019,self__HF-001,self__PV-010,self__FR-002,self__PV-016,self__FR-005,self__PV-004,self__PV-015,self__FR-004,self__PV-011,self__PV-021,self__INT-003,self__OB-005,self__PV-023,self__FR-001,self__HF-004,self__PV-002,self__OB-002,self__OB-001,self__FR-010",2020-04-28,2020-07-27,2020-07-28,2020-08-24,self__INT-003,24.0,169.24368906021118
__joint_lightgbm__,final_joint,"self__FR-013,self__INT-002,self__OB-004,self__PV-009,self__OB-003,self__FR-012,self__PV-017,self__PV-019,self__HF-001,self__PV-010,self__FR-002,self__PV-016,self__FR-005,self__PV-004,self__PV-015,self__FR-004,self__PV-011,self__PV-021,self__INT-003,self__OB-005,self__PV-023,self__FR-001,self__HF-004,self__PV-002,self__OB-002,self__OB-001,self__FR-010",2020-04-28,2020-07-27,2020-07-28,2020-08-24,self__OB-005,26.0,165.59194993972778
__joint_lightgbm__,final_joint,"self__FR-013,self__INT-002,self__OB-004,self__PV-009,self__OB-003,self__FR-012,self__PV-017,self__PV-019,self__HF-001,self__PV-010,self__FR-002,self__PV-016,self__FR-005,self__PV-004,self__PV-015,self__FR-004,self__PV-011,self__PV-021,self__INT-003,self__OB-005,self__PV-023,self__FR-001,self__HF-004,self__PV-002,self__OB-002,self__OB-001,self__FR-010",2020-04-28,2020-07-27,2020-07-28,2020-08-24,self__PV-023,0.0,0.0
__joint_lightgbm__,final_joint,"self__FR-013,self__INT-002,self__OB-004,self__PV-009,self__OB-003,self__FR-012,self__PV-017,self__PV-019,self__HF-001,self__PV-010,self__FR-002,self__PV-016,self__FR-005,self__PV-004,self__PV-015,self__FR-004,self__PV-011,self__PV-021,self__INT-003,self__OB-005,self__PV-023,self__FR-001,self__HF-004,self__PV-002,self__OB-002,self__OB-001,self__FR-010",2020-04-28,2020-07-27,2020-07-28,2020-08-24,self__FR-001,3.0,18.258790016174316
__joint_lightgbm__,final_joint,"self__FR-013,self__INT-002,self__OB-004,self__PV-009,self__OB-003,self__FR-012,self__PV-017,self__PV-019,self__HF-001,self__PV-010,self__FR-002,self__PV-016,self__FR-005,self__PV-004,self__PV-015,self__FR-004,self__PV-011,self__PV-021,self__INT-003,self__OB-005,self__PV-023,self__FR-001,self__HF-004,self__PV-002,self__OB-002,self__OB-001,self__FR-010",2020-04-28,2020-07-27,2020-07-28,2020-08-24,self__HF-004,29.0,203.73725032806396
__joint_lightgbm__,final_joint,"self__FR-013,self__INT-002,self__OB-004,self__PV-009,self__OB-003,self__FR-012,self__PV-017,self__PV-019,self__HF-001,self__PV-010,self__FR-002,self__PV-016,self__FR-005,self__PV-004,self__PV-015,self__FR-004,self__PV-011,self__PV-021,self__INT-003,self__OB-005,self__PV-023,self__FR-001,self__HF-004,self__PV-002,self__OB-002,self__OB-001,self__FR-010",2020-04-28,2020-07-27,2020-07-28,2020-08-24,self__PV-002,110.0,1060.5443620681763
__joint_lightgbm__,final_joint,"self__FR-013,self__INT-002,self__OB-004,self__PV-009,self__OB-003,self__FR-012,self__PV-017,self__PV-019,self__HF-001,self__PV-010,self__FR-002,self__PV-016,self__FR-005,self__PV-004,self__PV-015,self__FR-004,self__PV-011,self__PV-021,self__INT-003,self__OB-005,self__PV-023,self__FR-001,self__HF-004,self__PV-002,self__OB-002,self__OB-001,self__FR-010",2020-04-28,2020-07-27,2020-07-28,2020-08-24,self__OB-002,16.0,90.36338019371033
__joint_lightgbm__,final_joint,"self__FR-013,self__INT-002,self__OB-004,self__PV-009,self__OB-003,self__FR-012,self__PV-017,self__PV-019,self__HF-001,self__PV-010,self__FR-002,self__PV-016,self__FR-005,self__PV-004,self__PV-015,self__FR-004,self__PV-011,self__PV-021,self__INT-003,self__OB-005,self__PV-023,self__FR-001,self__HF-004,self__PV-002,self__OB-002,self__OB-001,self__FR-010",2020-04-28,2020-07-27,2020-07-28,2020-08-24,self__OB-001,63.0,677.6591205596924
__joint_lightgbm__,final_joint,"self__FR-013,self__INT-002,self__OB-004,self__PV-009,self__OB-003,self__FR-012,self__PV-017,self__PV-019,self__HF-001,self__PV-010,self__FR-002,self__PV-016,self__FR-005,self__PV-004,self__PV-015,self__FR-004,self__PV-011,self__PV-021,self__INT-003,self__OB-005,self__PV-023,self__FR-001,self__HF-004,self__PV-002,self__OB-002,self__OB-001,self__FR-010",2020-04-28,2020-07-27,2020-07-28,2020-08-24,self__FR-010,2.0,9.559879779815674
__joint_lightgbm__,final_joint,"self__FR-013,self__INT-002,self__OB-004,self__PV-009,self__OB-003,self__FR-012,self__PV-017,self__PV-019,self__HF-001,self__PV-010,self__FR-002,self__PV-016,self__FR-005,self__PV-004,self__PV-015,self__FR-004,self__PV-011,self__PV-021,self__INT-003,self__OB-005,self__PV-023,self__FR-001,self__HF-004,self__PV-002,self__OB-002,self__OB-001,self__FR-010",2020-05-29,2020-08-24,2020-08-25,2020-09-21,factorlib__amount,23.0,186.34291887283325
__joint_lightgbm__,final_joint,"self__FR-013,self__INT-002,self__OB-004,self__PV-009,self__OB-003,self__FR-012,self__PV-017,self__PV-019,self__HF-001,self__PV-010,self__FR-002,self__PV-016,self__FR-005,self__PV-004,self__PV-015,self__FR-004,self__PV-011,self__PV-021,self__INT-003,self__OB-005,self__PV-023,self__FR-001,self__HF-004,self__PV-002,self__OB-002,self__OB-001,self__FR-010",2020-05-29,2020-08-24,2020-08-25,2020-09-21,factorlib__atr_14,10.0,69.44048976898193
__joint_lightgbm__,final_joint,"self__FR-013,self__INT-002,self__OB-004,self__PV-009,self__OB-003,self__FR-012,self__PV-017,self__PV-019,self__HF-001,self__PV-010,self__FR-002,self__PV-016,self__FR-005,self__PV-004,self__PV-015,self__FR-004,self__PV-011,self__PV-021,self__INT-003,self__OB-005,self__PV-023,self__FR-001,self__HF-004,self__PV-002,self__OB-002,self__OB-001,self__FR-010",2020-05-29,2020-08-24,2020-08-25,2020-09-21,factorlib__bias_20,80.0,999.6569986343384
__joint_lightgbm__,final_joint,"self__FR-013,self__INT-002,self__OB-004,self__PV-009,self__OB-003,self__FR-012,self__PV-017,self__PV-019,self__HF-001,self__PV-010,self__FR-002,self__PV-016,self__FR-005,self__PV-004,self__PV-015,self__FR-004,self__PV-011,self__PV-021,self__INT-003,self__OB-005,self__PV-023,self__FR-001,self__HF-004,self__PV-002,self__OB-002,self__OB-001,self__FR-010",2020-05-29,2020-08-24,2020-08-25,2020-09-21,factorlib__cci_14,5.0,34.0806097984314
__joint_lightgbm__,final_joint,"self__FR-013,self__INT-002,self__OB-004,self__PV-009,self__OB-003,self__FR-012,self__PV-017,self__PV-019,self__HF-001,self__PV-010,self__FR-002,self__PV-016,self__FR-005,self__PV-004,self__PV-015,self__FR-004,self__PV-011,self__PV-021,self__INT-003,self__OB-005,self__PV-023,self__FR-001,self__HF-004,self__PV-002,self__OB-002,self__OB-001,self__FR-010",2020-05-29,2020-08-24,2020-08-25,2020-09-21,factorlib__float_market_cap,14.0,81.22326993942261
__joint_lightgbm__,final_joint,"self__FR-013,self__INT-002,self__OB-004,self__PV-009,self__OB-003,self__FR-012,self__PV-017,self__PV-019,self__HF-001,self__PV-010,self__FR-002,self__PV-016,self__FR-005,self__PV-004,self__PV-015,self__FR-004,self__PV-011,self__PV-021,self__INT-003,self__OB-005,self__PV-023,self__FR-001,self__HF-004,self__PV-002,self__OB-002,self__OB-001,self__FR-010",2020-05-29,2020-08-24,2020-08-25,2020-09-21,factorlib__kdj_d_9_3_3,20.0,122.55141115188599
__joint_lightgbm__,final_joint,"self__FR-013,self__INT-002,self__OB-004,self__PV-009,self__OB-003,self__FR-012,self__PV-017,self__PV-019,self__HF-001,self__PV-010,self__FR-002,self__PV-016,self__FR-005,self__PV-004,self__PV-015,self__FR-004,self__PV-011,self__PV-021,self__INT-003,self__OB-005,self__PV-023,self__FR-001,self__HF-004,self__PV-002,self__OB-002,self__OB-001,self__FR-010",2020-05-29,2020-08-24,2020-08-25,2020-09-21,factorlib__macd_diff_12_26_9,26.0,274.89448261260986
__joint_lightgbm__,final_joint,"self__FR-013,self__INT-002,self__OB-004,self__PV-009,self__OB-003,self__FR-012,self__PV-017,self__PV-019,self__HF-001,self__PV-010,self__FR-002,self__PV-016,self__FR-005,self__PV-004,self__PV-015,self__FR-004,self__PV-011,self__PV-021,self__INT-003,self__OB-005,self__PV-023,self__FR-001,self__HF-004,self__PV-002,self__OB-002,self__OB-001,self__FR-010",2020-05-29,2020-08-24,2020-08-25,2020-09-21,factorlib__macd_hist_12_26_9,15.0,65.6503496170044
__joint_lightgbm__,final_joint,"self__FR-013,self__INT-002,self__OB-004,self__PV-009,self__OB-003,self__FR-012,self__PV-017,self__PV-019,self__HF-001,self__PV-010,self__FR-002,self__PV-016,self__FR-005,self__PV-004,self__PV-015,self__FR-004,self__PV-011,self__PV-021,self__INT-003,self__OB-005,self__PV-023,self__FR-001,self__HF-004,self__PV-002,self__OB-002,self__OB-001,self__FR-010",2020-05-29,2020-08-24,2020-08-25,2020-09-21,factorlib__momentum_5,109.0,1655.3960809707642
__joint_lightgbm__,final_joint,"self__FR-013,self__INT-002,self__OB-004,self__PV-009,self__OB-003,self__FR-012,self__PV-017,self__PV-019,self__HF-001,self__PV-010,self__FR-002,self__PV-016,self__FR-005,self__PV-004,self__PV-015,self__FR-004,self__PV-011,self__PV-021,self__INT-003,self__OB-005,self__PV-023,self__FR-001,self__HF-004,self__PV-002,self__OB-002,self__OB-001,self__FR-010",2020-05-29,2020-08-24,2020-08-25,2020-09-21,factorlib__net_profit_rate_ttm,15.0,76.95244908332825
__joint_lightgbm__,final_joint,"self__FR-013,self__INT-002,self__OB-004,self__PV-009,self__OB-003,self__FR-012,self__PV-017,self__PV-019,self__HF-001,self__PV-010,self__FR-002,self__PV-016,self__FR-005,self__PV-004,self__PV-015,self__FR-004,self__PV-011,self__PV-021,self__INT-003,self__OB-005,self__PV-023,self__FR-001,self__HF-004,self__PV-002,self__OB-002,self__OB-001,self__FR-010",2020-05-29,2020-08-24,2020-08-25,2020-09-21,factorlib__netflow_amount_rate_main,137.0,1552.8280589580536
__joint_lightgbm__,final_joint,"self__FR-013,self__INT-002,self__OB-004,self__PV-009,self__OB-003,self__FR-012,self__PV-017,self__PV-019,self__HF-001,self__PV-010,self__FR-002,self__PV-016,self__FR-005,self__PV-004,self__PV-015,self__FR-004,self__PV-011,self__PV-021,self__INT-003,self__OB-005,self__PV-023,self__FR-001,self__HF-004,self__PV-002,self__OB-002,self__OB-001,self__FR-010",2020-05-29,2020-08-24,2020-08-25,2020-09-21,factorlib__total_market_cap,11.0,110.6247296333313
__joint_lightgbm__,final_joint,"self__FR-013,self__INT-002,self__OB-004,self__PV-009,self__OB-003,self__FR-012,self__PV-017,self__PV-019,self__HF-001,self__PV-010,self__FR-002,self__PV-016,self__FR-005,self__PV-004,self__PV-015,self__FR-004,self__PV-011,self__PV-021,self__INT-003,self__OB-005,self__PV-023,self__FR-001,self__HF-004,self__PV-002,self__OB-002,self__OB-001,self__FR-010",2020-05-29,2020-08-24,2020-08-25,2020-09-21,factorlib__turn,70.0,1057.0359301567078
__joint_lightgbm__,final_joint,"self__FR-013,self__INT-002,self__OB-004,self__PV-009,self__OB-003,self__FR-012,self__PV-017,self__PV-019,self__HF-001,self__PV-010,self__FR-002,self__PV-016,self__FR-005,self__PV-004,self__PV-015,self__FR-004,self__PV-011,self__PV-021,self__INT-003,self__OB-005,self__PV-023,self__FR-001,self__HF-004,self__PV-002,self__OB-002,self__OB-001,self__FR-010",2020-05-29,2020-08-24,2020-08-25,2020-09-21,factorlib__volatility_5,38.0,306.870299577713
__joint_lightgbm__,final_joint,"self__FR-013,self__INT-002,self__OB-004,self__PV-009,self__OB-003,self__FR-012,self__PV-017,self__PV-019,self__HF-001,self__PV-010,self__FR-002,self__PV-016,self__FR-005,self__PV-004,self__PV-015,self__FR-004,self__PV-011,self__PV-021,self__INT-003,self__OB-005,self__PV-023,self__FR-001,self__HF-004,self__PV-002,self__OB-002,self__OB-001,self__FR-010",2020-05-29,2020-08-24,2020-08-25,2020-09-21,factorlib__volume,49.0,620.3591775894165
__joint_lightgbm__,final_joint,"self__FR-013,self__INT-002,self__OB-004,self__PV-009,self__OB-003,self__FR-012,self__PV-017,self__PV-019,self__HF-001,self__PV-010,self__FR-002,self__PV-016,self__FR-005,self__PV-004,self__PV-015,self__FR-004,self__PV-011,self__PV-021,self__INT-003,self__OB-005,self__PV-023,self__FR-001,self__HF-004,self__PV-002,self__OB-002,self__OB-001,self__FR-010",2020-05-29,2020-08-24,2020-08-25,2020-09-21,self__FR-013,0.0,0.0
__joint_lightgbm__,final_joint,"self__FR-013,self__INT-002,self__OB-004,self__PV-009,self__OB-003,self__FR-012,self__PV-017,self__PV-019,self__HF-001,self__PV-010,self__FR-002,self__PV-016,self__FR-005,self__PV-004,self__PV-015,self__FR-004,self__PV-011,self__PV-021,self__INT-003,self__OB-005,self__PV-023,self__FR-001,self__HF-004,self__PV-002,self__OB-002,self__OB-001,self__FR-010",2020-05-29,2020-08-24,2020-08-25,2020-09-21,self__INT-002,16.0,74.73548984527588
__joint_lightgbm__,final_joint,"self__FR-013,self__INT-002,self__OB-004,self__PV-009,self__OB-003,self__FR-012,self__PV-017,self__PV-019,self__HF-001,self__PV-010,self__FR-002,self__PV-016,self__FR-005,self__PV-004,self__PV-015,self__FR-004,self__PV-011,self__PV-021,self__INT-003,self__OB-005,self__PV-023,self__FR-001,self__HF-004,self__PV-002,self__OB-002,self__OB-001,self__FR-010",2020-05-29,2020-08-24,2020-08-25,2020-09-21,self__OB-004,14.0,78.17264032363892
__joint_lightgbm__,final_joint,"self__FR-013,self__INT-002,self__OB-004,self__PV-009,self__OB-003,self__FR-012,self__PV-017,self__PV-019,self__HF-001,self__PV-010,self__FR-002,self__PV-016,self__FR-005,self__PV-004,self__PV-015,self__FR-004,self__PV-011,self__PV-021,self__INT-003,self__OB-005,self__PV-023,self__FR-001,self__HF-004,self__PV-002,self__OB-002,self__OB-001,self__FR-010",2020-05-29,2020-08-24,2020-08-25,2020-09-21,self__PV-009,18.0,81.43810987472534
__joint_lightgbm__,final_joint,"self__FR-013,self__INT-002,self__OB-004,self__PV-009,self__OB-003,self__FR-012,self__PV-017,self__PV-019,self__HF-001,self__PV-010,self__FR-002,self__PV-016,self__FR-005,self__PV-004,self__PV-015,self__FR-004,self__PV-011,self__PV-021,self__INT-003,self__OB-005,self__PV-023,self__FR-001,self__HF-004,self__PV-002,self__OB-002,self__OB-001,self__FR-010",2020-05-29,2020-08-24,2020-08-25,2020-09-21,self__OB-003,16.0,94.47187924385071
__joint_lightgbm__,final_joint,"self__FR-013,self__INT-002,self__OB-004,self__PV-009,self__OB-003,self__FR-012,self__PV-017,self__PV-019,self__HF-001,self__PV-010,self__FR-002,self__PV-016,self__FR-005,self__PV-004,self__PV-015,self__FR-004,self__PV-011,self__PV-021,self__INT-003,self__OB-005,self__PV-023,self__FR-001,self__HF-004,self__PV-002,self__OB-002,self__OB-001,self__FR-010",2020-05-29,2020-08-24,2020-08-25,2020-09-21,self__FR-012,3.0,14.545850276947021
__joint_lightgbm__,final_joint,"self__FR-013,self__INT-002,self__OB-004,self__PV-009,self__OB-003,self__FR-012,self__PV-017,self__PV-019,self__HF-001,self__PV-010,self__FR-002,self__PV-016,self__FR-005,self__PV-004,self__PV-015,self__FR-004,self__PV-011,self__PV-021,self__INT-003,self__OB-005,self__PV-023,self__FR-001,self__HF-004,self__PV-002,self__OB-002,self__OB-001,self__FR-010",2020-05-29,2020-08-24,2020-08-25,2020-09-21,self__PV-017,0.0,0.0
__joint_lightgbm__,final_joint,"self__FR-013,self__INT-002,self__OB-004,self__PV-009,self__OB-003,self__FR-012,self__PV-017,self__PV-019,self__HF-001,self__PV-010,self__FR-002,self__PV-016,self__FR-005,self__PV-004,self__PV-015,self__FR-004,self__PV-011,self__PV-021,self__INT-003,self__OB-005,self__PV-023,self__FR-001,self__HF-004,self__PV-002,self__OB-002,self__OB-001,self__FR-010",2020-05-29,2020-08-24,2020-08-25,2020-09-21,self__PV-019,29.0,151.0362503528595
__joint_lightgbm__,final_joint,"self__FR-013,self__INT-002,self__OB-004,self__PV-009,self__OB-003,self__FR-012,self__PV-017,self__PV-019,self__HF-001,self__PV-010,self__FR-002,self__PV-016,self__FR-005,self__PV-004,self__PV-015,self__FR-004,self__PV-011,self__PV-021,self__INT-003,self__OB-005,self__PV-023,self__FR-001,self__HF-004,self__PV-002,self__OB-002,self__OB-001,self__FR-010",2020-05-29,2020-08-24,2020-08-25,2020-09-21,self__HF-001,28.0,189.15951800346375
__joint_lightgbm__,final_joint,"self__FR-013,self__INT-002,self__OB-004,self__PV-009,self__OB-003,self__FR-012,self__PV-017,self__PV-019,self__HF-001,self__PV-010,self__FR-002,self__PV-016,self__FR-005,self__PV-004,self__PV-015,self__FR-004,self__PV-011,self__PV-021,self__INT-003,self__OB-005,self__PV-023,self__FR-001,self__HF-004,self__PV-002,self__OB-002,self__OB-001,self__FR-010",2020-05-29,2020-08-24,2020-08-25,2020-09-21,self__PV-010,12.0,56.27377009391785
__joint_lightgbm__,final_joint,"self__FR-013,self__INT-002,self__OB-004,self__PV-009,self__OB-003,self__FR-012,self__PV-017,self__PV-019,self__HF-001,self__PV-010,self__FR-002,self__PV-016,self__FR-005,self__PV-004,self__PV-015,self__FR-004,self__PV-011,self__PV-021,self__INT-003,self__OB-005,self__PV-023,self__FR-001,self__HF-004,self__PV-002,self__OB-002,self__OB-001,self__FR-010",2020-05-29,2020-08-24,2020-08-25,2020-09-21,self__FR-002,22.0,101.78558039665222
__joint_lightgbm__,final_joint,"self__FR-013,self__INT-002,self__OB-004,self__PV-009,self__OB-003,self__FR-012,self__PV-017,self__PV-019,self__HF-001,self__PV-010,self__FR-002,self__PV-016,self__FR-005,self__PV-004,self__PV-015,self__FR-004,self__PV-011,self__PV-021,self__INT-003,self__OB-005,self__PV-023,self__FR-001,self__HF-004,self__PV-002,self__OB-002,self__OB-001,self__FR-010",2020-05-29,2020-08-24,2020-08-25,2020-09-21,self__PV-016,0.0,0.0
__joint_lightgbm__,final_joint,"self__FR-013,self__INT-002,self__OB-004,self__PV-009,self__OB-003,self__FR-012,self__PV-017,self__PV-019,self__HF-001,self__PV-010,self__FR-002,self__PV-016,self__FR-005,self__PV-004,self__PV-015,self__FR-004,self__PV-011,self__PV-021,self__INT-003,self__OB-005,self__PV-023,self__FR-001,self__HF-004,self__PV-002,self__OB-002,self__OB-001,self__FR-010",2020-05-29,2020-08-24,2020-08-25,2020-09-21,self__FR-005,14.0,66.00874042510986
__joint_lightgbm__,final_joint,"self__FR-013,self__INT-002,self__OB-004,self__PV-009,self__OB-003,self__FR-012,self__PV-017,self__PV-019,self__HF-001,self__PV-010,self__FR-002,self__PV-016,self__FR-005,self__PV-004,self__PV-015,self__FR-004,self__PV-011,self__PV-021,self__INT-003,self__OB-005,self__PV-023,self__FR-001,self__HF-004,self__PV-002,self__OB-002,self__OB-001,self__FR-010",2020-05-29,2020-08-24,2020-08-25,2020-09-21,self__PV-004,3.0,13.637300252914429
__joint_lightgbm__,final_joint,"self__FR-013,self__INT-002,self__OB-004,self__PV-009,self__OB-003,self__FR-012,self__PV-017,self__PV-019,self__HF-001,self__PV-010,self__FR-002,self__PV-016,self__FR-005,self__PV-004,self__PV-015,self__FR-004,self__PV-011,self__PV-021,self__INT-003,self__OB-005,self__PV-023,self__FR-001,self__HF-004,self__PV-002,self__OB-002,self__OB-001,self__FR-010",2020-05-29,2020-08-24,2020-08-25,2020-09-21,self__PV-015,0.0,0.0
__joint_lightgbm__,final_joint,"self__FR-013,self__INT-002,self__OB-004,self__PV-009,self__OB-003,self__FR-012,self__PV-017,self__PV-019,self__HF-001,self__PV-010,self__FR-002,self__PV-016,self__FR-005,self__PV-004,self__PV-015,self__FR-004,self__PV-011,self__PV-021,self__INT-003,self__OB-005,self__PV-023,self__FR-001,self__HF-004,self__PV-002,self__OB-002,self__OB-001,self__FR-010",2020-05-29,2020-08-24,2020-08-25,2020-09-21,self__FR-004,20.0,82.10445952415466
__joint_lightgbm__,final_joint,"self__FR-013,self__INT-002,self__OB-004,self__PV-009,self__OB-003,self__FR-012,self__PV-017,self__PV-019,self__HF-001,self__PV-010,self__FR-002,self__PV-016,self__FR-005,self__PV-004,self__PV-015,self__FR-004,self__PV-011,self__PV-021,self__INT-003,self__OB-005,self__PV-023,self__FR-001,self__HF-004,self__PV-002,self__OB-002,self__OB-001,self__FR-010",2020-05-29,2020-08-24,2020-08-25,2020-09-21,self__PV-011,11.0,70.50177001953125
__joint_lightgbm__,final_joint,"self__FR-013,self__INT-002,self__OB-004,self__PV-009,self__OB-003,self__FR-012,self__PV-017,self__PV-019,self__HF-001,self__PV-010,self__FR-002,self__PV-016,self__FR-005,self__PV-004,self__PV-015,self__FR-004,self__PV-011,self__PV-021,self__INT-003,self__OB-005,self__PV-023,self__FR-001,self__HF-004,self__PV-002,self__OB-002,self__OB-001,self__FR-010",2020-05-29,2020-08-24,2020-08-25,2020-09-21,self__PV-021,25.0,164.89099073410034
__joint_lightgbm__,final_joint,"self__FR-013,self__INT-002,self__OB-004,self__PV-009,self__OB-003,self__FR-012,self__PV-017,self__PV-019,self__HF-001,self__PV-010,self__FR-002,self__PV-016,self__FR-005,self__PV-004,self__PV-015,self__FR-004,self__PV-011,self__PV-021,self__INT-003,self__OB-005,self__PV-023,self__FR-001,self__HF-004,self__PV-002,self__OB-002,self__OB-001,self__FR-010",2020-05-29,2020-08-24,2020-08-25,2020-09-21,self__INT-003,60.0,483.9384593963623
__joint_lightgbm__,final_joint,"self__FR-013,self__INT-002,self__OB-004,self__PV-009,self__OB-003,self__FR-012,self__PV-017,self__PV-019,self__HF-001,self__PV-010,self__FR-002,self__PV-016,self__FR-005,self__PV-004,self__PV-015,self__FR-004,self__PV-011,self__PV-021,self__INT-003,self__OB-005,self__PV-023,self__FR-001,self__HF-004,self__PV-002,self__OB-002,self__OB-001,self__FR-010",2020-05-29,2020-08-24,2020-08-25,2020-09-21,self__OB-005,46.0,380.5190315246582
__joint_lightgbm__,final_joint,"self__FR-013,self__INT-002,self__OB-004,self__PV-009,self__OB-003,self__FR-012,self__PV-017,self__PV-019,self__HF-001,self__PV-010,self__FR-002,self__PV-016,self__FR-005,self__PV-004,self__PV-015,self__FR-004,self__PV-011,self__PV-021,self__INT-003,self__OB-005,self__PV-023,self__FR-001,self__HF-004,self__PV-002,self__OB-002,self__OB-001,self__FR-010",2020-05-29,2020-08-24,2020-08-25,2020-09-21,self__PV-023,8.0,34.57074046134949
__joint_lightgbm__,final_joint,"self__FR-013,self__INT-002,self__OB-004,self__PV-009,self__OB-003,self__FR-012,self__PV-017,self__PV-019,self__HF-001,self__PV-010,self__FR-002,self__PV-016,self__FR-005,self__PV-004,self__PV-015,self__FR-004,self__PV-011,self__PV-021,self__INT-003,self__OB-005,self__PV-023,self__FR-001,self__HF-004,self__PV-002,self__OB-002,self__OB-001,self__FR-010",2020-05-29,2020-08-24,2020-08-25,2020-09-21,self__FR-001,9.0,38.30736947059631
__joint_lightgbm__,final_joint,"self__FR-013,self__INT-002,self__OB-004,self__PV-009,self__OB-003,self__FR-012,self__PV-017,self__PV-019,self__HF-001,self__PV-010,self__FR-002,self__PV-016,self__FR-005,self__PV-004,self__PV-015,self__FR-004,self__PV-011,self__PV-021,self__INT-003,self__OB-005,self__PV-023,self__FR-001,self__HF-004,self__PV-002,self__OB-002,self__OB-001,self__FR-010",2020-05-29,2020-08-24,2020-08-25,2020-09-21,self__HF-004,27.0,258.4697289466858
__joint_lightgbm__,final_joint,"self__FR-013,self__INT-002,self__OB-004,self__PV-009,self__OB-003,self__FR-012,self__PV-017,self__PV-019,self__HF-001,self__PV-010,self__FR-002,self__PV-016,self__FR-005,self__PV-004,self__PV-015,self__FR-004,self__PV-011,self__PV-021,self__INT-003,self__OB-005,self__PV-023,self__FR-001,self__HF-004,self__PV-002,self__OB-002,self__OB-001,self__FR-010",2020-05-29,2020-08-24,2020-08-25,2020-09-21,self__PV-002,121.0,1042.1985833644867
__joint_lightgbm__,final_joint,"self__FR-013,self__INT-002,self__OB-004,self__PV-009,self__OB-003,self__FR-012,self__PV-017,self__PV-019,self__HF-001,self__PV-010,self__FR-002,self__PV-016,self__FR-005,self__PV-004,self__PV-015,self__FR-004,self__PV-011,self__PV-021,self__INT-003,self__OB-005,self__PV-023,self__FR-001,self__HF-004,self__PV-002,self__OB-002,self__OB-001,self__FR-010",2020-05-29,2020-08-24,2020-08-25,2020-09-21,self__OB-002,13.0,55.47047019004822
__joint_lightgbm__,final_joint,"self__FR-013,self__INT-002,self__OB-004,self__PV-009,self__OB-003,self__FR-012,self__PV-017,self__PV-019,self__HF-001,self__PV-010,self__FR-002,self__PV-016,self__FR-005,self__PV-004,self__PV-015,self__FR-004,self__PV-011,self__PV-021,self__INT-003,self__OB-005,self__PV-023,self__FR-001,self__HF-004,self__PV-002,self__OB-002,self__OB-001,self__FR-010",2020-05-29,2020-08-24,2020-08-25,2020-09-21,self__OB-001,62.0,748.8683156967163
__joint_lightgbm__,final_joint,"self__FR-013,self__INT-002,self__OB-004,self__PV-009,self__OB-003,self__FR-012,self__PV-017,self__PV-019,self__HF-001,self__PV-010,self__FR-002,self__PV-016,self__FR-005,self__PV-004,self__PV-015,self__FR-004,self__PV-011,self__PV-021,self__INT-003,self__OB-005,self__PV-023,self__FR-001,self__HF-004,self__PV-002,self__OB-002,self__OB-001,self__FR-010",2020-05-29,2020-08-24,2020-08-25,2020-09-21,self__FR-010,1.0,4.233650207519531
__joint_lightgbm__,final_joint,"self__FR-013,self__INT-002,self__OB-004,self__PV-009,self__OB-003,self__FR-012,self__PV-017,self__PV-019,self__HF-001,self__PV-010,self__FR-002,self__PV-016,self__FR-005,self__PV-004,self__PV-015,self__FR-004,self__PV-011,self__PV-021,self__INT-003,self__OB-005,self__PV-023,self__FR-001,self__HF-004,self__PV-002,self__OB-002,self__OB-001,self__FR-010",2020-06-30,2020-09-21,2020-09-22,2020-10-27,factorlib__amount,60.0,1175.9091713428497
__joint_lightgbm__,final_joint,"self__FR-013,self__INT-002,self__OB-004,self__PV-009,self__OB-003,self__FR-012,self__PV-017,self__PV-019,self__HF-001,self__PV-010,self__FR-002,self__PV-016,self__FR-005,self__PV-004,self__PV-015,self__FR-004,self__PV-011,self__PV-021,self__INT-003,self__OB-005,self__PV-023,self__FR-001,self__HF-004,self__PV-002,self__OB-002,self__OB-001,self__FR-010",2020-06-30,2020-09-21,2020-09-22,2020-10-27,factorlib__atr_14,11.0,89.50974893569946
__joint_lightgbm__,final_joint,"self__FR-013,self__INT-002,self__OB-004,self__PV-009,self__OB-003,self__FR-012,self__PV-017,self__PV-019,self__HF-001,self__PV-010,self__FR-002,self__PV-016,self__FR-005,self__PV-004,self__PV-015,self__FR-004,self__PV-011,self__PV-021,self__INT-003,self__OB-005,self__PV-023,self__FR-001,self__HF-004,self__PV-002,self__OB-002,self__OB-001,self__FR-010",2020-06-30,2020-09-21,2020-09-22,2020-10-27,factorlib__bias_20,73.0,729.7034966945648
__joint_lightgbm__,final_joint,"self__FR-013,self__INT-002,self__OB-004,self__PV-009,self__OB-003,self__FR-012,self__PV-017,self__PV-019,self__HF-001,self__PV-010,self__FR-002,self__PV-016,self__FR-005,self__PV-004,self__PV-015,self__FR-004,self__PV-011,self__PV-021,self__INT-003,self__OB-005,self__PV-023,self__FR-001,self__HF-004,self__PV-002,self__OB-002,self__OB-001,self__FR-010",2020-06-30,2020-09-21,2020-09-22,2020-10-27,factorlib__cci_14,24.0,124.1447401046753
__joint_lightgbm__,final_joint,"self__FR-013,self__INT-002,self__OB-004,self__PV-009,self__OB-003,self__FR-012,self__PV-017,self__PV-019,self__HF-001,self__PV-010,self__FR-002,self__PV-016,self__FR-005,self__PV-004,self__PV-015,self__FR-004,self__PV-011,self__PV-021,self__INT-003,self__OB-005,self__PV-023,self__FR-001,self__HF-004,self__PV-002,self__OB-002,self__OB-001,self__FR-010",2020-06-30,2020-09-21,2020-09-22,2020-10-27,factorlib__float_market_cap,7.0,37.31053066253662
__joint_lightgbm__,final_joint,"self__FR-013,self__INT-002,self__OB-004,self__PV-009,self__OB-003,self__FR-012,self__PV-017,self__PV-019,self__HF-001,self__PV-010,self__FR-002,self__PV-016,self__FR-005,self__PV-004,self__PV-015,self__FR-004,self__PV-011,self__PV-021,self__INT-003,self__OB-005,self__PV-023,self__FR-001,self__HF-004,self__PV-002,self__OB-002,self__OB-001,self__FR-010",2020-06-30,2020-09-21,2020-09-22,2020-10-27,factorlib__kdj_d_9_3_3,8.0,46.997130393981934
__joint_lightgbm__,final_joint,"self__FR-013,self__INT-002,self__OB-004,self__PV-009,self__OB-003,self__FR-012,self__PV-017,self__PV-019,self__HF-001,self__PV-010,self__FR-002,self__PV-016,self__FR-005,self__PV-004,self__PV-015,self__FR-004,self__PV-011,self__PV-021,self__INT-003,self__OB-005,self__PV-023,self__FR-001,self__HF-004,self__PV-002,self__OB-002,self__OB-001,self__FR-010",2020-06-30,2020-09-21,2020-09-22,2020-10-27,factorlib__macd_diff_12_26_9,25.0,187.10184001922607
__joint_lightgbm__,final_joint,"self__FR-013,self__INT-002,self__OB-004,self__PV-009,self__OB-003,self__FR-012,self__PV-017,self__PV-019,self__HF-001,self__PV-010,self__FR-002,self__PV-016,self__FR-005,self__PV-004,self__PV-015,self__FR-004,self__PV-011,self__PV-021,self__INT-003,self__OB-005,self__PV-023,self__FR-001,self__HF-004,self__PV-002,self__OB-002,self__OB-001,self__FR-010",2020-06-30,2020-09-21,2020-09-22,2020-10-27,factorlib__macd_hist_12_26_9,24.0,128.26153993606567
__joint_lightgbm__,final_joint,"self__FR-013,self__INT-002,self__OB-004,self__PV-009,self__OB-003,self__FR-012,self__PV-017,self__PV-019,self__HF-001,self__PV-010,self__FR-002,self__PV-016,self__FR-005,self__PV-004,self__PV-015,self__FR-004,self__PV-011,self__PV-021,self__INT-003,self__OB-005,self__PV-023,self__FR-001,self__HF-004,self__PV-002,self__OB-002,self__OB-001,self__FR-010",2020-06-30,2020-09-21,2020-09-22,2020-10-27,factorlib__momentum_5,126.0,1467.6011328697205
__joint_lightgbm__,final_joint,"self__FR-013,self__INT-002,self__OB-004,self__PV-009,self__OB-003,self__FR-012,self__PV-017,self__PV-019,self__HF-001,self__PV-010,self__FR-002,self__PV-016,self__FR-005,self__PV-004,self__PV-015,self__FR-004,self__PV-011,self__PV-021,self__INT-003,self__OB-005,self__PV-023,self__FR-001,self__HF-004,self__PV-002,self__OB-002,self__OB-001,self__FR-010",2020-06-30,2020-09-21,2020-09-22,2020-10-27,factorlib__net_profit_rate_ttm,10.0,51.511799335479736
__joint_lightgbm__,final_joint,"self__FR-013,self__INT-002,self__OB-004,self__PV-009,self__OB-003,self__FR-012,self__PV-017,self__PV-019,self__HF-001,self__PV-010,self__FR-002,self__PV-016,self__FR-005,self__PV-004,self__PV-015,self__FR-004,self__PV-011,self__PV-021,self__INT-003,self__OB-005,self__PV-023,self__FR-001,self__HF-004,self__PV-002,self__OB-002,self__OB-001,self__FR-010",2020-06-30,2020-09-21,2020-09-22,2020-10-27,factorlib__netflow_amount_rate_main,147.0,1595.2926921844482
__joint_lightgbm__,final_joint,"self__FR-013,self__INT-002,self__OB-004,self__PV-009,self__OB-003,self__FR-012,self__PV-017,self__PV-019,self__HF-001,self__PV-010,self__FR-002,self__PV-016,self__FR-005,self__PV-004,self__PV-015,self__FR-004,self__PV-011,self__PV-021,self__INT-003,self__OB-005,self__PV-023,self__FR-001,self__HF-004,self__PV-002,self__OB-002,self__OB-001,self__FR-010",2020-06-30,2020-09-21,2020-09-22,2020-10-27,factorlib__total_market_cap,21.0,125.53819108009338
__joint_lightgbm__,final_joint,"self__FR-013,self__INT-002,self__OB-004,self__PV-009,self__OB-003,self__FR-012,self__PV-017,self__PV-019,self__HF-001,self__PV-010,self__FR-002,self__PV-016,self__FR-005,self__PV-004,self__PV-015,self__FR-004,self__PV-011,self__PV-021,self__INT-003,self__OB-005,self__PV-023,self__FR-001,self__HF-004,self__PV-002,self__OB-002,self__OB-001,self__FR-010",2020-06-30,2020-09-21,2020-09-22,2020-10-27,factorlib__turn,59.0,763.0221364498138
__joint_lightgbm__,final_joint,"self__FR-013,self__INT-002,self__OB-004,self__PV-009,self__OB-003,self__FR-012,self__PV-017,self__PV-019,self__HF-001,self__PV-010,self__FR-002,self__PV-016,self__FR-005,self__PV-004,self__PV-015,self__FR-004,self__PV-011,self__PV-021,self__INT-003,self__OB-005,self__PV-023,self__FR-001,self__HF-004,self__PV-002,self__OB-002,self__OB-001,self__FR-010",2020-06-30,2020-09-21,2020-09-22,2020-10-27,factorlib__volatility_5,41.0,309.1876986026764
__joint_lightgbm__,final_joint,"self__FR-013,self__INT-002,self__OB-004,self__PV-009,self__OB-003,self__FR-012,self__PV-017,self__PV-019,self__HF-001,self__PV-010,self__FR-002,self__PV-016,self__FR-005,self__PV-004,self__PV-015,self__FR-004,self__PV-011,self__PV-021,self__INT-003,self__OB-005,self__PV-023,self__FR-001,self__HF-004,self__PV-002,self__OB-002,self__OB-001,self__FR-010",2020-06-30,2020-09-21,2020-09-22,2020-10-27,factorlib__volume,17.0,94.23681020736694
__joint_lightgbm__,final_joint,"self__FR-013,self__INT-002,self__OB-004,self__PV-009,self__OB-003,self__FR-012,self__PV-017,self__PV-019,self__HF-001,self__PV-010,self__FR-002,self__PV-016,self__FR-005,self__PV-004,self__PV-015,self__FR-004,self__PV-011,self__PV-021,self__INT-003,self__OB-005,self__PV-023,self__FR-001,self__HF-004,self__PV-002,self__OB-002,self__OB-001,self__FR-010",2020-06-30,2020-09-21,2020-09-22,2020-10-27,self__FR-013,1.0,11.056300163269043
__joint_lightgbm__,final_joint,"self__FR-013,self__INT-002,self__OB-004,self__PV-009,self__OB-003,self__FR-012,self__PV-017,self__PV-019,self__HF-001,self__PV-010,self__FR-002,self__PV-016,self__FR-005,self__PV-004,self__PV-015,self__FR-004,self__PV-011,self__PV-021,self__INT-003,self__OB-005,self__PV-023,self__FR-001,self__HF-004,self__PV-002,self__OB-002,self__OB-001,self__FR-010",2020-06-30,2020-09-21,2020-09-22,2020-10-27,self__INT-002,8.0,31.533470153808594
__joint_lightgbm__,final_joint,"self__FR-013,self__INT-002,self__OB-004,self__PV-009,self__OB-003,self__FR-012,self__PV-017,self__PV-019,self__HF-001,self__PV-010,self__FR-002,self__PV-016,self__FR-005,self__PV-004,self__PV-015,self__FR-004,self__PV-011,self__PV-021,self__INT-003,self__OB-005,self__PV-023,self__FR-001,self__HF-004,self__PV-002,self__OB-002,self__OB-001,self__FR-010",2020-06-30,2020-09-21,2020-09-22,2020-10-27,self__OB-004,33.0,216.6238193511963
__joint_lightgbm__,final_joint,"self__FR-013,self__INT-002,self__OB-004,self__PV-009,self__OB-003,self__FR-012,self__PV-017,self__PV-019,self__HF-001,self__PV-010,self__FR-002,self__PV-016,self__FR-005,self__PV-004,self__PV-015,self__FR-004,self__PV-011,self__PV-021,self__INT-003,self__OB-005,self__PV-023,self__FR-001,self__HF-004,self__PV-002,self__OB-002,self__OB-001,self__FR-010",2020-06-30,2020-09-21,2020-09-22,2020-10-27,self__PV-009,21.0,120.53080987930298
__joint_lightgbm__,final_joint,"self__FR-013,self__INT-002,self__OB-004,self__PV-009,self__OB-003,self__FR-012,self__PV-017,self__PV-019,self__HF-001,self__PV-010,self__FR-002,self__PV-016,self__FR-005,self__PV-004,self__PV-015,self__FR-004,self__PV-011,self__PV-021,self__INT-003,self__OB-005,self__PV-023,self__FR-001,self__HF-004,self__PV-002,self__OB-002,self__OB-001,self__FR-010",2020-06-30,2020-09-21,2020-09-22,2020-10-27,self__OB-003,19.0,101.44052958488464
__joint_lightgbm__,final_joint,"self__FR-013,self__INT-002,self__OB-004,self__PV-009,self__OB-003,self__FR-012,self__PV-017,self__PV-019,self__HF-001,self__PV-010,self__FR-002,self__PV-016,self__FR-005,self__PV-004,self__PV-015,self__FR-004,self__PV-011,self__PV-021,self__INT-003,self__OB-005,self__PV-023,self__FR-001,self__HF-004,self__PV-002,self__OB-002,self__OB-001,self__FR-010",2020-06-30,2020-09-21,2020-09-22,2020-10-27,self__FR-012,12.0,55.5588493347168
__joint_lightgbm__,final_joint,"self__FR-013,self__INT-002,self__OB-004,self__PV-009,self__OB-003,self__FR-012,self__PV-017,self__PV-019,self__HF-001,self__PV-010,self__FR-002,self__PV-016,self__FR-005,self__PV-004,self__PV-015,self__FR-004,self__PV-011,self__PV-021,self__INT-003,self__OB-005,self__PV-023,self__FR-001,self__HF-004,self__PV-002,self__OB-002,self__OB-001,self__FR-010",2020-06-30,2020-09-21,2020-09-22,2020-10-27,self__PV-017,0.0,0.0
__joint_lightgbm__,final_joint,"self__FR-013,self__INT-002,self__OB-004,self__PV-009,self__OB-003,self__FR-012,self__PV-017,self__PV-019,self__HF-001,self__PV-010,self__FR-002,self__PV-016,self__FR-005,self__PV-004,self__PV-015,self__FR-004,self__PV-011,self__PV-021,self__INT-003,self__OB-005,self__PV-023,self__FR-001,self__HF-004,self__PV-002,self__OB-002,self__OB-001,self__FR-010",2020-06-30,2020-09-21,2020-09-22,2020-10-27,self__PV-019,14.0,96.65871095657349
__joint_lightgbm__,final_joint,"self__FR-013,self__INT-002,self__OB-004,self__PV-009,self__OB-003,self__FR-012,self__PV-017,self__PV-019,self__HF-001,self__PV-010,self__FR-002,self__PV-016,self__FR-005,self__PV-004,self__PV-015,self__FR-004,self__PV-011,self__PV-021,self__INT-003,self__OB-005,self__PV-023,self__FR-001,self__HF-004,self__PV-002,self__OB-002,self__OB-001,self__FR-010",2020-06-30,2020-09-21,2020-09-22,2020-10-27,self__HF-001,12.0,69.75970005989075
__joint_lightgbm__,final_joint,"self__FR-013,self__INT-002,self__OB-004,self__PV-009,self__OB-003,self__FR-012,self__PV-017,self__PV-019,self__HF-001,self__PV-010,self__FR-002,self__PV-016,self__FR-005,self__PV-004,self__PV-015,self__FR-004,self__PV-011,self__PV-021,self__INT-003,self__OB-005,self__PV-023,self__FR-001,self__HF-004,self__PV-002,self__OB-002,self__OB-001,self__FR-010",2020-06-30,2020-09-21,2020-09-22,2020-10-27,self__PV-010,28.0,187.24038982391357
__joint_lightgbm__,final_joint,"self__FR-013,self__INT-002,self__OB-004,self__PV-009,self__OB-003,self__FR-012,self__PV-017,self__PV-019,self__HF-001,self__PV-010,self__FR-002,self__PV-016,self__FR-005,self__PV-004,self__PV-015,self__FR-004,self__PV-011,self__PV-021,self__INT-003,self__OB-005,self__PV-023,self__FR-001,self__HF-004,self__PV-002,self__OB-002,self__OB-001,self__FR-010",2020-06-30,2020-09-21,2020-09-22,2020-10-27,self__FR-002,3.0,10.26757001876831
__joint_lightgbm__,final_joint,"self__FR-013,self__INT-002,self__OB-004,self__PV-009,self__OB-003,self__FR-012,self__PV-017,self__PV-019,self__HF-001,self__PV-010,self__FR-002,self__PV-016,self__FR-005,self__PV-004,self__PV-015,self__FR-004,self__PV-011,self__PV-021,self__INT-003,self__OB-005,self__PV-023,self__FR-001,self__HF-004,self__PV-002,self__OB-002,self__OB-001,self__FR-010",2020-06-30,2020-09-21,2020-09-22,2020-10-27,self__PV-016,0.0,0.0
__joint_lightgbm__,final_joint,"self__FR-013,self__INT-002,self__OB-004,self__PV-009,self__OB-003,self__FR-012,self__PV-017,self__PV-019,self__HF-001,self__PV-010,self__FR-002,self__PV-016,self__FR-005,self__PV-004,self__PV-015,self__FR-004,self__PV-011,self__PV-021,self__INT-003,self__OB-005,self__PV-023,self__FR-001,self__HF-004,self__PV-002,self__OB-002,self__OB-001,self__FR-010",2020-06-30,2020-09-21,2020-09-22,2020-10-27,self__FR-005,15.0,61.99603986740112
__joint_lightgbm__,final_joint,"self__FR-013,self__INT-002,self__OB-004,self__PV-009,self__OB-003,self__FR-012,self__PV-017,self__PV-019,self__HF-001,self__PV-010,self__FR-002,self__PV-016,self__FR-005,self__PV-004,self__PV-015,self__FR-004,self__PV-011,self__PV-021,self__INT-003,self__OB-005,self__PV-023,self__FR-001,self__HF-004,self__PV-002,self__OB-002,self__OB-001,self__FR-010",2020-06-30,2020-09-21,2020-09-22,2020-10-27,self__PV-004,16.0,75.91844964027405
__joint_lightgbm__,final_joint,"self__FR-013,self__INT-002,self__OB-004,self__PV-009,self__OB-003,self__FR-012,self__PV-017,self__PV-019,self__HF-001,self__PV-010,self__FR-002,self__PV-016,self__FR-005,self__PV-004,self__PV-015,self__FR-004,self__PV-011,self__PV-021,self__INT-003,self__OB-005,self__PV-023,self__FR-001,self__HF-004,self__PV-002,self__OB-002,self__OB-001,self__FR-010",2020-06-30,2020-09-21,2020-09-22,2020-10-27,self__PV-015,0.0,0.0
__joint_lightgbm__,final_joint,"self__FR-013,self__INT-002,self__OB-004,self__PV-009,self__OB-003,self__FR-012,self__PV-017,self__PV-019,self__HF-001,self__PV-010,self__FR-002,self__PV-016,self__FR-005,self__PV-004,self__PV-015,self__FR-004,self__PV-011,self__PV-021,self__INT-003,self__OB-005,self__PV-023,self__FR-001,self__HF-004,self__PV-002,self__OB-002,self__OB-001,self__FR-010",2020-06-30,2020-09-21,2020-09-22,2020-10-27,self__FR-004,2.0,12.057169914245605
__joint_lightgbm__,final_joint,"self__FR-013,self__INT-002,self__OB-004,self__PV-009,self__OB-003,self__FR-012,self__PV-017,self__PV-019,self__HF-001,self__PV-010,self__FR-002,self__PV-016,self__FR-005,self__PV-004,self__PV-015,self__FR-004,self__PV-011,self__PV-021,self__INT-003,self__OB-005,self__PV-023,self__FR-001,self__HF-004,self__PV-002,self__OB-002,self__OB-001,self__FR-010",2020-06-30,2020-09-21,2020-09-22,2020-10-27,self__PV-011,5.0,20.07023024559021
__joint_lightgbm__,final_joint,"self__FR-013,self__INT-002,self__OB-004,self__PV-009,self__OB-003,self__FR-012,self__PV-017,self__PV-019,self__HF-001,self__PV-010,self__FR-002,self__PV-016,self__FR-005,self__PV-004,self__PV-015,self__FR-004,self__PV-011,self__PV-021,self__INT-003,self__OB-005,self__PV-023,self__FR-001,self__HF-004,self__PV-002,self__OB-002,self__OB-001,self__FR-010",2020-06-30,2020-09-21,2020-09-22,2020-10-27,self__PV-021,18.0,86.88250017166138
__joint_lightgbm__,final_joint,"self__FR-013,self__INT-002,self__OB-004,self__PV-009,self__OB-003,self__FR-012,self__PV-017,self__PV-019,self__HF-001,self__PV-010,self__FR-002,self__PV-016,self__FR-005,self__PV-004,self__PV-015,self__FR-004,self__PV-011,self__PV-021,self__INT-003,self__OB-005,self__PV-023,self__FR-001,self__HF-004,self__PV-002,self__OB-002,self__OB-001,self__FR-010",2020-06-30,2020-09-21,2020-09-22,2020-10-27,self__INT-003,40.0,307.26722145080566
__joint_lightgbm__,final_joint,"self__FR-013,self__INT-002,self__OB-004,self__PV-009,self__OB-003,self__FR-012,self__PV-017,self__PV-019,self__HF-001,self__PV-010,self__FR-002,self__PV-016,self__FR-005,self__PV-004,self__PV-015,self__FR-004,self__PV-011,self__PV-021,self__INT-003,self__OB-005,self__PV-023,self__FR-001,self__HF-004,self__PV-002,self__OB-002,self__OB-001,self__FR-010",2020-06-30,2020-09-21,2020-09-22,2020-10-27,self__OB-005,69.0,517.697749376297
__joint_lightgbm__,final_joint,"self__FR-013,self__INT-002,self__OB-004,self__PV-009,self__OB-003,self__FR-012,self__PV-017,self__PV-019,self__HF-001,self__PV-010,self__FR-002,self__PV-016,self__FR-005,self__PV-004,self__PV-015,self__FR-004,self__PV-011,self__PV-021,self__INT-003,self__OB-005,self__PV-023,self__FR-001,self__HF-004,self__PV-002,self__OB-002,self__OB-001,self__FR-010",2020-06-30,2020-09-21,2020-09-22,2020-10-27,self__PV-023,4.0,12.903779745101929
__joint_lightgbm__,final_joint,"self__FR-013,self__INT-002,self__OB-004,self__PV-009,self__OB-003,self__FR-012,self__PV-017,self__PV-019,self__HF-001,self__PV-010,self__FR-002,self__PV-016,self__FR-005,self__PV-004,self__PV-015,self__FR-004,self__PV-011,self__PV-021,self__INT-003,self__OB-005,self__PV-023,self__FR-001,self__HF-004,self__PV-002,self__OB-002,self__OB-001,self__FR-010",2020-06-30,2020-09-21,2020-09-22,2020-10-27,self__FR-001,11.0,52.221020221710205
__joint_lightgbm__,final_joint,"self__FR-013,self__INT-002,self__OB-004,self__PV-009,self__OB-003,self__FR-012,self__PV-017,self__PV-019,self__HF-001,self__PV-010,self__FR-002,self__PV-016,self__FR-005,self__PV-004,self__PV-015,self__FR-004,self__PV-011,self__PV-021,self__INT-003,self__OB-005,self__PV-023,self__FR-001,self__HF-004,self__PV-002,self__OB-002,self__OB-001,self__FR-010",2020-06-30,2020-09-21,2020-09-22,2020-10-27,self__HF-004,25.0,252.54189705848694
__joint_lightgbm__,final_joint,"self__FR-013,self__INT-002,self__OB-004,self__PV-009,self__OB-003,self__FR-012,self__PV-017,self__PV-019,self__HF-001,self__PV-010,self__FR-002,self__PV-016,self__FR-005,self__PV-004,self__PV-015,self__FR-004,self__PV-011,self__PV-021,self__INT-003,self__OB-005,self__PV-023,self__FR-001,self__HF-004,self__PV-002,self__OB-002,self__OB-001,self__FR-010",2020-06-30,2020-09-21,2020-09-22,2020-10-27,self__PV-002,148.0,1199.886698961258
__joint_lightgbm__,final_joint,"self__FR-013,self__INT-002,self__OB-004,self__PV-009,self__OB-003,self__FR-012,self__PV-017,self__PV-019,self__HF-001,self__PV-010,self__FR-002,self__PV-016,self__FR-005,self__PV-004,self__PV-015,self__FR-004,self__PV-011,self__PV-021,self__INT-003,self__OB-005,self__PV-023,self__FR-001,self__HF-004,self__PV-002,self__OB-002,self__OB-001,self__FR-010",2020-06-30,2020-09-21,2020-09-22,2020-10-27,self__OB-002,11.0,46.151389837265015
__joint_lightgbm__,final_joint,"self__FR-013,self__INT-002,self__OB-004,self__PV-009,self__OB-003,self__FR-012,self__PV-017,self__PV-019,self__HF-001,self__PV-010,self__FR-002,self__PV-016,self__FR-005,self__PV-004,self__PV-015,self__FR-004,self__PV-011,self__PV-021,self__INT-003,self__OB-005,self__PV-023,self__FR-001,self__HF-004,self__PV-002,self__OB-002,self__OB-001,self__FR-010",2020-06-30,2020-09-21,2020-09-22,2020-10-27,self__OB-001,28.0,330.43897223472595
__joint_lightgbm__,final_joint,"self__FR-013,self__INT-002,self__OB-004,self__PV-009,self__OB-003,self__FR-012,self__PV-017,self__PV-019,self__HF-001,self__PV-010,self__FR-002,self__PV-016,self__FR-005,self__PV-004,self__PV-015,self__FR-004,self__PV-011,self__PV-021,self__INT-003,self__OB-005,self__PV-023,self__FR-001,self__HF-004,self__PV-002,self__OB-002,self__OB-001,self__FR-010",2020-06-30,2020-09-21,2020-09-22,2020-10-27,self__FR-010,4.0,17.256710290908813
__joint_lightgbm__,final_joint,"self__FR-013,self__INT-002,self__OB-004,self__PV-009,self__OB-003,self__FR-012,self__PV-017,self__PV-019,self__HF-001,self__PV-010,self__FR-002,self__PV-016,self__FR-005,self__PV-004,self__PV-015,self__FR-004,self__PV-011,self__PV-021,self__INT-003,self__OB-005,self__PV-023,self__FR-001,self__HF-004,self__PV-002,self__OB-002,self__OB-001,self__FR-010",2020-07-28,2020-10-27,2020-10-28,2020-11-24,factorlib__amount,76.0,720.4687407016754
__joint_lightgbm__,final_joint,"self__FR-013,self__INT-002,self__OB-004,self__PV-009,self__OB-003,self__FR-012,self__PV-017,self__PV-019,self__HF-001,self__PV-010,self__FR-002,self__PV-016,self__FR-005,self__PV-004,self__PV-015,self__FR-004,self__PV-011,self__PV-021,self__INT-003,self__OB-005,self__PV-023,self__FR-001,self__HF-004,self__PV-002,self__OB-002,self__OB-001,self__FR-010",2020-07-28,2020-10-27,2020-10-28,2020-11-24,factorlib__atr_14,35.0,260.68315982818604
__joint_lightgbm__,final_joint,"self__FR-013,self__INT-002,self__OB-004,self__PV-009,self__OB-003,self__FR-012,self__PV-017,self__PV-019,self__HF-001,self__PV-010,self__FR-002,self__PV-016,self__FR-005,self__PV-004,self__PV-015,self__FR-004,self__PV-011,self__PV-021,self__INT-003,self__OB-005,self__PV-023,self__FR-001,self__HF-004,self__PV-002,self__OB-002,self__OB-001,self__FR-010",2020-07-28,2020-10-27,2020-10-28,2020-11-24,factorlib__bias_20,72.0,713.0973906517029
__joint_lightgbm__,final_joint,"self__FR-013,self__INT-002,self__OB-004,self__PV-009,self__OB-003,self__FR-012,self__PV-017,self__PV-019,self__HF-001,self__PV-010,self__FR-002,self__PV-016,self__FR-005,self__PV-004,self__PV-015,self__FR-004,self__PV-011,self__PV-021,self__INT-003,self__OB-005,self__PV-023,self__FR-001,self__HF-004,self__PV-002,self__OB-002,self__OB-001,self__FR-010",2020-07-28,2020-10-27,2020-10-28,2020-11-24,factorlib__cci_14,60.0,362.8378396034241
__joint_lightgbm__,final_joint,"self__FR-013,self__INT-002,self__OB-004,self__PV-009,self__OB-003,self__FR-012,self__PV-017,self__PV-019,self__HF-001,self__PV-010,self__FR-002,self__PV-016,self__FR-005,self__PV-004,self__PV-015,self__FR-004,self__PV-011,self__PV-021,self__INT-003,self__OB-005,self__PV-023,self__FR-001,self__HF-004,self__PV-002,self__OB-002,self__OB-001,self__FR-010",2020-07-28,2020-10-27,2020-10-28,2020-11-24,factorlib__float_market_cap,17.0,69.27375960350037
__joint_lightgbm__,final_joint,"self__FR-013,self__INT-002,self__OB-004,self__PV-009,self__OB-003,self__FR-012,self__PV-017,self__PV-019,self__HF-001,self__PV-010,self__FR-002,self__PV-016,self__FR-005,self__PV-004,self__PV-015,self__FR-004,self__PV-011,self__PV-021,self__INT-003,self__OB-005,self__PV-023,self__FR-001,self__HF-004,self__PV-002,self__OB-002,self__OB-001,self__FR-010",2020-07-28,2020-10-27,2020-10-28,2020-11-24,factorlib__kdj_d_9_3_3,50.0,223.80723094940186
__joint_lightgbm__,final_joint,"self__FR-013,self__INT-002,self__OB-004,self__PV-009,self__OB-003,self__FR-012,self__PV-017,self__PV-019,self__HF-001,self__PV-010,self__FR-002,self__PV-016,self__FR-005,self__PV-004,self__PV-015,self__FR-004,self__PV-011,self__PV-021,self__INT-003,self__OB-005,self__PV-023,self__FR-001,self__HF-004,self__PV-002,self__OB-002,self__OB-001,self__FR-010",2020-07-28,2020-10-27,2020-10-28,2020-11-24,factorlib__macd_diff_12_26_9,27.0,155.08704900741577
__joint_lightgbm__,final_joint,"self__FR-013,self__INT-002,self__OB-004,self__PV-009,self__OB-003,self__FR-012,self__PV-017,self__PV-019,self__HF-001,self__PV-010,self__FR-002,self__PV-016,self__FR-005,self__PV-004,self__PV-015,self__FR-004,self__PV-011,self__PV-021,self__INT-003,self__OB-005,self__PV-023,self__FR-001,self__HF-004,self__PV-002,self__OB-002,self__OB-001,self__FR-010",2020-07-28,2020-10-27,2020-10-28,2020-11-24,factorlib__macd_hist_12_26_9,23.0,131.7671401500702
__joint_lightgbm__,final_joint,"self__FR-013,self__INT-002,self__OB-004,self__PV-009,self__OB-003,self__FR-012,self__PV-017,self__PV-019,self__HF-001,self__PV-010,self__FR-002,self__PV-016,self__FR-005,self__PV-004,self__PV-015,self__FR-004,self__PV-011,self__PV-021,self__INT-003,self__OB-005,self__PV-023,self__FR-001,self__HF-004,self__PV-002,self__OB-002,self__OB-001,self__FR-010",2020-07-28,2020-10-27,2020-10-28,2020-11-24,factorlib__momentum_5,79.0,913.5345437526703
__joint_lightgbm__,final_joint,"self__FR-013,self__INT-002,self__OB-004,self__PV-009,self__OB-003,self__FR-012,self__PV-017,self__PV-019,self__HF-001,self__PV-010,self__FR-002,self__PV-016,self__FR-005,self__PV-004,self__PV-015,self__FR-004,self__PV-011,self__PV-021,self__INT-003,self__OB-005,self__PV-023,self__FR-001,self__HF-004,self__PV-002,self__OB-002,self__OB-001,self__FR-010",2020-07-28,2020-10-27,2020-10-28,2020-11-24,factorlib__net_profit_rate_ttm,12.0,54.44907903671265
__joint_lightgbm__,final_joint,"self__FR-013,self__INT-002,self__OB-004,self__PV-009,self__OB-003,self__FR-012,self__PV-017,self__PV-019,self__HF-001,self__PV-010,self__FR-002,self__PV-016,self__FR-005,self__PV-004,self__PV-015,self__FR-004,self__PV-011,self__PV-021,self__INT-003,self__OB-005,self__PV-023,self__FR-001,self__HF-004,self__PV-002,self__OB-002,self__OB-001,self__FR-010",2020-07-28,2020-10-27,2020-10-28,2020-11-24,factorlib__netflow_amount_rate_main,98.0,645.0956304073334
__joint_lightgbm__,final_joint,"self__FR-013,self__INT-002,self__OB-004,self__PV-009,self__OB-003,self__FR-012,self__PV-017,self__PV-019,self__HF-001,self__PV-010,self__FR-002,self__PV-016,self__FR-005,self__PV-004,self__PV-015,self__FR-004,self__PV-011,self__PV-021,self__INT-003,self__OB-005,self__PV-023,self__FR-001,self__HF-004,self__PV-002,self__OB-002,self__OB-001,self__FR-010",2020-07-28,2020-10-27,2020-10-28,2020-11-24,factorlib__total_market_cap,15.0,69.20132064819336
__joint_lightgbm__,final_joint,"self__FR-013,self__INT-002,self__OB-004,self__PV-009,self__OB-003,self__FR-012,self__PV-017,self__PV-019,self__HF-001,self__PV-010,self__FR-002,self__PV-016,self__FR-005,self__PV-004,self__PV-015,self__FR-004,self__PV-011,self__PV-021,self__INT-003,self__OB-005,self__PV-023,self__FR-001,self__HF-004,self__PV-002,self__OB-002,self__OB-001,self__FR-010",2020-07-28,2020-10-27,2020-10-28,2020-11-24,factorlib__turn,34.0,211.07896900177002
__joint_lightgbm__,final_joint,"self__FR-013,self__INT-002,self__OB-004,self__PV-009,self__OB-003,self__FR-012,self__PV-017,self__PV-019,self__HF-001,self__PV-010,self__FR-002,self__PV-016,self__FR-005,self__PV-004,self__PV-015,self__FR-004,self__PV-011,self__PV-021,self__INT-003,self__OB-005,self__PV-023,self__FR-001,self__HF-004,self__PV-002,self__OB-002,self__OB-001,self__FR-010",2020-07-28,2020-10-27,2020-10-28,2020-11-24,factorlib__volatility_5,44.0,322.9075925350189
__joint_lightgbm__,final_joint,"self__FR-013,self__INT-002,self__OB-004,self__PV-009,self__OB-003,self__FR-012,self__PV-017,self__PV-019,self__HF-001,self__PV-010,self__FR-002,self__PV-016,self__FR-005,self__PV-004,self__PV-015,self__FR-004,self__PV-011,self__PV-021,self__INT-003,self__OB-005,self__PV-023,self__FR-001,self__HF-004,self__PV-002,self__OB-002,self__OB-001,self__FR-010",2020-07-28,2020-10-27,2020-10-28,2020-11-24,factorlib__volume,38.0,453.8312587738037
__joint_lightgbm__,final_joint,"self__FR-013,self__INT-002,self__OB-004,self__PV-009,self__OB-003,self__FR-012,self__PV-017,self__PV-019,self__HF-001,self__PV-010,self__FR-002,self__PV-016,self__FR-005,self__PV-004,self__PV-015,self__FR-004,self__PV-011,self__PV-021,self__INT-003,self__OB-005,self__PV-023,self__FR-001,self__HF-004,self__PV-002,self__OB-002,self__OB-001,self__FR-010",2020-07-28,2020-10-27,2020-10-28,2020-11-24,self__FR-013,9.0,58.3086199760437
__joint_lightgbm__,final_joint,"self__FR-013,self__INT-002,self__OB-004,self__PV-009,self__OB-003,self__FR-012,self__PV-017,self__PV-019,self__HF-001,self__PV-010,self__FR-002,self__PV-016,self__FR-005,self__PV-004,self__PV-015,self__FR-004,self__PV-011,self__PV-021,self__INT-003,self__OB-005,self__PV-023,self__FR-001,self__HF-004,self__PV-002,self__OB-002,self__OB-001,self__FR-010",2020-07-28,2020-10-27,2020-10-28,2020-11-24,self__INT-002,8.0,34.09795022010803
__joint_lightgbm__,final_joint,"self__FR-013,self__INT-002,self__OB-004,self__PV-009,self__OB-003,self__FR-012,self__PV-017,self__PV-019,self__HF-001,self__PV-010,self__FR-002,self__PV-016,self__FR-005,self__PV-004,self__PV-015,self__FR-004,self__PV-011,self__PV-021,self__INT-003,self__OB-005,self__PV-023,self__FR-001,self__HF-004,self__PV-002,self__OB-002,self__OB-001,self__FR-010",2020-07-28,2020-10-27,2020-10-28,2020-11-24,self__OB-004,31.0,210.7763111591339
__joint_lightgbm__,final_joint,"self__FR-013,self__INT-002,self__OB-004,self__PV-009,self__OB-003,self__FR-012,self__PV-017,self__PV-019,self__HF-001,self__PV-010,self__FR-002,self__PV-016,self__FR-005,self__PV-004,self__PV-015,self__FR-004,self__PV-011,self__PV-021,self__INT-003,self__OB-005,self__PV-023,self__FR-001,self__HF-004,self__PV-002,self__OB-002,self__OB-001,self__FR-010",2020-07-28,2020-10-27,2020-10-28,2020-11-24,self__PV-009,19.0,76.5868604183197
__joint_lightgbm__,final_joint,"self__FR-013,self__INT-002,self__OB-004,self__PV-009,self__OB-003,self__FR-012,self__PV-017,self__PV-019,self__HF-001,self__PV-010,self__FR-002,self__PV-016,self__FR-005,self__PV-004,self__PV-015,self__FR-004,self__PV-011,self__PV-021,self__INT-003,self__OB-005,self__PV-023,self__FR-001,self__HF-004,self__PV-002,self__OB-002,self__OB-001,self__FR-010",2020-07-28,2020-10-27,2020-10-28,2020-11-24,self__OB-003,13.0,73.50564002990723
__joint_lightgbm__,final_joint,"self__FR-013,self__INT-002,self__OB-004,self__PV-009,self__OB-003,self__FR-012,self__PV-017,self__PV-019,self__HF-001,self__PV-010,self__FR-002,self__PV-016,self__FR-005,self__PV-004,self__PV-015,self__FR-004,self__PV-011,self__PV-021,self__INT-003,self__OB-005,self__PV-023,self__FR-001,self__HF-004,self__PV-002,self__OB-002,self__OB-001,self__FR-010",2020-07-28,2020-10-27,2020-10-28,2020-11-24,self__FR-012,3.0,19.895580291748047
__joint_lightgbm__,final_joint,"self__FR-013,self__INT-002,self__OB-004,self__PV-009,self__OB-003,self__FR-012,self__PV-017,self__PV-019,self__HF-001,self__PV-010,self__FR-002,self__PV-016,self__FR-005,self__PV-004,self__PV-015,self__FR-004,self__PV-011,self__PV-021,self__INT-003,self__OB-005,self__PV-023,self__FR-001,self__HF-004,self__PV-002,self__OB-002,self__OB-001,self__FR-010",2020-07-28,2020-10-27,2020-10-28,2020-11-24,self__PV-017,0.0,0.0
__joint_lightgbm__,final_joint,"self__FR-013,self__INT-002,self__OB-004,self__PV-009,self__OB-003,self__FR-012,self__PV-017,self__PV-019,self__HF-001,self__PV-010,self__FR-002,self__PV-016,self__FR-005,self__PV-004,self__PV-015,self__FR-004,self__PV-011,self__PV-021,self__INT-003,self__OB-005,self__PV-023,self__FR-001,self__HF-004,self__PV-002,self__OB-002,self__OB-001,self__FR-010",2020-07-28,2020-10-27,2020-10-28,2020-11-24,self__PV-019,30.0,143.4734206199646
__joint_lightgbm__,final_joint,"self__FR-013,self__INT-002,self__OB-004,self__PV-009,self__OB-003,self__FR-012,self__PV-017,self__PV-019,self__HF-001,self__PV-010,self__FR-002,self__PV-016,self__FR-005,self__PV-004,self__PV-015,self__FR-004,self__PV-011,self__PV-021,self__INT-003,self__OB-005,self__PV-023,self__FR-001,self__HF-004,self__PV-002,self__OB-002,self__OB-001,self__FR-010",2020-07-28,2020-10-27,2020-10-28,2020-11-24,self__HF-001,13.0,58.59871983528137
__joint_lightgbm__,final_joint,"self__FR-013,self__INT-002,self__OB-004,self__PV-009,self__OB-003,self__FR-012,self__PV-017,self__PV-019,self__HF-001,self__PV-010,self__FR-002,self__PV-016,self__FR-005,self__PV-004,self__PV-015,self__FR-004,self__PV-011,self__PV-021,self__INT-003,self__OB-005,self__PV-023,self__FR-001,self__HF-004,self__PV-002,self__OB-002,self__OB-001,self__FR-010",2020-07-28,2020-10-27,2020-10-28,2020-11-24,self__PV-010,44.0,355.9729218482971
__joint_lightgbm__,final_joint,"self__FR-013,self__INT-002,self__OB-004,self__PV-009,self__OB-003,self__FR-012,self__PV-017,self__PV-019,self__HF-001,self__PV-010,self__FR-002,self__PV-016,self__FR-005,self__PV-004,self__PV-015,self__FR-004,self__PV-011,self__PV-021,self__INT-003,self__OB-005,self__PV-023,self__FR-001,self__HF-004,self__PV-002,self__OB-002,self__OB-001,self__FR-010",2020-07-28,2020-10-27,2020-10-28,2020-11-24,self__FR-002,24.0,115.38899040222168
__joint_lightgbm__,final_joint,"self__FR-013,self__INT-002,self__OB-004,self__PV-009,self__OB-003,self__FR-012,self__PV-017,self__PV-019,self__HF-001,self__PV-010,self__FR-002,self__PV-016,self__FR-005,self__PV-004,self__PV-015,self__FR-004,self__PV-011,self__PV-021,self__INT-003,self__OB-005,self__PV-023,self__FR-001,self__HF-004,self__PV-002,self__OB-002,self__OB-001,self__FR-010",2020-07-28,2020-10-27,2020-10-28,2020-11-24,self__PV-016,0.0,0.0
__joint_lightgbm__,final_joint,"self__FR-013,self__INT-002,self__OB-004,self__PV-009,self__OB-003,self__FR-012,self__PV-017,self__PV-019,self__HF-001,self__PV-010,self__FR-002,self__PV-016,self__FR-005,self__PV-004,self__PV-015,self__FR-004,self__PV-011,self__PV-021,self__INT-003,self__OB-005,self__PV-023,self__FR-001,self__HF-004,self__PV-002,self__OB-002,self__OB-001,self__FR-010",2020-07-28,2020-10-27,2020-10-28,2020-11-24,self__FR-005,15.0,55.42730975151062
__joint_lightgbm__,final_joint,"self__FR-013,self__INT-002,self__OB-004,self__PV-009,self__OB-003,self__FR-012,self__PV-017,self__PV-019,self__HF-001,self__PV-010,self__FR-002,self__PV-016,self__FR-005,self__PV-004,self__PV-015,self__FR-004,self__PV-011,self__PV-021,self__INT-003,self__OB-005,self__PV-023,self__FR-001,self__HF-004,self__PV-002,self__OB-002,self__OB-001,self__FR-010",2020-07-28,2020-10-27,2020-10-28,2020-11-24,self__PV-004,5.0,20.630079746246338
__joint_lightgbm__,final_joint,"self__FR-013,self__INT-002,self__OB-004,self__PV-009,self__OB-003,self__FR-012,self__PV-017,self__PV-019,self__HF-001,self__PV-010,self__FR-002,self__PV-016,self__FR-005,self__PV-004,self__PV-015,self__FR-004,self__PV-011,self__PV-021,self__INT-003,self__OB-005,self__PV-023,self__FR-001,self__HF-004,self__PV-002,self__OB-002,self__OB-001,self__FR-010",2020-07-28,2020-10-27,2020-10-28,2020-11-24,self__PV-015,0.0,0.0
__joint_lightgbm__,final_joint,"self__FR-013,self__INT-002,self__OB-004,self__PV-009,self__OB-003,self__FR-012,self__PV-017,self__PV-019,self__HF-001,self__PV-010,self__FR-002,self__PV-016,self__FR-005,self__PV-004,self__PV-015,self__FR-004,self__PV-011,self__PV-021,self__INT-003,self__OB-005,self__PV-023,self__FR-001,self__HF-004,self__PV-002,self__OB-002,self__OB-001,self__FR-010",2020-07-28,2020-10-27,2020-10-28,2020-11-24,self__FR-004,7.0,44.18929958343506
__joint_lightgbm__,final_joint,"self__FR-013,self__INT-002,self__OB-004,self__PV-009,self__OB-003,self__FR-012,self__PV-017,self__PV-019,self__HF-001,self__PV-010,self__FR-002,self__PV-016,self__FR-005,self__PV-004,self__PV-015,self__FR-004,self__PV-011,self__PV-021,self__INT-003,self__OB-005,self__PV-023,self__FR-001,self__HF-004,self__PV-002,self__OB-002,self__OB-001,self__FR-010",2020-07-28,2020-10-27,2020-10-28,2020-11-24,self__PV-011,3.0,15.996040105819702
__joint_lightgbm__,final_joint,"self__FR-013,self__INT-002,self__OB-004,self__PV-009,self__OB-003,self__FR-012,self__PV-017,self__PV-019,self__HF-001,self__PV-010,self__FR-002,self__PV-016,self__FR-005,self__PV-004,self__PV-015,self__FR-004,self__PV-011,self__PV-021,self__INT-003,self__OB-005,self__PV-023,self__FR-001,self__HF-004,self__PV-002,self__OB-002,self__OB-001,self__FR-010",2020-07-28,2020-10-27,2020-10-28,2020-11-24,self__PV-021,15.0,82.04600095748901
__joint_lightgbm__,final_joint,"self__FR-013,self__INT-002,self__OB-004,self__PV-009,self__OB-003,self__FR-012,self__PV-017,self__PV-019,self__HF-001,self__PV-010,self__FR-002,self__PV-016,self__FR-005,self__PV-004,self__PV-015,self__FR-004,self__PV-011,self__PV-021,self__INT-003,self__OB-005,self__PV-023,self__FR-001,self__HF-004,self__PV-002,self__OB-002,self__OB-001,self__FR-010",2020-07-28,2020-10-27,2020-10-28,2020-11-24,self__INT-003,29.0,246.92935037612915
__joint_lightgbm__,final_joint,"self__FR-013,self__INT-002,self__OB-004,self__PV-009,self__OB-003,self__FR-012,self__PV-017,self__PV-019,self__HF-001,self__PV-010,self__FR-002,self__PV-016,self__FR-005,self__PV-004,self__PV-015,self__FR-004,self__PV-011,self__PV-021,self__INT-003,self__OB-005,self__PV-023,self__FR-001,self__HF-004,self__PV-002,self__OB-002,self__OB-001,self__FR-010",2020-07-28,2020-10-27,2020-10-28,2020-11-24,self__OB-005,40.0,212.66571879386902
__joint_lightgbm__,final_joint,"self__FR-013,self__INT-002,self__OB-004,self__PV-009,self__OB-003,self__FR-012,self__PV-017,self__PV-019,self__HF-001,self__PV-010,self__FR-002,self__PV-016,self__FR-005,self__PV-004,self__PV-015,self__FR-004,self__PV-011,self__PV-021,self__INT-003,self__OB-005,self__PV-023,self__FR-001,self__HF-004,self__PV-002,self__OB-002,self__OB-001,self__FR-010",2020-07-28,2020-10-27,2020-10-28,2020-11-24,self__PV-023,6.0,42.08481025695801
__joint_lightgbm__,final_joint,"self__FR-013,self__INT-002,self__OB-004,self__PV-009,self__OB-003,self__FR-012,self__PV-017,self__PV-019,self__HF-001,self__PV-010,self__FR-002,self__PV-016,self__FR-005,self__PV-004,self__PV-015,self__FR-004,self__PV-011,self__PV-021,self__INT-003,self__OB-005,self__PV-023,self__FR-001,self__HF-004,self__PV-002,self__OB-002,self__OB-001,self__FR-010",2020-07-28,2020-10-27,2020-10-28,2020-11-24,self__FR-001,2.0,15.964329719543457
__joint_lightgbm__,final_joint,"self__FR-013,self__INT-002,self__OB-004,self__PV-009,self__OB-003,self__FR-012,self__PV-017,self__PV-019,self__HF-001,self__PV-010,self__FR-002,self__PV-016,self__FR-005,self__PV-004,self__PV-015,self__FR-004,self__PV-011,self__PV-021,self__INT-003,self__OB-005,self__PV-023,self__FR-001,self__HF-004,self__PV-002,self__OB-002,self__OB-001,self__FR-010",2020-07-28,2020-10-27,2020-10-28,2020-11-24,self__HF-004,41.0,194.83119916915894
__joint_lightgbm__,final_joint,"self__FR-013,self__INT-002,self__OB-004,self__PV-009,self__OB-003,self__FR-012,self__PV-017,self__PV-019,self__HF-001,self__PV-010,self__FR-002,self__PV-016,self__FR-005,self__PV-004,self__PV-015,self__FR-004,self__PV-011,self__PV-021,self__INT-003,self__OB-005,self__PV-023,self__FR-001,self__HF-004,self__PV-002,self__OB-002,self__OB-001,self__FR-010",2020-07-28,2020-10-27,2020-10-28,2020-11-24,self__PV-002,148.0,1221.8744277954102
__joint_lightgbm__,final_joint,"self__FR-013,self__INT-002,self__OB-004,self__PV-009,self__OB-003,self__FR-012,self__PV-017,self__PV-019,self__HF-001,self__PV-010,self__FR-002,self__PV-016,self__FR-005,self__PV-004,self__PV-015,self__FR-004,self__PV-011,self__PV-021,self__INT-003,self__OB-005,self__PV-023,self__FR-001,self__HF-004,self__PV-002,self__OB-002,self__OB-001,self__FR-010",2020-07-28,2020-10-27,2020-10-28,2020-11-24,self__OB-002,7.0,26.02459979057312
__joint_lightgbm__,final_joint,"self__FR-013,self__INT-002,self__OB-004,self__PV-009,self__OB-003,self__FR-012,self__PV-017,self__PV-019,self__HF-001,self__PV-010,self__FR-002,self__PV-016,self__FR-005,self__PV-004,self__PV-015,self__FR-004,self__PV-011,self__PV-021,self__INT-003,self__OB-005,self__PV-023,self__FR-001,self__HF-004,self__PV-002,self__OB-002,self__OB-001,self__FR-010",2020-07-28,2020-10-27,2020-10-28,2020-11-24,self__OB-001,7.0,34.795729637145996
__joint_lightgbm__,final_joint,"self__FR-013,self__INT-002,self__OB-004,self__PV-009,self__OB-003,self__FR-012,self__PV-017,self__PV-019,self__HF-001,self__PV-010,self__FR-002,self__PV-016,self__FR-005,self__PV-004,self__PV-015,self__FR-004,self__PV-011,self__PV-021,self__INT-003,self__OB-005,self__PV-023,self__FR-001,self__HF-004,self__PV-002,self__OB-002,self__OB-001,self__FR-010",2020-07-28,2020-10-27,2020-10-28,2020-11-24,self__FR-010,1.0,5.905479907989502
__joint_lightgbm__,final_joint,"self__FR-013,self__INT-002,self__OB-004,self__PV-009,self__OB-003,self__FR-012,self__PV-017,self__PV-019,self__HF-001,self__PV-010,self__FR-002,self__PV-016,self__FR-005,self__PV-004,self__PV-015,self__FR-004,self__PV-011,self__PV-021,self__INT-003,self__OB-005,self__PV-023,self__FR-001,self__HF-004,self__PV-002,self__OB-002,self__OB-001,self__FR-010",2020-08-25,2020-11-24,2020-11-25,2020-12-22,factorlib__amount,63.0,736.4464333057404
__joint_lightgbm__,final_joint,"self__FR-013,self__INT-002,self__OB-004,self__PV-009,self__OB-003,self__FR-012,self__PV-017,self__PV-019,self__HF-001,self__PV-010,self__FR-002,self__PV-016,self__FR-005,self__PV-004,self__PV-015,self__FR-004,self__PV-011,self__PV-021,self__INT-003,self__OB-005,self__PV-023,self__FR-001,self__HF-004,self__PV-002,self__OB-002,self__OB-001,self__FR-010",2020-08-25,2020-11-24,2020-11-25,2020-12-22,factorlib__atr_14,28.0,212.95226860046387
__joint_lightgbm__,final_joint,"self__FR-013,self__INT-002,self__OB-004,self__PV-009,self__OB-003,self__FR-012,self__PV-017,self__PV-019,self__HF-001,self__PV-010,self__FR-002,self__PV-016,self__FR-005,self__PV-004,self__PV-015,self__FR-004,self__PV-011,self__PV-021,self__INT-003,self__OB-005,self__PV-023,self__FR-001,self__HF-004,self__PV-002,self__OB-002,self__OB-001,self__FR-010",2020-08-25,2020-11-24,2020-11-25,2020-12-22,factorlib__bias_20,89.0,513.826162815094
__joint_lightgbm__,final_joint,"self__FR-013,self__INT-002,self__OB-004,self__PV-009,self__OB-003,self__FR-012,self__PV-017,self__PV-019,self__HF-001,self__PV-010,self__FR-002,self__PV-016,self__FR-005,self__PV-004,self__PV-015,self__FR-004,self__PV-011,self__PV-021,self__INT-003,self__OB-005,self__PV-023,self__FR-001,self__HF-004,self__PV-002,self__OB-002,self__OB-001,self__FR-010",2020-08-25,2020-11-24,2020-11-25,2020-12-22,factorlib__cci_14,61.0,325.3274791240692
__joint_lightgbm__,final_joint,"self__FR-013,self__INT-002,self__OB-004,self__PV-009,self__OB-003,self__FR-012,self__PV-017,self__PV-019,self__HF-001,self__PV-010,self__FR-002,self__PV-016,self__FR-005,self__PV-004,self__PV-015,self__FR-004,self__PV-011,self__PV-021,self__INT-003,self__OB-005,self__PV-023,self__FR-001,self__HF-004,self__PV-002,self__OB-002,self__OB-001,self__FR-010",2020-08-25,2020-11-24,2020-11-25,2020-12-22,factorlib__float_market_cap,6.0,27.267499923706055
__joint_lightgbm__,final_joint,"self__FR-013,self__INT-002,self__OB-004,self__PV-009,self__OB-003,self__FR-012,self__PV-017,self__PV-019,self__HF-001,self__PV-010,self__FR-002,self__PV-016,self__FR-005,self__PV-004,self__PV-015,self__FR-004,self__PV-011,self__PV-021,self__INT-003,self__OB-005,self__PV-023,self__FR-001,self__HF-004,self__PV-002,self__OB-002,self__OB-001,self__FR-010",2020-08-25,2020-11-24,2020-11-25,2020-12-22,factorlib__kdj_d_9_3_3,61.0,371.92876982688904
__joint_lightgbm__,final_joint,"self__FR-013,self__INT-002,self__OB-004,self__PV-009,self__OB-003,self__FR-012,self__PV-017,self__PV-019,self__HF-001,self__PV-010,self__FR-002,self__PV-016,self__FR-005,self__PV-004,self__PV-015,self__FR-004,self__PV-011,self__PV-021,self__INT-003,self__OB-005,self__PV-023,self__FR-001,self__HF-004,self__PV-002,self__OB-002,self__OB-001,self__FR-010",2020-08-25,2020-11-24,2020-11-25,2020-12-22,factorlib__macd_diff_12_26_9,21.0,114.20545077323914
__joint_lightgbm__,final_joint,"self__FR-013,self__INT-002,self__OB-004,self__PV-009,self__OB-003,self__FR-012,self__PV-017,self__PV-019,self__HF-001,self__PV-010,self__FR-002,self__PV-016,self__FR-005,self__PV-004,self__PV-015,self__FR-004,self__PV-011,self__PV-021,self__INT-003,self__OB-005,self__PV-023,self__FR-001,self__HF-004,self__PV-002,self__OB-002,self__OB-001,self__FR-010",2020-08-25,2020-11-24,2020-11-25,2020-12-22,factorlib__macd_hist_12_26_9,29.0,182.54520916938782
__joint_lightgbm__,final_joint,"self__FR-013,self__INT-002,self__OB-004,self__PV-009,self__OB-003,self__FR-012,self__PV-017,self__PV-019,self__HF-001,self__PV-010,self__FR-002,self__PV-016,self__FR-005,self__PV-004,self__PV-015,self__FR-004,self__PV-011,self__PV-021,self__INT-003,self__OB-005,self__PV-023,self__FR-001,self__HF-004,self__PV-002,self__OB-002,self__OB-001,self__FR-010",2020-08-25,2020-11-24,2020-11-25,2020-12-22,factorlib__momentum_5,82.0,577.26167345047
__joint_lightgbm__,final_joint,"self__FR-013,self__INT-002,self__OB-004,self__PV-009,self__OB-003,self__FR-012,self__PV-017,self__PV-019,self__HF-001,self__PV-010,self__FR-002,self__PV-016,self__FR-005,self__PV-004,self__PV-015,self__FR-004,self__PV-011,self__PV-021,self__INT-003,self__OB-005,self__PV-023,self__FR-001,self__HF-004,self__PV-002,self__OB-002,self__OB-001,self__FR-010",2020-08-25,2020-11-24,2020-11-25,2020-12-22,factorlib__net_profit_rate_ttm,16.0,79.25591015815735
__joint_lightgbm__,final_joint,"self__FR-013,self__INT-002,self__OB-004,self__PV-009,self__OB-003,self__FR-012,self__PV-017,self__PV-019,self__HF-001,self__PV-010,self__FR-002,self__PV-016,self__FR-005,self__PV-004,self__PV-015,self__FR-004,self__PV-011,self__PV-021,self__INT-003,self__OB-005,self__PV-023,self__FR-001,self__HF-004,self__PV-002,self__OB-002,self__OB-001,self__FR-010",2020-08-25,2020-11-24,2020-11-25,2020-12-22,factorlib__netflow_amount_rate_main,63.0,385.2160084247589
__joint_lightgbm__,final_joint,"self__FR-013,self__INT-002,self__OB-004,self__PV-009,self__OB-003,self__FR-012,self__PV-017,self__PV-019,self__HF-001,self__PV-010,self__FR-002,self__PV-016,self__FR-005,self__PV-004,self__PV-015,self__FR-004,self__PV-011,self__PV-021,self__INT-003,self__OB-005,self__PV-023,self__FR-001,self__HF-004,self__PV-002,self__OB-002,self__OB-001,self__FR-010",2020-08-25,2020-11-24,2020-11-25,2020-12-22,factorlib__total_market_cap,6.0,36.092310428619385
__joint_lightgbm__,final_joint,"self__FR-013,self__INT-002,self__OB-004,self__PV-009,self__OB-003,self__FR-012,self__PV-017,self__PV-019,self__HF-001,self__PV-010,self__FR-002,self__PV-016,self__FR-005,self__PV-004,self__PV-015,self__FR-004,self__PV-011,self__PV-021,self__INT-003,self__OB-005,self__PV-023,self__FR-001,self__HF-004,self__PV-002,self__OB-002,self__OB-001,self__FR-010",2020-08-25,2020-11-24,2020-11-25,2020-12-22,factorlib__turn,55.0,534.9152700901031
__joint_lightgbm__,final_joint,"self__FR-013,self__INT-002,self__OB-004,self__PV-009,self__OB-003,self__FR-012,self__PV-017,self__PV-019,self__HF-001,self__PV-010,self__FR-002,self__PV-016,self__FR-005,self__PV-004,self__PV-015,self__FR-004,self__PV-011,self__PV-021,self__INT-003,self__OB-005,self__PV-023,self__FR-001,self__HF-004,self__PV-002,self__OB-002,self__OB-001,self__FR-010",2020-08-25,2020-11-24,2020-11-25,2020-12-22,factorlib__volatility_5,47.0,305.71892046928406
__joint_lightgbm__,final_joint,"self__FR-013,self__INT-002,self__OB-004,self__PV-009,self__OB-003,self__FR-012,self__PV-017,self__PV-019,self__HF-001,self__PV-010,self__FR-002,self__PV-016,self__FR-005,self__PV-004,self__PV-015,self__FR-004,self__PV-011,self__PV-021,self__INT-003,self__OB-005,self__PV-023,self__FR-001,self__HF-004,self__PV-002,self__OB-002,self__OB-001,self__FR-010",2020-08-25,2020-11-24,2020-11-25,2020-12-22,factorlib__volume,28.0,171.8865602016449
__joint_lightgbm__,final_joint,"self__FR-013,self__INT-002,self__OB-004,self__PV-009,self__OB-003,self__FR-012,self__PV-017,self__PV-019,self__HF-001,self__PV-010,self__FR-002,self__PV-016,self__FR-005,self__PV-004,self__PV-015,self__FR-004,self__PV-011,self__PV-021,self__INT-003,self__OB-005,self__PV-023,self__FR-001,self__HF-004,self__PV-002,self__OB-002,self__OB-001,self__FR-010",2020-08-25,2020-11-24,2020-11-25,2020-12-22,self__FR-013,13.0,62.20793008804321
__joint_lightgbm__,final_joint,"self__FR-013,self__INT-002,self__OB-004,self__PV-009,self__OB-003,self__FR-012,self__PV-017,self__PV-019,self__HF-001,self__PV-010,self__FR-002,self__PV-016,self__FR-005,self__PV-004,self__PV-015,self__FR-004,self__PV-011,self__PV-021,self__INT-003,self__OB-005,self__PV-023,self__FR-001,self__HF-004,self__PV-002,self__OB-002,self__OB-001,self__FR-010",2020-08-25,2020-11-24,2020-11-25,2020-12-22,self__INT-002,9.0,39.545759439468384
__joint_lightgbm__,final_joint,"self__FR-013,self__INT-002,self__OB-004,self__PV-009,self__OB-003,self__FR-012,self__PV-017,self__PV-019,self__HF-001,self__PV-010,self__FR-002,self__PV-016,self__FR-005,self__PV-004,self__PV-015,self__FR-004,self__PV-011,self__PV-021,self__INT-003,self__OB-005,self__PV-023,self__FR-001,self__HF-004,self__PV-002,self__OB-002,self__OB-001,self__FR-010",2020-08-25,2020-11-24,2020-11-25,2020-12-22,self__OB-004,23.0,157.20589137077332
__joint_lightgbm__,final_joint,"self__FR-013,self__INT-002,self__OB-004,self__PV-009,self__OB-003,self__FR-012,self__PV-017,self__PV-019,self__HF-001,self__PV-010,self__FR-002,self__PV-016,self__FR-005,self__PV-004,self__PV-015,self__FR-004,self__PV-011,self__PV-021,self__INT-003,self__OB-005,self__PV-023,self__FR-001,self__HF-004,self__PV-002,self__OB-002,self__OB-001,self__FR-010",2020-08-25,2020-11-24,2020-11-25,2020-12-22,self__PV-009,16.0,65.38237023353577
__joint_lightgbm__,final_joint,"self__FR-013,self__INT-002,self__OB-004,self__PV-009,self__OB-003,self__FR-012,self__PV-017,self__PV-019,self__HF-001,self__PV-010,self__FR-002,self__PV-016,self__FR-005,self__PV-004,self__PV-015,self__FR-004,self__PV-011,self__PV-021,self__INT-003,self__OB-005,self__PV-023,self__FR-001,self__HF-004,self__PV-002,self__OB-002,self__OB-001,self__FR-010",2020-08-25,2020-11-24,2020-11-25,2020-12-22,self__OB-003,11.0,56.18041968345642
__joint_lightgbm__,final_joint,"self__FR-013,self__INT-002,self__OB-004,self__PV-009,self__OB-003,self__FR-012,self__PV-017,self__PV-019,self__HF-001,self__PV-010,self__FR-002,self__PV-016,self__FR-005,self__PV-004,self__PV-015,self__FR-004,self__PV-011,self__PV-021,self__INT-003,self__OB-005,self__PV-023,self__FR-001,self__HF-004,self__PV-002,self__OB-002,self__OB-001,self__FR-010",2020-08-25,2020-11-24,2020-11-25,2020-12-22,self__FR-012,8.0,40.83194017410278
__joint_lightgbm__,final_joint,"self__FR-013,self__INT-002,self__OB-004,self__PV-009,self__OB-003,self__FR-012,self__PV-017,self__PV-019,self__HF-001,self__PV-010,self__FR-002,self__PV-016,self__FR-005,self__PV-004,self__PV-015,self__FR-004,self__PV-011,self__PV-021,self__INT-003,self__OB-005,self__PV-023,self__FR-001,self__HF-004,self__PV-002,self__OB-002,self__OB-001,self__FR-010",2020-08-25,2020-11-24,2020-11-25,2020-12-22,self__PV-017,0.0,0.0
__joint_lightgbm__,final_joint,"self__FR-013,self__INT-002,self__OB-004,self__PV-009,self__OB-003,self__FR-012,self__PV-017,self__PV-019,self__HF-001,self__PV-010,self__FR-002,self__PV-016,self__FR-005,self__PV-004,self__PV-015,self__FR-004,self__PV-011,self__PV-021,self__INT-003,self__OB-005,self__PV-023,self__FR-001,self__HF-004,self__PV-002,self__OB-002,self__OB-001,self__FR-010",2020-08-25,2020-11-24,2020-11-25,2020-12-22,self__PV-019,22.0,82.55184030532837
__joint_lightgbm__,final_joint,"self__FR-013,self__INT-002,self__OB-004,self__PV-009,self__OB-003,self__FR-012,self__PV-017,self__PV-019,self__HF-001,self__PV-010,self__FR-002,self__PV-016,self__FR-005,self__PV-004,self__PV-015,self__FR-004,self__PV-011,self__PV-021,self__INT-003,self__OB-005,self__PV-023,self__FR-001,self__HF-004,self__PV-002,self__OB-002,self__OB-001,self__FR-010",2020-08-25,2020-11-24,2020-11-25,2020-12-22,self__HF-001,12.0,64.70252990722656
__joint_lightgbm__,final_joint,"self__FR-013,self__INT-002,self__OB-004,self__PV-009,self__OB-003,self__FR-012,self__PV-017,self__PV-019,self__HF-001,self__PV-010,self__FR-002,self__PV-016,self__FR-005,self__PV-004,self__PV-015,self__FR-004,self__PV-011,self__PV-021,self__INT-003,self__OB-005,self__PV-023,self__FR-001,self__HF-004,self__PV-002,self__OB-002,self__OB-001,self__FR-010",2020-08-25,2020-11-24,2020-11-25,2020-12-22,self__PV-010,57.0,561.2486205101013
__joint_lightgbm__,final_joint,"self__FR-013,self__INT-002,self__OB-004,self__PV-009,self__OB-003,self__FR-012,self__PV-017,self__PV-019,self__HF-001,self__PV-010,self__FR-002,self__PV-016,self__FR-005,self__PV-004,self__PV-015,self__FR-004,self__PV-011,self__PV-021,self__INT-003,self__OB-005,self__PV-023,self__FR-001,self__HF-004,self__PV-002,self__OB-002,self__OB-001,self__FR-010",2020-08-25,2020-11-24,2020-11-25,2020-12-22,self__FR-002,13.0,55.27336049079895
__joint_lightgbm__,final_joint,"self__FR-013,self__INT-002,self__OB-004,self__PV-009,self__OB-003,self__FR-012,self__PV-017,self__PV-019,self__HF-001,self__PV-010,self__FR-002,self__PV-016,self__FR-005,self__PV-004,self__PV-015,self__FR-004,self__PV-011,self__PV-021,self__INT-003,self__OB-005,self__PV-023,self__FR-001,self__HF-004,self__PV-002,self__OB-002,self__OB-001,self__FR-010",2020-08-25,2020-11-24,2020-11-25,2020-12-22,self__PV-016,0.0,0.0
__joint_lightgbm__,final_joint,"self__FR-013,self__INT-002,self__OB-004,self__PV-009,self__OB-003,self__FR-012,self__PV-017,self__PV-019,self__HF-001,self__PV-010,self__FR-002,self__PV-016,self__FR-005,self__PV-004,self__PV-015,self__FR-004,self__PV-011,self__PV-021,self__INT-003,self__OB-005,self__PV-023,self__FR-001,self__HF-004,self__PV-002,self__OB-002,self__OB-001,self__FR-010",2020-08-25,2020-11-24,2020-11-25,2020-12-22,self__FR-005,13.0,43.52362942695618
__joint_lightgbm__,final_joint,"self__FR-013,self__INT-002,self__OB-004,self__PV-009,self__OB-003,self__FR-012,self__PV-017,self__PV-019,self__HF-001,self__PV-010,self__FR-002,self__PV-016,self__FR-005,self__PV-004,self__PV-015,self__FR-004,self__PV-011,self__PV-021,self__INT-003,self__OB-005,self__PV-023,self__FR-001,self__HF-004,self__PV-002,self__OB-002,self__OB-001,self__FR-010",2020-08-25,2020-11-24,2020-11-25,2020-12-22,self__PV-004,2.0,7.477010011672974
__joint_lightgbm__,final_joint,"self__FR-013,self__INT-002,self__OB-004,self__PV-009,self__OB-003,self__FR-012,self__PV-017,self__PV-019,self__HF-001,self__PV-010,self__FR-002,self__PV-016,self__FR-005,self__PV-004,self__PV-015,self__FR-004,self__PV-011,self__PV-021,self__INT-003,self__OB-005,self__PV-023,self__FR-001,self__HF-004,self__PV-002,self__OB-002,self__OB-001,self__FR-010",2020-08-25,2020-11-24,2020-11-25,2020-12-22,self__PV-015,0.0,0.0
__joint_lightgbm__,final_joint,"self__FR-013,self__INT-002,self__OB-004,self__PV-009,self__OB-003,self__FR-012,self__PV-017,self__PV-019,self__HF-001,self__PV-010,self__FR-002,self__PV-016,self__FR-005,self__PV-004,self__PV-015,self__FR-004,self__PV-011,self__PV-021,self__INT-003,self__OB-005,self__PV-023,self__FR-001,self__HF-004,self__PV-002,self__OB-002,self__OB-001,self__FR-010",2020-08-25,2020-11-24,2020-11-25,2020-12-22,self__FR-004,6.0,33.53772020339966
__joint_lightgbm__,final_joint,"self__FR-013,self__INT-002,self__OB-004,self__PV-009,self__OB-003,self__FR-012,self__PV-017,self__PV-019,self__HF-001,self__PV-010,self__FR-002,self__PV-016,self__FR-005,self__PV-004,self__PV-015,self__FR-004,self__PV-011,self__PV-021,self__INT-003,self__OB-005,self__PV-023,self__FR-001,self__HF-004,self__PV-002,self__OB-002,self__OB-001,self__FR-010",2020-08-25,2020-11-24,2020-11-25,2020-12-22,self__PV-011,3.0,16.507769346237183
__joint_lightgbm__,final_joint,"self__FR-013,self__INT-002,self__OB-004,self__PV-009,self__OB-003,self__FR-012,self__PV-017,self__PV-019,self__HF-001,self__PV-010,self__FR-002,self__PV-016,self__FR-005,self__PV-004,self__PV-015,self__FR-004,self__PV-011,self__PV-021,self__INT-003,self__OB-005,self__PV-023,self__FR-001,self__HF-004,self__PV-002,self__OB-002,self__OB-001,self__FR-010",2020-08-25,2020-11-24,2020-11-25,2020-12-22,self__PV-021,12.0,43.97328042984009
__joint_lightgbm__,final_joint,"self__FR-013,self__INT-002,self__OB-004,self__PV-009,self__OB-003,self__FR-012,self__PV-017,self__PV-019,self__HF-001,self__PV-010,self__FR-002,self__PV-016,self__FR-005,self__PV-004,self__PV-015,self__FR-004,self__PV-011,self__PV-021,self__INT-003,self__OB-005,self__PV-023,self__FR-001,self__HF-004,self__PV-002,self__OB-002,self__OB-001,self__FR-010",2020-08-25,2020-11-24,2020-11-25,2020-12-22,self__INT-003,23.0,109.33162069320679
__joint_lightgbm__,final_joint,"self__FR-013,self__INT-002,self__OB-004,self__PV-009,self__OB-003,self__FR-012,self__PV-017,self__PV-019,self__HF-001,self__PV-010,self__FR-002,self__PV-016,self__FR-005,self__PV-004,self__PV-015,self__FR-004,self__PV-011,self__PV-021,self__INT-003,self__OB-005,self__PV-023,self__FR-001,self__HF-004,self__PV-002,self__OB-002,self__OB-001,self__FR-010",2020-08-25,2020-11-24,2020-11-25,2020-12-22,self__OB-005,32.0,152.97967958450317
__joint_lightgbm__,final_joint,"self__FR-013,self__INT-002,self__OB-004,self__PV-009,self__OB-003,self__FR-012,self__PV-017,self__PV-019,self__HF-001,self__PV-010,self__FR-002,self__PV-016,self__FR-005,self__PV-004,self__PV-015,self__FR-004,self__PV-011,self__PV-021,self__INT-003,self__OB-005,self__PV-023,self__FR-001,self__HF-004,self__PV-002,self__OB-002,self__OB-001,self__FR-010",2020-08-25,2020-11-24,2020-11-25,2020-12-22,self__PV-023,5.0,27.73225975036621
__joint_lightgbm__,final_joint,"self__FR-013,self__INT-002,self__OB-004,self__PV-009,self__OB-003,self__FR-012,self__PV-017,self__PV-019,self__HF-001,self__PV-010,self__FR-002,self__PV-016,self__FR-005,self__PV-004,self__PV-015,self__FR-004,self__PV-011,self__PV-021,self__INT-003,self__OB-005,self__PV-023,self__FR-001,self__HF-004,self__PV-002,self__OB-002,self__OB-001,self__FR-010",2020-08-25,2020-11-24,2020-11-25,2020-12-22,self__FR-001,7.0,30.562379837036133
__joint_lightgbm__,final_joint,"self__FR-013,self__INT-002,self__OB-004,self__PV-009,self__OB-003,self__FR-012,self__PV-017,self__PV-019,self__HF-001,self__PV-010,self__FR-002,self__PV-016,self__FR-005,self__PV-004,self__PV-015,self__FR-004,self__PV-011,self__PV-021,self__INT-003,self__OB-005,self__PV-023,self__FR-001,self__HF-004,self__PV-002,self__OB-002,self__OB-001,self__FR-010",2020-08-25,2020-11-24,2020-11-25,2020-12-22,self__HF-004,51.0,317.4082407951355
__joint_lightgbm__,final_joint,"self__FR-013,self__INT-002,self__OB-004,self__PV-009,self__OB-003,self__FR-012,self__PV-017,self__PV-019,self__HF-001,self__PV-010,self__FR-002,self__PV-016,self__FR-005,self__PV-004,self__PV-015,self__FR-004,self__PV-011,self__PV-021,self__INT-003,self__OB-005,self__PV-023,self__FR-001,self__HF-004,self__PV-002,self__OB-002,self__OB-001,self__FR-010",2020-08-25,2020-11-24,2020-11-25,2020-12-22,self__PV-002,150.0,1104.755695104599
__joint_lightgbm__,final_joint,"self__FR-013,self__INT-002,self__OB-004,self__PV-009,self__OB-003,self__FR-012,self__PV-017,self__PV-019,self__HF-001,self__PV-010,self__FR-002,self__PV-016,self__FR-005,self__PV-004,self__PV-015,self__FR-004,self__PV-011,self__PV-021,self__INT-003,self__OB-005,self__PV-023,self__FR-001,self__HF-004,self__PV-002,self__OB-002,self__OB-001,self__FR-010",2020-08-25,2020-11-24,2020-11-25,2020-12-22,self__OB-002,14.0,60.709370613098145
__joint_lightgbm__,final_joint,"self__FR-013,self__INT-002,self__OB-004,self__PV-009,self__OB-003,self__FR-012,self__PV-017,self__PV-019,self__HF-001,self__PV-010,self__FR-002,self__PV-016,self__FR-005,self__PV-004,self__PV-015,self__FR-004,self__PV-011,self__PV-021,self__INT-003,self__OB-005,self__PV-023,self__FR-001,self__HF-004,self__PV-002,self__OB-002,self__OB-001,self__FR-010",2020-08-25,2020-11-24,2020-11-25,2020-12-22,self__OB-001,24.0,121.8851490020752
__joint_lightgbm__,final_joint,"self__FR-013,self__INT-002,self__OB-004,self__PV-009,self__OB-003,self__FR-012,self__PV-017,self__PV-019,self__HF-001,self__PV-010,self__FR-002,self__PV-016,self__FR-005,self__PV-004,self__PV-015,self__FR-004,self__PV-011,self__PV-021,self__INT-003,self__OB-005,self__PV-023,self__FR-001,self__HF-004,self__PV-002,self__OB-002,self__OB-001,self__FR-010",2020-08-25,2020-11-24,2020-11-25,2020-12-22,self__FR-010,19.0,81.60616946220398
__joint_lightgbm__,final_joint,"self__FR-013,self__INT-002,self__OB-004,self__PV-009,self__OB-003,self__FR-012,self__PV-017,self__PV-019,self__HF-001,self__PV-010,self__FR-002,self__PV-016,self__FR-005,self__PV-004,self__PV-015,self__FR-004,self__PV-011,self__PV-021,self__INT-003,self__OB-005,self__PV-023,self__FR-001,self__HF-004,self__PV-002,self__OB-002,self__OB-001,self__FR-010",2020-09-22,2020-12-22,2020-12-23,2021-01-20,factorlib__amount,31.0,166.22418975830078
__joint_lightgbm__,final_joint,"self__FR-013,self__INT-002,self__OB-004,self__PV-009,self__OB-003,self__FR-012,self__PV-017,self__PV-019,self__HF-001,self__PV-010,self__FR-002,self__PV-016,self__FR-005,self__PV-004,self__PV-015,self__FR-004,self__PV-011,self__PV-021,self__INT-003,self__OB-005,self__PV-023,self__FR-001,self__HF-004,self__PV-002,self__OB-002,self__OB-001,self__FR-010",2020-09-22,2020-12-22,2020-12-23,2021-01-20,factorlib__atr_14,26.0,186.0938696861267
__joint_lightgbm__,final_joint,"self__FR-013,self__INT-002,self__OB-004,self__PV-009,self__OB-003,self__FR-012,self__PV-017,self__PV-019,self__HF-001,self__PV-010,self__FR-002,self__PV-016,self__FR-005,self__PV-004,self__PV-015,self__FR-004,self__PV-011,self__PV-021,self__INT-003,self__OB-005,self__PV-023,self__FR-001,self__HF-004,self__PV-002,self__OB-002,self__OB-001,self__FR-010",2020-09-22,2020-12-22,2020-12-23,2021-01-20,factorlib__bias_20,58.0,353.2592897415161
__joint_lightgbm__,final_joint,"self__FR-013,self__INT-002,self__OB-004,self__PV-009,self__OB-003,self__FR-012,self__PV-017,self__PV-019,self__HF-001,self__PV-010,self__FR-002,self__PV-016,self__FR-005,self__PV-004,self__PV-015,self__FR-004,self__PV-011,self__PV-021,self__INT-003,self__OB-005,self__PV-023,self__FR-001,self__HF-004,self__PV-002,self__OB-002,self__OB-001,self__FR-010",2020-09-22,2020-12-22,2020-12-23,2021-01-20,factorlib__cci_14,40.0,224.78245043754578
__joint_lightgbm__,final_joint,"self__FR-013,self__INT-002,self__OB-004,self__PV-009,self__OB-003,self__FR-012,self__PV-017,self__PV-019,self__HF-001,self__PV-010,self__FR-002,self__PV-016,self__FR-005,self__PV-004,self__PV-015,self__FR-004,self__PV-011,self__PV-021,self__INT-003,self__OB-005,self__PV-023,self__FR-001,self__HF-004,self__PV-002,self__OB-002,self__OB-001,self__FR-010",2020-09-22,2020-12-22,2020-12-23,2021-01-20,factorlib__float_market_cap,23.0,137.5629596710205
__joint_lightgbm__,final_joint,"self__FR-013,self__INT-002,self__OB-004,self__PV-009,self__OB-003,self__FR-012,self__PV-017,self__PV-019,self__HF-001,self__PV-010,self__FR-002,self__PV-016,self__FR-005,self__PV-004,self__PV-015,self__FR-004,self__PV-011,self__PV-021,self__INT-003,self__OB-005,self__PV-023,self__FR-001,self__HF-004,self__PV-002,self__OB-002,self__OB-001,self__FR-010",2020-09-22,2020-12-22,2020-12-23,2021-01-20,factorlib__kdj_d_9_3_3,34.0,187.57904195785522
__joint_lightgbm__,final_joint,"self__FR-013,self__INT-002,self__OB-004,self__PV-009,self__OB-003,self__FR-012,self__PV-017,self__PV-019,self__HF-001,self__PV-010,self__FR-002,self__PV-016,self__FR-005,self__PV-004,self__PV-015,self__FR-004,self__PV-011,self__PV-021,self__INT-003,self__OB-005,self__PV-023,self__FR-001,self__HF-004,self__PV-002,self__OB-002,self__OB-001,self__FR-010",2020-09-22,2020-12-22,2020-12-23,2021-01-20,factorlib__macd_diff_12_26_9,29.0,199.599018573761
__joint_lightgbm__,final_joint,"self__FR-013,self__INT-002,self__OB-004,self__PV-009,self__OB-003,self__FR-012,self__PV-017,self__PV-019,self__HF-001,self__PV-010,self__FR-002,self__PV-016,self__FR-005,self__PV-004,self__PV-015,self__FR-004,self__PV-011,self__PV-021,self__INT-003,self__OB-005,self__PV-023,self__FR-001,self__HF-004,self__PV-002,self__OB-002,self__OB-001,self__FR-010",2020-09-22,2020-12-22,2020-12-23,2021-01-20,factorlib__macd_hist_12_26_9,26.0,127.0613009929657
__joint_lightgbm__,final_joint,"self__FR-013,self__INT-002,self__OB-004,self__PV-009,self__OB-003,self__FR-012,self__PV-017,self__PV-019,self__HF-001,self__PV-010,self__FR-002,self__PV-016,self__FR-005,self__PV-004,self__PV-015,self__FR-004,self__PV-011,self__PV-021,self__INT-003,self__OB-005,self__PV-023,self__FR-001,self__HF-004,self__PV-002,self__OB-002,self__OB-001,self__FR-010",2020-09-22,2020-12-22,2020-12-23,2021-01-20,factorlib__momentum_5,43.0,278.532990694046
__joint_lightgbm__,final_joint,"self__FR-013,self__INT-002,self__OB-004,self__PV-009,self__OB-003,self__FR-012,self__PV-017,self__PV-019,self__HF-001,self__PV-010,self__FR-002,self__PV-016,self__FR-005,self__PV-004,self__PV-015,self__FR-004,self__PV-011,self__PV-021,self__INT-003,self__OB-005,self__PV-023,self__FR-001,self__HF-004,self__PV-002,self__OB-002,self__OB-001,self__FR-010",2020-09-22,2020-12-22,2020-12-23,2021-01-20,factorlib__net_profit_rate_ttm,32.0,168.54935932159424
__joint_lightgbm__,final_joint,"self__FR-013,self__INT-002,self__OB-004,self__PV-009,self__OB-003,self__FR-012,self__PV-017,self__PV-019,self__HF-001,self__PV-010,self__FR-002,self__PV-016,self__FR-005,self__PV-004,self__PV-015,self__FR-004,self__PV-011,self__PV-021,self__INT-003,self__OB-005,self__PV-023,self__FR-001,self__HF-004,self__PV-002,self__OB-002,self__OB-001,self__FR-010",2020-09-22,2020-12-22,2020-12-23,2021-01-20,factorlib__netflow_amount_rate_main,65.0,365.93195962905884
__joint_lightgbm__,final_joint,"self__FR-013,self__INT-002,self__OB-004,self__PV-009,self__OB-003,self__FR-012,self__PV-017,self__PV-019,self__HF-001,self__PV-010,self__FR-002,self__PV-016,self__FR-005,self__PV-004,self__PV-015,self__FR-004,self__PV-011,self__PV-021,self__INT-003,self__OB-005,self__PV-023,self__FR-001,self__HF-004,self__PV-002,self__OB-002,self__OB-001,self__FR-010",2020-09-22,2020-12-22,2020-12-23,2021-01-20,factorlib__total_market_cap,35.0,217.62617993354797
__joint_lightgbm__,final_joint,"self__FR-013,self__INT-002,self__OB-004,self__PV-009,self__OB-003,self__FR-012,self__PV-017,self__PV-019,self__HF-001,self__PV-010,self__FR-002,self__PV-016,self__FR-005,self__PV-004,self__PV-015,self__FR-004,self__PV-011,self__PV-021,self__INT-003,self__OB-005,self__PV-023,self__FR-001,self__HF-004,self__PV-002,self__OB-002,self__OB-001,self__FR-010",2020-09-22,2020-12-22,2020-12-23,2021-01-20,factorlib__turn,73.0,853.3769810199738
__joint_lightgbm__,final_joint,"self__FR-013,self__INT-002,self__OB-004,self__PV-009,self__OB-003,self__FR-012,self__PV-017,self__PV-019,self__HF-001,self__PV-010,self__FR-002,self__PV-016,self__FR-005,self__PV-004,self__PV-015,self__FR-004,self__PV-011,self__PV-021,self__INT-003,self__OB-005,self__PV-023,self__FR-001,self__HF-004,self__PV-002,self__OB-002,self__OB-001,self__FR-010",2020-09-22,2020-12-22,2020-12-23,2021-01-20,factorlib__volatility_5,32.0,158.98854112625122
__joint_lightgbm__,final_joint,"self__FR-013,self__INT-002,self__OB-004,self__PV-009,self__OB-003,self__FR-012,self__PV-017,self__PV-019,self__HF-001,self__PV-010,self__FR-002,self__PV-016,self__FR-005,self__PV-004,self__PV-015,self__FR-004,self__PV-011,self__PV-021,self__INT-003,self__OB-005,self__PV-023,self__FR-001,self__HF-004,self__PV-002,self__OB-002,self__OB-001,self__FR-010",2020-09-22,2020-12-22,2020-12-23,2021-01-20,factorlib__volume,50.0,355.54457807540894
__joint_lightgbm__,final_joint,"self__FR-013,self__INT-002,self__OB-004,self__PV-009,self__OB-003,self__FR-012,self__PV-017,self__PV-019,self__HF-001,self__PV-010,self__FR-002,self__PV-016,self__FR-005,self__PV-004,self__PV-015,self__FR-004,self__PV-011,self__PV-021,self__INT-003,self__OB-005,self__PV-023,self__FR-001,self__HF-004,self__PV-002,self__OB-002,self__OB-001,self__FR-010",2020-09-22,2020-12-22,2020-12-23,2021-01-20,self__FR-013,13.0,72.22279071807861
__joint_lightgbm__,final_joint,"self__FR-013,self__INT-002,self__OB-004,self__PV-009,self__OB-003,self__FR-012,self__PV-017,self__PV-019,self__HF-001,self__PV-010,self__FR-002,self__PV-016,self__FR-005,self__PV-004,self__PV-015,self__FR-004,self__PV-011,self__PV-021,self__INT-003,self__OB-005,self__PV-023,self__FR-001,self__HF-004,self__PV-002,self__OB-002,self__OB-001,self__FR-010",2020-09-22,2020-12-22,2020-12-23,2021-01-20,self__INT-002,14.0,68.40845036506653
__joint_lightgbm__,final_joint,"self__FR-013,self__INT-002,self__OB-004,self__PV-009,self__OB-003,self__FR-012,self__PV-017,self__PV-019,self__HF-001,self__PV-010,self__FR-002,self__PV-016,self__FR-005,self__PV-004,self__PV-015,self__FR-004,self__PV-011,self__PV-021,self__INT-003,self__OB-005,self__PV-023,self__FR-001,self__HF-004,self__PV-002,self__OB-002,self__OB-001,self__FR-010",2020-09-22,2020-12-22,2020-12-23,2021-01-20,self__OB-004,12.0,46.55211019515991
__joint_lightgbm__,final_joint,"self__FR-013,self__INT-002,self__OB-004,self__PV-009,self__OB-003,self__FR-012,self__PV-017,self__PV-019,self__HF-001,self__PV-010,self__FR-002,self__PV-016,self__FR-005,self__PV-004,self__PV-015,self__FR-004,self__PV-011,self__PV-021,self__INT-003,self__OB-005,self__PV-023,self__FR-001,self__HF-004,self__PV-002,self__OB-002,self__OB-001,self__FR-010",2020-09-22,2020-12-22,2020-12-23,2021-01-20,self__PV-009,3.0,18.455559730529785
__joint_lightgbm__,final_joint,"self__FR-013,self__INT-002,self__OB-004,self__PV-009,self__OB-003,self__FR-012,self__PV-017,self__PV-019,self__HF-001,self__PV-010,self__FR-002,self__PV-016,self__FR-005,self__PV-004,self__PV-015,self__FR-004,self__PV-011,self__PV-021,self__INT-003,self__OB-005,self__PV-023,self__FR-001,self__HF-004,self__PV-002,self__OB-002,self__OB-001,self__FR-010",2020-09-22,2020-12-22,2020-12-23,2021-01-20,self__OB-003,29.0,130.61555075645447
__joint_lightgbm__,final_joint,"self__FR-013,self__INT-002,self__OB-004,self__PV-009,self__OB-003,self__FR-012,self__PV-017,self__PV-019,self__HF-001,self__PV-010,self__FR-002,self__PV-016,self__FR-005,self__PV-004,self__PV-015,self__FR-004,self__PV-011,self__PV-021,self__INT-003,self__OB-005,self__PV-023,self__FR-001,self__HF-004,self__PV-002,self__OB-002,self__OB-001,self__FR-010",2020-09-22,2020-12-22,2020-12-23,2021-01-20,self__FR-012,19.0,92.09927988052368
__joint_lightgbm__,final_joint,"self__FR-013,self__INT-002,self__OB-004,self__PV-009,self__OB-003,self__FR-012,self__PV-017,self__PV-019,self__HF-001,self__PV-010,self__FR-002,self__PV-016,self__FR-005,self__PV-004,self__PV-015,self__FR-004,self__PV-011,self__PV-021,self__INT-003,self__OB-005,self__PV-023,self__FR-001,self__HF-004,self__PV-002,self__OB-002,self__OB-001,self__FR-010",2020-09-22,2020-12-22,2020-12-23,2021-01-20,self__PV-017,0.0,0.0
__joint_lightgbm__,final_joint,"self__FR-013,self__INT-002,self__OB-004,self__PV-009,self__OB-003,self__FR-012,self__PV-017,self__PV-019,self__HF-001,self__PV-010,self__FR-002,self__PV-016,self__FR-005,self__PV-004,self__PV-015,self__FR-004,self__PV-011,self__PV-021,self__INT-003,self__OB-005,self__PV-023,self__FR-001,self__HF-004,self__PV-002,self__OB-002,self__OB-001,self__FR-010",2020-09-22,2020-12-22,2020-12-23,2021-01-20,self__PV-019,27.0,121.73383045196533
__joint_lightgbm__,final_joint,"self__FR-013,self__INT-002,self__OB-004,self__PV-009,self__OB-003,self__FR-012,self__PV-017,self__PV-019,self__HF-001,self__PV-010,self__FR-002,self__PV-016,self__FR-005,self__PV-004,self__PV-015,self__FR-004,self__PV-011,self__PV-021,self__INT-003,self__OB-005,self__PV-023,self__FR-001,self__HF-004,self__PV-002,self__OB-002,self__OB-001,self__FR-010",2020-09-22,2020-12-22,2020-12-23,2021-01-20,self__HF-001,8.0,30.636919736862183
__joint_lightgbm__,final_joint,"self__FR-013,self__INT-002,self__OB-004,self__PV-009,self__OB-003,self__FR-012,self__PV-017,self__PV-019,self__HF-001,self__PV-010,self__FR-002,self__PV-016,self__FR-005,self__PV-004,self__PV-015,self__FR-004,self__PV-011,self__PV-021,self__INT-003,self__OB-005,self__PV-023,self__FR-001,self__HF-004,self__PV-002,self__OB-002,self__OB-001,self__FR-010",2020-09-22,2020-12-22,2020-12-23,2021-01-20,self__PV-010,41.0,321.87453174591064
__joint_lightgbm__,final_joint,"self__FR-013,self__INT-002,self__OB-004,self__PV-009,self__OB-003,self__FR-012,self__PV-017,self__PV-019,self__HF-001,self__PV-010,self__FR-002,self__PV-016,self__FR-005,self__PV-004,self__PV-015,self__FR-004,self__PV-011,self__PV-021,self__INT-003,self__OB-005,self__PV-023,self__FR-001,self__HF-004,self__PV-002,self__OB-002,self__OB-001,self__FR-010",2020-09-22,2020-12-22,2020-12-23,2021-01-20,self__FR-002,27.0,158.06573009490967
__joint_lightgbm__,final_joint,"self__FR-013,self__INT-002,self__OB-004,self__PV-009,self__OB-003,self__FR-012,self__PV-017,self__PV-019,self__HF-001,self__PV-010,self__FR-002,self__PV-016,self__FR-005,self__PV-004,self__PV-015,self__FR-004,self__PV-011,self__PV-021,self__INT-003,self__OB-005,self__PV-023,self__FR-001,self__HF-004,self__PV-002,self__OB-002,self__OB-001,self__FR-010",2020-09-22,2020-12-22,2020-12-23,2021-01-20,self__PV-016,0.0,0.0
__joint_lightgbm__,final_joint,"self__FR-013,self__INT-002,self__OB-004,self__PV-009,self__OB-003,self__FR-012,self__PV-017,self__PV-019,self__HF-001,self__PV-010,self__FR-002,self__PV-016,self__FR-005,self__PV-004,self__PV-015,self__FR-004,self__PV-011,self__PV-021,self__INT-003,self__OB-005,self__PV-023,self__FR-001,self__HF-004,self__PV-002,self__OB-002,self__OB-001,self__FR-010",2020-09-22,2020-12-22,2020-12-23,2021-01-20,self__FR-005,29.0,142.00105047225952
__joint_lightgbm__,final_joint,"self__FR-013,self__INT-002,self__OB-004,self__PV-009,self__OB-003,self__FR-012,self__PV-017,self__PV-019,self__HF-001,self__PV-010,self__FR-002,self__PV-016,self__FR-005,self__PV-004,self__PV-015,self__FR-004,self__PV-011,self__PV-021,self__INT-003,self__OB-005,self__PV-023,self__FR-001,self__HF-004,self__PV-002,self__OB-002,self__OB-001,self__FR-010",2020-09-22,2020-12-22,2020-12-23,2021-01-20,self__PV-004,15.0,65.16294074058533
__joint_lightgbm__,final_joint,"self__FR-013,self__INT-002,self__OB-004,self__PV-009,self__OB-003,self__FR-012,self__PV-017,self__PV-019,self__HF-001,self__PV-010,self__FR-002,self__PV-016,self__FR-005,self__PV-004,self__PV-015,self__FR-004,self__PV-011,self__PV-021,self__INT-003,self__OB-005,self__PV-023,self__FR-001,self__HF-004,self__PV-002,self__OB-002,self__OB-001,self__FR-010",2020-09-22,2020-12-22,2020-12-23,2021-01-20,self__PV-015,0.0,0.0
__joint_lightgbm__,final_joint,"self__FR-013,self__INT-002,self__OB-004,self__PV-009,self__OB-003,self__FR-012,self__PV-017,self__PV-019,self__HF-001,self__PV-010,self__FR-002,self__PV-016,self__FR-005,self__PV-004,self__PV-015,self__FR-004,self__PV-011,self__PV-021,self__INT-003,self__OB-005,self__PV-023,self__FR-001,self__HF-004,self__PV-002,self__OB-002,self__OB-001,self__FR-010",2020-09-22,2020-12-22,2020-12-23,2021-01-20,self__FR-004,12.0,69.30321073532104
__joint_lightgbm__,final_joint,"self__FR-013,self__INT-002,self__OB-004,self__PV-009,self__OB-003,self__FR-012,self__PV-017,self__PV-019,self__HF-001,self__PV-010,self__FR-002,self__PV-016,self__FR-005,self__PV-004,self__PV-015,self__FR-004,self__PV-011,self__PV-021,self__INT-003,self__OB-005,self__PV-023,self__FR-001,self__HF-004,self__PV-002,self__OB-002,self__OB-001,self__FR-010",2020-09-22,2020-12-22,2020-12-23,2021-01-20,self__PV-011,11.0,39.29002928733826
__joint_lightgbm__,final_joint,"self__FR-013,self__INT-002,self__OB-004,self__PV-009,self__OB-003,self__FR-012,self__PV-017,self__PV-019,self__HF-001,self__PV-010,self__FR-002,self__PV-016,self__FR-005,self__PV-004,self__PV-015,self__FR-004,self__PV-011,self__PV-021,self__INT-003,self__OB-005,self__PV-023,self__FR-001,self__HF-004,self__PV-002,self__OB-002,self__OB-001,self__FR-010",2020-09-22,2020-12-22,2020-12-23,2021-01-20,self__PV-021,32.0,173.4189097881317
__joint_lightgbm__,final_joint,"self__FR-013,self__INT-002,self__OB-004,self__PV-009,self__OB-003,self__FR-012,self__PV-017,self__PV-019,self__HF-001,self__PV-010,self__FR-002,self__PV-016,self__FR-005,self__PV-004,self__PV-015,self__FR-004,self__PV-011,self__PV-021,self__INT-003,self__OB-005,self__PV-023,self__FR-001,self__HF-004,self__PV-002,self__OB-002,self__OB-001,self__FR-010",2020-09-22,2020-12-22,2020-12-23,2021-01-20,self__INT-003,25.0,142.97773098945618
__joint_lightgbm__,final_joint,"self__FR-013,self__INT-002,self__OB-004,self__PV-009,self__OB-003,self__FR-012,self__PV-017,self__PV-019,self__HF-001,self__PV-010,self__FR-002,self__PV-016,self__FR-005,self__PV-004,self__PV-015,self__FR-004,self__PV-011,self__PV-021,self__INT-003,self__OB-005,self__PV-023,self__FR-001,self__HF-004,self__PV-002,self__OB-002,self__OB-001,self__FR-010",2020-09-22,2020-12-22,2020-12-23,2021-01-20,self__OB-005,28.0,102.06404113769531
__joint_lightgbm__,final_joint,"self__FR-013,self__INT-002,self__OB-004,self__PV-009,self__OB-003,self__FR-012,self__PV-017,self__PV-019,self__HF-001,self__PV-010,self__FR-002,self__PV-016,self__FR-005,self__PV-004,self__PV-015,self__FR-004,self__PV-011,self__PV-021,self__INT-003,self__OB-005,self__PV-023,self__FR-001,self__HF-004,self__PV-002,self__OB-002,self__OB-001,self__FR-010",2020-09-22,2020-12-22,2020-12-23,2021-01-20,self__PV-023,6.0,23.718709707260132
__joint_lightgbm__,final_joint,"self__FR-013,self__INT-002,self__OB-004,self__PV-009,self__OB-003,self__FR-012,self__PV-017,self__PV-019,self__HF-001,self__PV-010,self__FR-002,self__PV-016,self__FR-005,self__PV-004,self__PV-015,self__FR-004,self__PV-011,self__PV-021,self__INT-003,self__OB-005,self__PV-023,self__FR-001,self__HF-004,self__PV-002,self__OB-002,self__OB-001,self__FR-010",2020-09-22,2020-12-22,2020-12-23,2021-01-20,self__FR-001,10.0,37.18287968635559
__joint_lightgbm__,final_joint,"self__FR-013,self__INT-002,self__OB-004,self__PV-009,self__OB-003,self__FR-012,self__PV-017,self__PV-019,self__HF-001,self__PV-010,self__FR-002,self__PV-016,self__FR-005,self__PV-004,self__PV-015,self__FR-004,self__PV-011,self__PV-021,self__INT-003,self__OB-005,self__PV-023,self__FR-001,self__HF-004,self__PV-002,self__OB-002,self__OB-001,self__FR-010",2020-09-22,2020-12-22,2020-12-23,2021-01-20,self__HF-004,26.0,140.5757496356964
__joint_lightgbm__,final_joint,"self__FR-013,self__INT-002,self__OB-004,self__PV-009,self__OB-003,self__FR-012,self__PV-017,self__PV-019,self__HF-001,self__PV-010,self__FR-002,self__PV-016,self__FR-005,self__PV-004,self__PV-015,self__FR-004,self__PV-011,self__PV-021,self__INT-003,self__OB-005,self__PV-023,self__FR-001,self__HF-004,self__PV-002,self__OB-002,self__OB-001,self__FR-010",2020-09-22,2020-12-22,2020-12-23,2021-01-20,self__PV-002,145.0,1044.9696621894836
__joint_lightgbm__,final_joint,"self__FR-013,self__INT-002,self__OB-004,self__PV-009,self__OB-003,self__FR-012,self__PV-017,self__PV-019,self__HF-001,self__PV-010,self__FR-002,self__PV-016,self__FR-005,self__PV-004,self__PV-015,self__FR-004,self__PV-011,self__PV-021,self__INT-003,self__OB-005,self__PV-023,self__FR-001,self__HF-004,self__PV-002,self__OB-002,self__OB-001,self__FR-010",2020-09-22,2020-12-22,2020-12-23,2021-01-20,self__OB-002,33.0,145.29343032836914
__joint_lightgbm__,final_joint,"self__FR-013,self__INT-002,self__OB-004,self__PV-009,self__OB-003,self__FR-012,self__PV-017,self__PV-019,self__HF-001,self__PV-010,self__FR-002,self__PV-016,self__FR-005,self__PV-004,self__PV-015,self__FR-004,self__PV-011,self__PV-021,self__INT-003,self__OB-005,self__PV-023,self__FR-001,self__HF-004,self__PV-002,self__OB-002,self__OB-001,self__FR-010",2020-09-22,2020-12-22,2020-12-23,2021-01-20,self__OB-001,30.0,186.95636010169983
__joint_lightgbm__,final_joint,"self__FR-013,self__INT-002,self__OB-004,self__PV-009,self__OB-003,self__FR-012,self__PV-017,self__PV-019,self__HF-001,self__PV-010,self__FR-002,self__PV-016,self__FR-005,self__PV-004,self__PV-015,self__FR-004,self__PV-011,self__PV-021,self__INT-003,self__OB-005,self__PV-023,self__FR-001,self__HF-004,self__PV-002,self__OB-002,self__OB-001,self__FR-010",2020-09-22,2020-12-22,2020-12-23,2021-01-20,self__FR-010,8.0,43.464579343795776
__joint_lightgbm__,final_joint,"self__FR-013,self__INT-002,self__OB-004,self__PV-009,self__OB-003,self__FR-012,self__PV-017,self__PV-019,self__HF-001,self__PV-010,self__FR-002,self__PV-016,self__FR-005,self__PV-004,self__PV-015,self__FR-004,self__PV-011,self__PV-021,self__INT-003,self__OB-005,self__PV-023,self__FR-001,self__HF-004,self__PV-002,self__OB-002,self__OB-001,self__FR-010",2020-10-28,2021-01-20,2021-01-21,2021-02-24,factorlib__amount,21.0,108.09138941764832
__joint_lightgbm__,final_joint,"self__FR-013,self__INT-002,self__OB-004,self__PV-009,self__OB-003,self__FR-012,self__PV-017,self__PV-019,self__HF-001,self__PV-010,self__FR-002,self__PV-016,self__FR-005,self__PV-004,self__PV-015,self__FR-004,self__PV-011,self__PV-021,self__INT-003,self__OB-005,self__PV-023,self__FR-001,self__HF-004,self__PV-002,self__OB-002,self__OB-001,self__FR-010",2020-10-28,2021-01-20,2021-01-21,2021-02-24,factorlib__atr_14,19.0,110.94398045539856
__joint_lightgbm__,final_joint,"self__FR-013,self__INT-002,self__OB-004,self__PV-009,self__OB-003,self__FR-012,self__PV-017,self__PV-019,self__HF-001,self__PV-010,self__FR-002,self__PV-016,self__FR-005,self__PV-004,self__PV-015,self__FR-004,self__PV-011,self__PV-021,self__INT-003,self__OB-005,self__PV-023,self__FR-001,self__HF-004,self__PV-002,self__OB-002,self__OB-001,self__FR-010",2020-10-28,2021-01-20,2021-01-21,2021-02-24,factorlib__bias_20,46.0,252.44588923454285
__joint_lightgbm__,final_joint,"self__FR-013,self__INT-002,self__OB-004,self__PV-009,self__OB-003,self__FR-012,self__PV-017,self__PV-019,self__HF-001,self__PV-010,self__FR-002,self__PV-016,self__FR-005,self__PV-004,self__PV-015,self__FR-004,self__PV-011,self__PV-021,self__INT-003,self__OB-005,self__PV-023,self__FR-001,self__HF-004,self__PV-002,self__OB-002,self__OB-001,self__FR-010",2020-10-28,2021-01-20,2021-01-21,2021-02-24,factorlib__cci_14,26.0,178.94142055511475
__joint_lightgbm__,final_joint,"self__FR-013,self__INT-002,self__OB-004,self__PV-009,self__OB-003,self__FR-012,self__PV-017,self__PV-019,self__HF-001,self__PV-010,self__FR-002,self__PV-016,self__FR-005,self__PV-004,self__PV-015,self__FR-004,self__PV-011,self__PV-021,self__INT-003,self__OB-005,self__PV-023,self__FR-001,self__HF-004,self__PV-002,self__OB-002,self__OB-001,self__FR-010",2020-10-28,2021-01-20,2021-01-21,2021-02-24,factorlib__float_market_cap,37.0,370.7776973247528
__joint_lightgbm__,final_joint,"self__FR-013,self__INT-002,self__OB-004,self__PV-009,self__OB-003,self__FR-012,self__PV-017,self__PV-019,self__HF-001,self__PV-010,self__FR-002,self__PV-016,self__FR-005,self__PV-004,self__PV-015,self__FR-004,self__PV-011,self__PV-021,self__INT-003,self__OB-005,self__PV-023,self__FR-001,self__HF-004,self__PV-002,self__OB-002,self__OB-001,self__FR-010",2020-10-28,2021-01-20,2021-01-21,2021-02-24,factorlib__kdj_d_9_3_3,18.0,103.24705100059509
__joint_lightgbm__,final_joint,"self__FR-013,self__INT-002,self__OB-004,self__PV-009,self__OB-003,self__FR-012,self__PV-017,self__PV-019,self__HF-001,self__PV-010,self__FR-002,self__PV-016,self__FR-005,self__PV-004,self__PV-015,self__FR-004,self__PV-011,self__PV-021,self__INT-003,self__OB-005,self__PV-023,self__FR-001,self__HF-004,self__PV-002,self__OB-002,self__OB-001,self__FR-010",2020-10-28,2021-01-20,2021-01-21,2021-02-24,factorlib__macd_diff_12_26_9,8.0,88.87169003486633
__joint_lightgbm__,final_joint,"self__FR-013,self__INT-002,self__OB-004,self__PV-009,self__OB-003,self__FR-012,self__PV-017,self__PV-019,self__HF-001,self__PV-010,self__FR-002,self__PV-016,self__FR-005,self__PV-004,self__PV-015,self__FR-004,self__PV-011,self__PV-021,self__INT-003,self__OB-005,self__PV-023,self__FR-001,self__HF-004,self__PV-002,self__OB-002,self__OB-001,self__FR-010",2020-10-28,2021-01-20,2021-01-21,2021-02-24,factorlib__macd_hist_12_26_9,13.0,60.89210033416748
__joint_lightgbm__,final_joint,"self__FR-013,self__INT-002,self__OB-004,self__PV-009,self__OB-003,self__FR-012,self__PV-017,self__PV-019,self__HF-001,self__PV-010,self__FR-002,self__PV-016,self__FR-005,self__PV-004,self__PV-015,self__FR-004,self__PV-011,self__PV-021,self__INT-003,self__OB-005,self__PV-023,self__FR-001,self__HF-004,self__PV-002,self__OB-002,self__OB-001,self__FR-010",2020-10-28,2021-01-20,2021-01-21,2021-02-24,factorlib__momentum_5,38.0,283.4020781517029
__joint_lightgbm__,final_joint,"self__FR-013,self__INT-002,self__OB-004,self__PV-009,self__OB-003,self__FR-012,self__PV-017,self__PV-019,self__HF-001,self__PV-010,self__FR-002,self__PV-016,self__FR-005,self__PV-004,self__PV-015,self__FR-004,self__PV-011,self__PV-021,self__INT-003,self__OB-005,self__PV-023,self__FR-001,self__HF-004,self__PV-002,self__OB-002,self__OB-001,self__FR-010",2020-10-28,2021-01-20,2021-01-21,2021-02-24,factorlib__net_profit_rate_ttm,29.0,192.62572932243347
__joint_lightgbm__,final_joint,"self__FR-013,self__INT-002,self__OB-004,self__PV-009,self__OB-003,self__FR-012,self__PV-017,self__PV-019,self__HF-001,self__PV-010,self__FR-002,self__PV-016,self__FR-005,self__PV-004,self__PV-015,self__FR-004,self__PV-011,self__PV-021,self__INT-003,self__OB-005,self__PV-023,self__FR-001,self__HF-004,self__PV-002,self__OB-002,self__OB-001,self__FR-010",2020-10-28,2021-01-20,2021-01-21,2021-02-24,factorlib__netflow_amount_rate_main,87.0,526.8817822933197
__joint_lightgbm__,final_joint,"self__FR-013,self__INT-002,self__OB-004,self__PV-009,self__OB-003,self__FR-012,self__PV-017,self__PV-019,self__HF-001,self__PV-010,self__FR-002,self__PV-016,self__FR-005,self__PV-004,self__PV-015,self__FR-004,self__PV-011,self__PV-021,self__INT-003,self__OB-005,self__PV-023,self__FR-001,self__HF-004,self__PV-002,self__OB-002,self__OB-001,self__FR-010",2020-10-28,2021-01-20,2021-01-21,2021-02-24,factorlib__total_market_cap,58.0,497.8742697238922
__joint_lightgbm__,final_joint,"self__FR-013,self__INT-002,self__OB-004,self__PV-009,self__OB-003,self__FR-012,self__PV-017,self__PV-019,self__HF-001,self__PV-010,self__FR-002,self__PV-016,self__FR-005,self__PV-004,self__PV-015,self__FR-004,self__PV-011,self__PV-021,self__INT-003,self__OB-005,self__PV-023,self__FR-001,self__HF-004,self__PV-002,self__OB-002,self__OB-001,self__FR-010",2020-10-28,2021-01-20,2021-01-21,2021-02-24,factorlib__turn,96.0,1020.9826350212097
__joint_lightgbm__,final_joint,"self__FR-013,self__INT-002,self__OB-004,self__PV-009,self__OB-003,self__FR-012,self__PV-017,self__PV-019,self__HF-001,self__PV-010,self__FR-002,self__PV-016,self__FR-005,self__PV-004,self__PV-015,self__FR-004,self__PV-011,self__PV-021,self__INT-003,self__OB-005,self__PV-023,self__FR-001,self__HF-004,self__PV-002,self__OB-002,self__OB-001,self__FR-010",2020-10-28,2021-01-20,2021-01-21,2021-02-24,factorlib__volatility_5,32.0,191.57150983810425
__joint_lightgbm__,final_joint,"self__FR-013,self__INT-002,self__OB-004,self__PV-009,self__OB-003,self__FR-012,self__PV-017,self__PV-019,self__HF-001,self__PV-010,self__FR-002,self__PV-016,self__FR-005,self__PV-004,self__PV-015,self__FR-004,self__PV-011,self__PV-021,self__INT-003,self__OB-005,self__PV-023,self__FR-001,self__HF-004,self__PV-002,self__OB-002,self__OB-001,self__FR-010",2020-10-28,2021-01-20,2021-01-21,2021-02-24,factorlib__volume,44.0,347.6344909667969
__joint_lightgbm__,final_joint,"self__FR-013,self__INT-002,self__OB-004,self__PV-009,self__OB-003,self__FR-012,self__PV-017,self__PV-019,self__HF-001,self__PV-010,self__FR-002,self__PV-016,self__FR-005,self__PV-004,self__PV-015,self__FR-004,self__PV-011,self__PV-021,self__INT-003,self__OB-005,self__PV-023,self__FR-001,self__HF-004,self__PV-002,self__OB-002,self__OB-001,self__FR-010",2020-10-28,2021-01-20,2021-01-21,2021-02-24,self__FR-013,12.0,70.1452898979187
__joint_lightgbm__,final_joint,"self__FR-013,self__INT-002,self__OB-004,self__PV-009,self__OB-003,self__FR-012,self__PV-017,self__PV-019,self__HF-001,self__PV-010,self__FR-002,self__PV-016,self__FR-005,self__PV-004,self__PV-015,self__FR-004,self__PV-011,self__PV-021,self__INT-003,self__OB-005,self__PV-023,self__FR-001,self__HF-004,self__PV-002,self__OB-002,self__OB-001,self__FR-010",2020-10-28,2021-01-20,2021-01-21,2021-02-24,self__INT-002,40.0,309.3251225948334
__joint_lightgbm__,final_joint,"self__FR-013,self__INT-002,self__OB-004,self__PV-009,self__OB-003,self__FR-012,self__PV-017,self__PV-019,self__HF-001,self__PV-010,self__FR-002,self__PV-016,self__FR-005,self__PV-004,self__PV-015,self__FR-004,self__PV-011,self__PV-021,self__INT-003,self__OB-005,self__PV-023,self__FR-001,self__HF-004,self__PV-002,self__OB-002,self__OB-001,self__FR-010",2020-10-28,2021-01-20,2021-01-21,2021-02-24,self__OB-004,10.0,46.651000022888184
__joint_lightgbm__,final_joint,"self__FR-013,self__INT-002,self__OB-004,self__PV-009,self__OB-003,self__FR-012,self__PV-017,self__PV-019,self__HF-001,self__PV-010,self__FR-002,self__PV-016,self__FR-005,self__PV-004,self__PV-015,self__FR-004,self__PV-011,self__PV-021,self__INT-003,self__OB-005,self__PV-023,self__FR-001,self__HF-004,self__PV-002,self__OB-002,self__OB-001,self__FR-010",2020-10-28,2021-01-20,2021-01-21,2021-02-24,self__PV-009,23.0,101.82678008079529
__joint_lightgbm__,final_joint,"self__FR-013,self__INT-002,self__OB-004,self__PV-009,self__OB-003,self__FR-012,self__PV-017,self__PV-019,self__HF-001,self__PV-010,self__FR-002,self__PV-016,self__FR-005,self__PV-004,self__PV-015,self__FR-004,self__PV-011,self__PV-021,self__INT-003,self__OB-005,self__PV-023,self__FR-001,self__HF-004,self__PV-002,self__OB-002,self__OB-001,self__FR-010",2020-10-28,2021-01-20,2021-01-21,2021-02-24,self__OB-003,27.0,120.62237000465393
__joint_lightgbm__,final_joint,"self__FR-013,self__INT-002,self__OB-004,self__PV-009,self__OB-003,self__FR-012,self__PV-017,self__PV-019,self__HF-001,self__PV-010,self__FR-002,self__PV-016,self__FR-005,self__PV-004,self__PV-015,self__FR-004,self__PV-011,self__PV-021,self__INT-003,self__OB-005,self__PV-023,self__FR-001,self__HF-004,self__PV-002,self__OB-002,self__OB-001,self__FR-010",2020-10-28,2021-01-20,2021-01-21,2021-02-24,self__FR-012,3.0,19.195940017700195
__joint_lightgbm__,final_joint,"self__FR-013,self__INT-002,self__OB-004,self__PV-009,self__OB-003,self__FR-012,self__PV-017,self__PV-019,self__HF-001,self__PV-010,self__FR-002,self__PV-016,self__FR-005,self__PV-004,self__PV-015,self__FR-004,self__PV-011,self__PV-021,self__INT-003,self__OB-005,self__PV-023,self__FR-001,self__HF-004,self__PV-002,self__OB-002,self__OB-001,self__FR-010",2020-10-28,2021-01-20,2021-01-21,2021-02-24,self__PV-017,0.0,0.0
__joint_lightgbm__,final_joint,"self__FR-013,self__INT-002,self__OB-004,self__PV-009,self__OB-003,self__FR-012,self__PV-017,self__PV-019,self__HF-001,self__PV-010,self__FR-002,self__PV-016,self__FR-005,self__PV-004,self__PV-015,self__FR-004,self__PV-011,self__PV-021,self__INT-003,self__OB-005,self__PV-023,self__FR-001,self__HF-004,self__PV-002,self__OB-002,self__OB-001,self__FR-010",2020-10-28,2021-01-20,2021-01-21,2021-02-24,self__PV-019,39.0,204.67677068710327
__joint_lightgbm__,final_joint,"self__FR-013,self__INT-002,self__OB-004,self__PV-009,self__OB-003,self__FR-012,self__PV-017,self__PV-019,self__HF-001,self__PV-010,self__FR-002,self__PV-016,self__FR-005,self__PV-004,self__PV-015,self__FR-004,self__PV-011,self__PV-021,self__INT-003,self__OB-005,self__PV-023,self__FR-001,self__HF-004,self__PV-002,self__OB-002,self__OB-001,self__FR-010",2020-10-28,2021-01-20,2021-01-21,2021-02-24,self__HF-001,27.0,129.8738808631897
__joint_lightgbm__,final_joint,"self__FR-013,self__INT-002,self__OB-004,self__PV-009,self__OB-003,self__FR-012,self__PV-017,self__PV-019,self__HF-001,self__PV-010,self__FR-002,self__PV-016,self__FR-005,self__PV-004,self__PV-015,self__FR-004,self__PV-011,self__PV-021,self__INT-003,self__OB-005,self__PV-023,self__FR-001,self__HF-004,self__PV-002,self__OB-002,self__OB-001,self__FR-010",2020-10-28,2021-01-20,2021-01-21,2021-02-24,self__PV-010,34.0,227.53281044960022
__joint_lightgbm__,final_joint,"self__FR-013,self__INT-002,self__OB-004,self__PV-009,self__OB-003,self__FR-012,self__PV-017,self__PV-019,self__HF-001,self__PV-010,self__FR-002,self__PV-016,self__FR-005,self__PV-004,self__PV-015,self__FR-004,self__PV-011,self__PV-021,self__INT-003,self__OB-005,self__PV-023,self__FR-001,self__HF-004,self__PV-002,self__OB-002,self__OB-001,self__FR-010",2020-10-28,2021-01-20,2021-01-21,2021-02-24,self__FR-002,50.0,252.92384004592896
__joint_lightgbm__,final_joint,"self__FR-013,self__INT-002,self__OB-004,self__PV-009,self__OB-003,self__FR-012,self__PV-017,self__PV-019,self__HF-001,self__PV-010,self__FR-002,self__PV-016,self__FR-005,self__PV-004,self__PV-015,self__FR-004,self__PV-011,self__PV-021,self__INT-003,self__OB-005,self__PV-023,self__FR-001,self__HF-004,self__PV-002,self__OB-002,self__OB-001,self__FR-010",2020-10-28,2021-01-20,2021-01-21,2021-02-24,self__PV-016,2.0,7.5901100635528564
__joint_lightgbm__,final_joint,"self__FR-013,self__INT-002,self__OB-004,self__PV-009,self__OB-003,self__FR-012,self__PV-017,self__PV-019,self__HF-001,self__PV-010,self__FR-002,self__PV-016,self__FR-005,self__PV-004,self__PV-015,self__FR-004,self__PV-011,self__PV-021,self__INT-003,self__OB-005,self__PV-023,self__FR-001,self__HF-004,self__PV-002,self__OB-002,self__OB-001,self__FR-010",2020-10-28,2021-01-20,2021-01-21,2021-02-24,self__FR-005,27.0,103.17097067832947
__joint_lightgbm__,final_joint,"self__FR-013,self__INT-002,self__OB-004,self__PV-009,self__OB-003,self__FR-012,self__PV-017,self__PV-019,self__HF-001,self__PV-010,self__FR-002,self__PV-016,self__FR-005,self__PV-004,self__PV-015,self__FR-004,self__PV-011,self__PV-021,self__INT-003,self__OB-005,self__PV-023,self__FR-001,self__HF-004,self__PV-002,self__OB-002,self__OB-001,self__FR-010",2020-10-28,2021-01-20,2021-01-21,2021-02-24,self__PV-004,19.0,88.53931975364685
__joint_lightgbm__,final_joint,"self__FR-013,self__INT-002,self__OB-004,self__PV-009,self__OB-003,self__FR-012,self__PV-017,self__PV-019,self__HF-001,self__PV-010,self__FR-002,self__PV-016,self__FR-005,self__PV-004,self__PV-015,self__FR-004,self__PV-011,self__PV-021,self__INT-003,self__OB-005,self__PV-023,self__FR-001,self__HF-004,self__PV-002,self__OB-002,self__OB-001,self__FR-010",2020-10-28,2021-01-20,2021-01-21,2021-02-24,self__PV-015,0.0,0.0
__joint_lightgbm__,final_joint,"self__FR-013,self__INT-002,self__OB-004,self__PV-009,self__OB-003,self__FR-012,self__PV-017,self__PV-019,self__HF-001,self__PV-010,self__FR-002,self__PV-016,self__FR-005,self__PV-004,self__PV-015,self__FR-004,self__PV-011,self__PV-021,self__INT-003,self__OB-005,self__PV-023,self__FR-001,self__HF-004,self__PV-002,self__OB-002,self__OB-001,self__FR-010",2020-10-28,2021-01-20,2021-01-21,2021-02-24,self__FR-004,7.0,39.234819173812866
__joint_lightgbm__,final_joint,"self__FR-013,self__INT-002,self__OB-004,self__PV-009,self__OB-003,self__FR-012,self__PV-017,self__PV-019,self__HF-001,self__PV-010,self__FR-002,self__PV-016,self__FR-005,self__PV-004,self__PV-015,self__FR-004,self__PV-011,self__PV-021,self__INT-003,self__OB-005,self__PV-023,self__FR-001,self__HF-004,self__PV-002,self__OB-002,self__OB-001,self__FR-010",2020-10-28,2021-01-20,2021-01-21,2021-02-24,self__PV-011,4.0,19.7568097114563
__joint_lightgbm__,final_joint,"self__FR-013,self__INT-002,self__OB-004,self__PV-009,self__OB-003,self__FR-012,self__PV-017,self__PV-019,self__HF-001,self__PV-010,self__FR-002,self__PV-016,self__FR-005,self__PV-004,self__PV-015,self__FR-004,self__PV-011,self__PV-021,self__INT-003,self__OB-005,self__PV-023,self__FR-001,self__HF-004,self__PV-002,self__OB-002,self__OB-001,self__FR-010",2020-10-28,2021-01-20,2021-01-21,2021-02-24,self__PV-021,22.0,106.04358983039856
__joint_lightgbm__,final_joint,"self__FR-013,self__INT-002,self__OB-004,self__PV-009,self__OB-003,self__FR-012,self__PV-017,self__PV-019,self__HF-001,self__PV-010,self__FR-002,self__PV-016,self__FR-005,self__PV-004,self__PV-015,self__FR-004,self__PV-011,self__PV-021,self__INT-003,self__OB-005,self__PV-023,self__FR-001,self__HF-004,self__PV-002,self__OB-002,self__OB-001,self__FR-010",2020-10-28,2021-01-20,2021-01-21,2021-02-24,self__INT-003,46.0,364.3577690124512
__joint_lightgbm__,final_joint,"self__FR-013,self__INT-002,self__OB-004,self__PV-009,self__OB-003,self__FR-012,self__PV-017,self__PV-019,self__HF-001,self__PV-010,self__FR-002,self__PV-016,self__FR-005,self__PV-004,self__PV-015,self__FR-004,self__PV-011,self__PV-021,self__INT-003,self__OB-005,self__PV-023,self__FR-001,self__HF-004,self__PV-002,self__OB-002,self__OB-001,self__FR-010",2020-10-28,2021-01-20,2021-01-21,2021-02-24,self__OB-005,41.0,199.41512966156006
__joint_lightgbm__,final_joint,"self__FR-013,self__INT-002,self__OB-004,self__PV-009,self__OB-003,self__FR-012,self__PV-017,self__PV-019,self__HF-001,self__PV-010,self__FR-002,self__PV-016,self__FR-005,self__PV-004,self__PV-015,self__FR-004,self__PV-011,self__PV-021,self__INT-003,self__OB-005,self__PV-023,self__FR-001,self__HF-004,self__PV-002,self__OB-002,self__OB-001,self__FR-010",2020-10-28,2021-01-20,2021-01-21,2021-02-24,self__PV-023,15.0,65.85191011428833
__joint_lightgbm__,final_joint,"self__FR-013,self__INT-002,self__OB-004,self__PV-009,self__OB-003,self__FR-012,self__PV-017,self__PV-019,self__HF-001,self__PV-010,self__FR-002,self__PV-016,self__FR-005,self__PV-004,self__PV-015,self__FR-004,self__PV-011,self__PV-021,self__INT-003,self__OB-005,self__PV-023,self__FR-001,self__HF-004,self__PV-002,self__OB-002,self__OB-001,self__FR-010",2020-10-28,2021-01-20,2021-01-21,2021-02-24,self__FR-001,3.0,11.985799789428711
__joint_lightgbm__,final_joint,"self__FR-013,self__INT-002,self__OB-004,self__PV-009,self__OB-003,self__FR-012,self__PV-017,self__PV-019,self__HF-001,self__PV-010,self__FR-002,self__PV-016,self__FR-005,self__PV-004,self__PV-015,self__FR-004,self__PV-011,self__PV-021,self__INT-003,self__OB-005,self__PV-023,self__FR-001,self__HF-004,self__PV-002,self__OB-002,self__OB-001,self__FR-010",2020-10-28,2021-01-20,2021-01-21,2021-02-24,self__HF-004,12.0,77.93337988853455
__joint_lightgbm__,final_joint,"self__FR-013,self__INT-002,self__OB-004,self__PV-009,self__OB-003,self__FR-012,self__PV-017,self__PV-019,self__HF-001,self__PV-010,self__FR-002,self__PV-016,self__FR-005,self__PV-004,self__PV-015,self__FR-004,self__PV-011,self__PV-021,self__INT-003,self__OB-005,self__PV-023,self__FR-001,self__HF-004,self__PV-002,self__OB-002,self__OB-001,self__FR-010",2020-10-28,2021-01-20,2021-01-21,2021-02-24,self__PV-002,127.0,956.7905702590942
__joint_lightgbm__,final_joint,"self__FR-013,self__INT-002,self__OB-004,self__PV-009,self__OB-003,self__FR-012,self__PV-017,self__PV-019,self__HF-001,self__PV-010,self__FR-002,self__PV-016,self__FR-005,self__PV-004,self__PV-015,self__FR-004,self__PV-011,self__PV-021,self__INT-003,self__OB-005,self__PV-023,self__FR-001,self__HF-004,self__PV-002,self__OB-002,self__OB-001,self__FR-010",2020-10-28,2021-01-20,2021-01-21,2021-02-24,self__OB-002,14.0,51.098159313201904
__joint_lightgbm__,final_joint,"self__FR-013,self__INT-002,self__OB-004,self__PV-009,self__OB-003,self__FR-012,self__PV-017,self__PV-019,self__HF-001,self__PV-010,self__FR-002,self__PV-016,self__FR-005,self__PV-004,self__PV-015,self__FR-004,self__PV-011,self__PV-021,self__INT-003,self__OB-005,self__PV-023,self__FR-001,self__HF-004,self__PV-002,self__OB-002,self__OB-001,self__FR-010",2020-10-28,2021-01-20,2021-01-21,2021-02-24,self__OB-001,16.0,101.61498069763184
__joint_lightgbm__,final_joint,"self__FR-013,self__INT-002,self__OB-004,self__PV-009,self__OB-003,self__FR-012,self__PV-017,self__PV-019,self__HF-001,self__PV-010,self__FR-002,self__PV-016,self__FR-005,self__PV-004,self__PV-015,self__FR-004,self__PV-011,self__PV-021,self__INT-003,self__OB-005,self__PV-023,self__FR-001,self__HF-004,self__PV-002,self__OB-002,self__OB-001,self__FR-010",2020-10-28,2021-01-20,2021-01-21,2021-02-24,self__FR-010,8.0,40.692280769348145
__joint_lightgbm__,final_joint,"self__FR-013,self__INT-002,self__OB-004,self__PV-009,self__OB-003,self__FR-012,self__PV-017,self__PV-019,self__HF-001,self__PV-010,self__FR-002,self__PV-016,self__FR-005,self__PV-004,self__PV-015,self__FR-004,self__PV-011,self__PV-021,self__INT-003,self__OB-005,self__PV-023,self__FR-001,self__HF-004,self__PV-002,self__OB-002,self__OB-001,self__FR-010",2020-11-25,2021-02-24,2021-02-25,2021-03-24,factorlib__amount,27.0,175.7499611377716
__joint_lightgbm__,final_joint,"self__FR-013,self__INT-002,self__OB-004,self__PV-009,self__OB-003,self__FR-012,self__PV-017,self__PV-019,self__HF-001,self__PV-010,self__FR-002,self__PV-016,self__FR-005,self__PV-004,self__PV-015,self__FR-004,self__PV-011,self__PV-021,self__INT-003,self__OB-005,self__PV-023,self__FR-001,self__HF-004,self__PV-002,self__OB-002,self__OB-001,self__FR-010",2020-11-25,2021-02-24,2021-02-25,2021-03-24,factorlib__atr_14,4.0,18.68483018875122
__joint_lightgbm__,final_joint,"self__FR-013,self__INT-002,self__OB-004,self__PV-009,self__OB-003,self__FR-012,self__PV-017,self__PV-019,self__HF-001,self__PV-010,self__FR-002,self__PV-016,self__FR-005,self__PV-004,self__PV-015,self__FR-004,self__PV-011,self__PV-021,self__INT-003,self__OB-005,self__PV-023,self__FR-001,self__HF-004,self__PV-002,self__OB-002,self__OB-001,self__FR-010",2020-11-25,2021-02-24,2021-02-25,2021-03-24,factorlib__bias_20,26.0,155.62235975265503
__joint_lightgbm__,final_joint,"self__FR-013,self__INT-002,self__OB-004,self__PV-009,self__OB-003,self__FR-012,self__PV-017,self__PV-019,self__HF-001,self__PV-010,self__FR-002,self__PV-016,self__FR-005,self__PV-004,self__PV-015,self__FR-004,self__PV-011,self__PV-021,self__INT-003,self__OB-005,self__PV-023,self__FR-001,self__HF-004,self__PV-002,self__OB-002,self__OB-001,self__FR-010",2020-11-25,2021-02-24,2021-02-25,2021-03-24,factorlib__cci_14,69.0,437.3658790588379
__joint_lightgbm__,final_joint,"self__FR-013,self__INT-002,self__OB-004,self__PV-009,self__OB-003,self__FR-012,self__PV-017,self__PV-019,self__HF-001,self__PV-010,self__FR-002,self__PV-016,self__FR-005,self__PV-004,self__PV-015,self__FR-004,self__PV-011,self__PV-021,self__INT-003,self__OB-005,self__PV-023,self__FR-001,self__HF-004,self__PV-002,self__OB-002,self__OB-001,self__FR-010",2020-11-25,2021-02-24,2021-02-25,2021-03-24,factorlib__float_market_cap,30.0,192.9435007572174
__joint_lightgbm__,final_joint,"self__FR-013,self__INT-002,self__OB-004,self__PV-009,self__OB-003,self__FR-012,self__PV-017,self__PV-019,self__HF-001,self__PV-010,self__FR-002,self__PV-016,self__FR-005,self__PV-004,self__PV-015,self__FR-004,self__PV-011,self__PV-021,self__INT-003,self__OB-005,self__PV-023,self__FR-001,self__HF-004,self__PV-002,self__OB-002,self__OB-001,self__FR-010",2020-11-25,2021-02-24,2021-02-25,2021-03-24,factorlib__kdj_d_9_3_3,36.0,169.7384603023529
__joint_lightgbm__,final_joint,"self__FR-013,self__INT-002,self__OB-004,self__PV-009,self__OB-003,self__FR-012,self__PV-017,self__PV-019,self__HF-001,self__PV-010,self__FR-002,self__PV-016,self__FR-005,self__PV-004,self__PV-015,self__FR-004,self__PV-011,self__PV-021,self__INT-003,self__OB-005,self__PV-023,self__FR-001,self__HF-004,self__PV-002,self__OB-002,self__OB-001,self__FR-010",2020-11-25,2021-02-24,2021-02-25,2021-03-24,factorlib__macd_diff_12_26_9,7.0,37.726670026779175
__joint_lightgbm__,final_joint,"self__FR-013,self__INT-002,self__OB-004,self__PV-009,self__OB-003,self__FR-012,self__PV-017,self__PV-019,self__HF-001,self__PV-010,self__FR-002,self__PV-016,self__FR-005,self__PV-004,self__PV-015,self__FR-004,self__PV-011,self__PV-021,self__INT-003,self__OB-005,self__PV-023,self__FR-001,self__HF-004,self__PV-002,self__OB-002,self__OB-001,self__FR-010",2020-11-25,2021-02-24,2021-02-25,2021-03-24,factorlib__macd_hist_12_26_9,8.0,42.25094032287598
__joint_lightgbm__,final_joint,"self__FR-013,self__INT-002,self__OB-004,self__PV-009,self__OB-003,self__FR-012,self__PV-017,self__PV-019,self__HF-001,self__PV-010,self__FR-002,self__PV-016,self__FR-005,self__PV-004,self__PV-015,self__FR-004,self__PV-011,self__PV-021,self__INT-003,self__OB-005,self__PV-023,self__FR-001,self__HF-004,self__PV-002,self__OB-002,self__OB-001,self__FR-010",2020-11-25,2021-02-24,2021-02-25,2021-03-24,factorlib__momentum_5,43.0,325.2264883518219
__joint_lightgbm__,final_joint,"self__FR-013,self__INT-002,self__OB-004,self__PV-009,self__OB-003,self__FR-012,self__PV-017,self__PV-019,self__HF-001,self__PV-010,self__FR-002,self__PV-016,self__FR-005,self__PV-004,self__PV-015,self__FR-004,self__PV-011,self__PV-021,self__INT-003,self__OB-005,self__PV-023,self__FR-001,self__HF-004,self__PV-002,self__OB-002,self__OB-001,self__FR-010",2020-11-25,2021-02-24,2021-02-25,2021-03-24,factorlib__net_profit_rate_ttm,18.0,126.51338028907776
__joint_lightgbm__,final_joint,"self__FR-013,self__INT-002,self__OB-004,self__PV-009,self__OB-003,self__FR-012,self__PV-017,self__PV-019,self__HF-001,self__PV-010,self__FR-002,self__PV-016,self__FR-005,self__PV-004,self__PV-015,self__FR-004,self__PV-011,self__PV-021,self__INT-003,self__OB-005,self__PV-023,self__FR-001,self__HF-004,self__PV-002,self__OB-002,self__OB-001,self__FR-010",2020-11-25,2021-02-24,2021-02-25,2021-03-24,factorlib__netflow_amount_rate_main,86.0,560.8858985900879
__joint_lightgbm__,final_joint,"self__FR-013,self__INT-002,self__OB-004,self__PV-009,self__OB-003,self__FR-012,self__PV-017,self__PV-019,self__HF-001,self__PV-010,self__FR-002,self__PV-016,self__FR-005,self__PV-004,self__PV-015,self__FR-004,self__PV-011,self__PV-021,self__INT-003,self__OB-005,self__PV-023,self__FR-001,self__HF-004,self__PV-002,self__OB-002,self__OB-001,self__FR-010",2020-11-25,2021-02-24,2021-02-25,2021-03-24,factorlib__total_market_cap,100.0,816.6332502365112
__joint_lightgbm__,final_joint,"self__FR-013,self__INT-002,self__OB-004,self__PV-009,self__OB-003,self__FR-012,self__PV-017,self__PV-019,self__HF-001,self__PV-010,self__FR-002,self__PV-016,self__FR-005,self__PV-004,self__PV-015,self__FR-004,self__PV-011,self__PV-021,self__INT-003,self__OB-005,self__PV-023,self__FR-001,self__HF-004,self__PV-002,self__OB-002,self__OB-001,self__FR-010",2020-11-25,2021-02-24,2021-02-25,2021-03-24,factorlib__turn,112.0,1166.719075202942
__joint_lightgbm__,final_joint,"self__FR-013,self__INT-002,self__OB-004,self__PV-009,self__OB-003,self__FR-012,self__PV-017,self__PV-019,self__HF-001,self__PV-010,self__FR-002,self__PV-016,self__FR-005,self__PV-004,self__PV-015,self__FR-004,self__PV-011,self__PV-021,self__INT-003,self__OB-005,self__PV-023,self__FR-001,self__HF-004,self__PV-002,self__OB-002,self__OB-001,self__FR-010",2020-11-25,2021-02-24,2021-02-25,2021-03-24,factorlib__volatility_5,27.0,147.06083989143372
__joint_lightgbm__,final_joint,"self__FR-013,self__INT-002,self__OB-004,self__PV-009,self__OB-003,self__FR-012,self__PV-017,self__PV-019,self__HF-001,self__PV-010,self__FR-002,self__PV-016,self__FR-005,self__PV-004,self__PV-015,self__FR-004,self__PV-011,self__PV-021,self__INT-003,self__OB-005,self__PV-023,self__FR-001,self__HF-004,self__PV-002,self__OB-002,self__OB-001,self__FR-010",2020-11-25,2021-02-24,2021-02-25,2021-03-24,factorlib__volume,32.0,186.20982003211975
__joint_lightgbm__,final_joint,"self__FR-013,self__INT-002,self__OB-004,self__PV-009,self__OB-003,self__FR-012,self__PV-017,self__PV-019,self__HF-001,self__PV-010,self__FR-002,self__PV-016,self__FR-005,self__PV-004,self__PV-015,self__FR-004,self__PV-011,self__PV-021,self__INT-003,self__OB-005,self__PV-023,self__FR-001,self__HF-004,self__PV-002,self__OB-002,self__OB-001,self__FR-010",2020-11-25,2021-02-24,2021-02-25,2021-03-24,self__FR-013,0.0,0.0
__joint_lightgbm__,final_joint,"self__FR-013,self__INT-002,self__OB-004,self__PV-009,self__OB-003,self__FR-012,self__PV-017,self__PV-019,self__HF-001,self__PV-010,self__FR-002,self__PV-016,self__FR-005,self__PV-004,self__PV-015,self__FR-004,self__PV-011,self__PV-021,self__INT-003,self__OB-005,self__PV-023,self__FR-001,self__HF-004,self__PV-002,self__OB-002,self__OB-001,self__FR-010",2020-11-25,2021-02-24,2021-02-25,2021-03-24,self__INT-002,1.0,11.035200119018555
__joint_lightgbm__,final_joint,"self__FR-013,self__INT-002,self__OB-004,self__PV-009,self__OB-003,self__FR-012,self__PV-017,self__PV-019,self__HF-001,self__PV-010,self__FR-002,self__PV-016,self__FR-005,self__PV-004,self__PV-015,self__FR-004,self__PV-011,self__PV-021,self__INT-003,self__OB-005,self__PV-023,self__FR-001,self__HF-004,self__PV-002,self__OB-002,self__OB-001,self__FR-010",2020-11-25,2021-02-24,2021-02-25,2021-03-24,self__OB-004,5.0,25.36557960510254
__joint_lightgbm__,final_joint,"self__FR-013,self__INT-002,self__OB-004,self__PV-009,self__OB-003,self__FR-012,self__PV-017,self__PV-019,self__HF-001,self__PV-010,self__FR-002,self__PV-016,self__FR-005,self__PV-004,self__PV-015,self__FR-004,self__PV-011,self__PV-021,self__INT-003,self__OB-005,self__PV-023,self__FR-001,self__HF-004,self__PV-002,self__OB-002,self__OB-001,self__FR-010",2020-11-25,2021-02-24,2021-02-25,2021-03-24,self__PV-009,27.0,120.00068974494934
__joint_lightgbm__,final_joint,"self__FR-013,self__INT-002,self__OB-004,self__PV-009,self__OB-003,self__FR-012,self__PV-017,self__PV-019,self__HF-001,self__PV-010,self__FR-002,self__PV-016,self__FR-005,self__PV-004,self__PV-015,self__FR-004,self__PV-011,self__PV-021,self__INT-003,self__OB-005,self__PV-023,self__FR-001,self__HF-004,self__PV-002,self__OB-002,self__OB-001,self__FR-010",2020-11-25,2021-02-24,2021-02-25,2021-03-24,self__OB-003,10.0,52.34681010246277
__joint_lightgbm__,final_joint,"self__FR-013,self__INT-002,self__OB-004,self__PV-009,self__OB-003,self__FR-012,self__PV-017,self__PV-019,self__HF-001,self__PV-010,self__FR-002,self__PV-016,self__FR-005,self__PV-004,self__PV-015,self__FR-004,self__PV-011,self__PV-021,self__INT-003,self__OB-005,self__PV-023,self__FR-001,self__HF-004,self__PV-002,self__OB-002,self__OB-001,self__FR-010",2020-11-25,2021-02-24,2021-02-25,2021-03-24,self__FR-012,16.0,66.70568037033081
__joint_lightgbm__,final_joint,"self__FR-013,self__INT-002,self__OB-004,self__PV-009,self__OB-003,self__FR-012,self__PV-017,self__PV-019,self__HF-001,self__PV-010,self__FR-002,self__PV-016,self__FR-005,self__PV-004,self__PV-015,self__FR-004,self__PV-011,self__PV-021,self__INT-003,self__OB-005,self__PV-023,self__FR-001,self__HF-004,self__PV-002,self__OB-002,self__OB-001,self__FR-010",2020-11-25,2021-02-24,2021-02-25,2021-03-24,self__PV-017,0.0,0.0
__joint_lightgbm__,final_joint,"self__FR-013,self__INT-002,self__OB-004,self__PV-009,self__OB-003,self__FR-012,self__PV-017,self__PV-019,self__HF-001,self__PV-010,self__FR-002,self__PV-016,self__FR-005,self__PV-004,self__PV-015,self__FR-004,self__PV-011,self__PV-021,self__INT-003,self__OB-005,self__PV-023,self__FR-001,self__HF-004,self__PV-002,self__OB-002,self__OB-001,self__FR-010",2020-11-25,2021-02-24,2021-02-25,2021-03-24,self__PV-019,51.0,293.966078042984
__joint_lightgbm__,final_joint,"self__FR-013,self__INT-002,self__OB-004,self__PV-009,self__OB-003,self__FR-012,self__PV-017,self__PV-019,self__HF-001,self__PV-010,self__FR-002,self__PV-016,self__FR-005,self__PV-004,self__PV-015,self__FR-004,self__PV-011,self__PV-021,self__INT-003,self__OB-005,self__PV-023,self__FR-001,self__HF-004,self__PV-002,self__OB-002,self__OB-001,self__FR-010",2020-11-25,2021-02-24,2021-02-25,2021-03-24,self__HF-001,23.0,102.97090983390808
__joint_lightgbm__,final_joint,"self__FR-013,self__INT-002,self__OB-004,self__PV-009,self__OB-003,self__FR-012,self__PV-017,self__PV-019,self__HF-001,self__PV-010,self__FR-002,self__PV-016,self__FR-005,self__PV-004,self__PV-015,self__FR-004,self__PV-011,self__PV-021,self__INT-003,self__OB-005,self__PV-023,self__FR-001,self__HF-004,self__PV-002,self__OB-002,self__OB-001,self__FR-010",2020-11-25,2021-02-24,2021-02-25,2021-03-24,self__PV-010,3.0,13.169620275497437
__joint_lightgbm__,final_joint,"self__FR-013,self__INT-002,self__OB-004,self__PV-009,self__OB-003,self__FR-012,self__PV-017,self__PV-019,self__HF-001,self__PV-010,self__FR-002,self__PV-016,self__FR-005,self__PV-004,self__PV-015,self__FR-004,self__PV-011,self__PV-021,self__INT-003,self__OB-005,self__PV-023,self__FR-001,self__HF-004,self__PV-002,self__OB-002,self__OB-001,self__FR-010",2020-11-25,2021-02-24,2021-02-25,2021-03-24,self__FR-002,30.0,141.10259127616882
__joint_lightgbm__,final_joint,"self__FR-013,self__INT-002,self__OB-004,self__PV-009,self__OB-003,self__FR-012,self__PV-017,self__PV-019,self__HF-001,self__PV-010,self__FR-002,self__PV-016,self__FR-005,self__PV-004,self__PV-015,self__FR-004,self__PV-011,self__PV-021,self__INT-003,self__OB-005,self__PV-023,self__FR-001,self__HF-004,self__PV-002,self__OB-002,self__OB-001,self__FR-010",2020-11-25,2021-02-24,2021-02-25,2021-03-24,self__PV-016,21.0,136.34383916854858
__joint_lightgbm__,final_joint,"self__FR-013,self__INT-002,self__OB-004,self__PV-009,self__OB-003,self__FR-012,self__PV-017,self__PV-019,self__HF-001,self__PV-010,self__FR-002,self__PV-016,self__FR-005,self__PV-004,self__PV-015,self__FR-004,self__PV-011,self__PV-021,self__INT-003,self__OB-005,self__PV-023,self__FR-001,self__HF-004,self__PV-002,self__OB-002,self__OB-001,self__FR-010",2020-11-25,2021-02-24,2021-02-25,2021-03-24,self__FR-005,42.0,207.53238010406494
__joint_lightgbm__,final_joint,"self__FR-013,self__INT-002,self__OB-004,self__PV-009,self__OB-003,self__FR-012,self__PV-017,self__PV-019,self__HF-001,self__PV-010,self__FR-002,self__PV-016,self__FR-005,self__PV-004,self__PV-015,self__FR-004,self__PV-011,self__PV-021,self__INT-003,self__OB-005,self__PV-023,self__FR-001,self__HF-004,self__PV-002,self__OB-002,self__OB-001,self__FR-010",2020-11-25,2021-02-24,2021-02-25,2021-03-24,self__PV-004,7.0,31.038039684295654
__joint_lightgbm__,final_joint,"self__FR-013,self__INT-002,self__OB-004,self__PV-009,self__OB-003,self__FR-012,self__PV-017,self__PV-019,self__HF-001,self__PV-010,self__FR-002,self__PV-016,self__FR-005,self__PV-004,self__PV-015,self__FR-004,self__PV-011,self__PV-021,self__INT-003,self__OB-005,self__PV-023,self__FR-001,self__HF-004,self__PV-002,self__OB-002,self__OB-001,self__FR-010",2020-11-25,2021-02-24,2021-02-25,2021-03-24,self__PV-015,1.0,4.603240013122559
__joint_lightgbm__,final_joint,"self__FR-013,self__INT-002,self__OB-004,self__PV-009,self__OB-003,self__FR-012,self__PV-017,self__PV-019,self__HF-001,self__PV-010,self__FR-002,self__PV-016,self__FR-005,self__PV-004,self__PV-015,self__FR-004,self__PV-011,self__PV-021,self__INT-003,self__OB-005,self__PV-023,self__FR-001,self__HF-004,self__PV-002,self__OB-002,self__OB-001,self__FR-010",2020-11-25,2021-02-24,2021-02-25,2021-03-24,self__FR-004,16.0,68.3223295211792
__joint_lightgbm__,final_joint,"self__FR-013,self__INT-002,self__OB-004,self__PV-009,self__OB-003,self__FR-012,self__PV-017,self__PV-019,self__HF-001,self__PV-010,self__FR-002,self__PV-016,self__FR-005,self__PV-004,self__PV-015,self__FR-004,self__PV-011,self__PV-021,self__INT-003,self__OB-005,self__PV-023,self__FR-001,self__HF-004,self__PV-002,self__OB-002,self__OB-001,self__FR-010",2020-11-25,2021-02-24,2021-02-25,2021-03-24,self__PV-011,4.0,18.76412034034729
__joint_lightgbm__,final_joint,"self__FR-013,self__INT-002,self__OB-004,self__PV-009,self__OB-003,self__FR-012,self__PV-017,self__PV-019,self__HF-001,self__PV-010,self__FR-002,self__PV-016,self__FR-005,self__PV-004,self__PV-015,self__FR-004,self__PV-011,self__PV-021,self__INT-003,self__OB-005,self__PV-023,self__FR-001,self__HF-004,self__PV-002,self__OB-002,self__OB-001,self__FR-010",2020-11-25,2021-02-24,2021-02-25,2021-03-24,self__PV-021,20.0,95.41429948806763
__joint_lightgbm__,final_joint,"self__FR-013,self__INT-002,self__OB-004,self__PV-009,self__OB-003,self__FR-012,self__PV-017,self__PV-019,self__HF-001,self__PV-010,self__FR-002,self__PV-016,self__FR-005,self__PV-004,self__PV-015,self__FR-004,self__PV-011,self__PV-021,self__INT-003,self__OB-005,self__PV-023,self__FR-001,self__HF-004,self__PV-002,self__OB-002,self__OB-001,self__FR-010",2020-11-25,2021-02-24,2021-02-25,2021-03-24,self__INT-003,6.0,25.644790410995483
__joint_lightgbm__,final_joint,"self__FR-013,self__INT-002,self__OB-004,self__PV-009,self__OB-003,self__FR-012,self__PV-017,self__PV-019,self__HF-001,self__PV-010,self__FR-002,self__PV-016,self__FR-005,self__PV-004,self__PV-015,self__FR-004,self__PV-011,self__PV-021,self__INT-003,self__OB-005,self__PV-023,self__FR-001,self__HF-004,self__PV-002,self__OB-002,self__OB-001,self__FR-010",2020-11-25,2021-02-24,2021-02-25,2021-03-24,self__OB-005,45.0,256.67770981788635
__joint_lightgbm__,final_joint,"self__FR-013,self__INT-002,self__OB-004,self__PV-009,self__OB-003,self__FR-012,self__PV-017,self__PV-019,self__HF-001,self__PV-010,self__FR-002,self__PV-016,self__FR-005,self__PV-004,self__PV-015,self__FR-004,self__PV-011,self__PV-021,self__INT-003,self__OB-005,self__PV-023,self__FR-001,self__HF-004,self__PV-002,self__OB-002,self__OB-001,self__FR-010",2020-11-25,2021-02-24,2021-02-25,2021-03-24,self__PV-023,9.0,49.12086009979248
__joint_lightgbm__,final_joint,"self__FR-013,self__INT-002,self__OB-004,self__PV-009,self__OB-003,self__FR-012,self__PV-017,self__PV-019,self__HF-001,self__PV-010,self__FR-002,self__PV-016,self__FR-005,self__PV-004,self__PV-015,self__FR-004,self__PV-011,self__PV-021,self__INT-003,self__OB-005,self__PV-023,self__FR-001,self__HF-004,self__PV-002,self__OB-002,self__OB-001,self__FR-010",2020-11-25,2021-02-24,2021-02-25,2021-03-24,self__FR-001,1.0,3.686619997024536
__joint_lightgbm__,final_joint,"self__FR-013,self__INT-002,self__OB-004,self__PV-009,self__OB-003,self__FR-012,self__PV-017,self__PV-019,self__HF-001,self__PV-010,self__FR-002,self__PV-016,self__FR-005,self__PV-004,self__PV-015,self__FR-004,self__PV-011,self__PV-021,self__INT-003,self__OB-005,self__PV-023,self__FR-001,self__HF-004,self__PV-002,self__OB-002,self__OB-001,self__FR-010",2020-11-25,2021-02-24,2021-02-25,2021-03-24,self__HF-004,38.0,211.6597900390625
__joint_lightgbm__,final_joint,"self__FR-013,self__INT-002,self__OB-004,self__PV-009,self__OB-003,self__FR-012,self__PV-017,self__PV-019,self__HF-001,self__PV-010,self__FR-002,self__PV-016,self__FR-005,self__PV-004,self__PV-015,self__FR-004,self__PV-011,self__PV-021,self__INT-003,self__OB-005,self__PV-023,self__FR-001,self__HF-004,self__PV-002,self__OB-002,self__OB-001,self__FR-010",2020-11-25,2021-02-24,2021-02-25,2021-03-24,self__PV-002,144.0,1135.737669467926
__joint_lightgbm__,final_joint,"self__FR-013,self__INT-002,self__OB-004,self__PV-009,self__OB-003,self__FR-012,self__PV-017,self__PV-019,self__HF-001,self__PV-010,self__FR-002,self__PV-016,self__FR-005,self__PV-004,self__PV-015,self__FR-004,self__PV-011,self__PV-021,self__INT-003,self__OB-005,self__PV-023,self__FR-001,self__HF-004,self__PV-002,self__OB-002,self__OB-001,self__FR-010",2020-11-25,2021-02-24,2021-02-25,2021-03-24,self__OB-002,32.0,139.88985967636108
__joint_lightgbm__,final_joint,"self__FR-013,self__INT-002,self__OB-004,self__PV-009,self__OB-003,self__FR-012,self__PV-017,self__PV-019,self__HF-001,self__PV-010,self__FR-002,self__PV-016,self__FR-005,self__PV-004,self__PV-015,self__FR-004,self__PV-011,self__PV-021,self__INT-003,self__OB-005,self__PV-023,self__FR-001,self__HF-004,self__PV-002,self__OB-002,self__OB-001,self__FR-010",2020-11-25,2021-02-24,2021-02-25,2021-03-24,self__OB-001,18.0,107.76497912406921
__joint_lightgbm__,final_joint,"self__FR-013,self__INT-002,self__OB-004,self__PV-009,self__OB-003,self__FR-012,self__PV-017,self__PV-019,self__HF-001,self__PV-010,self__FR-002,self__PV-016,self__FR-005,self__PV-004,self__PV-015,self__FR-004,self__PV-011,self__PV-021,self__INT-003,self__OB-005,self__PV-023,self__FR-001,self__HF-004,self__PV-002,self__OB-002,self__OB-001,self__FR-010",2020-11-25,2021-02-24,2021-02-25,2021-03-24,self__FR-010,5.0,23.847399950027466
__joint_lightgbm__,final_joint,"self__FR-013,self__INT-002,self__OB-004,self__PV-009,self__OB-003,self__FR-012,self__PV-017,self__PV-019,self__HF-001,self__PV-010,self__FR-002,self__PV-016,self__FR-005,self__PV-004,self__PV-015,self__FR-004,self__PV-011,self__PV-021,self__INT-003,self__OB-005,self__PV-023,self__FR-001,self__HF-004,self__PV-002,self__OB-002,self__OB-001,self__FR-010",2020-12-23,2021-03-24,2021-03-25,2021-04-22,factorlib__amount,49.0,314.7931613922119
__joint_lightgbm__,final_joint,"self__FR-013,self__INT-002,self__OB-004,self__PV-009,self__OB-003,self__FR-012,self__PV-017,self__PV-019,self__HF-001,self__PV-010,self__FR-002,self__PV-016,self__FR-005,self__PV-004,self__PV-015,self__FR-004,self__PV-011,self__PV-021,self__INT-003,self__OB-005,self__PV-023,self__FR-001,self__HF-004,self__PV-002,self__OB-002,self__OB-001,self__FR-010",2020-12-23,2021-03-24,2021-03-25,2021-04-22,factorlib__atr_14,15.0,116.36466932296753
__joint_lightgbm__,final_joint,"self__FR-013,self__INT-002,self__OB-004,self__PV-009,self__OB-003,self__FR-012,self__PV-017,self__PV-019,self__HF-001,self__PV-010,self__FR-002,self__PV-016,self__FR-005,self__PV-004,self__PV-015,self__FR-004,self__PV-011,self__PV-021,self__INT-003,self__OB-005,self__PV-023,self__FR-001,self__HF-004,self__PV-002,self__OB-002,self__OB-001,self__FR-010",2020-12-23,2021-03-24,2021-03-25,2021-04-22,factorlib__bias_20,9.0,40.41357970237732
__joint_lightgbm__,final_joint,"self__FR-013,self__INT-002,self__OB-004,self__PV-009,self__OB-003,self__FR-012,self__PV-017,self__PV-019,self__HF-001,self__PV-010,self__FR-002,self__PV-016,self__FR-005,self__PV-004,self__PV-015,self__FR-004,self__PV-011,self__PV-021,self__INT-003,self__OB-005,self__PV-023,self__FR-001,self__HF-004,self__PV-002,self__OB-002,self__OB-001,self__FR-010",2020-12-23,2021-03-24,2021-03-25,2021-04-22,factorlib__cci_14,58.0,320.35581946372986
__joint_lightgbm__,final_joint,"self__FR-013,self__INT-002,self__OB-004,self__PV-009,self__OB-003,self__FR-012,self__PV-017,self__PV-019,self__HF-001,self__PV-010,self__FR-002,self__PV-016,self__FR-005,self__PV-004,self__PV-015,self__FR-004,self__PV-011,self__PV-021,self__INT-003,self__OB-005,self__PV-023,self__FR-001,self__HF-004,self__PV-002,self__OB-002,self__OB-001,self__FR-010",2020-12-23,2021-03-24,2021-03-25,2021-04-22,factorlib__float_market_cap,17.0,63.637659788131714
__joint_lightgbm__,final_joint,"self__FR-013,self__INT-002,self__OB-004,self__PV-009,self__OB-003,self__FR-012,self__PV-017,self__PV-019,self__HF-001,self__PV-010,self__FR-002,self__PV-016,self__FR-005,self__PV-004,self__PV-015,self__FR-004,self__PV-011,self__PV-021,self__INT-003,self__OB-005,self__PV-023,self__FR-001,self__HF-004,self__PV-002,self__OB-002,self__OB-001,self__FR-010",2020-12-23,2021-03-24,2021-03-25,2021-04-22,factorlib__kdj_d_9_3_3,20.0,99.64908003807068
__joint_lightgbm__,final_joint,"self__FR-013,self__INT-002,self__OB-004,self__PV-009,self__OB-003,self__FR-012,self__PV-017,self__PV-019,self__HF-001,self__PV-010,self__FR-002,self__PV-016,self__FR-005,self__PV-004,self__PV-015,self__FR-004,self__PV-011,self__PV-021,self__INT-003,self__OB-005,self__PV-023,self__FR-001,self__HF-004,self__PV-002,self__OB-002,self__OB-001,self__FR-010",2020-12-23,2021-03-24,2021-03-25,2021-04-22,factorlib__macd_diff_12_26_9,25.0,124.83059096336365
__joint_lightgbm__,final_joint,"self__FR-013,self__INT-002,self__OB-004,self__PV-009,self__OB-003,self__FR-012,self__PV-017,self__PV-019,self__HF-001,self__PV-010,self__FR-002,self__PV-016,self__FR-005,self__PV-004,self__PV-015,self__FR-004,self__PV-011,self__PV-021,self__INT-003,self__OB-005,self__PV-023,self__FR-001,self__HF-004,self__PV-002,self__OB-002,self__OB-001,self__FR-010",2020-12-23,2021-03-24,2021-03-25,2021-04-22,factorlib__macd_hist_12_26_9,21.0,103.75553011894226
__joint_lightgbm__,final_joint,"self__FR-013,self__INT-002,self__OB-004,self__PV-009,self__OB-003,self__FR-012,self__PV-017,self__PV-019,self__HF-001,self__PV-010,self__FR-002,self__PV-016,self__FR-005,self__PV-004,self__PV-015,self__FR-004,self__PV-011,self__PV-021,self__INT-003,self__OB-005,self__PV-023,self__FR-001,self__HF-004,self__PV-002,self__OB-002,self__OB-001,self__FR-010",2020-12-23,2021-03-24,2021-03-25,2021-04-22,factorlib__momentum_5,65.0,393.7855803966522
__joint_lightgbm__,final_joint,"self__FR-013,self__INT-002,self__OB-004,self__PV-009,self__OB-003,self__FR-012,self__PV-017,self__PV-019,self__HF-001,self__PV-010,self__FR-002,self__PV-016,self__FR-005,self__PV-004,self__PV-015,self__FR-004,self__PV-011,self__PV-021,self__INT-003,self__OB-005,self__PV-023,self__FR-001,self__HF-004,self__PV-002,self__OB-002,self__OB-001,self__FR-010",2020-12-23,2021-03-24,2021-03-25,2021-04-22,factorlib__net_profit_rate_ttm,15.0,65.50273013114929
__joint_lightgbm__,final_joint,"self__FR-013,self__INT-002,self__OB-004,self__PV-009,self__OB-003,self__FR-012,self__PV-017,self__PV-019,self__HF-001,self__PV-010,self__FR-002,self__PV-016,self__FR-005,self__PV-004,self__PV-015,self__FR-004,self__PV-011,self__PV-021,self__INT-003,self__OB-005,self__PV-023,self__FR-001,self__HF-004,self__PV-002,self__OB-002,self__OB-001,self__FR-010",2020-12-23,2021-03-24,2021-03-25,2021-04-22,factorlib__netflow_amount_rate_main,99.0,648.2473825216293
__joint_lightgbm__,final_joint,"self__FR-013,self__INT-002,self__OB-004,self__PV-009,self__OB-003,self__FR-012,self__PV-017,self__PV-019,self__HF-001,self__PV-010,self__FR-002,self__PV-016,self__FR-005,self__PV-004,self__PV-015,self__FR-004,self__PV-011,self__PV-021,self__INT-003,self__OB-005,self__PV-023,self__FR-001,self__HF-004,self__PV-002,self__OB-002,self__OB-001,self__FR-010",2020-12-23,2021-03-24,2021-03-25,2021-04-22,factorlib__total_market_cap,48.0,241.43697047233582
__joint_lightgbm__,final_joint,"self__FR-013,self__INT-002,self__OB-004,self__PV-009,self__OB-003,self__FR-012,self__PV-017,self__PV-019,self__HF-001,self__PV-010,self__FR-002,self__PV-016,self__FR-005,self__PV-004,self__PV-015,self__FR-004,self__PV-011,self__PV-021,self__INT-003,self__OB-005,self__PV-023,self__FR-001,self__HF-004,self__PV-002,self__OB-002,self__OB-001,self__FR-010",2020-12-23,2021-03-24,2021-03-25,2021-04-22,factorlib__turn,82.0,1353.8099892139435
__joint_lightgbm__,final_joint,"self__FR-013,self__INT-002,self__OB-004,self__PV-009,self__OB-003,self__FR-012,self__PV-017,self__PV-019,self__HF-001,self__PV-010,self__FR-002,self__PV-016,self__FR-005,self__PV-004,self__PV-015,self__FR-004,self__PV-011,self__PV-021,self__INT-003,self__OB-005,self__PV-023,self__FR-001,self__HF-004,self__PV-002,self__OB-002,self__OB-001,self__FR-010",2020-12-23,2021-03-24,2021-03-25,2021-04-22,factorlib__volatility_5,52.0,355.0917887687683
__joint_lightgbm__,final_joint,"self__FR-013,self__INT-002,self__OB-004,self__PV-009,self__OB-003,self__FR-012,self__PV-017,self__PV-019,self__HF-001,self__PV-010,self__FR-002,self__PV-016,self__FR-005,self__PV-004,self__PV-015,self__FR-004,self__PV-011,self__PV-021,self__INT-003,self__OB-005,self__PV-023,self__FR-001,self__HF-004,self__PV-002,self__OB-002,self__OB-001,self__FR-010",2020-12-23,2021-03-24,2021-03-25,2021-04-22,factorlib__volume,24.0,138.59533071517944
__joint_lightgbm__,final_joint,"self__FR-013,self__INT-002,self__OB-004,self__PV-009,self__OB-003,self__FR-012,self__PV-017,self__PV-019,self__HF-001,self__PV-010,self__FR-002,self__PV-016,self__FR-005,self__PV-004,self__PV-015,self__FR-004,self__PV-011,self__PV-021,self__INT-003,self__OB-005,self__PV-023,self__FR-001,self__HF-004,self__PV-002,self__OB-002,self__OB-001,self__FR-010",2020-12-23,2021-03-24,2021-03-25,2021-04-22,self__FR-013,0.0,0.0
__joint_lightgbm__,final_joint,"self__FR-013,self__INT-002,self__OB-004,self__PV-009,self__OB-003,self__FR-012,self__PV-017,self__PV-019,self__HF-001,self__PV-010,self__FR-002,self__PV-016,self__FR-005,self__PV-004,self__PV-015,self__FR-004,self__PV-011,self__PV-021,self__INT-003,self__OB-005,self__PV-023,self__FR-001,self__HF-004,self__PV-002,self__OB-002,self__OB-001,self__FR-010",2020-12-23,2021-03-24,2021-03-25,2021-04-22,self__INT-002,4.0,9.535449981689453
__joint_lightgbm__,final_joint,"self__FR-013,self__INT-002,self__OB-004,self__PV-009,self__OB-003,self__FR-012,self__PV-017,self__PV-019,self__HF-001,self__PV-010,self__FR-002,self__PV-016,self__FR-005,self__PV-004,self__PV-015,self__FR-004,self__PV-011,self__PV-021,self__INT-003,self__OB-005,self__PV-023,self__FR-001,self__HF-004,self__PV-002,self__OB-002,self__OB-001,self__FR-010",2020-12-23,2021-03-24,2021-03-25,2021-04-22,self__OB-004,12.0,58.12331032752991
__joint_lightgbm__,final_joint,"self__FR-013,self__INT-002,self__OB-004,self__PV-009,self__OB-003,self__FR-012,self__PV-017,self__PV-019,self__HF-001,self__PV-010,self__FR-002,self__PV-016,self__FR-005,self__PV-004,self__PV-015,self__FR-004,self__PV-011,self__PV-021,self__INT-003,self__OB-005,self__PV-023,self__FR-001,self__HF-004,self__PV-002,self__OB-002,self__OB-001,self__FR-010",2020-12-23,2021-03-24,2021-03-25,2021-04-22,self__PV-009,45.0,239.3107681274414
__joint_lightgbm__,final_joint,"self__FR-013,self__INT-002,self__OB-004,self__PV-009,self__OB-003,self__FR-012,self__PV-017,self__PV-019,self__HF-001,self__PV-010,self__FR-002,self__PV-016,self__FR-005,self__PV-004,self__PV-015,self__FR-004,self__PV-011,self__PV-021,self__INT-003,self__OB-005,self__PV-023,self__FR-001,self__HF-004,self__PV-002,self__OB-002,self__OB-001,self__FR-010",2020-12-23,2021-03-24,2021-03-25,2021-04-22,self__OB-003,12.0,58.67094039916992
__joint_lightgbm__,final_joint,"self__FR-013,self__INT-002,self__OB-004,self__PV-009,self__OB-003,self__FR-012,self__PV-017,self__PV-019,self__HF-001,self__PV-010,self__FR-002,self__PV-016,self__FR-005,self__PV-004,self__PV-015,self__FR-004,self__PV-011,self__PV-021,self__INT-003,self__OB-005,self__PV-023,self__FR-001,self__HF-004,self__PV-002,self__OB-002,self__OB-001,self__FR-010",2020-12-23,2021-03-24,2021-03-25,2021-04-22,self__FR-012,22.0,104.947190284729
__joint_lightgbm__,final_joint,"self__FR-013,self__INT-002,self__OB-004,self__PV-009,self__OB-003,self__FR-012,self__PV-017,self__PV-019,self__HF-001,self__PV-010,self__FR-002,self__PV-016,self__FR-005,self__PV-004,self__PV-015,self__FR-004,self__PV-011,self__PV-021,self__INT-003,self__OB-005,self__PV-023,self__FR-001,self__HF-004,self__PV-002,self__OB-002,self__OB-001,self__FR-010",2020-12-23,2021-03-24,2021-03-25,2021-04-22,self__PV-017,0.0,0.0
__joint_lightgbm__,final_joint,"self__FR-013,self__INT-002,self__OB-004,self__PV-009,self__OB-003,self__FR-012,self__PV-017,self__PV-019,self__HF-001,self__PV-010,self__FR-002,self__PV-016,self__FR-005,self__PV-004,self__PV-015,self__FR-004,self__PV-011,self__PV-021,self__INT-003,self__OB-005,self__PV-023,self__FR-001,self__HF-004,self__PV-002,self__OB-002,self__OB-001,self__FR-010",2020-12-23,2021-03-24,2021-03-25,2021-04-22,self__PV-019,33.0,154.5955605506897
__joint_lightgbm__,final_joint,"self__FR-013,self__INT-002,self__OB-004,self__PV-009,self__OB-003,self__FR-012,self__PV-017,self__PV-019,self__HF-001,self__PV-010,self__FR-002,self__PV-016,self__FR-005,self__PV-004,self__PV-015,self__FR-004,self__PV-011,self__PV-021,self__INT-003,self__OB-005,self__PV-023,self__FR-001,self__HF-004,self__PV-002,self__OB-002,self__OB-001,self__FR-010",2020-12-23,2021-03-24,2021-03-25,2021-04-22,self__HF-001,24.0,112.13510036468506
__joint_lightgbm__,final_joint,"self__FR-013,self__INT-002,self__OB-004,self__PV-009,self__OB-003,self__FR-012,self__PV-017,self__PV-019,self__HF-001,self__PV-010,self__FR-002,self__PV-016,self__FR-005,self__PV-004,self__PV-015,self__FR-004,self__PV-011,self__PV-021,self__INT-003,self__OB-005,self__PV-023,self__FR-001,self__HF-004,self__PV-002,self__OB-002,self__OB-001,self__FR-010",2020-12-23,2021-03-24,2021-03-25,2021-04-22,self__PV-010,1.0,5.743179798126221
__joint_lightgbm__,final_joint,"self__FR-013,self__INT-002,self__OB-004,self__PV-009,self__OB-003,self__FR-012,self__PV-017,self__PV-019,self__HF-001,self__PV-010,self__FR-002,self__PV-016,self__FR-005,self__PV-004,self__PV-015,self__FR-004,self__PV-011,self__PV-021,self__INT-003,self__OB-005,self__PV-023,self__FR-001,self__HF-004,self__PV-002,self__OB-002,self__OB-001,self__FR-010",2020-12-23,2021-03-24,2021-03-25,2021-04-22,self__FR-002,27.0,112.51957988739014
__joint_lightgbm__,final_joint,"self__FR-013,self__INT-002,self__OB-004,self__PV-009,self__OB-003,self__FR-012,self__PV-017,self__PV-019,self__HF-001,self__PV-010,self__FR-002,self__PV-016,self__FR-005,self__PV-004,self__PV-015,self__FR-004,self__PV-011,self__PV-021,self__INT-003,self__OB-005,self__PV-023,self__FR-001,self__HF-004,self__PV-002,self__OB-002,self__OB-001,self__FR-010",2020-12-23,2021-03-24,2021-03-25,2021-04-22,self__PV-016,16.0,61.92334985733032
__joint_lightgbm__,final_joint,"self__FR-013,self__INT-002,self__OB-004,self__PV-009,self__OB-003,self__FR-012,self__PV-017,self__PV-019,self__HF-001,self__PV-010,self__FR-002,self__PV-016,self__FR-005,self__PV-004,self__PV-015,self__FR-004,self__PV-011,self__PV-021,self__INT-003,self__OB-005,self__PV-023,self__FR-001,self__HF-004,self__PV-002,self__OB-002,self__OB-001,self__FR-010",2020-12-23,2021-03-24,2021-03-25,2021-04-22,self__FR-005,46.0,240.5771598815918
__joint_lightgbm__,final_joint,"self__FR-013,self__INT-002,self__OB-004,self__PV-009,self__OB-003,self__FR-012,self__PV-017,self__PV-019,self__HF-001,self__PV-010,self__FR-002,self__PV-016,self__FR-005,self__PV-004,self__PV-015,self__FR-004,self__PV-011,self__PV-021,self__INT-003,self__OB-005,self__PV-023,self__FR-001,self__HF-004,self__PV-002,self__OB-002,self__OB-001,self__FR-010",2020-12-23,2021-03-24,2021-03-25,2021-04-22,self__PV-004,7.0,38.36151909828186
__joint_lightgbm__,final_joint,"self__FR-013,self__INT-002,self__OB-004,self__PV-009,self__OB-003,self__FR-012,self__PV-017,self__PV-019,self__HF-001,self__PV-010,self__FR-002,self__PV-016,self__FR-005,self__PV-004,self__PV-015,self__FR-004,self__PV-011,self__PV-021,self__INT-003,self__OB-005,self__PV-023,self__FR-001,self__HF-004,self__PV-002,self__OB-002,self__OB-001,self__FR-010",2020-12-23,2021-03-24,2021-03-25,2021-04-22,self__PV-015,3.0,13.871419906616211
__joint_lightgbm__,final_joint,"self__FR-013,self__INT-002,self__OB-004,self__PV-009,self__OB-003,self__FR-012,self__PV-017,self__PV-019,self__HF-001,self__PV-010,self__FR-002,self__PV-016,self__FR-005,self__PV-004,self__PV-015,self__FR-004,self__PV-011,self__PV-021,self__INT-003,self__OB-005,self__PV-023,self__FR-001,self__HF-004,self__PV-002,self__OB-002,self__OB-001,self__FR-010",2020-12-23,2021-03-24,2021-03-25,2021-04-22,self__FR-004,13.0,73.32879877090454
__joint_lightgbm__,final_joint,"self__FR-013,self__INT-002,self__OB-004,self__PV-009,self__OB-003,self__FR-012,self__PV-017,self__PV-019,self__HF-001,self__PV-010,self__FR-002,self__PV-016,self__FR-005,self__PV-004,self__PV-015,self__FR-004,self__PV-011,self__PV-021,self__INT-003,self__OB-005,self__PV-023,self__FR-001,self__HF-004,self__PV-002,self__OB-002,self__OB-001,self__FR-010",2020-12-23,2021-03-24,2021-03-25,2021-04-22,self__PV-011,5.0,14.46474003791809
__joint_lightgbm__,final_joint,"self__FR-013,self__INT-002,self__OB-004,self__PV-009,self__OB-003,self__FR-012,self__PV-017,self__PV-019,self__HF-001,self__PV-010,self__FR-002,self__PV-016,self__FR-005,self__PV-004,self__PV-015,self__FR-004,self__PV-011,self__PV-021,self__INT-003,self__OB-005,self__PV-023,self__FR-001,self__HF-004,self__PV-002,self__OB-002,self__OB-001,self__FR-010",2020-12-23,2021-03-24,2021-03-25,2021-04-22,self__PV-021,23.0,110.95478940010071
__joint_lightgbm__,final_joint,"self__FR-013,self__INT-002,self__OB-004,self__PV-009,self__OB-003,self__FR-012,self__PV-017,self__PV-019,self__HF-001,self__PV-010,self__FR-002,self__PV-016,self__FR-005,self__PV-004,self__PV-015,self__FR-004,self__PV-011,self__PV-021,self__INT-003,self__OB-005,self__PV-023,self__FR-001,self__HF-004,self__PV-002,self__OB-002,self__OB-001,self__FR-010",2020-12-23,2021-03-24,2021-03-25,2021-04-22,self__INT-003,0.0,0.0
__joint_lightgbm__,final_joint,"self__FR-013,self__INT-002,self__OB-004,self__PV-009,self__OB-003,self__FR-012,self__PV-017,self__PV-019,self__HF-001,self__PV-010,self__FR-002,self__PV-016,self__FR-005,self__PV-004,self__PV-015,self__FR-004,self__PV-011,self__PV-021,self__INT-003,self__OB-005,self__PV-023,self__FR-001,self__HF-004,self__PV-002,self__OB-002,self__OB-001,self__FR-010",2020-12-23,2021-03-24,2021-03-25,2021-04-22,self__OB-005,43.0,242.71541953086853
__joint_lightgbm__,final_joint,"self__FR-013,self__INT-002,self__OB-004,self__PV-009,self__OB-003,self__FR-012,self__PV-017,self__PV-019,self__HF-001,self__PV-010,self__FR-002,self__PV-016,self__FR-005,self__PV-004,self__PV-015,self__FR-004,self__PV-011,self__PV-021,self__INT-003,self__OB-005,self__PV-023,self__FR-001,self__HF-004,self__PV-002,self__OB-002,self__OB-001,self__FR-010",2020-12-23,2021-03-24,2021-03-25,2021-04-22,self__PV-023,4.0,20.28195023536682
__joint_lightgbm__,final_joint,"self__FR-013,self__INT-002,self__OB-004,self__PV-009,self__OB-003,self__FR-012,self__PV-017,self__PV-019,self__HF-001,self__PV-010,self__FR-002,self__PV-016,self__FR-005,self__PV-004,self__PV-015,self__FR-004,self__PV-011,self__PV-021,self__INT-003,self__OB-005,self__PV-023,self__FR-001,self__HF-004,self__PV-002,self__OB-002,self__OB-001,self__FR-010",2020-12-23,2021-03-24,2021-03-25,2021-04-22,self__FR-001,4.0,14.76492977142334
__joint_lightgbm__,final_joint,"self__FR-013,self__INT-002,self__OB-004,self__PV-009,self__OB-003,self__FR-012,self__PV-017,self__PV-019,self__HF-001,self__PV-010,self__FR-002,self__PV-016,self__FR-005,self__PV-004,self__PV-015,self__FR-004,self__PV-011,self__PV-021,self__INT-003,self__OB-005,self__PV-023,self__FR-001,self__HF-004,self__PV-002,self__OB-002,self__OB-001,self__FR-010",2020-12-23,2021-03-24,2021-03-25,2021-04-22,self__HF-004,27.0,127.43447971343994
__joint_lightgbm__,final_joint,"self__FR-013,self__INT-002,self__OB-004,self__PV-009,self__OB-003,self__FR-012,self__PV-017,self__PV-019,self__HF-001,self__PV-010,self__FR-002,self__PV-016,self__FR-005,self__PV-004,self__PV-015,self__FR-004,self__PV-011,self__PV-021,self__INT-003,self__OB-005,self__PV-023,self__FR-001,self__HF-004,self__PV-002,self__OB-002,self__OB-001,self__FR-010",2020-12-23,2021-03-24,2021-03-25,2021-04-22,self__PV-002,151.0,1167.9541716575623
__joint_lightgbm__,final_joint,"self__FR-013,self__INT-002,self__OB-004,self__PV-009,self__OB-003,self__FR-012,self__PV-017,self__PV-019,self__HF-001,self__PV-010,self__FR-002,self__PV-016,self__FR-005,self__PV-004,self__PV-015,self__FR-004,self__PV-011,self__PV-021,self__INT-003,self__OB-005,self__PV-023,self__FR-001,self__HF-004,self__PV-002,self__OB-002,self__OB-001,self__FR-010",2020-12-23,2021-03-24,2021-03-25,2021-04-22,self__OB-002,17.0,92.61405968666077
__joint_lightgbm__,final_joint,"self__FR-013,self__INT-002,self__OB-004,self__PV-009,self__OB-003,self__FR-012,self__PV-017,self__PV-019,self__HF-001,self__PV-010,self__FR-002,self__PV-016,self__FR-005,self__PV-004,self__PV-015,self__FR-004,self__PV-011,self__PV-021,self__INT-003,self__OB-005,self__PV-023,self__FR-001,self__HF-004,self__PV-002,self__OB-002,self__OB-001,self__FR-010",2020-12-23,2021-03-24,2021-03-25,2021-04-22,self__OB-001,52.0,250.51922917366028
__joint_lightgbm__,final_joint,"self__FR-013,self__INT-002,self__OB-004,self__PV-009,self__OB-003,self__FR-012,self__PV-017,self__PV-019,self__HF-001,self__PV-010,self__FR-002,self__PV-016,self__FR-005,self__PV-004,self__PV-015,self__FR-004,self__PV-011,self__PV-021,self__INT-003,self__OB-005,self__PV-023,self__FR-001,self__HF-004,self__PV-002,self__OB-002,self__OB-001,self__FR-010",2020-12-23,2021-03-24,2021-03-25,2021-04-22,self__FR-010,10.0,38.409380197525024
__joint_lightgbm__,final_joint,"self__FR-013,self__INT-002,self__OB-004,self__PV-009,self__OB-003,self__FR-012,self__PV-017,self__PV-019,self__HF-001,self__PV-010,self__FR-002,self__PV-016,self__FR-005,self__PV-004,self__PV-015,self__FR-004,self__PV-011,self__PV-021,self__INT-003,self__OB-005,self__PV-023,self__FR-001,self__HF-004,self__PV-002,self__OB-002,self__OB-001,self__FR-010",2021-01-21,2021-04-22,2021-04-23,2021-05-25,factorlib__amount,62.0,717.5980107784271
__joint_lightgbm__,final_joint,"self__FR-013,self__INT-002,self__OB-004,self__PV-009,self__OB-003,self__FR-012,self__PV-017,self__PV-019,self__HF-001,self__PV-010,self__FR-002,self__PV-016,self__FR-005,self__PV-004,self__PV-015,self__FR-004,self__PV-011,self__PV-021,self__INT-003,self__OB-005,self__PV-023,self__FR-001,self__HF-004,self__PV-002,self__OB-002,self__OB-001,self__FR-010",2021-01-21,2021-04-22,2021-04-23,2021-05-25,factorlib__atr_14,36.0,207.35227131843567
__joint_lightgbm__,final_joint,"self__FR-013,self__INT-002,self__OB-004,self__PV-009,self__OB-003,self__FR-012,self__PV-017,self__PV-019,self__HF-001,self__PV-010,self__FR-002,self__PV-016,self__FR-005,self__PV-004,self__PV-015,self__FR-004,self__PV-011,self__PV-021,self__INT-003,self__OB-005,self__PV-023,self__FR-001,self__HF-004,self__PV-002,self__OB-002,self__OB-001,self__FR-010",2021-01-21,2021-04-22,2021-04-23,2021-05-25,factorlib__bias_20,35.0,175.79587960243225
__joint_lightgbm__,final_joint,"self__FR-013,self__INT-002,self__OB-004,self__PV-009,self__OB-003,self__FR-012,self__PV-017,self__PV-019,self__HF-001,self__PV-010,self__FR-002,self__PV-016,self__FR-005,self__PV-004,self__PV-015,self__FR-004,self__PV-011,self__PV-021,self__INT-003,self__OB-005,self__PV-023,self__FR-001,self__HF-004,self__PV-002,self__OB-002,self__OB-001,self__FR-010",2021-01-21,2021-04-22,2021-04-23,2021-05-25,factorlib__cci_14,50.0,223.11833143234253
__joint_lightgbm__,final_joint,"self__FR-013,self__INT-002,self__OB-004,self__PV-009,self__OB-003,self__FR-012,self__PV-017,self__PV-019,self__HF-001,self__PV-010,self__FR-002,self__PV-016,self__FR-005,self__PV-004,self__PV-015,self__FR-004,self__PV-011,self__PV-021,self__INT-003,self__OB-005,self__PV-023,self__FR-001,self__HF-004,self__PV-002,self__OB-002,self__OB-001,self__FR-010",2021-01-21,2021-04-22,2021-04-23,2021-05-25,factorlib__float_market_cap,10.0,60.520750284194946
__joint_lightgbm__,final_joint,"self__FR-013,self__INT-002,self__OB-004,self__PV-009,self__OB-003,self__FR-012,self__PV-017,self__PV-019,self__HF-001,self__PV-010,self__FR-002,self__PV-016,self__FR-005,self__PV-004,self__PV-015,self__FR-004,self__PV-011,self__PV-021,self__INT-003,self__OB-005,self__PV-023,self__FR-001,self__HF-004,self__PV-002,self__OB-002,self__OB-001,self__FR-010",2021-01-21,2021-04-22,2021-04-23,2021-05-25,factorlib__kdj_d_9_3_3,28.0,150.73168015480042
__joint_lightgbm__,final_joint,"self__FR-013,self__INT-002,self__OB-004,self__PV-009,self__OB-003,self__FR-012,self__PV-017,self__PV-019,self__HF-001,self__PV-010,self__FR-002,self__PV-016,self__FR-005,self__PV-004,self__PV-015,self__FR-004,self__PV-011,self__PV-021,self__INT-003,self__OB-005,self__PV-023,self__FR-001,self__HF-004,self__PV-002,self__OB-002,self__OB-001,self__FR-010",2021-01-21,2021-04-22,2021-04-23,2021-05-25,factorlib__macd_diff_12_26_9,15.0,72.67727875709534
__joint_lightgbm__,final_joint,"self__FR-013,self__INT-002,self__OB-004,self__PV-009,self__OB-003,self__FR-012,self__PV-017,self__PV-019,self__HF-001,self__PV-010,self__FR-002,self__PV-016,self__FR-005,self__PV-004,self__PV-015,self__FR-004,self__PV-011,self__PV-021,self__INT-003,self__OB-005,self__PV-023,self__FR-001,self__HF-004,self__PV-002,self__OB-002,self__OB-001,self__FR-010",2021-01-21,2021-04-22,2021-04-23,2021-05-25,factorlib__macd_hist_12_26_9,18.0,84.5303590297699
__joint_lightgbm__,final_joint,"self__FR-013,self__INT-002,self__OB-004,self__PV-009,self__OB-003,self__FR-012,self__PV-017,self__PV-019,self__HF-001,self__PV-010,self__FR-002,self__PV-016,self__FR-005,self__PV-004,self__PV-015,self__FR-004,self__PV-011,self__PV-021,self__INT-003,self__OB-005,self__PV-023,self__FR-001,self__HF-004,self__PV-002,self__OB-002,self__OB-001,self__FR-010",2021-01-21,2021-04-22,2021-04-23,2021-05-25,factorlib__momentum_5,70.0,646.2612664699554
__joint_lightgbm__,final_joint,"self__FR-013,self__INT-002,self__OB-004,self__PV-009,self__OB-003,self__FR-012,self__PV-017,self__PV-019,self__HF-001,self__PV-010,self__FR-002,self__PV-016,self__FR-005,self__PV-004,self__PV-015,self__FR-004,self__PV-011,self__PV-021,self__INT-003,self__OB-005,self__PV-023,self__FR-001,self__HF-004,self__PV-002,self__OB-002,self__OB-001,self__FR-010",2021-01-21,2021-04-22,2021-04-23,2021-05-25,factorlib__net_profit_rate_ttm,18.0,73.29608988761902
__joint_lightgbm__,final_joint,"self__FR-013,self__INT-002,self__OB-004,self__PV-009,self__OB-003,self__FR-012,self__PV-017,self__PV-019,self__HF-001,self__PV-010,self__FR-002,self__PV-016,self__FR-005,self__PV-004,self__PV-015,self__FR-004,self__PV-011,self__PV-021,self__INT-003,self__OB-005,self__PV-023,self__FR-001,self__HF-004,self__PV-002,self__OB-002,self__OB-001,self__FR-010",2021-01-21,2021-04-22,2021-04-23,2021-05-25,factorlib__netflow_amount_rate_main,75.0,492.5950210094452
__joint_lightgbm__,final_joint,"self__FR-013,self__INT-002,self__OB-004,self__PV-009,self__OB-003,self__FR-012,self__PV-017,self__PV-019,self__HF-001,self__PV-010,self__FR-002,self__PV-016,self__FR-005,self__PV-004,self__PV-015,self__FR-004,self__PV-011,self__PV-021,self__INT-003,self__OB-005,self__PV-023,self__FR-001,self__HF-004,self__PV-002,self__OB-002,self__OB-001,self__FR-010",2021-01-21,2021-04-22,2021-04-23,2021-05-25,factorlib__total_market_cap,40.0,256.9695408344269
__joint_lightgbm__,final_joint,"self__FR-013,self__INT-002,self__OB-004,self__PV-009,self__OB-003,self__FR-012,self__PV-017,self__PV-019,self__HF-001,self__PV-010,self__FR-002,self__PV-016,self__FR-005,self__PV-004,self__PV-015,self__FR-004,self__PV-011,self__PV-021,self__INT-003,self__OB-005,self__PV-023,self__FR-001,self__HF-004,self__PV-002,self__OB-002,self__OB-001,self__FR-010",2021-01-21,2021-04-22,2021-04-23,2021-05-25,factorlib__turn,89.0,1700.391429424286
__joint_lightgbm__,final_joint,"self__FR-013,self__INT-002,self__OB-004,self__PV-009,self__OB-003,self__FR-012,self__PV-017,self__PV-019,self__HF-001,self__PV-010,self__FR-002,self__PV-016,self__FR-005,self__PV-004,self__PV-015,self__FR-004,self__PV-011,self__PV-021,self__INT-003,self__OB-005,self__PV-023,self__FR-001,self__HF-004,self__PV-002,self__OB-002,self__OB-001,self__FR-010",2021-01-21,2021-04-22,2021-04-23,2021-05-25,factorlib__volatility_5,39.0,264.31855750083923
__joint_lightgbm__,final_joint,"self__FR-013,self__INT-002,self__OB-004,self__PV-009,self__OB-003,self__FR-012,self__PV-017,self__PV-019,self__HF-001,self__PV-010,self__FR-002,self__PV-016,self__FR-005,self__PV-004,self__PV-015,self__FR-004,self__PV-011,self__PV-021,self__INT-003,self__OB-005,self__PV-023,self__FR-001,self__HF-004,self__PV-002,self__OB-002,self__OB-001,self__FR-010",2021-01-21,2021-04-22,2021-04-23,2021-05-25,factorlib__volume,12.0,81.72130012512207
__joint_lightgbm__,final_joint,"self__FR-013,self__INT-002,self__OB-004,self__PV-009,self__OB-003,self__FR-012,self__PV-017,self__PV-019,self__HF-001,self__PV-010,self__FR-002,self__PV-016,self__FR-005,self__PV-004,self__PV-015,self__FR-004,self__PV-011,self__PV-021,self__INT-003,self__OB-005,self__PV-023,self__FR-001,self__HF-004,self__PV-002,self__OB-002,self__OB-001,self__FR-010",2021-01-21,2021-04-22,2021-04-23,2021-05-25,self__FR-013,17.0,128.5712399482727
__joint_lightgbm__,final_joint,"self__FR-013,self__INT-002,self__OB-004,self__PV-009,self__OB-003,self__FR-012,self__PV-017,self__PV-019,self__HF-001,self__PV-010,self__FR-002,self__PV-016,self__FR-005,self__PV-004,self__PV-015,self__FR-004,self__PV-011,self__PV-021,self__INT-003,self__OB-005,self__PV-023,self__FR-001,self__HF-004,self__PV-002,self__OB-002,self__OB-001,self__FR-010",2021-01-21,2021-04-22,2021-04-23,2021-05-25,self__INT-002,6.0,21.961570262908936
__joint_lightgbm__,final_joint,"self__FR-013,self__INT-002,self__OB-004,self__PV-009,self__OB-003,self__FR-012,self__PV-017,self__PV-019,self__HF-001,self__PV-010,self__FR-002,self__PV-016,self__FR-005,self__PV-004,self__PV-015,self__FR-004,self__PV-011,self__PV-021,self__INT-003,self__OB-005,self__PV-023,self__FR-001,self__HF-004,self__PV-002,self__OB-002,self__OB-001,self__FR-010",2021-01-21,2021-04-22,2021-04-23,2021-05-25,self__OB-004,15.0,64.33379054069519
__joint_lightgbm__,final_joint,"self__FR-013,self__INT-002,self__OB-004,self__PV-009,self__OB-003,self__FR-012,self__PV-017,self__PV-019,self__HF-001,self__PV-010,self__FR-002,self__PV-016,self__FR-005,self__PV-004,self__PV-015,self__FR-004,self__PV-011,self__PV-021,self__INT-003,self__OB-005,self__PV-023,self__FR-001,self__HF-004,self__PV-002,self__OB-002,self__OB-001,self__FR-010",2021-01-21,2021-04-22,2021-04-23,2021-05-25,self__PV-009,16.0,92.21554923057556
__joint_lightgbm__,final_joint,"self__FR-013,self__INT-002,self__OB-004,self__PV-009,self__OB-003,self__FR-012,self__PV-017,self__PV-019,self__HF-001,self__PV-010,self__FR-002,self__PV-016,self__FR-005,self__PV-004,self__PV-015,self__FR-004,self__PV-011,self__PV-021,self__INT-003,self__OB-005,self__PV-023,self__FR-001,self__HF-004,self__PV-002,self__OB-002,self__OB-001,self__FR-010",2021-01-21,2021-04-22,2021-04-23,2021-05-25,self__OB-003,14.0,55.62192988395691
__joint_lightgbm__,final_joint,"self__FR-013,self__INT-002,self__OB-004,self__PV-009,self__OB-003,self__FR-012,self__PV-017,self__PV-019,self__HF-001,self__PV-010,self__FR-002,self__PV-016,self__FR-005,self__PV-004,self__PV-015,self__FR-004,self__PV-011,self__PV-021,self__INT-003,self__OB-005,self__PV-023,self__FR-001,self__HF-004,self__PV-002,self__OB-002,self__OB-001,self__FR-010",2021-01-21,2021-04-22,2021-04-23,2021-05-25,self__FR-012,8.0,41.95695924758911
__joint_lightgbm__,final_joint,"self__FR-013,self__INT-002,self__OB-004,self__PV-009,self__OB-003,self__FR-012,self__PV-017,self__PV-019,self__HF-001,self__PV-010,self__FR-002,self__PV-016,self__FR-005,self__PV-004,self__PV-015,self__FR-004,self__PV-011,self__PV-021,self__INT-003,self__OB-005,self__PV-023,self__FR-001,self__HF-004,self__PV-002,self__OB-002,self__OB-001,self__FR-010",2021-01-21,2021-04-22,2021-04-23,2021-05-25,self__PV-017,0.0,0.0
__joint_lightgbm__,final_joint,"self__FR-013,self__INT-002,self__OB-004,self__PV-009,self__OB-003,self__FR-012,self__PV-017,self__PV-019,self__HF-001,self__PV-010,self__FR-002,self__PV-016,self__FR-005,self__PV-004,self__PV-015,self__FR-004,self__PV-011,self__PV-021,self__INT-003,self__OB-005,self__PV-023,self__FR-001,self__HF-004,self__PV-002,self__OB-002,self__OB-001,self__FR-010",2021-01-21,2021-04-22,2021-04-23,2021-05-25,self__PV-019,27.0,118.93834042549133
__joint_lightgbm__,final_joint,"self__FR-013,self__INT-002,self__OB-004,self__PV-009,self__OB-003,self__FR-012,self__PV-017,self__PV-019,self__HF-001,self__PV-010,self__FR-002,self__PV-016,self__FR-005,self__PV-004,self__PV-015,self__FR-004,self__PV-011,self__PV-021,self__INT-003,self__OB-005,self__PV-023,self__FR-001,self__HF-004,self__PV-002,self__OB-002,self__OB-001,self__FR-010",2021-01-21,2021-04-22,2021-04-23,2021-05-25,self__HF-001,24.0,123.3473699092865
__joint_lightgbm__,final_joint,"self__FR-013,self__INT-002,self__OB-004,self__PV-009,self__OB-003,self__FR-012,self__PV-017,self__PV-019,self__HF-001,self__PV-010,self__FR-002,self__PV-016,self__FR-005,self__PV-004,self__PV-015,self__FR-004,self__PV-011,self__PV-021,self__INT-003,self__OB-005,self__PV-023,self__FR-001,self__HF-004,self__PV-002,self__OB-002,self__OB-001,self__FR-010",2021-01-21,2021-04-22,2021-04-23,2021-05-25,self__PV-010,21.0,102.49315881729126
__joint_lightgbm__,final_joint,"self__FR-013,self__INT-002,self__OB-004,self__PV-009,self__OB-003,self__FR-012,self__PV-017,self__PV-019,self__HF-001,self__PV-010,self__FR-002,self__PV-016,self__FR-005,self__PV-004,self__PV-015,self__FR-004,self__PV-011,self__PV-021,self__INT-003,self__OB-005,self__PV-023,self__FR-001,self__HF-004,self__PV-002,self__OB-002,self__OB-001,self__FR-010",2021-01-21,2021-04-22,2021-04-23,2021-05-25,self__FR-002,13.0,48.38242959976196
__joint_lightgbm__,final_joint,"self__FR-013,self__INT-002,self__OB-004,self__PV-009,self__OB-003,self__FR-012,self__PV-017,self__PV-019,self__HF-001,self__PV-010,self__FR-002,self__PV-016,self__FR-005,self__PV-004,self__PV-015,self__FR-004,self__PV-011,self__PV-021,self__INT-003,self__OB-005,self__PV-023,self__FR-001,self__HF-004,self__PV-002,self__OB-002,self__OB-001,self__FR-010",2021-01-21,2021-04-22,2021-04-23,2021-05-25,self__PV-016,4.0,15.24124002456665
__joint_lightgbm__,final_joint,"self__FR-013,self__INT-002,self__OB-004,self__PV-009,self__OB-003,self__FR-012,self__PV-017,self__PV-019,self__HF-001,self__PV-010,self__FR-002,self__PV-016,self__FR-005,self__PV-004,self__PV-015,self__FR-004,self__PV-011,self__PV-021,self__INT-003,self__OB-005,self__PV-023,self__FR-001,self__HF-004,self__PV-002,self__OB-002,self__OB-001,self__FR-010",2021-01-21,2021-04-22,2021-04-23,2021-05-25,self__FR-005,51.0,291.41571021080017
__joint_lightgbm__,final_joint,"self__FR-013,self__INT-002,self__OB-004,self__PV-009,self__OB-003,self__FR-012,self__PV-017,self__PV-019,self__HF-001,self__PV-010,self__FR-002,self__PV-016,self__FR-005,self__PV-004,self__PV-015,self__FR-004,self__PV-011,self__PV-021,self__INT-003,self__OB-005,self__PV-023,self__FR-001,self__HF-004,self__PV-002,self__OB-002,self__OB-001,self__FR-010",2021-01-21,2021-04-22,2021-04-23,2021-05-25,self__PV-004,17.0,61.72683000564575
__joint_lightgbm__,final_joint,"self__FR-013,self__INT-002,self__OB-004,self__PV-009,self__OB-003,self__FR-012,self__PV-017,self__PV-019,self__HF-001,self__PV-010,self__FR-002,self__PV-016,self__FR-005,self__PV-004,self__PV-015,self__FR-004,self__PV-011,self__PV-021,self__INT-003,self__OB-005,self__PV-023,self__FR-001,self__HF-004,self__PV-002,self__OB-002,self__OB-001,self__FR-010",2021-01-21,2021-04-22,2021-04-23,2021-05-25,self__PV-015,16.0,80.85860967636108
__joint_lightgbm__,final_joint,"self__FR-013,self__INT-002,self__OB-004,self__PV-009,self__OB-003,self__FR-012,self__PV-017,self__PV-019,self__HF-001,self__PV-010,self__FR-002,self__PV-016,self__FR-005,self__PV-004,self__PV-015,self__FR-004,self__PV-011,self__PV-021,self__INT-003,self__OB-005,self__PV-023,self__FR-001,self__HF-004,self__PV-002,self__OB-002,self__OB-001,self__FR-010",2021-01-21,2021-04-22,2021-04-23,2021-05-25,self__FR-004,11.0,48.66708016395569
__joint_lightgbm__,final_joint,"self__FR-013,self__INT-002,self__OB-004,self__PV-009,self__OB-003,self__FR-012,self__PV-017,self__PV-019,self__HF-001,self__PV-010,self__FR-002,self__PV-016,self__FR-005,self__PV-004,self__PV-015,self__FR-004,self__PV-011,self__PV-021,self__INT-003,self__OB-005,self__PV-023,self__FR-001,self__HF-004,self__PV-002,self__OB-002,self__OB-001,self__FR-010",2021-01-21,2021-04-22,2021-04-23,2021-05-25,self__PV-011,22.0,91.12223935127258
__joint_lightgbm__,final_joint,"self__FR-013,self__INT-002,self__OB-004,self__PV-009,self__OB-003,self__FR-012,self__PV-017,self__PV-019,self__HF-001,self__PV-010,self__FR-002,self__PV-016,self__FR-005,self__PV-004,self__PV-015,self__FR-004,self__PV-011,self__PV-021,self__INT-003,self__OB-005,self__PV-023,self__FR-001,self__HF-004,self__PV-002,self__OB-002,self__OB-001,self__FR-010",2021-01-21,2021-04-22,2021-04-23,2021-05-25,self__PV-021,12.0,47.16381001472473
__joint_lightgbm__,final_joint,"self__FR-013,self__INT-002,self__OB-004,self__PV-009,self__OB-003,self__FR-012,self__PV-017,self__PV-019,self__HF-001,self__PV-010,self__FR-002,self__PV-016,self__FR-005,self__PV-004,self__PV-015,self__FR-004,self__PV-011,self__PV-021,self__INT-003,self__OB-005,self__PV-023,self__FR-001,self__HF-004,self__PV-002,self__OB-002,self__OB-001,self__FR-010",2021-01-21,2021-04-22,2021-04-23,2021-05-25,self__INT-003,49.0,356.6017713546753
__joint_lightgbm__,final_joint,"self__FR-013,self__INT-002,self__OB-004,self__PV-009,self__OB-003,self__FR-012,self__PV-017,self__PV-019,self__HF-001,self__PV-010,self__FR-002,self__PV-016,self__FR-005,self__PV-004,self__PV-015,self__FR-004,self__PV-011,self__PV-021,self__INT-003,self__OB-005,self__PV-023,self__FR-001,self__HF-004,self__PV-002,self__OB-002,self__OB-001,self__FR-010",2021-01-21,2021-04-22,2021-04-23,2021-05-25,self__OB-005,27.0,127.63204073905945
__joint_lightgbm__,final_joint,"self__FR-013,self__INT-002,self__OB-004,self__PV-009,self__OB-003,self__FR-012,self__PV-017,self__PV-019,self__HF-001,self__PV-010,self__FR-002,self__PV-016,self__FR-005,self__PV-004,self__PV-015,self__FR-004,self__PV-011,self__PV-021,self__INT-003,self__OB-005,self__PV-023,self__FR-001,self__HF-004,self__PV-002,self__OB-002,self__OB-001,self__FR-010",2021-01-21,2021-04-22,2021-04-23,2021-05-25,self__PV-023,5.0,24.806010007858276
__joint_lightgbm__,final_joint,"self__FR-013,self__INT-002,self__OB-004,self__PV-009,self__OB-003,self__FR-012,self__PV-017,self__PV-019,self__HF-001,self__PV-010,self__FR-002,self__PV-016,self__FR-005,self__PV-004,self__PV-015,self__FR-004,self__PV-011,self__PV-021,self__INT-003,self__OB-005,self__PV-023,self__FR-001,self__HF-004,self__PV-002,self__OB-002,self__OB-001,self__FR-010",2021-01-21,2021-04-22,2021-04-23,2021-05-25,self__FR-001,6.0,28.708080530166626
__joint_lightgbm__,final_joint,"self__FR-013,self__INT-002,self__OB-004,self__PV-009,self__OB-003,self__FR-012,self__PV-017,self__PV-019,self__HF-001,self__PV-010,self__FR-002,self__PV-016,self__FR-005,self__PV-004,self__PV-015,self__FR-004,self__PV-011,self__PV-021,self__INT-003,self__OB-005,self__PV-023,self__FR-001,self__HF-004,self__PV-002,self__OB-002,self__OB-001,self__FR-010",2021-01-21,2021-04-22,2021-04-23,2021-05-25,self__HF-004,22.0,135.6425302028656
__joint_lightgbm__,final_joint,"self__FR-013,self__INT-002,self__OB-004,self__PV-009,self__OB-003,self__FR-012,self__PV-017,self__PV-019,self__HF-001,self__PV-010,self__FR-002,self__PV-016,self__FR-005,self__PV-004,self__PV-015,self__FR-004,self__PV-011,self__PV-021,self__INT-003,self__OB-005,self__PV-023,self__FR-001,self__HF-004,self__PV-002,self__OB-002,self__OB-001,self__FR-010",2021-01-21,2021-04-22,2021-04-23,2021-05-25,self__PV-002,128.0,1097.6078026294708
__joint_lightgbm__,final_joint,"self__FR-013,self__INT-002,self__OB-004,self__PV-009,self__OB-003,self__FR-012,self__PV-017,self__PV-019,self__HF-001,self__PV-010,self__FR-002,self__PV-016,self__FR-005,self__PV-004,self__PV-015,self__FR-004,self__PV-011,self__PV-021,self__INT-003,self__OB-005,self__PV-023,self__FR-001,self__HF-004,self__PV-002,self__OB-002,self__OB-001,self__FR-010",2021-01-21,2021-04-22,2021-04-23,2021-05-25,self__OB-002,24.0,97.93682098388672
__joint_lightgbm__,final_joint,"self__FR-013,self__INT-002,self__OB-004,self__PV-009,self__OB-003,self__FR-012,self__PV-017,self__PV-019,self__HF-001,self__PV-010,self__FR-002,self__PV-016,self__FR-005,self__PV-004,self__PV-015,self__FR-004,self__PV-011,self__PV-021,self__INT-003,self__OB-005,self__PV-023,self__FR-001,self__HF-004,self__PV-002,self__OB-002,self__OB-001,self__FR-010",2021-01-21,2021-04-22,2021-04-23,2021-05-25,self__OB-001,36.0,166.79639053344727
__joint_lightgbm__,final_joint,"self__FR-013,self__INT-002,self__OB-004,self__PV-009,self__OB-003,self__FR-012,self__PV-017,self__PV-019,self__HF-001,self__PV-010,self__FR-002,self__PV-016,self__FR-005,self__PV-004,self__PV-015,self__FR-004,self__PV-011,self__PV-021,self__INT-003,self__OB-005,self__PV-023,self__FR-001,self__HF-004,self__PV-002,self__OB-002,self__OB-001,self__FR-010",2021-01-21,2021-04-22,2021-04-23,2021-05-25,self__FR-010,12.0,59.79976010322571
__joint_lightgbm__,final_joint,"self__FR-013,self__INT-002,self__OB-004,self__PV-009,self__OB-003,self__FR-012,self__PV-017,self__PV-019,self__HF-001,self__PV-010,self__FR-002,self__PV-016,self__FR-005,self__PV-004,self__PV-015,self__FR-004,self__PV-011,self__PV-021,self__INT-003,self__OB-005,self__PV-023,self__FR-001,self__HF-004,self__PV-002,self__OB-002,self__OB-001,self__FR-010",2021-02-25,2021-05-25,2021-05-26,2021-06-23,factorlib__amount,44.0,391.4826786518097
__joint_lightgbm__,final_joint,"self__FR-013,self__INT-002,self__OB-004,self__PV-009,self__OB-003,self__FR-012,self__PV-017,self__PV-019,self__HF-001,self__PV-010,self__FR-002,self__PV-016,self__FR-005,self__PV-004,self__PV-015,self__FR-004,self__PV-011,self__PV-021,self__INT-003,self__OB-005,self__PV-023,self__FR-001,self__HF-004,self__PV-002,self__OB-002,self__OB-001,self__FR-010",2021-02-25,2021-05-25,2021-05-26,2021-06-23,factorlib__atr_14,18.0,70.18721950054169
__joint_lightgbm__,final_joint,"self__FR-013,self__INT-002,self__OB-004,self__PV-009,self__OB-003,self__FR-012,self__PV-017,self__PV-019,self__HF-001,self__PV-010,self__FR-002,self__PV-016,self__FR-005,self__PV-004,self__PV-015,self__FR-004,self__PV-011,self__PV-021,self__INT-003,self__OB-005,self__PV-023,self__FR-001,self__HF-004,self__PV-002,self__OB-002,self__OB-001,self__FR-010",2021-02-25,2021-05-25,2021-05-26,2021-06-23,factorlib__bias_20,37.0,244.3272988796234
__joint_lightgbm__,final_joint,"self__FR-013,self__INT-002,self__OB-004,self__PV-009,self__OB-003,self__FR-012,self__PV-017,self__PV-019,self__HF-001,self__PV-010,self__FR-002,self__PV-016,self__FR-005,self__PV-004,self__PV-015,self__FR-004,self__PV-011,self__PV-021,self__INT-003,self__OB-005,self__PV-023,self__FR-001,self__HF-004,self__PV-002,self__OB-002,self__OB-001,self__FR-010",2021-02-25,2021-05-25,2021-05-26,2021-06-23,factorlib__cci_14,37.0,146.94542014598846
__joint_lightgbm__,final_joint,"self__FR-013,self__INT-002,self__OB-004,self__PV-009,self__OB-003,self__FR-012,self__PV-017,self__PV-019,self__HF-001,self__PV-010,self__FR-002,self__PV-016,self__FR-005,self__PV-004,self__PV-015,self__FR-004,self__PV-011,self__PV-021,self__INT-003,self__OB-005,self__PV-023,self__FR-001,self__HF-004,self__PV-002,self__OB-002,self__OB-001,self__FR-010",2021-02-25,2021-05-25,2021-05-26,2021-06-23,factorlib__float_market_cap,28.0,180.67747974395752
__joint_lightgbm__,final_joint,"self__FR-013,self__INT-002,self__OB-004,self__PV-009,self__OB-003,self__FR-012,self__PV-017,self__PV-019,self__HF-001,self__PV-010,self__FR-002,self__PV-016,self__FR-005,self__PV-004,self__PV-015,self__FR-004,self__PV-011,self__PV-021,self__INT-003,self__OB-005,self__PV-023,self__FR-001,self__HF-004,self__PV-002,self__OB-002,self__OB-001,self__FR-010",2021-02-25,2021-05-25,2021-05-26,2021-06-23,factorlib__kdj_d_9_3_3,36.0,173.80554914474487
__joint_lightgbm__,final_joint,"self__FR-013,self__INT-002,self__OB-004,self__PV-009,self__OB-003,self__FR-012,self__PV-017,self__PV-019,self__HF-001,self__PV-010,self__FR-002,self__PV-016,self__FR-005,self__PV-004,self__PV-015,self__FR-004,self__PV-011,self__PV-021,self__INT-003,self__OB-005,self__PV-023,self__FR-001,self__HF-004,self__PV-002,self__OB-002,self__OB-001,self__FR-010",2021-02-25,2021-05-25,2021-05-26,2021-06-23,factorlib__macd_diff_12_26_9,4.0,20.43990993499756
__joint_lightgbm__,final_joint,"self__FR-013,self__INT-002,self__OB-004,self__PV-009,self__OB-003,self__FR-012,self__PV-017,self__PV-019,self__HF-001,self__PV-010,self__FR-002,self__PV-016,self__FR-005,self__PV-004,self__PV-015,self__FR-004,self__PV-011,self__PV-021,self__INT-003,self__OB-005,self__PV-023,self__FR-001,self__HF-004,self__PV-002,self__OB-002,self__OB-001,self__FR-010",2021-02-25,2021-05-25,2021-05-26,2021-06-23,factorlib__macd_hist_12_26_9,9.0,47.4495005607605
__joint_lightgbm__,final_joint,"self__FR-013,self__INT-002,self__OB-004,self__PV-009,self__OB-003,self__FR-012,self__PV-017,self__PV-019,self__HF-001,self__PV-010,self__FR-002,self__PV-016,self__FR-005,self__PV-004,self__PV-015,self__FR-004,self__PV-011,self__PV-021,self__INT-003,self__OB-005,self__PV-023,self__FR-001,self__HF-004,self__PV-002,self__OB-002,self__OB-001,self__FR-010",2021-02-25,2021-05-25,2021-05-26,2021-06-23,factorlib__momentum_5,104.0,1222.3158407211304
__joint_lightgbm__,final_joint,"self__FR-013,self__INT-002,self__OB-004,self__PV-009,self__OB-003,self__FR-012,self__PV-017,self__PV-019,self__HF-001,self__PV-010,self__FR-002,self__PV-016,self__FR-005,self__PV-004,self__PV-015,self__FR-004,self__PV-011,self__PV-021,self__INT-003,self__OB-005,self__PV-023,self__FR-001,self__HF-004,self__PV-002,self__OB-002,self__OB-001,self__FR-010",2021-02-25,2021-05-25,2021-05-26,2021-06-23,factorlib__net_profit_rate_ttm,11.0,87.99432039260864
__joint_lightgbm__,final_joint,"self__FR-013,self__INT-002,self__OB-004,self__PV-009,self__OB-003,self__FR-012,self__PV-017,self__PV-019,self__HF-001,self__PV-010,self__FR-002,self__PV-016,self__FR-005,self__PV-004,self__PV-015,self__FR-004,self__PV-011,self__PV-021,self__INT-003,self__OB-005,self__PV-023,self__FR-001,self__HF-004,self__PV-002,self__OB-002,self__OB-001,self__FR-010",2021-02-25,2021-05-25,2021-05-26,2021-06-23,factorlib__netflow_amount_rate_main,120.0,1051.8705778121948
__joint_lightgbm__,final_joint,"self__FR-013,self__INT-002,self__OB-004,self__PV-009,self__OB-003,self__FR-012,self__PV-017,self__PV-019,self__HF-001,self__PV-010,self__FR-002,self__PV-016,self__FR-005,self__PV-004,self__PV-015,self__FR-004,self__PV-011,self__PV-021,self__INT-003,self__OB-005,self__PV-023,self__FR-001,self__HF-004,self__PV-002,self__OB-002,self__OB-001,self__FR-010",2021-02-25,2021-05-25,2021-05-26,2021-06-23,factorlib__total_market_cap,15.0,111.13082218170166
__joint_lightgbm__,final_joint,"self__FR-013,self__INT-002,self__OB-004,self__PV-009,self__OB-003,self__FR-012,self__PV-017,self__PV-019,self__HF-001,self__PV-010,self__FR-002,self__PV-016,self__FR-005,self__PV-004,self__PV-015,self__FR-004,self__PV-011,self__PV-021,self__INT-003,self__OB-005,self__PV-023,self__FR-001,self__HF-004,self__PV-002,self__OB-002,self__OB-001,self__FR-010",2021-02-25,2021-05-25,2021-05-26,2021-06-23,factorlib__turn,77.0,1075.626382112503
__joint_lightgbm__,final_joint,"self__FR-013,self__INT-002,self__OB-004,self__PV-009,self__OB-003,self__FR-012,self__PV-017,self__PV-019,self__HF-001,self__PV-010,self__FR-002,self__PV-016,self__FR-005,self__PV-004,self__PV-015,self__FR-004,self__PV-011,self__PV-021,self__INT-003,self__OB-005,self__PV-023,self__FR-001,self__HF-004,self__PV-002,self__OB-002,self__OB-001,self__FR-010",2021-02-25,2021-05-25,2021-05-26,2021-06-23,factorlib__volatility_5,50.0,433.0333414077759
__joint_lightgbm__,final_joint,"self__FR-013,self__INT-002,self__OB-004,self__PV-009,self__OB-003,self__FR-012,self__PV-017,self__PV-019,self__HF-001,self__PV-010,self__FR-002,self__PV-016,self__FR-005,self__PV-004,self__PV-015,self__FR-004,self__PV-011,self__PV-021,self__INT-003,self__OB-005,self__PV-023,self__FR-001,self__HF-004,self__PV-002,self__OB-002,self__OB-001,self__FR-010",2021-02-25,2021-05-25,2021-05-26,2021-06-23,factorlib__volume,36.0,230.52246975898743
__joint_lightgbm__,final_joint,"self__FR-013,self__INT-002,self__OB-004,self__PV-009,self__OB-003,self__FR-012,self__PV-017,self__PV-019,self__HF-001,self__PV-010,self__FR-002,self__PV-016,self__FR-005,self__PV-004,self__PV-015,self__FR-004,self__PV-011,self__PV-021,self__INT-003,self__OB-005,self__PV-023,self__FR-001,self__HF-004,self__PV-002,self__OB-002,self__OB-001,self__FR-010",2021-02-25,2021-05-25,2021-05-26,2021-06-23,self__FR-013,19.0,90.26102924346924
__joint_lightgbm__,final_joint,"self__FR-013,self__INT-002,self__OB-004,self__PV-009,self__OB-003,self__FR-012,self__PV-017,self__PV-019,self__HF-001,self__PV-010,self__FR-002,self__PV-016,self__FR-005,self__PV-004,self__PV-015,self__FR-004,self__PV-011,self__PV-021,self__INT-003,self__OB-005,self__PV-023,self__FR-001,self__HF-004,self__PV-002,self__OB-002,self__OB-001,self__FR-010",2021-02-25,2021-05-25,2021-05-26,2021-06-23,self__INT-002,31.0,155.74512147903442
__joint_lightgbm__,final_joint,"self__FR-013,self__INT-002,self__OB-004,self__PV-009,self__OB-003,self__FR-012,self__PV-017,self__PV-019,self__HF-001,self__PV-010,self__FR-002,self__PV-016,self__FR-005,self__PV-004,self__PV-015,self__FR-004,self__PV-011,self__PV-021,self__INT-003,self__OB-005,self__PV-023,self__FR-001,self__HF-004,self__PV-002,self__OB-002,self__OB-001,self__FR-010",2021-02-25,2021-05-25,2021-05-26,2021-06-23,self__OB-004,14.0,81.17355990409851
__joint_lightgbm__,final_joint,"self__FR-013,self__INT-002,self__OB-004,self__PV-009,self__OB-003,self__FR-012,self__PV-017,self__PV-019,self__HF-001,self__PV-010,self__FR-002,self__PV-016,self__FR-005,self__PV-004,self__PV-015,self__FR-004,self__PV-011,self__PV-021,self__INT-003,self__OB-005,self__PV-023,self__FR-001,self__HF-004,self__PV-002,self__OB-002,self__OB-001,self__FR-010",2021-02-25,2021-05-25,2021-05-26,2021-06-23,self__PV-009,7.0,39.13388013839722
__joint_lightgbm__,final_joint,"self__FR-013,self__INT-002,self__OB-004,self__PV-009,self__OB-003,self__FR-012,self__PV-017,self__PV-019,self__HF-001,self__PV-010,self__FR-002,self__PV-016,self__FR-005,self__PV-004,self__PV-015,self__FR-004,self__PV-011,self__PV-021,self__INT-003,self__OB-005,self__PV-023,self__FR-001,self__HF-004,self__PV-002,self__OB-002,self__OB-001,self__FR-010",2021-02-25,2021-05-25,2021-05-26,2021-06-23,self__OB-003,32.0,165.92207956314087
__joint_lightgbm__,final_joint,"self__FR-013,self__INT-002,self__OB-004,self__PV-009,self__OB-003,self__FR-012,self__PV-017,self__PV-019,self__HF-001,self__PV-010,self__FR-002,self__PV-016,self__FR-005,self__PV-004,self__PV-015,self__FR-004,self__PV-011,self__PV-021,self__INT-003,self__OB-005,self__PV-023,self__FR-001,self__HF-004,self__PV-002,self__OB-002,self__OB-001,self__FR-010",2021-02-25,2021-05-25,2021-05-26,2021-06-23,self__FR-012,7.0,32.104660511016846
__joint_lightgbm__,final_joint,"self__FR-013,self__INT-002,self__OB-004,self__PV-009,self__OB-003,self__FR-012,self__PV-017,self__PV-019,self__HF-001,self__PV-010,self__FR-002,self__PV-016,self__FR-005,self__PV-004,self__PV-015,self__FR-004,self__PV-011,self__PV-021,self__INT-003,self__OB-005,self__PV-023,self__FR-001,self__HF-004,self__PV-002,self__OB-002,self__OB-001,self__FR-010",2021-02-25,2021-05-25,2021-05-26,2021-06-23,self__PV-017,0.0,0.0
__joint_lightgbm__,final_joint,"self__FR-013,self__INT-002,self__OB-004,self__PV-009,self__OB-003,self__FR-012,self__PV-017,self__PV-019,self__HF-001,self__PV-010,self__FR-002,self__PV-016,self__FR-005,self__PV-004,self__PV-015,self__FR-004,self__PV-011,self__PV-021,self__INT-003,self__OB-005,self__PV-023,self__FR-001,self__HF-004,self__PV-002,self__OB-002,self__OB-001,self__FR-010",2021-02-25,2021-05-25,2021-05-26,2021-06-23,self__PV-019,29.0,172.30350983142853
__joint_lightgbm__,final_joint,"self__FR-013,self__INT-002,self__OB-004,self__PV-009,self__OB-003,self__FR-012,self__PV-017,self__PV-019,self__HF-001,self__PV-010,self__FR-002,self__PV-016,self__FR-005,self__PV-004,self__PV-015,self__FR-004,self__PV-011,self__PV-021,self__INT-003,self__OB-005,self__PV-023,self__FR-001,self__HF-004,self__PV-002,self__OB-002,self__OB-001,self__FR-010",2021-02-25,2021-05-25,2021-05-26,2021-06-23,self__HF-001,19.0,87.83730936050415
__joint_lightgbm__,final_joint,"self__FR-013,self__INT-002,self__OB-004,self__PV-009,self__OB-003,self__FR-012,self__PV-017,self__PV-019,self__HF-001,self__PV-010,self__FR-002,self__PV-016,self__FR-005,self__PV-004,self__PV-015,self__FR-004,self__PV-011,self__PV-021,self__INT-003,self__OB-005,self__PV-023,self__FR-001,self__HF-004,self__PV-002,self__OB-002,self__OB-001,self__FR-010",2021-02-25,2021-05-25,2021-05-26,2021-06-23,self__PV-010,13.0,51.52933049201965
__joint_lightgbm__,final_joint,"self__FR-013,self__INT-002,self__OB-004,self__PV-009,self__OB-003,self__FR-012,self__PV-017,self__PV-019,self__HF-001,self__PV-010,self__FR-002,self__PV-016,self__FR-005,self__PV-004,self__PV-015,self__FR-004,self__PV-011,self__PV-021,self__INT-003,self__OB-005,self__PV-023,self__FR-001,self__HF-004,self__PV-002,self__OB-002,self__OB-001,self__FR-010",2021-02-25,2021-05-25,2021-05-26,2021-06-23,self__FR-002,27.0,157.93877005577087
__joint_lightgbm__,final_joint,"self__FR-013,self__INT-002,self__OB-004,self__PV-009,self__OB-003,self__FR-012,self__PV-017,self__PV-019,self__HF-001,self__PV-010,self__FR-002,self__PV-016,self__FR-005,self__PV-004,self__PV-015,self__FR-004,self__PV-011,self__PV-021,self__INT-003,self__OB-005,self__PV-023,self__FR-001,self__HF-004,self__PV-002,self__OB-002,self__OB-001,self__FR-010",2021-02-25,2021-05-25,2021-05-26,2021-06-23,self__PV-016,9.0,36.399359464645386
__joint_lightgbm__,final_joint,"self__FR-013,self__INT-002,self__OB-004,self__PV-009,self__OB-003,self__FR-012,self__PV-017,self__PV-019,self__HF-001,self__PV-010,self__FR-002,self__PV-016,self__FR-005,self__PV-004,self__PV-015,self__FR-004,self__PV-011,self__PV-021,self__INT-003,self__OB-005,self__PV-023,self__FR-001,self__HF-004,self__PV-002,self__OB-002,self__OB-001,self__FR-010",2021-02-25,2021-05-25,2021-05-26,2021-06-23,self__FR-005,14.0,53.2734694480896
__joint_lightgbm__,final_joint,"self__FR-013,self__INT-002,self__OB-004,self__PV-009,self__OB-003,self__FR-012,self__PV-017,self__PV-019,self__HF-001,self__PV-010,self__FR-002,self__PV-016,self__FR-005,self__PV-004,self__PV-015,self__FR-004,self__PV-011,self__PV-021,self__INT-003,self__OB-005,self__PV-023,self__FR-001,self__HF-004,self__PV-002,self__OB-002,self__OB-001,self__FR-010",2021-02-25,2021-05-25,2021-05-26,2021-06-23,self__PV-004,11.0,40.97550988197327
__joint_lightgbm__,final_joint,"self__FR-013,self__INT-002,self__OB-004,self__PV-009,self__OB-003,self__FR-012,self__PV-017,self__PV-019,self__HF-001,self__PV-010,self__FR-002,self__PV-016,self__FR-005,self__PV-004,self__PV-015,self__FR-004,self__PV-011,self__PV-021,self__INT-003,self__OB-005,self__PV-023,self__FR-001,self__HF-004,self__PV-002,self__OB-002,self__OB-001,self__FR-010",2021-02-25,2021-05-25,2021-05-26,2021-06-23,self__PV-015,6.0,17.91411006450653
__joint_lightgbm__,final_joint,"self__FR-013,self__INT-002,self__OB-004,self__PV-009,self__OB-003,self__FR-012,self__PV-017,self__PV-019,self__HF-001,self__PV-010,self__FR-002,self__PV-016,self__FR-005,self__PV-004,self__PV-015,self__FR-004,self__PV-011,self__PV-021,self__INT-003,self__OB-005,self__PV-023,self__FR-001,self__HF-004,self__PV-002,self__OB-002,self__OB-001,self__FR-010",2021-02-25,2021-05-25,2021-05-26,2021-06-23,self__FR-004,22.0,89.07893919944763
__joint_lightgbm__,final_joint,"self__FR-013,self__INT-002,self__OB-004,self__PV-009,self__OB-003,self__FR-012,self__PV-017,self__PV-019,self__HF-001,self__PV-010,self__FR-002,self__PV-016,self__FR-005,self__PV-004,self__PV-015,self__FR-004,self__PV-011,self__PV-021,self__INT-003,self__OB-005,self__PV-023,self__FR-001,self__HF-004,self__PV-002,self__OB-002,self__OB-001,self__FR-010",2021-02-25,2021-05-25,2021-05-26,2021-06-23,self__PV-011,19.0,88.57197046279907
__joint_lightgbm__,final_joint,"self__FR-013,self__INT-002,self__OB-004,self__PV-009,self__OB-003,self__FR-012,self__PV-017,self__PV-019,self__HF-001,self__PV-010,self__FR-002,self__PV-016,self__FR-005,self__PV-004,self__PV-015,self__FR-004,self__PV-011,self__PV-021,self__INT-003,self__OB-005,self__PV-023,self__FR-001,self__HF-004,self__PV-002,self__OB-002,self__OB-001,self__FR-010",2021-02-25,2021-05-25,2021-05-26,2021-06-23,self__PV-021,33.0,186.26670897006989
__joint_lightgbm__,final_joint,"self__FR-013,self__INT-002,self__OB-004,self__PV-009,self__OB-003,self__FR-012,self__PV-017,self__PV-019,self__HF-001,self__PV-010,self__FR-002,self__PV-016,self__FR-005,self__PV-004,self__PV-015,self__FR-004,self__PV-011,self__PV-021,self__INT-003,self__OB-005,self__PV-023,self__FR-001,self__HF-004,self__PV-002,self__OB-002,self__OB-001,self__FR-010",2021-02-25,2021-05-25,2021-05-26,2021-06-23,self__INT-003,25.0,128.32114100456238
__joint_lightgbm__,final_joint,"self__FR-013,self__INT-002,self__OB-004,self__PV-009,self__OB-003,self__FR-012,self__PV-017,self__PV-019,self__HF-001,self__PV-010,self__FR-002,self__PV-016,self__FR-005,self__PV-004,self__PV-015,self__FR-004,self__PV-011,self__PV-021,self__INT-003,self__OB-005,self__PV-023,self__FR-001,self__HF-004,self__PV-002,self__OB-002,self__OB-001,self__FR-010",2021-02-25,2021-05-25,2021-05-26,2021-06-23,self__OB-005,22.0,100.23380064964294
__joint_lightgbm__,final_joint,"self__FR-013,self__INT-002,self__OB-004,self__PV-009,self__OB-003,self__FR-012,self__PV-017,self__PV-019,self__HF-001,self__PV-010,self__FR-002,self__PV-016,self__FR-005,self__PV-004,self__PV-015,self__FR-004,self__PV-011,self__PV-021,self__INT-003,self__OB-005,self__PV-023,self__FR-001,self__HF-004,self__PV-002,self__OB-002,self__OB-001,self__FR-010",2021-02-25,2021-05-25,2021-05-26,2021-06-23,self__PV-023,3.0,8.633120059967041
__joint_lightgbm__,final_joint,"self__FR-013,self__INT-002,self__OB-004,self__PV-009,self__OB-003,self__FR-012,self__PV-017,self__PV-019,self__HF-001,self__PV-010,self__FR-002,self__PV-016,self__FR-005,self__PV-004,self__PV-015,self__FR-004,self__PV-011,self__PV-021,self__INT-003,self__OB-005,self__PV-023,self__FR-001,self__HF-004,self__PV-002,self__OB-002,self__OB-001,self__FR-010",2021-02-25,2021-05-25,2021-05-26,2021-06-23,self__FR-001,9.0,33.65716993808746
__joint_lightgbm__,final_joint,"self__FR-013,self__INT-002,self__OB-004,self__PV-009,self__OB-003,self__FR-012,self__PV-017,self__PV-019,self__HF-001,self__PV-010,self__FR-002,self__PV-016,self__FR-005,self__PV-004,self__PV-015,self__FR-004,self__PV-011,self__PV-021,self__INT-003,self__OB-005,self__PV-023,self__FR-001,self__HF-004,self__PV-002,self__OB-002,self__OB-001,self__FR-010",2021-02-25,2021-05-25,2021-05-26,2021-06-23,self__HF-004,12.0,55.156309604644775
__joint_lightgbm__,final_joint,"self__FR-013,self__INT-002,self__OB-004,self__PV-009,self__OB-003,self__FR-012,self__PV-017,self__PV-019,self__HF-001,self__PV-010,self__FR-002,self__PV-016,self__FR-005,self__PV-004,self__PV-015,self__FR-004,self__PV-011,self__PV-021,self__INT-003,self__OB-005,self__PV-023,self__FR-001,self__HF-004,self__PV-002,self__OB-002,self__OB-001,self__FR-010",2021-02-25,2021-05-25,2021-05-26,2021-06-23,self__PV-002,89.0,596.5166503190994
__joint_lightgbm__,final_joint,"self__FR-013,self__INT-002,self__OB-004,self__PV-009,self__OB-003,self__FR-012,self__PV-017,self__PV-019,self__HF-001,self__PV-010,self__FR-002,self__PV-016,self__FR-005,self__PV-004,self__PV-015,self__FR-004,self__PV-011,self__PV-021,self__INT-003,self__OB-005,self__PV-023,self__FR-001,self__HF-004,self__PV-002,self__OB-002,self__OB-001,self__FR-010",2021-02-25,2021-05-25,2021-05-26,2021-06-23,self__OB-002,12.0,52.15435004234314
__joint_lightgbm__,final_joint,"self__FR-013,self__INT-002,self__OB-004,self__PV-009,self__OB-003,self__FR-012,self__PV-017,self__PV-019,self__HF-001,self__PV-010,self__FR-002,self__PV-016,self__FR-005,self__PV-004,self__PV-015,self__FR-004,self__PV-011,self__PV-021,self__INT-003,self__OB-005,self__PV-023,self__FR-001,self__HF-004,self__PV-002,self__OB-002,self__OB-001,self__FR-010",2021-02-25,2021-05-25,2021-05-26,2021-06-23,self__OB-001,58.0,240.51789093017578
__joint_lightgbm__,final_joint,"self__FR-013,self__INT-002,self__OB-004,self__PV-009,self__OB-003,self__FR-012,self__PV-017,self__PV-019,self__HF-001,self__PV-010,self__FR-002,self__PV-016,self__FR-005,self__PV-004,self__PV-015,self__FR-004,self__PV-011,self__PV-021,self__INT-003,self__OB-005,self__PV-023,self__FR-001,self__HF-004,self__PV-002,self__OB-002,self__OB-001,self__FR-010",2021-02-25,2021-05-25,2021-05-26,2021-06-23,self__FR-010,32.0,146.85798966884613
__joint_lightgbm__,final_joint,"self__FR-013,self__INT-002,self__OB-004,self__PV-009,self__OB-003,self__FR-012,self__PV-017,self__PV-019,self__HF-001,self__PV-010,self__FR-002,self__PV-016,self__FR-005,self__PV-004,self__PV-015,self__FR-004,self__PV-011,self__PV-021,self__INT-003,self__OB-005,self__PV-023,self__FR-001,self__HF-004,self__PV-002,self__OB-002,self__OB-001,self__FR-010",2021-03-25,2021-06-23,2021-06-24,2021-07-21,factorlib__amount,44.0,191.99177992343903
__joint_lightgbm__,final_joint,"self__FR-013,self__INT-002,self__OB-004,self__PV-009,self__OB-003,self__FR-012,self__PV-017,self__PV-019,self__HF-001,self__PV-010,self__FR-002,self__PV-016,self__FR-005,self__PV-004,self__PV-015,self__FR-004,self__PV-011,self__PV-021,self__INT-003,self__OB-005,self__PV-023,self__FR-001,self__HF-004,self__PV-002,self__OB-002,self__OB-001,self__FR-010",2021-03-25,2021-06-23,2021-06-24,2021-07-21,factorlib__atr_14,25.0,112.0412905216217
__joint_lightgbm__,final_joint,"self__FR-013,self__INT-002,self__OB-004,self__PV-009,self__OB-003,self__FR-012,self__PV-017,self__PV-019,self__HF-001,self__PV-010,self__FR-002,self__PV-016,self__FR-005,self__PV-004,self__PV-015,self__FR-004,self__PV-011,self__PV-021,self__INT-003,self__OB-005,self__PV-023,self__FR-001,self__HF-004,self__PV-002,self__OB-002,self__OB-001,self__FR-010",2021-03-25,2021-06-23,2021-06-24,2021-07-21,factorlib__bias_20,64.0,562.6339228153229
__joint_lightgbm__,final_joint,"self__FR-013,self__INT-002,self__OB-004,self__PV-009,self__OB-003,self__FR-012,self__PV-017,self__PV-019,self__HF-001,self__PV-010,self__FR-002,self__PV-016,self__FR-005,self__PV-004,self__PV-015,self__FR-004,self__PV-011,self__PV-021,self__INT-003,self__OB-005,self__PV-023,self__FR-001,self__HF-004,self__PV-002,self__OB-002,self__OB-001,self__FR-010",2021-03-25,2021-06-23,2021-06-24,2021-07-21,factorlib__cci_14,14.0,104.64563059806824
__joint_lightgbm__,final_joint,"self__FR-013,self__INT-002,self__OB-004,self__PV-009,self__OB-003,self__FR-012,self__PV-017,self__PV-019,self__HF-001,self__PV-010,self__FR-002,self__PV-016,self__FR-005,self__PV-004,self__PV-015,self__FR-004,self__PV-011,self__PV-021,self__INT-003,self__OB-005,self__PV-023,self__FR-001,self__HF-004,self__PV-002,self__OB-002,self__OB-001,self__FR-010",2021-03-25,2021-06-23,2021-06-24,2021-07-21,factorlib__float_market_cap,33.0,292.65667843818665
__joint_lightgbm__,final_joint,"self__FR-013,self__INT-002,self__OB-004,self__PV-009,self__OB-003,self__FR-012,self__PV-017,self__PV-019,self__HF-001,self__PV-010,self__FR-002,self__PV-016,self__FR-005,self__PV-004,self__PV-015,self__FR-004,self__PV-011,self__PV-021,self__INT-003,self__OB-005,self__PV-023,self__FR-001,self__HF-004,self__PV-002,self__OB-002,self__OB-001,self__FR-010",2021-03-25,2021-06-23,2021-06-24,2021-07-21,factorlib__kdj_d_9_3_3,8.0,30.65952968597412
__joint_lightgbm__,final_joint,"self__FR-013,self__INT-002,self__OB-004,self__PV-009,self__OB-003,self__FR-012,self__PV-017,self__PV-019,self__HF-001,self__PV-010,self__FR-002,self__PV-016,self__FR-005,self__PV-004,self__PV-015,self__FR-004,self__PV-011,self__PV-021,self__INT-003,self__OB-005,self__PV-023,self__FR-001,self__HF-004,self__PV-002,self__OB-002,self__OB-001,self__FR-010",2021-03-25,2021-06-23,2021-06-24,2021-07-21,factorlib__macd_diff_12_26_9,10.0,49.08772087097168
__joint_lightgbm__,final_joint,"self__FR-013,self__INT-002,self__OB-004,self__PV-009,self__OB-003,self__FR-012,self__PV-017,self__PV-019,self__HF-001,self__PV-010,self__FR-002,self__PV-016,self__FR-005,self__PV-004,self__PV-015,self__FR-004,self__PV-011,self__PV-021,self__INT-003,self__OB-005,self__PV-023,self__FR-001,self__HF-004,self__PV-002,self__OB-002,self__OB-001,self__FR-010",2021-03-25,2021-06-23,2021-06-24,2021-07-21,factorlib__macd_hist_12_26_9,22.0,89.33384943008423
__joint_lightgbm__,final_joint,"self__FR-013,self__INT-002,self__OB-004,self__PV-009,self__OB-003,self__FR-012,self__PV-017,self__PV-019,self__HF-001,self__PV-010,self__FR-002,self__PV-016,self__FR-005,self__PV-004,self__PV-015,self__FR-004,self__PV-011,self__PV-021,self__INT-003,self__OB-005,self__PV-023,self__FR-001,self__HF-004,self__PV-002,self__OB-002,self__OB-001,self__FR-010",2021-03-25,2021-06-23,2021-06-24,2021-07-21,factorlib__momentum_5,71.0,763.4204671382904
__joint_lightgbm__,final_joint,"self__FR-013,self__INT-002,self__OB-004,self__PV-009,self__OB-003,self__FR-012,self__PV-017,self__PV-019,self__HF-001,self__PV-010,self__FR-002,self__PV-016,self__FR-005,self__PV-004,self__PV-015,self__FR-004,self__PV-011,self__PV-021,self__INT-003,self__OB-005,self__PV-023,self__FR-001,self__HF-004,self__PV-002,self__OB-002,self__OB-001,self__FR-010",2021-03-25,2021-06-23,2021-06-24,2021-07-21,factorlib__net_profit_rate_ttm,13.0,59.777610540390015
__joint_lightgbm__,final_joint,"self__FR-013,self__INT-002,self__OB-004,self__PV-009,self__OB-003,self__FR-012,self__PV-017,self__PV-019,self__HF-001,self__PV-010,self__FR-002,self__PV-016,self__FR-005,self__PV-004,self__PV-015,self__FR-004,self__PV-011,self__PV-021,self__INT-003,self__OB-005,self__PV-023,self__FR-001,self__HF-004,self__PV-002,self__OB-002,self__OB-001,self__FR-010",2021-03-25,2021-06-23,2021-06-24,2021-07-21,factorlib__netflow_amount_rate_main,124.0,1138.741320848465
__joint_lightgbm__,final_joint,"self__FR-013,self__INT-002,self__OB-004,self__PV-009,self__OB-003,self__FR-012,self__PV-017,self__PV-019,self__HF-001,self__PV-010,self__FR-002,self__PV-016,self__FR-005,self__PV-004,self__PV-015,self__FR-004,self__PV-011,self__PV-021,self__INT-003,self__OB-005,self__PV-023,self__FR-001,self__HF-004,self__PV-002,self__OB-002,self__OB-001,self__FR-010",2021-03-25,2021-06-23,2021-06-24,2021-07-21,factorlib__total_market_cap,34.0,260.99060821533203
__joint_lightgbm__,final_joint,"self__FR-013,self__INT-002,self__OB-004,self__PV-009,self__OB-003,self__FR-012,self__PV-017,self__PV-019,self__HF-001,self__PV-010,self__FR-002,self__PV-016,self__FR-005,self__PV-004,self__PV-015,self__FR-004,self__PV-011,self__PV-021,self__INT-003,self__OB-005,self__PV-023,self__FR-001,self__HF-004,self__PV-002,self__OB-002,self__OB-001,self__FR-010",2021-03-25,2021-06-23,2021-06-24,2021-07-21,factorlib__turn,80.0,686.6229200363159
__joint_lightgbm__,final_joint,"self__FR-013,self__INT-002,self__OB-004,self__PV-009,self__OB-003,self__FR-012,self__PV-017,self__PV-019,self__HF-001,self__PV-010,self__FR-002,self__PV-016,self__FR-005,self__PV-004,self__PV-015,self__FR-004,self__PV-011,self__PV-021,self__INT-003,self__OB-005,self__PV-023,self__FR-001,self__HF-004,self__PV-002,self__OB-002,self__OB-001,self__FR-010",2021-03-25,2021-06-23,2021-06-24,2021-07-21,factorlib__volatility_5,44.0,340.3735113143921
__joint_lightgbm__,final_joint,"self__FR-013,self__INT-002,self__OB-004,self__PV-009,self__OB-003,self__FR-012,self__PV-017,self__PV-019,self__HF-001,self__PV-010,self__FR-002,self__PV-016,self__FR-005,self__PV-004,self__PV-015,self__FR-004,self__PV-011,self__PV-021,self__INT-003,self__OB-005,self__PV-023,self__FR-001,self__HF-004,self__PV-002,self__OB-002,self__OB-001,self__FR-010",2021-03-25,2021-06-23,2021-06-24,2021-07-21,factorlib__volume,37.0,338.1077890396118
__joint_lightgbm__,final_joint,"self__FR-013,self__INT-002,self__OB-004,self__PV-009,self__OB-003,self__FR-012,self__PV-017,self__PV-019,self__HF-001,self__PV-010,self__FR-002,self__PV-016,self__FR-005,self__PV-004,self__PV-015,self__FR-004,self__PV-011,self__PV-021,self__INT-003,self__OB-005,self__PV-023,self__FR-001,self__HF-004,self__PV-002,self__OB-002,self__OB-001,self__FR-010",2021-03-25,2021-06-23,2021-06-24,2021-07-21,self__FR-013,4.0,10.133450031280518
__joint_lightgbm__,final_joint,"self__FR-013,self__INT-002,self__OB-004,self__PV-009,self__OB-003,self__FR-012,self__PV-017,self__PV-019,self__HF-001,self__PV-010,self__FR-002,self__PV-016,self__FR-005,self__PV-004,self__PV-015,self__FR-004,self__PV-011,self__PV-021,self__INT-003,self__OB-005,self__PV-023,self__FR-001,self__HF-004,self__PV-002,self__OB-002,self__OB-001,self__FR-010",2021-03-25,2021-06-23,2021-06-24,2021-07-21,self__INT-002,11.0,44.90152025222778
__joint_lightgbm__,final_joint,"self__FR-013,self__INT-002,self__OB-004,self__PV-009,self__OB-003,self__FR-012,self__PV-017,self__PV-019,self__HF-001,self__PV-010,self__FR-002,self__PV-016,self__FR-005,self__PV-004,self__PV-015,self__FR-004,self__PV-011,self__PV-021,self__INT-003,self__OB-005,self__PV-023,self__FR-001,self__HF-004,self__PV-002,self__OB-002,self__OB-001,self__FR-010",2021-03-25,2021-06-23,2021-06-24,2021-07-21,self__OB-004,46.0,233.5625503063202
__joint_lightgbm__,final_joint,"self__FR-013,self__INT-002,self__OB-004,self__PV-009,self__OB-003,self__FR-012,self__PV-017,self__PV-019,self__HF-001,self__PV-010,self__FR-002,self__PV-016,self__FR-005,self__PV-004,self__PV-015,self__FR-004,self__PV-011,self__PV-021,self__INT-003,self__OB-005,self__PV-023,self__FR-001,self__HF-004,self__PV-002,self__OB-002,self__OB-001,self__FR-010",2021-03-25,2021-06-23,2021-06-24,2021-07-21,self__PV-009,16.0,54.21325945854187
__joint_lightgbm__,final_joint,"self__FR-013,self__INT-002,self__OB-004,self__PV-009,self__OB-003,self__FR-012,self__PV-017,self__PV-019,self__HF-001,self__PV-010,self__FR-002,self__PV-016,self__FR-005,self__PV-004,self__PV-015,self__FR-004,self__PV-011,self__PV-021,self__INT-003,self__OB-005,self__PV-023,self__FR-001,self__HF-004,self__PV-002,self__OB-002,self__OB-001,self__FR-010",2021-03-25,2021-06-23,2021-06-24,2021-07-21,self__OB-003,13.0,54.82285976409912
__joint_lightgbm__,final_joint,"self__FR-013,self__INT-002,self__OB-004,self__PV-009,self__OB-003,self__FR-012,self__PV-017,self__PV-019,self__HF-001,self__PV-010,self__FR-002,self__PV-016,self__FR-005,self__PV-004,self__PV-015,self__FR-004,self__PV-011,self__PV-021,self__INT-003,self__OB-005,self__PV-023,self__FR-001,self__HF-004,self__PV-002,self__OB-002,self__OB-001,self__FR-010",2021-03-25,2021-06-23,2021-06-24,2021-07-21,self__FR-012,13.0,62.519999504089355
__joint_lightgbm__,final_joint,"self__FR-013,self__INT-002,self__OB-004,self__PV-009,self__OB-003,self__FR-012,self__PV-017,self__PV-019,self__HF-001,self__PV-010,self__FR-002,self__PV-016,self__FR-005,self__PV-004,self__PV-015,self__FR-004,self__PV-011,self__PV-021,self__INT-003,self__OB-005,self__PV-023,self__FR-001,self__HF-004,self__PV-002,self__OB-002,self__OB-001,self__FR-010",2021-03-25,2021-06-23,2021-06-24,2021-07-21,self__PV-017,0.0,0.0
__joint_lightgbm__,final_joint,"self__FR-013,self__INT-002,self__OB-004,self__PV-009,self__OB-003,self__FR-012,self__PV-017,self__PV-019,self__HF-001,self__PV-010,self__FR-002,self__PV-016,self__FR-005,self__PV-004,self__PV-015,self__FR-004,self__PV-011,self__PV-021,self__INT-003,self__OB-005,self__PV-023,self__FR-001,self__HF-004,self__PV-002,self__OB-002,self__OB-001,self__FR-010",2021-03-25,2021-06-23,2021-06-24,2021-07-21,self__PV-019,21.0,116.70490980148315
__joint_lightgbm__,final_joint,"self__FR-013,self__INT-002,self__OB-004,self__PV-009,self__OB-003,self__FR-012,self__PV-017,self__PV-019,self__HF-001,self__PV-010,self__FR-002,self__PV-016,self__FR-005,self__PV-004,self__PV-015,self__FR-004,self__PV-011,self__PV-021,self__INT-003,self__OB-005,self__PV-023,self__FR-001,self__HF-004,self__PV-002,self__OB-002,self__OB-001,self__FR-010",2021-03-25,2021-06-23,2021-06-24,2021-07-21,self__HF-001,21.0,83.00929045677185
__joint_lightgbm__,final_joint,"self__FR-013,self__INT-002,self__OB-004,self__PV-009,self__OB-003,self__FR-012,self__PV-017,self__PV-019,self__HF-001,self__PV-010,self__FR-002,self__PV-016,self__FR-005,self__PV-004,self__PV-015,self__FR-004,self__PV-011,self__PV-021,self__INT-003,self__OB-005,self__PV-023,self__FR-001,self__HF-004,self__PV-002,self__OB-002,self__OB-001,self__FR-010",2021-03-25,2021-06-23,2021-06-24,2021-07-21,self__PV-010,14.0,60.32747030258179
__joint_lightgbm__,final_joint,"self__FR-013,self__INT-002,self__OB-004,self__PV-009,self__OB-003,self__FR-012,self__PV-017,self__PV-019,self__HF-001,self__PV-010,self__FR-002,self__PV-016,self__FR-005,self__PV-004,self__PV-015,self__FR-004,self__PV-011,self__PV-021,self__INT-003,self__OB-005,self__PV-023,self__FR-001,self__HF-004,self__PV-002,self__OB-002,self__OB-001,self__FR-010",2021-03-25,2021-06-23,2021-06-24,2021-07-21,self__FR-002,17.0,78.4568601846695
__joint_lightgbm__,final_joint,"self__FR-013,self__INT-002,self__OB-004,self__PV-009,self__OB-003,self__FR-012,self__PV-017,self__PV-019,self__HF-001,self__PV-010,self__FR-002,self__PV-016,self__FR-005,self__PV-004,self__PV-015,self__FR-004,self__PV-011,self__PV-021,self__INT-003,self__OB-005,self__PV-023,self__FR-001,self__HF-004,self__PV-002,self__OB-002,self__OB-001,self__FR-010",2021-03-25,2021-06-23,2021-06-24,2021-07-21,self__PV-016,24.0,106.3796397447586
__joint_lightgbm__,final_joint,"self__FR-013,self__INT-002,self__OB-004,self__PV-009,self__OB-003,self__FR-012,self__PV-017,self__PV-019,self__HF-001,self__PV-010,self__FR-002,self__PV-016,self__FR-005,self__PV-004,self__PV-015,self__FR-004,self__PV-011,self__PV-021,self__INT-003,self__OB-005,self__PV-023,self__FR-001,self__HF-004,self__PV-002,self__OB-002,self__OB-001,self__FR-010",2021-03-25,2021-06-23,2021-06-24,2021-07-21,self__FR-005,20.0,88.58867955207825
__joint_lightgbm__,final_joint,"self__FR-013,self__INT-002,self__OB-004,self__PV-009,self__OB-003,self__FR-012,self__PV-017,self__PV-019,self__HF-001,self__PV-010,self__FR-002,self__PV-016,self__FR-005,self__PV-004,self__PV-015,self__FR-004,self__PV-011,self__PV-021,self__INT-003,self__OB-005,self__PV-023,self__FR-001,self__HF-004,self__PV-002,self__OB-002,self__OB-001,self__FR-010",2021-03-25,2021-06-23,2021-06-24,2021-07-21,self__PV-004,14.0,63.744579792022705
__joint_lightgbm__,final_joint,"self__FR-013,self__INT-002,self__OB-004,self__PV-009,self__OB-003,self__FR-012,self__PV-017,self__PV-019,self__HF-001,self__PV-010,self__FR-002,self__PV-016,self__FR-005,self__PV-004,self__PV-015,self__FR-004,self__PV-011,self__PV-021,self__INT-003,self__OB-005,self__PV-023,self__FR-001,self__HF-004,self__PV-002,self__OB-002,self__OB-001,self__FR-010",2021-03-25,2021-06-23,2021-06-24,2021-07-21,self__PV-015,7.0,51.08074998855591
__joint_lightgbm__,final_joint,"self__FR-013,self__INT-002,self__OB-004,self__PV-009,self__OB-003,self__FR-012,self__PV-017,self__PV-019,self__HF-001,self__PV-010,self__FR-002,self__PV-016,self__FR-005,self__PV-004,self__PV-015,self__FR-004,self__PV-011,self__PV-021,self__INT-003,self__OB-005,self__PV-023,self__FR-001,self__HF-004,self__PV-002,self__OB-002,self__OB-001,self__FR-010",2021-03-25,2021-06-23,2021-06-24,2021-07-21,self__FR-004,2.0,12.868180274963379
__joint_lightgbm__,final_joint,"self__FR-013,self__INT-002,self__OB-004,self__PV-009,self__OB-003,self__FR-012,self__PV-017,self__PV-019,self__HF-001,self__PV-010,self__FR-002,self__PV-016,self__FR-005,self__PV-004,self__PV-015,self__FR-004,self__PV-011,self__PV-021,self__INT-003,self__OB-005,self__PV-023,self__FR-001,self__HF-004,self__PV-002,self__OB-002,self__OB-001,self__FR-010",2021-03-25,2021-06-23,2021-06-24,2021-07-21,self__PV-011,38.0,211.97604084014893
__joint_lightgbm__,final_joint,"self__FR-013,self__INT-002,self__OB-004,self__PV-009,self__OB-003,self__FR-012,self__PV-017,self__PV-019,self__HF-001,self__PV-010,self__FR-002,self__PV-016,self__FR-005,self__PV-004,self__PV-015,self__FR-004,self__PV-011,self__PV-021,self__INT-003,self__OB-005,self__PV-023,self__FR-001,self__HF-004,self__PV-002,self__OB-002,self__OB-001,self__FR-010",2021-03-25,2021-06-23,2021-06-24,2021-07-21,self__PV-021,33.0,191.45271968841553
__joint_lightgbm__,final_joint,"self__FR-013,self__INT-002,self__OB-004,self__PV-009,self__OB-003,self__FR-012,self__PV-017,self__PV-019,self__HF-001,self__PV-010,self__FR-002,self__PV-016,self__FR-005,self__PV-004,self__PV-015,self__FR-004,self__PV-011,self__PV-021,self__INT-003,self__OB-005,self__PV-023,self__FR-001,self__HF-004,self__PV-002,self__OB-002,self__OB-001,self__FR-010",2021-03-25,2021-06-23,2021-06-24,2021-07-21,self__INT-003,9.0,37.15909028053284
__joint_lightgbm__,final_joint,"self__FR-013,self__INT-002,self__OB-004,self__PV-009,self__OB-003,self__FR-012,self__PV-017,self__PV-019,self__HF-001,self__PV-010,self__FR-002,self__PV-016,self__FR-005,self__PV-004,self__PV-015,self__FR-004,self__PV-011,self__PV-021,self__INT-003,self__OB-005,self__PV-023,self__FR-001,self__HF-004,self__PV-002,self__OB-002,self__OB-001,self__FR-010",2021-03-25,2021-06-23,2021-06-24,2021-07-21,self__OB-005,40.0,215.00937962532043
__joint_lightgbm__,final_joint,"self__FR-013,self__INT-002,self__OB-004,self__PV-009,self__OB-003,self__FR-012,self__PV-017,self__PV-019,self__HF-001,self__PV-010,self__FR-002,self__PV-016,self__FR-005,self__PV-004,self__PV-015,self__FR-004,self__PV-011,self__PV-021,self__INT-003,self__OB-005,self__PV-023,self__FR-001,self__HF-004,self__PV-002,self__OB-002,self__OB-001,self__FR-010",2021-03-25,2021-06-23,2021-06-24,2021-07-21,self__PV-023,2.0,11.986209869384766
__joint_lightgbm__,final_joint,"self__FR-013,self__INT-002,self__OB-004,self__PV-009,self__OB-003,self__FR-012,self__PV-017,self__PV-019,self__HF-001,self__PV-010,self__FR-002,self__PV-016,self__FR-005,self__PV-004,self__PV-015,self__FR-004,self__PV-011,self__PV-021,self__INT-003,self__OB-005,self__PV-023,self__FR-001,self__HF-004,self__PV-002,self__OB-002,self__OB-001,self__FR-010",2021-03-25,2021-06-23,2021-06-24,2021-07-21,self__FR-001,8.0,41.40817975997925
__joint_lightgbm__,final_joint,"self__FR-013,self__INT-002,self__OB-004,self__PV-009,self__OB-003,self__FR-012,self__PV-017,self__PV-019,self__HF-001,self__PV-010,self__FR-002,self__PV-016,self__FR-005,self__PV-004,self__PV-015,self__FR-004,self__PV-011,self__PV-021,self__INT-003,self__OB-005,self__PV-023,self__FR-001,self__HF-004,self__PV-002,self__OB-002,self__OB-001,self__FR-010",2021-03-25,2021-06-23,2021-06-24,2021-07-21,self__HF-004,13.0,57.55449914932251
__joint_lightgbm__,final_joint,"self__FR-013,self__INT-002,self__OB-004,self__PV-009,self__OB-003,self__FR-012,self__PV-017,self__PV-019,self__HF-001,self__PV-010,self__FR-002,self__PV-016,self__FR-005,self__PV-004,self__PV-015,self__FR-004,self__PV-011,self__PV-021,self__INT-003,self__OB-005,self__PV-023,self__FR-001,self__HF-004,self__PV-002,self__OB-002,self__OB-001,self__FR-010",2021-03-25,2021-06-23,2021-06-24,2021-07-21,self__PV-002,101.0,796.143846988678
__joint_lightgbm__,final_joint,"self__FR-013,self__INT-002,self__OB-004,self__PV-009,self__OB-003,self__FR-012,self__PV-017,self__PV-019,self__HF-001,self__PV-010,self__FR-002,self__PV-016,self__FR-005,self__PV-004,self__PV-015,self__FR-004,self__PV-011,self__PV-021,self__INT-003,self__OB-005,self__PV-023,self__FR-001,self__HF-004,self__PV-002,self__OB-002,self__OB-001,self__FR-010",2021-03-25,2021-06-23,2021-06-24,2021-07-21,self__OB-002,24.0,118.63897919654846
__joint_lightgbm__,final_joint,"self__FR-013,self__INT-002,self__OB-004,self__PV-009,self__OB-003,self__FR-012,self__PV-017,self__PV-019,self__HF-001,self__PV-010,self__FR-002,self__PV-016,self__FR-005,self__PV-004,self__PV-015,self__FR-004,self__PV-011,self__PV-021,self__INT-003,self__OB-005,self__PV-023,self__FR-001,self__HF-004,self__PV-002,self__OB-002,self__OB-001,self__FR-010",2021-03-25,2021-06-23,2021-06-24,2021-07-21,self__OB-001,35.0,140.07948970794678
__joint_lightgbm__,final_joint,"self__FR-013,self__INT-002,self__OB-004,self__PV-009,self__OB-003,self__FR-012,self__PV-017,self__PV-019,self__HF-001,self__PV-010,self__FR-002,self__PV-016,self__FR-005,self__PV-004,self__PV-015,self__FR-004,self__PV-011,self__PV-021,self__INT-003,self__OB-005,self__PV-023,self__FR-001,self__HF-004,self__PV-002,self__OB-002,self__OB-001,self__FR-010",2021-03-25,2021-06-23,2021-06-24,2021-07-21,self__FR-010,31.0,115.345409989357
__joint_lightgbm__,final_joint,"self__FR-013,self__INT-002,self__OB-004,self__PV-009,self__OB-003,self__FR-012,self__PV-017,self__PV-019,self__HF-001,self__PV-010,self__FR-002,self__PV-016,self__FR-005,self__PV-004,self__PV-015,self__FR-004,self__PV-011,self__PV-021,self__INT-003,self__OB-005,self__PV-023,self__FR-001,self__HF-004,self__PV-002,self__OB-002,self__OB-001,self__FR-010",2021-04-23,2021-07-21,2021-07-22,2021-08-18,factorlib__amount,49.0,287.3695695400238
__joint_lightgbm__,final_joint,"self__FR-013,self__INT-002,self__OB-004,self__PV-009,self__OB-003,self__FR-012,self__PV-017,self__PV-019,self__HF-001,self__PV-010,self__FR-002,self__PV-016,self__FR-005,self__PV-004,self__PV-015,self__FR-004,self__PV-011,self__PV-021,self__INT-003,self__OB-005,self__PV-023,self__FR-001,self__HF-004,self__PV-002,self__OB-002,self__OB-001,self__FR-010",2021-04-23,2021-07-21,2021-07-22,2021-08-18,factorlib__atr_14,27.0,150.53643894195557
__joint_lightgbm__,final_joint,"self__FR-013,self__INT-002,self__OB-004,self__PV-009,self__OB-003,self__FR-012,self__PV-017,self__PV-019,self__HF-001,self__PV-010,self__FR-002,self__PV-016,self__FR-005,self__PV-004,self__PV-015,self__FR-004,self__PV-011,self__PV-021,self__INT-003,self__OB-005,self__PV-023,self__FR-001,self__HF-004,self__PV-002,self__OB-002,self__OB-001,self__FR-010",2021-04-23,2021-07-21,2021-07-22,2021-08-18,factorlib__bias_20,45.0,244.66568899154663
__joint_lightgbm__,final_joint,"self__FR-013,self__INT-002,self__OB-004,self__PV-009,self__OB-003,self__FR-012,self__PV-017,self__PV-019,self__HF-001,self__PV-010,self__FR-002,self__PV-016,self__FR-005,self__PV-004,self__PV-015,self__FR-004,self__PV-011,self__PV-021,self__INT-003,self__OB-005,self__PV-023,self__FR-001,self__HF-004,self__PV-002,self__OB-002,self__OB-001,self__FR-010",2021-04-23,2021-07-21,2021-07-22,2021-08-18,factorlib__cci_14,29.0,152.5600299835205
__joint_lightgbm__,final_joint,"self__FR-013,self__INT-002,self__OB-004,self__PV-009,self__OB-003,self__FR-012,self__PV-017,self__PV-019,self__HF-001,self__PV-010,self__FR-002,self__PV-016,self__FR-005,self__PV-004,self__PV-015,self__FR-004,self__PV-011,self__PV-021,self__INT-003,self__OB-005,self__PV-023,self__FR-001,self__HF-004,self__PV-002,self__OB-002,self__OB-001,self__FR-010",2021-04-23,2021-07-21,2021-07-22,2021-08-18,factorlib__float_market_cap,30.0,219.04306983947754
__joint_lightgbm__,final_joint,"self__FR-013,self__INT-002,self__OB-004,self__PV-009,self__OB-003,self__FR-012,self__PV-017,self__PV-019,self__HF-001,self__PV-010,self__FR-002,self__PV-016,self__FR-005,self__PV-004,self__PV-015,self__FR-004,self__PV-011,self__PV-021,self__INT-003,self__OB-005,self__PV-023,self__FR-001,self__HF-004,self__PV-002,self__OB-002,self__OB-001,self__FR-010",2021-04-23,2021-07-21,2021-07-22,2021-08-18,factorlib__kdj_d_9_3_3,20.0,111.26015996932983
__joint_lightgbm__,final_joint,"self__FR-013,self__INT-002,self__OB-004,self__PV-009,self__OB-003,self__FR-012,self__PV-017,self__PV-019,self__HF-001,self__PV-010,self__FR-002,self__PV-016,self__FR-005,self__PV-004,self__PV-015,self__FR-004,self__PV-011,self__PV-021,self__INT-003,self__OB-005,self__PV-023,self__FR-001,self__HF-004,self__PV-002,self__OB-002,self__OB-001,self__FR-010",2021-04-23,2021-07-21,2021-07-22,2021-08-18,factorlib__macd_diff_12_26_9,26.0,108.15584993362427
__joint_lightgbm__,final_joint,"self__FR-013,self__INT-002,self__OB-004,self__PV-009,self__OB-003,self__FR-012,self__PV-017,self__PV-019,self__HF-001,self__PV-010,self__FR-002,self__PV-016,self__FR-005,self__PV-004,self__PV-015,self__FR-004,self__PV-011,self__PV-021,self__INT-003,self__OB-005,self__PV-023,self__FR-001,self__HF-004,self__PV-002,self__OB-002,self__OB-001,self__FR-010",2021-04-23,2021-07-21,2021-07-22,2021-08-18,factorlib__macd_hist_12_26_9,17.0,82.66706013679504
__joint_lightgbm__,final_joint,"self__FR-013,self__INT-002,self__OB-004,self__PV-009,self__OB-003,self__FR-012,self__PV-017,self__PV-019,self__HF-001,self__PV-010,self__FR-002,self__PV-016,self__FR-005,self__PV-004,self__PV-015,self__FR-004,self__PV-011,self__PV-021,self__INT-003,self__OB-005,self__PV-023,self__FR-001,self__HF-004,self__PV-002,self__OB-002,self__OB-001,self__FR-010",2021-04-23,2021-07-21,2021-07-22,2021-08-18,factorlib__momentum_5,59.0,403.917489528656
__joint_lightgbm__,final_joint,"self__FR-013,self__INT-002,self__OB-004,self__PV-009,self__OB-003,self__FR-012,self__PV-017,self__PV-019,self__HF-001,self__PV-010,self__FR-002,self__PV-016,self__FR-005,self__PV-004,self__PV-015,self__FR-004,self__PV-011,self__PV-021,self__INT-003,self__OB-005,self__PV-023,self__FR-001,self__HF-004,self__PV-002,self__OB-002,self__OB-001,self__FR-010",2021-04-23,2021-07-21,2021-07-22,2021-08-18,factorlib__net_profit_rate_ttm,4.0,17.08542013168335
__joint_lightgbm__,final_joint,"self__FR-013,self__INT-002,self__OB-004,self__PV-009,self__OB-003,self__FR-012,self__PV-017,self__PV-019,self__HF-001,self__PV-010,self__FR-002,self__PV-016,self__FR-005,self__PV-004,self__PV-015,self__FR-004,self__PV-011,self__PV-021,self__INT-003,self__OB-005,self__PV-023,self__FR-001,self__HF-004,self__PV-002,self__OB-002,self__OB-001,self__FR-010",2021-04-23,2021-07-21,2021-07-22,2021-08-18,factorlib__netflow_amount_rate_main,121.0,1404.9838898181915
__joint_lightgbm__,final_joint,"self__FR-013,self__INT-002,self__OB-004,self__PV-009,self__OB-003,self__FR-012,self__PV-017,self__PV-019,self__HF-001,self__PV-010,self__FR-002,self__PV-016,self__FR-005,self__PV-004,self__PV-015,self__FR-004,self__PV-011,self__PV-021,self__INT-003,self__OB-005,self__PV-023,self__FR-001,self__HF-004,self__PV-002,self__OB-002,self__OB-001,self__FR-010",2021-04-23,2021-07-21,2021-07-22,2021-08-18,factorlib__total_market_cap,21.0,192.32179999351501
__joint_lightgbm__,final_joint,"self__FR-013,self__INT-002,self__OB-004,self__PV-009,self__OB-003,self__FR-012,self__PV-017,self__PV-019,self__HF-001,self__PV-010,self__FR-002,self__PV-016,self__FR-005,self__PV-004,self__PV-015,self__FR-004,self__PV-011,self__PV-021,self__INT-003,self__OB-005,self__PV-023,self__FR-001,self__HF-004,self__PV-002,self__OB-002,self__OB-001,self__FR-010",2021-04-23,2021-07-21,2021-07-22,2021-08-18,factorlib__turn,79.0,541.7706003189087
__joint_lightgbm__,final_joint,"self__FR-013,self__INT-002,self__OB-004,self__PV-009,self__OB-003,self__FR-012,self__PV-017,self__PV-019,self__HF-001,self__PV-010,self__FR-002,self__PV-016,self__FR-005,self__PV-004,self__PV-015,self__FR-004,self__PV-011,self__PV-021,self__INT-003,self__OB-005,self__PV-023,self__FR-001,self__HF-004,self__PV-002,self__OB-002,self__OB-001,self__FR-010",2021-04-23,2021-07-21,2021-07-22,2021-08-18,factorlib__volatility_5,43.0,371.07419061660767
__joint_lightgbm__,final_joint,"self__FR-013,self__INT-002,self__OB-004,self__PV-009,self__OB-003,self__FR-012,self__PV-017,self__PV-019,self__HF-001,self__PV-010,self__FR-002,self__PV-016,self__FR-005,self__PV-004,self__PV-015,self__FR-004,self__PV-011,self__PV-021,self__INT-003,self__OB-005,self__PV-023,self__FR-001,self__HF-004,self__PV-002,self__OB-002,self__OB-001,self__FR-010",2021-04-23,2021-07-21,2021-07-22,2021-08-18,factorlib__volume,11.0,57.09232950210571
__joint_lightgbm__,final_joint,"self__FR-013,self__INT-002,self__OB-004,self__PV-009,self__OB-003,self__FR-012,self__PV-017,self__PV-019,self__HF-001,self__PV-010,self__FR-002,self__PV-016,self__FR-005,self__PV-004,self__PV-015,self__FR-004,self__PV-011,self__PV-021,self__INT-003,self__OB-005,self__PV-023,self__FR-001,self__HF-004,self__PV-002,self__OB-002,self__OB-001,self__FR-010",2021-04-23,2021-07-21,2021-07-22,2021-08-18,self__FR-013,12.0,49.18200993537903
__joint_lightgbm__,final_joint,"self__FR-013,self__INT-002,self__OB-004,self__PV-009,self__OB-003,self__FR-012,self__PV-017,self__PV-019,self__HF-001,self__PV-010,self__FR-002,self__PV-016,self__FR-005,self__PV-004,self__PV-015,self__FR-004,self__PV-011,self__PV-021,self__INT-003,self__OB-005,self__PV-023,self__FR-001,self__HF-004,self__PV-002,self__OB-002,self__OB-001,self__FR-010",2021-04-23,2021-07-21,2021-07-22,2021-08-18,self__INT-002,15.0,92.09331035614014
__joint_lightgbm__,final_joint,"self__FR-013,self__INT-002,self__OB-004,self__PV-009,self__OB-003,self__FR-012,self__PV-017,self__PV-019,self__HF-001,self__PV-010,self__FR-002,self__PV-016,self__FR-005,self__PV-004,self__PV-015,self__FR-004,self__PV-011,self__PV-021,self__INT-003,self__OB-005,self__PV-023,self__FR-001,self__HF-004,self__PV-002,self__OB-002,self__OB-001,self__FR-010",2021-04-23,2021-07-21,2021-07-22,2021-08-18,self__OB-004,21.0,130.26838970184326
__joint_lightgbm__,final_joint,"self__FR-013,self__INT-002,self__OB-004,self__PV-009,self__OB-003,self__FR-012,self__PV-017,self__PV-019,self__HF-001,self__PV-010,self__FR-002,self__PV-016,self__FR-005,self__PV-004,self__PV-015,self__FR-004,self__PV-011,self__PV-021,self__INT-003,self__OB-005,self__PV-023,self__FR-001,self__HF-004,self__PV-002,self__OB-002,self__OB-001,self__FR-010",2021-04-23,2021-07-21,2021-07-22,2021-08-18,self__PV-009,64.0,335.976270198822
__joint_lightgbm__,final_joint,"self__FR-013,self__INT-002,self__OB-004,self__PV-009,self__OB-003,self__FR-012,self__PV-017,self__PV-019,self__HF-001,self__PV-010,self__FR-002,self__PV-016,self__FR-005,self__PV-004,self__PV-015,self__FR-004,self__PV-011,self__PV-021,self__INT-003,self__OB-005,self__PV-023,self__FR-001,self__HF-004,self__PV-002,self__OB-002,self__OB-001,self__FR-010",2021-04-23,2021-07-21,2021-07-22,2021-08-18,self__OB-003,10.0,39.25988960266113
__joint_lightgbm__,final_joint,"self__FR-013,self__INT-002,self__OB-004,self__PV-009,self__OB-003,self__FR-012,self__PV-017,self__PV-019,self__HF-001,self__PV-010,self__FR-002,self__PV-016,self__FR-005,self__PV-004,self__PV-015,self__FR-004,self__PV-011,self__PV-021,self__INT-003,self__OB-005,self__PV-023,self__FR-001,self__HF-004,self__PV-002,self__OB-002,self__OB-001,self__FR-010",2021-04-23,2021-07-21,2021-07-22,2021-08-18,self__FR-012,18.0,98.04109978675842
__joint_lightgbm__,final_joint,"self__FR-013,self__INT-002,self__OB-004,self__PV-009,self__OB-003,self__FR-012,self__PV-017,self__PV-019,self__HF-001,self__PV-010,self__FR-002,self__PV-016,self__FR-005,self__PV-004,self__PV-015,self__FR-004,self__PV-011,self__PV-021,self__INT-003,self__OB-005,self__PV-023,self__FR-001,self__HF-004,self__PV-002,self__OB-002,self__OB-001,self__FR-010",2021-04-23,2021-07-21,2021-07-22,2021-08-18,self__PV-017,34.0,244.73616003990173
__joint_lightgbm__,final_joint,"self__FR-013,self__INT-002,self__OB-004,self__PV-009,self__OB-003,self__FR-012,self__PV-017,self__PV-019,self__HF-001,self__PV-010,self__FR-002,self__PV-016,self__FR-005,self__PV-004,self__PV-015,self__FR-004,self__PV-011,self__PV-021,self__INT-003,self__OB-005,self__PV-023,self__FR-001,self__HF-004,self__PV-002,self__OB-002,self__OB-001,self__FR-010",2021-04-23,2021-07-21,2021-07-22,2021-08-18,self__PV-019,24.0,115.08743071556091
__joint_lightgbm__,final_joint,"self__FR-013,self__INT-002,self__OB-004,self__PV-009,self__OB-003,self__FR-012,self__PV-017,self__PV-019,self__HF-001,self__PV-010,self__FR-002,self__PV-016,self__FR-005,self__PV-004,self__PV-015,self__FR-004,self__PV-011,self__PV-021,self__INT-003,self__OB-005,self__PV-023,self__FR-001,self__HF-004,self__PV-002,self__OB-002,self__OB-001,self__FR-010",2021-04-23,2021-07-21,2021-07-22,2021-08-18,self__HF-001,39.0,177.4989514350891
__joint_lightgbm__,final_joint,"self__FR-013,self__INT-002,self__OB-004,self__PV-009,self__OB-003,self__FR-012,self__PV-017,self__PV-019,self__HF-001,self__PV-010,self__FR-002,self__PV-016,self__FR-005,self__PV-004,self__PV-015,self__FR-004,self__PV-011,self__PV-021,self__INT-003,self__OB-005,self__PV-023,self__FR-001,self__HF-004,self__PV-002,self__OB-002,self__OB-001,self__FR-010",2021-04-23,2021-07-21,2021-07-22,2021-08-18,self__PV-010,6.0,28.353759765625
__joint_lightgbm__,final_joint,"self__FR-013,self__INT-002,self__OB-004,self__PV-009,self__OB-003,self__FR-012,self__PV-017,self__PV-019,self__HF-001,self__PV-010,self__FR-002,self__PV-016,self__FR-005,self__PV-004,self__PV-015,self__FR-004,self__PV-011,self__PV-021,self__INT-003,self__OB-005,self__PV-023,self__FR-001,self__HF-004,self__PV-002,self__OB-002,self__OB-001,self__FR-010",2021-04-23,2021-07-21,2021-07-22,2021-08-18,self__FR-002,12.0,48.43812036514282
__joint_lightgbm__,final_joint,"self__FR-013,self__INT-002,self__OB-004,self__PV-009,self__OB-003,self__FR-012,self__PV-017,self__PV-019,self__HF-001,self__PV-010,self__FR-002,self__PV-016,self__FR-005,self__PV-004,self__PV-015,self__FR-004,self__PV-011,self__PV-021,self__INT-003,self__OB-005,self__PV-023,self__FR-001,self__HF-004,self__PV-002,self__OB-002,self__OB-001,self__FR-010",2021-04-23,2021-07-21,2021-07-22,2021-08-18,self__PV-016,19.0,83.76307010650635
__joint_lightgbm__,final_joint,"self__FR-013,self__INT-002,self__OB-004,self__PV-009,self__OB-003,self__FR-012,self__PV-017,self__PV-019,self__HF-001,self__PV-010,self__FR-002,self__PV-016,self__FR-005,self__PV-004,self__PV-015,self__FR-004,self__PV-011,self__PV-021,self__INT-003,self__OB-005,self__PV-023,self__FR-001,self__HF-004,self__PV-002,self__OB-002,self__OB-001,self__FR-010",2021-04-23,2021-07-21,2021-07-22,2021-08-18,self__FR-005,12.0,41.48882985115051
__joint_lightgbm__,final_joint,"self__FR-013,self__INT-002,self__OB-004,self__PV-009,self__OB-003,self__FR-012,self__PV-017,self__PV-019,self__HF-001,self__PV-010,self__FR-002,self__PV-016,self__FR-005,self__PV-004,self__PV-015,self__FR-004,self__PV-011,self__PV-021,self__INT-003,self__OB-005,self__PV-023,self__FR-001,self__HF-004,self__PV-002,self__OB-002,self__OB-001,self__FR-010",2021-04-23,2021-07-21,2021-07-22,2021-08-18,self__PV-004,5.0,17.5347101688385
__joint_lightgbm__,final_joint,"self__FR-013,self__INT-002,self__OB-004,self__PV-009,self__OB-003,self__FR-012,self__PV-017,self__PV-019,self__HF-001,self__PV-010,self__FR-002,self__PV-016,self__FR-005,self__PV-004,self__PV-015,self__FR-004,self__PV-011,self__PV-021,self__INT-003,self__OB-005,self__PV-023,self__FR-001,self__HF-004,self__PV-002,self__OB-002,self__OB-001,self__FR-010",2021-04-23,2021-07-21,2021-07-22,2021-08-18,self__PV-015,9.0,45.083760499954224
__joint_lightgbm__,final_joint,"self__FR-013,self__INT-002,self__OB-004,self__PV-009,self__OB-003,self__FR-012,self__PV-017,self__PV-019,self__HF-001,self__PV-010,self__FR-002,self__PV-016,self__FR-005,self__PV-004,self__PV-015,self__FR-004,self__PV-011,self__PV-021,self__INT-003,self__OB-005,self__PV-023,self__FR-001,self__HF-004,self__PV-002,self__OB-002,self__OB-001,self__FR-010",2021-04-23,2021-07-21,2021-07-22,2021-08-18,self__FR-004,6.0,47.363539695739746
__joint_lightgbm__,final_joint,"self__FR-013,self__INT-002,self__OB-004,self__PV-009,self__OB-003,self__FR-012,self__PV-017,self__PV-019,self__HF-001,self__PV-010,self__FR-002,self__PV-016,self__FR-005,self__PV-004,self__PV-015,self__FR-004,self__PV-011,self__PV-021,self__INT-003,self__OB-005,self__PV-023,self__FR-001,self__HF-004,self__PV-002,self__OB-002,self__OB-001,self__FR-010",2021-04-23,2021-07-21,2021-07-22,2021-08-18,self__PV-011,50.0,319.2501401901245
__joint_lightgbm__,final_joint,"self__FR-013,self__INT-002,self__OB-004,self__PV-009,self__OB-003,self__FR-012,self__PV-017,self__PV-019,self__HF-001,self__PV-010,self__FR-002,self__PV-016,self__FR-005,self__PV-004,self__PV-015,self__FR-004,self__PV-011,self__PV-021,self__INT-003,self__OB-005,self__PV-023,self__FR-001,self__HF-004,self__PV-002,self__OB-002,self__OB-001,self__FR-010",2021-04-23,2021-07-21,2021-07-22,2021-08-18,self__PV-021,62.0,409.35399079322815
__joint_lightgbm__,final_joint,"self__FR-013,self__INT-002,self__OB-004,self__PV-009,self__OB-003,self__FR-012,self__PV-017,self__PV-019,self__HF-001,self__PV-010,self__FR-002,self__PV-016,self__FR-005,self__PV-004,self__PV-015,self__FR-004,self__PV-011,self__PV-021,self__INT-003,self__OB-005,self__PV-023,self__FR-001,self__HF-004,self__PV-002,self__OB-002,self__OB-001,self__FR-010",2021-04-23,2021-07-21,2021-07-22,2021-08-18,self__INT-003,18.0,116.18640041351318
__joint_lightgbm__,final_joint,"self__FR-013,self__INT-002,self__OB-004,self__PV-009,self__OB-003,self__FR-012,self__PV-017,self__PV-019,self__HF-001,self__PV-010,self__FR-002,self__PV-016,self__FR-005,self__PV-004,self__PV-015,self__FR-004,self__PV-011,self__PV-021,self__INT-003,self__OB-005,self__PV-023,self__FR-001,self__HF-004,self__PV-002,self__OB-002,self__OB-001,self__FR-010",2021-04-23,2021-07-21,2021-07-22,2021-08-18,self__OB-005,26.0,132.86509037017822
__joint_lightgbm__,final_joint,"self__FR-013,self__INT-002,self__OB-004,self__PV-009,self__OB-003,self__FR-012,self__PV-017,self__PV-019,self__HF-001,self__PV-010,self__FR-002,self__PV-016,self__FR-005,self__PV-004,self__PV-015,self__FR-004,self__PV-011,self__PV-021,self__INT-003,self__OB-005,self__PV-023,self__FR-001,self__HF-004,self__PV-002,self__OB-002,self__OB-001,self__FR-010",2021-04-23,2021-07-21,2021-07-22,2021-08-18,self__PV-023,9.0,37.18400025367737
__joint_lightgbm__,final_joint,"self__FR-013,self__INT-002,self__OB-004,self__PV-009,self__OB-003,self__FR-012,self__PV-017,self__PV-019,self__HF-001,self__PV-010,self__FR-002,self__PV-016,self__FR-005,self__PV-004,self__PV-015,self__FR-004,self__PV-011,self__PV-021,self__INT-003,self__OB-005,self__PV-023,self__FR-001,self__HF-004,self__PV-002,self__OB-002,self__OB-001,self__FR-010",2021-04-23,2021-07-21,2021-07-22,2021-08-18,self__FR-001,10.0,51.47929000854492
__joint_lightgbm__,final_joint,"self__FR-013,self__INT-002,self__OB-004,self__PV-009,self__OB-003,self__FR-012,self__PV-017,self__PV-019,self__HF-001,self__PV-010,self__FR-002,self__PV-016,self__FR-005,self__PV-004,self__PV-015,self__FR-004,self__PV-011,self__PV-021,self__INT-003,self__OB-005,self__PV-023,self__FR-001,self__HF-004,self__PV-002,self__OB-002,self__OB-001,self__FR-010",2021-04-23,2021-07-21,2021-07-22,2021-08-18,self__HF-004,13.0,80.65578961372375
__joint_lightgbm__,final_joint,"self__FR-013,self__INT-002,self__OB-004,self__PV-009,self__OB-003,self__FR-012,self__PV-017,self__PV-019,self__HF-001,self__PV-010,self__FR-002,self__PV-016,self__FR-005,self__PV-004,self__PV-015,self__FR-004,self__PV-011,self__PV-021,self__INT-003,self__OB-005,self__PV-023,self__FR-001,self__HF-004,self__PV-002,self__OB-002,self__OB-001,self__FR-010",2021-04-23,2021-07-21,2021-07-22,2021-08-18,self__PV-002,60.0,374.87494945526123
__joint_lightgbm__,final_joint,"self__FR-013,self__INT-002,self__OB-004,self__PV-009,self__OB-003,self__FR-012,self__PV-017,self__PV-019,self__HF-001,self__PV-010,self__FR-002,self__PV-016,self__FR-005,self__PV-004,self__PV-015,self__FR-004,self__PV-011,self__PV-021,self__INT-003,self__OB-005,self__PV-023,self__FR-001,self__HF-004,self__PV-002,self__OB-002,self__OB-001,self__FR-010",2021-04-23,2021-07-21,2021-07-22,2021-08-18,self__OB-002,12.0,87.19450879096985
__joint_lightgbm__,final_joint,"self__FR-013,self__INT-002,self__OB-004,self__PV-009,self__OB-003,self__FR-012,self__PV-017,self__PV-019,self__HF-001,self__PV-010,self__FR-002,self__PV-016,self__FR-005,self__PV-004,self__PV-015,self__FR-004,self__PV-011,self__PV-021,self__INT-003,self__OB-005,self__PV-023,self__FR-001,self__HF-004,self__PV-002,self__OB-002,self__OB-001,self__FR-010",2021-04-23,2021-07-21,2021-07-22,2021-08-18,self__OB-001,43.0,200.35157942771912
__joint_lightgbm__,final_joint,"self__FR-013,self__INT-002,self__OB-004,self__PV-009,self__OB-003,self__FR-012,self__PV-017,self__PV-019,self__HF-001,self__PV-010,self__FR-002,self__PV-016,self__FR-005,self__PV-004,self__PV-015,self__FR-004,self__PV-011,self__PV-021,self__INT-003,self__OB-005,self__PV-023,self__FR-001,self__HF-004,self__PV-002,self__OB-002,self__OB-001,self__FR-010",2021-04-23,2021-07-21,2021-07-22,2021-08-18,self__FR-010,10.0,40.244240283966064
__joint_lightgbm__,final_joint,"self__FR-013,self__INT-002,self__OB-004,self__PV-009,self__OB-003,self__FR-012,self__PV-017,self__PV-019,self__HF-001,self__PV-010,self__FR-002,self__PV-016,self__FR-005,self__PV-004,self__PV-015,self__FR-004,self__PV-011,self__PV-021,self__INT-003,self__OB-005,self__PV-023,self__FR-001,self__HF-004,self__PV-002,self__OB-002,self__OB-001,self__FR-010",2021-05-26,2021-08-18,2021-08-19,2021-09-15,factorlib__amount,26.0,159.13066840171814
__joint_lightgbm__,final_joint,"self__FR-013,self__INT-002,self__OB-004,self__PV-009,self__OB-003,self__FR-012,self__PV-017,self__PV-019,self__HF-001,self__PV-010,self__FR-002,self__PV-016,self__FR-005,self__PV-004,self__PV-015,self__FR-004,self__PV-011,self__PV-021,self__INT-003,self__OB-005,self__PV-023,self__FR-001,self__HF-004,self__PV-002,self__OB-002,self__OB-001,self__FR-010",2021-05-26,2021-08-18,2021-08-19,2021-09-15,factorlib__atr_14,24.0,130.6727204322815
__joint_lightgbm__,final_joint,"self__FR-013,self__INT-002,self__OB-004,self__PV-009,self__OB-003,self__FR-012,self__PV-017,self__PV-019,self__HF-001,self__PV-010,self__FR-002,self__PV-016,self__FR-005,self__PV-004,self__PV-015,self__FR-004,self__PV-011,self__PV-021,self__INT-003,self__OB-005,self__PV-023,self__FR-001,self__HF-004,self__PV-002,self__OB-002,self__OB-001,self__FR-010",2021-05-26,2021-08-18,2021-08-19,2021-09-15,factorlib__bias_20,81.0,527.0786893367767
__joint_lightgbm__,final_joint,"self__FR-013,self__INT-002,self__OB-004,self__PV-009,self__OB-003,self__FR-012,self__PV-017,self__PV-019,self__HF-001,self__PV-010,self__FR-002,self__PV-016,self__FR-005,self__PV-004,self__PV-015,self__FR-004,self__PV-011,self__PV-021,self__INT-003,self__OB-005,self__PV-023,self__FR-001,self__HF-004,self__PV-002,self__OB-002,self__OB-001,self__FR-010",2021-05-26,2021-08-18,2021-08-19,2021-09-15,factorlib__cci_14,26.0,142.9640007019043
__joint_lightgbm__,final_joint,"self__FR-013,self__INT-002,self__OB-004,self__PV-009,self__OB-003,self__FR-012,self__PV-017,self__PV-019,self__HF-001,self__PV-010,self__FR-002,self__PV-016,self__FR-005,self__PV-004,self__PV-015,self__FR-004,self__PV-011,self__PV-021,self__INT-003,self__OB-005,self__PV-023,self__FR-001,self__HF-004,self__PV-002,self__OB-002,self__OB-001,self__FR-010",2021-05-26,2021-08-18,2021-08-19,2021-09-15,factorlib__float_market_cap,25.0,156.33381938934326
__joint_lightgbm__,final_joint,"self__FR-013,self__INT-002,self__OB-004,self__PV-009,self__OB-003,self__FR-012,self__PV-017,self__PV-019,self__HF-001,self__PV-010,self__FR-002,self__PV-016,self__FR-005,self__PV-004,self__PV-015,self__FR-004,self__PV-011,self__PV-021,self__INT-003,self__OB-005,self__PV-023,self__FR-001,self__HF-004,self__PV-002,self__OB-002,self__OB-001,self__FR-010",2021-05-26,2021-08-18,2021-08-19,2021-09-15,factorlib__kdj_d_9_3_3,31.0,217.19772052764893
__joint_lightgbm__,final_joint,"self__FR-013,self__INT-002,self__OB-004,self__PV-009,self__OB-003,self__FR-012,self__PV-017,self__PV-019,self__HF-001,self__PV-010,self__FR-002,self__PV-016,self__FR-005,self__PV-004,self__PV-015,self__FR-004,self__PV-011,self__PV-021,self__INT-003,self__OB-005,self__PV-023,self__FR-001,self__HF-004,self__PV-002,self__OB-002,self__OB-001,self__FR-010",2021-05-26,2021-08-18,2021-08-19,2021-09-15,factorlib__macd_diff_12_26_9,51.0,347.3952293395996
__joint_lightgbm__,final_joint,"self__FR-013,self__INT-002,self__OB-004,self__PV-009,self__OB-003,self__FR-012,self__PV-017,self__PV-019,self__HF-001,self__PV-010,self__FR-002,self__PV-016,self__FR-005,self__PV-004,self__PV-015,self__FR-004,self__PV-011,self__PV-021,self__INT-003,self__OB-005,self__PV-023,self__FR-001,self__HF-004,self__PV-002,self__OB-002,self__OB-001,self__FR-010",2021-05-26,2021-08-18,2021-08-19,2021-09-15,factorlib__macd_hist_12_26_9,26.0,192.66981863975525
__joint_lightgbm__,final_joint,"self__FR-013,self__INT-002,self__OB-004,self__PV-009,self__OB-003,self__FR-012,self__PV-017,self__PV-019,self__HF-001,self__PV-010,self__FR-002,self__PV-016,self__FR-005,self__PV-004,self__PV-015,self__FR-004,self__PV-011,self__PV-021,self__INT-003,self__OB-005,self__PV-023,self__FR-001,self__HF-004,self__PV-002,self__OB-002,self__OB-001,self__FR-010",2021-05-26,2021-08-18,2021-08-19,2021-09-15,factorlib__momentum_5,26.0,137.12921929359436
__joint_lightgbm__,final_joint,"self__FR-013,self__INT-002,self__OB-004,self__PV-009,self__OB-003,self__FR-012,self__PV-017,self__PV-019,self__HF-001,self__PV-010,self__FR-002,self__PV-016,self__FR-005,self__PV-004,self__PV-015,self__FR-004,self__PV-011,self__PV-021,self__INT-003,self__OB-005,self__PV-023,self__FR-001,self__HF-004,self__PV-002,self__OB-002,self__OB-001,self__FR-010",2021-05-26,2021-08-18,2021-08-19,2021-09-15,factorlib__net_profit_rate_ttm,5.0,26.983579635620117
__joint_lightgbm__,final_joint,"self__FR-013,self__INT-002,self__OB-004,self__PV-009,self__OB-003,self__FR-012,self__PV-017,self__PV-019,self__HF-001,self__PV-010,self__FR-002,self__PV-016,self__FR-005,self__PV-004,self__PV-015,self__FR-004,self__PV-011,self__PV-021,self__INT-003,self__OB-005,self__PV-023,self__FR-001,self__HF-004,self__PV-002,self__OB-002,self__OB-001,self__FR-010",2021-05-26,2021-08-18,2021-08-19,2021-09-15,factorlib__netflow_amount_rate_main,110.0,1211.9642052650452
__joint_lightgbm__,final_joint,"self__FR-013,self__INT-002,self__OB-004,self__PV-009,self__OB-003,self__FR-012,self__PV-017,self__PV-019,self__HF-001,self__PV-010,self__FR-002,self__PV-016,self__FR-005,self__PV-004,self__PV-015,self__FR-004,self__PV-011,self__PV-021,self__INT-003,self__OB-005,self__PV-023,self__FR-001,self__HF-004,self__PV-002,self__OB-002,self__OB-001,self__FR-010",2021-05-26,2021-08-18,2021-08-19,2021-09-15,factorlib__total_market_cap,20.0,133.89243984222412
__joint_lightgbm__,final_joint,"self__FR-013,self__INT-002,self__OB-004,self__PV-009,self__OB-003,self__FR-012,self__PV-017,self__PV-019,self__HF-001,self__PV-010,self__FR-002,self__PV-016,self__FR-005,self__PV-004,self__PV-015,self__FR-004,self__PV-011,self__PV-021,self__INT-003,self__OB-005,self__PV-023,self__FR-001,self__HF-004,self__PV-002,self__OB-002,self__OB-001,self__FR-010",2021-05-26,2021-08-18,2021-08-19,2021-09-15,factorlib__turn,70.0,422.3340392112732
__joint_lightgbm__,final_joint,"self__FR-013,self__INT-002,self__OB-004,self__PV-009,self__OB-003,self__FR-012,self__PV-017,self__PV-019,self__HF-001,self__PV-010,self__FR-002,self__PV-016,self__FR-005,self__PV-004,self__PV-015,self__FR-004,self__PV-011,self__PV-021,self__INT-003,self__OB-005,self__PV-023,self__FR-001,self__HF-004,self__PV-002,self__OB-002,self__OB-001,self__FR-010",2021-05-26,2021-08-18,2021-08-19,2021-09-15,factorlib__volatility_5,49.0,356.4468195438385
__joint_lightgbm__,final_joint,"self__FR-013,self__INT-002,self__OB-004,self__PV-009,self__OB-003,self__FR-012,self__PV-017,self__PV-019,self__HF-001,self__PV-010,self__FR-002,self__PV-016,self__FR-005,self__PV-004,self__PV-015,self__FR-004,self__PV-011,self__PV-021,self__INT-003,self__OB-005,self__PV-023,self__FR-001,self__HF-004,self__PV-002,self__OB-002,self__OB-001,self__FR-010",2021-05-26,2021-08-18,2021-08-19,2021-09-15,factorlib__volume,10.0,52.84336996078491
__joint_lightgbm__,final_joint,"self__FR-013,self__INT-002,self__OB-004,self__PV-009,self__OB-003,self__FR-012,self__PV-017,self__PV-019,self__HF-001,self__PV-010,self__FR-002,self__PV-016,self__FR-005,self__PV-004,self__PV-015,self__FR-004,self__PV-011,self__PV-021,self__INT-003,self__OB-005,self__PV-023,self__FR-001,self__HF-004,self__PV-002,self__OB-002,self__OB-001,self__FR-010",2021-05-26,2021-08-18,2021-08-19,2021-09-15,self__FR-013,30.0,201.9144995212555
__joint_lightgbm__,final_joint,"self__FR-013,self__INT-002,self__OB-004,self__PV-009,self__OB-003,self__FR-012,self__PV-017,self__PV-019,self__HF-001,self__PV-010,self__FR-002,self__PV-016,self__FR-005,self__PV-004,self__PV-015,self__FR-004,self__PV-011,self__PV-021,self__INT-003,self__OB-005,self__PV-023,self__FR-001,self__HF-004,self__PV-002,self__OB-002,self__OB-001,self__FR-010",2021-05-26,2021-08-18,2021-08-19,2021-09-15,self__INT-002,0.0,0.0
__joint_lightgbm__,final_joint,"self__FR-013,self__INT-002,self__OB-004,self__PV-009,self__OB-003,self__FR-012,self__PV-017,self__PV-019,self__HF-001,self__PV-010,self__FR-002,self__PV-016,self__FR-005,self__PV-004,self__PV-015,self__FR-004,self__PV-011,self__PV-021,self__INT-003,self__OB-005,self__PV-023,self__FR-001,self__HF-004,self__PV-002,self__OB-002,self__OB-001,self__FR-010",2021-05-26,2021-08-18,2021-08-19,2021-09-15,self__OB-004,45.0,320.2425911426544
__joint_lightgbm__,final_joint,"self__FR-013,self__INT-002,self__OB-004,self__PV-009,self__OB-003,self__FR-012,self__PV-017,self__PV-019,self__HF-001,self__PV-010,self__FR-002,self__PV-016,self__FR-005,self__PV-004,self__PV-015,self__FR-004,self__PV-011,self__PV-021,self__INT-003,self__OB-005,self__PV-023,self__FR-001,self__HF-004,self__PV-002,self__OB-002,self__OB-001,self__FR-010",2021-05-26,2021-08-18,2021-08-19,2021-09-15,self__PV-009,71.0,456.0459005832672
__joint_lightgbm__,final_joint,"self__FR-013,self__INT-002,self__OB-004,self__PV-009,self__OB-003,self__FR-012,self__PV-017,self__PV-019,self__HF-001,self__PV-010,self__FR-002,self__PV-016,self__FR-005,self__PV-004,self__PV-015,self__FR-004,self__PV-011,self__PV-021,self__INT-003,self__OB-005,self__PV-023,self__FR-001,self__HF-004,self__PV-002,self__OB-002,self__OB-001,self__FR-010",2021-05-26,2021-08-18,2021-08-19,2021-09-15,self__OB-003,13.0,58.09762001037598
__joint_lightgbm__,final_joint,"self__FR-013,self__INT-002,self__OB-004,self__PV-009,self__OB-003,self__FR-012,self__PV-017,self__PV-019,self__HF-001,self__PV-010,self__FR-002,self__PV-016,self__FR-005,self__PV-004,self__PV-015,self__FR-004,self__PV-011,self__PV-021,self__INT-003,self__OB-005,self__PV-023,self__FR-001,self__HF-004,self__PV-002,self__OB-002,self__OB-001,self__FR-010",2021-05-26,2021-08-18,2021-08-19,2021-09-15,self__FR-012,14.0,51.966349840164185
__joint_lightgbm__,final_joint,"self__FR-013,self__INT-002,self__OB-004,self__PV-009,self__OB-003,self__FR-012,self__PV-017,self__PV-019,self__HF-001,self__PV-010,self__FR-002,self__PV-016,self__FR-005,self__PV-004,self__PV-015,self__FR-004,self__PV-011,self__PV-021,self__INT-003,self__OB-005,self__PV-023,self__FR-001,self__HF-004,self__PV-002,self__OB-002,self__OB-001,self__FR-010",2021-05-26,2021-08-18,2021-08-19,2021-09-15,self__PV-017,10.0,49.88416028022766
__joint_lightgbm__,final_joint,"self__FR-013,self__INT-002,self__OB-004,self__PV-009,self__OB-003,self__FR-012,self__PV-017,self__PV-019,self__HF-001,self__PV-010,self__FR-002,self__PV-016,self__FR-005,self__PV-004,self__PV-015,self__FR-004,self__PV-011,self__PV-021,self__INT-003,self__OB-005,self__PV-023,self__FR-001,self__HF-004,self__PV-002,self__OB-002,self__OB-001,self__FR-010",2021-05-26,2021-08-18,2021-08-19,2021-09-15,self__PV-019,4.0,24.10580015182495
__joint_lightgbm__,final_joint,"self__FR-013,self__INT-002,self__OB-004,self__PV-009,self__OB-003,self__FR-012,self__PV-017,self__PV-019,self__HF-001,self__PV-010,self__FR-002,self__PV-016,self__FR-005,self__PV-004,self__PV-015,self__FR-004,self__PV-011,self__PV-021,self__INT-003,self__OB-005,self__PV-023,self__FR-001,self__HF-004,self__PV-002,self__OB-002,self__OB-001,self__FR-010",2021-05-26,2021-08-18,2021-08-19,2021-09-15,self__HF-001,56.0,359.00857043266296
__joint_lightgbm__,final_joint,"self__FR-013,self__INT-002,self__OB-004,self__PV-009,self__OB-003,self__FR-012,self__PV-017,self__PV-019,self__HF-001,self__PV-010,self__FR-002,self__PV-016,self__FR-005,self__PV-004,self__PV-015,self__FR-004,self__PV-011,self__PV-021,self__INT-003,self__OB-005,self__PV-023,self__FR-001,self__HF-004,self__PV-002,self__OB-002,self__OB-001,self__FR-010",2021-05-26,2021-08-18,2021-08-19,2021-09-15,self__PV-010,3.0,15.786340236663818
__joint_lightgbm__,final_joint,"self__FR-013,self__INT-002,self__OB-004,self__PV-009,self__OB-003,self__FR-012,self__PV-017,self__PV-019,self__HF-001,self__PV-010,self__FR-002,self__PV-016,self__FR-005,self__PV-004,self__PV-015,self__FR-004,self__PV-011,self__PV-021,self__INT-003,self__OB-005,self__PV-023,self__FR-001,self__HF-004,self__PV-002,self__OB-002,self__OB-001,self__FR-010",2021-05-26,2021-08-18,2021-08-19,2021-09-15,self__FR-002,6.0,22.67989993095398
__joint_lightgbm__,final_joint,"self__FR-013,self__INT-002,self__OB-004,self__PV-009,self__OB-003,self__FR-012,self__PV-017,self__PV-019,self__HF-001,self__PV-010,self__FR-002,self__PV-016,self__FR-005,self__PV-004,self__PV-015,self__FR-004,self__PV-011,self__PV-021,self__INT-003,self__OB-005,self__PV-023,self__FR-001,self__HF-004,self__PV-002,self__OB-002,self__OB-001,self__FR-010",2021-05-26,2021-08-18,2021-08-19,2021-09-15,self__PV-016,21.0,97.09667992591858
__joint_lightgbm__,final_joint,"self__FR-013,self__INT-002,self__OB-004,self__PV-009,self__OB-003,self__FR-012,self__PV-017,self__PV-019,self__HF-001,self__PV-010,self__FR-002,self__PV-016,self__FR-005,self__PV-004,self__PV-015,self__FR-004,self__PV-011,self__PV-021,self__INT-003,self__OB-005,self__PV-023,self__FR-001,self__HF-004,self__PV-002,self__OB-002,self__OB-001,self__FR-010",2021-05-26,2021-08-18,2021-08-19,2021-09-15,self__FR-005,4.0,22.63938045501709
__joint_lightgbm__,final_joint,"self__FR-013,self__INT-002,self__OB-004,self__PV-009,self__OB-003,self__FR-012,self__PV-017,self__PV-019,self__HF-001,self__PV-010,self__FR-002,self__PV-016,self__FR-005,self__PV-004,self__PV-015,self__FR-004,self__PV-011,self__PV-021,self__INT-003,self__OB-005,self__PV-023,self__FR-001,self__HF-004,self__PV-002,self__OB-002,self__OB-001,self__FR-010",2021-05-26,2021-08-18,2021-08-19,2021-09-15,self__PV-004,18.0,102.15128970146179
__joint_lightgbm__,final_joint,"self__FR-013,self__INT-002,self__OB-004,self__PV-009,self__OB-003,self__FR-012,self__PV-017,self__PV-019,self__HF-001,self__PV-010,self__FR-002,self__PV-016,self__FR-005,self__PV-004,self__PV-015,self__FR-004,self__PV-011,self__PV-021,self__INT-003,self__OB-005,self__PV-023,self__FR-001,self__HF-004,self__PV-002,self__OB-002,self__OB-001,self__FR-010",2021-05-26,2021-08-18,2021-08-19,2021-09-15,self__PV-015,0.0,0.0
__joint_lightgbm__,final_joint,"self__FR-013,self__INT-002,self__OB-004,self__PV-009,self__OB-003,self__FR-012,self__PV-017,self__PV-019,self__HF-001,self__PV-010,self__FR-002,self__PV-016,self__FR-005,self__PV-004,self__PV-015,self__FR-004,self__PV-011,self__PV-021,self__INT-003,self__OB-005,self__PV-023,self__FR-001,self__HF-004,self__PV-002,self__OB-002,self__OB-001,self__FR-010",2021-05-26,2021-08-18,2021-08-19,2021-09-15,self__FR-004,12.0,77.48199963569641
__joint_lightgbm__,final_joint,"self__FR-013,self__INT-002,self__OB-004,self__PV-009,self__OB-003,self__FR-012,self__PV-017,self__PV-019,self__HF-001,self__PV-010,self__FR-002,self__PV-016,self__FR-005,self__PV-004,self__PV-015,self__FR-004,self__PV-011,self__PV-021,self__INT-003,self__OB-005,self__PV-023,self__FR-001,self__HF-004,self__PV-002,self__OB-002,self__OB-001,self__FR-010",2021-05-26,2021-08-18,2021-08-19,2021-09-15,self__PV-011,79.0,615.8381106853485
__joint_lightgbm__,final_joint,"self__FR-013,self__INT-002,self__OB-004,self__PV-009,self__OB-003,self__FR-012,self__PV-017,self__PV-019,self__HF-001,self__PV-010,self__FR-002,self__PV-016,self__FR-005,self__PV-004,self__PV-015,self__FR-004,self__PV-011,self__PV-021,self__INT-003,self__OB-005,self__PV-023,self__FR-001,self__HF-004,self__PV-002,self__OB-002,self__OB-001,self__FR-010",2021-05-26,2021-08-18,2021-08-19,2021-09-15,self__PV-021,30.0,174.79040956497192
__joint_lightgbm__,final_joint,"self__FR-013,self__INT-002,self__OB-004,self__PV-009,self__OB-003,self__FR-012,self__PV-017,self__PV-019,self__HF-001,self__PV-010,self__FR-002,self__PV-016,self__FR-005,self__PV-004,self__PV-015,self__FR-004,self__PV-011,self__PV-021,self__INT-003,self__OB-005,self__PV-023,self__FR-001,self__HF-004,self__PV-002,self__OB-002,self__OB-001,self__FR-010",2021-05-26,2021-08-18,2021-08-19,2021-09-15,self__INT-003,25.0,137.55898928642273
__joint_lightgbm__,final_joint,"self__FR-013,self__INT-002,self__OB-004,self__PV-009,self__OB-003,self__FR-012,self__PV-017,self__PV-019,self__HF-001,self__PV-010,self__FR-002,self__PV-016,self__FR-005,self__PV-004,self__PV-015,self__FR-004,self__PV-011,self__PV-021,self__INT-003,self__OB-005,self__PV-023,self__FR-001,self__HF-004,self__PV-002,self__OB-002,self__OB-001,self__FR-010",2021-05-26,2021-08-18,2021-08-19,2021-09-15,self__OB-005,41.0,236.61902046203613
__joint_lightgbm__,final_joint,"self__FR-013,self__INT-002,self__OB-004,self__PV-009,self__OB-003,self__FR-012,self__PV-017,self__PV-019,self__HF-001,self__PV-010,self__FR-002,self__PV-016,self__FR-005,self__PV-004,self__PV-015,self__FR-004,self__PV-011,self__PV-021,self__INT-003,self__OB-005,self__PV-023,self__FR-001,self__HF-004,self__PV-002,self__OB-002,self__OB-001,self__FR-010",2021-05-26,2021-08-18,2021-08-19,2021-09-15,self__PV-023,4.0,13.797629833221436
__joint_lightgbm__,final_joint,"self__FR-013,self__INT-002,self__OB-004,self__PV-009,self__OB-003,self__FR-012,self__PV-017,self__PV-019,self__HF-001,self__PV-010,self__FR-002,self__PV-016,self__FR-005,self__PV-004,self__PV-015,self__FR-004,self__PV-011,self__PV-021,self__INT-003,self__OB-005,self__PV-023,self__FR-001,self__HF-004,self__PV-002,self__OB-002,self__OB-001,self__FR-010",2021-05-26,2021-08-18,2021-08-19,2021-09-15,self__FR-001,15.0,80.53575015068054
__joint_lightgbm__,final_joint,"self__FR-013,self__INT-002,self__OB-004,self__PV-009,self__OB-003,self__FR-012,self__PV-017,self__PV-019,self__HF-001,self__PV-010,self__FR-002,self__PV-016,self__FR-005,self__PV-004,self__PV-015,self__FR-004,self__PV-011,self__PV-021,self__INT-003,self__OB-005,self__PV-023,self__FR-001,self__HF-004,self__PV-002,self__OB-002,self__OB-001,self__FR-010",2021-05-26,2021-08-18,2021-08-19,2021-09-15,self__HF-004,33.0,248.65784907341003
__joint_lightgbm__,final_joint,"self__FR-013,self__INT-002,self__OB-004,self__PV-009,self__OB-003,self__FR-012,self__PV-017,self__PV-019,self__HF-001,self__PV-010,self__FR-002,self__PV-016,self__FR-005,self__PV-004,self__PV-015,self__FR-004,self__PV-011,self__PV-021,self__INT-003,self__OB-005,self__PV-023,self__FR-001,self__HF-004,self__PV-002,self__OB-002,self__OB-001,self__FR-010",2021-05-26,2021-08-18,2021-08-19,2021-09-15,self__PV-002,59.0,337.9389204978943
__joint_lightgbm__,final_joint,"self__FR-013,self__INT-002,self__OB-004,self__PV-009,self__OB-003,self__FR-012,self__PV-017,self__PV-019,self__HF-001,self__PV-010,self__FR-002,self__PV-016,self__FR-005,self__PV-004,self__PV-015,self__FR-004,self__PV-011,self__PV-021,self__INT-003,self__OB-005,self__PV-023,self__FR-001,self__HF-004,self__PV-002,self__OB-002,self__OB-001,self__FR-010",2021-05-26,2021-08-18,2021-08-19,2021-09-15,self__OB-002,12.0,53.856550216674805
__joint_lightgbm__,final_joint,"self__FR-013,self__INT-002,self__OB-004,self__PV-009,self__OB-003,self__FR-012,self__PV-017,self__PV-019,self__HF-001,self__PV-010,self__FR-002,self__PV-016,self__FR-005,self__PV-004,self__PV-015,self__FR-004,self__PV-011,self__PV-021,self__INT-003,self__OB-005,self__PV-023,self__FR-001,self__HF-004,self__PV-002,self__OB-002,self__OB-001,self__FR-010",2021-05-26,2021-08-18,2021-08-19,2021-09-15,self__OB-001,12.0,55.94389033317566
__joint_lightgbm__,final_joint,"self__FR-013,self__INT-002,self__OB-004,self__PV-009,self__OB-003,self__FR-012,self__PV-017,self__PV-019,self__HF-001,self__PV-010,self__FR-002,self__PV-016,self__FR-005,self__PV-004,self__PV-015,self__FR-004,self__PV-011,self__PV-021,self__INT-003,self__OB-005,self__PV-023,self__FR-001,self__HF-004,self__PV-002,self__OB-002,self__OB-001,self__FR-010",2021-05-26,2021-08-18,2021-08-19,2021-09-15,self__FR-010,3.0,12.169189929962158
__joint_lightgbm__,final_joint,"self__FR-013,self__INT-002,self__OB-004,self__PV-009,self__OB-003,self__FR-012,self__PV-017,self__PV-019,self__HF-001,self__PV-010,self__FR-002,self__PV-016,self__FR-005,self__PV-004,self__PV-015,self__FR-004,self__PV-011,self__PV-021,self__INT-003,self__OB-005,self__PV-023,self__FR-001,self__HF-004,self__PV-002,self__OB-002,self__OB-001,self__FR-010",2021-06-24,2021-09-15,2021-09-16,2021-10-22,factorlib__amount,15.0,106.95813989639282
__joint_lightgbm__,final_joint,"self__FR-013,self__INT-002,self__OB-004,self__PV-009,self__OB-003,self__FR-012,self__PV-017,self__PV-019,self__HF-001,self__PV-010,self__FR-002,self__PV-016,self__FR-005,self__PV-004,self__PV-015,self__FR-004,self__PV-011,self__PV-021,self__INT-003,self__OB-005,self__PV-023,self__FR-001,self__HF-004,self__PV-002,self__OB-002,self__OB-001,self__FR-010",2021-06-24,2021-09-15,2021-09-16,2021-10-22,factorlib__atr_14,31.0,211.4551796913147
__joint_lightgbm__,final_joint,"self__FR-013,self__INT-002,self__OB-004,self__PV-009,self__OB-003,self__FR-012,self__PV-017,self__PV-019,self__HF-001,self__PV-010,self__FR-002,self__PV-016,self__FR-005,self__PV-004,self__PV-015,self__FR-004,self__PV-011,self__PV-021,self__INT-003,self__OB-005,self__PV-023,self__FR-001,self__HF-004,self__PV-002,self__OB-002,self__OB-001,self__FR-010",2021-06-24,2021-09-15,2021-09-16,2021-10-22,factorlib__bias_20,52.0,352.3747298717499
__joint_lightgbm__,final_joint,"self__FR-013,self__INT-002,self__OB-004,self__PV-009,self__OB-003,self__FR-012,self__PV-017,self__PV-019,self__HF-001,self__PV-010,self__FR-002,self__PV-016,self__FR-005,self__PV-004,self__PV-015,self__FR-004,self__PV-011,self__PV-021,self__INT-003,self__OB-005,self__PV-023,self__FR-001,self__HF-004,self__PV-002,self__OB-002,self__OB-001,self__FR-010",2021-06-24,2021-09-15,2021-09-16,2021-10-22,factorlib__cci_14,56.0,449.7677791118622
__joint_lightgbm__,final_joint,"self__FR-013,self__INT-002,self__OB-004,self__PV-009,self__OB-003,self__FR-012,self__PV-017,self__PV-019,self__HF-001,self__PV-010,self__FR-002,self__PV-016,self__FR-005,self__PV-004,self__PV-015,self__FR-004,self__PV-011,self__PV-021,self__INT-003,self__OB-005,self__PV-023,self__FR-001,self__HF-004,self__PV-002,self__OB-002,self__OB-001,self__FR-010",2021-06-24,2021-09-15,2021-09-16,2021-10-22,factorlib__float_market_cap,20.0,192.88461828231812
__joint_lightgbm__,final_joint,"self__FR-013,self__INT-002,self__OB-004,self__PV-009,self__OB-003,self__FR-012,self__PV-017,self__PV-019,self__HF-001,self__PV-010,self__FR-002,self__PV-016,self__FR-005,self__PV-004,self__PV-015,self__FR-004,self__PV-011,self__PV-021,self__INT-003,self__OB-005,self__PV-023,self__FR-001,self__HF-004,self__PV-002,self__OB-002,self__OB-001,self__FR-010",2021-06-24,2021-09-15,2021-09-16,2021-10-22,factorlib__kdj_d_9_3_3,27.0,225.90874004364014
__joint_lightgbm__,final_joint,"self__FR-013,self__INT-002,self__OB-004,self__PV-009,self__OB-003,self__FR-012,self__PV-017,self__PV-019,self__HF-001,self__PV-010,self__FR-002,self__PV-016,self__FR-005,self__PV-004,self__PV-015,self__FR-004,self__PV-011,self__PV-021,self__INT-003,self__OB-005,self__PV-023,self__FR-001,self__HF-004,self__PV-002,self__OB-002,self__OB-001,self__FR-010",2021-06-24,2021-09-15,2021-09-16,2021-10-22,factorlib__macd_diff_12_26_9,50.0,593.6228494644165
__joint_lightgbm__,final_joint,"self__FR-013,self__INT-002,self__OB-004,self__PV-009,self__OB-003,self__FR-012,self__PV-017,self__PV-019,self__HF-001,self__PV-010,self__FR-002,self__PV-016,self__FR-005,self__PV-004,self__PV-015,self__FR-004,self__PV-011,self__PV-021,self__INT-003,self__OB-005,self__PV-023,self__FR-001,self__HF-004,self__PV-002,self__OB-002,self__OB-001,self__FR-010",2021-06-24,2021-09-15,2021-09-16,2021-10-22,factorlib__macd_hist_12_26_9,26.0,184.42987155914307
__joint_lightgbm__,final_joint,"self__FR-013,self__INT-002,self__OB-004,self__PV-009,self__OB-003,self__FR-012,self__PV-017,self__PV-019,self__HF-001,self__PV-010,self__FR-002,self__PV-016,self__FR-005,self__PV-004,self__PV-015,self__FR-004,self__PV-011,self__PV-021,self__INT-003,self__OB-005,self__PV-023,self__FR-001,self__HF-004,self__PV-002,self__OB-002,self__OB-001,self__FR-010",2021-06-24,2021-09-15,2021-09-16,2021-10-22,factorlib__momentum_5,48.0,381.4130325317383
__joint_lightgbm__,final_joint,"self__FR-013,self__INT-002,self__OB-004,self__PV-009,self__OB-003,self__FR-012,self__PV-017,self__PV-019,self__HF-001,self__PV-010,self__FR-002,self__PV-016,self__FR-005,self__PV-004,self__PV-015,self__FR-004,self__PV-011,self__PV-021,self__INT-003,self__OB-005,self__PV-023,self__FR-001,self__HF-004,self__PV-002,self__OB-002,self__OB-001,self__FR-010",2021-06-24,2021-09-15,2021-09-16,2021-10-22,factorlib__net_profit_rate_ttm,4.0,22.397590160369873
__joint_lightgbm__,final_joint,"self__FR-013,self__INT-002,self__OB-004,self__PV-009,self__OB-003,self__FR-012,self__PV-017,self__PV-019,self__HF-001,self__PV-010,self__FR-002,self__PV-016,self__FR-005,self__PV-004,self__PV-015,self__FR-004,self__PV-011,self__PV-021,self__INT-003,self__OB-005,self__PV-023,self__FR-001,self__HF-004,self__PV-002,self__OB-002,self__OB-001,self__FR-010",2021-06-24,2021-09-15,2021-09-16,2021-10-22,factorlib__netflow_amount_rate_main,101.0,1214.9544303417206
__joint_lightgbm__,final_joint,"self__FR-013,self__INT-002,self__OB-004,self__PV-009,self__OB-003,self__FR-012,self__PV-017,self__PV-019,self__HF-001,self__PV-010,self__FR-002,self__PV-016,self__FR-005,self__PV-004,self__PV-015,self__FR-004,self__PV-011,self__PV-021,self__INT-003,self__OB-005,self__PV-023,self__FR-001,self__HF-004,self__PV-002,self__OB-002,self__OB-001,self__FR-010",2021-06-24,2021-09-15,2021-09-16,2021-10-22,factorlib__total_market_cap,20.0,161.44229173660278
__joint_lightgbm__,final_joint,"self__FR-013,self__INT-002,self__OB-004,self__PV-009,self__OB-003,self__FR-012,self__PV-017,self__PV-019,self__HF-001,self__PV-010,self__FR-002,self__PV-016,self__FR-005,self__PV-004,self__PV-015,self__FR-004,self__PV-011,self__PV-021,self__INT-003,self__OB-005,self__PV-023,self__FR-001,self__HF-004,self__PV-002,self__OB-002,self__OB-001,self__FR-010",2021-06-24,2021-09-15,2021-09-16,2021-10-22,factorlib__turn,61.0,397.6747319698334
__joint_lightgbm__,final_joint,"self__FR-013,self__INT-002,self__OB-004,self__PV-009,self__OB-003,self__FR-012,self__PV-017,self__PV-019,self__HF-001,self__PV-010,self__FR-002,self__PV-016,self__FR-005,self__PV-004,self__PV-015,self__FR-004,self__PV-011,self__PV-021,self__INT-003,self__OB-005,self__PV-023,self__FR-001,self__HF-004,self__PV-002,self__OB-002,self__OB-001,self__FR-010",2021-06-24,2021-09-15,2021-09-16,2021-10-22,factorlib__volatility_5,43.0,288.87479186058044
__joint_lightgbm__,final_joint,"self__FR-013,self__INT-002,self__OB-004,self__PV-009,self__OB-003,self__FR-012,self__PV-017,self__PV-019,self__HF-001,self__PV-010,self__FR-002,self__PV-016,self__FR-005,self__PV-004,self__PV-015,self__FR-004,self__PV-011,self__PV-021,self__INT-003,self__OB-005,self__PV-023,self__FR-001,self__HF-004,self__PV-002,self__OB-002,self__OB-001,self__FR-010",2021-06-24,2021-09-15,2021-09-16,2021-10-22,factorlib__volume,54.0,369.3997814655304
__joint_lightgbm__,final_joint,"self__FR-013,self__INT-002,self__OB-004,self__PV-009,self__OB-003,self__FR-012,self__PV-017,self__PV-019,self__HF-001,self__PV-010,self__FR-002,self__PV-016,self__FR-005,self__PV-004,self__PV-015,self__FR-004,self__PV-011,self__PV-021,self__INT-003,self__OB-005,self__PV-023,self__FR-001,self__HF-004,self__PV-002,self__OB-002,self__OB-001,self__FR-010",2021-06-24,2021-09-15,2021-09-16,2021-10-22,self__FR-013,14.0,73.8434796333313
__joint_lightgbm__,final_joint,"self__FR-013,self__INT-002,self__OB-004,self__PV-009,self__OB-003,self__FR-012,self__PV-017,self__PV-019,self__HF-001,self__PV-010,self__FR-002,self__PV-016,self__FR-005,self__PV-004,self__PV-015,self__FR-004,self__PV-011,self__PV-021,self__INT-003,self__OB-005,self__PV-023,self__FR-001,self__HF-004,self__PV-002,self__OB-002,self__OB-001,self__FR-010",2021-06-24,2021-09-15,2021-09-16,2021-10-22,self__INT-002,29.0,175.5551791191101
__joint_lightgbm__,final_joint,"self__FR-013,self__INT-002,self__OB-004,self__PV-009,self__OB-003,self__FR-012,self__PV-017,self__PV-019,self__HF-001,self__PV-010,self__FR-002,self__PV-016,self__FR-005,self__PV-004,self__PV-015,self__FR-004,self__PV-011,self__PV-021,self__INT-003,self__OB-005,self__PV-023,self__FR-001,self__HF-004,self__PV-002,self__OB-002,self__OB-001,self__FR-010",2021-06-24,2021-09-15,2021-09-16,2021-10-22,self__OB-004,37.0,266.76994943618774
__joint_lightgbm__,final_joint,"self__FR-013,self__INT-002,self__OB-004,self__PV-009,self__OB-003,self__FR-012,self__PV-017,self__PV-019,self__HF-001,self__PV-010,self__FR-002,self__PV-016,self__FR-005,self__PV-004,self__PV-015,self__FR-004,self__PV-011,self__PV-021,self__INT-003,self__OB-005,self__PV-023,self__FR-001,self__HF-004,self__PV-002,self__OB-002,self__OB-001,self__FR-010",2021-06-24,2021-09-15,2021-09-16,2021-10-22,self__PV-009,41.0,256.7860498428345
__joint_lightgbm__,final_joint,"self__FR-013,self__INT-002,self__OB-004,self__PV-009,self__OB-003,self__FR-012,self__PV-017,self__PV-019,self__HF-001,self__PV-010,self__FR-002,self__PV-016,self__FR-005,self__PV-004,self__PV-015,self__FR-004,self__PV-011,self__PV-021,self__INT-003,self__OB-005,self__PV-023,self__FR-001,self__HF-004,self__PV-002,self__OB-002,self__OB-001,self__FR-010",2021-06-24,2021-09-15,2021-09-16,2021-10-22,self__OB-003,13.0,53.8853600025177
__joint_lightgbm__,final_joint,"self__FR-013,self__INT-002,self__OB-004,self__PV-009,self__OB-003,self__FR-012,self__PV-017,self__PV-019,self__HF-001,self__PV-010,self__FR-002,self__PV-016,self__FR-005,self__PV-004,self__PV-015,self__FR-004,self__PV-011,self__PV-021,self__INT-003,self__OB-005,self__PV-023,self__FR-001,self__HF-004,self__PV-002,self__OB-002,self__OB-001,self__FR-010",2021-06-24,2021-09-15,2021-09-16,2021-10-22,self__FR-012,6.0,25.868430137634277
__joint_lightgbm__,final_joint,"self__FR-013,self__INT-002,self__OB-004,self__PV-009,self__OB-003,self__FR-012,self__PV-017,self__PV-019,self__HF-001,self__PV-010,self__FR-002,self__PV-016,self__FR-005,self__PV-004,self__PV-015,self__FR-004,self__PV-011,self__PV-021,self__INT-003,self__OB-005,self__PV-023,self__FR-001,self__HF-004,self__PV-002,self__OB-002,self__OB-001,self__FR-010",2021-06-24,2021-09-15,2021-09-16,2021-10-22,self__PV-017,17.0,204.346360206604
__joint_lightgbm__,final_joint,"self__FR-013,self__INT-002,self__OB-004,self__PV-009,self__OB-003,self__FR-012,self__PV-017,self__PV-019,self__HF-001,self__PV-010,self__FR-002,self__PV-016,self__FR-005,self__PV-004,self__PV-015,self__FR-004,self__PV-011,self__PV-021,self__INT-003,self__OB-005,self__PV-023,self__FR-001,self__HF-004,self__PV-002,self__OB-002,self__OB-001,self__FR-010",2021-06-24,2021-09-15,2021-09-16,2021-10-22,self__PV-019,17.0,130.75386905670166
__joint_lightgbm__,final_joint,"self__FR-013,self__INT-002,self__OB-004,self__PV-009,self__OB-003,self__FR-012,self__PV-017,self__PV-019,self__HF-001,self__PV-010,self__FR-002,self__PV-016,self__FR-005,self__PV-004,self__PV-015,self__FR-004,self__PV-011,self__PV-021,self__INT-003,self__OB-005,self__PV-023,self__FR-001,self__HF-004,self__PV-002,self__OB-002,self__OB-001,self__FR-010",2021-06-24,2021-09-15,2021-09-16,2021-10-22,self__HF-001,25.0,125.54212975502014
__joint_lightgbm__,final_joint,"self__FR-013,self__INT-002,self__OB-004,self__PV-009,self__OB-003,self__FR-012,self__PV-017,self__PV-019,self__HF-001,self__PV-010,self__FR-002,self__PV-016,self__FR-005,self__PV-004,self__PV-015,self__FR-004,self__PV-011,self__PV-021,self__INT-003,self__OB-005,self__PV-023,self__FR-001,self__HF-004,self__PV-002,self__OB-002,self__OB-001,self__FR-010",2021-06-24,2021-09-15,2021-09-16,2021-10-22,self__PV-010,2.0,12.599560260772705
__joint_lightgbm__,final_joint,"self__FR-013,self__INT-002,self__OB-004,self__PV-009,self__OB-003,self__FR-012,self__PV-017,self__PV-019,self__HF-001,self__PV-010,self__FR-002,self__PV-016,self__FR-005,self__PV-004,self__PV-015,self__FR-004,self__PV-011,self__PV-021,self__INT-003,self__OB-005,self__PV-023,self__FR-001,self__HF-004,self__PV-002,self__OB-002,self__OB-001,self__FR-010",2021-06-24,2021-09-15,2021-09-16,2021-10-22,self__FR-002,11.0,46.10057997703552
__joint_lightgbm__,final_joint,"self__FR-013,self__INT-002,self__OB-004,self__PV-009,self__OB-003,self__FR-012,self__PV-017,self__PV-019,self__HF-001,self__PV-010,self__FR-002,self__PV-016,self__FR-005,self__PV-004,self__PV-015,self__FR-004,self__PV-011,self__PV-021,self__INT-003,self__OB-005,self__PV-023,self__FR-001,self__HF-004,self__PV-002,self__OB-002,self__OB-001,self__FR-010",2021-06-24,2021-09-15,2021-09-16,2021-10-22,self__PV-016,1.0,7.0670599937438965
__joint_lightgbm__,final_joint,"self__FR-013,self__INT-002,self__OB-004,self__PV-009,self__OB-003,self__FR-012,self__PV-017,self__PV-019,self__HF-001,self__PV-010,self__FR-002,self__PV-016,self__FR-005,self__PV-004,self__PV-015,self__FR-004,self__PV-011,self__PV-021,self__INT-003,self__OB-005,self__PV-023,self__FR-001,self__HF-004,self__PV-002,self__OB-002,self__OB-001,self__FR-010",2021-06-24,2021-09-15,2021-09-16,2021-10-22,self__FR-005,25.0,146.88006973266602
__joint_lightgbm__,final_joint,"self__FR-013,self__INT-002,self__OB-004,self__PV-009,self__OB-003,self__FR-012,self__PV-017,self__PV-019,self__HF-001,self__PV-010,self__FR-002,self__PV-016,self__FR-005,self__PV-004,self__PV-015,self__FR-004,self__PV-011,self__PV-021,self__INT-003,self__OB-005,self__PV-023,self__FR-001,self__HF-004,self__PV-002,self__OB-002,self__OB-001,self__FR-010",2021-06-24,2021-09-15,2021-09-16,2021-10-22,self__PV-004,23.0,132.3729202747345
__joint_lightgbm__,final_joint,"self__FR-013,self__INT-002,self__OB-004,self__PV-009,self__OB-003,self__FR-012,self__PV-017,self__PV-019,self__HF-001,self__PV-010,self__FR-002,self__PV-016,self__FR-005,self__PV-004,self__PV-015,self__FR-004,self__PV-011,self__PV-021,self__INT-003,self__OB-005,self__PV-023,self__FR-001,self__HF-004,self__PV-002,self__OB-002,self__OB-001,self__FR-010",2021-06-24,2021-09-15,2021-09-16,2021-10-22,self__PV-015,5.0,24.99487042427063
__joint_lightgbm__,final_joint,"self__FR-013,self__INT-002,self__OB-004,self__PV-009,self__OB-003,self__FR-012,self__PV-017,self__PV-019,self__HF-001,self__PV-010,self__FR-002,self__PV-016,self__FR-005,self__PV-004,self__PV-015,self__FR-004,self__PV-011,self__PV-021,self__INT-003,self__OB-005,self__PV-023,self__FR-001,self__HF-004,self__PV-002,self__OB-002,self__OB-001,self__FR-010",2021-06-24,2021-09-15,2021-09-16,2021-10-22,self__FR-004,0.0,0.0
__joint_lightgbm__,final_joint,"self__FR-013,self__INT-002,self__OB-004,self__PV-009,self__OB-003,self__FR-012,self__PV-017,self__PV-019,self__HF-001,self__PV-010,self__FR-002,self__PV-016,self__FR-005,self__PV-004,self__PV-015,self__FR-004,self__PV-011,self__PV-021,self__INT-003,self__OB-005,self__PV-023,self__FR-001,self__HF-004,self__PV-002,self__OB-002,self__OB-001,self__FR-010",2021-06-24,2021-09-15,2021-09-16,2021-10-22,self__PV-011,60.0,531.3916385173798
__joint_lightgbm__,final_joint,"self__FR-013,self__INT-002,self__OB-004,self__PV-009,self__OB-003,self__FR-012,self__PV-017,self__PV-019,self__HF-001,self__PV-010,self__FR-002,self__PV-016,self__FR-005,self__PV-004,self__PV-015,self__FR-004,self__PV-011,self__PV-021,self__INT-003,self__OB-005,self__PV-023,self__FR-001,self__HF-004,self__PV-002,self__OB-002,self__OB-001,self__FR-010",2021-06-24,2021-09-15,2021-09-16,2021-10-22,self__PV-021,21.0,144.37068128585815
__joint_lightgbm__,final_joint,"self__FR-013,self__INT-002,self__OB-004,self__PV-009,self__OB-003,self__FR-012,self__PV-017,self__PV-019,self__HF-001,self__PV-010,self__FR-002,self__PV-016,self__FR-005,self__PV-004,self__PV-015,self__FR-004,self__PV-011,self__PV-021,self__INT-003,self__OB-005,self__PV-023,self__FR-001,self__HF-004,self__PV-002,self__OB-002,self__OB-001,self__FR-010",2021-06-24,2021-09-15,2021-09-16,2021-10-22,self__INT-003,43.0,313.5711600780487
__joint_lightgbm__,final_joint,"self__FR-013,self__INT-002,self__OB-004,self__PV-009,self__OB-003,self__FR-012,self__PV-017,self__PV-019,self__HF-001,self__PV-010,self__FR-002,self__PV-016,self__FR-005,self__PV-004,self__PV-015,self__FR-004,self__PV-011,self__PV-021,self__INT-003,self__OB-005,self__PV-023,self__FR-001,self__HF-004,self__PV-002,self__OB-002,self__OB-001,self__FR-010",2021-06-24,2021-09-15,2021-09-16,2021-10-22,self__OB-005,37.0,231.06707048416138
__joint_lightgbm__,final_joint,"self__FR-013,self__INT-002,self__OB-004,self__PV-009,self__OB-003,self__FR-012,self__PV-017,self__PV-019,self__HF-001,self__PV-010,self__FR-002,self__PV-016,self__FR-005,self__PV-004,self__PV-015,self__FR-004,self__PV-011,self__PV-021,self__INT-003,self__OB-005,self__PV-023,self__FR-001,self__HF-004,self__PV-002,self__OB-002,self__OB-001,self__FR-010",2021-06-24,2021-09-15,2021-09-16,2021-10-22,self__PV-023,5.0,17.60220980644226
__joint_lightgbm__,final_joint,"self__FR-013,self__INT-002,self__OB-004,self__PV-009,self__OB-003,self__FR-012,self__PV-017,self__PV-019,self__HF-001,self__PV-010,self__FR-002,self__PV-016,self__FR-005,self__PV-004,self__PV-015,self__FR-004,self__PV-011,self__PV-021,self__INT-003,self__OB-005,self__PV-023,self__FR-001,self__HF-004,self__PV-002,self__OB-002,self__OB-001,self__FR-010",2021-06-24,2021-09-15,2021-09-16,2021-10-22,self__FR-001,13.0,76.64460968971252
__joint_lightgbm__,final_joint,"self__FR-013,self__INT-002,self__OB-004,self__PV-009,self__OB-003,self__FR-012,self__PV-017,self__PV-019,self__HF-001,self__PV-010,self__FR-002,self__PV-016,self__FR-005,self__PV-004,self__PV-015,self__FR-004,self__PV-011,self__PV-021,self__INT-003,self__OB-005,self__PV-023,self__FR-001,self__HF-004,self__PV-002,self__OB-002,self__OB-001,self__FR-010",2021-06-24,2021-09-15,2021-09-16,2021-10-22,self__HF-004,48.0,391.2252688407898
__joint_lightgbm__,final_joint,"self__FR-013,self__INT-002,self__OB-004,self__PV-009,self__OB-003,self__FR-012,self__PV-017,self__PV-019,self__HF-001,self__PV-010,self__FR-002,self__PV-016,self__FR-005,self__PV-004,self__PV-015,self__FR-004,self__PV-011,self__PV-021,self__INT-003,self__OB-005,self__PV-023,self__FR-001,self__HF-004,self__PV-002,self__OB-002,self__OB-001,self__FR-010",2021-06-24,2021-09-15,2021-09-16,2021-10-22,self__PV-002,49.0,340.1324186325073
__joint_lightgbm__,final_joint,"self__FR-013,self__INT-002,self__OB-004,self__PV-009,self__OB-003,self__FR-012,self__PV-017,self__PV-019,self__HF-001,self__PV-010,self__FR-002,self__PV-016,self__FR-005,self__PV-004,self__PV-015,self__FR-004,self__PV-011,self__PV-021,self__INT-003,self__OB-005,self__PV-023,self__FR-001,self__HF-004,self__PV-002,self__OB-002,self__OB-001,self__FR-010",2021-06-24,2021-09-15,2021-09-16,2021-10-22,self__OB-002,16.0,61.39916920661926
__joint_lightgbm__,final_joint,"self__FR-013,self__INT-002,self__OB-004,self__PV-009,self__OB-003,self__FR-012,self__PV-017,self__PV-019,self__HF-001,self__PV-010,self__FR-002,self__PV-016,self__FR-005,self__PV-004,self__PV-015,self__FR-004,self__PV-011,self__PV-021,self__INT-003,self__OB-005,self__PV-023,self__FR-001,self__HF-004,self__PV-002,self__OB-002,self__OB-001,self__FR-010",2021-06-24,2021-09-15,2021-09-16,2021-10-22,self__OB-001,33.0,301.3909504413605
__joint_lightgbm__,final_joint,"self__FR-013,self__INT-002,self__OB-004,self__PV-009,self__OB-003,self__FR-012,self__PV-017,self__PV-019,self__HF-001,self__PV-010,self__FR-002,self__PV-016,self__FR-005,self__PV-004,self__PV-015,self__FR-004,self__PV-011,self__PV-021,self__INT-003,self__OB-005,self__PV-023,self__FR-001,self__HF-004,self__PV-002,self__OB-002,self__OB-001,self__FR-010",2021-06-24,2021-09-15,2021-09-16,2021-10-22,self__FR-010,1.0,5.1078200340271
__joint_lightgbm__,final_joint,"self__FR-013,self__INT-002,self__OB-004,self__PV-009,self__OB-003,self__FR-012,self__PV-017,self__PV-019,self__HF-001,self__PV-010,self__FR-002,self__PV-016,self__FR-005,self__PV-004,self__PV-015,self__FR-004,self__PV-011,self__PV-021,self__INT-003,self__OB-005,self__PV-023,self__FR-001,self__HF-004,self__PV-002,self__OB-002,self__OB-001,self__FR-010",2021-07-22,2021-10-22,2021-10-25,2021-11-19,factorlib__amount,40.0,226.988201379776
__joint_lightgbm__,final_joint,"self__FR-013,self__INT-002,self__OB-004,self__PV-009,self__OB-003,self__FR-012,self__PV-017,self__PV-019,self__HF-001,self__PV-010,self__FR-002,self__PV-016,self__FR-005,self__PV-004,self__PV-015,self__FR-004,self__PV-011,self__PV-021,self__INT-003,self__OB-005,self__PV-023,self__FR-001,self__HF-004,self__PV-002,self__OB-002,self__OB-001,self__FR-010",2021-07-22,2021-10-22,2021-10-25,2021-11-19,factorlib__atr_14,39.0,272.99986958503723
__joint_lightgbm__,final_joint,"self__FR-013,self__INT-002,self__OB-004,self__PV-009,self__OB-003,self__FR-012,self__PV-017,self__PV-019,self__HF-001,self__PV-010,self__FR-002,self__PV-016,self__FR-005,self__PV-004,self__PV-015,self__FR-004,self__PV-011,self__PV-021,self__INT-003,self__OB-005,self__PV-023,self__FR-001,self__HF-004,self__PV-002,self__OB-002,self__OB-001,self__FR-010",2021-07-22,2021-10-22,2021-10-25,2021-11-19,factorlib__bias_20,24.0,152.37575006484985
__joint_lightgbm__,final_joint,"self__FR-013,self__INT-002,self__OB-004,self__PV-009,self__OB-003,self__FR-012,self__PV-017,self__PV-019,self__HF-001,self__PV-010,self__FR-002,self__PV-016,self__FR-005,self__PV-004,self__PV-015,self__FR-004,self__PV-011,self__PV-021,self__INT-003,self__OB-005,self__PV-023,self__FR-001,self__HF-004,self__PV-002,self__OB-002,self__OB-001,self__FR-010",2021-07-22,2021-10-22,2021-10-25,2021-11-19,factorlib__cci_14,41.0,197.66711032390594
__joint_lightgbm__,final_joint,"self__FR-013,self__INT-002,self__OB-004,self__PV-009,self__OB-003,self__FR-012,self__PV-017,self__PV-019,self__HF-001,self__PV-010,self__FR-002,self__PV-016,self__FR-005,self__PV-004,self__PV-015,self__FR-004,self__PV-011,self__PV-021,self__INT-003,self__OB-005,self__PV-023,self__FR-001,self__HF-004,self__PV-002,self__OB-002,self__OB-001,self__FR-010",2021-07-22,2021-10-22,2021-10-25,2021-11-19,factorlib__float_market_cap,17.0,151.052659034729
__joint_lightgbm__,final_joint,"self__FR-013,self__INT-002,self__OB-004,self__PV-009,self__OB-003,self__FR-012,self__PV-017,self__PV-019,self__HF-001,self__PV-010,self__FR-002,self__PV-016,self__FR-005,self__PV-004,self__PV-015,self__FR-004,self__PV-011,self__PV-021,self__INT-003,self__OB-005,self__PV-023,self__FR-001,self__HF-004,self__PV-002,self__OB-002,self__OB-001,self__FR-010",2021-07-22,2021-10-22,2021-10-25,2021-11-19,factorlib__kdj_d_9_3_3,21.0,133.06263053417206
__joint_lightgbm__,final_joint,"self__FR-013,self__INT-002,self__OB-004,self__PV-009,self__OB-003,self__FR-012,self__PV-017,self__PV-019,self__HF-001,self__PV-010,self__FR-002,self__PV-016,self__FR-005,self__PV-004,self__PV-015,self__FR-004,self__PV-011,self__PV-021,self__INT-003,self__OB-005,self__PV-023,self__FR-001,self__HF-004,self__PV-002,self__OB-002,self__OB-001,self__FR-010",2021-07-22,2021-10-22,2021-10-25,2021-11-19,factorlib__macd_diff_12_26_9,53.0,412.49167013168335
__joint_lightgbm__,final_joint,"self__FR-013,self__INT-002,self__OB-004,self__PV-009,self__OB-003,self__FR-012,self__PV-017,self__PV-019,self__HF-001,self__PV-010,self__FR-002,self__PV-016,self__FR-005,self__PV-004,self__PV-015,self__FR-004,self__PV-011,self__PV-021,self__INT-003,self__OB-005,self__PV-023,self__FR-001,self__HF-004,self__PV-002,self__OB-002,self__OB-001,self__FR-010",2021-07-22,2021-10-22,2021-10-25,2021-11-19,factorlib__macd_hist_12_26_9,11.0,78.55983972549438
__joint_lightgbm__,final_joint,"self__FR-013,self__INT-002,self__OB-004,self__PV-009,self__OB-003,self__FR-012,self__PV-017,self__PV-019,self__HF-001,self__PV-010,self__FR-002,self__PV-016,self__FR-005,self__PV-004,self__PV-015,self__FR-004,self__PV-011,self__PV-021,self__INT-003,self__OB-005,self__PV-023,self__FR-001,self__HF-004,self__PV-002,self__OB-002,self__OB-001,self__FR-010",2021-07-22,2021-10-22,2021-10-25,2021-11-19,factorlib__momentum_5,28.0,139.89728963375092
__joint_lightgbm__,final_joint,"self__FR-013,self__INT-002,self__OB-004,self__PV-009,self__OB-003,self__FR-012,self__PV-017,self__PV-019,self__HF-001,self__PV-010,self__FR-002,self__PV-016,self__FR-005,self__PV-004,self__PV-015,self__FR-004,self__PV-011,self__PV-021,self__INT-003,self__OB-005,self__PV-023,self__FR-001,self__HF-004,self__PV-002,self__OB-002,self__OB-001,self__FR-010",2021-07-22,2021-10-22,2021-10-25,2021-11-19,factorlib__net_profit_rate_ttm,17.0,60.35295009613037
__joint_lightgbm__,final_joint,"self__FR-013,self__INT-002,self__OB-004,self__PV-009,self__OB-003,self__FR-012,self__PV-017,self__PV-019,self__HF-001,self__PV-010,self__FR-002,self__PV-016,self__FR-005,self__PV-004,self__PV-015,self__FR-004,self__PV-011,self__PV-021,self__INT-003,self__OB-005,self__PV-023,self__FR-001,self__HF-004,self__PV-002,self__OB-002,self__OB-001,self__FR-010",2021-07-22,2021-10-22,2021-10-25,2021-11-19,factorlib__netflow_amount_rate_main,112.0,961.8092483282089
__joint_lightgbm__,final_joint,"self__FR-013,self__INT-002,self__OB-004,self__PV-009,self__OB-003,self__FR-012,self__PV-017,self__PV-019,self__HF-001,self__PV-010,self__FR-002,self__PV-016,self__FR-005,self__PV-004,self__PV-015,self__FR-004,self__PV-011,self__PV-021,self__INT-003,self__OB-005,self__PV-023,self__FR-001,self__HF-004,self__PV-002,self__OB-002,self__OB-001,self__FR-010",2021-07-22,2021-10-22,2021-10-25,2021-11-19,factorlib__total_market_cap,16.0,89.93420910835266
__joint_lightgbm__,final_joint,"self__FR-013,self__INT-002,self__OB-004,self__PV-009,self__OB-003,self__FR-012,self__PV-017,self__PV-019,self__HF-001,self__PV-010,self__FR-002,self__PV-016,self__FR-005,self__PV-004,self__PV-015,self__FR-004,self__PV-011,self__PV-021,self__INT-003,self__OB-005,self__PV-023,self__FR-001,self__HF-004,self__PV-002,self__OB-002,self__OB-001,self__FR-010",2021-07-22,2021-10-22,2021-10-25,2021-11-19,factorlib__turn,93.0,769.7522426843643
__joint_lightgbm__,final_joint,"self__FR-013,self__INT-002,self__OB-004,self__PV-009,self__OB-003,self__FR-012,self__PV-017,self__PV-019,self__HF-001,self__PV-010,self__FR-002,self__PV-016,self__FR-005,self__PV-004,self__PV-015,self__FR-004,self__PV-011,self__PV-021,self__INT-003,self__OB-005,self__PV-023,self__FR-001,self__HF-004,self__PV-002,self__OB-002,self__OB-001,self__FR-010",2021-07-22,2021-10-22,2021-10-25,2021-11-19,factorlib__volatility_5,44.0,315.7377190589905
__joint_lightgbm__,final_joint,"self__FR-013,self__INT-002,self__OB-004,self__PV-009,self__OB-003,self__FR-012,self__PV-017,self__PV-019,self__HF-001,self__PV-010,self__FR-002,self__PV-016,self__FR-005,self__PV-004,self__PV-015,self__FR-004,self__PV-011,self__PV-021,self__INT-003,self__OB-005,self__PV-023,self__FR-001,self__HF-004,self__PV-002,self__OB-002,self__OB-001,self__FR-010",2021-07-22,2021-10-22,2021-10-25,2021-11-19,factorlib__volume,19.0,122.67015981674194
__joint_lightgbm__,final_joint,"self__FR-013,self__INT-002,self__OB-004,self__PV-009,self__OB-003,self__FR-012,self__PV-017,self__PV-019,self__HF-001,self__PV-010,self__FR-002,self__PV-016,self__FR-005,self__PV-004,self__PV-015,self__FR-004,self__PV-011,self__PV-021,self__INT-003,self__OB-005,self__PV-023,self__FR-001,self__HF-004,self__PV-002,self__OB-002,self__OB-001,self__FR-010",2021-07-22,2021-10-22,2021-10-25,2021-11-19,self__FR-013,22.0,129.93890047073364
__joint_lightgbm__,final_joint,"self__FR-013,self__INT-002,self__OB-004,self__PV-009,self__OB-003,self__FR-012,self__PV-017,self__PV-019,self__HF-001,self__PV-010,self__FR-002,self__PV-016,self__FR-005,self__PV-004,self__PV-015,self__FR-004,self__PV-011,self__PV-021,self__INT-003,self__OB-005,self__PV-023,self__FR-001,self__HF-004,self__PV-002,self__OB-002,self__OB-001,self__FR-010",2021-07-22,2021-10-22,2021-10-25,2021-11-19,self__INT-002,48.0,366.67857909202576
__joint_lightgbm__,final_joint,"self__FR-013,self__INT-002,self__OB-004,self__PV-009,self__OB-003,self__FR-012,self__PV-017,self__PV-019,self__HF-001,self__PV-010,self__FR-002,self__PV-016,self__FR-005,self__PV-004,self__PV-015,self__FR-004,self__PV-011,self__PV-021,self__INT-003,self__OB-005,self__PV-023,self__FR-001,self__HF-004,self__PV-002,self__OB-002,self__OB-001,self__FR-010",2021-07-22,2021-10-22,2021-10-25,2021-11-19,self__OB-004,15.0,81.93410015106201
__joint_lightgbm__,final_joint,"self__FR-013,self__INT-002,self__OB-004,self__PV-009,self__OB-003,self__FR-012,self__PV-017,self__PV-019,self__HF-001,self__PV-010,self__FR-002,self__PV-016,self__FR-005,self__PV-004,self__PV-015,self__FR-004,self__PV-011,self__PV-021,self__INT-003,self__OB-005,self__PV-023,self__FR-001,self__HF-004,self__PV-002,self__OB-002,self__OB-001,self__FR-010",2021-07-22,2021-10-22,2021-10-25,2021-11-19,self__PV-009,30.0,131.63635110855103
__joint_lightgbm__,final_joint,"self__FR-013,self__INT-002,self__OB-004,self__PV-009,self__OB-003,self__FR-012,self__PV-017,self__PV-019,self__HF-001,self__PV-010,self__FR-002,self__PV-016,self__FR-005,self__PV-004,self__PV-015,self__FR-004,self__PV-011,self__PV-021,self__INT-003,self__OB-005,self__PV-023,self__FR-001,self__HF-004,self__PV-002,self__OB-002,self__OB-001,self__FR-010",2021-07-22,2021-10-22,2021-10-25,2021-11-19,self__OB-003,27.0,111.48858988285065
__joint_lightgbm__,final_joint,"self__FR-013,self__INT-002,self__OB-004,self__PV-009,self__OB-003,self__FR-012,self__PV-017,self__PV-019,self__HF-001,self__PV-010,self__FR-002,self__PV-016,self__FR-005,self__PV-004,self__PV-015,self__FR-004,self__PV-011,self__PV-021,self__INT-003,self__OB-005,self__PV-023,self__FR-001,self__HF-004,self__PV-002,self__OB-002,self__OB-001,self__FR-010",2021-07-22,2021-10-22,2021-10-25,2021-11-19,self__FR-012,9.0,45.879639625549316
__joint_lightgbm__,final_joint,"self__FR-013,self__INT-002,self__OB-004,self__PV-009,self__OB-003,self__FR-012,self__PV-017,self__PV-019,self__HF-001,self__PV-010,self__FR-002,self__PV-016,self__FR-005,self__PV-004,self__PV-015,self__FR-004,self__PV-011,self__PV-021,self__INT-003,self__OB-005,self__PV-023,self__FR-001,self__HF-004,self__PV-002,self__OB-002,self__OB-001,self__FR-010",2021-07-22,2021-10-22,2021-10-25,2021-11-19,self__PV-017,0.0,0.0
__joint_lightgbm__,final_joint,"self__FR-013,self__INT-002,self__OB-004,self__PV-009,self__OB-003,self__FR-012,self__PV-017,self__PV-019,self__HF-001,self__PV-010,self__FR-002,self__PV-016,self__FR-005,self__PV-004,self__PV-015,self__FR-004,self__PV-011,self__PV-021,self__INT-003,self__OB-005,self__PV-023,self__FR-001,self__HF-004,self__PV-002,self__OB-002,self__OB-001,self__FR-010",2021-07-22,2021-10-22,2021-10-25,2021-11-19,self__PV-019,34.0,190.10083055496216
__joint_lightgbm__,final_joint,"self__FR-013,self__INT-002,self__OB-004,self__PV-009,self__OB-003,self__FR-012,self__PV-017,self__PV-019,self__HF-001,self__PV-010,self__FR-002,self__PV-016,self__FR-005,self__PV-004,self__PV-015,self__FR-004,self__PV-011,self__PV-021,self__INT-003,self__OB-005,self__PV-023,self__FR-001,self__HF-004,self__PV-002,self__OB-002,self__OB-001,self__FR-010",2021-07-22,2021-10-22,2021-10-25,2021-11-19,self__HF-001,15.0,61.93194019794464
__joint_lightgbm__,final_joint,"self__FR-013,self__INT-002,self__OB-004,self__PV-009,self__OB-003,self__FR-012,self__PV-017,self__PV-019,self__HF-001,self__PV-010,self__FR-002,self__PV-016,self__FR-005,self__PV-004,self__PV-015,self__FR-004,self__PV-011,self__PV-021,self__INT-003,self__OB-005,self__PV-023,self__FR-001,self__HF-004,self__PV-002,self__OB-002,self__OB-001,self__FR-010",2021-07-22,2021-10-22,2021-10-25,2021-11-19,self__PV-010,17.0,86.94494962692261
__joint_lightgbm__,final_joint,"self__FR-013,self__INT-002,self__OB-004,self__PV-009,self__OB-003,self__FR-012,self__PV-017,self__PV-019,self__HF-001,self__PV-010,self__FR-002,self__PV-016,self__FR-005,self__PV-004,self__PV-015,self__FR-004,self__PV-011,self__PV-021,self__INT-003,self__OB-005,self__PV-023,self__FR-001,self__HF-004,self__PV-002,self__OB-002,self__OB-001,self__FR-010",2021-07-22,2021-10-22,2021-10-25,2021-11-19,self__FR-002,24.0,104.0923193693161
__joint_lightgbm__,final_joint,"self__FR-013,self__INT-002,self__OB-004,self__PV-009,self__OB-003,self__FR-012,self__PV-017,self__PV-019,self__HF-001,self__PV-010,self__FR-002,self__PV-016,self__FR-005,self__PV-004,self__PV-015,self__FR-004,self__PV-011,self__PV-021,self__INT-003,self__OB-005,self__PV-023,self__FR-001,self__HF-004,self__PV-002,self__OB-002,self__OB-001,self__FR-010",2021-07-22,2021-10-22,2021-10-25,2021-11-19,self__PV-016,2.0,6.319649934768677
__joint_lightgbm__,final_joint,"self__FR-013,self__INT-002,self__OB-004,self__PV-009,self__OB-003,self__FR-012,self__PV-017,self__PV-019,self__HF-001,self__PV-010,self__FR-002,self__PV-016,self__FR-005,self__PV-004,self__PV-015,self__FR-004,self__PV-011,self__PV-021,self__INT-003,self__OB-005,self__PV-023,self__FR-001,self__HF-004,self__PV-002,self__OB-002,self__OB-001,self__FR-010",2021-07-22,2021-10-22,2021-10-25,2021-11-19,self__FR-005,14.0,46.97508931159973
__joint_lightgbm__,final_joint,"self__FR-013,self__INT-002,self__OB-004,self__PV-009,self__OB-003,self__FR-012,self__PV-017,self__PV-019,self__HF-001,self__PV-010,self__FR-002,self__PV-016,self__FR-005,self__PV-004,self__PV-015,self__FR-004,self__PV-011,self__PV-021,self__INT-003,self__OB-005,self__PV-023,self__FR-001,self__HF-004,self__PV-002,self__OB-002,self__OB-001,self__FR-010",2021-07-22,2021-10-22,2021-10-25,2021-11-19,self__PV-004,6.0,27.724349975585938
__joint_lightgbm__,final_joint,"self__FR-013,self__INT-002,self__OB-004,self__PV-009,self__OB-003,self__FR-012,self__PV-017,self__PV-019,self__HF-001,self__PV-010,self__FR-002,self__PV-016,self__FR-005,self__PV-004,self__PV-015,self__FR-004,self__PV-011,self__PV-021,self__INT-003,self__OB-005,self__PV-023,self__FR-001,self__HF-004,self__PV-002,self__OB-002,self__OB-001,self__FR-010",2021-07-22,2021-10-22,2021-10-25,2021-11-19,self__PV-015,6.0,28.761030197143555
__joint_lightgbm__,final_joint,"self__FR-013,self__INT-002,self__OB-004,self__PV-009,self__OB-003,self__FR-012,self__PV-017,self__PV-019,self__HF-001,self__PV-010,self__FR-002,self__PV-016,self__FR-005,self__PV-004,self__PV-015,self__FR-004,self__PV-011,self__PV-021,self__INT-003,self__OB-005,self__PV-023,self__FR-001,self__HF-004,self__PV-002,self__OB-002,self__OB-001,self__FR-010",2021-07-22,2021-10-22,2021-10-25,2021-11-19,self__FR-004,2.0,11.426869869232178
__joint_lightgbm__,final_joint,"self__FR-013,self__INT-002,self__OB-004,self__PV-009,self__OB-003,self__FR-012,self__PV-017,self__PV-019,self__HF-001,self__PV-010,self__FR-002,self__PV-016,self__FR-005,self__PV-004,self__PV-015,self__FR-004,self__PV-011,self__PV-021,self__INT-003,self__OB-005,self__PV-023,self__FR-001,self__HF-004,self__PV-002,self__OB-002,self__OB-001,self__FR-010",2021-07-22,2021-10-22,2021-10-25,2021-11-19,self__PV-011,49.0,304.8231408596039
__joint_lightgbm__,final_joint,"self__FR-013,self__INT-002,self__OB-004,self__PV-009,self__OB-003,self__FR-012,self__PV-017,self__PV-019,self__HF-001,self__PV-010,self__FR-002,self__PV-016,self__FR-005,self__PV-004,self__PV-015,self__FR-004,self__PV-011,self__PV-021,self__INT-003,self__OB-005,self__PV-023,self__FR-001,self__HF-004,self__PV-002,self__OB-002,self__OB-001,self__FR-010",2021-07-22,2021-10-22,2021-10-25,2021-11-19,self__PV-021,26.0,143.55153119564056
__joint_lightgbm__,final_joint,"self__FR-013,self__INT-002,self__OB-004,self__PV-009,self__OB-003,self__FR-012,self__PV-017,self__PV-019,self__HF-001,self__PV-010,self__FR-002,self__PV-016,self__FR-005,self__PV-004,self__PV-015,self__FR-004,self__PV-011,self__PV-021,self__INT-003,self__OB-005,self__PV-023,self__FR-001,self__HF-004,self__PV-002,self__OB-002,self__OB-001,self__FR-010",2021-07-22,2021-10-22,2021-10-25,2021-11-19,self__INT-003,63.0,488.89385771751404
__joint_lightgbm__,final_joint,"self__FR-013,self__INT-002,self__OB-004,self__PV-009,self__OB-003,self__FR-012,self__PV-017,self__PV-019,self__HF-001,self__PV-010,self__FR-002,self__PV-016,self__FR-005,self__PV-004,self__PV-015,self__FR-004,self__PV-011,self__PV-021,self__INT-003,self__OB-005,self__PV-023,self__FR-001,self__HF-004,self__PV-002,self__OB-002,self__OB-001,self__FR-010",2021-07-22,2021-10-22,2021-10-25,2021-11-19,self__OB-005,69.0,461.28626012802124
__joint_lightgbm__,final_joint,"self__FR-013,self__INT-002,self__OB-004,self__PV-009,self__OB-003,self__FR-012,self__PV-017,self__PV-019,self__HF-001,self__PV-010,self__FR-002,self__PV-016,self__FR-005,self__PV-004,self__PV-015,self__FR-004,self__PV-011,self__PV-021,self__INT-003,self__OB-005,self__PV-023,self__FR-001,self__HF-004,self__PV-002,self__OB-002,self__OB-001,self__FR-010",2021-07-22,2021-10-22,2021-10-25,2021-11-19,self__PV-023,3.0,12.90041995048523
__joint_lightgbm__,final_joint,"self__FR-013,self__INT-002,self__OB-004,self__PV-009,self__OB-003,self__FR-012,self__PV-017,self__PV-019,self__HF-001,self__PV-010,self__FR-002,self__PV-016,self__FR-005,self__PV-004,self__PV-015,self__FR-004,self__PV-011,self__PV-021,self__INT-003,self__OB-005,self__PV-023,self__FR-001,self__HF-004,self__PV-002,self__OB-002,self__OB-001,self__FR-010",2021-07-22,2021-10-22,2021-10-25,2021-11-19,self__FR-001,7.0,26.1212899684906
__joint_lightgbm__,final_joint,"self__FR-013,self__INT-002,self__OB-004,self__PV-009,self__OB-003,self__FR-012,self__PV-017,self__PV-019,self__HF-001,self__PV-010,self__FR-002,self__PV-016,self__FR-005,self__PV-004,self__PV-015,self__FR-004,self__PV-011,self__PV-021,self__INT-003,self__OB-005,self__PV-023,self__FR-001,self__HF-004,self__PV-002,self__OB-002,self__OB-001,self__FR-010",2021-07-22,2021-10-22,2021-10-25,2021-11-19,self__HF-004,24.0,229.28784847259521
__joint_lightgbm__,final_joint,"self__FR-013,self__INT-002,self__OB-004,self__PV-009,self__OB-003,self__FR-012,self__PV-017,self__PV-019,self__HF-001,self__PV-010,self__FR-002,self__PV-016,self__FR-005,self__PV-004,self__PV-015,self__FR-004,self__PV-011,self__PV-021,self__INT-003,self__OB-005,self__PV-023,self__FR-001,self__HF-004,self__PV-002,self__OB-002,self__OB-001,self__FR-010",2021-07-22,2021-10-22,2021-10-25,2021-11-19,self__PV-002,86.0,670.3471076488495
__joint_lightgbm__,final_joint,"self__FR-013,self__INT-002,self__OB-004,self__PV-009,self__OB-003,self__FR-012,self__PV-017,self__PV-019,self__HF-001,self__PV-010,self__FR-002,self__PV-016,self__FR-005,self__PV-004,self__PV-015,self__FR-004,self__PV-011,self__PV-021,self__INT-003,self__OB-005,self__PV-023,self__FR-001,self__HF-004,self__PV-002,self__OB-002,self__OB-001,self__FR-010",2021-07-22,2021-10-22,2021-10-25,2021-11-19,self__OB-002,5.0,15.437919855117798
__joint_lightgbm__,final_joint,"self__FR-013,self__INT-002,self__OB-004,self__PV-009,self__OB-003,self__FR-012,self__PV-017,self__PV-019,self__HF-001,self__PV-010,self__FR-002,self__PV-016,self__FR-005,self__PV-004,self__PV-015,self__FR-004,self__PV-011,self__PV-021,self__INT-003,self__OB-005,self__PV-023,self__FR-001,self__HF-004,self__PV-002,self__OB-002,self__OB-001,self__FR-010",2021-07-22,2021-10-22,2021-10-25,2021-11-19,self__OB-001,20.0,139.16545987129211
__joint_lightgbm__,final_joint,"self__FR-013,self__INT-002,self__OB-004,self__PV-009,self__OB-003,self__FR-012,self__PV-017,self__PV-019,self__HF-001,self__PV-010,self__FR-002,self__PV-016,self__FR-005,self__PV-004,self__PV-015,self__FR-004,self__PV-011,self__PV-021,self__INT-003,self__OB-005,self__PV-023,self__FR-001,self__HF-004,self__PV-002,self__OB-002,self__OB-001,self__FR-010",2021-07-22,2021-10-22,2021-10-25,2021-11-19,self__FR-010,2.0,8.065249919891357
__joint_lightgbm__,final_joint,"self__FR-013,self__INT-002,self__OB-004,self__PV-009,self__OB-003,self__FR-012,self__PV-017,self__PV-019,self__HF-001,self__PV-010,self__FR-002,self__PV-016,self__FR-005,self__PV-004,self__PV-015,self__FR-004,self__PV-011,self__PV-021,self__INT-003,self__OB-005,self__PV-023,self__FR-001,self__HF-004,self__PV-002,self__OB-002,self__OB-001,self__FR-010",2021-08-19,2021-11-19,2021-11-22,2021-12-17,factorlib__amount,32.0,275.24593019485474
__joint_lightgbm__,final_joint,"self__FR-013,self__INT-002,self__OB-004,self__PV-009,self__OB-003,self__FR-012,self__PV-017,self__PV-019,self__HF-001,self__PV-010,self__FR-002,self__PV-016,self__FR-005,self__PV-004,self__PV-015,self__FR-004,self__PV-011,self__PV-021,self__INT-003,self__OB-005,self__PV-023,self__FR-001,self__HF-004,self__PV-002,self__OB-002,self__OB-001,self__FR-010",2021-08-19,2021-11-19,2021-11-22,2021-12-17,factorlib__atr_14,14.0,66.1724796295166
__joint_lightgbm__,final_joint,"self__FR-013,self__INT-002,self__OB-004,self__PV-009,self__OB-003,self__FR-012,self__PV-017,self__PV-019,self__HF-001,self__PV-010,self__FR-002,self__PV-016,self__FR-005,self__PV-004,self__PV-015,self__FR-004,self__PV-011,self__PV-021,self__INT-003,self__OB-005,self__PV-023,self__FR-001,self__HF-004,self__PV-002,self__OB-002,self__OB-001,self__FR-010",2021-08-19,2021-11-19,2021-11-22,2021-12-17,factorlib__bias_20,11.0,46.79278039932251
__joint_lightgbm__,final_joint,"self__FR-013,self__INT-002,self__OB-004,self__PV-009,self__OB-003,self__FR-012,self__PV-017,self__PV-019,self__HF-001,self__PV-010,self__FR-002,self__PV-016,self__FR-005,self__PV-004,self__PV-015,self__FR-004,self__PV-011,self__PV-021,self__INT-003,self__OB-005,self__PV-023,self__FR-001,self__HF-004,self__PV-002,self__OB-002,self__OB-001,self__FR-010",2021-08-19,2021-11-19,2021-11-22,2021-12-17,factorlib__cci_14,27.0,117.52611935138702
__joint_lightgbm__,final_joint,"self__FR-013,self__INT-002,self__OB-004,self__PV-009,self__OB-003,self__FR-012,self__PV-017,self__PV-019,self__HF-001,self__PV-010,self__FR-002,self__PV-016,self__FR-005,self__PV-004,self__PV-015,self__FR-004,self__PV-011,self__PV-021,self__INT-003,self__OB-005,self__PV-023,self__FR-001,self__HF-004,self__PV-002,self__OB-002,self__OB-001,self__FR-010",2021-08-19,2021-11-19,2021-11-22,2021-12-17,factorlib__float_market_cap,26.0,159.09055936336517
__joint_lightgbm__,final_joint,"self__FR-013,self__INT-002,self__OB-004,self__PV-009,self__OB-003,self__FR-012,self__PV-017,self__PV-019,self__HF-001,self__PV-010,self__FR-002,self__PV-016,self__FR-005,self__PV-004,self__PV-015,self__FR-004,self__PV-011,self__PV-021,self__INT-003,self__OB-005,self__PV-023,self__FR-001,self__HF-004,self__PV-002,self__OB-002,self__OB-001,self__FR-010",2021-08-19,2021-11-19,2021-11-22,2021-12-17,factorlib__kdj_d_9_3_3,30.0,164.67560982704163
__joint_lightgbm__,final_joint,"self__FR-013,self__INT-002,self__OB-004,self__PV-009,self__OB-003,self__FR-012,self__PV-017,self__PV-019,self__HF-001,self__PV-010,self__FR-002,self__PV-016,self__FR-005,self__PV-004,self__PV-015,self__FR-004,self__PV-011,self__PV-021,self__INT-003,self__OB-005,self__PV-023,self__FR-001,self__HF-004,self__PV-002,self__OB-002,self__OB-001,self__FR-010",2021-08-19,2021-11-19,2021-11-22,2021-12-17,factorlib__macd_diff_12_26_9,57.0,291.7981091737747
__joint_lightgbm__,final_joint,"self__FR-013,self__INT-002,self__OB-004,self__PV-009,self__OB-003,self__FR-012,self__PV-017,self__PV-019,self__HF-001,self__PV-010,self__FR-002,self__PV-016,self__FR-005,self__PV-004,self__PV-015,self__FR-004,self__PV-011,self__PV-021,self__INT-003,self__OB-005,self__PV-023,self__FR-001,self__HF-004,self__PV-002,self__OB-002,self__OB-001,self__FR-010",2021-08-19,2021-11-19,2021-11-22,2021-12-17,factorlib__macd_hist_12_26_9,36.0,200.19356966018677
__joint_lightgbm__,final_joint,"self__FR-013,self__INT-002,self__OB-004,self__PV-009,self__OB-003,self__FR-012,self__PV-017,self__PV-019,self__HF-001,self__PV-010,self__FR-002,self__PV-016,self__FR-005,self__PV-004,self__PV-015,self__FR-004,self__PV-011,self__PV-021,self__INT-003,self__OB-005,self__PV-023,self__FR-001,self__HF-004,self__PV-002,self__OB-002,self__OB-001,self__FR-010",2021-08-19,2021-11-19,2021-11-22,2021-12-17,factorlib__momentum_5,37.0,132.9969401359558
__joint_lightgbm__,final_joint,"self__FR-013,self__INT-002,self__OB-004,self__PV-009,self__OB-003,self__FR-012,self__PV-017,self__PV-019,self__HF-001,self__PV-010,self__FR-002,self__PV-016,self__FR-005,self__PV-004,self__PV-015,self__FR-004,self__PV-011,self__PV-021,self__INT-003,self__OB-005,self__PV-023,self__FR-001,self__HF-004,self__PV-002,self__OB-002,self__OB-001,self__FR-010",2021-08-19,2021-11-19,2021-11-22,2021-12-17,factorlib__net_profit_rate_ttm,16.0,53.397000193595886
__joint_lightgbm__,final_joint,"self__FR-013,self__INT-002,self__OB-004,self__PV-009,self__OB-003,self__FR-012,self__PV-017,self__PV-019,self__HF-001,self__PV-010,self__FR-002,self__PV-016,self__FR-005,self__PV-004,self__PV-015,self__FR-004,self__PV-011,self__PV-021,self__INT-003,self__OB-005,self__PV-023,self__FR-001,self__HF-004,self__PV-002,self__OB-002,self__OB-001,self__FR-010",2021-08-19,2021-11-19,2021-11-22,2021-12-17,factorlib__netflow_amount_rate_main,123.0,1005.1944627761841
__joint_lightgbm__,final_joint,"self__FR-013,self__INT-002,self__OB-004,self__PV-009,self__OB-003,self__FR-012,self__PV-017,self__PV-019,self__HF-001,self__PV-010,self__FR-002,self__PV-016,self__FR-005,self__PV-004,self__PV-015,self__FR-004,self__PV-011,self__PV-021,self__INT-003,self__OB-005,self__PV-023,self__FR-001,self__HF-004,self__PV-002,self__OB-002,self__OB-001,self__FR-010",2021-08-19,2021-11-19,2021-11-22,2021-12-17,factorlib__total_market_cap,5.0,23.70328998565674
__joint_lightgbm__,final_joint,"self__FR-013,self__INT-002,self__OB-004,self__PV-009,self__OB-003,self__FR-012,self__PV-017,self__PV-019,self__HF-001,self__PV-010,self__FR-002,self__PV-016,self__FR-005,self__PV-004,self__PV-015,self__FR-004,self__PV-011,self__PV-021,self__INT-003,self__OB-005,self__PV-023,self__FR-001,self__HF-004,self__PV-002,self__OB-002,self__OB-001,self__FR-010",2021-08-19,2021-11-19,2021-11-22,2021-12-17,factorlib__turn,79.0,656.7230030298233
__joint_lightgbm__,final_joint,"self__FR-013,self__INT-002,self__OB-004,self__PV-009,self__OB-003,self__FR-012,self__PV-017,self__PV-019,self__HF-001,self__PV-010,self__FR-002,self__PV-016,self__FR-005,self__PV-004,self__PV-015,self__FR-004,self__PV-011,self__PV-021,self__INT-003,self__OB-005,self__PV-023,self__FR-001,self__HF-004,self__PV-002,self__OB-002,self__OB-001,self__FR-010",2021-08-19,2021-11-19,2021-11-22,2021-12-17,factorlib__volatility_5,79.0,602.8378971815109
__joint_lightgbm__,final_joint,"self__FR-013,self__INT-002,self__OB-004,self__PV-009,self__OB-003,self__FR-012,self__PV-017,self__PV-019,self__HF-001,self__PV-010,self__FR-002,self__PV-016,self__FR-005,self__PV-004,self__PV-015,self__FR-004,self__PV-011,self__PV-021,self__INT-003,self__OB-005,self__PV-023,self__FR-001,self__HF-004,self__PV-002,self__OB-002,self__OB-001,self__FR-010",2021-08-19,2021-11-19,2021-11-22,2021-12-17,factorlib__volume,58.0,290.6336804628372
__joint_lightgbm__,final_joint,"self__FR-013,self__INT-002,self__OB-004,self__PV-009,self__OB-003,self__FR-012,self__PV-017,self__PV-019,self__HF-001,self__PV-010,self__FR-002,self__PV-016,self__FR-005,self__PV-004,self__PV-015,self__FR-004,self__PV-011,self__PV-021,self__INT-003,self__OB-005,self__PV-023,self__FR-001,self__HF-004,self__PV-002,self__OB-002,self__OB-001,self__FR-010",2021-08-19,2021-11-19,2021-11-22,2021-12-17,self__FR-013,12.0,89.01815915107727
__joint_lightgbm__,final_joint,"self__FR-013,self__INT-002,self__OB-004,self__PV-009,self__OB-003,self__FR-012,self__PV-017,self__PV-019,self__HF-001,self__PV-010,self__FR-002,self__PV-016,self__FR-005,self__PV-004,self__PV-015,self__FR-004,self__PV-011,self__PV-021,self__INT-003,self__OB-005,self__PV-023,self__FR-001,self__HF-004,self__PV-002,self__OB-002,self__OB-001,self__FR-010",2021-08-19,2021-11-19,2021-11-22,2021-12-17,self__INT-002,91.0,576.3389618396759
__joint_lightgbm__,final_joint,"self__FR-013,self__INT-002,self__OB-004,self__PV-009,self__OB-003,self__FR-012,self__PV-017,self__PV-019,self__HF-001,self__PV-010,self__FR-002,self__PV-016,self__FR-005,self__PV-004,self__PV-015,self__FR-004,self__PV-011,self__PV-021,self__INT-003,self__OB-005,self__PV-023,self__FR-001,self__HF-004,self__PV-002,self__OB-002,self__OB-001,self__FR-010",2021-08-19,2021-11-19,2021-11-22,2021-12-17,self__OB-004,28.0,108.04714953899384
__joint_lightgbm__,final_joint,"self__FR-013,self__INT-002,self__OB-004,self__PV-009,self__OB-003,self__FR-012,self__PV-017,self__PV-019,self__HF-001,self__PV-010,self__FR-002,self__PV-016,self__FR-005,self__PV-004,self__PV-015,self__FR-004,self__PV-011,self__PV-021,self__INT-003,self__OB-005,self__PV-023,self__FR-001,self__HF-004,self__PV-002,self__OB-002,self__OB-001,self__FR-010",2021-08-19,2021-11-19,2021-11-22,2021-12-17,self__PV-009,22.0,97.20104956626892
__joint_lightgbm__,final_joint,"self__FR-013,self__INT-002,self__OB-004,self__PV-009,self__OB-003,self__FR-012,self__PV-017,self__PV-019,self__HF-001,self__PV-010,self__FR-002,self__PV-016,self__FR-005,self__PV-004,self__PV-015,self__FR-004,self__PV-011,self__PV-021,self__INT-003,self__OB-005,self__PV-023,self__FR-001,self__HF-004,self__PV-002,self__OB-002,self__OB-001,self__FR-010",2021-08-19,2021-11-19,2021-11-22,2021-12-17,self__OB-003,16.0,55.90485990047455
__joint_lightgbm__,final_joint,"self__FR-013,self__INT-002,self__OB-004,self__PV-009,self__OB-003,self__FR-012,self__PV-017,self__PV-019,self__HF-001,self__PV-010,self__FR-002,self__PV-016,self__FR-005,self__PV-004,self__PV-015,self__FR-004,self__PV-011,self__PV-021,self__INT-003,self__OB-005,self__PV-023,self__FR-001,self__HF-004,self__PV-002,self__OB-002,self__OB-001,self__FR-010",2021-08-19,2021-11-19,2021-11-22,2021-12-17,self__FR-012,6.0,24.695850133895874
__joint_lightgbm__,final_joint,"self__FR-013,self__INT-002,self__OB-004,self__PV-009,self__OB-003,self__FR-012,self__PV-017,self__PV-019,self__HF-001,self__PV-010,self__FR-002,self__PV-016,self__FR-005,self__PV-004,self__PV-015,self__FR-004,self__PV-011,self__PV-021,self__INT-003,self__OB-005,self__PV-023,self__FR-001,self__HF-004,self__PV-002,self__OB-002,self__OB-001,self__FR-010",2021-08-19,2021-11-19,2021-11-22,2021-12-17,self__PV-017,14.0,77.89833950996399
__joint_lightgbm__,final_joint,"self__FR-013,self__INT-002,self__OB-004,self__PV-009,self__OB-003,self__FR-012,self__PV-017,self__PV-019,self__HF-001,self__PV-010,self__FR-002,self__PV-016,self__FR-005,self__PV-004,self__PV-015,self__FR-004,self__PV-011,self__PV-021,self__INT-003,self__OB-005,self__PV-023,self__FR-001,self__HF-004,self__PV-002,self__OB-002,self__OB-001,self__FR-010",2021-08-19,2021-11-19,2021-11-22,2021-12-17,self__PV-019,30.0,169.7911400794983
__joint_lightgbm__,final_joint,"self__FR-013,self__INT-002,self__OB-004,self__PV-009,self__OB-003,self__FR-012,self__PV-017,self__PV-019,self__HF-001,self__PV-010,self__FR-002,self__PV-016,self__FR-005,self__PV-004,self__PV-015,self__FR-004,self__PV-011,self__PV-021,self__INT-003,self__OB-005,self__PV-023,self__FR-001,self__HF-004,self__PV-002,self__OB-002,self__OB-001,self__FR-010",2021-08-19,2021-11-19,2021-11-22,2021-12-17,self__HF-001,6.0,22.955050230026245
__joint_lightgbm__,final_joint,"self__FR-013,self__INT-002,self__OB-004,self__PV-009,self__OB-003,self__FR-012,self__PV-017,self__PV-019,self__HF-001,self__PV-010,self__FR-002,self__PV-016,self__FR-005,self__PV-004,self__PV-015,self__FR-004,self__PV-011,self__PV-021,self__INT-003,self__OB-005,self__PV-023,self__FR-001,self__HF-004,self__PV-002,self__OB-002,self__OB-001,self__FR-010",2021-08-19,2021-11-19,2021-11-22,2021-12-17,self__PV-010,33.0,182.30030143260956
__joint_lightgbm__,final_joint,"self__FR-013,self__INT-002,self__OB-004,self__PV-009,self__OB-003,self__FR-012,self__PV-017,self__PV-019,self__HF-001,self__PV-010,self__FR-002,self__PV-016,self__FR-005,self__PV-004,self__PV-015,self__FR-004,self__PV-011,self__PV-021,self__INT-003,self__OB-005,self__PV-023,self__FR-001,self__HF-004,self__PV-002,self__OB-002,self__OB-001,self__FR-010",2021-08-19,2021-11-19,2021-11-22,2021-12-17,self__FR-002,8.0,35.796860218048096
__joint_lightgbm__,final_joint,"self__FR-013,self__INT-002,self__OB-004,self__PV-009,self__OB-003,self__FR-012,self__PV-017,self__PV-019,self__HF-001,self__PV-010,self__FR-002,self__PV-016,self__FR-005,self__PV-004,self__PV-015,self__FR-004,self__PV-011,self__PV-021,self__INT-003,self__OB-005,self__PV-023,self__FR-001,self__HF-004,self__PV-002,self__OB-002,self__OB-001,self__FR-010",2021-08-19,2021-11-19,2021-11-22,2021-12-17,self__PV-016,10.0,40.31309962272644
__joint_lightgbm__,final_joint,"self__FR-013,self__INT-002,self__OB-004,self__PV-009,self__OB-003,self__FR-012,self__PV-017,self__PV-019,self__HF-001,self__PV-010,self__FR-002,self__PV-016,self__FR-005,self__PV-004,self__PV-015,self__FR-004,self__PV-011,self__PV-021,self__INT-003,self__OB-005,self__PV-023,self__FR-001,self__HF-004,self__PV-002,self__OB-002,self__OB-001,self__FR-010",2021-08-19,2021-11-19,2021-11-22,2021-12-17,self__FR-005,20.0,99.80118036270142
__joint_lightgbm__,final_joint,"self__FR-013,self__INT-002,self__OB-004,self__PV-009,self__OB-003,self__FR-012,self__PV-017,self__PV-019,self__HF-001,self__PV-010,self__FR-002,self__PV-016,self__FR-005,self__PV-004,self__PV-015,self__FR-004,self__PV-011,self__PV-021,self__INT-003,self__OB-005,self__PV-023,self__FR-001,self__HF-004,self__PV-002,self__OB-002,self__OB-001,self__FR-010",2021-08-19,2021-11-19,2021-11-22,2021-12-17,self__PV-004,14.0,68.37662029266357
__joint_lightgbm__,final_joint,"self__FR-013,self__INT-002,self__OB-004,self__PV-009,self__OB-003,self__FR-012,self__PV-017,self__PV-019,self__HF-001,self__PV-010,self__FR-002,self__PV-016,self__FR-005,self__PV-004,self__PV-015,self__FR-004,self__PV-011,self__PV-021,self__INT-003,self__OB-005,self__PV-023,self__FR-001,self__HF-004,self__PV-002,self__OB-002,self__OB-001,self__FR-010",2021-08-19,2021-11-19,2021-11-22,2021-12-17,self__PV-015,4.0,19.592819690704346
__joint_lightgbm__,final_joint,"self__FR-013,self__INT-002,self__OB-004,self__PV-009,self__OB-003,self__FR-012,self__PV-017,self__PV-019,self__HF-001,self__PV-010,self__FR-002,self__PV-016,self__FR-005,self__PV-004,self__PV-015,self__FR-004,self__PV-011,self__PV-021,self__INT-003,self__OB-005,self__PV-023,self__FR-001,self__HF-004,self__PV-002,self__OB-002,self__OB-001,self__FR-010",2021-08-19,2021-11-19,2021-11-22,2021-12-17,self__FR-004,6.0,20.30486035346985
__joint_lightgbm__,final_joint,"self__FR-013,self__INT-002,self__OB-004,self__PV-009,self__OB-003,self__FR-012,self__PV-017,self__PV-019,self__HF-001,self__PV-010,self__FR-002,self__PV-016,self__FR-005,self__PV-004,self__PV-015,self__FR-004,self__PV-011,self__PV-021,self__INT-003,self__OB-005,self__PV-023,self__FR-001,self__HF-004,self__PV-002,self__OB-002,self__OB-001,self__FR-010",2021-08-19,2021-11-19,2021-11-22,2021-12-17,self__PV-011,5.0,22.137080430984497
__joint_lightgbm__,final_joint,"self__FR-013,self__INT-002,self__OB-004,self__PV-009,self__OB-003,self__FR-012,self__PV-017,self__PV-019,self__HF-001,self__PV-010,self__FR-002,self__PV-016,self__FR-005,self__PV-004,self__PV-015,self__FR-004,self__PV-011,self__PV-021,self__INT-003,self__OB-005,self__PV-023,self__FR-001,self__HF-004,self__PV-002,self__OB-002,self__OB-001,self__FR-010",2021-08-19,2021-11-19,2021-11-22,2021-12-17,self__PV-021,19.0,103.34802007675171
__joint_lightgbm__,final_joint,"self__FR-013,self__INT-002,self__OB-004,self__PV-009,self__OB-003,self__FR-012,self__PV-017,self__PV-019,self__HF-001,self__PV-010,self__FR-002,self__PV-016,self__FR-005,self__PV-004,self__PV-015,self__FR-004,self__PV-011,self__PV-021,self__INT-003,self__OB-005,self__PV-023,self__FR-001,self__HF-004,self__PV-002,self__OB-002,self__OB-001,self__FR-010",2021-08-19,2021-11-19,2021-11-22,2021-12-17,self__INT-003,28.0,157.86232113838196
__joint_lightgbm__,final_joint,"self__FR-013,self__INT-002,self__OB-004,self__PV-009,self__OB-003,self__FR-012,self__PV-017,self__PV-019,self__HF-001,self__PV-010,self__FR-002,self__PV-016,self__FR-005,self__PV-004,self__PV-015,self__FR-004,self__PV-011,self__PV-021,self__INT-003,self__OB-005,self__PV-023,self__FR-001,self__HF-004,self__PV-002,self__OB-002,self__OB-001,self__FR-010",2021-08-19,2021-11-19,2021-11-22,2021-12-17,self__OB-005,44.0,257.4632006883621
__joint_lightgbm__,final_joint,"self__FR-013,self__INT-002,self__OB-004,self__PV-009,self__OB-003,self__FR-012,self__PV-017,self__PV-019,self__HF-001,self__PV-010,self__FR-002,self__PV-016,self__FR-005,self__PV-004,self__PV-015,self__FR-004,self__PV-011,self__PV-021,self__INT-003,self__OB-005,self__PV-023,self__FR-001,self__HF-004,self__PV-002,self__OB-002,self__OB-001,self__FR-010",2021-08-19,2021-11-19,2021-11-22,2021-12-17,self__PV-023,8.0,34.06588006019592
__joint_lightgbm__,final_joint,"self__FR-013,self__INT-002,self__OB-004,self__PV-009,self__OB-003,self__FR-012,self__PV-017,self__PV-019,self__HF-001,self__PV-010,self__FR-002,self__PV-016,self__FR-005,self__PV-004,self__PV-015,self__FR-004,self__PV-011,self__PV-021,self__INT-003,self__OB-005,self__PV-023,self__FR-001,self__HF-004,self__PV-002,self__OB-002,self__OB-001,self__FR-010",2021-08-19,2021-11-19,2021-11-22,2021-12-17,self__FR-001,1.0,6.498030185699463
__joint_lightgbm__,final_joint,"self__FR-013,self__INT-002,self__OB-004,self__PV-009,self__OB-003,self__FR-012,self__PV-017,self__PV-019,self__HF-001,self__PV-010,self__FR-002,self__PV-016,self__FR-005,self__PV-004,self__PV-015,self__FR-004,self__PV-011,self__PV-021,self__INT-003,self__OB-005,self__PV-023,self__FR-001,self__HF-004,self__PV-002,self__OB-002,self__OB-001,self__FR-010",2021-08-19,2021-11-19,2021-11-22,2021-12-17,self__HF-004,33.0,138.4084094762802
__joint_lightgbm__,final_joint,"self__FR-013,self__INT-002,self__OB-004,self__PV-009,self__OB-003,self__FR-012,self__PV-017,self__PV-019,self__HF-001,self__PV-010,self__FR-002,self__PV-016,self__FR-005,self__PV-004,self__PV-015,self__FR-004,self__PV-011,self__PV-021,self__INT-003,self__OB-005,self__PV-023,self__FR-001,self__HF-004,self__PV-002,self__OB-002,self__OB-001,self__FR-010",2021-08-19,2021-11-19,2021-11-22,2021-12-17,self__PV-002,76.0,602.7955502271652
__joint_lightgbm__,final_joint,"self__FR-013,self__INT-002,self__OB-004,self__PV-009,self__OB-003,self__FR-012,self__PV-017,self__PV-019,self__HF-001,self__PV-010,self__FR-002,self__PV-016,self__FR-005,self__PV-004,self__PV-015,self__FR-004,self__PV-011,self__PV-021,self__INT-003,self__OB-005,self__PV-023,self__FR-001,self__HF-004,self__PV-002,self__OB-002,self__OB-001,self__FR-010",2021-08-19,2021-11-19,2021-11-22,2021-12-17,self__OB-002,4.0,27.046350479125977
__joint_lightgbm__,final_joint,"self__FR-013,self__INT-002,self__OB-004,self__PV-009,self__OB-003,self__FR-012,self__PV-017,self__PV-019,self__HF-001,self__PV-010,self__FR-002,self__PV-016,self__FR-005,self__PV-004,self__PV-015,self__FR-004,self__PV-011,self__PV-021,self__INT-003,self__OB-005,self__PV-023,self__FR-001,self__HF-004,self__PV-002,self__OB-002,self__OB-001,self__FR-010",2021-08-19,2021-11-19,2021-11-22,2021-12-17,self__OB-001,24.0,113.59518897533417
__joint_lightgbm__,final_joint,"self__FR-013,self__INT-002,self__OB-004,self__PV-009,self__OB-003,self__FR-012,self__PV-017,self__PV-019,self__HF-001,self__PV-010,self__FR-002,self__PV-016,self__FR-005,self__PV-004,self__PV-015,self__FR-004,self__PV-011,self__PV-021,self__INT-003,self__OB-005,self__PV-023,self__FR-001,self__HF-004,self__PV-002,self__OB-002,self__OB-001,self__FR-010",2021-08-19,2021-11-19,2021-11-22,2021-12-17,self__FR-010,8.0,58.17484903335571
__joint_lightgbm__,final_joint,"self__FR-013,self__INT-002,self__OB-004,self__PV-009,self__OB-003,self__FR-012,self__PV-017,self__PV-019,self__HF-001,self__PV-010,self__FR-002,self__PV-016,self__FR-005,self__PV-004,self__PV-015,self__FR-004,self__PV-011,self__PV-021,self__INT-003,self__OB-005,self__PV-023,self__FR-001,self__HF-004,self__PV-002,self__OB-002,self__OB-001,self__FR-010",2021-09-16,2021-12-17,2021-12-20,2021-12-31,factorlib__amount,30.0,259.1633505821228
__joint_lightgbm__,final_joint,"self__FR-013,self__INT-002,self__OB-004,self__PV-009,self__OB-003,self__FR-012,self__PV-017,self__PV-019,self__HF-001,self__PV-010,self__FR-002,self__PV-016,self__FR-005,self__PV-004,self__PV-015,self__FR-004,self__PV-011,self__PV-021,self__INT-003,self__OB-005,self__PV-023,self__FR-001,self__HF-004,self__PV-002,self__OB-002,self__OB-001,self__FR-010",2021-09-16,2021-12-17,2021-12-20,2021-12-31,factorlib__atr_14,23.0,149.52771067619324
__joint_lightgbm__,final_joint,"self__FR-013,self__INT-002,self__OB-004,self__PV-009,self__OB-003,self__FR-012,self__PV-017,self__PV-019,self__HF-001,self__PV-010,self__FR-002,self__PV-016,self__FR-005,self__PV-004,self__PV-015,self__FR-004,self__PV-011,self__PV-021,self__INT-003,self__OB-005,self__PV-023,self__FR-001,self__HF-004,self__PV-002,self__OB-002,self__OB-001,self__FR-010",2021-09-16,2021-12-17,2021-12-20,2021-12-31,factorlib__bias_20,59.0,472.75628876686096
__joint_lightgbm__,final_joint,"self__FR-013,self__INT-002,self__OB-004,self__PV-009,self__OB-003,self__FR-012,self__PV-017,self__PV-019,self__HF-001,self__PV-010,self__FR-002,self__PV-016,self__FR-005,self__PV-004,self__PV-015,self__FR-004,self__PV-011,self__PV-021,self__INT-003,self__OB-005,self__PV-023,self__FR-001,self__HF-004,self__PV-002,self__OB-002,self__OB-001,self__FR-010",2021-09-16,2021-12-17,2021-12-20,2021-12-31,factorlib__cci_14,45.0,251.46642196178436
__joint_lightgbm__,final_joint,"self__FR-013,self__INT-002,self__OB-004,self__PV-009,self__OB-003,self__FR-012,self__PV-017,self__PV-019,self__HF-001,self__PV-010,self__FR-002,self__PV-016,self__FR-005,self__PV-004,self__PV-015,self__FR-004,self__PV-011,self__PV-021,self__INT-003,self__OB-005,self__PV-023,self__FR-001,self__HF-004,self__PV-002,self__OB-002,self__OB-001,self__FR-010",2021-09-16,2021-12-17,2021-12-20,2021-12-31,factorlib__float_market_cap,5.0,20.264090538024902
__joint_lightgbm__,final_joint,"self__FR-013,self__INT-002,self__OB-004,self__PV-009,self__OB-003,self__FR-012,self__PV-017,self__PV-019,self__HF-001,self__PV-010,self__FR-002,self__PV-016,self__FR-005,self__PV-004,self__PV-015,self__FR-004,self__PV-011,self__PV-021,self__INT-003,self__OB-005,self__PV-023,self__FR-001,self__HF-004,self__PV-002,self__OB-002,self__OB-001,self__FR-010",2021-09-16,2021-12-17,2021-12-20,2021-12-31,factorlib__kdj_d_9_3_3,38.0,244.3129506111145
__joint_lightgbm__,final_joint,"self__FR-013,self__INT-002,self__OB-004,self__PV-009,self__OB-003,self__FR-012,self__PV-017,self__PV-019,self__HF-001,self__PV-010,self__FR-002,self__PV-016,self__FR-005,self__PV-004,self__PV-015,self__FR-004,self__PV-011,self__PV-021,self__INT-003,self__OB-005,self__PV-023,self__FR-001,self__HF-004,self__PV-002,self__OB-002,self__OB-001,self__FR-010",2021-09-16,2021-12-17,2021-12-20,2021-12-31,factorlib__macd_diff_12_26_9,95.0,1386.5128506422043
__joint_lightgbm__,final_joint,"self__FR-013,self__INT-002,self__OB-004,self__PV-009,self__OB-003,self__FR-012,self__PV-017,self__PV-019,self__HF-001,self__PV-010,self__FR-002,self__PV-016,self__FR-005,self__PV-004,self__PV-015,self__FR-004,self__PV-011,self__PV-021,self__INT-003,self__OB-005,self__PV-023,self__FR-001,self__HF-004,self__PV-002,self__OB-002,self__OB-001,self__FR-010",2021-09-16,2021-12-17,2021-12-20,2021-12-31,factorlib__macd_hist_12_26_9,34.0,217.1935293674469
__joint_lightgbm__,final_joint,"self__FR-013,self__INT-002,self__OB-004,self__PV-009,self__OB-003,self__FR-012,self__PV-017,self__PV-019,self__HF-001,self__PV-010,self__FR-002,self__PV-016,self__FR-005,self__PV-004,self__PV-015,self__FR-004,self__PV-011,self__PV-021,self__INT-003,self__OB-005,self__PV-023,self__FR-001,self__HF-004,self__PV-002,self__OB-002,self__OB-001,self__FR-010",2021-09-16,2021-12-17,2021-12-20,2021-12-31,factorlib__momentum_5,34.0,201.77268052101135
__joint_lightgbm__,final_joint,"self__FR-013,self__INT-002,self__OB-004,self__PV-009,self__OB-003,self__FR-012,self__PV-017,self__PV-019,self__HF-001,self__PV-010,self__FR-002,self__PV-016,self__FR-005,self__PV-004,self__PV-015,self__FR-004,self__PV-011,self__PV-021,self__INT-003,self__OB-005,self__PV-023,self__FR-001,self__HF-004,self__PV-002,self__OB-002,self__OB-001,self__FR-010",2021-09-16,2021-12-17,2021-12-20,2021-12-31,factorlib__net_profit_rate_ttm,22.0,104.3035786151886
__joint_lightgbm__,final_joint,"self__FR-013,self__INT-002,self__OB-004,self__PV-009,self__OB-003,self__FR-012,self__PV-017,self__PV-019,self__HF-001,self__PV-010,self__FR-002,self__PV-016,self__FR-005,self__PV-004,self__PV-015,self__FR-004,self__PV-011,self__PV-021,self__INT-003,self__OB-005,self__PV-023,self__FR-001,self__HF-004,self__PV-002,self__OB-002,self__OB-001,self__FR-010",2021-09-16,2021-12-17,2021-12-20,2021-12-31,factorlib__netflow_amount_rate_main,85.0,546.8345409631729
__joint_lightgbm__,final_joint,"self__FR-013,self__INT-002,self__OB-004,self__PV-009,self__OB-003,self__FR-012,self__PV-017,self__PV-019,self__HF-001,self__PV-010,self__FR-002,self__PV-016,self__FR-005,self__PV-004,self__PV-015,self__FR-004,self__PV-011,self__PV-021,self__INT-003,self__OB-005,self__PV-023,self__FR-001,self__HF-004,self__PV-002,self__OB-002,self__OB-001,self__FR-010",2021-09-16,2021-12-17,2021-12-20,2021-12-31,factorlib__total_market_cap,15.0,76.27726936340332
__joint_lightgbm__,final_joint,"self__FR-013,self__INT-002,self__OB-004,self__PV-009,self__OB-003,self__FR-012,self__PV-017,self__PV-019,self__HF-001,self__PV-010,self__FR-002,self__PV-016,self__FR-005,self__PV-004,self__PV-015,self__FR-004,self__PV-011,self__PV-021,self__INT-003,self__OB-005,self__PV-023,self__FR-001,self__HF-004,self__PV-002,self__OB-002,self__OB-001,self__FR-010",2021-09-16,2021-12-17,2021-12-20,2021-12-31,factorlib__turn,41.0,505.5559000968933
__joint_lightgbm__,final_joint,"self__FR-013,self__INT-002,self__OB-004,self__PV-009,self__OB-003,self__FR-012,self__PV-017,self__PV-019,self__HF-001,self__PV-010,self__FR-002,self__PV-016,self__FR-005,self__PV-004,self__PV-015,self__FR-004,self__PV-011,self__PV-021,self__INT-003,self__OB-005,self__PV-023,self__FR-001,self__HF-004,self__PV-002,self__OB-002,self__OB-001,self__FR-010",2021-09-16,2021-12-17,2021-12-20,2021-12-31,factorlib__volatility_5,32.0,290.5117700099945
__joint_lightgbm__,final_joint,"self__FR-013,self__INT-002,self__OB-004,self__PV-009,self__OB-003,self__FR-012,self__PV-017,self__PV-019,self__HF-001,self__PV-010,self__FR-002,self__PV-016,self__FR-005,self__PV-004,self__PV-015,self__FR-004,self__PV-011,self__PV-021,self__INT-003,self__OB-005,self__PV-023,self__FR-001,self__HF-004,self__PV-002,self__OB-002,self__OB-001,self__FR-010",2021-09-16,2021-12-17,2021-12-20,2021-12-31,factorlib__volume,43.0,413.18261766433716
__joint_lightgbm__,final_joint,"self__FR-013,self__INT-002,self__OB-004,self__PV-009,self__OB-003,self__FR-012,self__PV-017,self__PV-019,self__HF-001,self__PV-010,self__FR-002,self__PV-016,self__FR-005,self__PV-004,self__PV-015,self__FR-004,self__PV-011,self__PV-021,self__INT-003,self__OB-005,self__PV-023,self__FR-001,self__HF-004,self__PV-002,self__OB-002,self__OB-001,self__FR-010",2021-09-16,2021-12-17,2021-12-20,2021-12-31,self__FR-013,3.0,18.1783504486084
__joint_lightgbm__,final_joint,"self__FR-013,self__INT-002,self__OB-004,self__PV-009,self__OB-003,self__FR-012,self__PV-017,self__PV-019,self__HF-001,self__PV-010,self__FR-002,self__PV-016,self__FR-005,self__PV-004,self__PV-015,self__FR-004,self__PV-011,self__PV-021,self__INT-003,self__OB-005,self__PV-023,self__FR-001,self__HF-004,self__PV-002,self__OB-002,self__OB-001,self__FR-010",2021-09-16,2021-12-17,2021-12-20,2021-12-31,self__INT-002,41.0,264.0156509876251
__joint_lightgbm__,final_joint,"self__FR-013,self__INT-002,self__OB-004,self__PV-009,self__OB-003,self__FR-012,self__PV-017,self__PV-019,self__HF-001,self__PV-010,self__FR-002,self__PV-016,self__FR-005,self__PV-004,self__PV-015,self__FR-004,self__PV-011,self__PV-021,self__INT-003,self__OB-005,self__PV-023,self__FR-001,self__HF-004,self__PV-002,self__OB-002,self__OB-001,self__FR-010",2021-09-16,2021-12-17,2021-12-20,2021-12-31,self__OB-004,16.0,82.71663975715637
__joint_lightgbm__,final_joint,"self__FR-013,self__INT-002,self__OB-004,self__PV-009,self__OB-003,self__FR-012,self__PV-017,self__PV-019,self__HF-001,self__PV-010,self__FR-002,self__PV-016,self__FR-005,self__PV-004,self__PV-015,self__FR-004,self__PV-011,self__PV-021,self__INT-003,self__OB-005,self__PV-023,self__FR-001,self__HF-004,self__PV-002,self__OB-002,self__OB-001,self__FR-010",2021-09-16,2021-12-17,2021-12-20,2021-12-31,self__PV-009,22.0,80.52532994747162
__joint_lightgbm__,final_joint,"self__FR-013,self__INT-002,self__OB-004,self__PV-009,self__OB-003,self__FR-012,self__PV-017,self__PV-019,self__HF-001,self__PV-010,self__FR-002,self__PV-016,self__FR-005,self__PV-004,self__PV-015,self__FR-004,self__PV-011,self__PV-021,self__INT-003,self__OB-005,self__PV-023,self__FR-001,self__HF-004,self__PV-002,self__OB-002,self__OB-001,self__FR-010",2021-09-16,2021-12-17,2021-12-20,2021-12-31,self__OB-003,35.0,168.5012412071228
__joint_lightgbm__,final_joint,"self__FR-013,self__INT-002,self__OB-004,self__PV-009,self__OB-003,self__FR-012,self__PV-017,self__PV-019,self__HF-001,self__PV-010,self__FR-002,self__PV-016,self__FR-005,self__PV-004,self__PV-015,self__FR-004,self__PV-011,self__PV-021,self__INT-003,self__OB-005,self__PV-023,self__FR-001,self__HF-004,self__PV-002,self__OB-002,self__OB-001,self__FR-010",2021-09-16,2021-12-17,2021-12-20,2021-12-31,self__FR-012,17.0,77.53344964981079
__joint_lightgbm__,final_joint,"self__FR-013,self__INT-002,self__OB-004,self__PV-009,self__OB-003,self__FR-012,self__PV-017,self__PV-019,self__HF-001,self__PV-010,self__FR-002,self__PV-016,self__FR-005,self__PV-004,self__PV-015,self__FR-004,self__PV-011,self__PV-021,self__INT-003,self__OB-005,self__PV-023,self__FR-001,self__HF-004,self__PV-002,self__OB-002,self__OB-001,self__FR-010",2021-09-16,2021-12-17,2021-12-20,2021-12-31,self__PV-017,6.0,37.528160095214844
__joint_lightgbm__,final_joint,"self__FR-013,self__INT-002,self__OB-004,self__PV-009,self__OB-003,self__FR-012,self__PV-017,self__PV-019,self__HF-001,self__PV-010,self__FR-002,self__PV-016,self__FR-005,self__PV-004,self__PV-015,self__FR-004,self__PV-011,self__PV-021,self__INT-003,self__OB-005,self__PV-023,self__FR-001,self__HF-004,self__PV-002,self__OB-002,self__OB-001,self__FR-010",2021-09-16,2021-12-17,2021-12-20,2021-12-31,self__PV-019,20.0,123.91478824615479
__joint_lightgbm__,final_joint,"self__FR-013,self__INT-002,self__OB-004,self__PV-009,self__OB-003,self__FR-012,self__PV-017,self__PV-019,self__HF-001,self__PV-010,self__FR-002,self__PV-016,self__FR-005,self__PV-004,self__PV-015,self__FR-004,self__PV-011,self__PV-021,self__INT-003,self__OB-005,self__PV-023,self__FR-001,self__HF-004,self__PV-002,self__OB-002,self__OB-001,self__FR-010",2021-09-16,2021-12-17,2021-12-20,2021-12-31,self__HF-001,7.0,42.32221984863281
__joint_lightgbm__,final_joint,"self__FR-013,self__INT-002,self__OB-004,self__PV-009,self__OB-003,self__FR-012,self__PV-017,self__PV-019,self__HF-001,self__PV-010,self__FR-002,self__PV-016,self__FR-005,self__PV-004,self__PV-015,self__FR-004,self__PV-011,self__PV-021,self__INT-003,self__OB-005,self__PV-023,self__FR-001,self__HF-004,self__PV-002,self__OB-002,self__OB-001,self__FR-010",2021-09-16,2021-12-17,2021-12-20,2021-12-31,self__PV-010,6.0,28.376050233840942
__joint_lightgbm__,final_joint,"self__FR-013,self__INT-002,self__OB-004,self__PV-009,self__OB-003,self__FR-012,self__PV-017,self__PV-019,self__HF-001,self__PV-010,self__FR-002,self__PV-016,self__FR-005,self__PV-004,self__PV-015,self__FR-004,self__PV-011,self__PV-021,self__INT-003,self__OB-005,self__PV-023,self__FR-001,self__HF-004,self__PV-002,self__OB-002,self__OB-001,self__FR-010",2021-09-16,2021-12-17,2021-12-20,2021-12-31,self__FR-002,22.0,101.78612041473389
__joint_lightgbm__,final_joint,"self__FR-013,self__INT-002,self__OB-004,self__PV-009,self__OB-003,self__FR-012,self__PV-017,self__PV-019,self__HF-001,self__PV-010,self__FR-002,self__PV-016,self__FR-005,self__PV-004,self__PV-015,self__FR-004,self__PV-011,self__PV-021,self__INT-003,self__OB-005,self__PV-023,self__FR-001,self__HF-004,self__PV-002,self__OB-002,self__OB-001,self__FR-010",2021-09-16,2021-12-17,2021-12-20,2021-12-31,self__PV-016,1.0,4.0883002281188965
__joint_lightgbm__,final_joint,"self__FR-013,self__INT-002,self__OB-004,self__PV-009,self__OB-003,self__FR-012,self__PV-017,self__PV-019,self__HF-001,self__PV-010,self__FR-002,self__PV-016,self__FR-005,self__PV-004,self__PV-015,self__FR-004,self__PV-011,self__PV-021,self__INT-003,self__OB-005,self__PV-023,self__FR-001,self__HF-004,self__PV-002,self__OB-002,self__OB-001,self__FR-010",2021-09-16,2021-12-17,2021-12-20,2021-12-31,self__FR-005,15.0,75.5489706993103
__joint_lightgbm__,final_joint,"self__FR-013,self__INT-002,self__OB-004,self__PV-009,self__OB-003,self__FR-012,self__PV-017,self__PV-019,self__HF-001,self__PV-010,self__FR-002,self__PV-016,self__FR-005,self__PV-004,self__PV-015,self__FR-004,self__PV-011,self__PV-021,self__INT-003,self__OB-005,self__PV-023,self__FR-001,self__HF-004,self__PV-002,self__OB-002,self__OB-001,self__FR-010",2021-09-16,2021-12-17,2021-12-20,2021-12-31,self__PV-004,43.0,257.1049792766571
__joint_lightgbm__,final_joint,"self__FR-013,self__INT-002,self__OB-004,self__PV-009,self__OB-003,self__FR-012,self__PV-017,self__PV-019,self__HF-001,self__PV-010,self__FR-002,self__PV-016,self__FR-005,self__PV-004,self__PV-015,self__FR-004,self__PV-011,self__PV-021,self__INT-003,self__OB-005,self__PV-023,self__FR-001,self__HF-004,self__PV-002,self__OB-002,self__OB-001,self__FR-010",2021-09-16,2021-12-17,2021-12-20,2021-12-31,self__PV-015,2.0,11.090740203857422
__joint_lightgbm__,final_joint,"self__FR-013,self__INT-002,self__OB-004,self__PV-009,self__OB-003,self__FR-012,self__PV-017,self__PV-019,self__HF-001,self__PV-010,self__FR-002,self__PV-016,self__FR-005,self__PV-004,self__PV-015,self__FR-004,self__PV-011,self__PV-021,self__INT-003,self__OB-005,self__PV-023,self__FR-001,self__HF-004,self__PV-002,self__OB-002,self__OB-001,self__FR-010",2021-09-16,2021-12-17,2021-12-20,2021-12-31,self__FR-004,10.0,41.770039558410645
__joint_lightgbm__,final_joint,"self__FR-013,self__INT-002,self__OB-004,self__PV-009,self__OB-003,self__FR-012,self__PV-017,self__PV-019,self__HF-001,self__PV-010,self__FR-002,self__PV-016,self__FR-005,self__PV-004,self__PV-015,self__FR-004,self__PV-011,self__PV-021,self__INT-003,self__OB-005,self__PV-023,self__FR-001,self__HF-004,self__PV-002,self__OB-002,self__OB-001,self__FR-010",2021-09-16,2021-12-17,2021-12-20,2021-12-31,self__PV-011,25.0,115.07406973838806
__joint_lightgbm__,final_joint,"self__FR-013,self__INT-002,self__OB-004,self__PV-009,self__OB-003,self__FR-012,self__PV-017,self__PV-019,self__HF-001,self__PV-010,self__FR-002,self__PV-016,self__FR-005,self__PV-004,self__PV-015,self__FR-004,self__PV-011,self__PV-021,self__INT-003,self__OB-005,self__PV-023,self__FR-001,self__HF-004,self__PV-002,self__OB-002,self__OB-001,self__FR-010",2021-09-16,2021-12-17,2021-12-20,2021-12-31,self__PV-021,16.0,78.82730031013489
__joint_lightgbm__,final_joint,"self__FR-013,self__INT-002,self__OB-004,self__PV-009,self__OB-003,self__FR-012,self__PV-017,self__PV-019,self__HF-001,self__PV-010,self__FR-002,self__PV-016,self__FR-005,self__PV-004,self__PV-015,self__FR-004,self__PV-011,self__PV-021,self__INT-003,self__OB-005,self__PV-023,self__FR-001,self__HF-004,self__PV-002,self__OB-002,self__OB-001,self__FR-010",2021-09-16,2021-12-17,2021-12-20,2021-12-31,self__INT-003,59.0,348.8331894874573
__joint_lightgbm__,final_joint,"self__FR-013,self__INT-002,self__OB-004,self__PV-009,self__OB-003,self__FR-012,self__PV-017,self__PV-019,self__HF-001,self__PV-010,self__FR-002,self__PV-016,self__FR-005,self__PV-004,self__PV-015,self__FR-004,self__PV-011,self__PV-021,self__INT-003,self__OB-005,self__PV-023,self__FR-001,self__HF-004,self__PV-002,self__OB-002,self__OB-001,self__FR-010",2021-09-16,2021-12-17,2021-12-20,2021-12-31,self__OB-005,62.0,328.8117493391037
__joint_lightgbm__,final_joint,"self__FR-013,self__INT-002,self__OB-004,self__PV-009,self__OB-003,self__FR-012,self__PV-017,self__PV-019,self__HF-001,self__PV-010,self__FR-002,self__PV-016,self__FR-005,self__PV-004,self__PV-015,self__FR-004,self__PV-011,self__PV-021,self__INT-003,self__OB-005,self__PV-023,self__FR-001,self__HF-004,self__PV-002,self__OB-002,self__OB-001,self__FR-010",2021-09-16,2021-12-17,2021-12-20,2021-12-31,self__PV-023,15.0,69.25029945373535
__joint_lightgbm__,final_joint,"self__FR-013,self__INT-002,self__OB-004,self__PV-009,self__OB-003,self__FR-012,self__PV-017,self__PV-019,self__HF-001,self__PV-010,self__FR-002,self__PV-016,self__FR-005,self__PV-004,self__PV-015,self__FR-004,self__PV-011,self__PV-021,self__INT-003,self__OB-005,self__PV-023,self__FR-001,self__HF-004,self__PV-002,self__OB-002,self__OB-001,self__FR-010",2021-09-16,2021-12-17,2021-12-20,2021-12-31,self__FR-001,2.0,8.280060291290283
__joint_lightgbm__,final_joint,"self__FR-013,self__INT-002,self__OB-004,self__PV-009,self__OB-003,self__FR-012,self__PV-017,self__PV-019,self__HF-001,self__PV-010,self__FR-002,self__PV-016,self__FR-005,self__PV-004,self__PV-015,self__FR-004,self__PV-011,self__PV-021,self__INT-003,self__OB-005,self__PV-023,self__FR-001,self__HF-004,self__PV-002,self__OB-002,self__OB-001,self__FR-010",2021-09-16,2021-12-17,2021-12-20,2021-12-31,self__HF-004,28.0,150.56800961494446
__joint_lightgbm__,final_joint,"self__FR-013,self__INT-002,self__OB-004,self__PV-009,self__OB-003,self__FR-012,self__PV-017,self__PV-019,self__HF-001,self__PV-010,self__FR-002,self__PV-016,self__FR-005,self__PV-004,self__PV-015,self__FR-004,self__PV-011,self__PV-021,self__INT-003,self__OB-005,self__PV-023,self__FR-001,self__HF-004,self__PV-002,self__OB-002,self__OB-001,self__FR-010",2021-09-16,2021-12-17,2021-12-20,2021-12-31,self__PV-002,72.0,547.2028515338898
__joint_lightgbm__,final_joint,"self__FR-013,self__INT-002,self__OB-004,self__PV-009,self__OB-003,self__FR-012,self__PV-017,self__PV-019,self__HF-001,self__PV-010,self__FR-002,self__PV-016,self__FR-005,self__PV-004,self__PV-015,self__FR-004,self__PV-011,self__PV-021,self__INT-003,self__OB-005,self__PV-023,self__FR-001,self__HF-004,self__PV-002,self__OB-002,self__OB-001,self__FR-010",2021-09-16,2021-12-17,2021-12-20,2021-12-31,self__OB-002,12.0,61.36529004573822
__joint_lightgbm__,final_joint,"self__FR-013,self__INT-002,self__OB-004,self__PV-009,self__OB-003,self__FR-012,self__PV-017,self__PV-019,self__HF-001,self__PV-010,self__FR-002,self__PV-016,self__FR-005,self__PV-004,self__PV-015,self__FR-004,self__PV-011,self__PV-021,self__INT-003,self__OB-005,self__PV-023,self__FR-001,self__HF-004,self__PV-002,self__OB-002,self__OB-001,self__FR-010",2021-09-16,2021-12-17,2021-12-20,2021-12-31,self__OB-001,35.0,132.8097701072693
__joint_lightgbm__,final_joint,"self__FR-013,self__INT-002,self__OB-004,self__PV-009,self__OB-003,self__FR-012,self__PV-017,self__PV-019,self__HF-001,self__PV-010,self__FR-002,self__PV-016,self__FR-005,self__PV-004,self__PV-015,self__FR-004,self__PV-011,self__PV-021,self__INT-003,self__OB-005,self__PV-023,self__FR-001,self__HF-004,self__PV-002,self__OB-002,self__OB-001,self__FR-010",2021-09-16,2021-12-17,2021-12-20,2021-12-31,self__FR-010,7.0,34.67148971557617
