strategy,date,closing_nav,net_return,cost_amount,traded_notional,one_way_turnover,period_nav
baseline_daily,2025-01-02,1.0,0.0,0.0,0.0,0.0,1.0
baseline_daily,2025-01-03,1.0009308384269457,0.0009308384269457459,0.0010987913295375086,1.997802417340925,0.9989012086704625,1.0009308384269457
baseline_daily,2025-01-06,0.9999802329203719,-0.0009497214693353628,0.0016300231798444887,2.9624822982231005,1.4789740712317476,0.9999802329203719
baseline_daily,2025-01-07,0.9974091826210032,-0.002571101122529229,0.0016125714712075386,2.9300427797438098,1.466330610045365,0.9974091826210032
baseline_daily,2025-01-08,0.9948584828154371,-0.002557325368574781,0.0014447175502305125,2.6258395347666115,1.3135569474258502,0.9948584828154371
baseline_daily,2025-01-09,0.9884373343674836,-0.00645433351463387,0.001545831034055238,2.8129280173551265,1.4163988404473657,0.9884373343674836
baseline_daily,2025-01-10,0.9879816075719613,-0.0004610578533175147,0.001451930802435224,2.6405710991612903,1.3337273021122837,0.9879816075719613
baseline_daily,2025-01-13,0.9880521819188456,7.143285496757912e-05,0.001558303015768623,2.8348859395860257,1.431941264319173,0.9880521819188456
baseline_daily,2025-01-14,0.9890925286708562,0.0010529269314401013,0.0014931405970717861,2.714761508100006,1.37330582147722,0.9890925286708561
baseline_daily,2025-01-15,0.98905407546298,-3.8877260480241205e-05,0.0015233914937581186,2.7667879091965477,1.3993353838318037,0.9890540754629799
baseline_daily,2025-01-16,0.987403066774844,-0.0016692805065922078,0.001512240123217106,2.75158529890618,1.3932298296164554,0.9874030667748439
baseline_daily,2025-01-17,0.9881812828151618,0.0007881442406896255,0.0014745541817235545,2.678430203017897,1.3572495174685015,0.9881812828151618
baseline_daily,2025-01-20,0.9914753468248786,0.0033334612454229973,0.0014662685496654349,2.6638669362954883,1.3456562222732624,0.9914753468248786
baseline_daily,2025-01-21,0.9914003287853137,-7.566304074546615e-05,0.0014253171041821021,2.591946489815963,1.306077406513285,0.9914003287853137
baseline_daily,2025-01-22,0.9901939488476658,-0.0012168443994022837,0.0015382795155560252,2.793278363646264,1.4053451155261754,0.9901939488476658
baseline_daily,2025-01-23,0.9902229811083079,2.9319771824409813e-05,0.0015707878332408428,2.8593455252884796,1.4444111570241127,0.9902229811083079
baseline_daily,2025-01-24,0.9905008547882727,0.0002806172804168394,0.0015473454417124057,2.8118754738910456,1.418017548370182,0.9905008547882728
baseline_daily,2025-01-27,0.987925589930778,-0.0025999622767061137,0.001672083910021869,3.039831478740499,1.5342761980070638,0.9879255899307781
baseline_daily,2025-02-05,0.9903316790514864,0.002435496301778306,0.00158385033556845,2.8800774170181214,1.4572352799661519,0.9903316790514867
baseline_daily,2025-02-06,0.9823408050539123,-0.008068886582753398,0.001568750949235475,2.850699679015678,1.4396312221968082,0.9823408050539125
baseline_daily,2025-02-07,0.9835743782011055,0.001255748657539968,0.0016102094032294215,2.930632870308259,1.4922418807312918,0.9835743782011057
baseline_daily,2025-02-10,0.9806209189302185,-0.0030027818295639275,0.0015579466647804665,2.8313148938516277,1.439788206332949,0.9806209189302187
baseline_daily,2025-02-11,0.9762530656553499,-0.004454171016088138,0.0015459142925101244,2.8121116576433685,1.4366659511852098,0.9762530656553501
baseline_daily,2025-02-12,0.974260000999279,-0.0020415450933646273,0.00150191900822076,2.731318931112021,1.3993529317125786,0.9742600009992792
baseline_daily,2025-02-13,0.9709667627272931,-0.0033802457953812093,0.0014584788833937145,2.652510545503845,1.363320516130461,0.9709667627272933
baseline_daily,2025-02-14,0.9700525683675861,-0.0009415300243018621,0.0014660724954394038,2.665181145188072,1.3706317611468437,0.9700525683675864
baseline_daily,2025-02-17,0.9737204977385546,0.0037811655683164247,0.001569014314462161,2.855428128337951,1.4722714103537735,0.9737204977385547
baseline_daily,2025-02-18,0.9726793815682518,-0.0010692145977421186,0.0015020191248514962,2.725876548419137,1.3986401165735844,0.972679381568252
baseline_daily,2025-02-19,0.9720246483763944,-0.0006731233377249568,0.0015945486462957592,2.89940713016051,1.4907425613183267,0.9720246483763945
baseline_daily,2025-02-20,0.9769380696639375,0.005054831989857567,0.001417263687374392,2.575793139311947,1.3233816410392985,0.9769380696639375
baseline_daily,2025-02-21,0.9742752439996712,-0.00272568522709149,0.001475084099965871,2.68011277950139,1.373209674612508,0.9742752439996712
baseline_daily,2025-02-24,0.9689321363144312,-0.005484187059198065,0.0014399069447568538,2.6184754943842448,1.345065321395529,0.9689321363144312
baseline_daily,2025-02-25,0.9687411276581085,-0.00019713316254454938,0.0014201528262659515,2.584732758677163,1.3310044069156024,0.9687411276581085
baseline_daily,2025-02-26,0.9687383892120652,-2.826808901845723e-06,0.0014970388319417755,2.7196226513990487,1.4023178762992194,0.9687383892120652
baseline_daily,2025-02-27,0.9699495899117057,0.001250286675049228,0.0015075005894049486,2.7402351626164503,1.4129638390959791,0.9699495899117058
baseline_daily,2025-02-28,0.962229044876993,-0.007959738439000108,0.001572932736799944,2.860442297543867,1.4791412060734357,0.9622290448769931
baseline_daily,2025-03-03,0.9544420821719376,-0.008092629033091492,0.001556783192322563,2.832863045211382,1.4751608429188157,0.9544420821719377
baseline_daily,2025-03-04,0.9560399287495243,0.0016741158080022522,0.001634326104281001,2.971429036810159,1.5573043777204851,0.9560399287495244
baseline_daily,2025-03-05,0.9556858721440252,-0.0003703366301469613,0.0014011573946495614,2.547534627544611,1.3307073805604903,0.9556858721440253
baseline_daily,2025-03-06,0.9550337369257359,-0.0006823740282215773,0.001410088555024892,2.5617882045243343,1.3406054129605869,0.955033736925736
baseline_daily,2025-03-07,0.9520731326529357,-0.0030999996736559288,0.001420727357318547,2.585009712128241,1.353822645330427,0.9520731326529358
baseline_daily,2025-03-10,0.9503546364023132,-0.0018050044599345894,0.0014324704643648974,2.6044539674591585,1.3659197301375416,0.9503546364023133
baseline_daily,2025-03-11,0.9483780791295795,-0.002079810206657373,0.0014784893159230312,2.688370590209318,1.4127316550524665,0.9483780791295796
baseline_daily,2025-03-12,0.946699209833179,-0.0017702531652158404,0.0014058750017503952,2.556394400016721,1.3462736845887382,0.9466992098331791
baseline_daily,2025-03-13,0.9434722246512789,-0.0034086699855477853,0.0014342139037134285,2.6079756716566664,1.376477750274132,0.943472224651279
baseline_daily,2025-03-14,0.9437943415037333,0.000341416359738167,0.0015117018943062866,2.750048134269295,1.4587503120292529,0.9437943415037335
baseline_daily,2025-03-17,0.9450968975754527,0.0013801270196682758,0.0014054471939937015,2.555675378871317,1.3517440783932637,0.9450968975754529
baseline_daily,2025-03-18,0.9445285473986086,-0.0006013670961169115,0.0014397176608821258,2.61687463864188,1.3836144131718726,0.9445285473986088
baseline_daily,2025-03-19,0.943962934224627,-0.0005988312111258054,0.0014355733311655504,2.6100841522630236,1.3819699517200492,0.9439629342246272
baseline_daily,2025-03-20,0.9482107225782357,0.004499952487115211,0.0014844515832155524,2.698003101642393,1.4273659982066638,0.9482107225782359
baseline_daily,2025-03-21,0.9474240624037763,-0.0008296259003699458,0.0015118330493618408,2.7468800980036567,1.449066708381937,0.9474240624037765
baseline_daily,2025-03-24,0.943643720386856,-0.003990126667596905,0.001503281650363559,2.7333787031202785,1.44471598765459,0.9436437203868562
baseline_daily,2025-03-25,0.9469287783345107,0.0034812481413091234,0.0014373539552834257,2.6133765377833553,1.3835062511019574,0.946928778334511
baseline_daily,2025-03-26,0.9496527745706602,0.0028766643262658764,0.0014614832502216626,2.654074456969558,1.3968699554371402,0.9496527745706603
baseline_daily,2025-03-27,0.9482021696845364,-0.0015275108176034946,0.0013983993946222128,2.5396978743437515,1.3365914316709762,0.9482021696845365
baseline_daily,2025-03-28,0.9444060602319246,-0.004003481086606975,0.0013976987974759743,2.5433720178351433,1.3403574518341388,0.9444060602319247
baseline_daily,2025-03-31,0.94292075815207,-0.0015727367097685407,0.0014882016690116473,2.7019873183222485,1.427905560354525,0.9429207581520701
baseline_daily,2025-04-01,0.9402914297297359,-0.0027884935182539428,0.0014009775779577343,2.548043560106728,1.3512270552542247,0.940291429729736
baseline_daily,2025-04-02,0.9377052111361459,-0.0027504436516382347,0.0015029886881782117,2.733385281949409,1.4539762982837998,0.937705211136146
baseline_daily,2025-04-03,0.9409461188429317,0.0034562116839031987,0.0014468352014640723,2.6308857691736445,1.4026032887820477,0.9409461188429317
baseline_daily,2025-04-07,0.9367499182427502,-0.004459554608016725,0.0014416222342563732,2.619612507669866,1.3868193312948889,0.9367499182427502
baseline_daily,2025-04-08,0.9186169914254728,-0.019357276114091326,0.0015376513791693317,2.7954620663397716,1.4886899057155711,0.9186169914254728
baseline_daily,2025-04-09,0.9184236128533837,-0.00021051055433785049,0.0014503474432898905,2.645025970256853,1.4451693335370226,0.9184236128533837
baseline_daily,2025-04-10,0.9242534103369322,0.006347612803024871,0.0015326960463169076,2.7826166799438194,1.5004314428143237,0.9242534103369322
baseline_daily,2025-04-11,0.9292716070331277,0.005429459756460364,0.0014051760089099862,2.554491444125065,1.3784779057053265,0.9292716070331278
baseline_daily,2025-04-14,0.9310937986665002,0.001960881640611145,0.0014560034070622142,2.647013195328654,1.4223620032077993,0.9310937986665003
baseline_daily,2025-04-15,0.931241800213086,0.00015895449717073795,0.00148194101779458,2.695204766468934,1.445991489141868,0.9312418002130861
baseline_daily,2025-04-16,0.9329573387161743,0.0018422052174802417,0.0013877100248372916,2.519877185777035,1.3504381299924275,0.9329573387161744
baseline_daily,2025-04-17,0.9322311976887532,-0.0007783217916698115,0.0013689013174268765,2.4885659590121554,1.3345556539428296,0.9322311976887533
baseline_daily,2025-04-18,0.9384313680377536,0.006650893431127791,0.0013646366445750969,2.480585226156746,1.3304324956438272,0.9384313680377538
baseline_daily,2025-04-21,0.9398957905051804,0.0015605003384411287,0.0014582323315562487,2.6473850781338615,1.4088352105614586,0.9398957905051806
baseline_daily,2025-04-22,0.9448201582208102,0.005239269890743081,0.001450178980036564,2.634376860477488,1.3965193949381303,0.9448201582208106
baseline_daily,2025-04-23,0.9457078800160317,0.0009395669509137949,0.0013724820240914426,2.493148160999068,1.3166935975327165,0.945707880016032
baseline_daily,2025-04-24,0.9447273200901555,-0.0010368528660875675,0.0013833371381689033,2.514515327858786,1.3279187303710718,0.9447273200901558
baseline_daily,2025-04-25,0.9476277453873706,0.003070119002103633,0.001368580646560007,2.4884193496436655,1.3163387333187302,0.947627745387371
baseline_daily,2025-04-28,0.9461787310863243,-0.0015290965340550855,0.0013769977160192485,2.5070721342287556,1.3248297530722122,0.9461787310863248
baseline_daily,2025-04-29,0.9464858474890596,0.0003245860350111762,0.0014073751642081907,2.554165738865141,1.3510853100265108,0.94648584748906
baseline_daily,2025-04-30,0.9485820520329314,0.002214723600392876,0.001484769161710416,2.7004951134890574,1.4265211169971446,0.9485820520329318
baseline_daily,2025-05-06,0.9481563208178155,-0.0004488080015887519,0.0015645572795781116,2.840311091847144,1.4951092920117328,0.9481563208178159
baseline_daily,2025-05-07,0.9473379691473094,-0.0008630978379180476,0.0014860945121844046,2.7014301034894133,1.4225021284684178,0.9473379691473097
baseline_daily,2025-05-08,0.9467714611156558,-0.0005979999219956067,0.0013781764022162896,2.5062432652599274,1.323227587167898,0.9467714611156561
baseline_daily,2025-05-09,0.9493150411574228,0.0026865829254820728,0.0014062062328253717,2.5559929502738994,1.3491204330830455,0.9493150411574232
baseline_daily,2025-05-12,0.9478263099326234,-0.0015682161982647491,0.0015271765676022186,2.7752424300226473,1.4621191741566617,0.9478263099326237
baseline_daily,2025-05-13,0.9441148741456535,-0.003915734083424716,0.0015454084618664063,2.8077848677990893,1.4819948207125575,0.9441148741456539
baseline_daily,2025-05-14,0.9393697157477194,-0.005026039233020363,0.0014230406254231252,2.5889727572636687,1.373896123987206,0.9393697157477198
baseline_daily,2025-05-15,0.9411652386625355,0.0019114123914318881,0.0014370213038503428,2.613737957697256,1.3922745656516642,0.9411652386625358
baseline_daily,2025-05-16,0.9446068515293871,0.003656757310482872,0.0014410123014073394,2.6196370843087973,1.389353157637642,0.9446068515293874
baseline_daily,2025-05-19,0.9478490536302185,0.003432329646542387,0.0014060279646448846,2.556628454704124,1.351907695898071,0.9478490536302188
baseline_daily,2025-05-20,0.9470620784559755,-0.0008302747903043972,0.0014435238191911172,2.6205168138285018,1.3815538863250354,0.9470620784559757
baseline_daily,2025-05-21,0.9471084202895986,4.8932202732387964e-05,0.0013620214257362491,2.474134024062249,1.306007505452598,0.9471084202895989
baseline_daily,2025-05-22,0.9473587918662497,0.0002643536592932261,0.0013774256956531662,2.50827992282425,1.3246174834302973,0.9473587918662498
baseline_daily,2025-05-23,0.9498111509203961,0.00258862753499689,0.0014107997645466772,2.563795888091679,1.3518252147844239,0.9498111509203961
baseline_daily,2025-05-26,0.9492778381138847,-0.0005614935200483062,0.001370386688489641,2.490034653923339,1.3100726147906117,0.9492778381138847
baseline_daily,2025-05-27,0.947023542164682,-0.0023747483178178097,0.0014171814740906428,2.576753542625629,1.3578552950014717,0.947023542164682
baseline_daily,2025-05-28,0.9427008892237055,-0.004564461967963118,0.001388217545871727,2.5243692306651457,1.3332999713085605,0.9427008892237055
baseline_daily,2025-05-29,0.9457634093810914,0.003248665820086094,0.001420579424674742,2.5816925708990968,1.3686664654073442,0.9457634093810914
baseline_daily,2025-05-30,0.9433718504794153,-0.002528707367988714,0.001439126631121617,2.617218154195277,1.3846751794645187,0.9433718504794153
baseline_daily,2025-06-03,0.9393962235837645,-0.004214273399858581,0.0014511176968863009,2.6394745922747145,1.4021350487193647,0.9393962235837645
baseline_daily,2025-06-04,0.9400125996956343,0.0006561407171921108,0.0014939754843602882,2.7136452330774383,1.441945757980723,0.9400125996956343
baseline_daily,2025-06-05,0.9449502397509876,0.00525273816218208,0.0015059673506460985,2.7373872217308364,1.4543705602791392,0.9449502397509876
baseline_daily,2025-06-06,0.9486819223882097,0.003949078459629218,0.0014586068382690127,2.64938676092132,1.4012573452315782,0.9486819223882097
baseline_daily,2025-06-09,0.9467188370238029,-0.0020692766648962024,0.0015213943185821523,2.764430058953929,1.4584433980342162,0.9467188370238029
baseline_daily,2025-06-10,0.9477101759600209,0.0010471313102151658,0.0015098776640581136,2.7474078772268595,1.4518908956141585,0.947710175960021
baseline_daily,2025-06-11,0.9458805727111123,-0.0019305514442274907,0.001490676687265709,2.7067733535024665,1.4280441250812972,0.9458805727111124
baseline_daily,2025-06-12,0.9459609591311,8.498580297233715e-05,0.0014022852435432885,2.5502467911143074,1.3495827845308326,0.9459609591311001
baseline_daily,2025-06-13,0.9429334038681713,-0.003200507625293225,0.001461974498270847,2.657525874732499,1.4064456721015863,0.9429334038681714
baseline_daily,2025-06-16,0.9421324801789336,-0.0008493958172995919,0.001490743105728684,2.7104534601534116,1.4367181512654765,0.9421324801789337
baseline_daily,2025-06-17,0.943608411049783,0.0015665852753203868,0.001524943698952204,2.772201031414681,1.4703185239123813,0.9436084110497831
baseline_daily,2025-06-18,0.9437971455540584,0.00020001358833310334,0.001407914441024036,2.558337267936704,1.3543168592089239,0.9437971455540585
baseline_daily,2025-06-19,0.9399237133141861,-0.004104094039825035,0.0014228790881035693,2.5866501243056015,1.3700618935264859,0.9399237133141862
baseline_daily,2025-06-20,0.9396721355107545,-0.00026765768313752325,0.001442884445157519,2.62458041424346,1.3960114796161638,0.9396721355107546
baseline_daily,2025-06-23,0.9395986117005931,-7.824411024104361e-05,0.0014760206709377268,2.6835708212902922,1.4292372547908334,0.9395986117005932
baseline_daily,2025-06-24,0.9360648745745459,-0.0037609007527708016,0.0014854561872986842,2.7001472179530754,1.4380275799531796,0.936064874574546
baseline_daily,2025-06-25,0.9369778057191945,0.0009752861895000464,0.0014334213739797827,2.606488840706315,1.3912230472498741,0.9369778057191946
baseline_daily,2025-06-26,0.9361729311152669,-0.0008590113864115345,0.0014220304073566954,2.585646585878237,1.382658211602672,0.936172931115267
baseline_daily,2025-06-27,0.9357249992716355,-0.0004784712618187692,0.0014564754981195606,2.6469732016403427,1.413730226037602,0.9357249992716357
baseline_daily,2025-06-30,0.9351966304438254,-0.00056466251112397,0.0014659294875005568,2.6641141813334857,1.4210479752101033,0.9351966304438255
baseline_daily,2025-07-01,0.9356618130237113,0.0004974168690761172,0.0014364403951947487,2.611942819807676,1.3961665211547407,0.9356618130237114
baseline_daily,2025-07-02,0.9411982281836078,0.005917111378100248,0.0013908460742129548,2.5269685645980093,1.346976568588328,0.941198228183608
baseline_daily,2025-07-03,0.9400930258468873,-0.0011742503370978374,0.0015227165218416865,2.7662681211470987,1.468762290241941,0.9400930258468875
baseline_daily,2025-07-04,0.9395219558813562,-0.000607461123346309,0.0014472428430499324,2.631398063828396,1.3995706370581562,0.9395219558813565
baseline_daily,2025-07-07,0.9404012154402321,0.0009358584473431186,0.0014691153689995633,2.666415871749282,1.4188383807877438,0.9404012154402324
baseline_daily,2025-07-08,0.9412033389282866,0.0008529587955485862,0.001494320273116405,2.7200811195923045,1.4459192550452373,0.9412033389282867
baseline_daily,2025-07-09,0.9389173060055919,-0.002428840642764496,0.0014044229112509742,2.552975732755581,1.3575948253556636,0.938917306005592
baseline_daily,2025-07-10,0.9373435594897638,-0.0016761289900206755,0.0014234619544729135,2.5882901248294554,1.3790063641067465,0.9373435594897639
baseline_daily,2025-07-11,0.9402028013839406,0.0030503670348289713,0.0014402084728443937,2.618378268908352,1.3965574441867765,0.9402028013839407
baseline_daily,2025-07-14,0.9386485375499785,-0.001653115510477532,0.0014282219312250284,2.594749010179944,1.3795400101632398,0.9386485375499786
baseline_daily,2025-07-15,0.9383358072563169,-0.0003331708101073083,0.0013524519099496729,2.458872181091283,1.3088846764352344,0.938335807256317
baseline_daily,2025-07-16,0.9379578398563592,-0.0004028061137972827,0.0015116384668485377,2.7479990407038635,1.4634077774107597,0.9379578398563593
baseline_daily,2025-07-17,0.9370940367676356,-0.0009209402086300944,0.0013950002123307608,2.5359805068099606,1.3514617082688927,0.9370940367676357
baseline_daily,2025-07-18,0.9376907376524644,0.0006367566769360788,0.0014006930902876293,2.54628413106317,1.3576005113503158,0.9376907376524645
baseline_daily,2025-07-21,0.9385640984494417,0.0009313953544680675,0.0014545503000870771,2.64777772704964,1.4100561403059422,0.9385640984494417
baseline_daily,2025-07-22,0.9357164378831092,-0.0030340608287030557,0.0014608659302718042,2.6495144061290112,1.4125561952841201,0.9357164378831092
baseline_daily,2025-07-23,0.9364164813820577,0.0007481363697448007,0.0014217121925934049,2.586462642544853,1.3860792462928917,0.9364164813820576
baseline_daily,2025-07-24,0.9372735524561264,0.0009152669683940573,0.001540168680622749,2.7981580680772873,1.4942329131273218,0.9372735524561263
baseline_daily,2025-07-25,0.9381373630137508,0.0009216205400874866,0.0014777442722636721,2.6860311048151537,1.4340983886946017,0.9381373630137506
baseline_daily,2025-07-28,0.9363196439794589,-0.0019375830299014352,0.0014204619703900164,2.580889125465564,1.3744191003594384,0.9363196439794587
baseline_daily,2025-07-29,0.9340515003515362,-0.0024224031210996477,0.001385821931587936,2.522735303853069,1.348607460128652,0.934051500351536
baseline_daily,2025-07-30,0.9319566142457897,-0.0022427950760296467,0.0014861155123627341,2.6980094920317352,1.4452014663031125,0.9319566142457895
baseline_daily,2025-07-31,0.9312508802073476,-0.0007572606145547223,0.0014344270876274546,2.6129471927962404,1.4037211219184416,0.9312508802073474
baseline_daily,2025-08-01,0.9333962234404091,0.0023037220996600105,0.0015263975581308433,2.7727617836428395,1.4908680782994979,0.9333962234404088
baseline_daily,2025-08-04,0.9292940264029255,-0.004394914972296826,0.0015368861418888738,2.791942308786182,1.495159603248697,0.9292940264029252
baseline_daily,2025-08-05,0.9278329853078024,-0.0015722054092808246,0.0014427942099214705,2.6221288231223516,1.4097858203427351,0.9278329853078022
baseline_daily,2025-08-06,0.9266764952199471,-0.001246442092669997,0.0013561581859709588,2.4678477441537927,1.3288835676370514,0.9266764952199469
baseline_daily,2025-08-07,0.9218066650337294,-0.00525515669312604,0.0013619963460042297,2.4769485424119697,1.3376125178000526,0.9218066650337292
baseline_daily,2025-08-08,0.9264670296690353,0.005055685548916333,0.0014016935965228648,2.549481664253593,1.3819273908756695,0.926467029669035
baseline_daily,2025-08-11,0.9306984624458338,0.004567278317837209,0.0014577718627592883,2.646967938523532,1.424950102554668,0.9306984624458334
baseline_daily,2025-08-12,0.9297845450754132,-0.0009819693566688326,0.0014586011726974077,2.6533406357314524,1.4277368384277778,0.9297845450754129
baseline_daily,2025-08-13,0.9287884342111575,-0.001071335149128383,0.0013661105414885181,2.4824695047366534,1.3335673056556778,0.9287884342111572
baseline_daily,2025-08-14,0.9266634207332844,-0.0022879413649007363,0.0014839600868115283,2.6984979775664124,1.4530843305049543,0.9266634207332841
baseline_daily,2025-08-15,0.9224399962544888,-0.0045576682798740276,0.0014967083316796582,2.721067532040535,1.466816001659724,0.9224399962544885
baseline_daily,2025-08-18,0.9190752488376476,-0.0036476599350674377,0.0014677516947660591,2.6738854668053156,1.4536766423838843,0.9190752488376472
baseline_daily,2025-08-19,0.9163362553741448,-0.0029801623609893024,0.0013647552813037505,2.481501841716509,1.3516588641503187,0.9163362553741444
baseline_daily,2025-08-20,0.918476272687046,0.0023354061354119438,0.0014438249359694226,2.6243302099598633,1.4288207140520033,0.9184762726870456
baseline_daily,2025-08-21,0.915805413658723,-0.0029079238165937715,0.001492702836906516,2.713524481047287,1.4780044453199574,0.9158054136587226
baseline_daily,2025-08-22,0.9190612476914848,0.0035551591901541446,0.0014583742359388263,2.6520762894069714,1.448580224988301,0.9190612476914843
baseline_daily,2025-08-25,0.9243022667526082,0.005702578663052016,0.0014191982806254933,2.5768103432827907,1.3977703855719905,0.9243022667526077
baseline_daily,2025-08-26,0.9260274048279109,0.0018664219891657563,0.0014690229469308655,2.6684413672612015,1.4410625547339526,0.9260274048279106
baseline_daily,2025-08-27,0.9238190756803861,-0.0023847341191108873,0.0014073659926478867,2.5579766353251983,1.3807416396837304,0.9238190756803858
baseline_daily,2025-08-28,0.927399264411848,0.0038754219583796434,0.001490895793135907,2.710550910454542,1.4647365074482954,0.9273992644118475
baseline_daily,2025-08-29,0.9260009058356861,-0.0015078279979536813,0.0015251318589201048,2.7685275329103054,1.4914287642608193,0.9260009058356856
baseline_daily,2025-09-01,0.9276709377072513,0.0018034883778630384,0.001497530214306217,2.7184607184319134,1.467517377328298,0.927670937707251
baseline_daily,2025-09-02,0.9292857130555375,0.0017406768743637446,0.0014446718837782817,2.6249744724894875,1.4136221352867817,0.9292857130555373
baseline_daily,2025-09-03,0.9341305237786057,0.005213478110126291,0.0014420493481721878,2.6237278625794898,1.4130262506837128,0.9341305237786055
baseline_daily,2025-09-04,0.9304367507714566,-0.003954236493854846,0.0014413545410168005,2.616588424445788,1.3979161354388157,0.9304367507714564
baseline_daily,2025-09-05,0.9331728144394729,0.0029406229555610786,0.0014423034765211672,2.624630129721461,1.4118882295407016,0.9331728144394725
baseline_daily,2025-09-08,0.9322787830547531,-0.0009580555400735546,0.0014855901122705437,2.700540217150883,1.4457950581241685,0.9322787830547528
baseline_daily,2025-09-09,0.9335654710782199,0.0013801537124451535,0.0014193057606975514,2.580212195640625,1.382454406321556,0.9335654710782196
baseline_daily,2025-09-10,0.9330031828623159,-0.0006023018559743187,0.0014680298907611467,2.668198402520155,1.4285804927956423,0.9330031828623156
baseline_daily,2025-09-11,0.9360570764728118,0.0032731867013862104,0.0014654160357711766,2.664073995095396,1.4275442173837498,0.9360570764728116
baseline_daily,2025-09-12,0.9335965263212452,-0.002628632605223391,0.0014386913382829392,2.614143905700173,1.3975191339168027,0.933596526321245
baseline_daily,2025-09-15,0.935156598881126,0.0016710350948156982,0.0014244005375065477,2.589303355229399,1.3846893565411946,0.9351565988811258
baseline_daily,2025-09-16,0.9388865213464986,0.0039885538634227835,0.001506154958626409,2.7372862220917926,1.4620037358941853,0.9388865213464984
baseline_daily,2025-09-17,0.9393087445433611,0.0004497063140889157,0.0014600586129989033,2.650470095645087,1.4112391875283807,0.9393087445433609
baseline_daily,2025-09-18,0.9399213402702146,0.0006521771786029973,0.0014642147831762386,2.6614421567033166,1.4167397873901661,0.9399213402702143
baseline_daily,2025-09-19,0.9389730766230845,-0.0010088755372417157,0.001397781228282515,2.5400146232078527,1.349761230611159,0.9389730766230843
baseline_daily,2025-09-22,0.9441720983415165,0.005536923100212476,0.0015149977127538285,2.7549363430158627,1.4675059927221457,0.9441720983415162
baseline_daily,2025-09-23,0.9406957398556878,-0.003681911901373791,0.0014892678349874323,2.7038661465035254,1.429563356292282,0.9406957398556874
baseline_daily,2025-09-24,0.9333992780872472,-0.007756452441848971,0.0014461605152599009,2.6321894708753524,1.4030375119170146,0.9333992780872469
baseline_daily,2025-09-25,0.937721220908777,0.004630325866960661,0.001558830304561686,2.834753245591142,1.5151809757068648,0.9377212209087766
baseline_daily,2025-09-26,0.9382440611595595,0.0005575646995339412,0.0014260265401102596,2.5908838618883565,1.3809898080680927,0.9382440611595593
baseline_daily,2025-09-29,0.9399078209597684,0.0017732697376764417,0.0014170802665916002,2.57631552633457,1.3746887888819748,0.9399078209597682
baseline_daily,2025-09-30,0.9409184900270399,0.0010752853042965693,0.001527441811777543,2.7767300192747353,1.4748242198014336,0.9409184900270396
baseline_daily,2025-10-09,0.9430981341866276,0.002316506884167069,0.0014915873126587187,2.7118125055962565,1.4421299070519875,0.9430981341866274
baseline_daily,2025-10-10,0.9387714631089752,-0.00458772096011395,0.0014292476045736676,2.5963038037946573,1.3753920500690031,0.938771463108975
baseline_daily,2025-10-13,0.9419716366971091,0.003408895257143607,0.0013502586142798885,2.456663799578127,1.3084255895974164,0.9419716366971089
baseline_daily,2025-10-14,0.9345564225586769,-0.00787201424071815,0.0015621496616274773,2.838886445527148,1.5092681990405608,0.9345564225586767
baseline_daily,2025-10-15,0.9370626734078399,0.002681754454483709,0.0014921150997947142,2.7147998363591967,1.4520394547285924,0.9370626734078398
baseline_daily,2025-10-16,0.9362627529269516,-0.00085364672352084,0.0014335821322225147,2.603817038084828,1.3860973603138236,0.9362627529269515
baseline_daily,2025-10-17,0.9356109913048591,-0.0006961311021451699,0.0015023947990250668,2.732372543875245,1.4593076491504233,0.935610991304859
baseline_daily,2025-10-20,0.9372775404224952,0.0017812414915219232,0.0014581385588860656,2.6508815154899854,1.4171282755839356,0.9372775404224952
baseline_daily,2025-10-21,0.9423535550673355,0.0054157007139552515,0.0014274730955088344,2.592752280863028,1.379593633237948,0.9423535550673355
baseline_daily,2025-10-22,0.9474721688007641,0.005431733881518408,0.0012896933206886548,2.3426413421465773,1.2418390432293973,0.9474721688007641
baseline_daily,2025-10-23,0.9486664697695438,0.0012605129819183158,0.0013101631439384135,2.3792054268304845,1.2544244616180171,0.9486664697695438
baseline_daily,2025-10-24,0.9469590987473323,-0.0017997590055294221,0.00149753495944829,2.7226037183811336,1.4368408939300215,0.9469590987473323
baseline_daily,2025-10-27,0.9414511704076028,-0.005816437422709764,0.0015198848296891488,2.7612194638110283,1.4593207539427362,0.9414511704076028
baseline_daily,2025-10-28,0.9431765536417497,0.0018326847832159654,0.0015130848860421882,2.7544482313759073,1.4623015280665357,0.9431765536417497
baseline_daily,2025-10-29,0.945473548855712,0.0024353820131481907,0.0014698722212066998,2.670315454513072,1.412713860725311,0.9454735488557119
baseline_daily,2025-10-30,0.9470299786410337,0.0016461907233737971,0.0014812487448505889,2.692343786748407,1.4238122453026771,0.9470299786410334
baseline_daily,2025-10-31,0.9445926737077336,-0.002573630178843489,0.0014952018444851722,2.7179195764714983,1.437485066269434,0.9445926737077334
baseline_daily,2025-11-03,0.9424071465023675,-0.0023137244933177925,0.001449373555163434,2.634789663648438,1.3943121878876608,0.9424071465023672
baseline_daily,2025-11-04,0.9444999576537456,0.0022207080656651,0.0014642703370111247,2.662160074411709,1.410468658172945,0.9444999576537455
baseline_daily,2025-11-05,0.9472880308937165,0.00295190403914547,0.0015151925002298032,2.753298602650978,1.4555956778133,0.9472880308937163
baseline_daily,2025-11-06,0.9477428130940481,0.00048008861666137825,0.0014032494029821909,2.5496036438962184,1.3445603996625481,0.947742813094048
baseline_daily,2025-11-07,0.9453811050224694,-0.002491929286035366,0.0014752417245180015,2.6819330192122512,1.4153742397693294,0.9453811050224693
baseline_daily,2025-11-10,0.9455975817603108,0.00022898356725287172,0.001433994396842419,2.6105296773917193,1.3830385866270565,0.9455975817603108
baseline_daily,2025-11-11,0.9489591955291304,0.0035550151921515116,0.0014505310741174413,2.6353007224065967,1.391695896898605,0.9489591955291304
baseline_daily,2025-11-12,0.9483184232798693,-0.0006752368829766597,0.0014701725290298152,2.671012440718984,1.406081737211843,0.9483184232798693
baseline_daily,2025-11-13,0.9482431724542867,-7.935185454088778e-05,0.001456238608819721,2.647147129002159,1.3938698514746077,0.9482431724542867
baseline_daily,2025-11-14,0.9502983289146442,0.0021673306173544127,0.0014297319622530872,2.5994783234595986,1.3707627125525284,0.9502983289146442
baseline_daily,2025-11-17,0.9530414894646438,0.0028866309310811022,0.001450419845056722,2.632838481989317,1.3839682615199962,0.9530414894646438
baseline_daily,2025-11-18,0.9556416427368258,0.0027282687070031564,0.0015134225165711064,2.750293912005767,1.4432922522994691,0.955641642736826
baseline_daily,2025-11-19,0.9590190513408958,0.003534178977799174,0.0015373975510024106,2.7932628346304575,1.4613955424341258,0.9590190513408959
baseline_daily,2025-11-20,0.9653519183214558,0.006603484020161421,0.0014617349565972278,2.65508581626866,1.3830055761442832,0.965351918321456
baseline_daily,2025-11-21,0.9605858104810895,-0.0049371713567976094,0.0015187779885908186,2.757241987122161,1.4247621272396225,0.9605858104810896
baseline_daily,2025-11-24,0.9572711937890395,-0.003450620086080547,0.001531763459694781,2.7870143842181223,1.4489765251747047,0.9572711937890396
baseline_daily,2025-11-25,0.9606280613984199,0.0035067049245400828,0.0015116284346438072,2.749019560049398,1.433487453897365,0.9606280613984199
baseline_daily,2025-11-26,0.9611511387230327,0.0005445159741130912,0.0013932371202597497,2.529002563572381,1.3148782739063725,0.9611511387230327
baseline_daily,2025-11-27,0.9574911702690854,-0.0038079010745488695,0.001538773953636512,2.7997400058089164,1.457039896285417,0.9574911702690854
baseline_daily,2025-11-28,0.9602770542747788,0.0029095662625384655,0.0014996530501740757,2.727407435393758,1.4241740691223335,0.9602770542747787
baseline_daily,2025-12-01,0.9645405300301644,0.004439839248898236,0.0014493694854380748,2.632190620892221,1.3670891313978164,0.9645405300301643
baseline_daily,2025-12-02,0.9654035337944985,0.0008947304311899273,0.0014923624948627253,2.7118741140501212,1.4057329865467367,0.9654035337944983
baseline_daily,2025-12-03,0.965177580794537,-0.00023405031373091578,0.0015089795896065536,2.742633996395144,1.4207480309346876,0.9651775807945367
baseline_daily,2025-12-04,0.963247208366835,-0.0020000178890530185,0.0014795044907575288,2.6889138026494654,1.3916241091123571,0.9632472083668348
baseline_daily,2025-12-05,0.9674236691006742,0.004335814002430771,0.0015136419106390826,2.752355970912949,1.4275536999578213,0.967423669100674
baseline_daily,2025-12-08,0.9638547199726347,-0.0036891273617041254,0.0014874105719198155,2.7025517588118,1.3980748444226698,0.9638547199726345
baseline_daily,2025-12-09,0.9608881967321724,-0.003077770102683619,0.0014375714548450812,2.6146251481437313,1.3573312902148313,0.9608881967321722
baseline_daily,2025-12-10,0.9631935933822793,0.0023992350597574763,0.0014218257478175983,2.5855020184687927,1.3453400845547663,0.9631935933822792
baseline_daily,2025-12-11,0.9625917158467738,-0.0006248770129293479,0.0015675560515023322,2.8483072695208502,1.4782017353724377,0.9625917158467737
baseline_daily,2025-12-12,0.965339793775617,0.0028548738614748714,0.0015376778885970884,2.793153123167028,1.450959507007518,0.965339793775617
baseline_daily,2025-12-15,0.9637771138484629,-0.0016187874334302466,0.0016197265151111561,2.9434138852011755,1.5260698898373857,0.9637771138484629
baseline_daily,2025-12-16,0.9644921076534474,0.000741866345144393,0.0015855472477451418,2.881611277546007,1.4924417172311626,0.9644921076534474
baseline_daily,2025-12-17,0.9662124180613217,0.0017836438413785238,0.001502968109534645,2.732066084364826,1.4153683723449044,0.9662124180613216
baseline_daily,2025-12-18,0.968560443582398,0.0024301338682723994,0.0014731152924859039,2.676943407137763,1.3843979669794244,0.9685604435823978
baseline_daily,2025-12-19,0.967484975811418,-0.001110377548562913,0.0014254183709149328,2.5942841421686715,1.3378582150842924,0.9674849758114178
baseline_daily,2025-12-22,0.969917411060428,0.002514184002671449,0.0014805039997707798,2.688818724500832,1.3861107007159923,0.9699174110604278
baseline_daily,2025-12-23,0.9689617872234714,-0.0009852631018467672,0.0014201558138797821,2.5814241968157385,1.3307347776855871,0.9689617872234713
baseline_daily,2025-12-24,0.9698778731639283,0.0009454304107099354,0.001450897670801321,2.6377937384184174,1.3611627720231414,0.9698778731639282
baseline_daily,2025-12-25,0.9731279777100805,0.0033510451532932084,0.0014182720724629683,2.5767386147265636,1.3258086612963873,0.9731279777100804
baseline_daily,2025-12-26,0.9725609523382439,-0.0005826832490942735,0.001488955863214799,2.7066149016577716,1.392845436290531,0.9725609523382438
baseline_daily,2025-12-29,0.9708990836711147,-0.001708755284832053,0.0015294413866719977,2.7800419111097106,1.4303256742842634,0.9708990836711145
baseline_daily,2025-12-30,0.9695075011055796,-0.001433292696366828,0.0014832368428295427,2.6961701765796287,1.3873979998859414,0.9695075011055795
baseline_daily,2025-12-31,0.9726439676733463,0.0032351132551218242,0.0015879797401348221,2.8855770767420794,1.4889773043838952,0.9726439676733462
baseline_daily,2026-01-05,0.9703795621782475,-0.0023280928791605815,0.0015429510246550383,2.80368832796327,1.4435908867709637,0.9976719071208394
baseline_daily,2026-01-06,0.9682018612570108,-0.0022441743479719722,0.001572139213302297,2.8598105427803953,1.4720781703463401,0.9954329574191866
baseline_daily,2026-01-07,0.9653535310687174,-0.0029418763816415616,0.001488292550402851,2.7098654680772625,1.4025150945743345,0.9925045167122475
baseline_daily,2026-01-08,0.9601525167358912,-0.005387678363871773,0.0015108287550882195,2.746773225130651,1.4231997703099593,0.9871572216015119
baseline_daily,2026-01-09,0.9596736447837838,-0.000498745713582438,0.0015011167428961494,2.730085306420871,1.4264838258739891,0.9866648811686062
baseline_daily,2026-01-12,0.9610538646007599,0.0014382179030112408,0.0015478243932508797,2.811981846065392,1.4640655591593865,0.9880839202649754
baseline_daily,2026-01-13,0.9586084660193164,-0.002544496902324389,0.001504968860220626,2.7355500199105265,1.4312405762778222,0.9855697437906246
baseline_daily,2026-01-14,0.9582126794256972,-0.0004128761717103746,0.0015199539584723964,2.765727423472467,1.4420151157725754,0.9851628255278547
baseline_daily,2026-01-15,0.9555145084195212,-0.002815837302208468,0.001630855334485092,2.9649067403597504,1.5473143958534574,0.9823887672949843
baseline_daily,2026-01-16,0.9537008142964234,-0.0018981335260913612,0.0015826142420412104,2.875332996316902,1.5032175862238772,0.9805240622401261
baseline_daily,2026-01-19,0.9547289407818575,0.0010780388042266331,0.0015248115254678242,2.773110603808109,1.4546122850021281,0.9815811052276989
baseline_daily,2026-01-20,0.954130889934191,-0.0006264090488099505,0.0015073697358190617,2.7398002386287654,1.4365464199165636,0.9809662339412434
baseline_daily,2026-01-21,0.9544046228681676,0.0002868924346379753,0.001474315410613635,2.6801929320257907,1.406281113873287,0.9812476657323964
baseline_daily,2026-01-22,0.9523290643574508,-0.002174715483333922,0.0014607044536342664,2.6544053240814405,1.3903405440955856,0.9791137312407429
baseline_daily,2026-01-23,0.953522840862617,0.0012535336259758,0.0014914705133547272,2.7122022038368723,1.4242295654104757,0.9803410832265078
baseline_daily,2026-01-26,0.959367943538378,0.006130008034703316,0.0015512079643103696,2.8169489823627654,1.4698904612726735,0.9863505819434361
baseline_daily,2026-01-27,0.9587536944353963,-0.000640264360633358,0.0015311692280499817,2.7811414719830303,1.4510844984919298,0.9857190568187277
baseline_daily,2026-01-28,0.9519319007684239,-0.0071152723651194405,0.0015663041558696687,2.848184484416623,1.489671842693244,0.9787053972539739
baseline_daily,2026-01-29,0.9452285680305355,-0.0070418196222622464,0.0014832029265471872,2.700637922678712,1.4205442354093867,0.9718135303831769
baseline_daily,2026-01-30,0.9470082822473611,0.001882840063259783,0.0014824937084833574,2.6911700361994795,1.4175831759671533,0.9736432998322002
baseline_daily,2026-02-02,0.9449805565191619,-0.0021411911238908843,0.0016018416664869161,2.913920818294145,1.5426238528086216,0.9715585434407636
baseline_daily,2026-02-03,0.943578323865463,-0.001483874608874447,0.0014646995938804297,2.662750892937686,1.4109329160519257,0.9701168723871169
baseline_daily,2026-02-04,0.9431756770565426,-0.0004267232499268747,0.001442235641362493,2.6212196504104535,1.3877577702285304,0.969702900962523
baseline_daily,2026-02-05,0.9419596545805392,-0.0012892852366573893,0.0014353287315295113,2.6086304713789112,1.3797986981438453,0.9684526773283682
baseline_daily,2026-02-06,0.9427957737032076,0.0008876379350246655,0.001424020018780303,2.5922357805967975,1.376584876126896,0.969312312663041
baseline_daily,2026-02-09,0.9425167772149212,-0.0002959246276533767,0.0014867265335517575,2.70366600587261,1.4325215428865699,0.9690254692778363
baseline_daily,2026-02-10,0.942527153268209,1.1008879140073091e-05,0.0013999201616793798,2.5446001232522963,1.3483886886294547,0.9690361371621112
baseline_daily,2026-02-11,0.9406685741162173,-0.0019719104596054304,0.0014279848213269773,2.596978790868448,1.3802605473994902,0.9671252846675056
baseline_daily,2026-02-12,0.9376736792524517,-0.003183793895293441,0.0014937488193907192,2.715011036764496,1.4421607293240375,0.9640461570901973
baseline_daily,2026-02-13,0.9346274843875497,-0.0032486726803833132,0.001494771199956315,2.719248869941988,1.4517475800038655,0.9609142866770298
baseline_daily,2026-02-24,0.9358991679631954,0.001360631478196872,0.0014668702529288787,2.6675906974675554,1.4283064089369517,0.9622217369033317
baseline_daily,2026-02-25,0.9350604801866033,-0.0008961304863828179,0.0014774466716379678,2.6847212267514897,1.4345090264648188,0.9613594606702324
baseline_daily,2026-02-26,0.9318637670482405,-0.003418723393940115,0.0014412682864784706,2.619442708762773,1.3984011898305713,0.9580728385920534
baseline_daily,2026-02-27,0.929150233966313,-0.0029119418287104626,0.0013919006121097435,2.532930717860779,1.361353844693645,0.9552829862184058
baseline_daily,2026-03-02,0.9250262779292767,-0.004438416831078151,0.0014487502832256417,2.6344871307779165,1.4193884572516744,0.9510430421339314
baseline_daily,2026-03-03,0.9234889417549158,-0.0016619378400820617,0.001457346386508112,2.6495231577779608,1.429170204572288,0.9494624677146623
baseline_daily,2026-03-04,0.9280786812605969,0.004969999420847637,0.0015050439080783735,2.7342871708698144,1.4770291536584088,0.9541812956293206
baseline_daily,2026-03-05,0.929880032499477,0.0019409466839959144,0.0015508627619268103,2.8173705375734954,1.515800072665901,0.9560333106510033
baseline_daily,2026-03-06,0.9248709244740909,-0.005386832548626597,0.001461362304473656,2.656689230105443,1.43060955517426,0.9508833192956172
baseline_daily,2026-03-09,0.9236308943427004,-0.0013407602061830115,0.001454375870606451,2.6452867594782603,1.4299963892150105,0.9496084127803824
baseline_daily,2026-03-10,0.9216381624256427,-0.002157498118851797,0.0014871944134543734,2.7049335930662277,1.4678434787183328,0.947559634416163
baseline_daily,2026-03-11,0.9191725946104042,-0.002675201522416737,0.0014725355170195208,2.6763843658915003,1.4513913972703532,0.9450247214395923
baseline_daily,2026-03-12,0.9215398796353377,0.002575452139036871,0.0014275861666600213,2.59576093777593,1.410426148718538,0.9474585873798665
baseline_daily,2026-03-13,0.9223656595540083,0.0008960870136160981,0.0014025258536497194,2.5486616249856233,1.3824003178325197,0.9483075927159567
baseline_daily,2026-03-16,0.9209810140117528,-0.0015011893904690599,0.001530779744665441,2.7829955025736473,1.5109355663690747,0.9468840034188702
baseline_daily,2026-03-17,0.920264675874464,-0.0007777990277654245,0.0014733026915563251,2.6799261591773536,1.4541135999979407,0.9461475179616045
baseline_daily,2026-03-18,0.9195207350275466,-0.0008083987861541297,0.0014900844307136076,2.7089958850682967,1.471366073358809,0.9453826534565616
baseline_daily,2026-03-19,0.9176850941060268,-0.0019963018250640507,0.0014983506036142312,2.7238289077182287,1.4802445905001258,0.9434953843400824
baseline_daily,2026-03-20,0.916835393074367,-0.0009259178743526997,0.001458257563047665,2.651221867380733,1.442599696534921,0.9426217850993527
baseline_daily,2026-03-23,0.9175219167662304,0.000748797109109578,0.0014750791045655299,2.681441980216988,1.4595423095842732,0.9433276175670188
baseline_daily,2026-03-24,0.9171866243141131,-0.00036543263543942217,0.001524992938425334,2.772492052679649,1.5107233250277219,0.9429828948696485
baseline_daily,2026-03-25,0.9161816415954745,-0.001095723260672421,0.0014723122786126847,2.676216301239365,1.4581862426241874,0.9419496465773236
baseline_daily,2026-03-26,0.9146267681064171,-0.001697123603513595,0.0014135991368635994,2.5700605593635997,1.4021926826919948,0.9403510415987959
baseline_daily,2026-03-27,0.9154282766545361,0.0008763230817947498,0.0014317114259270118,2.605458212161595,1.4246312749299663,0.9411750929215387
baseline_daily,2026-03-30,0.9148259594451317,-0.0006579622071600788,0.001409649527675844,2.559164404206825,1.395594964091612,0.9405558352800759
baseline_daily,2026-03-31,0.9148672564479394,4.5141922768277e-05,0.00140756729531479,2.55965642733425,1.3995031189321365,0.9405982937789514
baseline_daily,2026-04-01,0.9125461907678651,-0.002537051865957096,0.001405794715797844,2.5545886294485673,1.3941766684557546,0.9382119471226035
baseline_daily,2026-04-02,0.9146875926340746,0.0023466229850870324,0.001379728748241453,2.5086746872240604,1.3714768660501153,0.9404135768426046
baseline_daily,2026-04-03,0.9148569305241713,0.00018513194172564695,0.0014694914598310088,2.668262122771744,1.455801977861058,0.9405876774341106
baseline_daily,2026-04-07,0.9189302138742905,0.004452371965729673,0.0013598259628696057,2.474621782253501,1.3527481227049059,0.944775523640429
baseline_daily,2026-04-08,0.9183709415870037,-0.0006086123612465411,0.0014310645385398723,2.5994426050833384,1.4146022101344744,0.9442005215781383
baseline_daily,2026-04-09,0.9155301173285109,-0.0030933298625321903,0.0013671854316188823,2.485649687894479,1.3543256665212566,0.9412797979085221
baseline_daily,2026-04-10,0.9136808546785669,-0.002019881831239023,0.0013925998395344526,2.53436655654322,1.383889863407626,0.9393785239466144
baseline_daily,2026-04-13,0.9135637113812823,-0.0001282103008777291,0.0013819030928316066,2.513083402628893,1.3761404462059923,0.9392580859434211
baseline_daily,2026-04-14,0.9104840182198178,-0.0033710765030368073,0.0014232856829140142,2.5873029848687157,1.4172596405627582,0.93609177507961
baseline_daily,2026-04-15,0.9128363811053843,0.002583639952479233,0.0013999810786021662,2.5453166029644763,1.396098071535123,0.9385102991888928
baseline_daily,2026-04-16,0.9125559100141495,-0.00030725231491679494,0.0014460411820346958,2.627452369170415,1.437394555230896,0.9382219397268938
baseline_daily,2026-04-17,0.9110737233239197,-0.00162421466341367,0.0013336297130148091,2.4225828853805695,1.3270189125220937,0.9366980658948529
baseline_daily,2026-04-20,0.9016592554956172,-0.010333376528471439,0.0014147947461637795,2.575428985320591,1.4162660325182606,0.9270188120864705
baseline_daily,2026-04-21,0.8993548685787313,-0.002555718141682317,0.001328678174755923,2.4170087135258282,1.3419301716413312,0.9246496132907404
baseline_daily,2026-04-22,0.89313194536842,-0.006919318978219846,0.0013074854752364738,2.3775763012022484,1.3232070896222559,0.9182516676732941
baseline_daily,2026-04-23,0.8912172755821391,-0.0021437703535406305,0.0013483068969957993,2.455692036533166,1.3761281556006668,0.9162831469710468
baseline_daily,2026-04-24,0.8943877942444387,0.0035575148161581804,0.0014356667615421984,2.609977885683975,1.4634053892818781,0.9195428378421924
baseline_daily,2026-04-27,0.8925640384999626,-0.002039110726032245,0.0013251773894698696,2.407921376095017,1.3473226315488107,0.9176677881785023
baseline_daily,2026-04-28,0.8884146994609807,-0.004648785812562228,0.0013236919144374733,2.40449680561337,1.346773902445252,0.9134017471841727
baseline_daily,2026-04-29,0.890926053817804,0.0028267816351383868,0.001380264115057058,2.511550603365687,1.4086633210016504,0.9159837344686163
baseline_daily,2026-04-30,0.8907103230775996,-0.00024214213882278735,0.0013912869448983606,2.5305063826739076,1.4173668135136814,0.9157619362080252
baseline_daily,2026-05-06,0.8914042592773901,0.0007790817977642028,0.0013984916647833132,2.543100689881257,1.4281982495207948,0.9164753896636101
baseline_daily,2026-05-07,0.8868968521381034,-0.005056524121772266,0.001477145990245437,2.682917225918067,1.5061724400603493,0.9118412097487654
baseline_daily,2026-05-08,0.8866711793180792,-0.0002544521603388139,0.001316614210573519,2.3930500832696224,1.349802826761426,0.9116091897830588
baseline_daily,2026-05-11,0.8861209871589246,-0.0006205143146500447,0.0013413248486164474,2.4377037506306416,1.373386964957021,0.9110435232314319
baseline_daily,2026-05-12,0.8810935434751642,-0.005673540923434528,0.0013551866186826363,2.4644956743587385,1.3923806486343966,0.9058746805193484
baseline_daily,2026-05-13,0.8794446910159464,-0.001871370493437663,0.0013025369702468457,2.3693964054125605,1.344545713492454,0.9041794533714722
baseline_daily,2026-05-14,0.8750108373042494,-0.005041651575126149,0.0013032545113233517,2.370154596624366,1.3489942538164115,0.8996208956061852
baseline_daily,2026-05-15,0.8755007529375332,0.0005598966463009614,0.00139748118958151,2.541150739694371,1.4494698282344047,0.9001245903285774
baseline_daily,2026-05-18,0.8740534828883818,-0.0016530768754856595,0.0014423377157824627,2.6211813517505345,1.4928126550969356,0.8986366151832492
baseline_daily,2026-05-19,0.8706620671615949,-0.003880100924235963,0.0013432025601191997,2.4436110763072962,1.3989755392834555,0.8951498144221244
baseline_daily,2026-05-20,0.8699524741172517,-0.0008150039735352888,0.0012816866352434737,2.3315304579265126,1.3408945621679804,0.894420263766461
baseline_daily,2026-05-21,0.8741562965139974,0.004832243739534503,0.0012658426745471765,2.2987685562627824,1.314796383802114,0.8987423204865593
baseline_daily,2026-05-22,0.8754310868227526,0.0014583093593660834,0.001477696138720389,2.685870089621015,1.5351401815477188,0.9000529648241833
baseline_daily,2026-05-25,0.8738183554479083,-0.0018422139664898696,0.0014084035093238243,2.5592229647685474,1.4596736407578836,0.8983948746818036
baseline_daily,2026-05-26,0.873646235649856,-0.00019697434481569243,0.0012755615087412027,2.319443694128628,1.3258453895982516,0.8982179139399773
baseline_daily,2026-05-27,0.8662295097936709,-0.008489392563648224,0.0013659092778440676,2.48283912108701,1.419058482372825,0.8905925894608396
baseline_daily,2026-05-28,0.863438935968434,-0.003221517846813571,0.001311605447559299,2.387955635812475,1.3781342451293748,0.8877235295396516
baseline_daily,2026-05-29,0.8642535547711537,0.0009434584992464856,0.0013098378437106791,2.381509848882685,1.3764508775438393,0.8885610598485769
baseline_daily,2026-06-01,0.8671985938754211,0.003407610056110455,0.0014049169699147093,2.553263522176067,1.4737435328691975,0.8915889294515851
baseline_daily,2026-06-02,0.8657691357231193,-0.0016483630882214717,0.001469079214815486,2.6676384605644956,1.5365977928519479,0.8901192671704102
baseline_daily,2026-06-03,0.8648608680020293,-0.0010490876650752767,0.0013465421244158446,2.447172415975421,1.408113627732854,0.889185454026776
baseline_daily,2026-06-04,0.8649156145867847,6.33010311610338e-05,0.001313705978370138,2.389010873724474,1.378369415523312,0.8892417403829093
baseline_daily,2026-06-05,0.8630634908149011,-0.0021413924556887842,0.001316485317381377,2.395711242217547,1.3847837635092954,0.8873375248287697
baseline_daily,2026-06-08,0.8583650397336668,-0.005443922876169793,0.0013270605360800455,2.4111456283325814,1.3898406159222938,0.8825069277784705
baseline_daily,2026-06-09,0.8556905277307569,-0.003115821217205883,0.0014337903853899748,2.6073619560731203,1.514570391949835,0.8797571939685672
baseline_daily,2026-06-10,0.8577218385434371,0.0023738848881114105,0.0013598952327001476,2.4783686169902035,1.449235147333607,0.8818456362765364
baseline_daily,2026-06-11,0.8594304658310814,0.001992052913734721,0.0013865776635958043,2.5160672864419356,1.4621580354129036,0.8836023194457454
baseline_daily,2026-06-12,0.8653763185477588,0.006918363908507308,0.0013991672084119403,2.5443979943221846,1.4753446152679193,0.8897154018420722
baseline_daily,2026-06-15,0.8679100507452734,0.002927896388205564,0.00144992992773666,2.6314181159409875,1.517187839727786,0.8923203963536565
baseline_daily,2026-06-16,0.8578751229070717,-0.011562174939194092,0.0014381015234200315,2.6155742590211615,1.5062694093625595,0.8820032318292045
baseline_daily,2026-06-17,0.8584201231394363,0.0006352908690461234,0.001300224635251231,2.365958581587729,1.378367205574611,0.8825635604288548
baseline_daily,2026-06-18,0.8569543936601158,-0.001707473345289201,0.001303137469807824,2.368742105329483,1.3799614683318506,0.881056606673899
baseline_daily,2026-06-22,0.8551909149393068,-0.0020578443075331965,0.0013226617352927262,2.408202227833004,1.410242999726542,0.8792435293512405
baseline_daily,2026-06-23,0.8644513003690655,0.01082844224370172,0.0013418764668609582,2.4353396784345005,1.419197811978824,0.8887643671269688
baseline_daily,2026-06-24,0.8581626451084257,-0.0072747363072448445,0.001393789514088257,2.5304689617962124,1.4630656254167236,0.8822988407168447
baseline_daily,2026-06-25,0.8537016755470944,-0.0051982798211492875,0.0013624453490960278,2.4799232006810263,1.4462897229576583,0.8777124044569229
baseline_daily,2026-06-26,0.8572496438403338,0.004155981409976306,0.0012225446039480592,2.2233950603192145,1.300707894929445,0.8813601608931515
baseline_daily,2026-06-29,0.8576007156847703,0.00040953279707856005,0.001392713055826876,2.530386530227993,1.4755027993101584,0.8817211067850756
baseline_daily,2026-06-30,0.8579018036936584,0.0003510818069312194,0.0013588492697428644,2.4702742604720394,1.4414574883475915,0.8820306630244551
baseline_daily,2026-07-01,0.8580753293264689,0.0002022674763748622,0.001229680874993727,2.234798922039105,1.302825588761336,0.8822090691407503
baseline_daily,2026-07-02,0.8614530500921919,0.003936391888080815,0.0013091914540605592,2.3793803979556047,1.3856597201266871,0.8856817897641073
baseline_daily,2026-07-03,0.8567099941825517,-0.005505878595627012,0.0013580472884619538,2.4670877637992343,1.4312578247664876,0.8808053333553084
baseline_daily,2026-07-06,0.8531057174845382,-0.004207114102191101,0.0013315461401574812,2.421927605433219,1.4106467946054755,0.8770996848160642
baseline_daily,2026-07-07,0.8589190908240374,0.006814364527576222,0.0013408586055957696,2.4380896210905862,1.4228686031493223,0.883076561795423
baseline_daily,2026-07-08,0.8647979187737811,0.006844449043627243,0.0013559110133299808,2.4630402931483797,1.431390913647317,0.8891207343242533
baseline_daily,2026-07-09,0.8678719351115651,0.0035546065399219007,0.0013278506813319713,2.4118311605678358,1.3951150716849874,0.8922812087012625
baseline_daily,2026-07-10,0.8710859240572316,0.003703298626949403,0.0013453633660225378,2.4430615892905623,1.404422520463385,0.8955855924762987
baseline_daily,2026-07-13,0.8721297628206868,0.0011983189426287844,0.0013902059492813042,2.5264659157104834,1.450278497610505,0.8966587896565085
baseline_daily,2026-07-14,0.869819396837447,-0.002649108059066152,0.0014478354025254463,2.630574006802569,1.5053934530409154,0.8942834436305969
baseline_daily,2026-07-15,0.8761958910329983,0.007330825477950276,0.0013632162139483894,2.4790227601572794,1.4226271291175376,0.9008392794836731
baseline_daily,2026-07-16,0.8748722539051342,-0.0015106634731002488,0.001318945904099334,2.395137493614927,1.3664616294020084,0.8994784144890232
baseline_daily,2026-07-17,0.873656849517349,-0.001389236408355754,0.0013584691746705044,2.469958726671817,1.4113245767686422,0.898228826327085
baseline_daily,2026-07-20,0.8765937396434633,0.003361606021559549,0.0013913234129698268,2.528125843632939,1.4411710563846176,0.9012483177584045
baseline_daily,2026-07-21,0.8768106243412614,0.0002474175755422525,0.001363818160235017,2.478054225062584,1.4091539889222424,0.9014713024321458
baseline_daily,2026-07-22,0.8702513992601042,-0.007480777375485248,0.0013390177503428526,2.4350515128668038,1.3885000152589289,0.8947275963082622
baseline_daily,2026-07-23,0.8650128941871196,-0.0060195307671305764,0.0013061652227287868,2.3772716825170948,1.3657741650452013,0.8893417560140838
baseline_daily,2026-07-24,0.8625564408315863,-0.0028397881373105616,0.001314251218620268,2.388686764675993,1.378282419084901,0.88681621384534
baseline_daily,2026-07-27,0.8627457348512424,0.0002194569661708723,0.0013243199263120423,2.4077622126717717,1.391073197777805,0.8870108318411817
baseline_daily,2026-07-28,0.8638735023615307,0.001307184103880532,0.0013139293638410163,2.3894351712412627,1.3842664564480596,0.8881703183005343
baseline_daily,2026-07-29,0.8656767552830071,0.0020874039040981174,0.001327177945279702,2.4108047643609725,1.3908010968974918,0.8900242884904589
baseline_daily,2026-07-30,0.8609586003059168,-0.005450250279098623,0.0013544532115349174,2.4640086418465357,1.4216619481816961,0.8851734333637092
baseline_daily,2026-07-31,0.8591760249146357,-0.0020704542479134114,0.0013377895929346166,2.433124580489936,1.4088339322238963,0.8833407222684613
baseline_daily,2026-08-03,0.8626852674718211,0.004084427934932133,0.0011401928284046233,2.074533271366634,1.2075497529725527,0.8869486637905577
baseline_daily,2026-08-04,0.8606650535976118,-0.0023417739358522205,0.0013641912149452875,2.478095798913027,1.4360802585996921,0.884871630527254
baseline_daily,2026-08-05,0.8574783897534827,-0.0037025598179091235,0.0012210289005119448,2.220010565891191,1.2884166226342848,0.8815953403840561
baseline_daily,2026-08-06,0.8613422662716388,0.004506092006898221,0.001200973127009282,2.1851656806164312,1.2751399732817794,0.8855678901006794
baseline_daily,2026-08-07,0.8635774146275659,0.002594959568862354,0.001259236487056281,2.2869408306300887,1.327596345816596,0.8878659029709733
baseline_daily,2026-08-10,0.8640789856307882,0.0005808060687166883,0.0012932177063899118,2.3508761682914647,1.3652124136540726,0.8883815808756255
baseline_daily,2026-08-11,0.8651728894673436,0.001265976669663882,0.0013691595474265704,2.4867197260176406,1.4364895752513942,0.8895062512307731
baseline_daily,2026-08-12,0.86967310830657,0.005201525491624004,0.0012545534450064063,2.2801683489155775,1.3164508810486524,0.8941330406715089
baseline_daily,2026-08-13,0.8729891048508333,0.003812922939195218,0.0012788590943625302,2.3224590734719186,1.3335195893380973,0.8975423010529776
baseline_daily,2026-08-14,0.8757751149519134,0.0031913457861036942,0.0013747327850227276,2.497600996110913,1.4292740812507212,0.9004066688932928
baseline_daily,2026-08-17,0.8761327142141077,0.00040832315978045486,0.0014156870507846364,2.5718126030338846,1.4660612738196026,0.9007743257894227
baseline_daily,2026-08-18,0.8740522528773343,-0.0023745961120050785,0.0012710144366700142,2.309290786368643,1.3195120602469155,0.8986353505776091
baseline_daily,2026-08-19,0.8772771532139098,0.003689596732871836,0.0012580232358014812,2.2871135071902398,1.3080775424662345,0.9019509526311434
baseline_daily,2026-08-20,0.8769685589887479,-0.00035176366332045905,0.001388089444149944,2.5207231246932515,1.432658983155625,0.9016336790599105
baseline_daily,2026-08-21,0.8822997779316029,0.006079144900020594,0.0013855142934109629,2.519151101021142,1.4341510627167247,0.9071148408416544
baseline_daily,2026-08-24,0.8806138642496391,-0.001910817302840262,0.001381636712276106,2.5119207312952234,1.4248440675049736,0.905381510108111
baseline_daily,2026-08-25,0.8809658620563537,0.0003997186746709236,0.0013841928295921888,2.5162586291818947,1.4279191076961408,0.905743408005403
baseline_daily,2026-08-26,0.8830184158522119,0.0023298902764143925,0.0013380876072928434,2.431413238878169,1.376869216740382,0.9078536907646412
baseline_daily,2026-08-27,0.88526582256354,0.0025451413820845037,0.0013556396217787807,2.463787099868181,1.3937989984778707,0.9101643067618844
baseline_daily,2026-08-28,0.8835340177044291,-0.0019562540594824096,0.0009888004727105764,1.796891896611624,1.0157408377065567,0.9083837941419854
buffer_20_30,2025-01-02,1.0,0.0,0.0,0.0,0.0,1.0
buffer_20_30,2025-01-03,1.0009308384269457,0.0009308384269457459,0.0010987913295375086,1.997802417340925,0.9989012086704625,1.0009308384269457
buffer_20_30,2025-01-06,0.9994721112457203,-0.001457370604664332,0.0014277016498195473,2.5946249709050253,1.2953269151483624,0.9994721112457203
buffer_20_30,2025-01-07,0.9961255866452341,-0.0033482921262457666,0.001383011871696653,2.513220241805765,1.259021629408141,0.9961255866452341
buffer_20_30,2025-01-08,0.9952343561998079,-0.0008946968709313552,0.0011272461309349282,2.0487850283201334,1.026078947996425,0.9952343561998079
buffer_20_30,2025-01-09,0.9894661782428347,-0.005795798668967178,0.0012491518713570854,2.272929989709476,1.1439970688453203,0.9894661782428347
buffer_20_30,2025-01-10,0.9896498684083802,0.0001856457245175136,0.0012162688108437983,2.214313169050172,1.117534054687648,0.9896498684083801
buffer_20_30,2025-01-13,0.9907519406806038,0.0011135981597167888,0.0013382524154036254,2.432377899294233,1.2268923950064008,0.9907519406806037
buffer_20_30,2025-01-14,0.9925403736835993,0.0018051269238663625,0.001257134371499433,2.2848548614481756,1.1518791648813171,0.992540373683599
buffer_20_30,2025-01-15,0.9928935212924966,0.00035580175704774675,0.0012445644786930007,2.260011171539915,1.1393277412894889,0.9928935212924965
buffer_20_30,2025-01-16,0.9912953179031117,-0.0016096422779600106,0.0012108932418967387,2.2033615947617777,1.1109008699201275,0.9912953179031115
buffer_20_30,2025-01-17,0.9930671388900756,0.001787379557801172,0.0011401459606779957,2.0708152788450374,1.0455206966697828,0.9930671388900756
buffer_20_30,2025-01-20,0.9970981695205959,0.0040591723083553966,0.001190069368814633,2.160772964701612,1.0849977128423247,0.9970981695205959
buffer_20_30,2025-01-21,0.9983838762229473,0.0012894484632035574,0.0011558236258382999,2.10216050466477,1.0531083996349033,0.9983838762229473
buffer_20_30,2025-01-22,0.9986872576977662,0.000303872570505348,0.0012675790458599586,2.3007578526591326,1.149679383699694,0.9986872576977663
buffer_20_30,2025-01-23,0.9987954722174052,0.00010835676414688855,0.001284312160710346,2.3376559074753898,1.1703468010091933,0.9987954722174052
buffer_20_30,2025-01-24,0.999463677005384,0.0006690106298692378,0.0013389964920326061,2.433548512971919,1.2172646290519367,0.9994636770053839
buffer_20_30,2025-01-27,0.9974419624587394,-0.00202279942048722,0.0013646514834547918,2.480434849812712,1.2403322551336993,0.9974419624587393
buffer_20_30,2025-02-05,1.001105575276707,0.0036730085116298827,0.0013648330769225041,2.4819105171453364,1.2438510205296118,1.001105575276707
buffer_20_30,2025-02-06,0.9952441083116786,-0.005854993828606214,0.0012994694196148775,2.360418748777086,1.1787200188048845,0.9952441083116786
buffer_20_30,2025-02-07,0.9968068958026576,0.0015702554558498782,0.0013032043883993362,2.371445348622432,1.1909606938556494,0.9968068958026575
buffer_20_30,2025-02-10,0.9949565438751927,-0.0018562792204350753,0.0011691072049407984,2.124665889152283,1.0661042748100646,0.9949565438751926
buffer_20_30,2025-02-11,0.9920046505924213,-0.002966856493324177,0.001236471054844639,2.248994052007923,1.1319786002254617,0.9920046505924212
buffer_20_30,2025-02-12,0.990991976526474,-0.0010208360065071531,0.0011655914564030567,2.1194167916967523,1.068466483795829,0.9909919765264739
buffer_20_30,2025-02-13,0.9893611513533792,-0.0016456492198967387,0.0012222747218672155,2.223072127339025,1.1239242498257014,0.9893611513533791
buffer_20_30,2025-02-14,0.9902741564645409,0.0009228228841537955,0.0012606091156158329,2.2904768410459364,1.1554725836892423,0.9902741564645408
buffer_20_30,2025-02-17,0.9932366388360402,0.002991577990963501,0.0012765096533657275,2.3232035466199075,1.1735535065169262,0.9932366388360401
buffer_20_30,2025-02-18,0.9915455431494004,-0.001702611060161452,0.001257799455577136,2.282249761503124,1.1481920997896515,0.9915455431494002
buffer_20_30,2025-02-19,0.9924705311808942,0.0009328749827828275,0.0013328063855776358,2.4236148944655778,1.221752647143645,0.9924705311808941
buffer_20_30,2025-02-20,0.9964957178142776,0.004055724081393208,0.0012171677328631507,2.2114671216034676,1.112441193644713,0.9964957178142776
buffer_20_30,2025-02-21,0.9977664763489708,0.0012752272909717366,0.0012934572613652181,2.3506501405520783,1.1810509032052756,0.9977664763489709
buffer_20_30,2025-02-24,0.9926501016636436,-0.005127827810019192,0.0012015852060693025,2.1829674301377557,1.0940317833506876,0.9926501016636438
buffer_20_30,2025-02-25,0.9878795506804972,-0.004805873666009042,0.0012231722639216142,2.2274313633681784,1.120695199262666,0.9878795506804973
buffer_20_30,2025-02-26,0.988156168536713,0.0002800117241268385,0.001248109705248924,2.2685912072191377,1.1467673852315887,0.988156168536713
buffer_20_30,2025-02-27,0.9887098034243401,0.0005602706386451661,0.0012930509210804515,2.350718918591892,1.1890353211636515,0.9887098034243402
buffer_20_30,2025-02-28,0.9846965551999974,-0.0040590759901874,0.0013222766895234805,2.404213937615566,1.217889107002077,0.9846965551999975
buffer_20_30,2025-03-03,0.9790666237116759,-0.005717427829508459,0.001387046617268147,2.5229051513003307,1.2825971396662987,0.979066623711676
buffer_20_30,2025-03-04,0.9816874784041425,0.00267689106031499,0.0013775763564472733,2.5039384123475514,1.2789804861994958,0.9816874784041425
buffer_20_30,2025-03-05,0.9817558625463129,6.965978855255628e-05,0.0011850425647576665,2.1542563580693344,1.0955366722382018,0.9817558625463129
buffer_20_30,2025-03-06,0.9817854902068911,3.0178236472444553e-05,0.0011319562481874215,2.056452580299597,1.048415582686932,0.981785490206891
buffer_20_30,2025-03-07,0.980794374378012,-0.001009503439157844,0.0011768333983118284,2.1403071313655837,1.088475827438305,0.9807943743780119
buffer_20_30,2025-03-10,0.9781865548291488,-0.0026588851006786873,0.0012170186464924445,2.2126815644993343,1.12643026237203,0.9781865548291487
buffer_20_30,2025-03-11,0.9758135050682446,-0.0024259684915816093,0.0011831285716773588,2.1516093217301258,1.097847104872705,0.9758135050682445
buffer_20_30,2025-03-12,0.9733079909614029,-0.0025676157317238157,0.001140787673709505,2.075607252961876,1.0638098101223077,0.9733079909614027
buffer_20_30,2025-03-13,0.9680193181025468,-0.005433709481447946,0.0011398969239800015,2.0728746102749884,1.0644575601574915,0.9680193181025467
buffer_20_30,2025-03-14,0.9691849360394826,0.0012041267308802173,0.0012428194903932892,2.2619225699529926,1.1688496580244556,0.9691849360394824
buffer_20_30,2025-03-17,0.9722636587781815,0.003176610184718598,0.0011417205641103538,2.075661111777121,1.0679115360229234,0.9722636587781813
buffer_20_30,2025-03-18,0.9706522693229261,-0.0016573585165986504,0.0011884441431306222,2.159743243849448,1.1098011037095465,0.9706522693229259
buffer_20_30,2025-03-19,0.9700114443209638,-0.0006602003850558757,0.0012002716539582796,2.182929602937929,1.1246594446277018,0.9700114443209635
buffer_20_30,2025-03-20,0.974650190562475,0.004782156198949394,0.0012993618038060863,2.361769673704418,1.2163557442558302,0.9746501905624749
buffer_20_30,2025-03-21,0.9753605520974257,0.0007288374247798046,0.0011863229096991652,2.154587026351807,1.105212058111497,0.9753605520974257
buffer_20_30,2025-03-24,0.9721036691066469,-0.003339158000367215,0.0012744967711499572,2.316974063700668,1.1891711950670454,0.9721036691066469
buffer_20_30,2025-03-25,0.9765222376909581,0.004545367664718247,0.0012642417106553073,2.298617468943612,1.181285019047743,0.9765222376909583
buffer_20_30,2025-03-26,0.9790070251642106,0.002544527279919162,0.0013258460774359963,2.4071304226250865,1.2289252260050754,0.9790070251642106
buffer_20_30,2025-03-27,0.9770305312604521,-0.0020188761193280502,0.0011850013476984971,2.1516288020465324,1.098253551032801,0.9770305312604521
buffer_20_30,2025-03-28,0.9728706720795259,-0.0042576552603321716,0.001191463658387407,2.169171651925243,1.1102043051693948,0.9728706720795259
buffer_20_30,2025-03-31,0.9683707694156376,-0.004625386285177835,0.0012645745752097681,2.2979686146101956,1.1803092778981574,0.9683707694156376
buffer_20_30,2025-04-01,0.9641827905683471,-0.004324767929351769,0.0012001598469727774,2.184204310842054,1.128687779428077,0.9641827905683471
buffer_20_30,2025-04-02,0.9638934135147876,-0.00030012675645130216,0.0012103991267322024,2.2018068900115164,1.1420078603361976,0.9638934135147876
buffer_20_30,2025-04-03,0.9674675455482277,0.0037080158276081576,0.001208654871439734,2.19696267118516,1.1393875129044848,0.9674675455482277
buffer_20_30,2025-04-07,0.9618096048002559,-0.005848196948834761,0.0012473749023724648,2.2665869355451567,1.1674467905553987,0.9618096048002559
buffer_20_30,2025-04-08,0.9430485180474455,-0.019506029737254127,0.0013334295110807666,2.425271466731915,1.2595263392277902,0.9430485180474455
buffer_20_30,2025-04-09,0.9454083991691199,0.002502396299355336,0.0012365961776794542,2.2536976294544937,1.1986570252427815,0.94540839916912
buffer_20_30,2025-04-10,0.954611266465505,0.009734277064254115,0.0012890558201878283,2.3379076880910095,1.2222732773507932,0.9546112664655052
buffer_20_30,2025-04-11,0.9602639373084958,0.005921437386675832,0.0011542375612397673,2.097884293549064,1.0964255127790736,0.960263937308496
buffer_20_30,2025-04-14,0.9625852905258578,0.002417411637750888,0.001240755146639577,2.255406694469413,1.172772314882247,0.9625852905258581
buffer_20_30,2025-04-15,0.9615855415596085,-0.0010386081899331767,0.001291583281762637,2.3493801883819216,1.220099642318789,0.9615855415596087
buffer_20_30,2025-04-16,0.9631941085936884,0.0016728278084037207,0.0012093423416589112,2.1955908726971973,1.139023066207482,0.9631941085936886
buffer_20_30,2025-04-17,0.960728707987263,-0.002559609308683375,0.0011735155257857866,2.1337543087371245,1.1085616488657475,0.9607287079872632
buffer_20_30,2025-04-18,0.9663211670217706,0.005821059564488307,0.0011296204130155352,2.0539337009704863,1.0685865102879348,0.966321167021771
buffer_20_30,2025-04-21,0.9681816411561533,0.0019253165488619661,0.0012520833003059804,2.2730206255105143,1.1745542725732023,0.9681816411561536
buffer_20_30,2025-04-22,0.9736903582063607,0.005689755740079017,0.0011736602014339808,2.131864371343668,1.0978839230174358,0.973690358206361
buffer_20_30,2025-04-23,0.9753898054334316,0.0017453672132496934,0.0011165323210844654,2.0274601227018945,1.0392537866392062,0.9753898054334317
buffer_20_30,2025-04-24,0.9753516168572608,-3.91521173975784e-05,0.0011871642589408819,2.1575282448798196,1.1048171478381912,0.9753516168572609
buffer_20_30,2025-04-25,0.9777777385612371,0.0024874329032165132,0.0011844516345213129,2.153383767063859,1.103627246766416,0.9777777385612371
buffer_20_30,2025-04-28,0.9775226627230519,-0.0002608730267887882,0.0011602472757759113,2.1130379754044943,1.0814394337462443,0.9775226627230519
buffer_20_30,2025-04-29,0.9789956003023932,0.0015068065790293517,0.001186181399902596,2.1513564282153945,1.1006676610649524,0.9789956003023933
buffer_20_30,2025-04-30,0.9811819005428979,0.0022332074217998876,0.0013386241038629543,2.4345193561316654,1.242677938927791,0.981181900542898
buffer_20_30,2025-05-06,0.9819896919779249,0.0008232840766631,0.0013506865538497528,2.4517486764484144,1.2480595260013059,0.981989691977925
buffer_20_30,2025-05-07,0.9811453850435058,-0.000859792054149211,0.001263550981859996,2.296431415617469,1.1681580563669747,0.9811453850435059
buffer_20_30,2025-05-08,0.9813623721829253,0.0002211569689134496,0.0011776434347726275,2.1414166382137787,1.0913101088303963,0.9813623721829255
buffer_20_30,2025-05-09,0.9832209926148218,0.0018939185815349813,0.0010918659506522375,1.9846440911849392,1.0113442948093914,0.983220992614822
buffer_20_30,2025-05-12,0.9823694624124455,-0.0008660618607335691,0.001271341813407031,2.309965027685809,1.1743075638272287,0.9823694624124457
buffer_20_30,2025-05-13,0.9790915708737812,-0.003336719700767876,0.0012623009624225527,2.2929075084534003,1.167260312424021,0.9790915708737814
buffer_20_30,2025-05-14,0.9745501078409213,-0.004638445644881695,0.0012219581382087155,2.22357397093356,1.138066624458529,0.9745501078409216
buffer_20_30,2025-05-15,0.9768469413771891,0.002356814203588131,0.0012025500760698754,2.187388587172271,1.1232951629630359,0.9768469413771894
buffer_20_30,2025-05-16,0.980088795384689,0.0033186918750336414,0.0012273721417406956,2.2308740362642796,1.1395108397042868,0.9800887953846894
buffer_20_30,2025-05-19,0.9840371118176338,0.00402852930421993,0.0012271048360254035,2.2294566840582344,1.1360163633000258,0.9840371118176342
buffer_20_30,2025-05-20,0.9839450109729362,-9.359488945237526e-05,0.001194295730033878,2.1692187870249935,1.1011986221291343,0.9839450109729366
buffer_20_30,2025-05-21,0.9845541661589763,0.000619094745383908,0.0011515081170245694,2.0910808731447172,1.0620242068403507,0.9845541661589767
buffer_20_30,2025-05-22,0.9842650571095455,-0.0002936446356818223,0.0012504736116846285,2.277561405544744,1.156804597420124,0.9842650571095459
buffer_20_30,2025-05-23,0.9867492357746098,0.0025238919609311683,0.0012417805554654486,2.256837350711825,1.1453085064275792,0.9867492357746102
buffer_20_30,2025-05-26,0.9857958922995624,-0.0009661456431724336,0.001189670995289176,2.1617792917793324,1.0953607559255705,0.9857958922995628
buffer_20_30,2025-05-27,0.9848275782560487,-0.0009822662592505749,0.0011695183164654498,2.126285900790224,1.0784147147689036,0.984827578256049
buffer_20_30,2025-05-28,0.9818568561332206,-0.003016489574843906,0.0011732562693218694,2.1310920525649926,1.0824667260108198,0.9818568561332209
buffer_20_30,2025-05-29,0.9820698956319844,0.0002169761278674187,0.00118064485352952,2.1468823177379255,1.0924126002429357,0.9820698956319848
buffer_20_30,2025-05-30,0.9803402108172811,-0.0017612644704787517,0.0012612781221859877,2.2953681306450155,1.1691289487409013,0.9803402108172814
buffer_20_30,2025-06-03,0.9757845636843905,-0.00464700629702075,0.0012648734182494038,2.3006480993115845,1.1756620415137493,0.9757845636843908
buffer_20_30,2025-06-04,0.9782486557379482,0.0025252418876700045,0.001274009390078458,2.314096615253038,1.1838965803160697,0.9782486557379484
buffer_20_30,2025-06-05,0.9834187414390506,0.005285042479513891,0.0011732331684974227,2.1316456844140084,1.0882847432511578,0.9834187414390508
buffer_20_30,2025-06-06,0.9891370422560959,0.005814716128632602,0.001223772691753691,2.2223859436434346,1.1292281801245403,0.9891370422560961
buffer_20_30,2025-06-09,0.9877510635979155,-0.0014011998327543296,0.0012964709315818415,2.354665939904228,1.1911218542654158,0.9877510635979158
buffer_20_30,2025-06-10,0.9899111236239526,0.0021868465706014195,0.001245680662783527,2.2669788110572364,1.1479218599815417,0.9899111236239527
buffer_20_30,2025-06-11,0.9888922571080339,-0.0010292504969423577,0.0012838770576672814,2.330700902849374,1.1780534306286137,0.988892257108034
buffer_20_30,2025-06-12,0.9896679558025816,0.0007844117384598892,0.0011952332564822545,2.1729507852034544,1.099254893863233,0.9896679558025816
buffer_20_30,2025-06-13,0.9889971020044906,-0.0006778574512367186,0.00121281546388206,2.2044397650300476,1.1148471587685156,0.9889971020044906
buffer_20_30,2025-06-16,0.9901686771028442,0.0011846092329077518,0.0012640652498096118,2.2974536509232495,1.1611233408631185,0.9901686771028442
buffer_20_30,2025-06-17,0.9933436486209815,0.0032064956118658117,0.001386062838267443,2.5182819705250328,1.2691793814269,0.9933436486209815
buffer_20_30,2025-06-18,0.9934455629166955,0.00010259721885330642,0.0013041055792411813,2.369317159940559,1.1910555695590197,0.9934455629166956
buffer_20_30,2025-06-19,0.9901527647356755,-0.0033145230135736004,0.0012488593896345089,2.270441998687655,1.142314545956947,0.9901527647356756
buffer_20_30,2025-06-20,0.9902551923711282,0.00010344629546144013,0.0012738479453292633,2.3170942320495582,1.1698646086515616,0.9902551923711284
buffer_20_30,2025-06-23,0.9901924460445412,-6.336379457583252e-05,0.0012292884812136516,2.234838381437153,1.129206471600137,0.9901924460445413
buffer_20_30,2025-06-24,0.9905425904394646,0.0003536124682854691,0.0011914275304097423,2.1653239812183873,1.0932340866673522,0.9905425904394647
buffer_20_30,2025-06-25,0.9914666808797994,0.0009329133842945758,0.0012469136593709648,2.2662488664706855,1.1433629906071106,0.9914666808797995
buffer_20_30,2025-06-26,0.9900490703002177,-0.001429811618403276,0.0011682852456938039,2.1241581178233684,1.073033187158636,0.9900490703002178
buffer_20_30,2025-06-27,0.9912824546325983,0.00124578101164885,0.001245159755210103,2.2631414483720373,1.1425956468197311,0.9912824546325985
buffer_20_30,2025-06-30,0.9908374387223265,-0.00044892947332220157,0.0013238104830701153,2.4053660961914844,1.2117196340927354,0.9908374387223267
buffer_20_30,2025-07-01,0.9911816220069984,0.00034736604736673726,0.0013154302358045751,2.391953858363203,1.2072758356141198,0.9911816220069987
buffer_20_30,2025-07-02,0.9958586343765324,0.004718622970494302,0.0012131299588532631,2.20375560362992,1.1089941425421255,0.9958586343765327
buffer_20_30,2025-07-03,0.9966925883301885,0.0008374220244404817,0.0013684252925207862,2.486222891888832,1.2476269255408752,0.9966925883301888
buffer_20_30,2025-07-04,0.9984840329845863,0.0017973893609455338,0.0013097148866161787,2.3805193605552635,1.1941654692040555,0.9984840329845868
buffer_20_30,2025-07-07,0.9987192747866275,0.00023559896229685684,0.0013542548994334087,2.456204964029241,1.229472217843324,0.9987192747866279
buffer_20_30,2025-07-08,0.9995331607523206,0.0008149296666644101,0.0013419884964822545,2.443825361100357,1.2231698889866678,0.9995331607523211
buffer_20_30,2025-07-09,0.9978787408700791,-0.00165519259110547,0.0011737288272747712,2.1336850761081583,1.0685112052682302,0.9978787408700797
buffer_20_30,2025-07-10,0.9961605527410166,-0.0017218405991538122,0.0012196922941392434,2.2177081886352417,1.1121061621400201,0.9961605527410171
buffer_20_30,2025-07-11,1.0005471602981793,0.004403514619297555,0.001296301983589005,2.3564713106866093,1.181985959322051,1.0005471602981797
buffer_20_30,2025-07-14,1.0013571100034717,0.0008095067753239871,0.0012518596241390483,2.2733751753409646,1.1349353324932465,1.0013571100034722
buffer_20_30,2025-07-15,1.0004006159678014,-0.0009551977272793666,0.0011629120524703862,2.1134458256613273,1.0542354874960225,1.0004006159678018
buffer_20_30,2025-07-16,1.0007301410452991,0.00032939311735513677,0.0013353900523336276,2.4283446729647276,1.2136887110369805,1.0007301410452996
buffer_20_30,2025-07-17,1.001471241365057,0.0007405596067924236,0.0011863812440880595,2.156156119244781,1.0769530748169356,1.0014712413650575
buffer_20_30,2025-07-18,1.002208181211262,0.000735857222620151,0.001226131638487883,2.228418312278773,1.112135595620203,1.0022081812112624
buffer_20_30,2025-07-21,1.0046726025447767,0.0024589914348296382,0.0013088707720351487,2.3831029533166763,1.1875669567775762,1.0046726025447772
buffer_20_30,2025-07-22,1.0028795934492454,-0.001784670041752645,0.0012394357261190682,2.2480200839903866,1.1194620585992352,1.0028795934492458
buffer_20_30,2025-07-23,1.0041710853788683,0.0012877836362998885,0.001281518161244686,2.328951705737486,1.1642569826543463,1.0041710853788688
buffer_20_30,2025-07-24,1.0059275376976056,0.0017491564378937507,0.001342468140026154,2.438455983593747,1.2141578273233136,1.005927537697606
buffer_20_30,2025-07-25,1.0077054310559885,0.0017674169279153773,0.0012829300603368697,2.3313286746392863,1.159137744596185,1.007705431055989
buffer_20_30,2025-07-28,1.0066603399741973,-0.0010370997809310278,0.001208156827105028,2.1947626936542624,1.0881354482963261,1.0066603399741978
buffer_20_30,2025-07-29,1.0050865786076963,-0.0015633489311214221,0.0012917868449069442,2.351778414356005,1.169573332150572,1.0050865786076968
buffer_20_30,2025-07-30,1.0026113863074315,-0.002462665757305804,0.0012756551298471672,2.317237074449703,1.154247655289403,1.002611386307432
buffer_20_30,2025-07-31,1.0022728678962844,-0.00033763671126241235,0.001289925100949304,2.3461868937596,1.1723895882579156,1.002272867896285
buffer_20_30,2025-08-01,1.0056601605634319,0.003379611257219084,0.0013576309844632029,2.466818794055987,1.2299249848320988,1.0056601605634323
buffer_20_30,2025-08-04,1.0009718941892893,-0.004661879388277557,0.0013898047306520696,2.5247483119095087,1.2545357742256853,1.0009718941892898
buffer_20_30,2025-08-05,0.9997951183447313,-0.001175633253430286,0.0012872460484484557,2.341864312027536,1.168897180539803,0.9997951183447318
buffer_20_30,2025-08-06,0.9985702324922258,-0.0012251368605734614,0.0012518911269661327,2.275955649403118,1.1369366529288458,0.9985702324922262
buffer_20_30,2025-08-07,0.9955974226292105,-0.0029770663757878735,0.0012486114692639519,2.271003894118139,1.1378901643083799,0.9955974226292109
buffer_20_30,2025-08-08,0.9982140367136074,0.002628184871639183,0.0012964244765066746,2.3573576196022348,1.1832179655961645,0.998214036713608
buffer_20_30,2025-08-11,0.9990724841545551,0.0008599833396192302,0.0013036385396772935,2.3683612161761305,1.1853342010237657,0.9990724841545557
buffer_20_30,2025-08-12,0.9980833577697611,-0.000990044666910217,0.0012667574563819115,2.305544136056513,1.1553875935318982,0.9980833577697618
buffer_20_30,2025-08-13,0.9984183601068165,0.0003356456496819149,0.0011826443916780698,2.1489887536611265,1.075277408218615,0.9984183601068171
buffer_20_30,2025-08-14,0.9958933627662685,-0.002528997303573144,0.0013206383422143858,2.4011052270439883,1.2027042374558012,0.995893362766269
buffer_20_30,2025-08-15,0.992263359713125,-0.0036449716293525114,0.0013039522447702528,2.3705163060247636,1.1881531129273797,0.9922633597131255
buffer_20_30,2025-08-18,0.9886841454662488,-0.003607121246430922,0.0013077564178613273,2.3831675565991906,1.2037372615314976,0.9886841454662494
buffer_20_30,2025-08-19,0.9872193816455193,-0.0014815285826584867,0.0012477289459840051,2.2689105983769027,1.1483407453523957,0.9872193816455198
buffer_20_30,2025-08-20,0.9906957468666445,0.003521370513746236,0.0012975028893321746,2.357774979892662,1.191316344129204,0.9906957468666452
buffer_20_30,2025-08-21,0.9892886355549422,-0.0014203263879477568,0.001332975284060255,2.4224509481137098,1.2224985330673896,0.9892886355549428
buffer_20_30,2025-08-22,0.992297654032887,0.003041598144162494,0.0013224380470313417,2.404746738838288,1.2160477532371945,0.9922976540328878
buffer_20_30,2025-08-25,0.9966103839732232,0.004346205921991642,0.0012534756002819765,2.273442591073706,1.142670469755979,0.996610383973224
buffer_20_30,2025-08-26,0.9982195801277465,0.0016146692633363102,0.0013530179833041122,2.4599429904876025,1.2315661253015626,0.9982195801277474
buffer_20_30,2025-08-27,0.9975787463102903,-0.000641976805718647,0.0012350222677216718,2.244697920975769,1.123353431462554,0.9975787463102912
buffer_20_30,2025-08-28,1.0027315227993518,0.005165282949461281,0.0013366862822298802,2.4300935980089617,1.2169817766403026,1.0027315227993527
buffer_20_30,2025-08-29,1.002890682370517,0.0001587260074569219,0.0013426104223803995,2.434949254184727,1.2116595211224155,1.002890682370518
buffer_20_30,2025-09-01,1.0044654391415193,0.0015702177701761855,0.0013051677757332637,2.370762545668606,1.1821251706179283,1.0044654391415202
buffer_20_30,2025-09-02,1.0069300254223161,0.0024536297464881063,0.001311678891485822,2.3808166181814308,1.1840605136852385,1.006930025422317
buffer_20_30,2025-09-03,1.0118513487516738,0.004887453154744925,0.0013319783854009912,2.4232214783621355,1.2035433605904255,1.0118513487516747
buffer_20_30,2025-09-04,1.0117614885055826,-8.880775442177136e-05,0.00130292046101786,2.3649945286598753,1.1660962081099386,1.0117614885055835
buffer_20_30,2025-09-05,1.0146684836249913,0.0028732019872612646,0.001370104697657152,2.4921149925365564,1.2330759049290603,1.0146684836249922
buffer_20_30,2025-09-08,1.012530895734763,-0.0021066860011179633,0.0013593795468134888,2.4710890532657057,1.2168105232901991,1.0125308957347638
buffer_20_30,2025-09-09,1.013205270686689,0.0006660290118225554,0.001259906168757831,2.291172016793117,1.1307920269332352,1.0132052706866899
buffer_20_30,2025-09-10,1.012508898524975,-0.0006872962289684592,0.0013025784883698148,2.3676675251598853,1.168331935971782,1.012508898524976
buffer_20_30,2025-09-11,1.0158441856147689,0.003294081755382816,0.0012914422501803945,2.347757479628899,1.1591937166429542,1.0158441856147697
buffer_20_30,2025-09-12,1.012551918277813,-0.0032409176363630277,0.0013211095143920095,2.3997300192633038,1.1804944171520135,1.012551918277814
buffer_20_30,2025-09-15,1.016979855161208,0.0043730467578650956,0.0012597824836189137,2.2911151578244895,1.1300038011428624,1.0169798551612088
buffer_20_30,2025-09-16,1.0219828791321752,0.00491949171419348,0.0013781077494948151,2.5029271097293484,1.2287369192597262,1.0219828791321761
buffer_20_30,2025-09-17,1.0224930925078188,0.0004992386722533215,0.00130953834844913,2.3764095250774515,1.1626608790882842,1.0224930925078197
buffer_20_30,2025-09-18,1.02456104041399,0.002022456602713163,0.001331854358452561,2.42066139136256,1.1835550966884332,1.0245610404139907
buffer_20_30,2025-09-19,1.0233356543722751,-0.001196010772788858,0.001302556137921764,2.3660919771679367,1.1529388640996507,1.0233356543722758
buffer_20_30,2025-09-22,1.029221100705703,0.005751237444216795,0.0014234095473825935,2.5891979149714985,1.2664661903437584,1.0292211007057037
buffer_20_30,2025-09-23,1.0272761511739938,-0.0018897295541022707,0.0013557137231973307,2.4600458725115155,1.192409385250099,1.0272761511739945
buffer_20_30,2025-09-24,1.0225668744827277,-0.004584236367099814,0.0013022585043307058,2.3702096572200735,1.1564692432810428,1.0225668744827283
buffer_20_30,2025-09-25,1.028625600277287,0.0059250166866831044,0.0014238808508709234,2.5881628427340697,1.2624887667723117,1.0286256002772878
buffer_20_30,2025-09-26,1.0296405087698783,0.0009866646254164113,0.0012915413761744336,2.34579868875866,1.1398343279867933,1.029640508769879
buffer_20_30,2025-09-29,1.0324500042764442,0.0027286178842385045,0.0012871175754836876,2.3400073528083576,1.1379463613679397,1.0324500042764448
buffer_20_30,2025-09-30,1.0349284350109105,0.0024005334148875512,0.0013849652848405792,2.51680798373794,1.2158871783180734,1.0349284350109111
buffer_20_30,2025-10-09,1.0371290241725084,0.0021263201272219145,0.0013580866183401017,2.4690470090373693,1.1939000784993439,1.037129024172509
buffer_20_30,2025-10-10,1.0348879721432693,-0.0021608227877212283,0.001318198622184839,2.3941513575620874,1.1528864264945995,1.03488797214327
buffer_20_30,2025-10-13,1.0417536404706842,0.0066342140523634185,0.0011750352460018249,2.1362542918975764,1.0296267494113673,1.0417536404706849
buffer_20_30,2025-10-14,1.035347723823142,-0.006149166557889663,0.0013559073488575114,2.4633539656634285,1.1837718527922423,1.0353477238231428
buffer_20_30,2025-10-15,1.0385103681395913,0.003054668729816523,0.0013533700864943074,2.4620719479399384,1.1882192479582292,1.038510368139592
buffer_20_30,2025-10-16,1.037735801102252,-0.0007458442988170777,0.0013332676173703267,2.4213333242743484,1.1631874992302214,1.0377358011022526
buffer_20_30,2025-10-17,1.0362850332125337,-0.0013980127583314017,0.0013948981234908537,2.537092053913634,1.2227245955475103,1.0362850332125344
buffer_20_30,2025-10-20,1.0385758760638126,0.0022106300659165967,0.0014128675123120768,2.5688902915121252,1.239822246450259,1.0385758760638135
buffer_20_30,2025-10-21,1.0446500324161516,0.005848543657070104,0.001337129563583527,2.4283657161591137,1.1667070068539853,1.0446500324161525
buffer_20_30,2025-10-22,1.0492695274256065,0.004422050319350168,0.0011559483085172555,2.098907164908481,1.0037310999959488,1.0492695274256074
buffer_20_30,2025-10-23,1.0495854265862583,0.0003010657913862236,0.0012625139895230276,2.293118894348597,1.092386926782936,1.0495854265862592
buffer_20_30,2025-10-24,1.048366421516341,-0.001161415773351604,0.0014107514575502583,2.565004532207551,1.2233831220665001,1.048366421516342
buffer_20_30,2025-10-27,1.0431905992907315,-0.004937035486240915,0.0014312149775074948,2.5993988393445555,1.240332329410913,1.0431905992907324
buffer_20_30,2025-10-28,1.0439608104982971,0.0007383226115047492,0.0013581965006804924,2.4727808923242898,1.1839045868346216,1.043960810498298
buffer_20_30,2025-10-29,1.0466943389603909,0.0026184205715433784,0.0013202059767446247,2.399409012163656,1.1479341351730297,1.0466943389603918
buffer_20_30,2025-10-30,1.047139503843832,0.00042530552317998627,0.0013702814361104142,2.490535434711336,1.1908160899123839,1.047139503843833
buffer_20_30,2025-10-31,1.044639257870052,-0.002387691386488644,0.0013489173864617322,2.4519541121278525,1.1723687042635202,1.044639257870053
buffer_20_30,2025-11-03,1.041315574500027,-0.003181656581432435,0.0013538587110789614,2.4614815284587075,1.1782462489004408,1.041315574500028
buffer_20_30,2025-11-04,1.0438529256737108,0.002436678405489001,0.0013577343036168593,2.468883976285614,1.1840128656464708,1.0438529256737117
buffer_20_30,2025-11-05,1.046319652394684,0.00236309796169909,0.0013842053315248272,2.514898308505011,1.2029794310970374,1.046319652394685
buffer_20_30,2025-11-06,1.0482632165006185,0.0018575242293177308,0.0013380034556998927,2.431133335252609,1.1605393525006187,1.0482632165006194
buffer_20_30,2025-11-07,1.0458386379970286,-0.002312948184601704,0.0013499962713537314,2.4535812525829614,1.1703966767147465,1.0458386379970295
buffer_20_30,2025-11-10,1.0465101915239508,0.0006421196373165294,0.0012379997627639287,2.2545139031007357,1.0792979666541351,1.0465101915239516
buffer_20_30,2025-11-11,1.0512843736696984,0.00456200253415151,0.0013775973252631469,2.502594454219207,1.1941239414332536,1.0512843736696993
buffer_20_30,2025-11-12,1.0512473894159637,-3.518006608005386e-05,0.0013609510125969903,2.4717548621951817,1.1742921378011397,1.0512473894159646
buffer_20_30,2025-11-13,1.0522050933948528,0.0009110167487988985,0.0012537803063453357,2.2790317098197,1.082845027371121,1.0522050933948537
buffer_20_30,2025-11-14,1.0535696926837899,0.0012968947760310101,0.0013479800886411289,2.450792058668693,1.1656459858689459,1.0535696926837907
buffer_20_30,2025-11-17,1.0575405338929849,0.003768940238855878,0.001322165669357957,2.399128035745774,1.1370717769657395,1.0575405338929857
buffer_20_30,2025-11-18,1.059659427744665,0.0020036053312113555,0.001398563825378794,2.5412402909087106,1.2019145972066232,1.0596594277446658
buffer_20_30,2025-11-19,1.065378403732423,0.0053969943908582785,0.0014024770397749354,2.547786378771433,1.2011707320780662,1.0653784037324239
buffer_20_30,2025-11-20,1.0711479056295534,0.005415448517557486,0.0013294161998719475,2.413769031571554,1.1316167962376975,1.0711479056295543
buffer_20_30,2025-11-21,1.0650908685473126,-0.005654715889754636,0.001403255993297669,2.5480577311673085,1.1879267660528592,1.0650908685473135
buffer_20_30,2025-11-24,1.0654234089132162,0.00031221783579571394,0.0013646571764079558,2.4832347134262838,1.1640998729204697,1.065423408913217
buffer_20_30,2025-11-25,1.0693110146139784,0.00364888331553348,0.0013881158191957677,2.5229941479179043,1.182171523925769,1.0693110146139793
buffer_20_30,2025-11-26,1.0709823611754676,0.001563012574122391,0.001252603298273473,2.2728222949416876,1.061500035307497,1.0709823611754685
buffer_20_30,2025-11-27,1.067775331252388,-0.002994475015965392,0.0014576811072217091,2.6521830411228104,1.2386586672515234,1.067775331252389
buffer_20_30,2025-11-28,1.0729138028421208,0.004812315324522309,0.0013689359408634771,2.489513993369328,1.165566085240874,1.0729138028421217
buffer_20_30,2025-12-01,1.0748949708558746,0.0018465304561332552,0.0013006752021691625,2.3607059604321905,1.097267065080888,1.0748949708558755
buffer_20_30,2025-12-02,1.0750117203772271,0.00010861481774315784,0.0013191487483704075,2.398232081895201,1.1155558690974339,1.075011720377228
buffer_20_30,2025-12-03,1.0726859779992686,-0.002163457694342563,0.0014247466761504802,2.5897761749531663,1.2044748048419915,1.0726859779992695
buffer_20_30,2025-12-04,1.0716722534360419,-0.0009450338533533165,0.0013822819381580907,2.513622812551885,1.1715273711947694,1.0716722534360428
buffer_20_30,2025-12-05,1.076263960766616,0.004284619029607306,0.0014191763513114028,2.5797850619535363,1.2025923906747522,1.076263960766617
buffer_20_30,2025-12-08,1.0727439488635504,-0.0032705841980980033,0.0013739729712787692,2.49622463682309,1.1606332981393137,1.0727439488635513
buffer_20_30,2025-12-09,1.070546843673835,-0.002048117066559052,0.0013821190324054724,2.5142574558925936,1.1736717981062759,1.070546843673836
buffer_20_30,2025-12-10,1.0751114960830874,0.00426385116749084,0.0013385852800094525,2.4336525520544514,1.137187936237084,1.0751114960830883
buffer_20_30,2025-12-11,1.0756146297319629,0.0004679827633771172,0.0014603145428521973,2.651994071275576,1.2328392982322014,1.0756146297319638
buffer_20_30,2025-12-12,1.0765900038139777,0.0009068062622556994,0.0014859982295767687,2.6985557397929596,1.2544989424275736,1.0765900038139786
buffer_20_30,2025-12-15,1.0751404079290718,-0.0013464697607914466,0.001591135115546647,2.8921905785478947,1.344221559474475,1.0751404079290727
buffer_20_30,2025-12-16,1.0741368012837578,-0.0009334656551949205,0.0014589749661661254,2.651332030079667,1.2306994877824748,1.0741368012837587
buffer_20_30,2025-12-17,1.0759003604051334,0.0016418384690553012,0.0013572490874128973,2.4679966707460292,1.1477886473597563,1.0759003604051343
buffer_20_30,2025-12-18,1.0768409812695048,0.0008742639179126765,0.0013401972886725522,2.4358155564101702,1.1321506954341334,1.0768409812695057
buffer_20_30,2025-12-19,1.0771436525551217,0.00028107333476490304,0.0012732013972165106,2.3179514500509812,1.0742901196629868,1.0771436525551226
buffer_20_30,2025-12-22,1.0805249913079118,0.003139171590315959,0.0013046771084615169,2.368761339884957,1.0970531885100618,1.0805249913079127
buffer_20_30,2025-12-23,1.0796481195249996,-0.0008115238332903063,0.0012860116306608522,2.337028728780025,1.081076358567532,1.0796481195250005
buffer_20_30,2025-12-24,1.0789141906842061,-0.0006797852258718651,0.0013685734237997291,2.4885319963337524,1.153040008962783,1.078914190684207
buffer_20_30,2025-12-25,1.0816961252082695,0.0025784576271994375,0.001287877096145935,2.340352874938438,1.083014071554778,1.0816961252082704
buffer_20_30,2025-12-26,1.0811396748225093,-0.0005144239429101249,0.0013549527010125308,2.4630608198070063,1.1400204971795576,1.0811396748225102
buffer_20_30,2025-12-29,1.0811756242196278,3.32513901355469e-05,0.00139910218863252,2.5430387565138877,1.176607406476004,1.0811756242196287
buffer_20_30,2025-12-30,1.0789036973317103,-0.0021013486033384376,0.0013706432705418432,2.491111232273416,1.151800366033611,1.0789036973317112
buffer_20_30,2025-12-31,1.0837010756800316,0.0044465306404879446,0.0013733026643735359,2.4951470069228074,1.1567508308816215,1.0837010756800325
buffer_20_30,2026-01-05,1.0834008435886562,-0.0002770432715377691,0.001407119968497748,2.555839105153708,1.180225371330094,0.9997229567284622
buffer_20_30,2026-01-06,1.0817394834965495,-0.0015334676006006909,0.0014565628387409083,2.649483067276939,1.2219116048286887,0.9981899139647424
buffer_20_30,2026-01-07,1.080258886458789,-0.0013687186798199136,0.0013130409023114802,2.3917834574756065,1.1090447712637679,0.996823672783491
buffer_20_30,2026-01-08,1.0734100976807235,-0.006339951343067973,0.001337918550680586,2.4314593385666687,1.1262402953751698,0.9905038592004254
buffer_20_30,2026-01-09,1.0751779081692796,0.0016469106191341343,0.0014274752988956293,2.596770112842661,1.2137503329017685,0.9921351305244359
buffer_20_30,2026-01-12,1.07960173613862,0.004114507874211304,0.0014935858809634525,2.711590472292864,1.2587110925402132,0.9962172783312604
buffer_20_30,2026-01-13,1.0763214761492361,-0.0030383982162870415,0.0013489206859478274,2.4506295738148305,1.1402989742815421,0.9931903735297444
buffer_20_30,2026-01-14,1.07667540173939,0.0003288288843033005,0.0014477948648751273,2.635731909954025,1.2241603196860322,0.993516963212173
buffer_20_30,2026-01-15,1.076434440696802,-0.0002238010102196819,0.0015566601050898236,2.826775298493698,1.3117793961957935,0.9932946131121357
buffer_20_30,2026-01-16,1.0781893940086542,0.0016303392436201047,0.0015596972170412858,2.83477322681233,1.3145988546376786,0.9949140203003689
buffer_20_30,2026-01-19,1.0800781536435318,0.001751788364245721,0.0013610126862684028,2.4738087388225485,1.1470860726274217,0.996656899104556
buffer_20_30,2026-01-20,1.0821596472501185,0.0019271694363645064,0.0013937141111789071,2.532984585256536,1.1735140526446588,0.9985776258190522
buffer_20_30,2026-01-21,1.0817673380242996,-0.0003625243528676547,0.001379495860758592,2.5068741389858364,1.1598410964302723,0.998215617111464
buffer_20_30,2026-01-22,1.0810990024517741,-0.000617818221195332,0.0013306176641609553,2.4179036512418692,1.116917421205384,0.9975989013145308
buffer_20_30,2026-01-23,1.0854013880188442,0.0039796406779701865,0.001351140553241584,2.4560237249450623,1.1345480583145755,1.0015689864825004
buffer_20_30,2026-01-26,1.0917372207100808,0.005837317660705388,0.0015146097544843783,2.7496346875278848,1.260986420748427,1.0074154628157095
buffer_20_30,2026-01-27,1.092430794904253,0.0006352940808604934,0.0015153832434714205,2.7519727336533224,1.2614592343065136,1.0080554678962037
buffer_20_30,2026-01-28,1.0855427217958975,-0.006305271821780978,0.0014080962424529056,2.5592314334869988,1.1725073601952036,1.0016994041596856
buffer_20_30,2026-01-29,1.0813764248932909,-0.0038379852021982463,0.0013879251025154967,2.5278893003941647,1.1641670506382196,0.9978548966694699
buffer_20_30,2026-01-30,1.0828128622997444,0.0013283417072784687,0.0014534570188586501,2.6375851972283773,1.2156255798610895,0.999180388946528
buffer_20_30,2026-02-02,1.0834316299351123,0.0005714446668594331,0.0015469878914818184,2.813534610387559,1.3006482038187706,0.999751365251022
buffer_20_30,2026-02-03,1.0843579292254346,0.0008549679229670204,0.0014298064989637282,2.5980276733681094,1.1987862852845674,1.0006061205992542
buffer_20_30,2026-02-04,1.0855725943308392,0.0011201698928620107,0.001360578328250922,2.4721507156939726,1.1384430986745804,1.001726969450163
buffer_20_30,2026-02-05,1.0829134293309908,-0.0024495506000569156,0.0013970744822219146,2.5388443231098186,1.1675646458455922,0.9992731885510531
buffer_20_30,2026-02-06,1.0819770450921231,-0.0008646898390078928,0.0013621824009787409,2.480489700587749,1.1455476295805784,0.9984091271785199
buffer_20_30,2026-02-09,1.081257419527097,-0.0006651024328938604,0.0013897235548848102,2.5285013226431334,1.1674652811645092,0.9977450828390101
buffer_20_30,2026-02-10,1.082658368505651,0.001295666465037204,0.0012606998427324152,2.2920807587394236,1.0596896191845515,0.9990378276835004
buffer_20_30,2026-02-11,1.0801634268885096,-0.0023044588114947695,0.0013976584250532471,2.540847197477171,1.1752343115554817,0.9967355861584786
buffer_20_30,2026-02-12,1.0773560428621811,-0.002599036364724361,0.0013564915613150388,2.4652658328677712,1.1392384216668074,0.9941450341240379
buffer_20_30,2026-02-13,1.074662857080581,-0.0024998103453759413,0.00141251700148256,2.5701875681430737,1.1940158917798576,0.9916598600829305
buffer_20_30,2026-02-24,1.0786558542687152,0.003715581274467361,0.0014341276014201753,2.607808091255648,1.2138387693820822,0.9953444528896955
buffer_20_30,2026-02-25,1.0771143945106574,-0.0014290561275476232,0.0014281956736708894,2.5941474635810158,1.2027505887563696,0.993922049800273
buffer_20_30,2026-02-26,1.0726642571961982,-0.004131536387535606,0.0014070693675574451,2.5572046191014337,1.1845249958952118,0.9898156246851492
buffer_20_30,2026-02-27,1.0682576967300508,-0.004108051924528122,0.0013568828939441524,2.4700746168418815,1.1527512460054752,0.9857494107032333
buffer_20_30,2026-03-02,1.064319229569369,-0.003686813746100248,0.0013208575066058347,2.4027603743894543,1.125538432348908,0.9821151362256424
buffer_20_30,2026-03-03,1.064743133205261,0.0003982861759093126,0.0013573213859092354,2.467742083469543,1.1572319335571204,0.9825062991075524
buffer_20_30,2026-03-04,1.0693432694562115,0.00432041880101397,0.0014893394547907772,2.704459746439268,1.26721146361302,0.9867511377943313
buffer_20_30,2026-03-05,1.0715035533373924,0.002020196828170562,0.0014833339104799634,2.6947921295795885,1.2587844866757283,0.9887445693130972
buffer_20_30,2026-03-06,1.0663283295304058,-0.004829870877112286,0.0013368775103867125,2.4297221301706706,1.1342895520708989,0.9839690607128689
buffer_20_30,2026-03-09,1.0646513916921874,-0.0015726280468951748,0.0013272694689379306,2.4153800001132426,1.1340476900718357,0.9824216433707148
buffer_20_30,2026-03-10,1.064177200414993,-0.00044539581772462533,0.0013661797059534104,2.4840463140441136,1.167943709704637,0.9819840768795154
buffer_20_30,2026-03-11,1.0609546435721546,-0.0030282145131296234,0.0012680491675780689,2.304672701311312,1.0830454946667925,0.9790104184462466
buffer_20_30,2026-03-12,1.063067404520653,0.0019913772575468336,0.0013067617382085252,2.3761825268917907,1.118566606816573,0.9809599975284419
buffer_20_30,2026-03-13,1.0622507417379283,-0.0007682135481267283,0.001297185294982525,2.357531994657059,1.108884992864711,0.9802064107681702
buffer_20_30,2026-03-16,1.0625411259074542,0.0002733668785683818,0.0014535156613013423,2.642868478351616,1.2449049863317139,0.9804743667350346
buffer_20_30,2026-03-17,1.0618773787774674,-0.0006246790018785697,0.001397609839116517,2.5420430059338086,1.1952677527170616,0.979861884986255
buffer_20_30,2026-03-18,1.0593632519313885,-0.0023676244511144917,0.0014834819611546277,2.6975333271077178,1.2708208966167338,0.9775419400286465
buffer_20_30,2026-03-19,1.057129513099432,-0.0021085674133815013,0.0013866486891124573,2.521093938426291,1.1891508468474428,0.9754807269486884
buffer_20_30,2026-03-20,1.0592167986241028,0.0019744842035021026,0.0013831328462120388,2.514090008753085,1.1856831229564304,0.9774067982348693
buffer_20_30,2026-03-23,1.0568665865083295,-0.002218820659591225,0.001470158980804458,2.6727165551749086,1.2613547559037812,0.9752381078381209
buffer_20_30,2026-03-24,1.057461697896517,0.0005630903614368687,0.0014802080328276152,2.6912996853142515,1.2719224331070043,0.9757872550167505
buffer_20_30,2026-03-25,1.056711421076019,-0.0007095073249372419,0.0014725127477565071,2.676308060191288,1.2640092863844377,0.9750949268117357
buffer_20_30,2026-03-26,1.0562626692206671,-0.00042466831189802434,0.0013594157021052683,2.471636136050676,1.1688995267063764,0.9746808348952263
buffer_20_30,2026-03-27,1.0578312189439518,0.001484999677629384,0.0013529794578645792,2.4597494719652824,1.1642585678626158,0.9761282356208373
buffer_20_30,2026-03-30,1.057621502898628,-0.0001982509511613273,0.0013748010424101016,2.4979023826570854,1.1795637017089924,0.9759347172696701
buffer_20_30,2026-03-31,1.0572274443771579,-0.0003725893624421106,0.0013431430307322613,2.4421158211418508,1.1548096860427728,0.9755710943755774
buffer_20_30,2026-04-01,1.0545908641399924,-0.002493862840194039,0.0013263385530627389,2.410189484828731,1.1379968273961387,0.9731381538753467
buffer_20_30,2026-04-02,1.05643954169766,0.0017529808198890606,0.0012720050794995832,2.3131827289543443,1.0945797015822252,0.9748440463941925
buffer_20_30,2026-04-03,1.057438145610308,0.0009452541988757002,0.0013611616273798476,2.4735467591855516,1.1687243622790804,0.9757655218222956
buffer_20_30,2026-04-07,1.0617602363628829,0.0040873225261610635,0.0013994905205754241,2.544315094741446,1.2031761526925662,0.9797537902198912
buffer_20_30,2026-04-08,1.062266693580274,0.000476997725141759,0.001323241109003103,2.4030159019258335,1.1310836207931654,0.980221130549025
buffer_20_30,2026-04-09,1.0593001525379424,-0.0027926518455860805,0.0013194728843336017,2.3985106717869074,1.1291279886836993,0.9774837141997148
buffer_20_30,2026-04-10,1.0570795648240021,-0.0020962781026888644,0.0014281545757024948,2.599442191047035,1.226237551947536,0.9754346364939029
buffer_20_30,2026-04-13,1.0584235148846064,0.0012713802303312427,0.0012947898243431636,2.3547850835214366,1.1137773603303593,0.9766747848067217
buffer_20_30,2026-04-14,1.0553716340199768,-0.0028834212597423914,0.0013997944592968631,2.5418663928478216,1.2016979927557003,0.9738586199683557
buffer_20_30,2026-04-15,1.0586103291346338,0.0030687721843731808,0.0014162666215610867,2.5771496351939653,1.219284077488024,0.9768471702128266
buffer_20_30,2026-04-16,1.0589524689497436,0.0003231971252248833,0.001401563997992234,2.5460581913000615,1.2005648476121533,0.9771628844100235
buffer_20_30,2026-04-17,1.0576874282517121,-0.0011946151835182661,0.0012593028591601776,2.287225350236053,1.0799213135909091,0.9759955507915368
buffer_20_30,2026-04-20,1.0497870573164028,-0.007469476070419145,0.0013696904355916058,2.4909926322674747,1.17911628084807,0.9687053753800638
buffer_20_30,2026-04-21,1.0470630275053294,-0.0025948403460381853,0.0012662900965827442,2.305416113067743,1.0997321177638026,0.9661917395886036
buffer_20_30,2026-04-22,1.0405382727225367,-0.006231482357216045,0.0012141540426812724,2.2080993020225455,1.0559175756134536,0.9601709328096694
buffer_20_30,2026-04-23,1.0382476741171938,-0.0022013593016139144,0.001328352556062953,2.4150362572524147,1.1616585958331962,0.9580572515955895
buffer_20_30,2026-04-24,1.0405457301147631,0.0022133986474117684,0.0014152437447829758,2.5754054319384467,1.239875662526002,0.9601778142204143
buffer_20_30,2026-04-27,1.0395437399867828,-0.0009629467489812304,0.0012285129640235506,2.232087442617253,1.0724813407884364,0.9592532141157668
buffer_20_30,2026-04-28,1.0336095423526788,-0.005708463632496663,0.0012145208908720673,2.2085602048167425,1.0631356070323015,0.9537773520286315
buffer_20_30,2026-04-29,1.035491513472475,0.001820775682384257,0.0013009740209018815,2.3662896124304935,1.1425992974482013,0.955513966637614
buffer_20_30,2026-04-30,1.0366529876282131,0.0011216645821106042,0.0013450245117738202,2.446273983751923,1.178612411606641,0.9565857328117034
buffer_20_30,2026-05-06,1.0365256351098093,-0.00012284970952058938,0.001358243249580106,2.467396699208481,1.191018360817284,0.956468216532296
buffer_20_30,2026-05-07,1.0307123888385432,-0.005608396043818353,0.0014072596862674744,2.558382548665198,1.2358455186513004,0.9511039639706582
buffer_20_30,2026-05-08,1.0305585878225714,-0.00014921816952750966,0.0012391633137057876,2.2544605632412313,1.0938604058325414,0.9509620419781242
buffer_20_30,2026-05-11,1.030161473942067,-0.00038533848070043675,0.0012368338273002855,2.2478001043997757,1.089639141566734,0.9505955997096646
buffer_20_30,2026-05-12,1.0252273729262316,-0.004789638460225509,0.0012952175926285237,2.355346819842587,1.1441354025521686,0.946042590465174
buffer_20_30,2026-05-13,1.0238846930578795,-0.0013096410648105739,0.0012157807514732754,2.2117529765615593,1.0786048171216067,0.9448036142396411
buffer_20_30,2026-05-14,1.0194553024109372,-0.00432606393764301,0.0012372122532627017,2.249539834337529,1.098483420720932,0.9407163333959242
buffer_20_30,2026-05-15,1.0177598060862743,-0.0016631394438316738,0.0013304027409144126,2.42007230206151,1.1861419221393523,0.9391517909563968
buffer_20_30,2026-05-18,1.014665607288943,-0.0030402053400298,0.001374049762342612,2.4978161855383947,1.2246387740709703,0.9362965766664326
buffer_20_30,2026-05-19,1.0111677622443227,-0.0034472884657696934,0.0012285962930111615,2.235655256120137,1.101973435618724,0.9330688922771507
buffer_20_30,2026-05-20,1.0103012201770925,-0.0008569716120171433,0.001167580860586049,2.1240614652583383,1.0509466985858376,0.9322692787244129
buffer_20_30,2026-05-21,1.0132318447769244,0.002900743403356776,0.0012002817103717995,2.1798155293806722,1.0738940607289005,0.934973552684825
buffer_20_30,2026-05-22,1.0157259455454661,0.0024615301832433545,0.0014625733330055398,2.6590372649389944,1.3110034911167456,0.9372750183052929
buffer_20_30,2026-05-25,1.015983172906527,0.0002532448463967718,0.0012959909553729475,2.3541533373543677,1.1568471336453192,0.9375123783733351
buffer_20_30,2026-05-26,1.016420640127484,0.0004305851047763376,0.0012448381031054945,2.263038133816325,1.1127587223419073,0.9379160572390061
buffer_20_30,2026-05-27,1.007650377028184,-0.008628576352207928,0.0013030169907436659,2.367878218705168,1.1626048979140144,0.9298231769271574
buffer_20_30,2026-05-28,1.006463473201017,-0.0011778925054020117,0.001302830526019794,2.3729002141035167,1.1770467160772662,0.9287279451757059
buffer_20_30,2026-05-29,1.00621347636792,-0.00024839136218401947,0.0012570024750284767,2.284497204148737,1.1322820398360942,0.9284972571763054
buffer_20_30,2026-06-01,1.01202702235353,0.005777646714288487,0.001405703945515174,2.555541424505834,1.2674555557092095,0.933861786303456
buffer_20_30,2026-06-02,1.0116805578775816,-0.0003423470602026413,0.0014801765051946458,2.686030030332576,1.3255979019070694,0.9335420814662794
buffer_20_30,2026-06-03,1.0131127471141197,0.0014156536125817798,0.0012941152655325386,2.3511352009765902,1.1574847878426195,0.9348636536864042
buffer_20_30,2026-06-04,1.014794435466841,0.0016599222125195379,0.0012463750072154041,2.266004567193211,1.1166782659397787,0.9364154546308354
buffer_20_30,2026-06-05,1.0132886375582622,-0.0014838452557006665,0.0013015512723933437,2.368082085427693,1.1667020739778964,0.9350259590011166
buffer_20_30,2026-06-08,1.005587049912432,-0.007600586210449234,0.0013024645800587236,2.3668311334099834,1.1643323943885364,0.9279192135907207
buffer_20_30,2026-06-09,1.0034255958290283,-0.00214944502675507,0.0013466980997447447,2.4513222580145753,1.2147637694355433,0.9259247022518377
buffer_20_30,2026-06-10,1.0050273750878085,0.001596310942673096,0.0013265680877020333,2.4163307806882557,1.2045794158371168,0.9274027659861336
buffer_20_30,2026-06-11,1.008634176687132,0.0035887595589210175,0.0013322478248172012,2.4168957267058544,1.1983067942472971,0.9307309915275361
buffer_20_30,2026-06-12,1.0145972543681672,0.005912032150864555,0.0014061053203893086,2.5570433726763215,1.264479714927165,0.9362335030732529
buffer_20_30,2026-06-15,1.0157525257516733,0.0011386502166572665,0.0014467872726509413,2.6251076850203394,1.291168827683151,0.9372995455543691
buffer_20_30,2026-06-16,1.0067712680497356,-0.0088419742744833,0.0015103898995932833,2.747963350572592,1.3520386826461617,0.9290119670850925
buffer_20_30,2026-06-17,1.008507474765668,0.0017245294646675013,0.0013150527176643415,2.392290838405006,1.1880469779249703,0.9306140755953595
buffer_20_30,2026-06-18,1.0065544720815887,-0.0019365277233399647,0.0012466812164058521,2.265841623039975,1.124626865597726,0.9288119156382386
buffer_20_30,2026-06-22,1.0100783314695727,0.00350091275308384,0.0013050310404034509,2.376378644523588,1.1843650969746458,0.9320636051189127
buffer_20_30,2026-06-23,1.0225939677509144,0.012390758113910438,0.0012470859859244649,2.2601274345035387,1.1155857991237628,0.9436125797967205
buffer_20_30,2026-06-24,1.0210123881118476,-0.0015466350173620746,0.0013464458715555438,2.4431000717851825,1.1944432173784323,0.9421531555379835
buffer_20_30,2026-06-25,1.0169131302528507,-0.004014895320298306,0.0013359053435165122,2.4288513110935397,1.1888695402899407,0.9383705092428097
buffer_20_30,2026-06-26,1.0224535353544568,0.0054482580043277995,0.0011785367479125093,2.1436295203204137,1.0525300009638048,0.943482993880817
buffer_20_30,2026-06-29,1.0244459055136323,0.0019486168224600586,0.0013916826667796436,2.5276471631895503,1.2353479941664716,0.9453214807143981
buffer_20_30,2026-06-30,1.0259769817097155,0.0014945407930695431,0.00139720235513152,2.53927116075605,1.239791511442971,0.9467343022298907
buffer_20_30,2026-07-01,1.0274922238941686,0.0014768773680751135,0.0011787995442015518,2.1419217411271454,1.0441828139510783,0.9481325126944344
buffer_20_30,2026-07-02,1.031407399599498,0.0038104188180527743,0.00123889619636391,2.2512906083035613,1.0958260831266002,0.951745294662813
buffer_20_30,2026-07-03,1.0282059674618493,-0.0031039452876638896,0.0013743344756349978,2.496116924015178,1.2095307821030081,0.9487911293403881
buffer_20_30,2026-07-06,1.0234949178516293,-0.004581815083070762,0.00128059385497824,2.328275483696102,1.1295197338805663,0.9444439438332926
buffer_20_30,2026-07-07,1.029449122261354,0.005817522203454439,0.0013400022723375582,2.437734801091647,1.1875628120774018,0.9499382674464608
buffer_20_30,2026-07-08,1.0362846944538167,0.006640029161856242,0.0013395961239802304,2.4329527235461668,1.1800037826887726,0.9562458852442685
buffer_20_30,2026-07-09,1.0408686682783903,0.00442346958235218,0.001325358585544714,2.4066311374808516,1.1610363041959326,0.9604758098308959
buffer_20_30,2026-07-10,1.0428277024336805,0.0018821146365473052,0.0013203740212976225,2.39715424427303,1.149332258617136,0.9622835354106282
buffer_20_30,2026-07-13,1.0407942591004669,-0.0019499322164804322,0.0014490027030273087,2.6339187223784792,1.262766780387317,0.9604071477435423
buffer_20_30,2026-07-14,1.0395973640916345,-0.001149982331634658,0.0015129169147710694,2.750310474493869,1.3191553001839447,0.9593026964924616
buffer_20_30,2026-07-15,1.048753433391864,0.008807322542828677,0.0013390985722884212,2.434592535887553,1.1690954518914927,0.967751584756676
buffer_20_30,2026-07-16,1.0454740364979924,-0.0031269474687347643,0.0013925923412532828,2.5277227113807528,1.204515531799719,0.964725476388357
buffer_20_30,2026-07-17,1.0418435269866713,-0.0034725965299743367,0.001387190885827119,2.523210730931874,1.2066118604383385,0.961375374046673
buffer_20_30,2026-07-20,1.0468417339576066,0.004797464150294806,0.0014246710003650107,2.5893727392053885,1.2374498797212174,0.9659875379386381
buffer_20_30,2026-07-21,1.0480090235163615,0.0011150582947643262,0.0014381362826793374,2.612175683800955,1.2431975395292867,0.9670646703554555
buffer_20_30,2026-07-22,1.0414219903104454,-0.006285282910842516,0.0013469549051193823,2.449295192434297,1.1679777831045646,0.9609863953091908
buffer_20_30,2026-07-23,1.038402175770126,-0.002899703067936077,0.0012900079801228086,2.3476039098342127,1.1258176333691943,0.9581998201104679
buffer_20_30,2026-07-24,1.0361842541675204,-0.0021358984547203974,0.0011880978037728978,2.158696340014547,1.038449507254916,0.9561532025953806
buffer_20_30,2026-07-27,1.03776637714671,0.0015268741759262294,0.001329998711913137,2.416947089398044,1.1609807179345957,0.9576131282286526
buffer_20_30,2026-07-28,1.0407633076025093,0.00288786621131365,0.001291112965141275,2.3478679097048314,1.1301736672629372,0.9603785868251745
buffer_20_30,2026-07-29,1.041582504766859,0.0007871118806415112,0.0013397148846758043,2.4332725375142217,1.1663784103018713,0.9611345122207783
buffer_20_30,2026-07-30,1.036157837856433,-0.005208101024738565,0.001357608862835821,2.47039934603178,1.1849951566749295,0.9561288265827697
buffer_20_30,2026-07-31,1.0354362674199633,-0.0006963904630228335,0.0013718753048897467,2.494919145442611,1.1998399130968773,0.9554629875865162
buffer_20_30,2026-08-03,1.0409209947820115,0.0052970207193097085,0.0011181198563355447,2.033787303268009,0.9811183226652239,0.9605240948282955
buffer_20_30,2026-08-04,1.036877477602153,-0.0038845572335730605,0.001316094624359524,2.390288955593875,1.1479758684963322,0.956792884007709
buffer_20_30,2026-08-05,1.0338347105302503,-0.0029345483315340593,0.001194763183157419,2.173088017647041,1.046735101103802,0.9539851290463205
buffer_20_30,2026-08-06,1.039500019924464,0.005479898610976086,0.0011448776557216047,2.0831913402371396,1.0080025606518603,0.9592128708298733
buffer_20_30,2026-08-07,1.0423736061794873,0.00276439268873907,0.001181100309953538,2.144054844989043,1.03113060097781,0.9618645118769398
buffer_20_30,2026-08-10,1.0418717664241115,-0.00048143943054645977,0.0013052243216592244,2.372813006364519,1.1416650073615895,0.9614014323740789
buffer_20_30,2026-08-11,1.0445907029557282,0.0026096652383129637,0.0013279425930362255,2.4122280974682164,1.156663201738815,0.9639103682722099
buffer_20_30,2026-08-12,1.0493965067796645,0.004600657281687459,0.0012133381834416456,2.204134135839837,1.0539210920375568,0.9683449895268955
buffer_20_30,2026-08-13,1.052791229468202,0.0032349285199690936,0.001209676570450415,2.1966382226610914,1.0454491107279538,0.9714775163506852
buffer_20_30,2026-08-14,1.0570531952065514,0.004048253460947171,0.0013689694346813407,2.487002413097831,1.1799778974590989,0.9754103035684842
buffer_20_30,2026-08-17,1.0573897709796618,0.0003184094940884563,0.0013709329918816383,2.4894460899019766,1.174914421930204,0.9757208834697721
buffer_20_30,2026-08-18,1.054803092001481,-0.0024462871205801484,0.0012530353114738432,2.278241110554825,1.0764814205202942,0.9733339900392589
buffer_20_30,2026-08-19,1.0580981686903494,0.0031238784886533644,0.0012424472296231589,2.2569410943830817,1.068455840508388,0.9763745671530177
buffer_20_30,2026-08-20,1.060983395204553,0.0027268041846957303,0.001413462127158138,2.5668811432183802,1.2089258656408046,0.9790369494085611
buffer_20_30,2026-08-21,1.0663261941721645,0.00503570460363445,0.0013365693297750325,2.4291237785501094,1.1431938282364995,0.983967090281826
buffer_20_30,2026-08-24,1.0657058220864268,-0.0005817845319079362,0.0013339948321500804,2.4259658753308058,1.138846116011772,0.9833946334487936
buffer_20_30,2026-08-25,1.0677790090150754,0.0019453651145395767,0.0013768547584125084,2.502040659954786,1.1728017508040185,0.9853076950625304
buffer_20_30,2026-08-26,1.0690832413012938,0.0012214440209135091,0.0013392464809033723,2.4328899509339497,1.1369229514367298,0.9865111932554246
buffer_20_30,2026-08-27,1.0715620499401075,0.002318630152500001,0.0013557003002063008,2.4641379816288214,1.151139993857072,0.9887985478538853
buffer_20_30,2026-08-28,1.0691705419178883,-0.0022317961170357226,0.0011964471105962583,2.1747132282948307,1.0158727102882268,0.9865917510942545
rank_mean_5d,2025-01-02,1.0,0.0,0.0,0.0,0.0,1.0
rank_mean_5d,2025-01-03,1.0009308384269457,0.0009308384269457459,0.0010987913295375086,1.997802417340925,0.9989012086704625,1.0009308384269457
rank_mean_5d,2025-01-06,1.0028009570775067,0.0018683794911344975,0.0010124736496330538,1.839664970565946,0.9184246578797445,1.0028009570775067
rank_mean_5d,2025-01-07,0.9975418035825903,-0.005244463976423974,0.0007327484056324923,1.329965786350442,0.6645907815662446,0.9975418035825903
rank_mean_5d,2025-01-08,0.9958920441881101,-0.0016538248207295103,0.0005057935741992292,0.919756476084153,0.46007548872831494,0.9958920441881101
rank_mean_5d,2025-01-09,0.9917961968654349,-0.004112742286252802,0.00043464697167814757,0.7917290383749274,0.3975071636219477,0.9917961968654349
rank_mean_5d,2025-01-10,0.9930559127983668,0.001270135877626144,0.0005219281581286313,0.9501087552709263,0.47844100962351677,0.9930559127983668
rank_mean_5d,2025-01-13,0.995815844810836,0.0027792312365291227,0.0006264553405499193,1.1376145548614895,0.5714032847047152,0.995815844810836
rank_mean_5d,2025-01-14,0.9911485158430626,-0.00468693985147417,0.0005841144032519584,1.058959516724622,0.5312908816894791,0.9911485158430626
rank_mean_5d,2025-01-15,0.990050000707208,-0.00110832546111439,0.0005627175190742366,1.02789602806381,0.5188689191073476,0.990050000707208
rank_mean_5d,2025-01-16,0.9926033919131729,0.0025790527792948215,0.0005387552293838683,0.9821618763621381,0.49645861216044185,0.9926033919131728
rank_mean_5d,2025-01-17,0.9944111095368496,0.001821188239335303,0.0005202085633405412,0.9437109101520305,0.47503848525530507,0.9944111095368494
rank_mean_5d,2025-01-20,0.9944474267854992,3.6521362544394975e-05,0.0005125965749463336,0.9311390868078385,0.46806925463497273,0.994447426785499
rank_mean_5d,2025-01-21,0.993577438715014,-0.0008748457153712197,0.00044710527574635234,0.8100341030879294,0.40684065217772186,0.9935774387150138
rank_mean_5d,2025-01-22,0.9939740402770894,0.0003991652251968958,0.0005459639120076064,0.9945517459569774,0.49932926058467914,0.993974040277089
rank_mean_5d,2025-01-23,0.9945840122733738,0.0006136699466661177,0.0005104242989420578,0.9293647770120742,0.4682238319231189,0.9945840122733733
rank_mean_5d,2025-01-24,0.9896515038920871,-0.004959368258908747,0.0005645792113704732,1.0250564327577232,0.5150422924337686,0.9896515038920867
rank_mean_5d,2025-01-27,0.9922276122508887,0.0026030459698898056,0.0005630927647110402,1.0268312067716079,0.5197058504049971,0.9922276122508884
rank_mean_5d,2025-02-05,0.9976409590593937,0.0054557510209019,0.0005002190136455464,0.9065961977144421,0.4561729687107441,0.9976409590593932
rank_mean_5d,2025-02-06,0.9953331063256727,-0.002313309926545992,0.0006180442878387472,1.1213047114972023,0.5614921130161261,0.9953331063256723
rank_mean_5d,2025-02-07,0.9974791072265979,0.002156063017784371,0.00058860638230936,1.0709666563086442,0.5375338804289049,0.9974791072265975
rank_mean_5d,2025-02-10,0.9946232299443553,-0.0028630948373277176,0.0005737864051342026,1.0424400325184935,0.522592237863253,0.9946232299443548
rank_mean_5d,2025-02-11,0.9957158440719209,0.0010985206203426578,0.000562930076554034,1.0215917225963307,0.5129913869814307,0.9957158440719205
rank_mean_5d,2025-02-12,0.9938176081842665,-0.0019064032162948719,0.0005151526870991718,0.9390995133787425,0.47204210860978163,0.993817608184266
rank_mean_5d,2025-02-13,0.9987290793716892,0.004942024720608673,0.0004945534588101045,0.8995483571762997,0.4526074478742375,0.9987290793716889
rank_mean_5d,2025-02-14,0.9956366322514268,-0.003096382376497786,0.0005341154117009739,0.9682858785207716,0.4843956589170015,0.9956366322514265
rank_mean_5d,2025-02-17,1.0009370632380032,0.005323660073244252,0.0005357509101211218,0.9748656553659307,0.4889078847528484,1.0009370632380028
rank_mean_5d,2025-02-18,0.9992325991577925,-0.0017028683848481219,0.0005665108368689556,1.0268739243873035,0.5116972689393122,0.9992325991577921
rank_mean_5d,2025-02-19,0.9971096615271516,-0.0021245680259333044,0.0005348410562801785,0.9712494433182953,0.48541375069018433,0.9971096615271512
rank_mean_5d,2025-02-20,0.9965705683257118,-0.0005406558799302408,0.0005472042003309196,0.995867437210668,0.49902747738910075,0.9965705683257113
rank_mean_5d,2025-02-21,0.9955710256581056,-0.0010029823269670501,0.0005461316766511283,0.993137906357157,0.498120934757944,0.9955710256581052
rank_mean_5d,2025-02-24,0.9980282108983951,0.002468116464784842,0.0005089718154043091,0.9250711232078171,0.4638952447724426,0.9980282108983947
rank_mean_5d,2025-02-25,0.9972057525035115,-0.0008240833133796865,0.0005557696368416224,1.011721287125585,0.5064465173607817,0.9972057525035111
rank_mean_5d,2025-02-26,0.998184701514512,0.0009816921016980729,0.0005859643175714256,1.0656591901642627,0.5340640705142136,0.9981847015145117
rank_mean_5d,2025-02-27,1.000420985030579,0.002240350420792847,0.000604133315987063,1.0960144755229622,0.5494255984792692,1.0004209850305787
rank_mean_5d,2025-02-28,0.9992142379911875,-0.0012062392307320424,0.0005511540859545876,1.0038650743488862,0.5028526791863702,0.9992142379911872
rank_mean_5d,2025-03-03,1.0004400799448736,0.0012268059311790758,0.0006342733621289184,1.1524270090965807,0.5765749995971724,1.0004400799448734
rank_mean_5d,2025-03-04,1.0011139417143835,0.0006735653469092107,0.0005923918475871375,1.07484232600427,0.5354845180346183,1.0011139417143833
rank_mean_5d,2025-03-05,0.9999766524783784,-0.0011360237717372712,0.000576957356900913,1.0518149594741684,0.5249227939512977,0.9999766524783782
rank_mean_5d,2025-03-06,1.0000426616284603,6.601069126799253e-05,0.0005646632413005206,1.0282891227036508,0.5153216561241024,1.0000426616284601
rank_mean_5d,2025-03-07,0.9979502175405451,-0.002092354824651088,0.0005365292447978812,0.9742894041086502,0.48722683259288724,0.9979502175405449
rank_mean_5d,2025-03-10,0.9964388104238149,-0.0015145115359112005,0.0005683273267670007,1.030877203305275,0.5156042081665417,0.9964388104238147
rank_mean_5d,2025-03-11,0.9973985532262064,0.0009631728434817965,0.0004857048435046919,0.8849188279988868,0.4424134081852859,0.9973985532262062
rank_mean_5d,2025-03-12,0.9965046849516858,-0.000896199690313737,0.00048555175697162094,0.8836655539435941,0.44282421936779837,0.9965046849516855
rank_mean_5d,2025-03-13,0.9974721756364052,0.0009708842309821275,0.0005580669746203594,1.014915750443957,0.5091233253468004,0.9974721756364049
rank_mean_5d,2025-03-14,0.9975544563722464,8.248925418752329e-05,0.000539483677601003,0.981220618346972,0.49286760759015513,0.9975544563722459
rank_mean_5d,2025-03-17,0.9973804582068594,-0.0001744247286706857,0.0004901571041283715,0.8897257914435681,0.4456050082865314,0.9973804582068589
rank_mean_5d,2025-03-18,0.9956539830403397,-0.0017310096185598756,0.0005178051233947496,0.9416086275633844,0.4719670230730916,0.9956539830403393
rank_mean_5d,2025-03-19,0.9953735222579165,-0.00028168499016767434,0.00047611271169390823,0.8657955808269049,0.43432270567417885,0.9953735222579161
rank_mean_5d,2025-03-20,1.002516400415839,0.007176078123636742,0.0005308845546258423,0.9649646094639093,0.48400246473451275,1.0025164004158384
rank_mean_5d,2025-03-21,1.0074377486915367,0.004908995277939088,0.000605500788028957,1.0973249090864754,0.5463586474657498,1.0074377486915362
rank_mean_5d,2025-03-24,1.0066321708712884,-0.0007996303705063434,0.0005490123832056943,0.9961159640172006,0.4940043951980446,1.006632170871288
rank_mean_5d,2025-03-25,1.0108773718301438,0.004217231558555357,0.0005989677743524825,1.0895781989637063,0.5412947089055276,1.0108773718301434
rank_mean_5d,2025-03-26,1.013253146079866,0.0023502101401486897,0.0006388699867742654,1.1559953435748194,0.5705324766254029,1.0132531460798655
rank_mean_5d,2025-03-27,1.0114893567505698,-0.0017407193218397232,0.000633903618062528,1.1517081790671013,0.5677410058436697,1.0114893567505694
rank_mean_5d,2025-03-28,1.0092019561975383,-0.002261418311290897,0.0005776339956666952,1.053487648487408,0.5207032435078023,1.0092019561975378
rank_mean_5d,2025-03-31,1.0105756559528862,0.0013611742891619372,0.0005301828406814568,0.9611563229422313,0.47487151543345407,1.0105756559528858
rank_mean_5d,2025-04-01,1.0050598794207066,-0.005458054030579973,0.0005832154069850307,1.0680192795319365,0.5287917529217436,1.0050598794207062
rank_mean_5d,2025-04-02,1.0035415061623774,-0.0015107291509879328,0.0005672177381233933,1.027980063128006,0.510675485952089,1.003541506162377
rank_mean_5d,2025-04-03,1.0075126188482988,0.003957098596855557,0.00048598516475116787,0.8837098317346441,0.4393496021198572,1.0075126188482983
rank_mean_5d,2025-04-07,1.0019102886262903,-0.005560555885059437,0.0005585066369587262,1.014091946198448,0.5003886355147263,1.0019102886262898
rank_mean_5d,2025-04-08,0.9940788305330776,-0.007816526271978264,0.0006147467135048494,1.1205617273490454,0.5594790450654605,0.9940788305330771
rank_mean_5d,2025-04-09,0.9966115210336075,0.0025477763158598954,0.0005994283561523057,1.0898575273770321,0.5472450609800006,0.996611521033607
rank_mean_5d,2025-04-10,1.00189258679688,0.0052990213857806445,0.0006228864732051483,1.1277742297055724,0.5607410724522854,1.0018925867968793
rank_mean_5d,2025-04-11,0.9998181822502479,-0.002070485972217928,0.0005775631529954602,1.0493741946887991,0.5238427497549976,0.9998181822502472
rank_mean_5d,2025-04-14,1.0035889899647712,0.00377149343897365,0.0005396742246186362,0.9807339408642947,0.4893326190387916,1.0035889899647705
rank_mean_5d,2025-04-15,1.0064429008058469,0.002843704813038972,0.0005788606491481041,1.0506410534073494,0.5224007121598326,1.0064429008058462
rank_mean_5d,2025-04-16,1.0102859792593324,0.0038184763888824413,0.0006250916951315503,1.1364490436771322,0.5624791909200545,1.0102859792593317
rank_mean_5d,2025-04-17,1.010023019728658,-0.00026028227261676307,0.0005727909207047162,1.0409519811314285,0.5149869852347517,1.0100230197286573
rank_mean_5d,2025-04-18,1.018071071230265,0.007968186213982653,0.000541022780858984,0.9826021231509406,0.4852585283769833,1.0180710712302643
rank_mean_5d,2025-04-21,1.0228998280270376,0.004743044894633286,0.0004821769314144856,0.8728404193387006,0.4277078126253681,1.022899828027037
rank_mean_5d,2025-04-22,1.023663566295905,0.000746640333629367,0.0005608963283979964,1.017906816372573,0.4969869005941097,1.0236635662959044
rank_mean_5d,2025-04-23,1.027641329702134,0.003885811254006555,0.0004874397509460882,0.8847147378202482,0.43076807132851186,1.0276413297021334
rank_mean_5d,2025-04-24,1.0274222065499399,-0.00021322921320976462,0.0005563389220162014,1.0104771209766577,0.49113207777650386,1.0274222065499392
rank_mean_5d,2025-04-25,1.030428541650271,0.00292609511568398,0.0005174981794005856,0.9411226161611832,0.45788298419312434,1.0304285416502703
rank_mean_5d,2025-04-28,1.029717606905369,-0.0006899408509816185,0.000540501082626604,0.9813955775007651,0.47635679770967626,1.0297176069053684
rank_mean_5d,2025-04-29,1.0299354781012446,0.00021158344230931547,0.0005643806118692232,1.0266720670879939,0.4991555413117715,1.029935478101244
rank_mean_5d,2025-04-30,1.0309224544275783,0.0009582894728059621,0.000516330993663639,0.9373895469926933,0.4546468397447663,1.0309224544275777
rank_mean_5d,2025-05-06,1.031192021896852,0.0002614818099226923,0.0005970591394369219,1.0823373164738792,0.5242166579674231,1.0311920218968513
rank_mean_5d,2025-05-07,1.0328897080945887,0.00164633372028411,0.000659502677155497,1.1990679154121946,0.5810552331119516,1.032889708094588
rank_mean_5d,2025-05-08,1.0325417593803363,-0.000336869185088684,0.0005463746795006998,0.9924193380302289,0.48020971420294617,1.0325417593803357
rank_mean_5d,2025-05-09,1.0365988456296409,0.003929222438169733,0.0005765407293980426,1.0481357956396877,0.5073082226032285,1.0365988456296402
rank_mean_5d,2025-05-12,1.0334357342314249,-0.0030514324915099644,0.0005572975492538127,1.011657368690354,0.4882497784882165,1.0334357342314242
rank_mean_5d,2025-05-13,1.0304926166427386,-0.0028478960918407736,0.0004961822926240167,0.9006537804313665,0.4356995432326889,1.030492616642738
rank_mean_5d,2025-05-14,1.0278892393549155,-0.0025263424946262436,0.0005361405803552911,0.9764023724704877,0.47417821426897466,1.0278892393549148
rank_mean_5d,2025-05-15,1.0272745185797634,-0.0005980418430471257,0.0005354485253678291,0.9739376770480344,0.4736243457645835,1.0272745185797627
rank_mean_5d,2025-05-16,1.0306838978645059,0.003318859003196284,0.0005079811209503561,0.9224580405717477,0.4477314311127583,1.0306838978645052
rank_mean_5d,2025-05-19,1.0352890510219726,0.004468055789954795,0.00048447610732504936,0.8799744013377826,0.42651279137971876,1.0352890510219719
rank_mean_5d,2025-05-20,1.0377436921149636,0.002370971749936057,0.0005340653668870569,0.9732716953781784,0.4694960932952442,1.037743692114963
rank_mean_5d,2025-05-21,1.0393827700523077,0.0015794631659034053,0.0005104602995374105,0.9260438129159079,0.4449832979486816,1.039382770052307
rank_mean_5d,2025-05-22,1.0456539551288906,0.006033566513967914,0.0005600964161046318,1.0178527120835468,0.48882014650433875,1.04565395512889
rank_mean_5d,2025-05-23,1.048422145632542,0.0026473294440034767,0.000647582378299162,1.1701091041701224,0.5591888316921536,1.0484221456325413
rank_mean_5d,2025-05-26,1.0471316512914275,-0.0012308919136154728,0.0005900910440362058,1.0716956434417484,0.51118714828151,1.0471316512914268
rank_mean_5d,2025-05-27,1.046307190602701,-0.0007873515118271834,0.0004791881914020481,0.8710595017586322,0.4155525849903065,1.0463071906027004
rank_mean_5d,2025-05-28,1.046279815332048,-2.616370306818272e-05,0.000540533978408975,0.9857737054929546,0.4710954414796191,1.0462798153320474
rank_mean_5d,2025-05-29,1.0528817680568203,0.006309930315034462,0.00048691862433469834,0.8823594768158073,0.4213866088198985,1.0528817680568197
rank_mean_5d,2025-05-30,1.050984128001967,-0.0018023296750171447,0.0005660233256998987,1.0259734420939957,0.48696513669142877,1.0509841280019663
rank_mean_5d,2025-06-03,1.0482331157612534,-0.00261755831264876,0.0005505952711045356,1.0019923347350455,0.4767450244816025,1.0482331157612528
rank_mean_5d,2025-06-04,1.0474514143500155,-0.0007457324134148013,0.0005452859166794747,0.9941890814362602,0.47365344263448084,1.0474514143500149
rank_mean_5d,2025-06-05,1.0504292324338271,0.0028429176217776853,0.0006227669491597846,1.132118007338054,0.5394368287087185,1.0504292324338265
rank_mean_5d,2025-06-06,1.0543228677035144,0.0037067087905253704,0.000535002641206691,0.9741631426472133,0.46353458375726975,1.0543228677035137
rank_mean_5d,2025-06-09,1.0525695254382932,-0.0016630031643345422,0.0005541917242374174,1.006061797191046,0.4773906441087478,1.0525695254382925
rank_mean_5d,2025-06-10,1.0570215830671905,0.004229704092034714,0.0005256089561601242,0.9556307694507925,0.4536793230270041,1.0570215830671899
rank_mean_5d,2025-06-11,1.0582314588215376,0.0011446083729305112,0.0005966225752081949,1.0820634218726428,0.5110568092774338,1.058231458821537
rank_mean_5d,2025-06-12,1.0599947703690236,0.0016662815424610677,0.0005271417640714627,0.9581850526308135,0.4525648660547857,1.059994770369023
rank_mean_5d,2025-06-13,1.060520826124115,0.0004962814626985335,0.0005459312217282083,0.9926823819818686,0.46917185422447405,1.0605208261241144
rank_mean_5d,2025-06-16,1.0599697333172187,-0.0005196435499625895,0.000560143388962862,1.0166298510445586,0.47892415777571967,1.059969733317218
rank_mean_5d,2025-06-17,1.0639292250699441,0.0037354762388677187,0.0008961863403868487,1.6267098332358394,0.766240434030641,1.0639292250699435
rank_mean_5d,2025-06-18,1.060596660309341,-0.0031323180922904204,0.0006502461309737142,1.1800879407709783,0.5538328680986879,1.0605966603093404
rank_mean_5d,2025-06-19,1.0578020729083657,-0.0026349200460052957,0.0005761302859725559,1.0495023491621998,0.49488559364255796,1.057802072908365
rank_mean_5d,2025-06-20,1.0566182124728773,-0.0011191700846581165,0.0005823386826344706,1.059514543153748,0.5006234592135111,1.0566182124728767
rank_mean_5d,2025-06-23,1.0569385882835312,0.000303208677336686,0.0006271296163690551,1.140224793312085,0.5390437265086601,1.0569385882835305
rank_mean_5d,2025-06-24,1.0520733446467272,-0.004603146947927295,0.0006333554602940598,1.1519940983402523,0.5454288508686613,1.0520733446467265
rank_mean_5d,2025-06-25,1.050264601460562,-0.0017192177668682307,0.0005775389611357423,1.0507924122825807,0.49856185277904586,1.0502646014605614
rank_mean_5d,2025-06-26,1.0503732660714526,0.00010346403252992076,0.000531884712480929,0.9690465011258593,0.4619423413586252,1.050373266071452
rank_mean_5d,2025-06-27,1.052793524950818,0.0023041893368225264,0.0005981786135455414,1.0863461817097166,0.5167646119512938,1.0527935249508173
rank_mean_5d,2025-06-30,1.0477341342967834,-0.0048056817734236645,0.0005701158743728949,1.0353048137020302,0.49145853861923267,1.0477341342967827
rank_mean_5d,2025-07-01,1.0479795261578386,0.00023421195608941403,0.0005996291590892086,1.0921061340184575,0.5207392789130991,1.047979526157838
rank_mean_5d,2025-07-02,1.0556978775650914,0.00736498301216848,0.00055468102994501,1.0074535089859333,0.479585375120925,1.0556978775650907
rank_mean_5d,2025-07-03,1.0547983764785995,-0.0008520440417730812,0.0006157898770592139,1.1165943243246703,0.5284726315659762,1.0547983764785989
rank_mean_5d,2025-07-04,1.057578953503843,0.0026361218288240007,0.0005460287539219529,0.9933747920584353,0.4710124957442158,1.0575789535038422
rank_mean_5d,2025-07-07,1.0597828619303105,0.002083918575692012,0.0006475156297160807,1.1729471509184535,0.5541452585836726,1.0597828619303098
rank_mean_5d,2025-07-08,1.057222126481489,-0.0024162831281847597,0.0005568866949092693,1.0160673214524798,0.4791659056225679,1.0572221264814883
rank_mean_5d,2025-07-09,1.0567156246178375,-0.00047908746039693195,0.0005778571826468814,1.0521386617406812,0.4979771295539356,1.0567156246178369
rank_mean_5d,2025-07-10,1.060584612268387,0.0036613328698993364,0.000649792921771226,1.1803577012210833,0.5577092834140279,1.0605846122683864
rank_mean_5d,2025-07-11,1.062269493080331,0.001588634034902947,0.0005494555510722172,0.9978370034672415,0.47061100307000236,1.0622694930803303
rank_mean_5d,2025-07-14,1.0659217753054946,0.003438188001213316,0.000540591781544443,0.9812097049818927,0.4613953678459474,1.065921775305494
rank_mean_5d,2025-07-15,1.0611810133179216,-0.004447570260223133,0.0005677818321389647,1.0303796518112363,0.48281317266475726,1.061181013317921
rank_mean_5d,2025-07-16,1.0642009818463407,0.0028458561645168245,0.0006059924030641099,1.1048485951969709,0.52125665855171,1.06420098184634
rank_mean_5d,2025-07-17,1.0624493144310252,-0.0016459930456711458,0.0006496794727605549,1.1787925699412158,0.5536516940902624,1.0624493144310245
rank_mean_5d,2025-07-18,1.060158733812573,-0.002155943429337892,0.0005629764295072054,1.0251481984860502,0.4833363512973746,1.0601587338125724
rank_mean_5d,2025-07-21,1.0677096121234293,0.007122403532630939,0.0005691008554217586,1.0353519455533298,0.4865801327152043,1.0677096121234286
rank_mean_5d,2025-07-22,1.0734060967467363,0.005335237745006216,0.0005730760225734471,1.0354917123810177,0.4828768811317035,1.0734060967467356
rank_mean_5d,2025-07-23,1.0740040649605342,0.00055707547740802,0.000610506302494783,1.1086741111997709,0.5158639283882152,1.0740040649605334
rank_mean_5d,2025-07-24,1.0747359788415167,0.0006814814811797465,0.0006086471213909265,1.1062839138218363,0.5146783169654361,1.0747359788415158
rank_mean_5d,2025-07-25,1.0741184282502423,-0.0005746067903487084,0.0006001545410019684,1.0908751969494297,0.5074699910428087,1.0741184282502414
rank_mean_5d,2025-07-28,1.0719098648423855,-0.0020561637802403165,0.0005330154223410922,0.9691869938325074,0.4511759786169781,1.0719098648423846
rank_mean_5d,2025-07-29,1.0718403274629276,-6.487241300656699e-05,0.0005414429584699993,0.9855967803547356,0.46020491024492544,1.0718403274629267
rank_mean_5d,2025-07-30,1.0728403931690171,0.000933036087993333,0.0005885999220601984,1.0675448009476645,0.49851162004423943,1.0728403931690162
rank_mean_5d,2025-07-31,1.069081412580098,-0.0035037649708691276,0.0005930248726797509,1.0796027700568334,0.5033224246173371,1.0690814125800971
rank_mean_5d,2025-08-01,1.0742610427453703,0.004844935197939604,0.000552220137420738,1.0031007758380337,0.46936037310806833,1.0742610427453694
rank_mean_5d,2025-08-04,1.067063145349566,-0.006700324324718454,0.0006611515999311027,1.1994233499473501,0.558439875677404,1.0670631453495651
rank_mean_5d,2025-08-05,1.0700140687450328,0.0027654627641553464,0.0006795259366537748,1.235244406883352,0.5780427613235373,1.070014068745032
rank_mean_5d,2025-08-06,1.063861036560643,-0.005750421759974089,0.0006019997977670319,1.0955360641060623,0.5114782599235743,1.063861036560642
rank_mean_5d,2025-08-07,1.0604935193203275,-0.0031653732250616073,0.00059387842483842,1.0812613864429506,0.5091732215330758,1.0604935193203266
rank_mean_5d,2025-08-08,1.0618309092746938,0.001261101487186167,0.0005389308976072676,0.9800646838674927,0.46195750077791525,1.0618309092746927
rank_mean_5d,2025-08-11,1.0602965363067254,-0.0014450257141379597,0.0005129674330654772,0.9320490398669382,0.4389863268602988,1.0602965363067243
rank_mean_5d,2025-08-12,1.0563009960204022,-0.003768323435480281,0.0006050444936537206,1.1058297461194089,0.521983014903329,1.056300996020401
rank_mean_5d,2025-08-13,1.0560152583565248,-0.0002705078050232457,0.0005719406837347075,1.0399971006996234,0.4912958526264011,1.0560152583565237
rank_mean_5d,2025-08-14,1.0550745568112383,-0.0008908029858872846,0.0005937687097554625,1.0799572608450279,0.5108502772099716,1.0550745568112372
rank_mean_5d,2025-08-15,1.0563310256709404,0.0011908815842356368,0.000590629575280871,1.0740880481056,0.5085884102445369,1.0563310256709393
rank_mean_5d,2025-08-18,1.055900945892924,-0.00040714488883175637,0.0006265702543982826,1.1410228546850576,0.5395883289368125,1.055900945892923
rank_mean_5d,2025-08-19,1.0566139832699026,0.0006752881316680615,0.0005302320988739606,0.9643137847863694,0.4565360070991126,1.0566139832699015
rank_mean_5d,2025-08-20,1.0590627268432213,0.0023175384881246597,0.0005565820749106658,1.0104428544755326,0.47709929905826687,1.0590627268432202
rank_mean_5d,2025-08-21,1.0602213572715073,0.001094014923685993,0.0005265934475954143,0.9562556346366531,0.45063936363675533,1.0602213572715062
rank_mean_5d,2025-08-22,1.064369386578914,0.003912418174711663,0.0006195367348838673,1.1252342823477175,0.5292213129267297,1.0643693865789128
rank_mean_5d,2025-08-25,1.0716837860564932,0.006872049844546035,0.0005614421885567989,1.018682258799815,0.4772901605314177,1.071683786056492
rank_mean_5d,2025-08-26,1.0729270271051259,0.0011600819801589335,0.000560148547826975,1.0149481549509676,0.47237704572960937,1.0729270271051248
rank_mean_5d,2025-08-27,1.0740103074643836,0.0010096496144575973,0.0006166862462279104,1.1208488406112895,0.52151125641745,1.0740103074643825
rank_mean_5d,2025-08-28,1.0754827105767562,0.0013709394613248271,0.0005898472289289638,1.071609715652449,0.49803071779283553,1.075482710576755
rank_mean_5d,2025-08-29,1.0711415399631956,-0.004036485729493888,0.0006592163171644027,1.1979201886958613,0.5562934882153048,1.0711415399631945
rank_mean_5d,2025-09-01,1.0724604706441816,0.0012313318378365246,0.0006533530776758592,1.1895086551739142,0.5547565286827839,1.0724604706441805
rank_mean_5d,2025-09-02,1.0794273403193144,0.006496155211154875,0.0005740788589365205,1.042375983160664,0.48503600058081,1.0794273403193133
rank_mean_5d,2025-09-03,1.0848922930709124,0.005062825951750893,0.0006230050918689838,1.1303495885111232,0.5236921692429554,1.0848922930709113
rank_mean_5d,2025-09-04,1.0873874503958256,0.0022999124805749283,0.0007006665809744291,1.26989958293621,0.5838747169214468,1.0873874503958245
rank_mean_5d,2025-09-05,1.0859693253284728,-0.0013041580228249083,0.0006007675971348931,1.091461032023453,0.5012995651479277,1.0859693253284717
rank_mean_5d,2025-09-08,1.0848308235223043,-0.0010483738164741574,0.0006249463834120041,1.1347125008901355,0.5224454133975076,1.0848308235223032
rank_mean_5d,2025-09-09,1.0822546214858109,-0.0023747500353362705,0.0006643994743325538,1.208397721334319,0.5571422373961192,1.0822546214858098
rank_mean_5d,2025-09-10,1.0843595575938014,0.0019449546032899168,0.0006026547963493219,1.0957582277069529,0.5055413480510121,1.0843595575938003
rank_mean_5d,2025-09-11,1.092021007152556,0.007065414331529851,0.0006246025696987973,1.1336617676814467,0.5212053954267196,1.092021007152555
rank_mean_5d,2025-09-12,1.09195797107905,-5.7724231579125984e-05,0.0006051457890075004,1.097665492566399,0.5023210381748304,1.0919579710790488
rank_mean_5d,2025-09-15,1.0924544307590982,0.0004546509052520964,0.0005462403427694415,0.9927708799659515,0.4542102558180264,1.092454430759097
rank_mean_5d,2025-09-16,1.0956078043387905,0.0028865035381853144,0.0006201753864934276,1.126969168269913,0.5152202859362235,1.0956078043387893
rank_mean_5d,2025-09-17,1.0965711558160576,0.0008792849717318418,0.0006657783083224537,1.2093640985280647,0.5519342173345353,1.0965711558160565
rank_mean_5d,2025-09-18,1.1001153173845868,0.0032320397538558865,0.0006573124866896542,1.1938874916688218,0.5438623743233689,1.1001153173845857
rank_mean_5d,2025-09-19,1.0943756292196698,-0.0052173513760016554,0.0006712009173652853,1.2185299316450964,0.5533835984437527,1.0943756292196687
rank_mean_5d,2025-09-22,1.0967678853689398,0.002185955247354876,0.0006896092165100049,1.256051707483154,0.5733128022488468,1.0967678853689387
rank_mean_5d,2025-09-23,1.094508462379206,-0.002060073986369204,0.0006570742090373032,1.1934809226233871,0.5437853618347165,1.094508462379205
rank_mean_5d,2025-09-24,1.0974995648932333,0.0027328272159041767,0.000637760016975991,1.1606170308541326,0.5302488453168166,1.0974995648932322
rank_mean_5d,2025-09-25,1.0995789579418533,0.001894664121185663,0.0005980461256934344,1.0853523212777727,0.4941597908710587,1.0995789579418522
rank_mean_5d,2025-09-26,1.1043649996561753,0.004352613043159925,0.0006246079368944902,1.1344628157650674,0.5155735078242953,1.1043649996561742
rank_mean_5d,2025-09-29,1.1053791180742978,0.0009182819253039654,0.0006140333129251946,1.1156465400613,0.5065220668708117,1.1053791180742967
rank_mean_5d,2025-09-30,1.1076654969799742,0.002068411523513891,0.0006352460050759646,1.1526315516881354,0.5211462663811325,1.107665496979973
rank_mean_5d,2025-10-09,1.1096330341809,0.0017762918555197516,0.0006412941039969233,1.164585755166471,0.5253860255984172,1.1096330341808989
rank_mean_5d,2025-10-10,1.1110781962990721,0.0013023784203025635,0.0006617019289211029,1.2020225617944447,0.5414364113711012,1.111078196299071
rank_mean_5d,2025-10-13,1.110974874073734,-9.299275755958458e-05,0.0005982730439948181,1.084918738294122,0.48623137936010047,1.1109748740737329
rank_mean_5d,2025-10-14,1.1141687705832641,0.0028748593546663592,0.0006216417769580607,1.1323820565059823,0.5099126302779522,1.114168770583263
rank_mean_5d,2025-10-15,1.118832025932446,0.004185412006064926,0.0006253457940764281,1.1346688398674787,0.5088845536230967,1.118832025932445
rank_mean_5d,2025-10-16,1.1247036963605463,0.005248035712247967,0.0006138565443158141,1.1128755736874634,0.4962286906247278,1.124703696360545
rank_mean_5d,2025-10-17,1.1256730250798552,0.0008618525238652808,0.0006823688448404039,1.2387187288541526,0.5505349612558463,1.125673025079854
rank_mean_5d,2025-10-20,1.1241986538803541,-0.0013097686154436294,0.0006566084404556106,1.1936949259302059,0.5307026772403929,1.1241986538803528
rank_mean_5d,2025-10-21,1.1321324829866943,0.007057319521736938,0.000601298776246072,1.092584101395062,0.4853816473281261,1.132132482986693
rank_mean_5d,2025-10-22,1.138422764582485,0.005556135602784007,0.0005658658065294243,1.024988955063332,0.4521840106511121,1.1384227645824836
rank_mean_5d,2025-10-23,1.141076900350241,0.0023314148753248443,0.0006477603861493013,1.1744158465339467,0.5150328858691349,1.1410769003502397
rank_mean_5d,2025-10-24,1.1343615470403066,-0.005885101440466722,0.0006310329334663647,1.1468380432097427,0.5027446676126601,1.1343615470403052
rank_mean_5d,2025-10-27,1.1325171903317828,-0.001625898474199805,0.0006328808878704491,1.150728746047796,0.50728720040753,1.1325171903317814
rank_mean_5d,2025-10-28,1.134738004923472,0.0019609544213969876,0.0005721620647795015,1.0424186501615411,0.4593930885153198,1.1347380049234705
rank_mean_5d,2025-10-29,1.1338810714055847,-0.000755181825381035,0.0006631051690236388,1.2051039988692338,0.5307984639452961,1.1338810714055831
rank_mean_5d,2025-10-30,1.140641383927965,0.00596210016452603,0.000573671189353057,1.0423167318014883,0.45872367972757666,1.1406413839279632
rank_mean_5d,2025-10-31,1.1475210153584054,0.006031371057877433,0.0006562200146223935,1.1906171133931827,0.5217181483360945,1.1475210153584037
rank_mean_5d,2025-11-03,1.146551106061704,-0.0008452213804542863,0.0006364346787095943,1.1531999771795842,0.5017855231814152,1.1465511060617022
rank_mean_5d,2025-11-04,1.1473140335876308,0.0006654108324464225,0.000560295479769111,1.0190905192216342,0.4439928876652983,1.147314033587629
rank_mean_5d,2025-11-05,1.1473161903316975,1.8798201744107956e-06,0.000638735872970817,1.1597458330937742,0.5039808555841657,1.1473161903316957
rank_mean_5d,2025-11-06,1.1489950070176862,0.0014632554653510876,0.0006597680151562866,1.2004464744732413,0.5228260152359068,1.1489950070176844
rank_mean_5d,2025-11-07,1.1476114358188032,-0.0012041577121159053,0.0006877858354350467,1.2500334195997918,0.5442280491281667,1.1476114358188014
rank_mean_5d,2025-11-10,1.1482926502958852,0.0005935933154901374,0.0006430679773851682,1.1692528202608674,0.5092546029681235,1.1482926502958835
rank_mean_5d,2025-11-11,1.1514842274119685,0.0027794109064975814,0.0006283701688031952,1.141391234990318,0.49635540117222293,1.1514842274119668
rank_mean_5d,2025-11-12,1.151147591355657,-0.0002923496894682298,0.0006750362121720763,1.2277510847630317,0.5319628576345358,1.1511475913556553
rank_mean_5d,2025-11-13,1.1522684486074357,0.0009736868323362291,0.0006591109327324784,1.198470294542995,0.5196659681472698,1.1522684486074337
rank_mean_5d,2025-11-14,1.1525730632165745,0.0002643608002170783,0.0006041952723782136,1.099002890036616,0.4772332380640957,1.1525730632165725
rank_mean_5d,2025-11-17,1.153119692651396,0.00047426879237999486,0.0006197631678935114,1.1232683118508653,0.4872660956354709,1.153119692651394
rank_mean_5d,2025-11-18,1.1525683898060977,-0.00047809680886701234,0.0006277414075773224,1.14013941521788,0.4937112195145539,1.1525683898060957
rank_mean_5d,2025-11-19,1.1541804853735875,0.0013986984041451933,0.0006228312085394185,1.1327739934463945,0.4911196846607934,1.1541804853735858
rank_mean_5d,2025-11-20,1.1622272353541436,0.006971829867623791,0.0006935035603941154,1.2596624884705412,0.5451241360108754,1.1622272353541419
rank_mean_5d,2025-11-21,1.1622769597092446,4.278367739840583e-05,0.0007239667766804794,1.3117313845719507,0.5630932377111605,1.1622769597092428
rank_mean_5d,2025-11-24,1.1657057505496171,0.0029500635039949596,0.0006869244803406072,1.2494942715071566,0.5372590143047303,1.1657057505496153
rank_mean_5d,2025-11-25,1.1695638011250868,0.0033096264418792654,0.0007035151214736718,1.2791936295674802,0.5476832678171801,1.169563801125085
rank_mean_5d,2025-11-26,1.1730414226996113,0.002973434686657672,0.0006785833407488935,1.2316518000902805,0.5255301791012943,1.1730414226996095
rank_mean_5d,2025-11-27,1.1721306416976525,-0.0007764269737915441,0.0006724939948472386,1.2206892792386546,0.5191774360240088,1.1721306416976507
rank_mean_5d,2025-11-28,1.1755288297105722,0.0028991546607790575,0.0006777094551752982,1.2327136373003675,0.5250976587808817,1.1755288297105704
rank_mean_5d,2025-12-01,1.1758201954926932,0.00024785932489024276,0.000672898592764806,1.2220034414440781,0.5194251311415767,1.1758201954926915
rank_mean_5d,2025-12-02,1.177962132760217,0.0018216537492166118,0.0006202474391310941,1.1246134676543231,0.4779117657386066,1.1779621327602152
rank_mean_5d,2025-12-03,1.1775155089284948,-0.00037914956627316254,0.0007042848525624991,1.2792850759031895,0.5426801803944581,1.177515508928493
rank_mean_5d,2025-12-04,1.180693087495743,0.0026985449814922458,0.00065938931053146,1.1992276666631065,0.5093420323121189,1.1806930874957413
rank_mean_5d,2025-12-05,1.1881925950555436,0.0063517840827771455,0.0006713262080539397,1.2178371095656588,0.5148941635203712,1.1881925950555419
rank_mean_5d,2025-12-08,1.182625775520724,-0.004685115492206515,0.000597976459998631,1.0847093440345104,0.45673568376126233,1.1826257755207221
rank_mean_5d,2025-12-09,1.1814997922625683,-0.0009521044454319227,0.0005928223163901868,1.0801357725692315,0.45692872976390686,1.1814997922625665
rank_mean_5d,2025-12-10,1.1808980222400058,-0.0005093272351830436,0.0006180574877223282,1.1233693188677916,0.47512747578617137,1.180898022240004
rank_mean_5d,2025-12-11,1.1826962620414303,0.001522773150228085,0.0006519052175341078,1.1851539539814118,0.5014016612446844,1.1826962620414285
rank_mean_5d,2025-12-12,1.1796567765117376,-0.0025699629120720102,0.0007573557599194053,1.3788577406731224,0.5827621923560419,1.1796567765117358
rank_mean_5d,2025-12-15,1.177701668156512,-0.0016573535575380438,0.0006825362920939352,1.243244697824486,0.5280258899038743,1.1777016681565102
rank_mean_5d,2025-12-16,1.1803999085675974,0.0022911068940820734,0.0010177752534777206,1.8488545587895773,0.7832743097738138,1.1803999085675956
rank_mean_5d,2025-12-17,1.185169277450802,0.00404046869928365,0.0007264660236230417,1.3191035867576046,0.5575045380729854,1.1851692774508003
rank_mean_5d,2025-12-18,1.1863050203706298,0.0009582959509975009,0.0006903898500464918,1.2510339841354456,0.527555478520502,1.186305020370628
rank_mean_5d,2025-12-19,1.1893583761390085,0.002573837011517366,0.0006350894708222053,1.1537849055109315,0.4860983752553393,1.1893583761390067
rank_mean_5d,2025-12-22,1.1929984995018832,0.003060577396941877,0.0006052681894233873,1.0960292473030124,0.4605072513848985,1.1929984995018812
rank_mean_5d,2025-12-23,1.1860168862578713,-0.005852155930562319,0.0005881358031448792,1.0709603777430219,0.44921755315985895,1.1860168862578693
rank_mean_5d,2025-12-24,1.1862359279948946,0.00018468686201811302,0.0007170964398546964,1.3059711525132958,0.5502580505307662,1.1862359279948926
rank_mean_5d,2025-12-25,1.186986236932744,0.0006325124034285423,0.0006412768820242256,1.1653958895734151,0.49081319750898894,1.186986236932742
rank_mean_5d,2025-12-26,1.1890573467705616,0.0017448473902861306,0.0006617479413264226,1.2034981430356757,0.5074352413628231,1.1890573467705596
rank_mean_5d,2025-12-29,1.192358169888519,0.0027759999355139175,0.0007085890341855765,1.2862650350377949,0.5405282509161522,1.192358169888517
rank_mean_5d,2025-12-30,1.186783127768582,-0.004675643829788356,0.0005938622919353387,1.0813313119720747,0.4535069935089397,1.18678312776858
rank_mean_5d,2025-12-31,1.188025965440698,0.0010472323401264916,0.0006588456756031979,1.2002499709859418,0.5058379285070526,1.1880259654406957
rank_mean_5d,2026-01-05,1.1831492435856954,-0.004104895008076315,0.0006346605818312348,1.1523039865012272,0.4868682538809155,0.9958951049919237
rank_mean_5d,2026-01-06,1.1851884083928514,0.001723505988962204,0.0006662285819587477,1.2112328525814116,0.5119538678383597,0.9976115361697554
rank_mean_5d,2026-01-07,1.1858383484981683,0.0005483854724821491,0.0006570296877367021,1.1961367520009771,0.5047837001844019,0.9981586118433715
rank_mean_5d,2026-01-08,1.1846802660927436,-0.0009765938223295079,0.0006836000490112807,1.2414321219148992,0.5227550206308884,0.9971838163093403
rank_mean_5d,2026-01-09,1.189639095483026,0.004185795553628635,0.0006933909746495125,1.2617796961308974,0.5326847533447818,1.0013578238937983
rank_mean_5d,2026-01-12,1.1882775741666471,-0.0011444826599499303,0.0007330903593626256,1.333293731618972,0.5608104284275625,1.0002117872279468
rank_mean_5d,2026-01-13,1.1924562244150723,0.0035165607255995823,0.0007182014946230669,1.306801864241145,0.5510142910072355,1.0037290927161944
rank_mean_5d,2026-01-14,1.195142268094343,0.0022525302181122253,0.0007627704692916397,1.3796851292190957,0.5773003138299024,1.005990022828336
rank_mean_5d,2026-01-15,1.1998402342811045,0.0039308844747432126,0.0008028231768493026,1.4551659432511892,0.6075500407987211,1.0099444533908186
rank_mean_5d,2026-01-16,1.2034842710057048,0.003037101624437266,0.0008348147238955983,1.515883144621251,0.6310490065845686,1.0130117573308033
rank_mean_5d,2026-01-19,1.208384047676333,0.004071325889896116,0.000731032172026552,1.326264282852189,0.5495899367690092,1.0171360583251934
rank_mean_5d,2026-01-20,1.2070825010914883,-0.0010770967949697008,0.0007581952596058708,1.3776396244028535,0.5702919169502859,1.016040504336723
rank_mean_5d,2026-01-21,1.2053835508251867,-0.001407484794755387,0.0008042166986056145,1.462380998068822,0.6059413691773943,1.0146104427760136
rank_mean_5d,2026-01-22,1.20953253205068,0.0034420423463161764,0.0006706091098458475,1.217505517825983,0.5056958292074264,1.0181027748850633
rank_mean_5d,2026-01-23,1.2142714347608419,0.003917962175128409,0.0007192323931642321,1.3043637537521855,0.5387924497278204,1.0220916630474561
rank_mean_5d,2026-01-26,1.2175816889125588,0.002726123712503359,0.000734499454541647,1.3315427740388048,0.5464598042275297,1.0248780113664417
rank_mean_5d,2026-01-27,1.2201380133469029,0.0020995095915306017,0.0007050503139478431,1.2816812418760402,0.5259598534891349,1.0270297525814545
rank_mean_5d,2026-01-28,1.2149225443131892,-0.00427449106302924,0.0007591123200659926,1.3766765839501676,0.5644947318854169,1.0226397230825799
rank_mean_5d,2026-01-29,1.2130156973151596,-0.0015695214538204993,0.0007654869629435402,1.3960357692895669,0.5743247514278812,1.0210346680976727
rank_mean_5d,2026-01-30,1.214600783304347,0.0013067316380950267,0.0007367780985536634,1.3327873158697372,0.5472466295264191,1.022368886402068
rank_mean_5d,2026-02-02,1.212957894499799,-0.001352616289344577,0.0007469058323199002,1.3589333651406694,0.5592529890831033,1.0209860135926014
rank_mean_5d,2026-02-03,1.2152039784823299,0.0018517410972926918,0.0008012416498884399,1.4559125349785826,0.5985664533154289,1.0228766153537319
rank_mean_5d,2026-02-04,1.221570401969043,0.005238975183955663,0.0007207630100161202,1.3122245765279215,0.5388537615764202,1.0282354405578187
rank_mean_5d,2026-02-05,1.2173952392429919,-0.0034178650033769298,0.0007021270506000541,1.271637382592596,0.5204342146390957,1.0247210706303043
rank_mean_5d,2026-02-06,1.2187315893182076,0.001097712585147459,0.0006908475186626976,1.2612415209536838,0.5188342869348668,1.025845919845801
rank_mean_5d,2026-02-09,1.221941316266711,0.0026336618962170544,0.0006926802774540567,1.2563573503812877,0.5142678012763199,1.0285476511562885
rank_mean_5d,2026-02-10,1.2217425342892252,-0.00016267718820828225,0.0007434674494694793,1.3539738647314785,0.5541321523328742,1.0283803299164602
rank_mean_5d,2026-02-11,1.2239803236099478,0.0018316374014304415,0.0006650971596437003,1.2085521512727748,0.4942803651425823,1.0302639497916306
rank_mean_5d,2026-02-12,1.2201911029740873,-0.0030958182601210638,0.0006876426444380386,1.2484089432658987,0.5091627658099687,1.0270744398431213
rank_mean_5d,2026-02-13,1.2142682189960716,-0.0048540625837865115,0.0007020411582968475,1.2794321097033334,0.52493000994125,1.0220889562339153
rank_mean_5d,2026-02-24,1.221069919792415,0.005601481361314775,0.000670374367098061,1.219598568659532,0.5013362769839427,1.0278141684718651
rank_mean_5d,2026-02-25,1.2275147757130926,0.0052780400337544275,0.0006581962902261164,1.1939408237922589,0.48860201002686704,1.0332390128003197
rank_mean_5d,2026-02-26,1.2213192388170684,-0.0050472198124256185,0.0005961577884315183,1.0805986077611098,0.43982240069292905,1.0280240283839428
rank_mean_5d,2026-02-27,1.2192834779087434,-0.0016668540407966947,0.0007489968187002333,1.364317718267017,0.5580757660120503,1.026310462378195
rank_mean_5d,2026-03-02,1.2154420839445552,-0.00315053392733311,0.0007662056272449416,1.3943970470869786,0.5720645733439329,1.0230770364464954
rank_mean_5d,2026-03-03,1.2165408835782587,0.0009040329014586845,0.0007477282630843674,1.3603095658867876,0.5592921312602506,1.02400193174817
rank_mean_5d,2026-03-04,1.2096093030678,-0.005697778516140506,0.0007796103692756734,1.415715701276799,0.5805758572659185,1.0181673955409687
rank_mean_5d,2026-03-05,1.214590177095821,0.004117754398373696,0.0007000672407643699,1.2759056932152943,0.5264968501170322,1.0223599588122383
rank_mean_5d,2026-03-06,1.212770569846574,-0.0014981244567593421,0.0007072902490124944,1.2843685658535822,0.5287391101441341,1.0208283363543302
rank_mean_5d,2026-03-09,1.2133884525637382,0.0005094803028096173,0.0006749285766675051,1.2249675789958268,0.5051133471970609,1.0213484282842527
rank_mean_5d,2026-03-10,1.2153740458344984,0.0016364036319653774,0.0007274421302579998,1.3222504840954201,0.5451637119966594,1.023019766561799
rank_mean_5d,2026-03-11,1.2120782850530116,-0.0027117254912447653,0.0007585810759456224,1.377231018521478,0.5661102782390213,1.0202456177827661
rank_mean_5d,2026-03-12,1.212399067592458,0.0002646549677542964,0.0006708081576556664,1.2208935956858888,0.5032926210471319,1.020515630853842
rank_mean_5d,2026-03-13,1.2183468637251265,0.00490580724750922,0.0006457940261561352,1.1738331045903572,0.483863824997195,1.025522083831881
rank_mean_5d,2026-03-16,1.2204750584917419,0.0017467888907338747,0.0006497011578034265,1.1786425199239063,0.48379411645229337,1.0273134544151208
rank_mean_5d,2026-03-17,1.2245363374082745,0.0033276213948620903,0.0006766671938834785,1.2310264966325606,0.5036648716280812,1.0307319646452622
rank_mean_5d,2026-03-18,1.2193497653379781,-0.004235539535946908,0.0006618240454799064,1.2017773653572066,0.4906101419163289,1.0263662586580429
rank_mean_5d,2026-03-19,1.2119471232090089,-0.006070975153644631,0.0007144702861271788,1.301002409083262,0.5332884657190322,1.0201352146031908
rank_mean_5d,2026-03-20,1.2079553379268637,-0.003293695909418637,0.0007048048868792677,1.2841575087029689,0.5292653506351332,1.0167751994197984
rank_mean_5d,2026-03-23,1.2033372190923617,-0.003823087401913172,0.0007237970126464863,1.3169363949458788,0.5440203914607534,1.0128879789643188
rank_mean_5d,2026-03-24,1.2077579429137633,0.0036737198444971586,0.0007439214147419551,1.3551203760818473,0.5627243794897705,1.0166090456328927
rank_mean_5d,2026-03-25,1.2039934637121228,-0.003116915292279976,0.0007946043735993541,1.4412514122910989,0.5950707664021703,1.0134403613522893
rank_mean_5d,2026-03-26,1.2040835684570823,7.483823432208325e-05,0.0007183245345717482,1.3086633467020028,0.5432682115260195,1.0135162054395237
rank_mean_5d,2026-03-27,1.2094804211389867,0.0044821246824420236,0.000768167627059165,1.3953828888436792,0.5782553417959796,1.0180589114399792
rank_mean_5d,2026-03-30,1.211946165461196,0.0020386806426244686,0.0008109094658645731,1.4716849219653938,0.6072768114667001,1.0201344084357833
rank_mean_5d,2026-03-31,1.2140560728084684,0.0017409249745590216,0.0007356198574147776,1.3366898395501792,0.5511398721254929,1.0219103859048362
rank_mean_5d,2026-04-01,1.2125583961093989,-0.00123361410779399,0.0007364194027679135,1.3379050586603891,0.5509363386553608,1.0206497428358827
rank_mean_5d,2026-04-02,1.2169049042562166,0.003584576347633206,0.0007082997710431055,1.2874692381411226,0.5300650657993998,1.0243083397632702
rank_mean_5d,2026-04-03,1.2151370459761395,-0.0014527497373819642,0.0006443610110644484,1.171898704099137,0.4806520415328846,1.022820276091681
rank_mean_5d,2026-04-07,1.2160634724794748,0.0007624049537482414,0.0006028546795763198,1.0972980657709153,0.4512694167967468,1.0236000793369673
rank_mean_5d,2026-04-08,1.2153464816192237,-0.0005895998658599355,0.000736359158131713,1.3354612548236926,0.5488811392514851,1.022996564867496
rank_mean_5d,2026-04-09,1.2101476016294475,-0.004277693701675633,0.0006948427033135235,1.2691450182445567,0.5221970760202851,1.0186204989051264
rank_mean_5d,2026-04-10,1.2102738694407402,0.000104340835054062,0.0006564913679620155,1.1926016742277596,0.4925371513156941,1.0187267826185853
rank_mean_5d,2026-04-13,1.208059447372204,-0.0018296867547504814,0.0006746668357653736,1.228422348817653,0.5066866184313135,1.0168628317177184
rank_mean_5d,2026-04-14,1.2020211395329161,-0.004998353228744201,0.0005981094070094785,1.0901417786333578,0.45210473489551445,1.0117801920996121
rank_mean_5d,2026-04-15,1.2012054410955302,-0.0006786057337584417,0.0006613942195039807,1.203951728983162,0.5008553426452332,1.0110935922599502
rank_mean_5d,2026-04-16,1.203826315070428,0.0021818698827300587,0.0006297234116253687,1.1439261268938652,0.47525029004413305,1.0132996669175236
rank_mean_5d,2026-04-17,1.2039024546155763,6.324794880718798e-05,0.0006433878463430949,1.162525811168551,0.4817455932058038,1.0133637560429831
rank_mean_5d,2026-04-20,1.196108101408361,-0.006474239816799954,0.0006025210834574276,1.1002961422792938,0.4578954722132473,1.0068029960647076
rank_mean_5d,2026-04-21,1.1975693335780844,0.0012216556078858964,0.0006371007899787938,1.157322424276788,0.4834031320786618,1.0080329625908864
rank_mean_5d,2026-04-22,1.1904463446146245,-0.005947871879933508,0.0006559678652185808,1.195008250808446,0.4990611094734872,1.002037311678646
rank_mean_5d,2026-04-23,1.1857458430374401,-0.0039485203163071025,0.0006931396328359094,1.2634430560525824,0.5310612405113037,0.9980807469957852
rank_mean_5d,2026-04-24,1.1834313143817856,-0.0019519601685682453,0.0006834200207358289,1.2418627386296284,0.5242182445204357,0.9961325331326346
rank_mean_5d,2026-04-27,1.1891456751832594,0.004828637481558484,0.0006658245539028043,1.2108303515407588,0.511642290288835,1.0009424960187185
rank_mean_5d,2026-04-28,1.185981776355452,-0.0026606486436741017,0.0006257585455753448,1.1363270768122216,0.476768176825053,0.9982793397242906
rank_mean_5d,2026-04-29,1.188694341416172,0.0022871894954874517,0.0007015566063380518,1.275705092304638,0.5356834644380519,1.0005625937436702
rank_mean_5d,2026-04-30,1.1857737599940275,-0.0024569658661494076,0.0006358702489318516,1.1564082260636712,0.48606815963569533,0.9981042456038961
rank_mean_5d,2026-05-06,1.1844005740345434,-0.0011580505538349994,0.0006881242560082651,1.2529968206572981,0.52884874047725,0.9969483904294895
rank_mean_5d,2026-05-07,1.184030471098521,-0.0003124812197292659,0.0005964462605895415,1.084316511678768,0.45780928047651825,0.996636862780441
rank_mean_5d,2026-05-08,1.1838006699622565,-0.00019408380263330471,0.0006906257600858782,1.2518129307425632,0.5276368926571378,0.996443431708268
rank_mean_5d,2026-05-11,1.177894918534703,-0.004988805613483804,0.0006682342366981211,1.2162051875431845,0.5141040183711963,0.9914723691226427
rank_mean_5d,2026-05-12,1.1760483459838598,-0.0015676886976814242,0.0005318503680131438,0.968445193956688,0.4107084828117622,0.9899180490955057
rank_mean_5d,2026-05-13,1.1716406117658602,-0.0037479192356774105,0.0006616486425863147,1.2041232374319493,0.5119636831498972,0.9862079161975564
rank_mean_5d,2026-05-14,1.1664936982763028,-0.004392911476327366,0.0006493891353841745,1.1835311931001247,0.5061670398703144,0.9818755921244473
rank_mean_5d,2026-05-15,1.1665864302961997,7.949637450588298e-05,0.0006508600888130145,1.1831427608615703,0.5060542046660829,0.981953647674237
rank_mean_5d,2026-05-18,1.1611524578854278,-0.0046580109880004494,0.0006565183398171422,1.1937125256151377,0.5109007315685713,0.9773796967936633
rank_mean_5d,2026-05-19,1.162064859577629,0.0007857725193665122,0.0006356881151632329,1.1575782545705793,0.4973838544034401,0.9781476949003906
rank_mean_5d,2026-05-20,1.1581923224833892,-0.0033324620930774707,0.0005704366766849975,1.0374912164685655,0.44631062513283953,0.9748880547857038
rank_mean_5d,2026-05-21,1.158177574630759,-1.2733509231477314e-05,0.0006225640934401966,1.132236860586509,0.4875866998784709,0.9748756410396585
rank_mean_5d,2026-05-22,1.156950154944783,-0.0010597854015325092,0.0006649820818453879,1.2094426995564964,0.5214940722257227,0.973842482066975
rank_mean_5d,2026-05-25,1.1586244452835657,0.0014471585760431616,0.0007450008488291243,1.3556670382024265,0.5861254892203607,0.9752517865666134
rank_mean_5d,2026-05-26,1.1628840237636884,0.003676409985532647,0.0006230347726497233,1.1302749370499177,0.4866613472622001,0.9788372119731554
rank_mean_5d,2026-05-27,1.160976774231948,-0.001640102961916745,0.000703362188281344,1.2765319005121238,0.5475342642854736,0.9772318181625639
rank_mean_5d,2026-05-28,1.168545373035819,0.006519164699809066,0.0007006724827106877,1.275054792824305,0.5483749882215184,0.9836025533350595
rank_mean_5d,2026-05-29,1.1710907582495458,0.00217825107390901,0.0006410977581375941,1.1616364700267416,0.4961435259663216,0.9857450866531613
rank_mean_5d,2026-06-01,1.1710811826534613,-8.176647298241413e-06,0.0007645851440725064,1.3885555960201494,0.591617441057112,0.9857370265632618
rank_mean_5d,2026-06-02,1.1633749540819605,-0.006580439243366487,0.0006774654809398541,1.2320048848630192,0.525507287118919,0.9792504439500255
rank_mean_5d,2026-06-03,1.1631950196698775,-0.00015466588089385613,0.0006615093330943397,1.2039428059878352,0.5150009087213658,0.9790989873174962
rank_mean_5d,2026-06-04,1.1657439323108323,0.0021913029181281907,0.0007078308259167445,1.287930255899923,0.5522499648891037,0.9812444897855415
rank_mean_5d,2026-06-05,1.166080806460713,0.0002889778282724187,0.0006486424327411686,1.1792665290582973,0.505859850871528,0.9815280476872039
rank_mean_5d,2026-06-08,1.1640500006683743,-0.0017415652338046428,0.0006940029343653058,1.2588208451665406,0.5372398322381288,0.9798186525633478
rank_mean_5d,2026-06-09,1.1624736360776995,-0.001354206941084679,0.0007381772497618916,1.344939668612478,0.5773705850972384,0.9784917753430422
rank_mean_5d,2026-06-10,1.1680793114052632,0.004822195664133888,0.000752998864531847,1.369467694543374,0.5886946250577407,0.9832102541394921
rank_mean_5d,2026-06-11,1.171510360858629,0.002937342884053118,0.0007585045680629388,1.3755974447146468,0.5878168470337923,0.9860982797830169
rank_mean_5d,2026-06-12,1.1832262137206297,0.01000063956191899,0.0006920755445389113,1.2552515160761522,0.5336588324480771,0.9959598932517552
rank_mean_5d,2026-06-15,1.1809003831683493,-0.001965668546986321,0.0006643050010456937,1.205732442112759,0.5083517491957317,0.9940021662155303
rank_mean_5d,2026-06-16,1.1709034738539155,-0.008465497561794488,0.0010813614840469124,1.9675184016796659,0.8321825318960333,0.9855874433010142
rank_mean_5d,2026-06-17,1.16799144331405,-0.0024869945344691002,0.0007748692368924646,1.4133349961373658,0.6033969083780051,0.9831362927162832
rank_mean_5d,2026-06-18,1.1692116479478176,0.0010447034015124146,0.0007400131659198616,1.3468203966903705,0.5768446420600278,0.9841633785454342
rank_mean_5d,2026-06-22,1.1697636565184961,0.0004721203142710184,0.0006419560722683139,1.1672369407619962,0.500289136343435,0.9846280220690071
rank_mean_5d,2026-06-23,1.1740119148738495,0.003631723666297937,0.0006507391961670008,1.181346760230364,0.5048787721795093,0.9882039189592553
rank_mean_5d,2026-06-24,1.1667909749429046,-0.006150653021030683,0.0006944515501791449,1.2564298815143564,0.5336996989532558,0.9821258195397142
rank_mean_5d,2026-06-25,1.1599504567074714,-0.005862676676744005,0.0006049679681559861,1.1055733844937579,0.47489841303588437,0.9763679334038706
rank_mean_5d,2026-06-26,1.1542416984275419,-0.004921553543014157,0.0006590868542088798,1.1995595720284857,0.5167300126491635,0.9715626863419414
rank_mean_5d,2026-06-29,1.1584319958944218,0.00363034663588091,0.000646676201214398,1.1779791343027979,0.5098534694839224,0.9750897956718503
rank_mean_5d,2026-06-30,1.1536891161557987,-0.004094223705346733,0.0006192752340001687,1.1236316471499448,0.4844584438875787,0.9710975599155689
rank_mean_5d,2026-07-01,1.1501155347213914,-0.0030975254809674224,0.0007077691358189201,1.2905317550662625,0.5606300984934317,0.9680895604792251
rank_mean_5d,2026-07-02,1.1586191261521892,0.0073936845247966065,0.000662570928572673,1.2019886908323811,0.5198165303666932,0.9752473092811575
rank_mean_5d,2026-07-03,1.164847994075349,0.005376113498010371,0.0006963643605501219,1.2639806367011688,0.5447235597921282,0.9804903495044823
rank_mean_5d,2026-07-06,1.1706958862269692,0.005020304950829502,0.0006948853984404419,1.2609485173748185,0.541197160600124,0.9854127100603403
rank_mean_5d,2026-07-07,1.1750413147061038,0.003711833730909886,0.0007462260543544691,1.353036525491396,0.5769921780319442,0.9890703981964095
rank_mean_5d,2026-07-08,1.185264160005092,0.008699987967269784,0.000668402111921634,1.2129254184322094,0.5152975449492461,0.997675298759501
rank_mean_5d,2026-07-09,1.1926450388904857,0.006227201609944943,0.0006397389100431918,1.157497402591116,0.48687103733886805,1.0038880239861385
rank_mean_5d,2026-07-10,1.1932406091318646,0.0004993692355714785,0.000677642255425308,1.2280066415178077,0.5129410383590964,1.0043893347812758
rank_mean_5d,2026-07-13,1.1966707087052462,0.002874608479740859,0.0006308808075167312,1.1473509778375837,0.47978269592124884,1.0072765608799994
rank_mean_5d,2026-07-14,1.2050485958798507,0.007000996275465798,0.0007285537837738484,1.3227583863682428,0.5515103896798588,1.0143285003310842
rank_mean_5d,2026-07-15,1.216212498147275,0.009264275569960123,0.0006961578604063529,1.261321258932945,0.5219790983610076,1.0237255190766157
rank_mean_5d,2026-07-16,1.221453893348647,0.004309604784818788,0.0007175200310442967,1.299001208833012,0.5324684086773029,1.0281373714719693
rank_mean_5d,2026-07-17,1.222289572470638,0.0006841675535538272,0.0007887602775115025,1.4325360547603692,0.5858870252543172,1.0288407897021266
rank_mean_5d,2026-07-20,1.2376850841485696,0.012595633657262129,0.0008026548912699933,1.4568729561205342,0.5935535756568703,1.0417996913808627
rank_mean_5d,2026-07-21,1.2369481634603048,-0.0005954024151237913,0.0007722737200744572,1.3971212399933086,0.5625061906548326,1.0411794013285394
rank_mean_5d,2026-07-22,1.2327798159254022,-0.0033698643629833658,0.0007169416585738952,1.303706628894747,0.5253866289046545,1.03767076796853
rank_mean_5d,2026-07-23,1.2308931187305467,-0.0015304413411726392,0.000699131420090424,1.2766037387115736,0.5171956170769018,1.0360826737267046
rank_mean_5d,2026-07-24,1.2346391227467237,0.0030433219254977217,0.0006637156383990767,1.207115502548936,0.4896378799111034,1.0392358068442853
rank_mean_5d,2026-07-27,1.2335681470074369,-0.0008674403066899483,0.0007422402820501775,1.345953076848307,0.5427677021254801,1.038334331817273
rank_mean_5d,2026-07-28,1.2334586708024398,-8.874759393129317e-05,0.0007371559909501772,1.3415118693494525,0.5424913271789343,1.038242182143628
rank_mean_5d,2026-07-29,1.2395419495940765,0.004931887006541791,0.000683673967811016,1.2396740256000847,0.5011077498436348,1.0433626752713858
rank_mean_5d,2026-07-30,1.2450704214037251,0.004460092545846672,0.0007063461355773325,1.2809289694565047,0.5150122678094183,1.0480161693619783
rank_mean_5d,2026-07-31,1.241370919597702,-0.0029713193265422655,0.0006833561458611207,1.2411077503761796,0.49808801725254154,1.0449021786634243
rank_mean_5d,2026-08-03,1.2489628686040506,0.006115778037404818,0.0006654881207433219,1.2104428162577836,0.48644714077315593,1.0512925684589305
rank_mean_5d,2026-08-04,1.2398061506088964,-0.007331457343794812,0.0006719905061000051,1.2196252866251647,0.48851928509185283,1.0435850618374254
rank_mean_5d,2026-08-05,1.2314903328161668,-0.006707353233120772,0.0006483745009709696,1.1819455992204277,0.47627084678957193,1.0365853681988737
rank_mean_5d,2026-08-06,1.2316120436628837,9.883215764960873e-05,0.000565533191185545,1.0325995589824681,0.4195516634970708,1.036687816167401
rank_mean_5d,2026-08-07,1.2319129313160768,0.00024430392244156884,0.0006008363675364497,1.0922057795538138,0.44379629024473116,1.036941083067238
rank_mean_5d,2026-08-10,1.2334285739266122,0.0012303163413636131,0.0005861253629486607,1.0660790039858874,0.4336994175843787,1.0382168486267669
rank_mean_5d,2026-08-11,1.2287764267198338,-0.003771719988591049,0.0006047165188509844,1.096958755661743,0.4444642783855603,1.0343009853863092
rank_mean_5d,2026-08-12,1.232787663363296,0.0032644153616863125,0.0006162772074330736,1.1222443969471425,0.45634903678130356,1.0376773734116116
rank_mean_5d,2026-08-13,1.2347056576301458,0.0015558188355140334,0.0006445749655244717,1.169796463070051,0.4740926612629925,1.0392918114143521
rank_mean_5d,2026-08-14,1.2386879187237356,0.003225271601357438,0.0006569247543674798,1.1929453641869903,0.48246754252490426,1.04264380977923
rank_mean_5d,2026-08-17,1.2406346432869564,0.0015716021233391775,0.0006739689676390412,1.223294283507127,0.4931574373771167,1.0442824310045655
rank_mean_5d,2026-08-18,1.239645163074816,-0.0007975597146947511,0.0006944073854968158,1.2617756559849294,0.5081719647163606,1.0434495534068329
rank_mean_5d,2026-08-19,1.2401100733125734,0.0003750349306443912,0.0006549556203843755,1.1873706821954944,0.4779330469824079,1.0438408834377257
rank_mean_5d,2026-08-20,1.2459840344580309,0.0047366449735926075,0.00077244002077389,1.4029096090058149,0.5634638930232356,1.0487851871114915
rank_mean_5d,2026-08-21,1.2525677293165887,0.005283931957781096,0.0006728903963538342,1.2202958079853459,0.4877141484576332,1.0543268966785173
rank_mean_5d,2026-08-24,1.2573099311915505,0.0037859843934739956,0.0006298737565567669,1.1484569261570863,0.4596444160504792,1.058318561854962
rank_mean_5d,2026-08-25,1.2580896649673712,0.0006201603570263892,0.0007340305351156247,1.3303611485306828,0.5287661948396366,1.0589748890721296
rank_mean_5d,2026-08-26,1.2595101831385291,0.0011291072573866856,0.0006913732653619896,1.2552930719801072,0.49769748835096955,1.0601705853047712
rank_mean_5d,2026-08-27,1.259439015043239,-5.650458110051382e-05,0.0006824957809197283,1.2400401559688712,0.49118131507307466,1.0601106808099534
rank_mean_5d,2026-08-28,1.255216569085868,-0.0033526402683546896,0.0014086174839089741,2.563393695267445,1.0199515824860903,1.056556511052557
rebalance_2d,2025-01-02,1.0,0.0,0.0,0.0,0.0,1.0
rebalance_2d,2025-01-03,1.0009308384269457,0.0009308384269457459,0.0010987913295375086,1.997802417340925,0.9989012086704625,1.0009308384269457
rebalance_2d,2025-01-06,1.0028671520168158,0.001934512870952254,0.0,0.0,0.0,1.0028671520168158
rebalance_2d,2025-01-07,1.0006824210115528,-0.0021784849577227705,0.0015401266924007975,2.7964072357570267,1.3949836898174197,1.0006824210115528
rebalance_2d,2025-01-08,0.9990170510489688,-0.0016642342541608457,0.0,0.0,0.0,0.9990170510489688
rebalance_2d,2025-01-09,0.9940846271048172,-0.004937277035434562,0.0015410647184427135,2.8029089777223346,1.4033552867891421,0.9940846271048172
rebalance_2d,2025-01-10,0.9963657184956024,0.00229466519106003,0.0,0.0,0.0,0.9963657184956025
rebalance_2d,2025-01-13,0.9949314057418738,-0.0014395444635472154,0.0015467944190310924,2.814783196507403,1.4119881353103423,0.9949314057418739
rebalance_2d,2025-01-14,0.9965414421027327,0.0016182385555096879,0.0,0.0,0.0,0.9965414421027329
rebalance_2d,2025-01-15,0.9970264995263006,0.0004867408449611421,0.001669843561939015,3.0331300120860494,1.521569667068402,0.9970264995263007
rebalance_2d,2025-01-16,0.9986032351243532,0.0015814380047087795,0.0,0.0,0.0,0.9986032351243533
rebalance_2d,2025-01-17,0.9985744473754156,-2.882801489634268e-05,0.0015584108710304991,2.8325104857576804,1.4202908682186957,0.9985744473754157
rebalance_2d,2025-01-20,1.0013549064982596,0.0027844284721605383,0.0,0.0,0.0,1.0013549064982599
rebalance_2d,2025-01-21,1.0018825504620736,0.0005269300229018281,0.0014795490422853295,2.6890877277119474,1.3407973449994384,1.0018825504620739
rebalance_2d,2025-01-22,0.9990467418857296,-0.0028304800548089037,0.0,0.0,0.0,0.9990467418857298
rebalance_2d,2025-01-23,0.9987763770651211,-0.00027062279398271105,0.0015350575300487669,2.7923796769770313,1.3985720646976036,0.9987763770651213
rebalance_2d,2025-01-24,0.9960845785762716,-0.0026950962704577197,0.0,0.0,0.0,0.9960845785762719
rebalance_2d,2025-01-27,0.9943664700582174,-0.0017248620799952263,0.0015718014616473257,2.8577181035831867,1.4331763037744225,0.9943664700582177
rebalance_2d,2025-02-05,0.9975802187807775,0.003231956043702855,0.0,0.0,0.0,0.9975802187807777
rebalance_2d,2025-02-06,0.9908498849507811,-0.006746659269388999,0.001565052782277293,2.8440855908169436,1.4239813159090349,0.9908498849507813
rebalance_2d,2025-02-07,0.9920398091622624,0.0012009127008583143,0.0,0.0,0.0,0.9920398091622626
rebalance_2d,2025-02-10,0.986918267508183,-0.005162637231669542,0.0015855974198346002,2.8863142776516844,1.458365149569912,0.9869182675081832
rebalance_2d,2025-02-11,0.9856286826750359,-0.0013066784510972207,0.0,0.0,0.0,0.9856286826750361
rebalance_2d,2025-02-12,0.982976504696335,-0.002690849023896824,0.0015665052396740158,2.84968300253915,1.446973491904628,0.9829765046963352
rebalance_2d,2025-02-13,0.9876169436447808,0.004720803525084527,0.0,0.0,0.0,0.9876169436447809
rebalance_2d,2025-02-14,0.9880914275527616,0.0004804331386110139,0.001531462680379923,2.7811934433940273,1.4041279180101796,0.9880914275527616
rebalance_2d,2025-02-17,0.9944451456000689,0.006430293665277365,0.0,0.0,0.0,0.994445145600069
rebalance_2d,2025-02-18,0.9932017899398857,-0.001250300899636736,0.0015853841996764614,2.87967398901658,1.4469475349221812,0.9932017899398858
rebalance_2d,2025-02-19,0.9925950795291062,-0.0006108631870430647,0.0,0.0,0.0,0.9925950795291063
rebalance_2d,2025-02-20,0.9982560615179149,0.005703213833675669,0.0015516804264901437,2.820771128887432,1.4181489768333295,0.9982560615179151
rebalance_2d,2025-02-21,0.9979974293907304,-0.0002590839536613654,0.0,0.0,0.0,0.9979974293907307
rebalance_2d,2025-02-24,0.9922426801140021,-0.005766296693010098,0.0015098824373334396,2.743494344004917,1.376128511588321,0.9922426801140023
rebalance_2d,2025-02-25,0.9902593385675041,-0.001998847243972701,0.0,0.0,0.0,0.9902593385675044
rebalance_2d,2025-02-26,0.9889937738098693,-0.0012780134539963628,0.0015866270555567126,2.8871784668085363,1.4581386913200405,0.9889937738098695
rebalance_2d,2025-02-27,0.9904137975637518,0.0014358267882841336,0.0,0.0,0.0,0.9904137975637519
rebalance_2d,2025-02-28,0.9852511191193823,-0.0052126479427778705,0.0015836322333730294,2.878604523676236,1.453790371134213,0.9852511191193825
rebalance_2d,2025-03-03,0.9858201245191914,0.0005775232210014636,0.0,0.0,0.0,0.9858201245191915
rebalance_2d,2025-03-04,0.9904487493301276,0.004695202193395698,0.0015738533636791355,2.8572848193738505,1.4456332208299392,0.9904487493301277
rebalance_2d,2025-03-05,0.993568745903916,0.00315008381392623,0.0,0.0,0.0,0.9935687459039161
rebalance_2d,2025-03-06,0.9931847889004821,-0.0003864423121366922,0.0015254603664498433,2.7703638323597692,1.3939827647612417,0.9931847889004822
rebalance_2d,2025-03-07,0.9909399584282813,-0.002260234447092113,0.0,0.0,0.0,0.9909399584282814
rebalance_2d,2025-03-10,0.9876634269864465,-0.003306488363867821,0.0014858827807413078,2.704481181608319,1.364804417050435,0.9876634269864466
rebalance_2d,2025-03-11,0.9899252558634652,0.002290080623841728,0.0,0.0,0.0,0.9899252558634654
rebalance_2d,2025-03-12,0.9875231119015693,-0.002426591247841947,0.001557649305494008,2.8315633621438066,1.4294091603501604,0.9875231119015694
rebalance_2d,2025-03-13,0.987035133940391,-0.000494143332239183,0.0,0.0,0.0,0.9870351339403911
rebalance_2d,2025-03-14,0.9884133090574069,0.0013962776699893986,0.0015162413207240211,2.7576245859106683,1.3968315601295425,0.9884133090574071
rebalance_2d,2025-03-17,0.9908506951822846,0.0024659584230024567,0.0,0.0,0.0,0.990850695182285
rebalance_2d,2025-03-18,0.9899990032048236,-0.0008595563202429268,0.001609365989371723,2.9279891179539765,1.4768554397473495,0.9899990032048239
rebalance_2d,2025-03-19,0.9896609490834248,-0.0003414691533065728,0.0,0.0,0.0,0.9896609490834252
rebalance_2d,2025-03-20,0.9937220131245342,0.0041034902355907565,0.0016007259223613077,2.9100366066190357,1.468965392188358,0.9937220131245345
rebalance_2d,2025-03-21,0.9944751139417016,0.0007578586437866353,0.0,0.0,0.0,0.994475113941702
rebalance_2d,2025-03-24,0.9911547898292272,-0.0033387704387232153,0.001604985724967975,2.916000299927174,1.467322023038501,0.9911547898292276
rebalance_2d,2025-03-25,0.990576730719803,-0.000583217793381996,0.0,0.0,0.0,0.9905767307198033
rebalance_2d,2025-03-26,0.9907506368312627,0.00017556046499644928,0.0016411826522814942,2.984334206804864,1.5053579763771523,0.9907506368312632
rebalance_2d,2025-03-27,0.9912350378902492,0.0004889232880391781,0.0,0.0,0.0,0.9912350378902497
rebalance_2d,2025-03-28,0.9848274493404091,-0.00646424743366425,0.0015193607937266588,2.764792176464997,1.3971553965549435,0.9848274493404096
rebalance_2d,2025-03-31,0.9839698305738975,-0.0008708315015854007,0.0,0.0,0.0,0.983969830573898
rebalance_2d,2025-04-01,0.9811993792334632,-0.002815585655526087,0.0015618679460683953,2.8369561623008983,1.4415682547507656,0.9811993792334637
rebalance_2d,2025-04-02,0.9796625096282264,-0.001566317343614121,0.0,0.0,0.0,0.9796625096282269
rebalance_2d,2025-04-03,0.9840572279742652,0.0044859513381874105,0.0014824898703273397,2.6961741370127528,1.3744810730173995,0.9840572279742656
rebalance_2d,2025-04-07,0.980596178324661,-0.003517122329083411,0.0,0.0,0.0,0.9805961783246614
rebalance_2d,2025-04-08,0.9595240242933374,-0.02148912518435997,0.0015281315526760725,2.777822051272126,1.4163422881527545,0.9595240242933377
rebalance_2d,2025-04-09,0.9592848453988125,-0.0002492682710065752,0.0,0.0,0.0,0.9592848453988129
rebalance_2d,2025-04-10,0.9654367045644314,0.0064129639857506415,0.0016274688635282643,2.9638014436650044,1.529914854085573,0.9654367045644319
rebalance_2d,2025-04-11,0.9732628976580756,0.008106376168052432,0.0,0.0,0.0,0.973262897658076
rebalance_2d,2025-04-14,0.9760445659450925,0.002858085203607752,0.0015350216827203496,2.7871117371634067,1.4286581303532213,0.976044565945093
rebalance_2d,2025-04-15,0.9781844100924255,0.002192363158398436,0.0,0.0,0.0,0.9781844100924261
rebalance_2d,2025-04-16,0.9795930120428309,0.0014400167656243301,0.0015986253040965054,2.903923836833671,1.4819511840416797,0.9795930120428316
rebalance_2d,2025-04-17,0.9785529632901585,-0.0010617151611805875,0.0,0.0,0.0,0.9785529632901592
rebalance_2d,2025-04-18,0.9867210019495187,0.008347058325690604,0.0014994945651961153,2.725390700532574,1.3901029595018752,0.9867210019495195
rebalance_2d,2025-04-21,0.9915856921956137,0.0049301578019353975,0.0,0.0,0.0,0.9915856921956144
rebalance_2d,2025-04-22,0.994987097053579,0.0034302681903708443,0.001520166560438465,2.757355970239054,1.3880230325863252,0.9949870970535799
rebalance_2d,2025-04-23,0.9975157265586724,0.0025413691419529094,0.0,0.0,0.0,0.9975157265586732
rebalance_2d,2025-04-24,0.9965616488864781,-0.000956453764880183,0.0015055835041451495,2.7342269838567,1.3687808666941264,0.9965616488864789
rebalance_2d,2025-04-25,0.9976749159813653,0.00111710810478316,0.0,0.0,0.0,0.997674915981366
rebalance_2d,2025-04-28,0.998681660122488,0.0010090903609945023,0.0014907862246749438,2.712127309140529,1.3577917546446006,0.9986816601224888
rebalance_2d,2025-04-29,0.9992724935152391,0.0005916133402095181,0.0,0.0,0.0,0.9992724935152398
rebalance_2d,2025-04-30,1.0014443460489766,0.002173433720863649,0.0015635855741887002,2.8393660440535404,1.420711788739035,1.0014443460489773
rebalance_2d,2025-05-06,1.0056191187025074,0.004168751533723869,0.0,0.0,0.0,1.005619118702508
rebalance_2d,2025-05-07,1.0036116140673716,-0.0019962872600571835,0.0016216281418293293,2.94497738750727,1.463726778343836,1.0036116140673723
rebalance_2d,2025-05-08,1.001118239371572,-0.0024844019946068663,0.0,0.0,0.0,1.0011182393715727
rebalance_2d,2025-05-09,1.0033004688217815,0.002179791921061547,0.0014604205222250861,2.65678238075937,1.3268980914827873,1.0033004688217821
rebalance_2d,2025-05-12,1.0037651452566918,0.00046314782993772674,0.0,0.0,0.0,1.0037651452566925
rebalance_2d,2025-05-13,1.0005944151421233,-0.003158836635792528,0.001521579927097278,2.7623272647407013,1.3758625660459025,1.000594415142124
rebalance_2d,2025-05-14,1.0021379921801128,0.0015426600574921512,0.0,0.0,0.0,1.0021379921801135
rebalance_2d,2025-05-15,1.005886935360218,0.0037409450688019596,0.0015086908895342568,2.742690262549793,1.366998613463276,1.0058869353602187
rebalance_2d,2025-05-16,1.0101219664568537,0.004210245652628064,0.0,0.0,0.0,1.0101219664568544
rebalance_2d,2025-05-19,1.013352400781916,0.003198063632249726,0.001485614020390773,2.7014960610433225,1.3361954659621464,1.0133524007819166
rebalance_2d,2025-05-20,1.013850349436354,0.0004913874522365358,0.0,0.0,0.0,1.0138503494363547
rebalance_2d,2025-05-21,1.0149617746714128,0.001096241901654027,0.0015770908899728694,2.860210355350355,1.4087053771465181,1.0149617746714135
rebalance_2d,2025-05-22,1.0183695012290768,0.0033574925112496157,0.0,0.0,0.0,1.0183695012290774
rebalance_2d,2025-05-23,1.0197760107310443,0.0013811386734088327,0.0015439552726946345,2.8097425241701517,1.379823773766503,1.019776010731045
rebalance_2d,2025-05-26,1.0209090582702123,0.0011110749098282025,0.0,0.0,0.0,1.020909058270213
rebalance_2d,2025-05-27,1.0183269344881989,-0.002529239760482138,0.0016136299271249448,2.9321716586013746,1.4368298585343933,1.0183269344881996
rebalance_2d,2025-05-28,1.0198751303598206,0.001520332831419946,0.0,0.0,0.0,1.0198751303598212
rebalance_2d,2025-05-29,1.0241134044726576,0.0041556794421899745,0.0015652308425054306,2.842398230047052,1.3915570481064614,1.0241134044726583
rebalance_2d,2025-05-30,1.0221070733351718,-0.0019590907888945575,0.0,0.0,0.0,1.0221070733351725
rebalance_2d,2025-06-03,1.0204104101984823,-0.0016599661434228974,0.0016062769025662362,2.9215959624745134,1.4287416182083557,1.020410410198483
rebalance_2d,2025-06-04,1.023176497805131,0.0027107598854372306,0.0,0.0,0.0,1.0231764978051316
rebalance_2d,2025-06-05,1.0278866426657025,0.004603452943529707,0.0016328295664374607,2.9651646902301487,1.4482836585000787,1.0278866426657032
rebalance_2d,2025-06-06,1.0309839772409153,0.003013303652998456,0.0,0.0,0.0,1.030983977240916
rebalance_2d,2025-06-09,1.0310707947841422,8.420843111389686e-05,0.0015831342334147887,2.8738567410223164,1.3922354236644725,1.0310707947841429
rebalance_2d,2025-06-10,1.0339841525778752,0.002825565236131977,0.0,0.0,0.0,1.033984152577876
rebalance_2d,2025-06-11,1.0329735201919663,-0.0009774157402598904,0.001562130021410253,2.8382370352966477,1.3712389049283598,1.032973520191967
rebalance_2d,2025-06-12,1.0309259712093284,-0.0019821892261646656,0.0,0.0,0.0,1.030925971209329
rebalance_2d,2025-06-13,1.0271546349549192,-0.0036582027805402983,0.0016487660171732408,2.9996414424982545,1.4572574208181797,1.0271546349549199
rebalance_2d,2025-06-16,1.0257285652481989,-0.0013883690519324032,0.0,0.0,0.0,1.0257285652481996
rebalance_2d,2025-06-17,1.0285859152595846,0.0027856785003295137,0.0015600171632085885,2.836414134520655,1.3802278850093377,1.0285859152595853
rebalance_2d,2025-06-18,1.0272449317774095,-0.0013037155791081334,0.0,0.0,0.0,1.0272449317774102
rebalance_2d,2025-06-19,1.0219090395805697,-0.005194371889094995,0.0016641271508056066,3.0254626253249626,1.4737543234472477,1.0219090395805703
rebalance_2d,2025-06-20,1.0210497013924493,-0.0008409145577898958,0.0,0.0,0.0,1.02104970139245
rebalance_2d,2025-06-23,1.0217151610608366,0.0006517407208286308,0.001569707387374858,2.8558127706938983,1.3987772138354166,1.0217151610608373
rebalance_2d,2025-06-24,1.0211949741288195,-0.0005091310688557504,0.0,0.0,0.0,1.0211949741288202
rebalance_2d,2025-06-25,1.0218416461733437,0.0006332503203669848,0.0016132279167978606,2.9320503589990277,1.4349500310554464,1.0218416461733444
rebalance_2d,2025-06-26,1.0208795783796432,-0.0009415038008123711,0.0,0.0,0.0,1.0208795783796438
rebalance_2d,2025-06-27,1.0200551455506799,-0.0008075710851928042,0.00161236930043223,2.931345013343498,1.4361441559852879,1.0200551455506806
rebalance_2d,2025-06-30,1.0174653536182163,-0.0025388744361124482,0.0,0.0,0.0,1.017465353618217
rebalance_2d,2025-07-01,1.0177144694894387,0.000244839659981011,0.0016855922439292638,3.0653485117428736,1.5062386605323685,1.0177144694894393
rebalance_2d,2025-07-02,1.02051523822177,0.0027520181900688723,0.0,0.0,0.0,1.0205152382217706
rebalance_2d,2025-07-03,1.0191373729653062,-0.001350166273719422,0.0016725910790220603,3.0387853185937876,1.488284889039288,1.0191373729653068
rebalance_2d,2025-07-04,1.023958049682393,0.00473015399588439,0.0,0.0,0.0,1.0239580496823937
rebalance_2d,2025-07-07,1.0274164874882405,0.003377519036956933,0.0016604730465854087,3.0133399831932737,1.4675617456040153,1.0274164874882412
rebalance_2d,2025-07-08,1.0292025741916062,0.0017384251908709736,0.0,0.0,0.0,1.0292025741916069
rebalance_2d,2025-07-09,1.027730657621456,-0.0014301524374891184,0.0015224798488737373,2.7685682567437335,1.3450331717867854,1.0277306576214567
rebalance_2d,2025-07-10,1.0281791625802112,0.00043640321073357136,0.0,0.0,0.0,1.028179162580212
rebalance_2d,2025-07-11,1.0319263728202868,0.0036445109728462377,0.0015151267157954423,2.7542444639210535,1.3385340223556237,1.0319263728202874
rebalance_2d,2025-07-14,1.0347359987279132,0.002722699973204179,0.0,0.0,0.0,1.0347359987279139
rebalance_2d,2025-07-15,1.032927087929691,-0.00174818581787628,0.001626688539934309,2.9545185295540537,1.4285085832988913,1.0329270879296917
rebalance_2d,2025-07-16,1.035887186430268,0.002865738090487957,0.0,0.0,0.0,1.0358871864302686
rebalance_2d,2025-07-17,1.0356689472561116,-0.00021067851501122004,0.0015033941411976264,2.7314472649004955,1.317130891322775,1.0356689472561122
rebalance_2d,2025-07-18,1.037584893135333,0.001849959762043163,0.0,0.0,0.0,1.0375848931353338
rebalance_2d,2025-07-21,1.0399566108391438,0.0022858059321237967,0.0017105427028294485,3.112507152920501,1.495797102947121,1.0399566108391445
rebalance_2d,2025-07-22,1.037848907952102,-0.002026721946929211,0.0,0.0,0.0,1.0378489079521027
rebalance_2d,2025-07-23,1.042011586790438,0.004010871723659548,0.0016315928758792553,2.959640922759747,1.4252683593612212,1.0420115867904387
rebalance_2d,2025-07-24,1.0443123980751465,0.002208047697238591,0.0,0.0,0.0,1.0443123980751472
rebalance_2d,2025-07-25,1.0456512379215848,0.0012820300217692981,0.0016379171850643122,2.9747767004014616,1.4249698605768584,1.0456512379215854
rebalance_2d,2025-07-28,1.0474711509839938,0.0017404589564933293,0.0,0.0,0.0,1.0474711509839945
rebalance_2d,2025-07-29,1.0455960319203237,-0.001790139100163901,0.001687479997374545,3.0682082154787826,1.465038780934551,1.0455960319203244
rebalance_2d,2025-07-30,1.0486024529690905,0.0028753179593128397,0.0,0.0,0.0,1.0486024529690912
rebalance_2d,2025-07-31,1.0492163085190167,0.0005854035036712002,0.0017001639265500522,3.087354197878142,1.4719854650867659,1.0492163085190174
rebalance_2d,2025-08-01,1.0517751828400774,0.002438843449424244,0.0,0.0,0.0,1.051775182840078
rebalance_2d,2025-08-04,1.0476745017899673,-0.00389881898433575,0.001690880669255543,3.07180516274573,1.459213344500068,1.047674501789968
rebalance_2d,2025-08-05,1.0498374034197147,0.0020644786391688097,0.0,0.0,0.0,1.0498374034197153
rebalance_2d,2025-08-06,1.0487437746506059,-0.001041712521907101,0.0016083583215256805,2.924258776094265,1.391274173995746,1.0487437746506065
rebalance_2d,2025-08-07,1.0459383602273238,-0.0026750236722183907,0.0,0.0,0.0,1.0459383602273244
rebalance_2d,2025-08-08,1.0508526757427934,0.004698475266172952,0.0016137914429584718,2.9355365063267294,1.4028105640261288,1.050852675742794
rebalance_2d,2025-08-11,1.052013164368353,0.0011043304664370979,0.0,0.0,0.0,1.0520131643683537
rebalance_2d,2025-08-12,1.053784919786154,0.0016841570788372895,0.0016359427622984143,2.973034802288168,1.4115380198878245,1.0537849197861546
rebalance_2d,2025-08-13,1.0548292541807507,0.0009910318272619012,0.0,0.0,0.0,1.0548292541807514
rebalance_2d,2025-08-14,1.0513434823273369,-0.0033045839784953124,0.0015677084183619212,2.8495265487596164,1.3525913690252667,1.0513434823273375
rebalance_2d,2025-08-15,1.053049820608909,0.0016230074283571927,0.0,0.0,0.0,1.0530498206089098
rebalance_2d,2025-08-18,1.051959896972079,-0.0010350162124331819,0.0015968487847483187,2.902998505335046,1.3789801135685873,1.0519598969720798
rebalance_2d,2025-08-19,1.0532691184523528,0.0012445545538781744,0.0,0.0,0.0,1.0532691184523537
rebalance_2d,2025-08-20,1.053826190978953,0.000528898566226621,0.0016945014538861578,3.079669367715365,1.4613245484942001,1.053826190978954
rebalance_2d,2025-08-21,1.0517570149947049,-0.001963488857992801,0.0,0.0,0.0,1.0517570149947058
rebalance_2d,2025-08-22,1.057089211930186,0.005069799259202368,0.0017641052306685736,3.2070366978134905,1.5228513730034268,1.057089211930187
rebalance_2d,2025-08-25,1.063025545008826,0.0056157351826535695,0.0,0.0,0.0,1.0630255450088268
rebalance_2d,2025-08-26,1.0637272670157276,0.0006601177273646286,0.0018133466645024916,3.291333592582151,1.5471742127371828,1.0637272670157285
rebalance_2d,2025-08-27,1.0612439835463248,-0.0023345114357834484,0.0,0.0,0.0,1.0612439835463257
rebalance_2d,2025-08-28,1.0644692318208222,0.003039120432720699,0.0017569632091522858,3.194376904053048,1.503844860886825,1.064469231820823
rebalance_2d,2025-08-29,1.060378337181274,-0.00384313094005595,0.0,0.0,0.0,1.060378337181275
rebalance_2d,2025-09-01,1.0633109214761451,0.0027656018536426075,0.0017275574309610082,3.137589753679006,1.4776973649176548,1.063310921476146
rebalance_2d,2025-09-02,1.0719040760756633,0.008081506947740902,0.0,0.0,0.0,1.0719040760756642
rebalance_2d,2025-09-03,1.0794763213450762,0.007064293753910933,0.0018214005160370895,3.3085009831861516,1.541680659442485,1.079476321345077
rebalance_2d,2025-09-04,1.0783220961419298,-0.0010692455038830984,0.0,0.0,0.0,1.0783220961419306
rebalance_2d,2025-09-05,1.0847904593659083,0.00599854463441063,0.0017443870775662998,3.167356692153742,1.465609173316296,1.0847904593659092
rebalance_2d,2025-09-08,1.0838995363319603,-0.0008212858310615578,0.0,0.0,0.0,1.0838995363319612
rebalance_2d,2025-09-09,1.0839029422324116,3.142265806888034e-06,0.0017484822691473249,3.176893430020346,1.46592616413325,1.0839029422324125
rebalance_2d,2025-09-10,1.0855069780928641,0.0014798703813359015,0.0,0.0,0.0,1.085506978092865
rebalance_2d,2025-09-11,1.0904984051543236,0.00459824502485362,0.0017692360069455496,3.216886150479638,1.4795562743052175,1.0904984051543245
rebalance_2d,2025-09-12,1.0866715103049933,-0.0035093080661486864,0.0,0.0,0.0,1.0866715103049942
rebalance_2d,2025-09-15,1.0868529710170727,0.0001669876410290705,0.0017087480496932766,3.1037051118366796,1.4280457472679373,1.0868529710170736
rebalance_2d,2025-09-16,1.090771036134537,0.0036049633408996584,0.0,0.0,0.0,1.090771036134538
rebalance_2d,2025-09-17,1.0915427218417697,0.0007074680951992818,0.0017267583907103205,3.1367001848661773,1.4371641973702594,1.0915427218417706
rebalance_2d,2025-09-18,1.0894811139146443,-0.0018887102500640962,0.0,0.0,0.0,1.0894811139146452
rebalance_2d,2025-09-19,1.0891035187340927,-0.00034658258480024795,0.0017189940538587002,3.124581678467484,1.431389102145534,1.0891035187340936
rebalance_2d,2025-09-22,1.0896095655016929,0.000464645241609718,0.0,0.0,0.0,1.0896095655016937
rebalance_2d,2025-09-23,1.0819374192580138,-0.007041188409672716,0.0018194907745713714,3.3090451353592325,1.5209865673565748,1.0819374192580147
rebalance_2d,2025-09-24,1.0820068480679896,6.41708186999157e-05,0.0,0.0,0.0,1.0820068480679905
rebalance_2d,2025-09-25,1.0861042077427225,0.003786814919008119,0.0016724269336353427,3.041974056398586,1.4039781328737977,1.0861042077427234
rebalance_2d,2025-09-26,1.0908851074025459,0.004401879327730063,0.0,0.0,0.0,1.0908851074025467
rebalance_2d,2025-09-29,1.0926416753335062,0.001610222670600736,0.001772279662872268,3.2187900181862723,1.4772557367367383,1.092641675333507
rebalance_2d,2025-09-30,1.1020324710727882,0.008594579495986743,0.0,0.0,0.0,1.1020324710727891
rebalance_2d,2025-10-09,1.1090172946812975,0.006338128677560562,0.0017673915260387116,3.2052761277812793,1.4495175590583333,1.1090172946812984
rebalance_2d,2025-10-10,1.1067044211361357,-0.0020855162099401303,0.0,0.0,0.0,1.1067044211361365
rebalance_2d,2025-10-13,1.1121530044794672,0.004923250724649719,0.0016894380769322417,3.06960595195749,1.384592275087607,1.112153004479468
rebalance_2d,2025-10-14,1.1112259411727647,-0.0008335753290855674,0.0,0.0,0.0,1.1112259411727656
rebalance_2d,2025-10-15,1.1154254500995413,0.003779167468268785,0.0017500216268604867,3.179159540323629,1.4285360479806286,1.1154254500995422
rebalance_2d,2025-10-16,1.1178266329203004,0.002152705786428566,0.0,0.0,0.0,1.1178266329203013
rebalance_2d,2025-10-17,1.1169715109861709,-0.0007649861874337027,0.0017734135187552802,3.2213624189607453,1.441144754367175,1.1169715109861718
rebalance_2d,2025-10-20,1.1185731444394524,0.0014339071655171676,0.0,0.0,0.0,1.1185731444394533
rebalance_2d,2025-10-21,1.1227193376970752,0.0037066804958030275,0.0016388728421011152,2.978130084153947,1.3301495495019504,1.122719337697076
rebalance_2d,2025-10-22,1.1275493065709195,0.004302026972966777,0.0,0.0,0.0,1.1275493065709203
rebalance_2d,2025-10-23,1.1289493325771165,0.0012416539108650593,0.001718908772285727,3.1203476258831255,1.3822709298189797,1.1289493325771174
rebalance_2d,2025-10-24,1.126128515932049,-0.0024986211193624985,0.0,0.0,0.0,1.12612851593205
rebalance_2d,2025-10-27,1.1219853049555568,-0.0036791635393969013,0.0017132851388547846,3.1096785153413244,1.3791570642694322,1.1219853049555577
rebalance_2d,2025-10-28,1.1240499172597254,0.001840142018838975,0.0,0.0,0.0,1.1240499172597263
rebalance_2d,2025-10-29,1.123838220524527,-0.00018833392712169772,0.0017708310563954092,3.2232743677443443,1.4345819032577247,1.1238382205245279
rebalance_2d,2025-10-30,1.1259239326453232,0.0018558828866157562,0.0,0.0,0.0,1.125923932645324
rebalance_2d,2025-10-31,1.1265600407225074,0.0005649654108423885,0.0017588566474073713,3.195276681640677,1.4170162542575782,1.1265600407225083
rebalance_2d,2025-11-03,1.1247194292501141,-0.001633833445053412,0.0,0.0,0.0,1.124719429250115
rebalance_2d,2025-11-04,1.1256590331532539,0.0008354118180089465,0.0017466303045019394,3.1787837775335825,1.4131386103241808,1.1256590331532548
rebalance_2d,2025-11-05,1.1273858498858782,0.0015340495494333695,0.0,0.0,0.0,1.127385849885879
rebalance_2d,2025-11-06,1.1258336279806225,-0.0013768328788346107,0.001728872228435099,3.141875366272509,1.394726327133655,1.1258336279806234
rebalance_2d,2025-11-07,1.1239805564544865,-0.0016459550328584704,0.0,0.0,0.0,1.1239805564544874
rebalance_2d,2025-11-10,1.1251895896933701,0.0010756709552854904,0.0016836517334243516,3.064625508999872,1.3644967261544823,1.125189589693371
rebalance_2d,2025-11-11,1.1248349918556284,-0.00031514496844775586,0.0,0.0,0.0,1.1248349918556293
rebalance_2d,2025-11-12,1.1227901850062234,-0.0018178727228530533,0.001789661628597408,3.2524312562763296,1.4460371062327588,1.1227901850062243
rebalance_2d,2025-11-13,1.1234105666684435,0.0005525357012421406,0.0,0.0,0.0,1.1234105666684444
rebalance_2d,2025-11-14,1.127058924148845,0.0032475726939447114,0.0017975603103620405,3.267452997501582,1.4526447764955834,1.1270589241488458
rebalance_2d,2025-11-17,1.1270198438957117,-3.467454300376538e-05,0.0,0.0,0.0,1.1270198438957126
rebalance_2d,2025-11-18,1.1303785807028406,0.0029801931397399617,0.0017022368642794234,3.090432092732985,1.3711955747691973,1.1303785807028415
rebalance_2d,2025-11-19,1.1265069862356445,-0.0034250423117437867,0.0,0.0,0.0,1.1265069862356454
rebalance_2d,2025-11-20,1.1327152489431593,0.005511073418426271,0.0017594345369933357,3.1984493216949295,1.419818027975823,1.1327152489431602
rebalance_2d,2025-11-21,1.132177578165663,-0.00047467426433789317,0.0,0.0,0.0,1.1321775781656638
rebalance_2d,2025-11-24,1.128200318864901,-0.0035129288704036643,0.0018094655587943453,3.2859163840784875,1.4495253437204005,1.128200318864902
rebalance_2d,2025-11-25,1.130943207400693,0.0024312070205332326,0.0,0.0,0.0,1.130943207400694
rebalance_2d,2025-11-26,1.1319770863372849,0.0009141740538571863,0.001838756095282921,3.337419167980924,1.473076183812738,1.1319770863372858
rebalance_2d,2025-11-27,1.1293462127620673,-0.0023241403089971913,0.0,0.0,0.0,1.1293462127620681
rebalance_2d,2025-11-28,1.13377790673355,0.003924123463117768,0.0016224308517443376,2.9527033184954323,1.306045637133979,1.133777906733551
rebalance_2d,2025-12-01,1.1329063291120376,-0.0007687375246387962,0.0,0.0,0.0,1.1329063291120385
rebalance_2d,2025-12-02,1.133338746249298,0.0003816883409941685,0.0017166829412898154,3.11962497309987,1.3775214741744173,1.133338746249299
rebalance_2d,2025-12-03,1.132077885301244,-0.0011125190524251538,0.0,0.0,0.0,1.132077885301245
rebalance_2d,2025-12-04,1.12835318692078,-0.0032901432214383908,0.00178638633183884,3.247457070930044,1.4346987935861824,1.1283531869207808
rebalance_2d,2025-12-05,1.1364397312079644,0.007166678289137751,0.0,0.0,0.0,1.1364397312079653
rebalance_2d,2025-12-08,1.1341530540082272,-0.002012141195826156,0.0018128973974891932,3.2928180672579663,1.4475717959593704,1.134153054008228
rebalance_2d,2025-12-09,1.1332405842176674,-0.0008045384944607159,0.0,0.0,0.0,1.1332405842176683
rebalance_2d,2025-12-10,1.1351270898577224,0.0016647000348626317,0.0017701601450518486,3.222515331184928,1.4227055895372853,1.1351270898577233
rebalance_2d,2025-12-11,1.1334166521315623,-0.0015068248669621864,0.0,0.0,0.0,1.1334166521315632
rebalance_2d,2025-12-12,1.1380656699961678,0.004101773038063472,0.0017867973050415507,3.244079598826432,1.429469495145903,1.1380656699961686
rebalance_2d,2025-12-15,1.1394383588278967,0.0012061595986228024,0.0,0.0,0.0,1.1394383588278976
rebalance_2d,2025-12-16,1.1383368530499702,-0.0009667094050260783,0.0019144578075716446,3.477866156418523,1.5261116047519654,1.1383368530499711
rebalance_2d,2025-12-17,1.1397925261614716,0.0012787718394613456,0.0,0.0,0.0,1.1397925261614725
rebalance_2d,2025-12-18,1.1428902307130153,0.0027177793154828933,0.0018041099675801125,3.2760826740223585,1.4357332439784865,1.1428902307130162
rebalance_2d,2025-12-19,1.146708309594103,0.003340722300781085,0.0,0.0,0.0,1.146708309594104
rebalance_2d,2025-12-22,1.1465698591767788,-0.00012073725826000636,0.0017315013634309753,3.1476465702551213,1.3726621325516655,1.1465698591767797
rebalance_2d,2025-12-23,1.1416557780056191,-0.004285897742583145,0.0,0.0,0.0,1.14165577800562
rebalance_2d,2025-12-24,1.1432551957549069,0.0014009632150959739,0.0017822998789043026,3.2417201237132227,1.4190288458110878,1.1432551957549077
rebalance_2d,2025-12-25,1.1485086420787425,0.0045951650544362455,0.0,0.0,0.0,1.1485086420787434
rebalance_2d,2025-12-26,1.1495464088503387,0.0009035776776724624,0.0018305443428702772,3.327189777706944,1.4484971363323627,1.1495464088503395
rebalance_2d,2025-12-29,1.1526084680958486,0.0026637108531983866,0.0,0.0,0.0,1.1526084680958495
rebalance_2d,2025-12-30,1.1507253701442672,-0.0016337707067971552,0.0017853073945992143,3.243016843565602,1.4059604499917093,1.1507253701442681
rebalance_2d,2025-12-31,1.14828692932538,-0.002119046717968587,0.0,0.0,0.0,1.1482869293253808
rebalance_2d,2026-01-05,1.1453989303213943,-0.002515049967243277,0.0017147311255523547,3.1175322407907506,1.3600365399318872,0.9974849500327567
rebalance_2d,2026-01-06,1.1479978275948413,0.0022689887380267226,0.0,0.0,0.0,0.9997482321507322
rebalance_2d,2026-01-07,1.1478158665155311,-0.00015850298226727233,0.001795200263976271,3.2672401975692393,1.4221498577845528,0.9995897690744199
rebalance_2d,2026-01-08,1.1433906116366497,-0.0038553700188126427,0.0,0.0,0.0,0.9957359806476185
rebalance_2d,2026-01-09,1.1440732054320595,0.000596990904475625,0.0017431709862331442,3.1696000801674686,1.3892567480727125,0.9963304259713243
rebalance_2d,2026-01-12,1.147391884507615,0.0029007576261714796,0.0,0.0,0.0,0.9992205390526473
rebalance_2d,2026-01-13,1.1519837984365608,0.004002044977785779,0.0018662825841097152,3.3863154659779977,1.4742408962149947,1.0032194645926633
rebalance_2d,2026-01-14,1.1502301611615717,-0.0015222759880556547,0.0,0.0,0.0,1.0016922876909637
rebalance_2d,2026-01-15,1.1500967841668788,-0.00011595678777742702,0.001922688318005304,3.498065380330794,1.5167482980914104,1.0015761346709418
rebalance_2d,2026-01-16,1.157403265895906,0.0063529277097491565,0.0,0.0,0.0,1.0079390754503161
rebalance_2d,2026-01-19,1.159930080673951,0.0021831757802144303,0.001910702615374666,3.4682415955844395,1.4973242834466642,1.010139583627771
rebalance_2d,2026-01-20,1.161806588363413,0.001617776554576178,0.0,0.0,0.0,1.0117737637630133
rebalance_2d,2026-01-21,1.162243197373125,0.0003758018021977616,0.0019717018575023167,3.580282365859174,1.5423853895302388,1.012153990166852
rebalance_2d,2026-01-22,1.1689750256278209,0.0057920995105937845,0.0,0.0,0.0,1.0180164867979429
rebalance_2d,2026-01-23,1.1720196665948885,0.0026045389339541813,0.0018593891245552144,3.3753817813540987,1.4420068757817721,1.0206679503732154
rebalance_2d,2026-01-26,1.177006418556133,0.0042548364190275745,0.0,0.0,0.0,1.0250107255401977
rebalance_2d,2026-01-27,1.1792096717702807,0.0018719126585990953,0.0018310284186466028,3.322007163335636,1.4093064677785079,1.0269294560925362
rebalance_2d,2026-01-28,1.1720053977314706,-0.006109408878910205,0.0,0.0,0.0,1.02065552415547
rebalance_2d,2026-01-29,1.1647242065533423,-0.00621259184660905,0.0018354142180928303,3.345138206017574,1.4279510327516156,1.0143146079679053
rebalance_2d,2026-01-30,1.169646923093567,0.004226508312033861,0.0,0.0,0.0,1.018601617089499
rebalance_2d,2026-02-02,1.1734282018546578,0.003232837779019393,0.0019132767705274528,3.472016875538025,1.4803300241692572,1.021894590878996
rebalance_2d,2026-02-03,1.1706572829157709,-0.002361387713800789,0.0,0.0,0.0,1.0194815015472949
rebalance_2d,2026-02-04,1.1690464852071047,-0.0013759771815147204,0.0018473579729563184,3.3589099411606598,1.434654291706865,1.0180787182641895
rebalance_2d,2026-02-05,1.1684598321891766,-0.0005018218055069523,0.0,0.0,0.0,1.0175678241636419
rebalance_2d,2026-02-06,1.1714394419804957,0.0025500318532445387,0.0018483450541344959,3.362626527760966,1.4370622960912398,1.020162654528096
rebalance_2d,2026-02-09,1.1766684611441378,0.004463755424524374,0.0,0.0,0.0,1.0247164111111429
rebalance_2d,2026-02-10,1.1738405003589365,-0.0024033624411514687,0.0019166994019936467,3.481308384911849,1.4810128424063833,1.022253646175847
rebalance_2d,2026-02-11,1.170065395956812,-0.003216028413545291,0.0,0.0,0.0,1.018966049403895
rebalance_2d,2026-02-12,1.168276642019706,-0.0015287640701853178,0.0018478828653325167,3.360066769575041,1.4325206879203263,1.0174082907188278
rebalance_2d,2026-02-13,1.1662305124051695,-0.0017514084771900196,0.0,0.0,0.0,1.0156263932136993
rebalance_2d,2026-02-24,1.1706719936044334,0.0038084076449895754,0.001894645964532564,3.4460789354023373,1.4750237338975813,1.0194943125340676
rebalance_2d,2026-02-25,1.175398949980018,0.004037814521410388,0.0,0.0,0.0,1.023610841473713
rebalance_2d,2026-02-26,1.1706195980124119,-0.004066153000806483,0.0018965147055798955,3.443487038398903,1.4632759481001394,1.0194486831789966
rebalance_2d,2026-02-27,1.1653773526337263,-0.004478180091625261,0.0,0.0,0.0,1.0148834083815508
rebalance_2d,2026-03-02,1.1571996458719918,-0.007017217850727175,0.0018211718888172818,3.3174789663391335,1.428748714605194,1.007761750411849
rebalance_2d,2026-03-03,1.155908260936171,-0.0011159569054720597,0.0,0.0,0.0,1.0066371317274063
rebalance_2d,2026-03-04,1.1623683298117482,0.0055887383920461,0.0019293805768257528,3.5052164930497467,1.5117646512556893,1.0122629633123505
rebalance_2d,2026-03-05,1.1663366694897446,0.0034140122164538766,0.0,0.0,0.0,1.0157188414353626
rebalance_2d,2026-03-06,1.1626170520844095,-0.0031891455551701364,0.0019499532790980504,3.540856319353753,1.5166699760544768,1.0124795662068964
rebalance_2d,2026-03-09,1.1647248168023598,0.0018129483944617775,0.0,0.0,0.0,1.0143151394108765
rebalance_2d,2026-03-10,1.1653040835672563,0.0004973421674716594,0.0019110062890039564,3.474708160600964,1.4912526899749394,1.0148196011008104
rebalance_2d,2026-03-11,1.1644440731554333,-0.000738013728734499,0.0,0.0,0.0,1.014070650303009
rebalance_2d,2026-03-12,1.1669598994461419,0.002160538533972911,0.0018495880109808218,3.361891057301885,1.4424870137364594,1.0162615890191598
rebalance_2d,2026-03-13,1.1723958044066027,0.0046581763118345165,0.0,0.0,0.0,1.020995514679756
rebalance_2d,2026-03-16,1.172376661505976,-1.6328018707212344e-05,0.0018331119726828014,3.328948154197775,1.419929492648559,1.0209788438458924
rebalance_2d,2026-03-17,1.175224074719088,0.0024287528970887706,0.0,0.0,0.0,1.0234585491707495
rebalance_2d,2026-03-18,1.1752460631707584,1.8710007855915478e-05,0.001941181386747311,3.5292613742782994,1.4997379927011478,1.0234776980882447
rebalance_2d,2026-03-19,1.1715302193344703,-0.0031617581651479654,0.0,0.0,0.0,1.0202417091194673
rebalance_2d,2026-03-20,1.1722752366924498,0.0006359352457872003,0.0019053365855749797,3.4641226827141365,1.474143386391426,1.0208905167815185
rebalance_2d,2026-03-23,1.1701054255891834,-0.0018509399800924475,0.0,0.0,0.0,1.0190009097087105
rebalance_2d,2026-03-24,1.170574416984978,0.0004008112307987144,0.001891288146655188,3.4396164452871605,1.468600682668783,1.0194093367175159
rebalance_2d,2026-03-25,1.167812030145422,-0.002359855810509792,0.0,0.0,0.0,1.0170036776709752
rebalance_2d,2026-03-26,1.1658312517208722,-0.0016961449046754007,0.0019183005480323822,3.488227222718648,1.4929113794619517,1.0152786920650574
rebalance_2d,2026-03-27,1.1728005490791364,0.005977964090409182,0.0,0.0,0.0,1.02134799162798
rebalance_2d,2026-03-30,1.169854882678648,-0.002511651621242339,0.001777765885763408,3.2295281290627433,1.3772601243595304,1.0187827212889549
rebalance_2d,2026-03-31,1.1690871485019818,-0.0006562644547059016,0.0,0.0,0.0,1.0181141304019043
rebalance_2d,2026-04-01,1.1648546814491056,-0.003620317833704201,0.0019304226528072718,3.5103413447637504,1.500647924015052,1.0144282336588641
rebalance_2d,2026-04-02,1.1691373746909535,0.0036765901447208815,0.0,0.0,0.0,1.018157870505261
rebalance_2d,2026-04-03,1.1662792146168928,-0.002444674283735182,0.0017991750436418495,3.2683382876253386,1.398875399537994,1.0156688061424541
rebalance_2d,2026-04-07,1.1675694560238172,0.001106288606325112,0.0,0.0,0.0,1.0167924289704893
rebalance_2d,2026-04-08,1.1679812165537775,0.0003526646983063042,0.0017427175141911495,3.1703041171618285,1.3566444174585,1.0171510157656922
rebalance_2d,2026-04-09,1.162679422624886,-0.004539280130321677,0.0,0.0,0.0,1.0125338823702905
rebalance_2d,2026-04-10,1.1632443784137778,0.00048590847820828564,0.0017400094540513955,3.166731837690808,1.3582484914418007,1.0130258811682074
rebalance_2d,2026-04-13,1.1666327878632248,0.00291289561533703,0.0,0.0,0.0,1.015976719815685
rebalance_2d,2026-04-14,1.162915370376639,-0.0031864503768957997,0.0017309225414833271,3.146329834101989,1.3494692506995727,1.012739360413911
rebalance_2d,2026-04-15,1.1623423640362793,-0.0004927326226449313,0.0,0.0,0.0,1.0122403506927986
rebalance_2d,2026-04-16,1.162040176072842,-0.00025998188897458085,0.0017409981577695718,3.1655840550477996,1.3600998420865256,1.0119771865343292
rebalance_2d,2026-04-17,1.1604513432442942,-0.001367278740669109,0.0,0.0,0.0,1.0105935316411387
rebalance_2d,2026-04-20,1.1501671601146144,-0.008862226916751315,0.001888295656194144,3.4342015097417455,1.480373241191461,1.001637422443134
rebalance_2d,2026-04-21,1.1470798567316756,-0.0026842214679744236,0.0,0.0,0.0,0.9989488057706855
rebalance_2d,2026-04-22,1.1395268795762379,-0.006584526012825331,0.0017735630027160745,3.2272092281956373,1.4075752017242,0.9923712013736076
rebalance_2d,2026-04-23,1.1374630779758905,-0.0018111039215809033,0.0,0.0,0.0,0.9905739139991359
rebalance_2d,2026-04-24,1.1401191031845053,0.002335043009344284,0.0017793313677353737,3.241441186873737,1.4258078827614926,0.9928869466922583
rebalance_2d,2026-04-27,1.1427036789935856,0.0022669349209756273,0.0,0.0,0.0,0.9951377567842958
rebalance_2d,2026-04-28,1.1365854420002401,-0.005354176332690197,0.0016992854556724048,3.086310884950424,1.3512060684096099,0.989809613759155
rebalance_2d,2026-04-29,1.141719150846435,0.004516782158638488,0.0,0.0,0.0,0.9942803681630312
rebalance_2d,2026-04-30,1.1406105675991014,-0.0009709771851613702,0.001845864726324263,3.354884570617839,1.4673276347301043,0.9933149446098911
rebalance_2d,2026-05-06,1.1412921260035165,0.0005975382166147902,0.0,0.0,0.0,0.9939084882504301
rebalance_2d,2026-05-07,1.134250136433195,-0.006170190269322751,0.0017468404606568295,3.1771888464915747,1.3948547207565882,0.98777588376763
rebalance_2d,2026-05-08,1.1328578456357534,-0.0012274989023318694,0.0,0.0,0.0,0.9865633899545554
rebalance_2d,2026-05-11,1.132129069424008,-0.0006433077323452219,0.0016971135694142288,3.0845718411860252,1.3602236519470778,0.9859287260973489
rebalance_2d,2026-05-12,1.1291650099655166,-0.002618128567266176,0.0,0.0,0.0,0.9833474379342652
rebalance_2d,2026-05-13,1.1248971108737855,-0.0037796947780567303,0.0017692544757913601,3.2191056576570007,1.4280027727568034,0.9796306847580896
rebalance_2d,2026-05-14,1.1221354476833358,-0.0024550362550975757,0.0,0.0,0.0,0.9772256559104023
rebalance_2d,2026-05-15,1.1209829808415046,-0.0010270300650518926,0.0018399736363819844,3.3467482888352373,1.4908697657790473,0.9762220157814423
rebalance_2d,2026-05-18,1.1239552460551907,0.0026514811236963975,0.0,0.0,0.0,0.9788104500288236
rebalance_2d,2026-05-19,1.1217629855002245,-0.0019504874083381418,0.0017897797263961273,3.251999488562393,1.4449545157774217,0.9769012925708926
rebalance_2d,2026-05-20,1.1200265615790228,-0.0015479418947197399,0.0,0.0,0.0,0.9753891061331162
rebalance_2d,2026-05-21,1.1231040014809701,0.002747649035759192,0.001742704598673499,3.168662423588067,1.4104683590378653,0.9780691330700729
rebalance_2d,2026-05-22,1.1179713629430066,-0.00457004741430489,0.0,0.0,0.0,0.9735993107574746
rebalance_2d,2026-05-25,1.112480728139999,-0.004911248163417703,0.0016491379465179282,3.000974204067897,1.344604572693214,0.9688177229306122
rebalance_2d,2026-05-26,1.1129327988469104,0.00040636273103555887,0.0,0.0,0.0,0.9692114143463779
rebalance_2d,2026-05-27,1.1052807216252527,-0.006875596828115671,0.0017072466626029581,3.1032109775171604,1.3900718589454466,0.9625475074201245
rebalance_2d,2026-05-28,1.1026212165852693,-0.0024061806090969196,0.0,0.0,0.0,0.9602314442724357
rebalance_2d,2026-05-29,1.1022718215210885,-0.0003168767831830399,0.0016603207812116267,3.0238417184334527,1.37032598677886,0.9599271692212634
rebalance_2d,2026-06-01,1.1075309457633642,0.004771168181563645,0.0,0.0,0.0,0.9645071431876704
rebalance_2d,2026-06-02,1.1063976185617883,-0.0010232916794886693,0.0017693085230858746,3.2109913357350908,1.4474566034729603,0.9635201710532391
rebalance_2d,2026-06-03,1.1137550135185812,0.006649865141933997,0.0,0.0,0.0,0.9699274502522762
rebalance_2d,2026-06-04,1.1107236927726056,-0.0027217123237892604,0.0017438009399790935,3.168029600818876,1.4232536037823993,0.9672875867577431
rebalance_2d,2026-06-05,1.1122736966239872,0.0013954900408330584,0.0,0.0,0.0,0.968637426951685
rebalance_2d,2026-06-08,1.1030545948558719,-0.008288519090308033,0.0016722104599091374,3.0413338211029353,1.364248789059783,0.9606088571468091
rebalance_2d,2026-06-09,1.1103091158742158,0.006576756084581525,0.0,0.0,0.0,0.9669265472929522
rebalance_2d,2026-06-10,1.112521217175038,0.0019923292254342417,0.0018041151571589011,3.2844863771058534,1.4806855208339895,0.9688529833119722
rebalance_2d,2026-06-11,1.1200561838776604,0.006772874607960722,0.0,0.0,0.0,0.9754149030814929
rebalance_2d,2026-06-12,1.1255735482201126,0.0049259710556224245,0.0017081187440421074,3.09926110839624,1.3817866641252592,0.9802197686612951
rebalance_2d,2026-06-15,1.128909167775202,0.0029634843146091328,0.0,0.0,0.0,0.9831246345705926
rebalance_2d,2026-06-16,1.1167605773241513,-0.010761353346959157,0.0018560473568530228,3.369895375186256,1.4908096014888408,0.9725448829938784
rebalance_2d,2026-06-17,1.1162616942578014,-0.0004467233859072328,0.0,0.0,0.0,0.9721104244508006
rebalance_2d,2026-06-18,1.1126917825122424,-0.003198095718883076,0.0018069889393754772,3.2891700674878512,1.4756166226119778,0.969001522264083
rebalance_2d,2026-06-22,1.113968796346445,0.0011476797566702945,0.0,0.0,0.0,0.9701136256953682
rebalance_2d,2026-06-23,1.1187084103344747,0.004254709829911274,0.0017434141443907428,3.1679347938171962,1.4265288811786723,0.9742411776747452
rebalance_2d,2026-06-24,1.1151477850081806,-0.003182800176883882,0.0,0.0,0.0,0.9711403626821145
rebalance_2d,2026-06-25,1.1078437763280078,-0.006549812301442359,0.0016888704197597915,3.068916985470765,1.379306317422585,0.9647795755881919
rebalance_2d,2026-06-26,1.1038706472064896,-0.003586362270939669,0.0,0.0,0.0,0.9613195265185293
rebalance_2d,2026-06-29,1.1054847931731748,0.0014622600671283514,0.0017600546230614985,3.205579459805368,1.4501265878341756,0.9627252256739081
rebalance_2d,2026-06-30,1.1062502780838643,0.0006924427322896332,0.0,0.0,0.0,0.9633918577596179
rebalance_2d,2026-07-01,1.105312661358301,-0.0008475629286956998,0.0018250337792570896,3.317551921107331,1.501105035300755,0.9625753225351735
rebalance_2d,2026-07-02,1.1010142611327207,-0.0038888545982076472,0.0,0.0,0.0,0.9588320070660115
rebalance_2d,2026-07-03,1.0945815241727241,-0.005842555530006122,0.0018495380283862788,3.36367625195572,1.5271723750163981,0.9532299778207811
rebalance_2d,2026-07-06,1.0994690750143743,0.00446522322340881,0.0,0.0,0.0,0.957486362454996
rebalance_2d,2026-07-07,1.100332004149682,0.0007848598518302996,0.0017875474474864062,3.250905068731295,1.4808814840360442,0.9582378550595619
rebalance_2d,2026-07-08,1.0988249535244865,-0.001369632637705731,0.0,0.0,0.0,0.9569254212185873
rebalance_2d,2026-07-09,1.1056108350118186,0.006175580073574327,0.0017967555723197052,3.2643576095134876,1.4820837412462804,0.9628349907817615
rebalance_2d,2026-07-10,1.107195330616338,0.0014331404453924446,0.0,0.0,0.0,0.96421486854929
rebalance_2d,2026-07-13,1.1078831979163102,0.0006212700514092173,0.0018440073126514808,3.349520035157197,1.5134813071316302,0.9648139063702431
rebalance_2d,2026-07-14,1.115866697488493,0.00720608416771551,0.0,0.0,0.0,0.9717664365857295
rebalance_2d,2026-07-15,1.1253185340593654,0.008470399369517878,0.0016803558088642606,3.048728094874404,1.362330093334922,0.9799976863975038
rebalance_2d,2026-07-16,1.1283363082861355,0.0026817066772055753,0.0,0.0,0.0,0.982625752736762
rebalance_2d,2026-07-17,1.1281199976066774,-0.00019170762995890378,0.0017856168987424982,3.2408072122009712,1.4340486825822552,0.9824373758825683
rebalance_2d,2026-07-20,1.1307256166208262,0.002309700226639677,0.0,0.0,0.0,0.9847065117123035
rebalance_2d,2026-07-21,1.1292808578280815,-0.0012777271262875978,0.0018033283801843713,3.2768102957421092,1.4467211614261448,0.9834483254908567
rebalance_2d,2026-07-22,1.1254502398440445,-0.0033920861736772556,0.0,0.0,0.0,0.9801123840234331
rebalance_2d,2026-07-23,1.1193415860900224,-0.005427742193976126,0.0017780772610948453,3.234658845514363,1.4360005771218622,0.9747925866818307
rebalance_2d,2026-07-24,1.123786712625053,0.003971197523856551,0.0,0.0,0.0,0.9786636805883353
rebalance_2d,2026-07-27,1.1246946903986752,0.0008079627240842324,0.0017426831363150208,3.1642686104576394,1.4023345845006219,0.9794544043616658
rebalance_2d,2026-07-28,1.1299605529032855,0.00468203731160477,0.0,0.0,0.0,0.9840402464279027
rebalance_2d,2026-07-29,1.1316423761478827,0.0014883911126595262,0.0017320805302863736,3.1462824963965867,1.3885078684965984,0.9855048831851853
rebalance_2d,2026-07-30,1.1269853164992365,-0.004115310407956652,0.0,0.0,0.0,0.9814492246823212
rebalance_2d,2026-07-31,1.1259849411884248,-0.0008876560290236313,0.0018590965122844832,3.382698998587786,1.494403075875341,0.9805780353608514
rebalance_2d,2026-08-03,1.1274958107154975,0.001341820367044999,0.0,0.0,0.0,0.9818937949401756
rebalance_2d,2026-08-04,1.1248365077937144,-0.0023585922861173447,0.0017292744376012203,3.1452076615214644,1.3946825619593375,0.9795779078096432
rebalance_2d,2026-08-05,1.1234293184177992,-0.0012510168065892335,0.0,0.0,0.0,0.9783524393836098
rebalance_2d,2026-08-06,1.1266375762964365,0.0028557718995223524,0.0017544570282341265,3.1921573251626603,1.4238956722385059,0.9811463907878307
rebalance_2d,2026-08-07,1.1287846553791945,0.0019057406995210968,0.0,0.0,0.0,0.9830162013969433
rebalance_2d,2026-08-10,1.1304891601093432,0.0015100353482180306,0.0017443764103906695,3.1682596144184085,1.4062355117109764,0.9845005906089237
rebalance_2d,2026-08-11,1.1291360128469796,-0.0011969573084917862,0.0,0.0,0.0,0.9833221854317798
rebalance_2d,2026-08-12,1.1369550042575984,0.006924756027313572,0.001680896427666484,3.0527790938729638,1.3481252692744263,0.9901314516621397
rebalance_2d,2026-08-13,1.1387663798013516,0.0015931813809431095,0.0,0.0,0.0,0.991708910655614
rebalance_2d,2026-08-14,1.1410302026180756,0.0019879607063204574,0.0017337488475040375,3.1487439347154114,1.3830795143418553,0.9936803890021052
rebalance_2d,2026-08-17,1.1435344053004655,0.0021946857117751684,0.0,0.0,0.0,0.9958612051539193
rebalance_2d,2026-08-18,1.1438620618672057,0.00028652969707043674,0.001860608112670473,3.3789256451782794,1.475034980193132,0.9961465489633562
rebalance_2d,2026-08-19,1.1430553325386292,-0.0007052680174213233,0.0,0.0,0.0,0.9954439986617077
rebalance_2d,2026-08-20,1.1432535064928744,0.00017337214446566662,0.0019131997383488397,3.476974967515019,1.515728745717155,0.9956165809224512
rebalance_2d,2026-08-21,1.1447472495827253,0.0013065720606737496,0.0,0.0,0.0,0.996917425730228
rebalance_2d,2026-08-24,1.1433811257042914,-0.0011933847222012073,0.0018834824106084525,3.4247255111426114,1.4960554369074859,0.9957277197050654
rebalance_2d,2026-08-25,1.1452613296370597,0.0016444244972211308,0.0,0.0,0.0,0.9973651187599105
rebalance_2d,2026-08-26,1.1454325834124517,0.00014953248744209446,0.0018056409828105633,3.2817508448539794,1.4325613903114183,0.9975142572470067
rebalance_2d,2026-08-27,1.145897045901862,0.0004054909002384477,0.0,0.0,0.0,0.9979187402011784
rebalance_2d,2026-08-28,1.1421046317711783,-0.00330955921759879,0.0012804071433909058,2.328114354371252,1.0180797697778878,0.9946160690361311
rebalance_5d,2025-01-02,1.0,0.0,0.0,0.0,0.0,1.0
rebalance_5d,2025-01-03,1.0009308384269457,0.0009308384269457459,0.0010987913295375086,1.997802417340925,0.9989012086704625,1.0009308384269457
rebalance_5d,2025-01-06,1.0028671520168158,0.001934512870952254,0.0,0.0,0.0,1.0028671520168158
rebalance_5d,2025-01-07,1.0016237306846412,-0.0012398664465916864,0.0,0.0,0.0,1.0016237306846412
rebalance_5d,2025-01-08,1.0079864403809826,0.0063523951174682125,0.0,0.0,0.0,1.0079864403809826
rebalance_5d,2025-01-09,1.0074168968781978,-0.0005650309170524004,0.0,0.0,0.0,1.0074168968781978
rebalance_5d,2025-01-10,1.0055087274320396,-0.0018941209464238273,0.0016210271755422898,2.94106970183239,1.4594046441191044,1.0055087274320396
rebalance_5d,2025-01-13,1.0075344190001874,0.0020145937204554265,0.0,0.0,0.0,1.0075344190001874
rebalance_5d,2025-01-14,1.0054550070885127,-0.00206386191127661,0.0,0.0,0.0,1.0054550070885127
rebalance_5d,2025-01-15,1.001520799659337,-0.003912862735218736,0.0,0.0,0.0,1.001520799659337
rebalance_5d,2025-01-16,1.002914933251115,0.0013920166133865042,0.0,0.0,0.0,1.002914933251115
rebalance_5d,2025-01-17,1.004005900488493,0.0010877963835291826,0.0015904626711894217,2.897832427838323,1.4451502684890385,1.004005900488493
rebalance_5d,2025-01-20,1.0068014831040304,0.0027844284721607604,0.0,0.0,0.0,1.0068014831040304
rebalance_5d,2025-01-21,1.0054222737587126,-0.0013698920477009935,0.0,0.0,0.0,1.0054222737587126
rebalance_5d,2025-01-22,1.0025395347469177,-0.0028671923101702967,0.0,0.0,0.0,1.0025395347469177
rebalance_5d,2025-01-23,0.9987156776423647,-0.0038141708850597533,0.0,0.0,0.0,0.9987156776423647
rebalance_5d,2025-01-24,0.9972684073723548,-0.0014491314218941787,0.0016234480036360914,2.950697934720873,1.4778302759699196,0.9972684073723548
rebalance_5d,2025-01-27,0.9960726633296874,-0.0011990192748790873,0.0,0.0,0.0,0.9960726633296874
rebalance_5d,2025-02-05,0.9978423460630742,0.0017766602764412998,0.0,0.0,0.0,0.9978423460630743
rebalance_5d,2025-02-06,0.9991620693913964,0.0013225769917752928,0.0,0.0,0.0,0.9991620693913964
rebalance_5d,2025-02-07,0.999932873479866,0.0007714505104654545,0.0,0.0,0.0,0.9999328734798661
rebalance_5d,2025-02-10,0.9982777597219772,-0.0016552248673742387,0.0017156848847874877,3.1174378726938228,1.5570470572974675,0.9982777597219773
rebalance_5d,2025-02-11,0.9969733316851389,-0.0013066784510972207,0.0,0.0,0.0,0.996973331685139
rebalance_5d,2025-02-12,0.9959500133815977,-0.001026424951419247,0.0,0.0,0.0,0.9959500133815978
rebalance_5d,2025-02-13,0.997018402233349,0.0010727334076976458,0.0,0.0,0.0,0.9970184022333491
rebalance_5d,2025-02-14,0.9906876828264928,-0.006349651513628318,0.0,0.0,0.0,0.9906876828264929
rebalance_5d,2025-02-17,0.9961488791578397,0.005512530766271118,0.00158957139744865,2.8956996972071716,1.4594427035616329,0.9961488791578398
rebalance_5d,2025-02-18,0.9948325490111518,-0.0013214190912915758,0.0,0.0,0.0,0.9948325490111519
rebalance_5d,2025-02-19,0.9985986688140739,0.003785682129787027,0.0,0.0,0.0,0.9985986688140739
rebalance_5d,2025-02-20,1.0023749212168516,0.0037815516089785284,0.0,0.0,0.0,1.0023749212168516
rebalance_5d,2025-02-21,1.0020772744645177,-0.0002969415395713826,0.0,0.0,0.0,1.0020772744645177
rebalance_5d,2025-02-24,0.9960587635303249,-0.006006034751570355,0.0015832969895567994,2.8718114741140393,1.4348762640084447,0.9960587635303249
rebalance_5d,2025-02-25,0.9940677942160077,-0.001998847243972479,0.0,0.0,0.0,0.9940677942160077
rebalance_5d,2025-02-26,0.9897790461184842,-0.004314341660073495,0.0,0.0,0.0,0.9897790461184842
rebalance_5d,2025-02-27,0.9909776726900901,0.001211004189577869,0.0,0.0,0.0,0.9909776726900901
rebalance_5d,2025-02-28,0.9932770032909293,0.0023202647892131,0.0,0.0,0.0,0.9932770032909293
rebalance_5d,2025-03-03,0.9878924313892828,-0.0054210173836767295,0.0016398122647658837,2.9838705381518213,1.5011401964725075,0.9878924313892828
rebalance_5d,2025-03-04,0.9850461247476803,-0.0028811908575914202,0.0,0.0,0.0,0.9850461247476803
rebalance_5d,2025-03-05,0.9860370645075173,0.0010059831057056545,0.0,0.0,0.0,0.9860370645075173
rebalance_5d,2025-03-06,0.9833564398261967,-0.0027185840956794882,0.0,0.0,0.0,0.9833564398261967
rebalance_5d,2025-03-07,0.9784473734194647,-0.004992153615833939,0.0,0.0,0.0,0.9784473734194647
rebalance_5d,2025-03-10,0.9736782299295569,-0.004874195198910636,0.0016982018279634525,3.0945624100975895,1.5837093060998177,0.9736782299295569
rebalance_5d,2025-03-11,0.9759080315777751,0.002290080623841728,0.0,0.0,0.0,0.9759080315777751
rebalance_5d,2025-03-12,0.9804552250061693,0.00465944871981705,0.0,0.0,0.0,0.9804552250061693
rebalance_5d,2025-03-13,0.9802369590928278,-0.00022261691077241075,0.0,0.0,0.0,0.9802369590928278
rebalance_5d,2025-03-14,0.9784331586939935,-0.001840167708534124,0.0,0.0,0.0,0.9784331586939935
rebalance_5d,2025-03-17,0.9800935588347209,0.0016969990499338117,0.00153828477943458,2.7968225618919362,1.426351990582456,0.9800935588347209
rebalance_5d,2025-03-18,0.9781427953674358,-0.0019903849481518465,0.0,0.0,0.0,0.9781427953674358
rebalance_5d,2025-03-19,0.9773198859076325,-0.0008412978797172066,0.0,0.0,0.0,0.9773198859076325
rebalance_5d,2025-03-20,0.9834247822929544,0.00624656928949352,0.0,0.0,0.0,0.9834247822929545
rebalance_5d,2025-03-21,0.9857225095546286,0.0023364545037363182,0.0,0.0,0.0,0.9857225095546288
rebalance_5d,2025-03-24,0.9855546745690277,-0.00017026595616320694,0.0014918333961034533,2.7083080153636656,1.3707000908953944,0.9855546745690279
rebalance_5d,2025-03-25,0.9849798815464683,-0.000583217793381885,0.0,0.0,0.0,0.9849798815464685
rebalance_5d,2025-03-26,0.9847130805024419,-0.0002708695365508662,0.0,0.0,0.0,0.9847130805024421
rebalance_5d,2025-03-27,0.9849195515138549,0.0002096763163821347,0.0,0.0,0.0,0.9849195515138551
rebalance_5d,2025-03-28,0.9817487476076501,-0.0032193531962394495,0.0,0.0,0.0,0.9817487476076503
rebalance_5d,2025-03-31,0.9806132057455221,-0.001156652213608722,0.0015789202568463388,2.869612541426528,1.4581530676841148,0.9806132057455224
rebalance_5d,2025-04-01,0.9814370590460558,0.0008401409400837778,0.0,0.0,0.0,0.9814370590460559
rebalance_5d,2025-04-02,0.9798029912041158,-0.0016649746683993216,0.0,0.0,0.0,0.979802991204116
rebalance_5d,2025-04-03,0.9836466898700366,0.003922930120061174,0.0,0.0,0.0,0.9836466898700367
rebalance_5d,2025-04-07,0.9847005891030207,0.0010714205047783754,0.0,0.0,0.0,0.9847005891030208
rebalance_5d,2025-04-08,0.9619821119972014,-0.023071456803447132,0.0015884817188450847,2.8877890112060745,1.4685650486564457,0.9619821119972015
rebalance_5d,2025-04-09,0.9617423203794045,-0.00024926827100668625,0.0,0.0,0.0,0.9617423203794047
rebalance_5d,2025-04-10,0.9693724014943668,0.007933602331186007,0.0,0.0,0.0,0.969372401494367
rebalance_5d,2025-04-11,0.9736873813125746,0.004451312840716204,0.0,0.0,0.0,0.9736873813125748
rebalance_5d,2025-04-14,0.9781586261789057,0.004592074368164889,0.0,0.0,0.0,0.9781586261789059
rebalance_5d,2025-04-15,0.9785986995229745,0.0004498997731972043,0.0016873242406046898,3.071239542246965,1.5677897997956927,0.9785986995229747
rebalance_5d,2025-04-16,0.9811862559770608,0.002644144586894992,0.0,0.0,0.0,0.9811862559770609
rebalance_5d,2025-04-17,0.9811314425204278,-5.586447659555738e-05,0.0,0.0,0.0,0.9811314425204279
rebalance_5d,2025-04-18,0.9836788923639033,0.002596440938567035,0.0,0.0,0.0,0.9836788923639033
rebalance_5d,2025-04-21,0.9868326154498578,0.0032060493626895337,0.0,0.0,0.0,0.9868326154498577
rebalance_5d,2025-04-22,0.9893905919589372,0.0025921077891344346,0.0015893294785999886,2.8827521578022433,1.4592397270412023,0.9893905919589372
rebalance_5d,2025-04-23,0.9919049986786803,0.0025413691419531315,0.0,0.0,0.0,0.9919049986786804
rebalance_5d,2025-04-24,0.9912034934775735,-0.0007072302307592482,0.0,0.0,0.0,0.9912034934775736
rebalance_5d,2025-04-25,0.9938804981941591,0.0027007619870198507,0.0,0.0,0.0,0.9938804981941591
rebalance_5d,2025-04-28,0.9958545971068371,0.0019862537963717397,0.0,0.0,0.0,0.9958545971068371
rebalance_5d,2025-04-29,0.9966614604026404,0.0008102219923946663,0.0016055721595688744,2.9149989360600372,1.4641468421037283,0.9966614604026404
rebalance_5d,2025-04-30,0.9973171124535388,0.0006578483035086791,0.0,0.0,0.0,0.9973171124535387
rebalance_5d,2025-05-06,0.9981473237660632,0.0008324446679570663,0.0,0.0,0.0,0.998147323766063
rebalance_5d,2025-05-07,1.002181685369155,0.004041849842235656,0.0,0.0,0.0,1.0021816853691548
rebalance_5d,2025-05-08,1.004923001640475,0.002735348601297094,0.0,0.0,0.0,1.0049230016404749
rebalance_5d,2025-05-09,1.0077102042393002,0.002773548415426097,0.00162625014413902,2.951440937719438,1.4673786549107057,1.0077102042393
rebalance_5d,2025-05-12,1.0081769230336,0.0004631478299379488,0.0,0.0,0.0,1.0081769230335997
rebalance_5d,2025-05-13,1.00646562114712,-0.0016974221958292457,0.0,0.0,0.0,1.0064656211471197
rebalance_5d,2025-05-14,1.0055961795059563,-0.0008638562737718347,0.0,0.0,0.0,1.005596179505956
rebalance_5d,2025-05-15,1.005068807160133,-0.0005244374994367584,0.0,0.0,0.0,1.0050688071601328
rebalance_5d,2025-05-16,1.0071165091666576,0.0020373749458113544,0.001465032560057883,2.663235863062173,1.3249007745856525,1.0071165091666574
rebalance_5d,2025-05-19,1.007689987134215,0.0005694256447370538,0.0,0.0,0.0,1.0076899871342149
rebalance_5d,2025-05-20,1.0114907206024202,0.0037717289213263783,0.0,0.0,0.0,1.01149072060242
rebalance_5d,2025-05-21,1.0088351030155756,-0.0026254492826814912,0.0,0.0,0.0,1.0088351030155753
rebalance_5d,2025-05-22,1.0079404449183889,-0.0008868229252851911,0.0,0.0,0.0,1.0079404449183886
rebalance_5d,2025-05-23,1.0094103934470677,0.00145836843445446,0.0015372955136294206,2.7901941351459776,1.3842822391106355,1.0094103934470675
rebalance_5d,2025-05-26,1.0105319240089465,0.0011110749098282025,0.0,0.0,0.0,1.0105319240089463
rebalance_5d,2025-05-27,1.0078616405736125,-0.0026424533177938914,0.0,0.0,0.0,1.0078616405736123
rebalance_5d,2025-05-28,1.008230851423576,0.00036633088818960324,0.0,0.0,0.0,1.0082308514235758
rebalance_5d,2025-05-29,1.0126857415217316,0.004418521900877659,0.0,0.0,0.0,1.0126857415217314
rebalance_5d,2025-05-30,1.0112798758889652,-0.0013882545938228574,0.0016268066864497527,2.954703927473072,1.4581340666299103,1.011279875888965
rebalance_5d,2025-06-03,1.0075310231226842,-0.0037070378395352988,0.0,0.0,0.0,1.007531023122684
rebalance_5d,2025-06-04,1.0093126418353882,0.0017683015925227252,0.0,0.0,0.0,1.009312641835388
rebalance_5d,2025-06-05,1.0111497522089656,0.0018201598765639204,0.0,0.0,0.0,1.0111497522089654
rebalance_5d,2025-06-06,1.0129472177959817,0.0017776452825997158,0.0,0.0,0.0,1.0129472177959815
rebalance_5d,2025-06-09,1.0097380702496042,-0.003168129089055838,0.001554144881034691,2.8290464076802566,1.3994770245301211,1.009738070249604
rebalance_5d,2025-06-10,1.0125911510385006,0.0028255652361321992,0.0,0.0,0.0,1.0125911510385004
rebalance_5d,2025-06-11,1.0120453732942576,-0.0005389912243290995,0.0,0.0,0.0,1.0120453732942574
rebalance_5d,2025-06-12,1.0106810651748535,-0.0013480701116821425,0.0,0.0,0.0,1.0106810651748532
rebalance_5d,2025-06-13,1.0112003323081389,0.000513779421795757,0.0,0.0,0.0,1.0112003323081387
rebalance_5d,2025-06-16,1.0101304765033916,-0.0010580057883340377,0.0016177062440803063,2.9402920472537857,1.453604563904653,1.0101304765033914
rebalance_5d,2025-06-17,1.0116040972348117,0.0014588419671497377,0.0,0.0,0.0,1.0116040972348115
rebalance_5d,2025-06-18,1.008306370362832,-0.003259898690598284,0.0,0.0,0.0,1.0083063703628319
rebalance_5d,2025-06-19,1.0081638432468027,-0.00014135298577755417,0.0,0.0,0.0,1.0081638432468025
rebalance_5d,2025-06-20,1.0040399405401057,-0.004090508437017526,0.0,0.0,0.0,1.0040399405401055
rebalance_5d,2025-06-23,1.0038894678676538,-0.0001498672178030791,0.0016335177304450483,2.9730577507910043,1.4819263405783294,1.0038894678676535
rebalance_5d,2025-06-24,1.0033783565498655,-0.0005091310688555284,0.0,0.0,0.0,1.0033783565498653
rebalance_5d,2025-06-25,1.0054433534394338,0.0020580440828610325,0.0,0.0,0.0,1.0054433534394336
rebalance_5d,2025-06-26,1.0065944433439726,0.0011448580376021145,0.0,0.0,0.0,1.0065944433439724
rebalance_5d,2025-06-27,1.0103682616093734,0.003749095070368025,0.0,0.0,0.0,1.0103682616093732
rebalance_5d,2025-06-30,1.0085254136213908,-0.0018239369327053279,0.0016094987604957994,2.9220738109738638,1.4452762853718941,1.0085254136213906
rebalance_5d,2025-07-01,1.0079446370912701,-0.0005758670255370246,0.0,0.0,0.0,1.00794463709127
rebalance_5d,2025-07-02,1.0101833957537152,0.0022211127278832787,0.0,0.0,0.0,1.010183395753715
rebalance_5d,2025-07-03,1.0126343590385984,0.002426255762256524,0.0,0.0,0.0,1.0126343590385982
rebalance_5d,2025-07-04,1.0109058171661793,-0.001706975333189531,0.0,0.0,0.0,1.010905817166179
rebalance_5d,2025-07-07,1.0118905886264957,0.0009741475848630277,0.00164879642102825,2.9920005226316473,1.4795073447383402,1.0118905886264955
rebalance_5d,2025-07-08,1.0139433951312875,0.0020286842548642436,0.0,0.0,0.0,1.0139433951312873
rebalance_5d,2025-07-09,1.014371875444728,0.00042258800195149604,0.0,0.0,0.0,1.0143718754447277
rebalance_5d,2025-07-10,1.0171764737949953,0.0027648620965932125,0.0,0.0,0.0,1.017176473794995
rebalance_5d,2025-07-11,1.0194835101824866,0.0022680787915629885,0.0,0.0,0.0,1.0194835101824864
rebalance_5d,2025-07-14,1.016742853995156,-0.002688279074607225,0.001610990997498353,2.929839964156744,1.4379621794034205,1.0167428539951557
rebalance_5d,2025-07-15,1.0141864751126677,-0.002514282615750263,0.0,0.0,0.0,1.0141864751126675
rebalance_5d,2025-07-16,1.0161161420868692,0.0019026747265458166,0.0,0.0,0.0,1.016116142086869
rebalance_5d,2025-07-17,1.0194317231341576,0.0032629941696222797,0.0,0.0,0.0,1.0194317231341574
rebalance_5d,2025-07-18,1.0189845882332644,-0.0004386119155861401,0.0,0.0,0.0,1.0189845882332642
rebalance_5d,2025-07-21,1.018165330364418,-0.0008039943668498584,0.0016076898838728755,2.9271765825171667,1.4369337259075599,1.0181653303644178
rebalance_5d,2025-07-22,1.0160894805102028,-0.0020388141221350242,0.0,0.0,0.0,1.0160894805102025
rebalance_5d,2025-07-23,1.0181225444645374,0.002000870979703251,0.0,0.0,0.0,1.0181225444645372
rebalance_5d,2025-07-24,1.0181034525202821,-1.8752108338127016e-05,0.0,0.0,0.0,1.018103452520282
rebalance_5d,2025-07-25,1.0136708847865845,-0.004353749830358522,0.0,0.0,0.0,1.0136708847865843
rebalance_5d,2025-07-28,1.0105747638779585,-0.0030543650361209984,0.0016387594040766487,2.9740721590643497,1.4672757744772198,1.0105747638779583
rebalance_5d,2025-07-29,1.0124176848339723,0.0018236364313530817,0.0,0.0,0.0,1.012417684833972
rebalance_5d,2025-07-30,1.011013274063066,-0.001387185142994296,0.0,0.0,0.0,1.0110132740630657
rebalance_5d,2025-07-31,1.0102625381699752,-0.0007425578994365578,0.0,0.0,0.0,1.010262538169975
rebalance_5d,2025-08-01,1.0159599780601034,0.005639563652878543,0.0,0.0,0.0,1.0159599780601032
rebalance_5d,2025-08-04,1.0094781921190281,-0.006379961889297792,0.0016386220607520613,2.978197229161604,1.4682634733482245,1.009478192119028
rebalance_5d,2025-08-05,1.0115622382833647,0.0020644786391688097,0.0,0.0,0.0,1.0115622382833644
rebalance_5d,2025-08-06,1.0117276832345583,0.00016355390200639697,0.0,0.0,0.0,1.011727683234558
rebalance_5d,2025-08-07,1.011016741518152,-0.0007027006655916379,0.0,0.0,0.0,1.0110167415181517
rebalance_5d,2025-08-08,1.0127412610967115,0.0017057280139298747,0.0,0.0,0.0,1.0127412610967113
rebalance_5d,2025-08-11,1.0152903075323572,0.0025169769748349946,0.0016713444287124763,3.0384711225262615,1.4993053671609737,1.015290307532357
rebalance_5d,2025-08-12,1.016122366812892,0.0008195284386760537,0.0,0.0,0.0,1.0161223668128918
rebalance_5d,2025-08-13,1.013949836884037,-0.0021380593517189572,0.0,0.0,0.0,1.0139498368840367
rebalance_5d,2025-08-14,1.0136572897031206,-0.00028852234131748755,0.0,0.0,0.0,1.0136572897031204
rebalance_5d,2025-08-15,1.0146977085889786,0.0010264010296445747,0.0,0.0,0.0,1.0146977085889783
rebalance_5d,2025-08-18,1.0182575270965792,0.003508255195087573,0.0017040156716978058,3.0972105645363115,1.5196934651437397,1.018257527096579
rebalance_5d,2025-08-19,1.0195248041389482,0.0012445545538783964,0.0,0.0,0.0,1.019524804138948
rebalance_5d,2025-08-20,1.0193852967227945,-0.0001368357254156738,0.0,0.0,0.0,1.0193852967227943
rebalance_5d,2025-08-21,1.0218344525433432,0.002402581073537524,0.0,0.0,0.0,1.021834452543343
rebalance_5d,2025-08-22,1.028270949872564,0.006298962922223206,0.0,0.0,0.0,1.0282709498725637
rebalance_5d,2025-08-25,1.0357628797893574,0.007285949211851106,0.0016597833181315107,3.0106697590705247,1.4572731993252461,1.0357628797893572
rebalance_5d,2025-08-26,1.0328502343434902,-0.0028120774577861107,0.0,0.0,0.0,1.03285023434349
rebalance_5d,2025-08-27,1.0331066338473212,0.0002482446102110014,0.0,0.0,0.0,1.033106633847321
rebalance_5d,2025-08-28,1.035076083217419,0.001906336970041167,0.0,0.0,0.0,1.0350760832174188
rebalance_5d,2025-08-29,1.0341958017946533,-0.0008504509349974709,0.0,0.0,0.0,1.034195801794653
rebalance_5d,2025-09-01,1.0387386128450402,0.0043926024863993884,0.001602474083722705,2.9133549606832463,1.4046638453724463,1.03873861284504
rebalance_5d,2025-09-02,1.0471331861616342,0.008081506947740902,0.0,0.0,0.0,1.047133186161634
rebalance_5d,2025-09-03,1.0469635779708824,-0.000161973847255803,0.0,0.0,0.0,1.0469635779708821
rebalance_5d,2025-09-04,1.0474243997466313,0.0004401507229525592,0.0,0.0,0.0,1.047424399746631
rebalance_5d,2025-09-05,1.0463298424675729,-0.0010449988365013319,0.0,0.0,0.0,1.0463298424675727
rebalance_5d,2025-09-08,1.0447276518249746,-0.0015312481567186786,0.001700476369883254,3.0843302051585004,1.4734820547760281,1.0447276518249744
rebalance_5d,2025-09-09,1.0411544916789965,-0.0034201833748119803,0.0,0.0,0.0,1.0411544916789963
rebalance_5d,2025-09-10,1.04207647381547,0.0008855382595398531,0.0,0.0,0.0,1.0420764738154698
rebalance_5d,2025-09-11,1.0454147868122958,0.003203520164506646,0.0,0.0,0.0,1.0454147868122956
rebalance_5d,2025-09-12,1.0420224523779995,-0.003244965038843861,0.0,0.0,0.0,1.0420224523779993
rebalance_5d,2025-09-15,1.0431545276776097,0.001086421215806599,0.0016461079560526897,2.9937879654302275,1.4351666444737787,1.0431545276776095
rebalance_5d,2025-09-16,1.0469150615087808,0.0036049633408994364,0.0,0.0,0.0,1.0469150615087806
rebalance_5d,2025-09-17,1.0450830664580353,-0.0017498984570011311,0.0,0.0,0.0,1.045083066458035
rebalance_5d,2025-09-18,1.0492717053199667,0.004007948263985872,0.0,0.0,0.0,1.0492717053199665
rebalance_5d,2025-09-19,1.0435788963065382,-0.005425486062918816,0.0,0.0,0.0,1.043578896306538
rebalance_5d,2025-09-22,1.0518841294316785,0.007958414217204224,0.001682853507080687,3.057752821971512,1.462029101214611,1.0518841294316783
rebalance_5d,2025-09-23,1.0523045560174298,0.00039968906649301417,0.0,0.0,0.0,1.0523045560174296
rebalance_5d,2025-09-24,1.052018503620633,-0.0002718342281813335,0.0,0.0,0.0,1.0520185036206329
rebalance_5d,2025-09-25,1.0471470389493605,-0.004630588392225965,0.0,0.0,0.0,1.0471470389493602
rebalance_5d,2025-09-26,1.0422680351659672,-0.0046593301627329,0.0,0.0,0.0,1.042268035165967
rebalance_5d,2025-09-29,1.04286968337704,0.0005772490288229459,0.0016403248846468444,2.9843489125344167,1.435098629874402,1.0428696833770397
rebalance_5d,2025-09-30,1.0518327097747784,0.008594579495986743,0.0,0.0,0.0,1.0518327097747782
rebalance_5d,2025-10-09,1.0530325081690315,0.0011406741614927718,0.0,0.0,0.0,1.0530325081690313
rebalance_5d,2025-10-10,1.0567458477819045,0.00352632951410925,0.0,0.0,0.0,1.0567458477819043
rebalance_5d,2025-10-13,1.061075175590782,0.004096848658515784,0.0,0.0,0.0,1.0610751755907817
rebalance_5d,2025-10-14,1.056445209923796,-0.004363466202484734,0.001773153208744077,3.212541023378015,1.5108545757023595,1.0564452099237958
rebalance_5d,2025-10-15,1.0656560009377776,0.00871866418386813,0.0,0.0,0.0,1.0656560009377773
rebalance_5d,2025-10-16,1.0661322446324937,0.0004469019029564869,0.0,0.0,0.0,1.0661322446324935
rebalance_5d,2025-10-17,1.0647179411925982,-0.0013265741159371736,0.0,0.0,0.0,1.064717941192598
rebalance_5d,2025-10-20,1.0639785409404214,-0.0006944564598475589,0.0,0.0,0.0,1.0639785409404212
rebalance_5d,2025-10-21,1.0668920306091316,0.002738297396613909,0.00166365695837865,3.023679978296249,1.4210193083010216,1.0668920306091314
rebalance_5d,2025-10-22,1.0714818289020553,0.004302026972966777,0.0,0.0,0.0,1.0714818289020551
rebalance_5d,2025-10-23,1.0723694185394914,0.000828375818884064,0.0,0.0,0.0,1.0723694185394912
rebalance_5d,2025-10-24,1.06987245720384,-0.0023284525765869812,0.0,0.0,0.0,1.0698724572038398
rebalance_5d,2025-10-27,1.066337164331829,-0.003304405911383923,0.0,0.0,0.0,1.0663371643318287
rebalance_5d,2025-10-28,1.0703526353598078,0.0037656673351482706,0.0016773752082453967,3.0468075632901526,1.4253765257625761,1.0703526353598076
rebalance_5d,2025-10-29,1.0699976174054524,-0.00033168316929133024,0.0,0.0,0.0,1.0699976174054522
rebalance_5d,2025-10-30,1.073504348974642,0.003277326521242907,0.0,0.0,0.0,1.0735043489746419
rebalance_5d,2025-10-31,1.0744718164674036,0.0009012236361087833,0.0,0.0,0.0,1.0744718164674034
rebalance_5d,2025-11-03,1.076475119351808,0.0018644536354530672,0.0,0.0,0.0,1.0764751193518078
rebalance_5d,2025-11-04,1.0771840689333436,0.0006585842708213274,0.0016330362504571956,2.9649949659898445,1.377463691273162,1.0771840689333434
rebalance_5d,2025-11-05,1.0788365226689478,0.0015340495494335915,0.0,0.0,0.0,1.0788365226689476
rebalance_5d,2025-11-06,1.0790037310199325,0.0001549895164572046,0.0,0.0,0.0,1.0790037310199325
rebalance_5d,2025-11-07,1.0789341055052468,-6.452759400554786e-05,0.0,0.0,0.0,1.0789341055052468
rebalance_5d,2025-11-10,1.0790765700135843,0.0001320418991397343,0.0,0.0,0.0,1.0790765700135843
rebalance_5d,2025-11-11,1.0834963862615075,0.004095924581021704,0.0016921121834225844,3.0762639445618998,1.4227984922753973,1.0834963862615075
rebalance_5d,2025-11-12,1.0805327654631762,-0.0027352382858948365,0.0,0.0,0.0,1.0805327654631762
rebalance_5d,2025-11-13,1.0810690600539208,0.0004963242280899838,0.0,0.0,0.0,1.0810690600539208
rebalance_5d,2025-11-14,1.0828810631082348,0.0016761214627896148,0.0,0.0,0.0,1.082881063108235
rebalance_5d,2025-11-17,1.0852483616119726,0.002186111277024949,0.0,0.0,0.0,1.0852483616119728
rebalance_5d,2025-11-18,1.088657630435724,0.0031414641517519826,0.0016922156060667174,3.0714025486095444,1.4149086665196764,1.0886576304357243
rebalance_5d,2025-11-19,1.084928931988479,-0.0034250423117437867,0.0,0.0,0.0,1.0849289319884792
rebalance_5d,2025-11-20,1.0851911019422178,0.00024164712176899528,0.0,0.0,0.0,1.085191101942218
rebalance_5d,2025-11-21,1.0933837651723692,0.0075495119850215175,0.0,0.0,0.0,1.0933837651723695
rebalance_5d,2025-11-24,1.104679472655722,0.010330963238302848,0.0,0.0,0.0,1.1046794726557223
rebalance_5d,2025-11-25,1.106631280850294,0.0017668547690850023,0.001717084859719623,3.1143475311758575,1.409759461620859,1.1066312808502943
rebalance_5d,2025-11-26,1.1120040305055026,0.004855049507619391,0.0,0.0,0.0,1.1120040305055028
rebalance_5d,2025-11-27,1.1127972592410056,0.0007133326082842117,0.0,0.0,0.0,1.1127972592410058
rebalance_5d,2025-11-28,1.1114446332476449,-0.001215518803742599,0.0,0.0,0.0,1.111444633247645
rebalance_5d,2025-12-01,1.1121624479445111,0.00064583936562701,0.0,0.0,0.0,1.1121624479445114
rebalance_5d,2025-12-02,1.113785692054007,0.0014595386784510556,0.001760348867675448,3.1960796265535927,1.4359624478452517,1.1137856920540072
rebalance_5d,2025-12-03,1.1125465842512785,-0.0011125190524250428,0.0,0.0,0.0,1.1125465842512787
rebalance_5d,2025-12-04,1.114700623826279,0.0019361342756269995,0.0,0.0,0.0,1.1147006238262793
rebalance_5d,2025-12-05,1.1200906526823131,0.00483540489780343,0.0,0.0,0.0,1.1200906526823136
rebalance_5d,2025-12-08,1.121820462397875,0.0015443479609613675,0.0,0.0,0.0,1.1218204623978754
rebalance_5d,2025-12-09,1.1203562483696932,-0.001305212444647319,0.0016993131616329466,3.0823789989256687,1.372366865706837,1.1203562483696936
rebalance_5d,2025-12-10,1.120902291482264,0.0004873834669689714,0.0,0.0,0.0,1.1209022914822644
rebalance_5d,2025-12-11,1.122416466951205,0.0013508541114128914,0.0,0.0,0.0,1.1224164669512053
rebalance_5d,2025-12-12,1.1198137409247915,-0.002318859445712862,0.0,0.0,0.0,1.119813740924792
rebalance_5d,2025-12-15,1.121048241930601,0.0011024163757715755,0.0,0.0,0.0,1.1210482419306014
rebalance_5d,2025-12-16,1.1198315019577465,-0.0010853591552483222,0.0017935624214535362,3.261239048745196,1.4548189954215984,1.119831501957747
rebalance_5d,2025-12-17,1.121263510947392,0.0012787718394615677,0.0,0.0,0.0,1.1212635109473925
rebalance_5d,2025-12-18,1.1231696830866615,0.0017000215566267407,0.0,0.0,0.0,1.123169683086662
rebalance_5d,2025-12-19,1.1260321612985835,0.002548571471458816,0.0,0.0,0.0,1.1260321612985842
rebalance_5d,2025-12-22,1.1296175044646495,0.0031840504110745016,0.0,0.0,0.0,1.1296175044646501
rebalance_5d,2025-12-23,1.1266735244561812,-0.002606174211033929,0.0016727603062631179,3.03485378465222,1.345458175422867,1.1266735244561819
rebalance_5d,2025-12-24,1.129051484428892,0.002110602513588411,0.0,0.0,0.0,1.1290514844288926
rebalance_5d,2025-12-25,1.1268704480407281,-0.0019317421908948695,0.0,0.0,0.0,1.1268704480407288
rebalance_5d,2025-12-26,1.1273657710615115,0.00043955631425474095,0.0,0.0,0.0,1.1273657710615121
rebalance_5d,2025-12-29,1.1307382579387733,0.002991475316911796,0.0,0.0,0.0,1.130738257938774
rebalance_5d,2025-12-30,1.1262912384716928,-0.003932846028564585,0.0017483143727394183,3.1826397951893344,1.409717265209901,1.1262912384716934
rebalance_5d,2025-12-31,1.1239045747193326,-0.002119046717968587,0.0,0.0,0.0,1.1239045747193332
rebalance_5d,2026-01-05,1.1239676940295464,5.616073787195752e-05,0.0,0.0,0.0,1.000056160737872
rebalance_5d,2026-01-06,1.1234435895887438,-0.000466298492017736,0.0,0.0,0.0,0.9995898360581869
rebalance_5d,2026-01-07,1.1241444041096293,0.0006238092658858996,0.0,0.0,0.0,1.0002133894600054
rebalance_5d,2026-01-08,1.1198868278210679,-0.0037873926810441105,0.001833458132127543,3.3316635399082517,1.4799354731347727,0.9964251885892822
rebalance_5d,2026-01-09,1.1180168315591226,-0.0016698082480206544,0.0,0.0,0.0,0.9947613495908403
rebalance_5d,2026-01-12,1.12383188718231,0.005201223683795719,0.0,0.0,0.0,0.9999353258820568
rebalance_5d,2026-01-13,1.125159231684103,0.0011810881297564801,0.0,0.0,0.0,1.0011163376259802
rebalance_5d,2026-01-14,1.130693995930835,0.004919094196514484,0.0,0.0,0.0,1.0060409231924319
rebalance_5d,2026-01-15,1.1280136806622365,-0.0023705045558255478,0.0018779673742995006,3.4215769746527753,1.512637724371423,1.0036560986006573
rebalance_5d,2026-01-16,1.1351798700310918,0.0063529277097491565,0.0,0.0,0.0,1.0100322532405162
rebalance_5d,2026-01-19,1.135330165236201,0.000132397701084086,0.0,0.0,0.0,1.010165979188866
rebalance_5d,2026-01-20,1.1362452852736946,0.000806038688581312,0.0,0.0,0.0,1.010980212049981
rebalance_5d,2026-01-21,1.1324505352117267,-0.003339727883714727,0.0,0.0,0.0,1.0076038132459137
rebalance_5d,2026-01-22,1.1280456784231787,-0.0038896681590815385,0.0019208878853139225,3.4784871385190463,1.5379119686138552,1.0036845687765619
rebalance_5d,2026-01-23,1.1310481204287182,0.002661631583692925,0.0,0.0,0.0,1.0063560073248827
rebalance_5d,2026-01-26,1.1345286549450313,0.0030772647542121057,0.0,0.0,0.0,1.0094528311964133
rebalance_5d,2026-01-27,1.1347945502037837,0.00023436627853645753,0.0,0.0,0.0,1.0096894128998188
rebalance_5d,2026-01-28,1.138395031141951,0.003172804220394676,0.0,0.0,0.0,1.0128929597303553
rebalance_5d,2026-01-29,1.1315946903081884,-0.005973621324524836,0.0019379982100361224,3.5220546441262868,1.5472784269064523,1.006842320746649
rebalance_5d,2026-01-30,1.136377384672629,0.004226508312033639,0.0,0.0,0.0,1.011097748184192
rebalance_5d,2026-02-02,1.1357530429156792,-0.0005494140990227603,0.0,0.0,0.0,1.0105422368258494
rebalance_5d,2026-02-03,1.1365652843630965,0.0007151567433463235,0.0,0.0,0.0,1.0112649329209518
rebalance_5d,2026-02-04,1.138978926572794,0.0021236283061822903,0.0,0.0,0.0,1.0134124837575522
rebalance_5d,2026-02-05,1.1376143281666213,-0.0011980892484805272,0.0018506085536620154,3.3571743664197986,1.4701774350707806,1.0121983251564863
rebalance_5d,2026-02-06,1.1391990448914129,0.001393017550460618,0.0,0.0,0.0,1.013608335187976
rebalance_5d,2026-02-09,1.1379919038458537,-0.0010596401489032514,0.0,0.0,0.0,1.012534275100748
rebalance_5d,2026-02-10,1.1428713817206648,0.004287796651558651,0.0,0.0,0.0,1.0168758161751135
rebalance_5d,2026-02-11,1.1390551644982647,-0.0033391484671306815,0.0,0.0,0.0,1.0134803168522701
rebalance_5d,2026-02-12,1.1346426449464795,-0.0038738418377909367,0.0017984929541658512,3.272852951580192,1.436695154224575,1.00955425439907
rebalance_5d,2026-02-13,1.132655422199539,-0.0017514084771899086,0.0,0.0,0.0,1.0077861125197325
rebalance_5d,2026-02-24,1.1319977711926863,-0.0005806276065634108,0.0,0.0,0.0,1.0072009640812922
rebalance_5d,2026-02-25,1.13618877536628,0.0037023077962230477,0.0,0.0,0.0,1.0109299320629737
rebalance_5d,2026-02-26,1.1296811541983491,-0.005727587975715598,0.0,0.0,0.0,1.0051397419397987
rebalance_5d,2026-02-27,1.1286409266970272,-0.000920815132177788,0.0019044292933035186,3.4657685022296074,1.5331875800302424,1.0042141940554672
rebalance_5d,2026-03-02,1.1289843112306928,0.0003042460410065395,0.0,0.0,0.0,1.004519722248331
rebalance_5d,2026-03-03,1.1323012503726582,0.0029379851508739563,0.0,0.0,0.0,1.0074709862760567
rebalance_5d,2026-03-04,1.1277749664350696,-0.003997420241387939,0.0,0.0,0.0,1.0034437013629056
rebalance_5d,2026-03-05,1.1282151231275828,0.00039028769534099617,0.0,0.0,0.0,1.003835333092515
rebalance_5d,2026-03-06,1.1231168434207746,-0.004518889706667806,0.0018215216814670438,3.309643760191387,1.4675730641921336,0.9992991119386138
rebalance_5d,2026-03-09,1.1251529962988474,0.0018129483944617775,0.0,0.0,0.0,1.00111078965919
rebalance_5d,2026-03-10,1.1261040636631927,0.0008452782576893192,0.0,0.0,0.0,1.001957006843227
rebalance_5d,2026-03-11,1.1248747119479243,-0.001091685710883028,0.0,0.0,0.0,1.0008631846959373
rebalance_5d,2026-03-12,1.1293704365228563,0.003996644717123132,0.0,0.0,0.0,1.0048632792556154
rebalance_5d,2026-03-13,1.1317517795308125,0.0021085579460429216,0.0017607804271871487,3.1989832050406366,1.4140678139608356,1.0069820917077765
rebalance_5d,2026-03-16,1.132597891198441,0.0007476124031182696,0.0,0.0,0.0,1.0077349240092552
rebalance_5d,2026-03-17,1.133147703546372,0.00048544355609680956,0.0,0.0,0.0,1.0082241224343693
rebalance_5d,2026-03-18,1.12908413383262,-0.0035860900578400523,0.0,0.0,0.0,1.0046085399328328
rebalance_5d,2026-03-19,1.1262337050000613,-0.0025245495416565955,0.0,0.0,0.0,1.0020723559038012
rebalance_5d,2026-03-20,1.1240457949810139,-0.0019426785127579782,0.0017984664077430722,3.273756609503567,1.4529458113924567,1.000125651469758
rebalance_5d,2026-03-23,1.1219652536796285,-0.0018509399800926696,0.0,0.0,0.0,0.9982744789163365
rebalance_5d,2026-03-24,1.1254304609421675,0.003088515665858882,0.0,0.0,0.0,1.0013576652832967
rebalance_5d,2026-03-25,1.1250489113528501,-0.00033902546852870863,0.0,0.0,0.0,1.0010181795316593
rebalance_5d,2026-03-26,1.1296882570269398,0.0041236835370215275,0.0,0.0,0.0,1.0051460617188532
rebalance_5d,2026-03-27,1.1325344125425516,0.0025194167487430086,0.0018031221266871,3.2752905058563098,1.4475343341102118,1.0076784435416808
rebalance_5d,2026-03-30,1.1321661147145248,-0.0003251979135892036,0.0,0.0,0.0,1.0073507486142723
rebalance_5d,2026-03-31,1.1293686006203227,-0.0024709396066914247,0.0,0.0,0.0,1.004861645751691
rebalance_5d,2026-04-01,1.12982059363393,0.00040021744305529516,0.0,0.0,0.0,1.0052638089101782
rebalance_5d,2026-04-02,1.1362141610203607,0.005658922684234735,0.0,0.0,0.0,1.0109525190820603
rebalance_5d,2026-04-03,1.134940961362709,-0.001120563095700411,0.0017706107452057204,3.2160470098649654,1.4144777758636555,1.0098196829976716
rebalance_5d,2026-04-07,1.1361965336171163,0.001106288606325112,0.0,0.0,0.0,1.0109368350074146
rebalance_5d,2026-04-08,1.1381864922124278,0.0017514211110787326,0.0,0.0,0.0,1.0127074111222136
rebalance_5d,2026-04-09,1.1374691503956667,-0.0006302498067489726,0.0,0.0,0.0,1.0120691524720606
rebalance_5d,2026-04-10,1.1389273362417887,0.0012819563903028186,0.0,0.0,0.0,1.0133665809895005
rebalance_5d,2026-04-13,1.1392340391439513,0.0002692910183144104,0.0018396438862424496,3.3482889190241765,1.4701453808848821,1.013639471508021
rebalance_5d,2026-04-14,1.1371405855820311,-0.0018375974470471457,0.0,0.0,0.0,1.0117768102029516
rebalance_5d,2026-04-15,1.1329403283206458,-0.003693700950120782,0.0,0.0,0.0,1.0080396092377948
rebalance_5d,2026-04-16,1.1382821141271524,0.0047149754254265375,0.0,0.0,0.0,1.0127924912232076
rebalance_5d,2026-04-17,1.140333214180192,0.0018019259264321352,0.0,0.0,0.0,1.0146174682712386
rebalance_5d,2026-04-20,1.129678687337798,-0.009343345181832552,0.001786662818116315,3.2449397388358543,1.4242428142875618,1.0051375470376633
rebalance_5d,2026-04-21,1.1266463795533328,-0.0026842214679743126,0.0,0.0,0.0,1.002439535255638
rebalance_5d,2026-04-22,1.1214236742622599,-0.004635620711037625,0.0,0.0,0.0,0.997792605784444
rebalance_5d,2026-04-23,1.1196759868873603,-0.0015584541462880797,0.0,0.0,0.0,0.9962375917608236
rebalance_5d,2026-04-24,1.1233730424937753,0.0033018977362304636,0.0,0.0,0.0,0.9995270664098064
rebalance_5d,2026-04-27,1.1236234341630345,0.0002228927166556538,0.0018287704327677628,3.328048639794903,1.4790252518003166,0.9997498537130093
rebalance_5d,2026-04-28,1.1206352458309166,-0.002659421511926441,0.0,0.0,0.0,0.9970910974454996
rebalance_5d,2026-04-29,1.1183275254703462,-0.0020592966080227315,0.0,0.0,0.0,0.9950377911306404
rebalance_5d,2026-04-30,1.1163552368486385,-0.0017636055420152674,0.0,0.0,0.0,0.9932829369676878
rebalance_5d,2026-05-06,1.1185520233200956,0.0019678202770458952,0.0,0.0,0.0,0.9952375392718965
rebalance_5d,2026-05-07,1.1149763028991913,-0.003196740380738694,0.0016673120329593104,3.0331853470331964,1.354713429178529,0.9920560232416791
rebalance_5d,2026-05-08,1.1132522316601556,-0.0015462850955241247,0.0,0.0,0.0,0.9905220217990155
rebalance_5d,2026-05-11,1.1097387664121878,-0.0031560370130391258,0.0,0.0,0.0,0.9873958976359875
rebalance_5d,2026-05-12,1.1080248676484732,-0.0015444164118513237,0.0,0.0,0.0,0.9858709472066838
rebalance_5d,2026-05-13,1.1046248744821032,-0.0030685170212702007,0.0,0.0,0.0,0.9828457854244043
rebalance_5d,2026-05-14,1.0989703370753945,-0.005118966209555875,0.0018148072919986476,3.306153566039239,1.498007048826291,0.9778146310596123
rebalance_5d,2026-05-15,1.100889018409736,0.0017458900114151188,0.0,0.0,0.0,0.9795217878569948
rebalance_5d,2026-05-18,1.1005810897256965,-0.0002797091068128532,0.0,0.0,0.0,0.9792478066926096
rebalance_5d,2026-05-19,1.104860743183008,0.0038885398788544023,0.0,0.0,0.0,0.9830556508402145
rebalance_5d,2026-05-20,1.102067113041774,-0.002528490724709509,0.0,0.0,0.0,0.9805700037451918
rebalance_5d,2026-05-21,1.1034822257036896,0.001284053071876734,0.0017363849876284834,3.1561713362479544,1.429858574078397,0.981829107670691
rebalance_5d,2026-05-22,1.098439259611381,-0.00457004741430489,0.0,0.0,0.0,0.9773421020958912
rebalance_5d,2026-05-25,1.0941872799686467,-0.003870928324465228,0.0,0.0,0.0,0.9735588808701958
rebalance_5d,2026-05-26,1.0970054943668877,0.002575623432874874,0.0,0.0,0.0,0.9760664019370485
rebalance_5d,2026-05-27,1.096482605472312,-0.0004766511173013299,0.0,0.0,0.0,0.975601158796005
rebalance_5d,2026-05-28,1.0943486202848955,-0.001946209795546383,0.0017453888540572365,3.1751521253123896,1.445682448161282,0.9737024342642098
rebalance_5d,2026-05-29,1.0859178702814574,-0.00770389786870973,0.0,0.0,0.0,0.9662011301561243
rebalance_5d,2026-06-01,1.0865784511711358,0.0006083157002538808,0.0,0.0,0.0,0.9667888854732013
rebalance_5d,2026-06-02,1.0821546745361883,-0.004071290600489497,0.0,0.0,0.0,0.9628528069711165
rebalance_5d,2026-06-03,1.0774999787545296,-0.004301322067156166,0.0,0.0,0.0,0.9587112669450684
rebalance_5d,2026-06-04,1.077256809793706,-0.00022567885440205604,0.0016910403403883909,3.07988966800192,1.4266422974531974,0.9584949060846418
rebalance_5d,2026-06-05,1.0787605676063996,0.001395913953870842,0.0,0.0,0.0,0.9598328824987595
rebalance_5d,2026-06-08,1.0748693283804933,-0.0036071389173413237,0.0,0.0,0.0,0.9563706319541544
rebalance_5d,2026-06-09,1.0759347461045792,0.0009912067410939862,0.0,0.0,0.0,0.9573185929715317
rebalance_5d,2026-06-10,1.0812220832882729,0.0049141801608660884,0.0,0.0,0.0,0.9620230290087406
rebalance_5d,2026-06-11,1.0798923980356572,-0.0012297984596946199,0.0018279300135332279,3.3243852085820182,1.53737301760133,0.9608399345694749
rebalance_5d,2026-06-12,1.0860591653908591,0.005710538722579539,0.0,0.0,0.0,0.9663268482220347
rebalance_5d,2026-06-15,1.0927014783137114,0.0061159770429835,0.0,0.0,0.0,0.9722368810417793
rebalance_5d,2026-06-16,1.086927681110585,-0.005283965765322085,0.0,0.0,0.0,0.967099614646571
rebalance_5d,2026-06-17,1.0870271786281311,9.15401450116704e-05,0.0,0.0,0.0,0.9671881430855365
rebalance_5d,2026-06-18,1.0830085931269904,-0.003696858349220289,0.001838696935389278,3.3405885014263426,1.5396470606806487,0.9636125855235038
rebalance_5d,2026-06-22,1.084251540165622,0.0011476797566702945,0.0,0.0,0.0,0.9647185041811819
rebalance_5d,2026-06-23,1.0835582919842977,-0.000639379475742774,0.0,0.0,0.0,0.9641016829697392
rebalance_5d,2026-06-24,1.082047819349675,-0.0013939929635502502,0.0,0.0,0.0,0.9627577320075325
rebalance_5d,2026-06-25,1.0731757494921503,-0.008199332505338663,0.0,0.0,0.0,0.9548637612407169
rebalance_5d,2026-06-26,1.0767139130332863,0.0032969097026376293,0.001768468957979676,3.219620386089468,1.4992724758513278,0.9580118608398485
rebalance_5d,2026-06-29,1.0843733320973985,0.007113699350772107,0.0,0.0,0.0,0.9648268691923368
rebalance_5d,2026-06-30,1.0905011815725352,0.005651051435656473,0.0,0.0,0.0,0.9702791554566461
rebalance_5d,2026-07-01,1.0844034971527938,-0.005591634858156058,0.0,0.0,0.0,0.9648537087088526
rebalance_5d,2026-07-02,1.0896269610569587,0.0048169006443445905,0.0,0.0,0.0,0.9695013131600305
rebalance_5d,2026-07-03,1.0869514404781764,-0.0024554463815643635,0.0018251720428274613,3.3086634539049298,1.5127563759702325,0.9671207546687098
rebalance_5d,2026-07-06,1.091804921292917,0.004465223223408588,0.0,0.0,0.0,0.971439164722297
rebalance_5d,2026-07-07,1.0926247873269823,0.000750927219758557,0.0,0.0,0.0,0.9721686448334265
rebalance_5d,2026-07-08,1.0941189754242755,0.001367521691457041,0.0,0.0,0.0,0.9734981065429906
rebalance_5d,2026-07-09,1.0998222209342259,0.00521263741700384,0.0,0.0,0.0,0.978572599198539
rebalance_5d,2026-07-10,1.1028196403148087,0.0027253671761939824,0.0018347594947003894,3.3315953367597153,1.5125866473042164,0.9812395688399176
rebalance_5d,2026-07-13,1.1016688858693036,-0.0010434656796434183,0.0,0.0,0.0,0.980215679026325
rebalance_5d,2026-07-14,1.1069456994469604,0.004789836261458014,0.0,0.0,0.0,0.984910751629775
rebalance_5d,2026-07-15,1.1111758542908976,0.0038214655389605667,0.0,0.0,0.0,0.98867455412608
rebalance_5d,2026-07-16,1.118610752436977,0.006691018453441888,0.0,0.0,0.0,0.995289793812186
rebalance_5d,2026-07-17,1.118299533857097,-0.0002782188345696879,0.001741279686086314,3.1565862304145678,1.409083319294409,0.9950128854456924
rebalance_5d,2026-07-20,1.1208824705438976,0.002309700226639455,0.0,0.0,0.0,0.9973110669327155
rebalance_5d,2026-07-21,1.1256605532576072,0.004262786544775743,0.0,0.0,0.0,1.0015623911297922
rebalance_5d,2026-07-22,1.1269434823437767,0.0011397122182676966,0.0,0.0,0.0,1.0027038840243203
rebalance_5d,2026-07-23,1.125945904277177,-0.0008852068291171911,0.0,0.0,0.0,1.0018162836985998
rebalance_5d,2026-07-24,1.1214454674572234,-0.003997027568427125,0.0017458995301700088,3.1735622078179864,1.4083839164923266,0.9978119963941573
rebalance_5d,2026-07-27,1.1224529982968012,0.000898421607483435,0.0,0.0,0.0,0.998708452251924
rebalance_5d,2026-07-28,1.1225196597077722,5.938904441626924e-05,0.0,0.0,0.0,0.9987677645925537
rebalance_5d,2026-07-29,1.1262217313172158,0.003298001578348586,0.0,0.0,0.0,1.0020617022565836
rebalance_5d,2026-07-30,1.127826634856402,0.0014250333611562915,0.0,0.0,0.0,1.0034896736122363
rebalance_5d,2026-07-31,1.123109890312807,-0.004182153885907924,0.0017905401799058513,3.2507655200344256,1.4398754325453365,0.9992929253742704
rebalance_5d,2026-08-03,1.124616902038058,0.001341820367044777,0.0,0.0,0.0,1.0006337969741814
rebalance_5d,2026-08-04,1.1238259833475401,-0.0007032783244539376,0.0,0.0,0.0,0.9999300729140534
rebalance_5d,2026-08-05,1.1194889758003637,-0.003859145109154527,0.0,0.0,0.0,0.9960711976636707
rebalance_5d,2026-08-06,1.1160878107560601,-0.0030381407211910183,0.0,0.0,0.0,0.9930449931968431
rebalance_5d,2026-08-07,1.1176362149590944,0.0013873498017913377,0.0018430688400881837,3.356548607364715,1.5052954426683425,0.9944226939713247
rebalance_5d,2026-08-10,1.1202607289063407,0.002348272105107352,0.0,0.0,0.0,0.9967578690442632
rebalance_5d,2026-08-11,1.1138012068949372,-0.005766088058544727,0.0,0.0,0.0,0.9910104753983066
rebalance_5d,2026-08-12,1.1154919087692914,0.0015179565831746622,0.0,0.0,0.0,0.9925147862734325
rebalance_5d,2026-08-13,1.1154954221866566,3.1496574179890047e-06,0.0,0.0,0.0,0.9925179123549915
rebalance_5d,2026-08-14,1.1164954324806065,0.0008964718940660532,0.001939582683137553,3.526056951579739,1.5825029739465848,0.9934076767677749
rebalance_5d,2026-08-17,1.118945789053534,0.0021946857117751684,0.0,0.0,0.0,0.9955878944019448
rebalance_5d,2026-08-18,1.1239627213171004,0.0044836240617252,0.0,0.0,0.0,1.0000517362408476
rebalance_5d,2026-08-19,1.1237814825996577,-0.00016124975855991153,0.0,0.0,0.0,0.9998904781398313
rebalance_5d,2026-08-20,1.1238620562563513,7.16986869255809e-05,0.0,0.0,0.0,0.9999621689741833
rebalance_5d,2026-08-21,1.1293241889862369,0.00486014515703137,0.0017972070063597457,3.2621686971927772,1.450893217489384,1.0048221302669378
rebalance_5d,2026-08-24,1.129909268468787,0.0005180792975623127,0.0,0.0,0.0,1.0053427078103616
rebalance_5d,2026-08-25,1.1267614800241796,-0.002785877178327012,0.0,0.0,0.0,1.0025419465042753
rebalance_5d,2026-08-26,1.1235728989712996,-0.0028298633822764208,0.0,0.0,0.0,0.9997048897606667
rebalance_5d,2026-08-27,1.1221672925810995,-0.0012510148575913815,0.0,0.0,0.0,0.9984542440903694
rebalance_5d,2026-08-28,1.12105457516199,-0.0009915789084798954,0.0012614568136571143,2.2935942075922835,1.0218129930634599,0.9974641979208472
rank_mean_3d,2025-01-02,1.0,0.0,0.0,0.0,0.0,1.0
rank_mean_3d,2025-01-03,1.0009308384269457,0.0009308384269457459,0.0010987913295375086,1.997802417340925,0.9989012086704625,1.0009308384269457
rank_mean_3d,2025-01-06,1.0028009570775067,0.0018683794911344975,0.0010124736496330538,1.839664970565946,0.9184246578797445,1.0028009570775067
rank_mean_3d,2025-01-07,0.9975418035825903,-0.005244463976423974,0.0007327484056324923,1.329965786350442,0.6645907815662446,0.9975418035825903
rank_mean_3d,2025-01-08,0.9939065002090399,-0.0036442616845674403,0.0007516394177759934,1.3667494776915508,0.6836678515113567,0.9939065002090399
rank_mean_3d,2025-01-09,0.9855098501187505,-0.008448128761129436,0.0007998181998380071,1.4569510967599724,0.7337335275213333,0.9855098501187505
rank_mean_3d,2025-01-10,0.9835338664367577,-0.002005036968179219,0.0008005453231160273,1.4559847819064444,0.738212564400655,0.9835338664367577
rank_mean_3d,2025-01-13,0.9860133982880447,0.002521043693462399,0.000763352424562076,1.3898662431477888,0.7048100714579663,0.9860133982880448
rank_mean_3d,2025-01-14,0.9832925825863227,-0.0027594104770238825,0.0007703977499023561,1.400009523436284,0.709376272082091,0.9832925825863228
rank_mean_3d,2025-01-15,0.9838926864797206,0.000610300437555944,0.0008355997524869542,1.5209141065683935,0.774058192962986,0.9838926864797207
rank_mean_3d,2025-01-16,0.9847213526922123,0.000842232312404434,0.0008108704914496638,1.4781680166809483,0.7519238216242449,0.9847213526922124
rank_mean_3d,2025-01-17,0.987252392372124,0.0025703105482499655,0.0007129247525531196,1.294466091521209,0.6564211887039685,0.9872523923721241
rank_mean_3d,2025-01-20,0.9883985362576327,0.0011609431330470432,0.0007911382171846228,1.4297852783881229,0.7224776055401371,0.9883985362576329
rank_mean_3d,2025-01-21,0.987367742409042,-0.001042892933141748,0.0007242104037749383,1.318608562988938,0.6662627068218835,0.9873677424090421
rank_mean_3d,2025-01-22,0.9872480104086917,-0.00012126383636779092,0.0006919610086653162,1.2603288118297884,0.6372399158792538,0.9872480104086918
rank_mean_3d,2025-01-23,0.9857408782321718,-0.0015265993556127233,0.0007705401424171166,1.4022645285907918,0.7115325385283942,0.9857408782321719
rank_mean_3d,2025-01-24,0.9814486769523516,-0.004354289625806973,0.0007632840029903336,1.3865207045216519,0.7021046248000193,0.9814486769523517
rank_mean_3d,2025-01-27,0.9795638911155942,-0.001920412020534945,0.0008280432526568994,1.508413478551558,0.7693606259632864,0.9795638911155943
rank_mean_3d,2025-02-05,0.9801102056545723,0.0005577120021809101,0.0007793420902234647,1.417211791991208,0.7238223443609789,0.9801102056545725
rank_mean_3d,2025-02-06,0.9778746546545366,-0.0022809179897710363,0.0008010731294879272,1.4552496430896493,0.741761604446609,0.9778746546545368
rank_mean_3d,2025-02-07,0.9789401262007436,0.0010895788546472218,0.0007121940321522728,1.2961576782787128,0.6630845947170219,0.9789401262007439
rank_mean_3d,2025-02-10,0.9774904229581046,-0.001480890612038932,0.000756105859258127,1.3737560092273706,0.7017424574314877,0.977490422958105
rank_mean_3d,2025-02-11,0.9776095581965965,0.00012187867593760338,0.0007173063825326372,1.302202413527088,0.6662635399666532,0.9776095581965968
rank_mean_3d,2025-02-12,0.974580760347995,-0.0030981671805548894,0.0007237404734405578,1.3158246232205446,0.6736258777793602,0.9745807603479953
rank_mean_3d,2025-02-13,0.975983613860481,0.001439443060609058,0.0007991322506584412,1.4565837269721609,0.7483526627275756,0.9759836138604814
rank_mean_3d,2025-02-14,0.9757036881137878,-0.00028681398203600494,0.0007328117176831382,1.3299932184093048,0.6801948514831668,0.9757036881137882
rank_mean_3d,2025-02-17,0.9825112327165363,0.006977061464130241,0.00075067559210312,1.367479191929569,0.7005185086701963,0.9825112327165366
rank_mean_3d,2025-02-18,0.9793593544416973,-0.0032079819241601637,0.0008642246336491258,1.5649263651724656,0.7947974564546049,0.9793593544416976
rank_mean_3d,2025-02-19,0.9784188611229353,-0.000960314836935594,0.0007678580289034644,1.3978415200609389,0.7133316404772913,0.9784188611229356
rank_mean_3d,2025-02-20,0.9788742942809084,0.000465478718848944,0.0007204049321836909,1.308644278012451,0.666565451724941,0.9788742942809088
rank_mean_3d,2025-02-21,0.9807176569687589,0.0018831454647654233,0.0007794635108259046,1.417752199329569,0.7235563030124393,0.9807176569687593
rank_mean_3d,2025-02-24,0.9807032080437169,-1.4733012033918413e-05,0.0008377920624728996,1.522445098577736,0.7761869591129743,0.9807032080437174
rank_mean_3d,2025-02-25,0.9794473891766089,-0.001280528968201411,0.0007281214678175833,1.3229557959823997,0.6737318991431891,0.9794473891766093
rank_mean_3d,2025-02-26,0.9783802780813743,-0.0010895032311349917,0.0008553332623584679,1.5532860308572327,0.792264897481392,0.9783802780813747
rank_mean_3d,2025-02-27,0.9807592325365959,0.0024315233130893787,0.0007129114749749258,1.296624059583194,0.6625572545762519,0.9807592325365965
rank_mean_3d,2025-02-28,0.9781860745680291,-0.0026236387924809534,0.0008022293875907211,1.4579333504779903,0.7444125661256142,0.9781860745680296
rank_mean_3d,2025-03-03,0.979099049868873,0.0009333350009579355,0.0007727977829880028,1.4049090364971653,0.7176398330034446,0.9790990498688736
rank_mean_3d,2025-03-04,0.9787292665877068,-0.0003776770912153893,0.0007765558887380065,1.410351316583823,0.7184542864578899,0.9787292665877074
rank_mean_3d,2025-03-05,0.9784052708077745,-0.00033103718361449097,0.0007973880032252331,1.4481292059687985,0.7392069644490973,0.9784052708077752
rank_mean_3d,2025-03-06,0.9755921518882391,-0.0028752082633537457,0.0007578376177380743,1.3811899702416395,0.7073274271747957,0.9755921518882398
rank_mean_3d,2025-03-07,0.9753836040128802,-0.00021376542949358424,0.0006966807746154322,1.266300058202843,0.648420813977889,0.9753836040128808
rank_mean_3d,2025-03-10,0.9732078956486542,-0.002230618143748586,0.0006906293545514063,1.2528151106755119,0.6410266529177777,0.9732078956486548
rank_mean_3d,2025-03-11,0.9752717794926797,0.0021207019109210634,0.0006978625448142528,1.2731703708590394,0.6516906585785537,0.9752717794926804
rank_mean_3d,2025-03-12,0.9737331698589865,-0.0015776214036394842,0.0006934239550468353,1.2611374918803417,0.6465272531144871,0.9737331698589872
rank_mean_3d,2025-03-13,0.9724048793711157,-0.001364121639260918,0.0007300682103706532,1.327707987818382,0.6816180376074786,0.9724048793711164
rank_mean_3d,2025-03-14,0.9733058419739511,0.0009265303187475649,0.0006585014963828856,1.1981059229265936,0.6167021722937758,0.9733058419739519
rank_mean_3d,2025-03-17,0.9736486429290393,0.0003522027098830094,0.0007049686499138904,1.2828080516836928,0.6588607404728194,0.9736486429290401
rank_mean_3d,2025-03-18,0.9720454505711519,-0.0016465820288770194,0.0007670132976240605,1.3935835863229666,0.7146809510165171,0.9720454505711527
rank_mean_3d,2025-03-19,0.9712996507236293,-0.0007672479173523872,0.0007888732830826337,1.4347975593530162,0.7371995785747837,0.9712996507236301
rank_mean_3d,2025-03-20,0.9753773508184262,0.0041981896027234455,0.000751391165154101,1.3663107069469635,0.702811045740397,0.975377350818427
rank_mean_3d,2025-03-21,0.9778827254523386,0.0025686208848401115,0.0007927948990376039,1.4392728182458354,0.7372864912368144,0.9778827254523392
rank_mean_3d,2025-03-24,0.9768903909577363,-0.0010147786322161068,0.0007358911523377777,1.3365808016051333,0.6830757072087577,0.976890390957737
rank_mean_3d,2025-03-25,0.9798437211891775,0.0030231950879828773,0.00077243072899981,1.404542580777422,0.7185477236056068,0.9798437211891781
rank_mean_3d,2025-03-26,0.9803605511185303,0.0005274615922685744,0.000842619135758741,1.5297480266915557,0.7792062607818045,0.9803605511185308
rank_mean_3d,2025-03-27,0.9782646286523043,-0.0021379098371865357,0.0007860301045175032,1.4288022935649942,0.7278662575874785,0.9782646286523049
rank_mean_3d,2025-03-28,0.9754252652792446,-0.0029024491838894884,0.0007601837728322357,1.3835785017838484,0.7076430599671582,0.9754252652792451
rank_mean_3d,2025-03-31,0.9720546026490124,-0.0034555826573419157,0.0007746643508992591,1.412671983571058,0.7228142014531528,0.972054602649013
rank_mean_3d,2025-04-01,0.9716206829675635,-0.00044639434890425544,0.0007679957033362771,1.3944699124658317,0.7181824397202234,0.9716206829675641
rank_mean_3d,2025-04-02,0.9702783322900125,-0.0013815583602555526,0.0007548342362666105,1.3713869621228771,0.7051918409258258,0.970278332290013
rank_mean_3d,2025-04-03,0.9744177883909134,0.004266256354639175,0.0007395112478662333,1.3441692806472905,0.6911123342821536,0.974417788390914
rank_mean_3d,2025-04-07,0.973072176464985,-0.001380939410137838,0.0007828791374391168,1.421321711995084,0.7242480601277331,0.9730721764649856
rank_mean_3d,2025-04-08,0.9611091624320338,-0.012294066485808774,0.0008065879510094925,1.4677995912147004,0.7544610377572837,0.9611091624320344
rank_mean_3d,2025-04-09,0.9603690465368646,-0.0007700643424274345,0.0007834627935548096,1.4277935621634348,0.7438442115057006,0.9603690465368652
rank_mean_3d,2025-04-10,0.964034672110622,0.0038168926695167915,0.0007898215877656167,1.431893741207632,0.7395562385787919,0.9640346721106225
rank_mean_3d,2025-04-11,0.9694210688844941,0.0055873475609329315,0.0007836109181984907,1.4233765544729198,0.7371354743146006,0.9694210688844946
rank_mean_3d,2025-04-14,0.970588485707975,0.0012042412331971786,0.0008248095918966574,1.4968195774152204,0.7708388629212217,0.9705884857079754
rank_mean_3d,2025-04-15,0.9730327580508378,0.0025183405520001756,0.00079280757598855,1.4432698779150077,0.7432498336616636,0.9730327580508382
rank_mean_3d,2025-04-16,0.9752354999520589,0.002263790075920591,0.0007705339240683417,1.4015504375665668,0.7196595361099226,0.9752354999520594
rank_mean_3d,2025-04-17,0.9747987210518255,-0.0004478701813611652,0.0007547332704440622,1.3708623157884994,0.7022681589939505,0.974798721051826
rank_mean_3d,2025-04-18,0.9822006045091373,0.0075932428894911475,0.0007339360759935163,1.3338832518480017,0.6830120505351861,0.9822006045091378
rank_mean_3d,2025-04-21,0.9854927270498831,0.0033517822384065976,0.0007167836814506151,1.2990128185367387,0.6593680283545872,0.9854927270498838
rank_mean_3d,2025-04-22,0.9892706692167171,0.0038335566190768056,0.0007267310359043581,1.320026455651725,0.6685756837071214,0.9892706692167179
rank_mean_3d,2025-04-23,0.9915143451898922,0.0022680102048830975,0.0008005016666227889,1.4532234109534627,0.7329285079155742,0.991514345189893
rank_mean_3d,2025-04-24,0.9926667282723406,0.0011622454965365403,0.0007262904766967896,1.3195315786413833,0.6645683905881759,0.9926667282723414
rank_mean_3d,2025-04-25,0.9957588555609501,0.003114970211594681,0.0007394725023123573,1.3445399034795869,0.6777261323809944,0.9957588555609509
rank_mean_3d,2025-04-28,0.9938959736675821,-0.001870816295496125,0.000718567535272427,1.3066555000983846,0.655758868969617,0.9938959736675829
rank_mean_3d,2025-04-29,0.9958612071861186,0.0019773030282883575,0.0007673562978185163,1.393565742527868,0.7012005451278055,0.9958612071861194
rank_mean_3d,2025-04-30,0.9956616102692883,-0.00020042644034123924,0.0007614455772384093,1.384967786880115,0.6947438787778774,0.9956616102692891
rank_mean_3d,2025-05-06,0.9943518449264653,-0.0013154723746643393,0.0007783604145050083,1.4126084101587377,0.7086232639072438,0.9943518449264661
rank_mean_3d,2025-05-07,0.9949402069569433,0.0005917040668048656,0.0007717400859392413,1.4034469181804246,0.7050186191958447,0.9949402069569441
rank_mean_3d,2025-05-08,0.9953966321866797,0.00045874639153686836,0.000720269404520011,1.3089995177819123,0.6572384212145421,0.9953966321866805
rank_mean_3d,2025-05-09,0.9977934542157962,0.0024079065084350315,0.0007013269324001738,1.2728346230517893,0.6394792575403477,0.9977934542157971
rank_mean_3d,2025-05-12,0.9950575865683651,-0.0027419178146256273,0.0007588359352817307,1.3783533182210879,0.6909275078349669,0.995057586568366
rank_mean_3d,2025-05-13,0.9926777118437917,-0.002391695472400479,0.0006974201473652453,1.2689555797309706,0.6378591126577148,0.9926777118437926
rank_mean_3d,2025-05-14,0.9892699793671335,-0.003432868932182198,0.0008124517376904345,1.4785772579501995,0.7460344255879213,0.9892699793671343
rank_mean_3d,2025-05-15,0.9887692732404316,-0.0005061369870155152,0.000743410389071797,1.352215943713615,0.6836820350429235,0.9887692732404325
rank_mean_3d,2025-05-16,0.9903215182789288,0.0015698758856148576,0.000770988251699343,1.4007612668785643,0.7071344969909821,0.9903215182789296
rank_mean_3d,2025-05-19,0.9928939499387451,0.002597572215018662,0.0007195142497822022,1.3074529128931964,0.6594412471833976,0.992893949938746
rank_mean_3d,2025-05-20,0.9933389587224463,0.0004481936703597533,0.0007241138603949268,1.319926978262429,0.6645183342636988,0.993338958722447
rank_mean_3d,2025-05-21,0.994190630111109,0.0008573824485431647,0.0007714148680069729,1.399298927222452,0.7034047624273371,0.9941906301111099
rank_mean_3d,2025-05-22,0.997630458295052,0.0034599281865679288,0.0007540193876630337,1.368208786259547,0.687591317562212,0.997630458295053
rank_mean_3d,2025-05-23,0.999675149385433,0.0020495475788453454,0.0008165693912692614,1.4826719532865829,0.742394607625016,0.999675149385434
rank_mean_3d,2025-05-26,0.9990693528460396,-0.0006059933967207387,0.0007003404881618518,1.275308091922493,0.63865656906368,0.9990693528460406
rank_mean_3d,2025-05-27,0.998914747910236,-0.00015474895247580278,0.0007355377420470721,1.3366871224868562,0.6688969013113796,0.998914747910237
rank_mean_3d,2025-05-28,0.9990872136552322,0.0001726531171524215,0.0007168631650595312,1.3031141762390708,0.6521844163310359,0.9990872136552332
rank_mean_3d,2025-05-29,1.003605279282893,0.004522193424066456,0.0007285822616798294,1.323726788725816,0.6615601329144873,1.0036052792828938
rank_mean_3d,2025-05-30,1.0022192413573923,-0.0013810588227385345,0.0007439693150902221,1.3484954561319522,0.671616048295931,1.0022192413573932
rank_mean_3d,2025-06-03,0.9983835931676263,-0.003827154809531552,0.0007988975309479137,1.4553351535673489,0.7261909269460843,0.9983835931676271
rank_mean_3d,2025-06-04,1.0009254024092211,0.0025459244913372814,0.0007322607384210331,1.331695302786812,0.6654878369669945,1.000925402409222
rank_mean_3d,2025-06-05,1.0044676555925298,0.0035389782043522278,0.0007248812789721419,1.3168214209382714,0.6568766293778556,1.0044676555925307
rank_mean_3d,2025-06-06,1.0070270504340957,0.002548011205055767,0.0007868820988591931,1.4316734745249824,0.7126676383787043,1.0070270504340966
rank_mean_3d,2025-06-09,1.0050670241147983,-0.0019463492251300396,0.0007496802190091498,1.361874399443162,0.6766967398301258,1.0050670241147992
rank_mean_3d,2025-06-10,1.0096185374878444,0.004528567014776774,0.0007271712359862341,1.3224174290036874,0.6579999816229235,1.0096185374878452
rank_mean_3d,2025-06-11,1.0094329661627368,-0.00018380340516455096,0.000863664537490885,1.5674751750123197,0.7756790827444066,1.0094329661627377
rank_mean_3d,2025-06-12,1.013183839629263,0.0037158222410593744,0.000774860074122094,1.4084002851469002,0.696892595949841,1.0131838396292638
rank_mean_3d,2025-06-13,1.0134854355357024,0.00029767145373127413,0.0007341583590478937,1.3337622185453848,0.6589241072370663,1.0134854355357032
rank_mean_3d,2025-06-16,1.0121955911273277,-0.00127268174080164,0.0007833600832241581,1.4206106647590708,0.7002347294768316,1.0121955911273286
rank_mean_3d,2025-06-17,1.0158460539324958,0.003606479653900152,0.001001829689719226,1.8212510159333755,0.8979067338648979,1.0158460539324967
rank_mean_3d,2025-06-18,1.0135080808978487,-0.0023015032893974885,0.0008675331554908865,1.5756214948164655,0.7746963617214653,1.0135080808978496
rank_mean_3d,2025-06-19,1.0117008551947881,-0.0017831389183000645,0.0007725160403297839,1.40554288763857,0.6931158576863508,1.011700855194789
rank_mean_3d,2025-06-20,1.0105878247368387,-0.0011001576723339568,0.000786678452817447,1.430863947512379,0.7069686355676921,1.0105878247368396
rank_mean_3d,2025-06-23,1.010638261531426,4.990837347595978e-05,0.0007915321742860366,1.4395400293396698,0.7124141528887747,1.0106382615314269
rank_mean_3d,2025-06-24,1.0065588777979344,-0.004036442997230383,0.0007386778932589698,1.3432478873771072,0.6655673149148487,1.0065588777979353
rank_mean_3d,2025-06-25,1.0058721804945543,-0.0006822226881376681,0.0008109154304354922,1.47498523739182,0.7323257159797757,1.0058721804945552
rank_mean_3d,2025-06-26,1.0063510055269131,0.00047602970003945977,0.000800256139284533,1.4554017966522794,0.7238031028899118,1.006351005526914
rank_mean_3d,2025-06-27,1.0112160940715331,0.004834385336627722,0.0007684688056116732,1.3952263342207818,0.6914165599026758,1.011216094071534
rank_mean_3d,2025-06-30,1.005367623012409,-0.005783601639068214,0.0008945744867125874,1.6254052920655955,0.8041783344494836,1.0053676230124098
rank_mean_3d,2025-07-01,1.0041075750899087,-0.0012533205701659167,0.0007963229087754772,1.4498691441529332,0.7211234563239081,1.0041075750899096
rank_mean_3d,2025-07-02,1.0108233114973169,0.006688263861376553,0.0008341160944275183,1.5157430486268324,0.7531131163720366,1.0108233114973177
rank_mean_3d,2025-07-03,1.009159798351719,-0.001645701208783601,0.0008416491440234687,1.5278717834141538,0.7558013123784822,1.00915979835172
rank_mean_3d,2025-07-04,1.014226054528848,0.005020271502495177,0.0008259289074705773,1.5019641779615598,0.7440507772520947,1.0142260545288488
rank_mean_3d,2025-07-07,1.0158682785371294,0.0016191893325441242,0.000757658931441161,1.3721004041752296,0.675561861812046,1.0158682785371302
rank_mean_3d,2025-07-08,1.0179695051570343,0.0020684045995911227,0.0007711644207905661,1.4034417698200894,0.6901045742578945,1.0179695051570352
rank_mean_3d,2025-07-09,1.0191528566024641,0.0011624625683135381,0.0007717342902720646,1.4025676758623364,0.6893242066759538,1.019152856602465
rank_mean_3d,2025-07-10,1.0224476300231422,0.0032328550122127098,0.0008048327058594552,1.4616506173244799,0.7163005089577249,1.022447630023143
rank_mean_3d,2025-07-11,1.0258051164777024,0.0032837735214705788,0.0007981880388505663,1.4496431838172408,0.7085186896400827,1.0258051164777033
rank_mean_3d,2025-07-14,1.025800563461364,-4.43848082376519e-06,0.0007468694127512204,1.3562342050898601,0.6609495638143805,1.025800563461365
rank_mean_3d,2025-07-15,1.024489131210251,-0.0012784475831127962,0.0007487260208721448,1.361090925901488,0.6634734745871594,1.024489131210252
rank_mean_3d,2025-07-16,1.025389741781135,0.0008790826017062159,0.0008264531014959892,1.5030873324664418,0.7339273703331431,1.025389741781136
rank_mean_3d,2025-07-17,1.0216067645545066,-0.0036893066826056975,0.0007998348589252248,1.452967496418776,0.7080826150317375,1.0216067645545075
rank_mean_3d,2025-07-18,1.020447657198385,-0.0011345924834661458,0.000777041939543423,1.4152337906042498,0.6938503134482259,1.0204476571983858
rank_mean_3d,2025-07-21,1.0276737254887118,0.007081272850550713,0.0007590400812732812,1.3804227139851284,0.6744052045709812,1.0276737254887127
rank_mean_3d,2025-07-22,1.0284981477043849,0.0008022217511505225,0.0007905703811036226,1.4336144932808166,0.6952436456558425,1.0284981477043857
rank_mean_3d,2025-07-23,1.030998655668445,0.0024312226226572697,0.0008892768380619497,1.617578769808775,0.7862652128818005,1.0309986556684458
rank_mean_3d,2025-07-24,1.0319648090871474,0.0009371044408161833,0.0007976352031280844,1.4458775489737046,0.7003665350780083,1.0319648090871483
rank_mean_3d,2025-07-25,1.0335835054022662,0.0015685576686967906,0.0007805283539100983,1.4189892302453961,0.6876489338612634,1.033583505402267
rank_mean_3d,2025-07-28,1.0334659871066967,-0.0001136998558464164,0.0008495326502003312,1.5435980199972812,0.7469964258525753,1.0334659871066976
rank_mean_3d,2025-07-29,1.0340976055241737,0.0006111651717202182,0.000839928083788783,1.5264199356470065,0.7382586413841399,1.0340976055241746
rank_mean_3d,2025-07-30,1.0344789195475224,0.0003687408435253392,0.0008559060512716758,1.5537632104095946,0.7519630777848939,1.0344789195475232
rank_mean_3d,2025-07-31,1.0322116030279327,-0.002191747436072866,0.0007873034890462383,1.43089676267815,0.692242248279123,1.0322116030279336
rank_mean_3d,2025-08-01,1.0366936748453028,0.004342202513730964,0.000810528309712875,1.4739308996331528,0.7139746831482686,1.0366936748453037
rank_mean_3d,2025-08-04,1.0337321196425249,-0.002856731235694965,0.000904677419623641,1.6416953386414113,0.7905152054178556,1.0337321196425258
rank_mean_3d,2025-08-05,1.0364929920961747,0.002670781338016903,0.0008675280988849085,1.5763090030051143,0.7618478208820578,1.0364929920961756
rank_mean_3d,2025-08-06,1.0342143611112866,-0.002198404622379413,0.0008157787309414459,1.4840147098955605,0.7154543777654073,1.0342143611112875
rank_mean_3d,2025-08-07,1.0328113982889962,-0.001356549352866221,0.0007649303401823117,1.3894527504023673,0.6718456511222055,1.032811398288997
rank_mean_3d,2025-08-08,1.035427451423252,0.0025329437093641882,0.0006835522393425988,1.2451123342419463,0.6024232609663551,1.0354274514232529
rank_mean_3d,2025-08-11,1.0337771580426443,-0.0015938281125725817,0.0008103551150673008,1.4717890500178696,0.7101714980040273,1.0337771580426451
rank_mean_3d,2025-08-12,1.0313908190758279,-0.002308368828089269,0.0008099378964482941,1.4763160838105724,0.7148704319874148,1.0313908190758287
rank_mean_3d,2025-08-13,1.0263606693979448,-0.004877054928984492,0.0007487474620240089,1.3612260927985194,0.6594713874940167,1.0263606693979457
rank_mean_3d,2025-08-14,1.0256574836447307,-0.0006851253893297438,0.0007815932590129322,1.4234013793604894,0.693530369419068,1.0256574836447316
rank_mean_3d,2025-08-15,1.0255847959564763,-7.0869358839043e-05,0.000834445209748786,1.5167051498114534,0.7388127052958745,1.0255847959564772
rank_mean_3d,2025-08-18,1.0240576756377537,-0.0014890239449175668,0.0008461231034885261,1.5388385875829658,0.7509015074914139,1.0240576756377546
rank_mean_3d,2025-08-19,1.0255215971613978,0.0014295303462594777,0.000679286763859113,1.2343892409298487,0.6019617722096158,1.0255215971613987
rank_mean_3d,2025-08-20,1.0304980980063867,0.0048526533802542016,0.000880481131565946,1.5995143761439439,0.7782623951318665,1.0304980980063876
rank_mean_3d,2025-08-21,1.0322699998431741,0.0017194615305116123,0.000815925378153171,1.4811645670689138,0.7177033800568678,1.032269999843175
rank_mean_3d,2025-08-22,1.0359722587740248,0.00358652187064723,0.000809407289269541,1.4713764342420672,0.713109035845353,1.0359722587740257
rank_mean_3d,2025-08-25,1.0389071125958258,0.0028329463428626855,0.0008360944082816233,1.51705613534842,0.7309650270828355,1.0389071125958267
rank_mean_3d,2025-08-26,1.0369122320521358,-0.0019201721881618727,0.0009066414100738488,1.6465553479034245,0.7908409204512321,1.0369122320521367
rank_mean_3d,2025-08-27,1.0341542223631193,-0.002659829447240858,0.0008316650456248626,1.513220499582649,0.7291336049617283,1.0341542223631202
rank_mean_3d,2025-08-28,1.0355976395845108,0.0013957465822584947,0.0008336411066692911,1.516345499134905,0.7322110159864489,1.0355976395845117
rank_mean_3d,2025-08-29,1.035414568950704,-0.00017677776272284618,0.0008455940947343578,1.5361384003143304,0.740311312556258,1.0354145689507048
rank_mean_3d,2025-09-01,1.0348881061362698,-0.0005084560621623213,0.0008512977532175644,1.5509429473022653,0.7492939567442505,1.0348881061362707
rank_mean_3d,2025-09-02,1.041879015173312,0.006755231793263761,0.0008492482242807088,1.5432547536304497,0.7448699164160455,1.041879015173313
rank_mean_3d,2025-09-03,1.0488693717944142,0.0067093746196043025,0.0008916025059651796,1.615604195606418,0.7752579278451793,1.0488693717944153
rank_mean_3d,2025-09-04,1.045641656119966,-0.0030773285608733936,0.0008900839229242118,1.6137192337389177,0.7675311069225467,1.045641656119967
rank_mean_3d,2025-09-05,1.0440572693152452,-0.0015152292331197525,0.000872321414484613,1.58796935342198,0.758992628596063,1.0440572693152463
rank_mean_3d,2025-09-08,1.0432044384121841,-0.0008168430297127438,0.0008613886976579746,1.566573476137859,0.7500418101277663,1.0432044384121852
rank_mean_3d,2025-09-09,1.0395305229709182,-0.0035217597874275253,0.0008493293870786886,1.5442526843216973,0.7399926399759154,1.0395305229709193
rank_mean_3d,2025-09-10,1.0404678975005845,0.0009017287217190084,0.0008491158721170114,1.5447821598454818,0.7423141715902026,1.0404678975005857
rank_mean_3d,2025-09-11,1.0476005019626617,0.006855189361643088,0.000818082740165222,1.48606043461427,0.712594369064279,1.0476005019626629
rank_mean_3d,2025-09-12,1.0458551152883926,-0.001666080410422821,0.0008042089131557775,1.4596536936925284,0.6967679304116146,1.0458551152883937
rank_mean_3d,2025-09-15,1.0493433342098544,0.003335279304437888,0.0008834412790640041,1.6059593695945762,0.7667167519477887,1.0493433342098555
rank_mean_3d,2025-09-16,1.0513952328119718,0.001955412051730887,0.0008606048419913737,1.5626126510098253,0.7433335175925025,1.051395232811973
rank_mean_3d,2025-09-17,1.0509378604735427,-0.0004350146587652759,0.0008570076887868748,1.5579649393609554,0.7413713898148543,1.0509378604735438
rank_mean_3d,2025-09-18,1.0506079726002389,-0.0003138985526272009,0.0009511210622769991,1.72802128698296,0.8207472689540465,1.05060797260024
rank_mean_3d,2025-09-19,1.047782091430974,-0.00268975797154003,0.0008659033740820202,1.5745314289300647,0.7487746484074972,1.047782091430975
rank_mean_3d,2025-09-22,1.0518964728439468,0.00392675294474043,0.0009116495746534483,1.6588960513093567,0.7917855654472552,1.051896472843948
rank_mean_3d,2025-09-23,1.0485692586996604,-0.003163062364199054,0.0008986858465994459,1.6310300463793155,0.7743710442101287,1.0485692586996616
rank_mean_3d,2025-09-24,1.0466676886239163,-0.001813490201021395,0.0008646458768229376,1.574620520474002,0.7522179384930229,1.0466676886239175
rank_mean_3d,2025-09-25,1.0491072110785278,0.0023307516617989688,0.0008258224117926191,1.5002920192775295,0.7154916303600377,1.049107211078529
rank_mean_3d,2025-09-26,1.055543507257253,0.006135022341623664,0.0008804209265119414,1.599756080647989,0.7619127897763668,1.055543507257254
rank_mean_3d,2025-09-29,1.058162021306836,0.002480725836102149,0.0008900673091720236,1.615922422096181,0.7664296502520053,1.058162021306837
rank_mean_3d,2025-09-30,1.062012395926438,0.0036387382480869146,0.0008069220486829415,1.4639755466491404,0.6903980053693685,1.0620123959264391
rank_mean_3d,2025-10-09,1.0629291544092097,0.0008632276669162664,0.0008479837189898685,1.540175386299212,0.7244595074780025,1.062929154409211
rank_mean_3d,2025-10-10,1.0659037445635047,0.0027984839271328887,0.0009531701999872347,1.73236329774448,0.8143744498754695,1.065903744563506
rank_mean_3d,2025-10-13,1.0697582566141015,0.00361619149032566,0.0007873632807507485,1.4283884380545953,0.6676825620106418,1.0697582566141028
rank_mean_3d,2025-10-14,1.0709834889969894,0.0011453357572259737,0.0008762277926240081,1.5936252518811378,0.7462122803881132,1.0709834889969907
rank_mean_3d,2025-10-15,1.080059547886058,0.00847450869440447,0.0008506919712708376,1.543939981879706,0.7194278157986286,1.0800595478860593
rank_mean_3d,2025-10-16,1.0844755315911139,0.004088648365452752,0.0007819149258250032,1.4170172566770143,0.6545692852975986,1.0844755315911152
rank_mean_3d,2025-10-17,1.0871399644087338,0.002456886061514618,0.0009343092705458595,1.6972719475206661,0.7822530331415856,1.0871399644087352
rank_mean_3d,2025-10-20,1.08672644361284,-0.00038037493738773964,0.0008327746952582069,1.5132389077125923,0.6967670994196881,1.0867264436128414
rank_mean_3d,2025-10-21,1.094930938343242,0.007549733218164656,0.0007851348559528144,1.4257179822652417,0.6545832899595382,1.0949309383432433
rank_mean_3d,2025-10-22,1.1001270587240946,0.004745614722253544,0.0008144625181349181,1.4772253832500846,0.673796027304158,1.1001270587240959
rank_mean_3d,2025-10-23,1.1007759383760753,0.0005898224635374483,0.00087025336554641,1.5793423126829182,0.7166826335680332,1.1007759383760767
rank_mean_3d,2025-10-24,1.097998902995715,-0.0025227980404961547,0.0008317631963523772,1.5114621379080089,0.6852789080874179,1.0979989029957162
rank_mean_3d,2025-10-27,1.0966538957859198,-0.00122496225280877,0.0009918484806800585,1.805977938962943,0.8237306719082623,1.096653895785921
rank_mean_3d,2025-10-28,1.0984619311965225,0.001648683707366816,0.0008157879927514515,1.4818446121171758,0.6745956074037422,1.0984619311965238
rank_mean_3d,2025-10-29,1.0990447548614575,0.0005305815780982659,0.0008758816596540617,1.5915187340693793,0.7236213285675419,1.099044754861459
rank_mean_3d,2025-10-30,1.1026263759205843,0.0032588491444811574,0.0008743130599811267,1.589201908604212,0.7224811026898182,1.1026263759205859
rank_mean_3d,2025-10-31,1.1062014762572432,0.003242349733992178,0.0008667715975009736,1.5740510322984655,0.7134526516068979,1.1062014762572447
rank_mean_3d,2025-11-03,1.1031854043426839,-0.0027265122848724177,0.0008468676911146533,1.5376165817292684,0.6945160520746404,1.1031854043426854
rank_mean_3d,2025-11-04,1.1051802080461302,0.0018082216240296045,0.0008414887760041769,1.5304222232521063,0.692405291497137,1.1051802080461317
rank_mean_3d,2025-11-05,1.1073803397580564,0.001990744763531227,0.0008872060959629776,1.6114561118040713,0.7272382576528446,1.107380339758058
rank_mean_3d,2025-11-06,1.1097131921114076,0.0021066405728866755,0.0009077659996266835,1.650636829487852,0.7457442546911642,1.1097131921114094
rank_mean_3d,2025-11-07,1.1096072764883975,-9.544414157014458e-05,0.0008823912734979911,1.60268312582164,0.7222814926467536,1.1096072764883993
rank_mean_3d,2025-11-10,1.1103345623370091,0.0006554443757014194,0.000915942441850356,1.6652562638595787,0.7507233886153176,1.1103345623370109
rank_mean_3d,2025-11-11,1.1160850500163613,0.005179058523809843,0.0008354083004587396,1.5195749115360258,0.6830812104049563,1.116085050016363
rank_mean_3d,2025-11-12,1.1172745163052769,0.0010657487876020166,0.0008287629915909208,1.5036939286634396,0.6722616763833881,1.1172745163052786
rank_mean_3d,2025-11-13,1.1191295087121766,0.00166028346644298,0.0008919196403110264,1.6205841521276563,0.7235079792699884,1.1191295087121784
rank_mean_3d,2025-11-14,1.1229999271174045,0.003458418686217657,0.0009153261960104337,1.6633612684308123,0.7419313327334961,1.1229999271174063
rank_mean_3d,2025-11-17,1.1271036355169675,0.003654237458498022,0.0009729254650674779,1.7639657538780342,0.7838667575327112,1.1271036355169692
rank_mean_3d,2025-11-18,1.1252017496466356,-0.0016874099332130355,0.000819121899484903,1.4872036911730564,0.65873332142483,1.1252017496466373
rank_mean_3d,2025-11-19,1.1250594652663986,-0.00012645232757746427,0.0008441911668950082,1.5357850428136177,0.6819320006311909,1.1250594652664003
rank_mean_3d,2025-11-20,1.1290318284009917,0.003530802821744672,0.0009138689634314238,1.661150366588472,0.737531692820978,1.1290318284009935
rank_mean_3d,2025-11-21,1.1247865777546102,-0.003760080574870872,0.0008160018312576538,1.4809349684750603,0.6545905870465528,1.124786577754612
rank_mean_3d,2025-11-24,1.1249604241715618,0.000154559469671689,0.0009501568019603031,1.7297591582214218,0.7684179068782137,1.1249604241715636
rank_mean_3d,2025-11-25,1.128272653307224,0.0029443072524986125,0.0008942657569911653,1.6248680829332771,0.7209230179645968,1.1282726533072258
rank_mean_3d,2025-11-26,1.1306204447857728,0.0020808724483987184,0.0008775087329745132,1.5934013145173975,0.7046746008826791,1.1306204447857746
rank_mean_3d,2025-11-27,1.1315431110830623,0.0008160707702966619,0.0008434743290669252,1.5327222410149506,0.6772220599073422,1.131543111083064
rank_mean_3d,2025-11-28,1.1360523370106708,0.003985023534182952,0.0008927537095930109,1.6223814447224831,0.716247305264879,1.1360523370106725
rank_mean_3d,2025-12-01,1.136991412852342,0.0008266131859224757,0.000886742763398135,1.6099884644899802,0.7082099546365027,1.1369914128523435
rank_mean_3d,2025-12-02,1.1371486318946407,0.00013827636736873927,0.0008508155697042742,1.5463810732550116,0.6800282891096076,1.1371486318946422
rank_mean_3d,2025-12-03,1.138041842107319,0.0007854823790185428,0.0008454376004519464,1.536530881994679,0.6753808219434554,1.1380418421073204
rank_mean_3d,2025-12-04,1.141600782796058,0.0031272494183067767,0.0009101064720468542,1.6538560822172625,0.7262505929828882,1.1416007827960593
rank_mean_3d,2025-12-05,1.1496148444227998,0.007020021138312016,0.0008845282318491908,1.602846540525286,0.7006355096199439,1.1496148444228012
rank_mean_3d,2025-12-08,1.1455369388431451,-0.0035471928702366373,0.0008919065393810431,1.6184734795008222,0.7037321104194303,1.1455369388431464
rank_mean_3d,2025-12-09,1.1443157682474394,-0.0010660246337746981,0.0009144179110781406,1.667090424757426,0.7280840373057333,1.1443157682474407
rank_mean_3d,2025-12-10,1.1452332165304218,0.0008017439839944629,0.0009283731565012197,1.6875396874906166,0.7370208967678707,1.145233216530423
rank_mean_3d,2025-12-11,1.14751109624712,0.001989009473196468,0.0009324508165163625,1.6946449260801395,0.7397001699603067,1.1475110962471213
rank_mean_3d,2025-12-12,1.1448950273171201,-0.002279776586523341,0.0009091971831923182,1.6512985393562551,0.719123744900093,1.1448950273171214
rank_mean_3d,2025-12-15,1.1452458356294968,0.000306410897074727,0.0010211406295299707,1.8580730584974359,0.8120921796209412,1.145245835629498
rank_mean_3d,2025-12-16,1.1489950745620998,0.003273741598494695,0.001181031360519079,2.1424387627004178,0.933095252712617,1.1489950745621011
rank_mean_3d,2025-12-17,1.1511283496863198,0.0018566442724161636,0.0009087285623799164,1.6504689650260351,0.7171403525938495,1.1511283496863212
rank_mean_3d,2025-12-18,1.155586883339817,0.0038731855181155517,0.0009540173156388193,1.7304059393595468,0.7503310453728524,1.1555868833398184
rank_mean_3d,2025-12-19,1.160882756475509,0.004582842893116057,0.0008728149654762962,1.587089478929903,0.6853299855127201,1.1608827564755104
rank_mean_3d,2025-12-22,1.1650060018602872,0.00355181895999257,0.0008773737611654168,1.592790802544246,0.6851395964313947,1.1650060018602886
rank_mean_3d,2025-12-23,1.1621189434484596,-0.0024781489599345896,0.000858961401647493,1.5596228975179316,0.6686876055583547,1.162118943448461
rank_mean_3d,2025-12-24,1.1606065977442794,-0.0013013691177706788,0.0009496165156390951,1.7275287539699544,0.7425594807154252,1.1606065977442808
rank_mean_3d,2025-12-25,1.1618128381856245,0.0010393189593178587,0.0008773973460590127,1.5985586962785172,0.6884769979353059,1.1618128381856259
rank_mean_3d,2025-12-26,1.1642710559914182,0.002115846653607756,0.0008209021241494556,1.491439844187804,0.6414785155007366,1.1642710559914196
rank_mean_3d,2025-12-29,1.164748942977777,0.0004104602479806374,0.0009607733980281809,1.7457625821854257,0.7498134610285586,1.1647489429777784
rank_mean_3d,2025-12-30,1.1610611602064713,-0.003166161080067287,0.000888730049598419,1.6151213457188538,0.6932877401984712,1.1610611602064727
rank_mean_3d,2025-12-31,1.161398885961284,0.00029087679993766713,0.0009477801666490445,1.7221737611164187,0.7420236013515807,1.1613988859612854
rank_mean_3d,2026-01-05,1.1599688601525093,-0.001231296005240301,0.0008770226162269936,1.5946991927305265,0.6878079313966002,0.9987687039947597
rank_mean_3d,2026-01-06,1.1624852751219827,0.0021693814859327087,0.0009361554685074749,1.7020571085570624,0.7346071278111291,1.000935414329935
rank_mean_3d,2026-01-07,1.1623099907063903,-0.00015078420290015604,0.0009733903932501011,1.7700146446367904,0.761063688278328,1.0007844890813307
rank_mean_3d,2026-01-08,1.1569379945943965,-0.004621827356683927,0.000909483740018812,1.653484043853663,0.7113886023043126,0.9961590359515496
rank_mean_3d,2026-01-09,1.1618918054467855,0.004281829169354712,0.0010075042612519888,1.8346273024482673,0.7941559698177919,1.0004244187690032
rank_mean_3d,2026-01-12,1.162551771836953,0.0005680101942999727,0.0009302872474534701,1.6865656464405012,0.7239922578776099,1.0009926700374907
rank_mean_3d,2026-01-13,1.1619199234421982,-0.0005435012960810504,0.0010029372301285427,1.8254836811170447,0.7871887417620602,1.0004486292239576
rank_mean_3d,2026-01-14,1.1635259310540613,0.001382201629786417,0.0010802280855087016,1.9616569719825232,0.8427841276649317,1.0018314509497885
rank_mean_3d,2026-01-15,1.1639188283024469,0.0003376781194981415,0.0010287027186262666,1.8714911543241997,0.802477394303845,1.0021697475101994
rank_mean_3d,2026-01-16,1.167534451384697,0.003106422023882338,0.0010221848378462956,1.855445410303654,0.795661591497255,1.0052829096855336
rank_mean_3d,2026-01-19,1.172333794338977,0.004110664956043175,0.0010737529246914923,1.9500562686125602,0.8334697861238411,1.009415290913287
rank_mean_3d,2026-01-20,1.1768897337041953,0.003886213454920462,0.0009744593153176641,1.7697295379371727,0.7542313473764055,1.0133380941984367
rank_mean_3d,2026-01-21,1.177687394608844,0.0006777702972546873,0.0010058747208838098,1.8239063745500674,0.7746338448166936,1.0140249046597611
rank_mean_3d,2026-01-22,1.1823302981941572,0.003942390490521808,0.0009597061973518639,1.7443027389269603,0.7406032753116764,1.018022586801044
rank_mean_3d,2026-01-23,1.1891962656298865,0.005807148346122837,0.0008919553581165473,1.6182722437545984,0.6832271431564901,1.0239343949823014
rank_mean_3d,2026-01-26,1.1942749541359141,0.004270689921261672,0.000988568754411935,1.7929853096677126,0.751397081159425,1.0283073012829855
rank_mean_3d,2026-01-27,1.1941059538711907,-0.0001415086736418214,0.0009970105313251842,1.8119408546063205,0.7586417370114035,1.0281617868806847
rank_mean_3d,2026-01-28,1.1870082288012835,-0.0059439658992545,0.0010069589587117752,1.8276708032151476,0.7652296083354165,1.0220504282805494
rank_mean_3d,2026-01-29,1.1864133614401506,-0.0005011484728574267,0.0009608172398488863,1.7522902812184138,0.7376155306800901,1.0215382292692332
rank_mean_3d,2026-01-30,1.190582528158816,0.003514092856813811,0.001003866587401506,1.8259877474875117,0.7663306675451087,1.0251280094636706
rank_mean_3d,2026-02-02,1.1838169734398631,-0.005682558377045566,0.0009559207180656397,1.7361069134419889,0.7302776416125455,1.0193026597059487
rank_mean_3d,2026-02-03,1.1834755295384525,-0.0002884262593553233,0.001050209116294219,1.908112880850136,0.8052767907623373,1.0190086660526587
rank_mean_3d,2026-02-04,1.1869216948924606,0.0029119025007235955,0.0009727410123570049,1.7678143772137354,0.7456123991093245,1.0219759199355964
rank_mean_3d,2026-02-05,1.1843223529342504,-0.0021899860533307614,0.0008865451377891947,1.6103787609069795,0.6778529080504172,1.0197378069240977
rank_mean_3d,2026-02-06,1.1810762807753503,-0.0027408687768644135,0.0009516330997452564,1.734622173093977,0.7331518810981396,1.0169428394085112
rank_mean_3d,2026-02-09,1.1798943425444308,-0.0010007298005710874,0.0008804219584717062,1.600826053375691,0.6772207871543344,1.0159251544036376
rank_mean_3d,2026-02-10,1.182421452896469,0.002141810720601045,0.0009585256577667388,1.7425972147613213,0.7379629415711856,1.0181010737906675
rank_mean_3d,2026-02-11,1.1826861258868289,0.0002238398074658754,0.0008750962569715334,1.5904781262589474,0.6733292184897173,1.0183289653390055
rank_mean_3d,2026-02-12,1.1799981861470374,-0.0022727414154587455,0.0009487325537296983,1.722795527672575,0.7269423050441404,1.0160145669249183
rank_mean_3d,2026-02-13,1.1748470509630395,-0.004365375510294256,0.0009627007198354043,1.7527704734984217,0.7435062502392559,1.011579281816362
rank_mean_3d,2026-02-24,1.1825908222945092,0.006591301672095984,0.0008927323430957006,1.6235703236305188,0.6898058581206052,1.018246906028056
rank_mean_3d,2026-02-25,1.1868464537587073,0.0035985662868085466,0.0008814721519353901,1.6000453738490625,0.6769942733179807,1.0219111350157355
rank_mean_3d,2026-02-26,1.1832907322017503,-0.002995940667553265,0.0010004105924808836,1.815091272747988,0.7631002873864641,1.0188495498877164
rank_mean_3d,2026-02-27,1.179871363621855,-0.002889711282985319,0.0010468126181234338,1.9054342430627096,0.8049437513883579,1.0159053688477413
rank_mean_3d,2026-03-02,1.1752687501347712,-0.003900945161475211,0.000933591738797368,1.6993076237412295,0.7210075973532846,1.011942377714618
rank_mean_3d,2026-03-03,1.1779071292820822,0.002244915596546271,0.0009392198156735492,1.7083216341734138,0.7263518435810642,1.0142141029411555
rank_mean_3d,2026-03-04,1.173488850945825,-0.003750956443357323,0.0010822520204479898,1.9650335984509448,0.8319507876065109,1.0104098300167845
rank_mean_3d,2026-03-05,1.1760889302610151,0.002215683014878733,0.001035848901521014,1.8834039591666751,0.8021963268775731,1.0126485779152192
rank_mean_3d,2026-03-06,1.1733717774082855,-0.0023103294171187283,0.0009897250772284369,1.7983921710139352,0.7650738173912692,1.0103090261164582
rank_mean_3d,2026-03-09,1.172012540100743,-0.0011584029322272427,0.0010762652569700703,1.9569581571972918,0.8334080215066607,1.0091386811781493
rank_mean_3d,2026-03-10,1.1675132024700818,-0.0038389842059833867,0.001019861564294175,1.856505401990762,0.7946499697451774,1.0052646137194594
rank_mean_3d,2026-03-11,1.1639411893485094,-0.0030595055490723055,0.0009645681440955766,1.753477487026248,0.7508060337503585,1.0021890010554988
rank_mean_3d,2026-03-12,1.1629796090875406,-0.0008261416210444406,0.0008610381757417831,1.5662865946794433,0.6721754374721007,1.0013610510095738
rank_mean_3d,2026-03-13,1.1647622510571636,0.0015328230655924369,0.000863912805183867,1.5715936010311824,0.6760287280438263,1.0028959603255472
rank_mean_3d,2026-03-16,1.165226078959154,0.00039821680481955113,0.0009483755428945521,1.72327486720072,0.7403620846922826,1.0032953303504344
rank_mean_3d,2026-03-17,1.1687158204684172,0.002994905085183408,0.0009287605401571868,1.688907976096951,0.7228179431480811,1.0063001046372417
rank_mean_3d,2026-03-18,1.1642160886907817,-0.003850150480406711,0.001033626244737055,1.8787918307526028,0.80392318235707,1.0024256978059394
rank_mean_3d,2026-03-19,1.1604802034994492,-0.0032089276446383153,0.0009572151040172366,1.7410353962115015,0.7465440267348846,0.9992089862725541
rank_mean_3d,2026-03-20,1.1562905482284853,-0.003610277244135651,0.0009618693345566383,1.7500623127933654,0.7527496302278843,0.9956015648072783
rank_mean_3d,2026-03-23,1.1478847395909495,-0.007269633614504611,0.0010113459000202169,1.8407865667940984,0.795405105480092,0.988363906205102
rank_mean_3d,2026-03-24,1.149263244761201,0.0012009090483620088,0.0009790369441883204,1.7834018876140803,0.7762088048425061,0.9895508413631381
rank_mean_3d,2026-03-25,1.1432392594147744,-0.005241606197610715,0.0010094235417937244,1.833885657136185,0.796678805714534,0.9843640055401982
rank_mean_3d,2026-03-26,1.1400086352108962,-0.002825851349377184,0.0011098368367742026,2.0202925605263067,0.8824928010955534,0.9815823391868641
rank_mean_3d,2026-03-27,1.1440979275827023,0.0035870714006036586,0.0009632634513790924,1.7546639494175467,0.7682149688547902,0.9851033451230989
rank_mean_3d,2026-03-30,1.142536307097432,-0.0013649360318044312,0.0008564771591414587,1.5556029940043483,0.6794971735900289,0.9837587420722893
rank_mean_3d,2026-03-31,1.1439195576939267,0.001210684148855501,0.0009274874866723155,1.6842984139507546,0.7370528165113424,0.9849497631876143
rank_mean_3d,2026-04-01,1.1428208984062227,-0.0009604340447844084,0.0009063285974391665,1.646955039425381,0.7200270215109501,0.9840037839026465
rank_mean_3d,2026-04-02,1.1441473847402446,0.0011607123529782104,0.0008583749325668766,1.5621987516407998,0.6819808418494672,0.9851459292499997
rank_mean_3d,2026-04-03,1.1465556824946064,0.0021048842015300995,0.0008741388405357816,1.5885076997222838,0.6928731831249139,0.9872195473526797
rank_mean_3d,2026-04-07,1.1473120203345817,0.0006596608010609462,0.0009948207594400276,1.8081270032494259,0.7883023182630603,0.9878707773901094
rank_mean_3d,2026-04-08,1.146234862932614,-0.0009388530607860046,0.0009287423659488238,1.6873490027076115,0.7344886802614556,0.9869433118870957
rank_mean_3d,2026-04-09,1.1399513783776172,-0.005481847357984515,0.0009117159353634021,1.6611579094359579,0.7249105995595195,0.981533039300347
rank_mean_3d,2026-04-10,1.1387034323772587,-0.0010947361650938126,0.0009696808929836812,1.764864554997672,0.7734850515188653,0.9804585195849904
rank_mean_3d,2026-04-13,1.1370133836425116,-0.0014841869153049414,0.0007651538136877164,1.3914747210238632,0.6106995376939113,0.9790033358792232
rank_mean_3d,2026-04-14,1.1333500138036499,-0.003221923234646429,0.0009363901946027674,1.7035810607334585,0.7497182494192739,0.9758490622845576
rank_mean_3d,2026-04-15,1.13344493590055,8.375355869238987e-05,0.0008791425198935182,1.599219880131772,0.7054441230138062,0.9759307931162705
rank_mean_3d,2026-04-16,1.1350751934356587,0.0014383208954154014,0.0008471344306143143,1.5393412660651267,0.678364191926674,0.977334494768489
rank_mean_3d,2026-04-17,1.1363072090644915,0.0010854044172208255,0.0009012551560737559,1.6313305634896904,0.7165843843577709,0.978395297946213
rank_mean_3d,2026-04-20,1.132634254426618,-0.003232360587501204,0.0008694546918898643,1.5816771320133851,0.696469638023218,0.9752327715461352
rank_mean_3d,2026-04-21,1.1318180086088434,-0.0007206614267442069,0.00089618156835456,1.6297870327037824,0.7187141415791187,0.974529958905585
rank_mean_3d,2026-04-22,1.1258069548283614,-0.0053109720244427505,0.0007894702170509144,1.4361436814768807,0.6348094509103086,0.9693542575568561
rank_mean_3d,2026-04-23,1.1224581396306212,-0.0029745909663976278,0.0008782356743894452,1.6019081043378671,0.7121419925645229,0.9664708251390884
rank_mean_3d,2026-04-24,1.1233798806173305,0.0008211807230624757,0.0009011202290194985,1.638202058227817,0.7284583529949085,0.9672644723500949
rank_mean_3d,2026-04-27,1.1259172319004294,0.002258676096018819,0.0008742314579109262,1.591806997044313,0.7080385635619163,0.9694492094923204
rank_mean_3d,2026-04-28,1.1202700612284766,-0.005015617944154727,0.0009558359486307167,1.7362495267801432,0.7703848113615464,0.9645868226412441
rank_mean_3d,2026-04-29,1.1227303834927655,0.0021961867494619813,0.000867199031190157,1.578219064294223,0.702905844607621,0.9667052354398344
rank_mean_3d,2026-04-30,1.1245023978094455,0.0015783079737874406,0.0008833660793387818,1.606504529021616,0.7165546089009286,0.9682309940212313
rank_mean_3d,2026-05-06,1.122035056177992,-0.0021941630682691393,0.0009089225521279218,1.650133297102711,0.7331434984719744,0.9661065373325963
rank_mean_3d,2026-05-07,1.1186773608305007,-0.0029925048500075713,0.0009611938051668802,1.749424322435638,0.7806512744748747,0.9632154588340045
rank_mean_3d,2026-05-08,1.1189989516782666,0.0002874741717551199,0.0008636975898964853,1.5653312347221218,0.6992044821318828,0.9634923584002545
rank_mean_3d,2026-05-11,1.1137738749171744,-0.004669420604242469,0.0008148149001971543,1.4809318715114461,0.6613005652730228,0.9589934073299101
rank_mean_3d,2026-05-12,1.1104542685216587,-0.0029805030179600456,0.0008395261714548431,1.5285737607114331,0.6859886624817764,0.9561351245851595
rank_mean_3d,2026-05-13,1.1021866570323582,-0.0074452516629137655,0.0008762197368811135,1.5946624990620735,0.7183674686442186,0.9490164579588716
rank_mean_3d,2026-05-14,1.0994396179521595,-0.0024923537793454242,0.0008200325719109471,1.4950994407087452,0.6796175603200503,0.9466511732032168
rank_mean_3d,2026-05-15,1.098997644315822,-0.000401999008513676,0.0008783661618773727,1.5960227792680204,0.7245750210691793,0.9462706203701808
rank_mean_3d,2026-05-18,1.096667309551726,-0.002120418343159125,0.0008621224431519719,1.567360646419831,0.7119389882592464,0.9442641307891554
rank_mean_3d,2026-05-19,1.0961079895097363,-0.0005100179763891655,0.0009284212113052185,1.689166344494721,0.7696039658146346,0.9437825391079935
rank_mean_3d,2026-05-20,1.0925703147285697,-0.0032274874510758167,0.0008971451926039475,1.631810739459844,0.7450548114832267,0.940736492806478
rank_mean_3d,2026-05-21,1.093345917904146,0.0007098885674639011,0.0008440012652740801,1.5335256453958923,0.6993165906266747,0.9414043108877174
rank_mean_3d,2026-05-22,1.0927545784044208,-0.0005408530731598749,0.0008910811587664599,1.6203957984323105,0.7398690561041494,0.9408951494730878
rank_mean_3d,2026-05-25,1.093730775616461,0.0008933361903324943,0.0008409941050127596,1.5296380443378483,0.6997829839488185,0.9417356851614205
rank_mean_3d,2026-05-26,1.095970629724823,0.0020479026084820884,0.0008071724287237884,1.4656826737984643,0.668477467150592,0.9436642681275632
rank_mean_3d,2026-05-27,1.0924056398398134,-0.0032528151652245763,0.0009721601002949552,1.7658018257635095,0.8031092105483284,0.9405947026853173
rank_mean_3d,2026-05-28,1.0942647428503307,0.0017018431091126995,0.0008701013911769924,1.5841602926557075,0.7242642101798664,0.9421954472985502
rank_mean_3d,2026-05-29,1.0906388203210566,-0.003313569730693633,0.0009018741263171197,1.6380984077726002,0.7470049421091305,0.9390734169839844
rank_mean_3d,2026-06-01,1.0942665397812297,0.0033262335730037673,0.0009151312603550286,1.6647278409751483,0.7611073628495634,0.9421969945110719
rank_mean_3d,2026-06-02,1.090857637511458,-0.0031152394282778495,0.0009237561518663902,1.6781538900746535,0.7657180895951792,0.939261825284566
rank_mean_3d,2026-06-03,1.089065514772315,-0.0016428566638919673,0.0008560918365744577,1.5546623979260643,0.7108549493939014,0.937718752735758
rank_mean_3d,2026-06-04,1.0917029756137535,0.0024217650872822016,0.0009408844131980342,1.7113318008534697,0.7841027896404045,0.9399896872728233
rank_mean_3d,2026-06-05,1.0931647472716506,0.0013389829381706964,0.0008861493788483849,1.613205357737878,0.7390669279472646,0.941248317426138
rank_mean_3d,2026-06-08,1.093136130651108,-2.6177774771762863e-05,0.0008749709151860964,1.586556604945259,0.721193084638315,0.9412236776396802
rank_mean_3d,2026-06-09,1.0898388027334156,-0.00301639276686283,0.0009515663822874298,1.7324325726420513,0.7917942547571959,0.9383845773464479
rank_mean_3d,2026-06-10,1.0918502785187947,0.001845663579177037,0.0009279914316104317,1.6890321883212382,0.7754007666683724,0.9401165195841177
rank_mean_3d,2026-06-11,1.09341370131291,0.0014319021800646148,0.0009960097674883745,1.8075556523904919,0.8248980869153959,0.9414626744780249
rank_mean_3d,2026-06-12,1.105129804744735,0.010715160618306907,0.0009317064478349152,1.6957401889005241,0.7733911117566239,0.9515505982511977
rank_mean_3d,2026-06-15,1.1027667841327677,-0.0021382290132996307,0.0010071034727712703,1.8259292330435104,0.8248747721663822,0.9495159651543944
rank_mean_3d,2026-06-16,1.0968503002230616,-0.005365127055725449,0.0011656774432042606,2.120569443017513,0.9610792068751699,0.9444216913599013
rank_mean_3d,2026-06-17,1.098778278781801,0.001757740831494825,0.0008746579638741989,1.5919350983568177,0.7246547230955275,0.946081739928954
rank_mean_3d,2026-06-18,1.0958816237858435,-0.002636250690329356,0.0008710949208064246,1.5834443390445223,0.7208375176612798,0.9435876312889583
rank_mean_3d,2026-06-22,1.0957817274879915,-9.11561027064911e-05,0.0009167578538356824,1.6688313582218806,0.763389084171011,0.9435016175179279
rank_mean_3d,2026-06-23,1.1034559188036976,0.007003394127860441,0.0008682087485483638,1.57375351740603,0.7173416548547396,0.9501093312056799
rank_mean_3d,2026-06-24,1.0948280698718365,-0.007818933937311257,0.0008751471628649977,1.5839862669028666,0.7158258592657795,0.9426804891117597
rank_mean_3d,2026-06-25,1.0907274274223122,-0.00374546703940859,0.0008379213974936606,1.529607131089189,0.7003185756361084,0.9391497104110981
rank_mean_3d,2026-06-26,1.0855463560485161,-0.004750106436802848,0.0007983912739178616,1.4540781033129413,0.6660173568152833,0.9346886493265528
rank_mean_3d,2026-06-29,1.0886169100877632,0.0028285793804552206,0.0008848042746478409,1.6136535679367814,0.7429590791913894,0.9373324903671835
rank_mean_3d,2026-06-30,1.0869717634910907,-0.0015112263840728613,0.0008454241806028498,1.5355773042706566,0.7053601788511542,0.9359159687770918
rank_mean_3d,2026-07-01,1.0865492856497907,-0.00038867416384680276,0.0008403791228131382,1.528690196243609,0.7037789744092273,0.9355522024204965
rank_mean_3d,2026-07-02,1.0907904542137663,0.0039033374923616027,0.0008598839980574693,1.5608617634533903,0.7154283641611144,0.939203978408266
rank_mean_3d,2026-07-03,1.0963894500183757,0.005132971033052547,0.0008996843217264541,1.6347451471883625,0.7483066689847195,0.9440248852235633
rank_mean_3d,2026-07-06,1.0991151483717765,0.002486067659037694,0.0008782723520060788,1.594518305707644,0.7270642226370969,0.9463717949600444
rank_mean_3d,2026-07-07,1.1034227350049408,0.0039191404463359,0.0009535728435651002,1.7309078828480429,0.7853758654448721,0.9500807589389438
rank_mean_3d,2026-07-08,1.1087145138651555,0.004795785597249802,0.000870832459846668,1.5814929839454799,0.7155732535900788,0.9546371425588874
rank_mean_3d,2026-07-09,1.113476219555133,0.004294798733514904,0.0008092569145576993,1.468086049689119,0.660454708143876,0.9587371169497156
rank_mean_3d,2026-07-10,1.1172905481285593,0.0034256039836666474,0.000928410610473635,1.6852920035188035,0.754645666328086,0.9620213706368277
rank_mean_3d,2026-07-13,1.116537867818122,-0.0006736656921497719,0.0009204439864738771,1.6688820843802374,0.7450651906699823,0.9613732898443148
rank_mean_3d,2026-07-14,1.1251843724005188,0.007744031646050198,0.0010030763832776619,1.8240212441568768,0.8153905581729755,0.9688181950245366
rank_mean_3d,2026-07-15,1.1321889246641164,0.006225248444087228,0.0008434666105690187,1.5291616990982275,0.6782991197894529,0.9748493289857165
rank_mean_3d,2026-07-16,1.1374687542156108,0.004663382087985779,0.0010363293965452553,1.8808071981018633,0.8293522154690048,0.9793954238849935
rank_mean_3d,2026-07-17,1.1337754180798567,-0.0032469781012146592,0.0009770752964340438,1.774123284826417,0.7794267227713262,0.976215348391209
rank_mean_3d,2026-07-20,1.1417614189006056,0.007043723733465512,0.0009681569877389636,1.7600224252848617,0.7735025951231915,0.9830915396096455
rank_mean_3d,2026-07-21,1.1375889909662962,-0.0036543781084554805,0.0010317970262481461,1.8729551903355732,0.8190180754515513,0.9794989514086881
rank_mean_3d,2026-07-22,1.1295902427060123,-0.007031316515721198,0.000895670968709273,1.6291553364280729,0.7139622588229924,0.9726117842545167
rank_mean_3d,2026-07-23,1.1263915935199635,-0.0028316898155795744,0.0009593635703183554,1.7481704011460684,0.772396873882044,0.9698576493705304
rank_mean_3d,2026-07-24,1.1244675499910712,-0.0017081479833134239,0.0008946448448492489,1.6283395795402449,0.7224847025681363,0.968200988982657
rank_mean_3d,2026-07-27,1.123261417808878,-0.0010726251568600187,0.00084210807831269,1.5274055211497937,0.6767307196047213,0.9671624722449775
rank_mean_3d,2026-07-28,1.128396041159463,0.004571173966431585,0.0009373851687858106,1.7052910783629924,0.7575192024926783,0.9715835401594134
rank_mean_3d,2026-07-29,1.1318419430722713,0.0030538053902311457,0.0008491511046808345,1.5407577137904194,0.6808015716197878,0.9745505672114121
rank_mean_3d,2026-07-30,1.1315223725902184,-0.0002823455023989174,0.0009552011788055543,1.737612470029387,0.765944507861211,0.9742754072418996
rank_mean_3d,2026-07-31,1.1307776013138564,-0.0006582028728756573,0.0008592605987354204,1.5622114824610467,0.6890999420985654,0.9736341363698809
rank_mean_3d,2026-08-03,1.1380787120430174,0.006456716794423389,0.0009192866262009151,1.6709617842146551,0.7369589053929532,0.9799206162498043
rank_mean_3d,2026-08-04,1.1320416081221798,-0.005304645326332569,0.0008284093217112707,1.503724325568964,0.6605644281317612,0.9747224849326378
rank_mean_3d,2026-08-05,1.1261625318454072,-0.005193339391937002,0.0008700409686626102,1.5841224820854383,0.699405591406816,0.9696604202554304
rank_mean_3d,2026-08-06,1.1310761177245203,0.004363123208389386,0.0007769966869244033,1.4158825971298934,0.6294754798318973,0.9738911681393035
rank_mean_3d,2026-08-07,1.1331402832327206,0.0018249572030155647,0.0008640577873309765,1.567864379057311,0.6932513008513752,0.9756684778415526
rank_mean_3d,2026-08-10,1.1337711386524585,0.000556731967853219,0.0007628340891123324,1.3869121767062473,0.6136395450460495,0.9762116636731937
rank_mean_3d,2026-08-11,1.128804608801049,-0.004380540024428892,0.0009368452749315279,1.7010856930949443,0.7498391023863785,0.971935329408159
rank_mean_3d,2026-08-12,1.1323693261368317,0.003157957814832857,0.0008954134596261195,1.6293798570022409,0.7207210379787399,0.9750046601771756
rank_mean_3d,2026-08-13,1.13274550590218,0.0003322058949015716,0.0007600484912809869,1.3797023058656337,0.6081545545695204,0.9753285624728429
rank_mean_3d,2026-08-14,1.1347195194001227,0.0017426804941242935,0.0009441663316161908,1.7172490211553315,0.7583061512058905,0.9770282485340267
rank_mean_3d,2026-08-17,1.1337109915325272,-0.0008887904458793061,0.0008981520212130042,1.6305580038976304,0.717214923818072,0.9761598751613755
rank_mean_3d,2026-08-18,1.134009302447338,0.000263127831554133,0.0008741522343703996,1.592796072161042,0.7023196356344742,0.9764167299925769
rank_mean_3d,2026-08-19,1.1297906777750093,-0.0037200970602485617,0.0009056721923403142,1.6462261457452814,0.7258036039148719,0.972784364985754
rank_mean_3d,2026-08-20,1.1378420275241699,0.007126408375945026,0.0009309077438892285,1.6886453577568827,0.7431691540347598,0.9797168236323769
rank_mean_3d,2026-08-21,1.140913058138561,0.002698995589988318,0.0007921383851818925,1.4376982152846862,0.6301285253498243,0.982361075018798
rank_mean_3d,2026-08-24,1.1455698923651156,0.004081673176878686,0.000993161070605456,1.8055074773317372,0.791518972492875,0.9863707518687119
rank_mean_3d,2026-08-25,1.1473826406048129,0.0015823986399945422,0.0009958973592861567,1.8066173194071944,0.7864627388366309,0.9879315836049993
rank_mean_3d,2026-08-26,1.1487326679340273,0.0011766147416198969,0.0009395214903774919,1.7073826802532328,0.7427151201406196,0.9890939984699809
rank_mean_3d,2026-08-27,1.1535670398870916,0.004208439516009355,0.0008352052453159125,1.517515259134457,0.6593491867179873,0.9932565407381897
rank_mean_3d,2026-08-28,1.1501318246141905,-0.0029779069218529575,0.0012870831762466309,2.339475506227548,1.015909800681049,0.9902987152103497
