source_id,research_id,variant_index,variant_count,source_file,source_entry,variant_label,formula_or_construction,data_requirement,inventory_data_route,formula_audit_status,formula_audit_reason,static_reuse_evidence,semantic_class,include_in_j_baseline_if_submitted,future_information_check,static_duplicate_of,post_static_decision
CJ-G001-V01,CHANGJIANG-G001,1,6,长江__流动性溢价因子__18项全量清单.md,`10亿×10m`、`10亿×30m`、`100亿×10m`、`100亿×30m`、`1000亿×10m`、`1000亿×30m`,`10亿×10m`、`10亿×30m`、`100亿×10m`、`100亿×30m`、`1000亿×10m`、`1000亿×30m` :: variant 01/06,\(LP=\frac{\sum_{21}C^{need}-\sum_{21}C^{actual}}{\sum_{21}C^{actual}}\)。需求侧冲击成本高于实际均价越多，流动性溢价越高,derivable / extend_daily_aggregation,LOCAL_CONSTRUCTIBLE,BLOCKED_FORMULA_UNDERDETERMINED,报告清单不足以唯一冻结权重、窗口、归一化或被损坏的公式。,,LATENT_COMPONENT,True,PASS_BY_CONSTRUCTION: only same-day intraday inputs; published daily value is lagged by the repository loader,,BLOCKED_FORMULA_UNDERDETERMINED
CJ-G001-V02,CHANGJIANG-G001,2,6,长江__流动性溢价因子__18项全量清单.md,`10亿×10m`、`10亿×30m`、`100亿×10m`、`100亿×30m`、`1000亿×10m`、`1000亿×30m`,`10亿×10m`、`10亿×30m`、`100亿×10m`、`100亿×30m`、`1000亿×10m`、`1000亿×30m` :: variant 02/06,\(LP=\frac{\sum_{21}C^{need}-\sum_{21}C^{actual}}{\sum_{21}C^{actual}}\)。需求侧冲击成本高于实际均价越多，流动性溢价越高,derivable / extend_daily_aggregation,LOCAL_CONSTRUCTIBLE,BLOCKED_FORMULA_UNDERDETERMINED,报告清单不足以唯一冻结权重、窗口、归一化或被损坏的公式。,,LATENT_COMPONENT,True,PASS_BY_CONSTRUCTION: only same-day intraday inputs; published daily value is lagged by the repository loader,,BLOCKED_FORMULA_UNDERDETERMINED
CJ-G001-V03,CHANGJIANG-G001,3,6,长江__流动性溢价因子__18项全量清单.md,`10亿×10m`、`10亿×30m`、`100亿×10m`、`100亿×30m`、`1000亿×10m`、`1000亿×30m`,`10亿×10m`、`10亿×30m`、`100亿×10m`、`100亿×30m`、`1000亿×10m`、`1000亿×30m` :: variant 03/06,\(LP=\frac{\sum_{21}C^{need}-\sum_{21}C^{actual}}{\sum_{21}C^{actual}}\)。需求侧冲击成本高于实际均价越多，流动性溢价越高,derivable / extend_daily_aggregation,LOCAL_CONSTRUCTIBLE,BLOCKED_FORMULA_UNDERDETERMINED,报告清单不足以唯一冻结权重、窗口、归一化或被损坏的公式。,,LATENT_COMPONENT,True,PASS_BY_CONSTRUCTION: only same-day intraday inputs; published daily value is lagged by the repository loader,,BLOCKED_FORMULA_UNDERDETERMINED
CJ-G001-V04,CHANGJIANG-G001,4,6,长江__流动性溢价因子__18项全量清单.md,`10亿×10m`、`10亿×30m`、`100亿×10m`、`100亿×30m`、`1000亿×10m`、`1000亿×30m`,`10亿×10m`、`10亿×30m`、`100亿×10m`、`100亿×30m`、`1000亿×10m`、`1000亿×30m` :: variant 04/06,\(LP=\frac{\sum_{21}C^{need}-\sum_{21}C^{actual}}{\sum_{21}C^{actual}}\)。需求侧冲击成本高于实际均价越多，流动性溢价越高,derivable / extend_daily_aggregation,LOCAL_CONSTRUCTIBLE,BLOCKED_FORMULA_UNDERDETERMINED,报告清单不足以唯一冻结权重、窗口、归一化或被损坏的公式。,,LATENT_COMPONENT,True,PASS_BY_CONSTRUCTION: only same-day intraday inputs; published daily value is lagged by the repository loader,,BLOCKED_FORMULA_UNDERDETERMINED
CJ-G001-V05,CHANGJIANG-G001,5,6,长江__流动性溢价因子__18项全量清单.md,`10亿×10m`、`10亿×30m`、`100亿×10m`、`100亿×30m`、`1000亿×10m`、`1000亿×30m`,`10亿×10m`、`10亿×30m`、`100亿×10m`、`100亿×30m`、`1000亿×10m`、`1000亿×30m` :: variant 05/06,\(LP=\frac{\sum_{21}C^{need}-\sum_{21}C^{actual}}{\sum_{21}C^{actual}}\)。需求侧冲击成本高于实际均价越多，流动性溢价越高,derivable / extend_daily_aggregation,LOCAL_CONSTRUCTIBLE,BLOCKED_FORMULA_UNDERDETERMINED,报告清单不足以唯一冻结权重、窗口、归一化或被损坏的公式。,,LATENT_COMPONENT,True,PASS_BY_CONSTRUCTION: only same-day intraday inputs; published daily value is lagged by the repository loader,,BLOCKED_FORMULA_UNDERDETERMINED
CJ-G001-V06,CHANGJIANG-G001,6,6,长江__流动性溢价因子__18项全量清单.md,`10亿×10m`、`10亿×30m`、`100亿×10m`、`100亿×30m`、`1000亿×10m`、`1000亿×30m`,`10亿×10m`、`10亿×30m`、`100亿×10m`、`100亿×30m`、`1000亿×10m`、`1000亿×30m` :: variant 06/06,\(LP=\frac{\sum_{21}C^{need}-\sum_{21}C^{actual}}{\sum_{21}C^{actual}}\)。需求侧冲击成本高于实际均价越多，流动性溢价越高,derivable / extend_daily_aggregation,LOCAL_CONSTRUCTIBLE,BLOCKED_FORMULA_UNDERDETERMINED,报告清单不足以唯一冻结权重、窗口、归一化或被损坏的公式。,,LATENT_COMPONENT,True,PASS_BY_CONSTRUCTION: only same-day intraday inputs; published daily value is lagged by the repository loader,,BLOCKED_FORMULA_UNDERDETERMINED
CJ-G002-V01,CHANGJIANG-G002,1,6,长江__流动性溢价因子__18项全量清单.md,上述 6 个参数各一项,上述 6 个参数各一项 :: variant 01/06,\(LP_T=\frac{\sum w_tC^{need}_t}{\sum w_tC^{actual}_t}-1\)，\(w_t\) 为半衰期 21 日指数权重；近期流动性更重要,derivable / extend_daily_aggregation,LOCAL_CONSTRUCTIBLE,BLOCKED_FORMULA_UNDERDETERMINED,报告清单不足以唯一冻结权重、窗口、归一化或被损坏的公式。,,LATENT_COMPONENT,True,PASS_BY_CONSTRUCTION: only same-day intraday inputs; published daily value is lagged by the repository loader,,BLOCKED_FORMULA_UNDERDETERMINED
CJ-G002-V02,CHANGJIANG-G002,2,6,长江__流动性溢价因子__18项全量清单.md,上述 6 个参数各一项,上述 6 个参数各一项 :: variant 02/06,\(LP_T=\frac{\sum w_tC^{need}_t}{\sum w_tC^{actual}_t}-1\)，\(w_t\) 为半衰期 21 日指数权重；近期流动性更重要,derivable / extend_daily_aggregation,LOCAL_CONSTRUCTIBLE,BLOCKED_FORMULA_UNDERDETERMINED,报告清单不足以唯一冻结权重、窗口、归一化或被损坏的公式。,,LATENT_COMPONENT,True,PASS_BY_CONSTRUCTION: only same-day intraday inputs; published daily value is lagged by the repository loader,,BLOCKED_FORMULA_UNDERDETERMINED
CJ-G002-V03,CHANGJIANG-G002,3,6,长江__流动性溢价因子__18项全量清单.md,上述 6 个参数各一项,上述 6 个参数各一项 :: variant 03/06,\(LP_T=\frac{\sum w_tC^{need}_t}{\sum w_tC^{actual}_t}-1\)，\(w_t\) 为半衰期 21 日指数权重；近期流动性更重要,derivable / extend_daily_aggregation,LOCAL_CONSTRUCTIBLE,BLOCKED_FORMULA_UNDERDETERMINED,报告清单不足以唯一冻结权重、窗口、归一化或被损坏的公式。,,LATENT_COMPONENT,True,PASS_BY_CONSTRUCTION: only same-day intraday inputs; published daily value is lagged by the repository loader,,BLOCKED_FORMULA_UNDERDETERMINED
CJ-G002-V04,CHANGJIANG-G002,4,6,长江__流动性溢价因子__18项全量清单.md,上述 6 个参数各一项,上述 6 个参数各一项 :: variant 04/06,\(LP_T=\frac{\sum w_tC^{need}_t}{\sum w_tC^{actual}_t}-1\)，\(w_t\) 为半衰期 21 日指数权重；近期流动性更重要,derivable / extend_daily_aggregation,LOCAL_CONSTRUCTIBLE,BLOCKED_FORMULA_UNDERDETERMINED,报告清单不足以唯一冻结权重、窗口、归一化或被损坏的公式。,,LATENT_COMPONENT,True,PASS_BY_CONSTRUCTION: only same-day intraday inputs; published daily value is lagged by the repository loader,,BLOCKED_FORMULA_UNDERDETERMINED
CJ-G002-V05,CHANGJIANG-G002,5,6,长江__流动性溢价因子__18项全量清单.md,上述 6 个参数各一项,上述 6 个参数各一项 :: variant 05/06,\(LP_T=\frac{\sum w_tC^{need}_t}{\sum w_tC^{actual}_t}-1\)，\(w_t\) 为半衰期 21 日指数权重；近期流动性更重要,derivable / extend_daily_aggregation,LOCAL_CONSTRUCTIBLE,BLOCKED_FORMULA_UNDERDETERMINED,报告清单不足以唯一冻结权重、窗口、归一化或被损坏的公式。,,LATENT_COMPONENT,True,PASS_BY_CONSTRUCTION: only same-day intraday inputs; published daily value is lagged by the repository loader,,BLOCKED_FORMULA_UNDERDETERMINED
CJ-G002-V06,CHANGJIANG-G002,6,6,长江__流动性溢价因子__18项全量清单.md,上述 6 个参数各一项,上述 6 个参数各一项 :: variant 06/06,\(LP_T=\frac{\sum w_tC^{need}_t}{\sum w_tC^{actual}_t}-1\)，\(w_t\) 为半衰期 21 日指数权重；近期流动性更重要,derivable / extend_daily_aggregation,LOCAL_CONSTRUCTIBLE,BLOCKED_FORMULA_UNDERDETERMINED,报告清单不足以唯一冻结权重、窗口、归一化或被损坏的公式。,,LATENT_COMPONENT,True,PASS_BY_CONSTRUCTION: only same-day intraday inputs; published daily value is lagged by the repository loader,,BLOCKED_FORMULA_UNDERDETERMINED
CJ-G003-V01,CHANGJIANG-G003,1,6,长江__流动性溢价因子__18项全量清单.md,上述 6 个参数各一项,上述 6 个参数各一项 :: variant 01/06,\(LP_V=\frac{\sum,C^{need}_t}{\sum,UNCLASSIFIED,BLOCKED_FORMULA_UNDERDETERMINED,报告清单不足以唯一冻结权重、窗口、归一化或被损坏的公式。,,LATENT_COMPONENT,True,PASS_BY_CONSTRUCTION: only same-day intraday inputs; published daily value is lagged by the repository loader,,BLOCKED_FORMULA_UNDERDETERMINED
CJ-G003-V02,CHANGJIANG-G003,2,6,长江__流动性溢价因子__18项全量清单.md,上述 6 个参数各一项,上述 6 个参数各一项 :: variant 02/06,\(LP_V=\frac{\sum,C^{need}_t}{\sum,UNCLASSIFIED,BLOCKED_FORMULA_UNDERDETERMINED,报告清单不足以唯一冻结权重、窗口、归一化或被损坏的公式。,,LATENT_COMPONENT,True,PASS_BY_CONSTRUCTION: only same-day intraday inputs; published daily value is lagged by the repository loader,,BLOCKED_FORMULA_UNDERDETERMINED
CJ-G003-V03,CHANGJIANG-G003,3,6,长江__流动性溢价因子__18项全量清单.md,上述 6 个参数各一项,上述 6 个参数各一项 :: variant 03/06,\(LP_V=\frac{\sum,C^{need}_t}{\sum,UNCLASSIFIED,BLOCKED_FORMULA_UNDERDETERMINED,报告清单不足以唯一冻结权重、窗口、归一化或被损坏的公式。,,LATENT_COMPONENT,True,PASS_BY_CONSTRUCTION: only same-day intraday inputs; published daily value is lagged by the repository loader,,BLOCKED_FORMULA_UNDERDETERMINED
CJ-G003-V04,CHANGJIANG-G003,4,6,长江__流动性溢价因子__18项全量清单.md,上述 6 个参数各一项,上述 6 个参数各一项 :: variant 04/06,\(LP_V=\frac{\sum,C^{need}_t}{\sum,UNCLASSIFIED,BLOCKED_FORMULA_UNDERDETERMINED,报告清单不足以唯一冻结权重、窗口、归一化或被损坏的公式。,,LATENT_COMPONENT,True,PASS_BY_CONSTRUCTION: only same-day intraday inputs; published daily value is lagged by the repository loader,,BLOCKED_FORMULA_UNDERDETERMINED
CJ-G003-V05,CHANGJIANG-G003,5,6,长江__流动性溢价因子__18项全量清单.md,上述 6 个参数各一项,上述 6 个参数各一项 :: variant 05/06,\(LP_V=\frac{\sum,C^{need}_t}{\sum,UNCLASSIFIED,BLOCKED_FORMULA_UNDERDETERMINED,报告清单不足以唯一冻结权重、窗口、归一化或被损坏的公式。,,LATENT_COMPONENT,True,PASS_BY_CONSTRUCTION: only same-day intraday inputs; published daily value is lagged by the repository loader,,BLOCKED_FORMULA_UNDERDETERMINED
CJ-G003-V06,CHANGJIANG-G003,6,6,长江__流动性溢价因子__18项全量清单.md,上述 6 个参数各一项,上述 6 个参数各一项 :: variant 06/06,\(LP_V=\frac{\sum,C^{need}_t}{\sum,UNCLASSIFIED,BLOCKED_FORMULA_UNDERDETERMINED,报告清单不足以唯一冻结权重、窗口、归一化或被损坏的公式。,,LATENT_COMPONENT,True,PASS_BY_CONSTRUCTION: only same-day intraday inputs; published daily value is lagged by the repository loader,,BLOCKED_FORMULA_UNDERDETERMINED
CJ-G004-V01,CHANGJIANG-G004,1,1,长江__结构化反转因子__32项全量清单.md,基础反转,基础反转,\(Rev=\sum r_i\)；短期过度反应后均值回归,direct / ready,LOCAL_CONSTRUCTIBLE,READY_FOR_LOCAL_IMPLEMENTATION,公式可由本地 1 分钟 OHLCV/成交笔数或日线面板直接构造。,,LATENT_COMPONENT,True,PASS_BY_CONSTRUCTION: only same-day intraday inputs; published daily value is lagged by the repository loader,,READY_FOR_LOCAL_IMPLEMENTATION
CJ-G005-V01,CHANGJIANG-G005,1,1,长江__结构化反转因子__32项全量清单.md,时间加权反转,时间加权反转,\(Rev_T=\sum w_i r_i\)，指数半衰权重；近期价格变动权重更高,direct / ready,LOCAL_CONSTRUCTIBLE,BLOCKED_FORMULA_UNDERDETERMINED,报告清单不足以唯一冻结权重、窗口、归一化或被损坏的公式。,,LATENT_COMPONENT,True,PASS_BY_CONSTRUCTION: only same-day intraday inputs; published daily value is lagged by the repository loader,,BLOCKED_FORMULA_UNDERDETERMINED
CJ-G006-V01,CHANGJIANG-G006,1,3,长江__结构化反转因子__32项全量清单.md,高频反转 `10m/30m/60m`,高频反转 `10m/30m/60m` :: 10m,\(Rev_V=\sum V_ir_i/\sum V_i\)；放量价格变动更可能过度反应,derivable / extend_daily_aggregation,LOCAL_CONSTRUCTIBLE,READY_FOR_LOCAL_IMPLEMENTATION,公式可由本地 1 分钟 OHLCV/成交笔数或日线面板直接构造。,,LATENT_COMPONENT,True,PASS_BY_CONSTRUCTION: only same-day intraday inputs; published daily value is lagged by the repository loader,,READY_FOR_LOCAL_IMPLEMENTATION
CJ-G006-V02,CHANGJIANG-G006,2,3,长江__结构化反转因子__32项全量清单.md,高频反转 `10m/30m/60m`,高频反转 `10m/30m/60m` :: 30m,\(Rev_V=\sum V_ir_i/\sum V_i\)；放量价格变动更可能过度反应,derivable / extend_daily_aggregation,LOCAL_CONSTRUCTIBLE,READY_FOR_LOCAL_IMPLEMENTATION,公式可由本地 1 分钟 OHLCV/成交笔数或日线面板直接构造。,,LATENT_COMPONENT,True,PASS_BY_CONSTRUCTION: only same-day intraday inputs; published daily value is lagged by the repository loader,,READY_FOR_LOCAL_IMPLEMENTATION
CJ-G006-V03,CHANGJIANG-G006,3,3,长江__结构化反转因子__32项全量清单.md,高频反转 `10m/30m/60m`,高频反转 `10m/30m/60m` :: 60m,\(Rev_V=\sum V_ir_i/\sum V_i\)；放量价格变动更可能过度反应,derivable / extend_daily_aggregation,LOCAL_CONSTRUCTIBLE,READY_FOR_LOCAL_IMPLEMENTATION,公式可由本地 1 分钟 OHLCV/成交笔数或日线面板直接构造。,,LATENT_COMPONENT,True,PASS_BY_CONSTRUCTION: only same-day intraday inputs; published daily value is lagged by the repository loader,,READY_FOR_LOCAL_IMPLEMENTATION
CJ-G007-V01,CHANGJIANG-G007,1,9,长江__结构化反转因子__32项全量清单.md,"动量时间段反转 `Rev_mom[f,q]`，\(f∈\{10,30,60\}m\)，\(q∈\{10,15,20\}\%\)","动量时间段反转 `Rev_mom[f,q]`，\(f∈\{10,30,60\}m\)，\(q∈\{10,15,20\}\%\) :: 10m; volume-tail=10%",\(\sum_{i\in L_q}(1/V_i)r_i/\sum_{L_q}(1/V_i)\)；缩量段更接近信息延续,derivable / extend_daily_aggregation,LOCAL_CONSTRUCTIBLE,READY_FOR_LOCAL_IMPLEMENTATION,公式可由本地 1 分钟 OHLCV/成交笔数或日线面板直接构造。,,LATENT_COMPONENT,True,PASS_BY_CONSTRUCTION: only same-day intraday inputs; published daily value is lagged by the repository loader,,READY_FOR_LOCAL_IMPLEMENTATION
CJ-G007-V02,CHANGJIANG-G007,2,9,长江__结构化反转因子__32项全量清单.md,"动量时间段反转 `Rev_mom[f,q]`，\(f∈\{10,30,60\}m\)，\(q∈\{10,15,20\}\%\)","动量时间段反转 `Rev_mom[f,q]`，\(f∈\{10,30,60\}m\)，\(q∈\{10,15,20\}\%\) :: 10m; volume-tail=15%",\(\sum_{i\in L_q}(1/V_i)r_i/\sum_{L_q}(1/V_i)\)；缩量段更接近信息延续,derivable / extend_daily_aggregation,LOCAL_CONSTRUCTIBLE,READY_FOR_LOCAL_IMPLEMENTATION,公式可由本地 1 分钟 OHLCV/成交笔数或日线面板直接构造。,,LATENT_COMPONENT,True,PASS_BY_CONSTRUCTION: only same-day intraday inputs; published daily value is lagged by the repository loader,,READY_FOR_LOCAL_IMPLEMENTATION
CJ-G007-V03,CHANGJIANG-G007,3,9,长江__结构化反转因子__32项全量清单.md,"动量时间段反转 `Rev_mom[f,q]`，\(f∈\{10,30,60\}m\)，\(q∈\{10,15,20\}\%\)","动量时间段反转 `Rev_mom[f,q]`，\(f∈\{10,30,60\}m\)，\(q∈\{10,15,20\}\%\) :: 10m; volume-tail=20%",\(\sum_{i\in L_q}(1/V_i)r_i/\sum_{L_q}(1/V_i)\)；缩量段更接近信息延续,derivable / extend_daily_aggregation,LOCAL_CONSTRUCTIBLE,READY_FOR_LOCAL_IMPLEMENTATION,公式可由本地 1 分钟 OHLCV/成交笔数或日线面板直接构造。,,LATENT_COMPONENT,True,PASS_BY_CONSTRUCTION: only same-day intraday inputs; published daily value is lagged by the repository loader,,READY_FOR_LOCAL_IMPLEMENTATION
CJ-G007-V04,CHANGJIANG-G007,4,9,长江__结构化反转因子__32项全量清单.md,"动量时间段反转 `Rev_mom[f,q]`，\(f∈\{10,30,60\}m\)，\(q∈\{10,15,20\}\%\)","动量时间段反转 `Rev_mom[f,q]`，\(f∈\{10,30,60\}m\)，\(q∈\{10,15,20\}\%\) :: 30m; volume-tail=10%",\(\sum_{i\in L_q}(1/V_i)r_i/\sum_{L_q}(1/V_i)\)；缩量段更接近信息延续,derivable / extend_daily_aggregation,LOCAL_CONSTRUCTIBLE,READY_FOR_LOCAL_IMPLEMENTATION,公式可由本地 1 分钟 OHLCV/成交笔数或日线面板直接构造。,,LATENT_COMPONENT,True,PASS_BY_CONSTRUCTION: only same-day intraday inputs; published daily value is lagged by the repository loader,,READY_FOR_LOCAL_IMPLEMENTATION
CJ-G007-V05,CHANGJIANG-G007,5,9,长江__结构化反转因子__32项全量清单.md,"动量时间段反转 `Rev_mom[f,q]`，\(f∈\{10,30,60\}m\)，\(q∈\{10,15,20\}\%\)","动量时间段反转 `Rev_mom[f,q]`，\(f∈\{10,30,60\}m\)，\(q∈\{10,15,20\}\%\) :: 30m; volume-tail=15%",\(\sum_{i\in L_q}(1/V_i)r_i/\sum_{L_q}(1/V_i)\)；缩量段更接近信息延续,derivable / extend_daily_aggregation,LOCAL_CONSTRUCTIBLE,READY_FOR_LOCAL_IMPLEMENTATION,公式可由本地 1 分钟 OHLCV/成交笔数或日线面板直接构造。,,LATENT_COMPONENT,True,PASS_BY_CONSTRUCTION: only same-day intraday inputs; published daily value is lagged by the repository loader,,READY_FOR_LOCAL_IMPLEMENTATION
CJ-G007-V06,CHANGJIANG-G007,6,9,长江__结构化反转因子__32项全量清单.md,"动量时间段反转 `Rev_mom[f,q]`，\(f∈\{10,30,60\}m\)，\(q∈\{10,15,20\}\%\)","动量时间段反转 `Rev_mom[f,q]`，\(f∈\{10,30,60\}m\)，\(q∈\{10,15,20\}\%\) :: 30m; volume-tail=20%",\(\sum_{i\in L_q}(1/V_i)r_i/\sum_{L_q}(1/V_i)\)；缩量段更接近信息延续,derivable / extend_daily_aggregation,LOCAL_CONSTRUCTIBLE,READY_FOR_LOCAL_IMPLEMENTATION,公式可由本地 1 分钟 OHLCV/成交笔数或日线面板直接构造。,,LATENT_COMPONENT,True,PASS_BY_CONSTRUCTION: only same-day intraday inputs; published daily value is lagged by the repository loader,,READY_FOR_LOCAL_IMPLEMENTATION
CJ-G007-V07,CHANGJIANG-G007,7,9,长江__结构化反转因子__32项全量清单.md,"动量时间段反转 `Rev_mom[f,q]`，\(f∈\{10,30,60\}m\)，\(q∈\{10,15,20\}\%\)","动量时间段反转 `Rev_mom[f,q]`，\(f∈\{10,30,60\}m\)，\(q∈\{10,15,20\}\%\) :: 60m; volume-tail=10%",\(\sum_{i\in L_q}(1/V_i)r_i/\sum_{L_q}(1/V_i)\)；缩量段更接近信息延续,derivable / extend_daily_aggregation,LOCAL_CONSTRUCTIBLE,READY_FOR_LOCAL_IMPLEMENTATION,公式可由本地 1 分钟 OHLCV/成交笔数或日线面板直接构造。,,LATENT_COMPONENT,True,PASS_BY_CONSTRUCTION: only same-day intraday inputs; published daily value is lagged by the repository loader,,READY_FOR_LOCAL_IMPLEMENTATION
CJ-G007-V08,CHANGJIANG-G007,8,9,长江__结构化反转因子__32项全量清单.md,"动量时间段反转 `Rev_mom[f,q]`，\(f∈\{10,30,60\}m\)，\(q∈\{10,15,20\}\%\)","动量时间段反转 `Rev_mom[f,q]`，\(f∈\{10,30,60\}m\)，\(q∈\{10,15,20\}\%\) :: 60m; volume-tail=15%",\(\sum_{i\in L_q}(1/V_i)r_i/\sum_{L_q}(1/V_i)\)；缩量段更接近信息延续,derivable / extend_daily_aggregation,LOCAL_CONSTRUCTIBLE,READY_FOR_LOCAL_IMPLEMENTATION,公式可由本地 1 分钟 OHLCV/成交笔数或日线面板直接构造。,,LATENT_COMPONENT,True,PASS_BY_CONSTRUCTION: only same-day intraday inputs; published daily value is lagged by the repository loader,,READY_FOR_LOCAL_IMPLEMENTATION
CJ-G007-V09,CHANGJIANG-G007,9,9,长江__结构化反转因子__32项全量清单.md,"动量时间段反转 `Rev_mom[f,q]`，\(f∈\{10,30,60\}m\)，\(q∈\{10,15,20\}\%\)","动量时间段反转 `Rev_mom[f,q]`，\(f∈\{10,30,60\}m\)，\(q∈\{10,15,20\}\%\) :: 60m; volume-tail=20%",\(\sum_{i\in L_q}(1/V_i)r_i/\sum_{L_q}(1/V_i)\)；缩量段更接近信息延续,derivable / extend_daily_aggregation,LOCAL_CONSTRUCTIBLE,READY_FOR_LOCAL_IMPLEMENTATION,公式可由本地 1 分钟 OHLCV/成交笔数或日线面板直接构造。,,LATENT_COMPONENT,True,PASS_BY_CONSTRUCTION: only same-day intraday inputs; published daily value is lagged by the repository loader,,READY_FOR_LOCAL_IMPLEMENTATION
CJ-G008-V01,CHANGJIANG-G008,1,9,长江__结构化反转因子__32项全量清单.md,"反转时间段反转 `Rev_rev[f,q]`，同一 3×3 参数矩阵","反转时间段反转 `Rev_rev[f,q]`，同一 3×3 参数矩阵 :: 10m; volume-tail=10%",\(\sum_{i\in H_q}V_ir_i/\sum_{H_q}V_i\)；放量段更接近过度反应,derivable / extend_daily_aggregation,LOCAL_CONSTRUCTIBLE,READY_FOR_LOCAL_IMPLEMENTATION,公式可由本地 1 分钟 OHLCV/成交笔数或日线面板直接构造。,,LATENT_COMPONENT,True,PASS_BY_CONSTRUCTION: only same-day intraday inputs; published daily value is lagged by the repository loader,,READY_FOR_LOCAL_IMPLEMENTATION
CJ-G008-V02,CHANGJIANG-G008,2,9,长江__结构化反转因子__32项全量清单.md,"反转时间段反转 `Rev_rev[f,q]`，同一 3×3 参数矩阵","反转时间段反转 `Rev_rev[f,q]`，同一 3×3 参数矩阵 :: 10m; volume-tail=15%",\(\sum_{i\in H_q}V_ir_i/\sum_{H_q}V_i\)；放量段更接近过度反应,derivable / extend_daily_aggregation,LOCAL_CONSTRUCTIBLE,READY_FOR_LOCAL_IMPLEMENTATION,公式可由本地 1 分钟 OHLCV/成交笔数或日线面板直接构造。,,LATENT_COMPONENT,True,PASS_BY_CONSTRUCTION: only same-day intraday inputs; published daily value is lagged by the repository loader,,READY_FOR_LOCAL_IMPLEMENTATION
CJ-G008-V03,CHANGJIANG-G008,3,9,长江__结构化反转因子__32项全量清单.md,"反转时间段反转 `Rev_rev[f,q]`，同一 3×3 参数矩阵","反转时间段反转 `Rev_rev[f,q]`，同一 3×3 参数矩阵 :: 10m; volume-tail=20%",\(\sum_{i\in H_q}V_ir_i/\sum_{H_q}V_i\)；放量段更接近过度反应,derivable / extend_daily_aggregation,LOCAL_CONSTRUCTIBLE,READY_FOR_LOCAL_IMPLEMENTATION,公式可由本地 1 分钟 OHLCV/成交笔数或日线面板直接构造。,,LATENT_COMPONENT,True,PASS_BY_CONSTRUCTION: only same-day intraday inputs; published daily value is lagged by the repository loader,,READY_FOR_LOCAL_IMPLEMENTATION
CJ-G008-V04,CHANGJIANG-G008,4,9,长江__结构化反转因子__32项全量清单.md,"反转时间段反转 `Rev_rev[f,q]`，同一 3×3 参数矩阵","反转时间段反转 `Rev_rev[f,q]`，同一 3×3 参数矩阵 :: 30m; volume-tail=10%",\(\sum_{i\in H_q}V_ir_i/\sum_{H_q}V_i\)；放量段更接近过度反应,derivable / extend_daily_aggregation,LOCAL_CONSTRUCTIBLE,READY_FOR_LOCAL_IMPLEMENTATION,公式可由本地 1 分钟 OHLCV/成交笔数或日线面板直接构造。,,LATENT_COMPONENT,True,PASS_BY_CONSTRUCTION: only same-day intraday inputs; published daily value is lagged by the repository loader,,READY_FOR_LOCAL_IMPLEMENTATION
CJ-G008-V05,CHANGJIANG-G008,5,9,长江__结构化反转因子__32项全量清单.md,"反转时间段反转 `Rev_rev[f,q]`，同一 3×3 参数矩阵","反转时间段反转 `Rev_rev[f,q]`，同一 3×3 参数矩阵 :: 30m; volume-tail=15%",\(\sum_{i\in H_q}V_ir_i/\sum_{H_q}V_i\)；放量段更接近过度反应,derivable / extend_daily_aggregation,LOCAL_CONSTRUCTIBLE,READY_FOR_LOCAL_IMPLEMENTATION,公式可由本地 1 分钟 OHLCV/成交笔数或日线面板直接构造。,,LATENT_COMPONENT,True,PASS_BY_CONSTRUCTION: only same-day intraday inputs; published daily value is lagged by the repository loader,,READY_FOR_LOCAL_IMPLEMENTATION
CJ-G008-V06,CHANGJIANG-G008,6,9,长江__结构化反转因子__32项全量清单.md,"反转时间段反转 `Rev_rev[f,q]`，同一 3×3 参数矩阵","反转时间段反转 `Rev_rev[f,q]`，同一 3×3 参数矩阵 :: 30m; volume-tail=20%",\(\sum_{i\in H_q}V_ir_i/\sum_{H_q}V_i\)；放量段更接近过度反应,derivable / extend_daily_aggregation,LOCAL_CONSTRUCTIBLE,READY_FOR_LOCAL_IMPLEMENTATION,公式可由本地 1 分钟 OHLCV/成交笔数或日线面板直接构造。,,LATENT_COMPONENT,True,PASS_BY_CONSTRUCTION: only same-day intraday inputs; published daily value is lagged by the repository loader,,READY_FOR_LOCAL_IMPLEMENTATION
CJ-G008-V07,CHANGJIANG-G008,7,9,长江__结构化反转因子__32项全量清单.md,"反转时间段反转 `Rev_rev[f,q]`，同一 3×3 参数矩阵","反转时间段反转 `Rev_rev[f,q]`，同一 3×3 参数矩阵 :: 60m; volume-tail=10%",\(\sum_{i\in H_q}V_ir_i/\sum_{H_q}V_i\)；放量段更接近过度反应,derivable / extend_daily_aggregation,LOCAL_CONSTRUCTIBLE,READY_FOR_LOCAL_IMPLEMENTATION,公式可由本地 1 分钟 OHLCV/成交笔数或日线面板直接构造。,,LATENT_COMPONENT,True,PASS_BY_CONSTRUCTION: only same-day intraday inputs; published daily value is lagged by the repository loader,,READY_FOR_LOCAL_IMPLEMENTATION
CJ-G008-V08,CHANGJIANG-G008,8,9,长江__结构化反转因子__32项全量清单.md,"反转时间段反转 `Rev_rev[f,q]`，同一 3×3 参数矩阵","反转时间段反转 `Rev_rev[f,q]`，同一 3×3 参数矩阵 :: 60m; volume-tail=15%",\(\sum_{i\in H_q}V_ir_i/\sum_{H_q}V_i\)；放量段更接近过度反应,derivable / extend_daily_aggregation,LOCAL_CONSTRUCTIBLE,READY_FOR_LOCAL_IMPLEMENTATION,公式可由本地 1 分钟 OHLCV/成交笔数或日线面板直接构造。,,LATENT_COMPONENT,True,PASS_BY_CONSTRUCTION: only same-day intraday inputs; published daily value is lagged by the repository loader,,READY_FOR_LOCAL_IMPLEMENTATION
CJ-G008-V09,CHANGJIANG-G008,9,9,长江__结构化反转因子__32项全量清单.md,"反转时间段反转 `Rev_rev[f,q]`，同一 3×3 参数矩阵","反转时间段反转 `Rev_rev[f,q]`，同一 3×3 参数矩阵 :: 60m; volume-tail=20%",\(\sum_{i\in H_q}V_ir_i/\sum_{H_q}V_i\)；放量段更接近过度反应,derivable / extend_daily_aggregation,LOCAL_CONSTRUCTIBLE,READY_FOR_LOCAL_IMPLEMENTATION,公式可由本地 1 分钟 OHLCV/成交笔数或日线面板直接构造。,,LATENT_COMPONENT,True,PASS_BY_CONSTRUCTION: only same-day intraday inputs; published daily value is lagged by the repository loader,,READY_FOR_LOCAL_IMPLEMENTATION
CJ-G009-V01,CHANGJIANG-G009,1,9,长江__结构化反转因子__32项全量清单.md,"结构化反转 `Rev_struct[f,q]`，同一 3×3 参数矩阵","结构化反转 `Rev_struct[f,q]`，同一 3×3 参数矩阵 :: 10m; volume-tail=10%",\(Rev_{rev}-Rev_{mom}\)；同时放大反转段并反向纳入动量段,derivable / extend_daily_aggregation,LOCAL_CONSTRUCTIBLE,READY_FOR_LOCAL_IMPLEMENTATION,公式可由本地 1 分钟 OHLCV/成交笔数或日线面板直接构造。,,LATENT_COMPONENT,True,PASS_BY_CONSTRUCTION: only same-day intraday inputs; published daily value is lagged by the repository loader,,READY_FOR_LOCAL_IMPLEMENTATION
CJ-G009-V02,CHANGJIANG-G009,2,9,长江__结构化反转因子__32项全量清单.md,"结构化反转 `Rev_struct[f,q]`，同一 3×3 参数矩阵","结构化反转 `Rev_struct[f,q]`，同一 3×3 参数矩阵 :: 10m; volume-tail=15%",\(Rev_{rev}-Rev_{mom}\)；同时放大反转段并反向纳入动量段,derivable / extend_daily_aggregation,LOCAL_CONSTRUCTIBLE,READY_FOR_LOCAL_IMPLEMENTATION,公式可由本地 1 分钟 OHLCV/成交笔数或日线面板直接构造。,,LATENT_COMPONENT,True,PASS_BY_CONSTRUCTION: only same-day intraday inputs; published daily value is lagged by the repository loader,,READY_FOR_LOCAL_IMPLEMENTATION
CJ-G009-V03,CHANGJIANG-G009,3,9,长江__结构化反转因子__32项全量清单.md,"结构化反转 `Rev_struct[f,q]`，同一 3×3 参数矩阵","结构化反转 `Rev_struct[f,q]`，同一 3×3 参数矩阵 :: 10m; volume-tail=20%",\(Rev_{rev}-Rev_{mom}\)；同时放大反转段并反向纳入动量段,derivable / extend_daily_aggregation,LOCAL_CONSTRUCTIBLE,READY_FOR_LOCAL_IMPLEMENTATION,公式可由本地 1 分钟 OHLCV/成交笔数或日线面板直接构造。,,LATENT_COMPONENT,True,PASS_BY_CONSTRUCTION: only same-day intraday inputs; published daily value is lagged by the repository loader,,READY_FOR_LOCAL_IMPLEMENTATION
CJ-G009-V04,CHANGJIANG-G009,4,9,长江__结构化反转因子__32项全量清单.md,"结构化反转 `Rev_struct[f,q]`，同一 3×3 参数矩阵","结构化反转 `Rev_struct[f,q]`，同一 3×3 参数矩阵 :: 30m; volume-tail=10%",\(Rev_{rev}-Rev_{mom}\)；同时放大反转段并反向纳入动量段,derivable / extend_daily_aggregation,LOCAL_CONSTRUCTIBLE,READY_FOR_LOCAL_IMPLEMENTATION,公式可由本地 1 分钟 OHLCV/成交笔数或日线面板直接构造。,,LATENT_COMPONENT,True,PASS_BY_CONSTRUCTION: only same-day intraday inputs; published daily value is lagged by the repository loader,,READY_FOR_LOCAL_IMPLEMENTATION
CJ-G009-V05,CHANGJIANG-G009,5,9,长江__结构化反转因子__32项全量清单.md,"结构化反转 `Rev_struct[f,q]`，同一 3×3 参数矩阵","结构化反转 `Rev_struct[f,q]`，同一 3×3 参数矩阵 :: 30m; volume-tail=15%",\(Rev_{rev}-Rev_{mom}\)；同时放大反转段并反向纳入动量段,derivable / extend_daily_aggregation,LOCAL_CONSTRUCTIBLE,READY_FOR_LOCAL_IMPLEMENTATION,公式可由本地 1 分钟 OHLCV/成交笔数或日线面板直接构造。,,LATENT_COMPONENT,True,PASS_BY_CONSTRUCTION: only same-day intraday inputs; published daily value is lagged by the repository loader,,READY_FOR_LOCAL_IMPLEMENTATION
CJ-G009-V06,CHANGJIANG-G009,6,9,长江__结构化反转因子__32项全量清单.md,"结构化反转 `Rev_struct[f,q]`，同一 3×3 参数矩阵","结构化反转 `Rev_struct[f,q]`，同一 3×3 参数矩阵 :: 30m; volume-tail=20%",\(Rev_{rev}-Rev_{mom}\)；同时放大反转段并反向纳入动量段,derivable / extend_daily_aggregation,LOCAL_CONSTRUCTIBLE,READY_FOR_LOCAL_IMPLEMENTATION,公式可由本地 1 分钟 OHLCV/成交笔数或日线面板直接构造。,,LATENT_COMPONENT,True,PASS_BY_CONSTRUCTION: only same-day intraday inputs; published daily value is lagged by the repository loader,,READY_FOR_LOCAL_IMPLEMENTATION
CJ-G009-V07,CHANGJIANG-G009,7,9,长江__结构化反转因子__32项全量清单.md,"结构化反转 `Rev_struct[f,q]`，同一 3×3 参数矩阵","结构化反转 `Rev_struct[f,q]`，同一 3×3 参数矩阵 :: 60m; volume-tail=10%",\(Rev_{rev}-Rev_{mom}\)；同时放大反转段并反向纳入动量段,derivable / extend_daily_aggregation,LOCAL_CONSTRUCTIBLE,READY_FOR_LOCAL_IMPLEMENTATION,公式可由本地 1 分钟 OHLCV/成交笔数或日线面板直接构造。,,LATENT_COMPONENT,True,PASS_BY_CONSTRUCTION: only same-day intraday inputs; published daily value is lagged by the repository loader,,READY_FOR_LOCAL_IMPLEMENTATION
CJ-G009-V08,CHANGJIANG-G009,8,9,长江__结构化反转因子__32项全量清单.md,"结构化反转 `Rev_struct[f,q]`，同一 3×3 参数矩阵","结构化反转 `Rev_struct[f,q]`，同一 3×3 参数矩阵 :: 60m; volume-tail=15%",\(Rev_{rev}-Rev_{mom}\)；同时放大反转段并反向纳入动量段,derivable / extend_daily_aggregation,LOCAL_CONSTRUCTIBLE,READY_FOR_LOCAL_IMPLEMENTATION,公式可由本地 1 分钟 OHLCV/成交笔数或日线面板直接构造。,,LATENT_COMPONENT,True,PASS_BY_CONSTRUCTION: only same-day intraday inputs; published daily value is lagged by the repository loader,,READY_FOR_LOCAL_IMPLEMENTATION
CJ-G009-V09,CHANGJIANG-G009,9,9,长江__结构化反转因子__32项全量清单.md,"结构化反转 `Rev_struct[f,q]`，同一 3×3 参数矩阵","结构化反转 `Rev_struct[f,q]`，同一 3×3 参数矩阵 :: 60m; volume-tail=20%",\(Rev_{rev}-Rev_{mom}\)；同时放大反转段并反向纳入动量段,derivable / extend_daily_aggregation,LOCAL_CONSTRUCTIBLE,READY_FOR_LOCAL_IMPLEMENTATION,公式可由本地 1 分钟 OHLCV/成交笔数或日线面板直接构造。,,LATENT_COMPONENT,True,PASS_BY_CONSTRUCTION: only same-day intraday inputs; published daily value is lagged by the repository loader,,READY_FOR_LOCAL_IMPLEMENTATION
CJ-G010-V01,CHANGJIANG-G010,1,6,长江__高频因子研究框架__26项全量清单.md,`10m/5m/2m × 当日成交额1%`；`10m/5m/2m × sqrt(成交额万元)`,`10m/5m/2m × 当日成交额1%`；`10m/5m/2m × sqrt(成交额万元)` :: variant 01/06,沿用 [[长江__流动性溢价因子__18项全量清单]]，仅将模拟资金改为个股成交额的线性或开方尺度；控制规模并提高小样本适应性,derivable / extend_daily_aggregation,LOCAL_CONSTRUCTIBLE,BLOCKED_FORMULA_UNDERDETERMINED,报告清单不足以唯一冻结权重、窗口、归一化或被损坏的公式。,,LATENT_COMPONENT,True,PASS_BY_CONSTRUCTION: only same-day intraday inputs; published daily value is lagged by the repository loader,,BLOCKED_FORMULA_UNDERDETERMINED
CJ-G010-V02,CHANGJIANG-G010,2,6,长江__高频因子研究框架__26项全量清单.md,`10m/5m/2m × 当日成交额1%`；`10m/5m/2m × sqrt(成交额万元)`,`10m/5m/2m × 当日成交额1%`；`10m/5m/2m × sqrt(成交额万元)` :: variant 02/06,沿用 [[长江__流动性溢价因子__18项全量清单]]，仅将模拟资金改为个股成交额的线性或开方尺度；控制规模并提高小样本适应性,derivable / extend_daily_aggregation,LOCAL_CONSTRUCTIBLE,BLOCKED_FORMULA_UNDERDETERMINED,报告清单不足以唯一冻结权重、窗口、归一化或被损坏的公式。,,LATENT_COMPONENT,True,PASS_BY_CONSTRUCTION: only same-day intraday inputs; published daily value is lagged by the repository loader,,BLOCKED_FORMULA_UNDERDETERMINED
CJ-G010-V03,CHANGJIANG-G010,3,6,长江__高频因子研究框架__26项全量清单.md,`10m/5m/2m × 当日成交额1%`；`10m/5m/2m × sqrt(成交额万元)`,`10m/5m/2m × 当日成交额1%`；`10m/5m/2m × sqrt(成交额万元)` :: variant 03/06,沿用 [[长江__流动性溢价因子__18项全量清单]]，仅将模拟资金改为个股成交额的线性或开方尺度；控制规模并提高小样本适应性,derivable / extend_daily_aggregation,LOCAL_CONSTRUCTIBLE,BLOCKED_FORMULA_UNDERDETERMINED,报告清单不足以唯一冻结权重、窗口、归一化或被损坏的公式。,,LATENT_COMPONENT,True,PASS_BY_CONSTRUCTION: only same-day intraday inputs; published daily value is lagged by the repository loader,,BLOCKED_FORMULA_UNDERDETERMINED
CJ-G010-V04,CHANGJIANG-G010,4,6,长江__高频因子研究框架__26项全量清单.md,`10m/5m/2m × 当日成交额1%`；`10m/5m/2m × sqrt(成交额万元)`,`10m/5m/2m × 当日成交额1%`；`10m/5m/2m × sqrt(成交额万元)` :: variant 04/06,沿用 [[长江__流动性溢价因子__18项全量清单]]，仅将模拟资金改为个股成交额的线性或开方尺度；控制规模并提高小样本适应性,derivable / extend_daily_aggregation,LOCAL_CONSTRUCTIBLE,BLOCKED_FORMULA_UNDERDETERMINED,报告清单不足以唯一冻结权重、窗口、归一化或被损坏的公式。,,LATENT_COMPONENT,True,PASS_BY_CONSTRUCTION: only same-day intraday inputs; published daily value is lagged by the repository loader,,BLOCKED_FORMULA_UNDERDETERMINED
CJ-G010-V05,CHANGJIANG-G010,5,6,长江__高频因子研究框架__26项全量清单.md,`10m/5m/2m × 当日成交额1%`；`10m/5m/2m × sqrt(成交额万元)`,`10m/5m/2m × 当日成交额1%`；`10m/5m/2m × sqrt(成交额万元)` :: variant 05/06,沿用 [[长江__流动性溢价因子__18项全量清单]]，仅将模拟资金改为个股成交额的线性或开方尺度；控制规模并提高小样本适应性,derivable / extend_daily_aggregation,LOCAL_CONSTRUCTIBLE,BLOCKED_FORMULA_UNDERDETERMINED,报告清单不足以唯一冻结权重、窗口、归一化或被损坏的公式。,,LATENT_COMPONENT,True,PASS_BY_CONSTRUCTION: only same-day intraday inputs; published daily value is lagged by the repository loader,,BLOCKED_FORMULA_UNDERDETERMINED
CJ-G010-V06,CHANGJIANG-G010,6,6,长江__高频因子研究框架__26项全量清单.md,`10m/5m/2m × 当日成交额1%`；`10m/5m/2m × sqrt(成交额万元)`,`10m/5m/2m × 当日成交额1%`；`10m/5m/2m × sqrt(成交额万元)` :: variant 06/06,沿用 [[长江__流动性溢价因子__18项全量清单]]，仅将模拟资金改为个股成交额的线性或开方尺度；控制规模并提高小样本适应性,derivable / extend_daily_aggregation,LOCAL_CONSTRUCTIBLE,BLOCKED_FORMULA_UNDERDETERMINED,报告清单不足以唯一冻结权重、窗口、归一化或被损坏的公式。,,LATENT_COMPONENT,True,PASS_BY_CONSTRUCTION: only same-day intraday inputs; published daily value is lagged by the repository loader,,BLOCKED_FORMULA_UNDERDETERMINED
CJ-G011-V01,CHANGJIANG-G011,1,4,长江__高频因子研究框架__26项全量清单.md,`5m×5%`、`5m×10%`、`10m×5%`、`10m×10%`,`5m×5%`、`5m×10%`、`10m×5%`、`10m×10%` :: 5m; volume-tail=5%,\(Rev_{rev}-Rev_{mom}\),derivable / extend_daily_aggregation,LOCAL_CONSTRUCTIBLE,READY_FOR_LOCAL_IMPLEMENTATION,公式可由本地 1 分钟 OHLCV/成交笔数或日线面板直接构造。,,LATENT_COMPONENT,True,PASS_BY_CONSTRUCTION: only same-day intraday inputs; published daily value is lagged by the repository loader,,READY_FOR_LOCAL_IMPLEMENTATION
CJ-G011-V02,CHANGJIANG-G011,2,4,长江__高频因子研究框架__26项全量清单.md,`5m×5%`、`5m×10%`、`10m×5%`、`10m×10%`,`5m×5%`、`5m×10%`、`10m×5%`、`10m×10%` :: 5m; volume-tail=10%,\(Rev_{rev}-Rev_{mom}\),derivable / extend_daily_aggregation,LOCAL_CONSTRUCTIBLE,READY_FOR_LOCAL_IMPLEMENTATION,公式可由本地 1 分钟 OHLCV/成交笔数或日线面板直接构造。,,LATENT_COMPONENT,True,PASS_BY_CONSTRUCTION: only same-day intraday inputs; published daily value is lagged by the repository loader,,READY_FOR_LOCAL_IMPLEMENTATION
CJ-G011-V03,CHANGJIANG-G011,3,4,长江__高频因子研究框架__26项全量清单.md,`5m×5%`、`5m×10%`、`10m×5%`、`10m×10%`,`5m×5%`、`5m×10%`、`10m×5%`、`10m×10%` :: 10m; volume-tail=5%,\(Rev_{rev}-Rev_{mom}\),derivable / extend_daily_aggregation,LOCAL_CONSTRUCTIBLE,READY_FOR_LOCAL_IMPLEMENTATION,公式可由本地 1 分钟 OHLCV/成交笔数或日线面板直接构造。,,LATENT_COMPONENT,True,PASS_BY_CONSTRUCTION: only same-day intraday inputs; published daily value is lagged by the repository loader,,READY_FOR_LOCAL_IMPLEMENTATION
CJ-G011-V04,CHANGJIANG-G011,4,4,长江__高频因子研究框架__26项全量清单.md,`5m×5%`、`5m×10%`、`10m×5%`、`10m×10%`,`5m×5%`、`5m×10%`、`10m×5%`、`10m×10%` :: 10m; volume-tail=10%,\(Rev_{rev}-Rev_{mom}\),derivable / extend_daily_aggregation,LOCAL_CONSTRUCTIBLE,READY_FOR_LOCAL_IMPLEMENTATION,公式可由本地 1 分钟 OHLCV/成交笔数或日线面板直接构造。,,LATENT_COMPONENT,True,PASS_BY_CONSTRUCTION: only same-day intraday inputs; published daily value is lagged by the repository loader,,READY_FOR_LOCAL_IMPLEMENTATION
CJ-G012-V01,CHANGJIANG-G012,1,4,长江__高频因子研究框架__26项全量清单.md,同一 `频率×阈值` 矩阵,同一 `频率×阈值` 矩阵 :: 5m; volume-tail=5%,放量区间成交量加权收益,derivable / extend_daily_aggregation,LOCAL_CONSTRUCTIBLE,READY_FOR_LOCAL_IMPLEMENTATION,公式可由本地 1 分钟 OHLCV/成交笔数或日线面板直接构造。,,LATENT_COMPONENT,True,PASS_BY_CONSTRUCTION: only same-day intraday inputs; published daily value is lagged by the repository loader,,READY_FOR_LOCAL_IMPLEMENTATION
CJ-G012-V02,CHANGJIANG-G012,2,4,长江__高频因子研究框架__26项全量清单.md,同一 `频率×阈值` 矩阵,同一 `频率×阈值` 矩阵 :: 5m; volume-tail=10%,放量区间成交量加权收益,derivable / extend_daily_aggregation,LOCAL_CONSTRUCTIBLE,READY_FOR_LOCAL_IMPLEMENTATION,公式可由本地 1 分钟 OHLCV/成交笔数或日线面板直接构造。,,LATENT_COMPONENT,True,PASS_BY_CONSTRUCTION: only same-day intraday inputs; published daily value is lagged by the repository loader,,READY_FOR_LOCAL_IMPLEMENTATION
CJ-G012-V03,CHANGJIANG-G012,3,4,长江__高频因子研究框架__26项全量清单.md,同一 `频率×阈值` 矩阵,同一 `频率×阈值` 矩阵 :: 10m; volume-tail=5%,放量区间成交量加权收益,derivable / extend_daily_aggregation,LOCAL_CONSTRUCTIBLE,READY_FOR_LOCAL_IMPLEMENTATION,公式可由本地 1 分钟 OHLCV/成交笔数或日线面板直接构造。,,LATENT_COMPONENT,True,PASS_BY_CONSTRUCTION: only same-day intraday inputs; published daily value is lagged by the repository loader,,READY_FOR_LOCAL_IMPLEMENTATION
CJ-G012-V04,CHANGJIANG-G012,4,4,长江__高频因子研究框架__26项全量清单.md,同一 `频率×阈值` 矩阵,同一 `频率×阈值` 矩阵 :: 10m; volume-tail=10%,放量区间成交量加权收益,derivable / extend_daily_aggregation,LOCAL_CONSTRUCTIBLE,READY_FOR_LOCAL_IMPLEMENTATION,公式可由本地 1 分钟 OHLCV/成交笔数或日线面板直接构造。,,LATENT_COMPONENT,True,PASS_BY_CONSTRUCTION: only same-day intraday inputs; published daily value is lagged by the repository loader,,READY_FOR_LOCAL_IMPLEMENTATION
CJ-G013-V01,CHANGJIANG-G013,1,4,长江__高频因子研究框架__26项全量清单.md,同一 `频率×阈值` 矩阵,同一 `频率×阈值` 矩阵 :: 5m; volume-tail=5%,缩量区间成交量倒数加权收益,derivable / extend_daily_aggregation,LOCAL_CONSTRUCTIBLE,READY_FOR_LOCAL_IMPLEMENTATION,公式可由本地 1 分钟 OHLCV/成交笔数或日线面板直接构造。,,LATENT_COMPONENT,True,PASS_BY_CONSTRUCTION: only same-day intraday inputs; published daily value is lagged by the repository loader,,READY_FOR_LOCAL_IMPLEMENTATION
CJ-G013-V02,CHANGJIANG-G013,2,4,长江__高频因子研究框架__26项全量清单.md,同一 `频率×阈值` 矩阵,同一 `频率×阈值` 矩阵 :: 5m; volume-tail=10%,缩量区间成交量倒数加权收益,derivable / extend_daily_aggregation,LOCAL_CONSTRUCTIBLE,READY_FOR_LOCAL_IMPLEMENTATION,公式可由本地 1 分钟 OHLCV/成交笔数或日线面板直接构造。,,LATENT_COMPONENT,True,PASS_BY_CONSTRUCTION: only same-day intraday inputs; published daily value is lagged by the repository loader,,READY_FOR_LOCAL_IMPLEMENTATION
CJ-G013-V03,CHANGJIANG-G013,3,4,长江__高频因子研究框架__26项全量清单.md,同一 `频率×阈值` 矩阵,同一 `频率×阈值` 矩阵 :: 10m; volume-tail=5%,缩量区间成交量倒数加权收益,derivable / extend_daily_aggregation,LOCAL_CONSTRUCTIBLE,READY_FOR_LOCAL_IMPLEMENTATION,公式可由本地 1 分钟 OHLCV/成交笔数或日线面板直接构造。,,LATENT_COMPONENT,True,PASS_BY_CONSTRUCTION: only same-day intraday inputs; published daily value is lagged by the repository loader,,READY_FOR_LOCAL_IMPLEMENTATION
CJ-G013-V04,CHANGJIANG-G013,4,4,长江__高频因子研究框架__26项全量清单.md,同一 `频率×阈值` 矩阵,同一 `频率×阈值` 矩阵 :: 10m; volume-tail=10%,缩量区间成交量倒数加权收益,derivable / extend_daily_aggregation,LOCAL_CONSTRUCTIBLE,READY_FOR_LOCAL_IMPLEMENTATION,公式可由本地 1 分钟 OHLCV/成交笔数或日线面板直接构造。,,LATENT_COMPONENT,True,PASS_BY_CONSTRUCTION: only same-day intraday inputs; published daily value is lagged by the repository loader,,READY_FOR_LOCAL_IMPLEMENTATION
CJ-G014-V01,CHANGJIANG-G014,1,4,长江__高频因子研究框架__26项全量清单.md,`5m/10m × 等权/成交量加权`,`5m/10m × 等权/成交量加权` :: 5m; equal,过去 21 日每天第一根 K 线收益的均值或成交量加权和；隔夜信息与开盘过度反应,derivable / extend_daily_aggregation,LOCAL_CONSTRUCTIBLE,READY_FOR_LOCAL_IMPLEMENTATION,公式可由本地 1 分钟 OHLCV/成交笔数或日线面板直接构造。,,LATENT_COMPONENT,True,PASS_BY_CONSTRUCTION: only same-day intraday inputs; published daily value is lagged by the repository loader,,READY_FOR_LOCAL_IMPLEMENTATION
CJ-G014-V02,CHANGJIANG-G014,2,4,长江__高频因子研究框架__26项全量清单.md,`5m/10m × 等权/成交量加权`,`5m/10m × 等权/成交量加权` :: 5m; volume_weighted,过去 21 日每天第一根 K 线收益的均值或成交量加权和；隔夜信息与开盘过度反应,derivable / extend_daily_aggregation,LOCAL_CONSTRUCTIBLE,READY_FOR_LOCAL_IMPLEMENTATION,公式可由本地 1 分钟 OHLCV/成交笔数或日线面板直接构造。,,LATENT_COMPONENT,True,PASS_BY_CONSTRUCTION: only same-day intraday inputs; published daily value is lagged by the repository loader,,READY_FOR_LOCAL_IMPLEMENTATION
CJ-G014-V03,CHANGJIANG-G014,3,4,长江__高频因子研究框架__26项全量清单.md,`5m/10m × 等权/成交量加权`,`5m/10m × 等权/成交量加权` :: 10m; equal,过去 21 日每天第一根 K 线收益的均值或成交量加权和；隔夜信息与开盘过度反应,derivable / extend_daily_aggregation,LOCAL_CONSTRUCTIBLE,READY_FOR_LOCAL_IMPLEMENTATION,公式可由本地 1 分钟 OHLCV/成交笔数或日线面板直接构造。,,LATENT_COMPONENT,True,PASS_BY_CONSTRUCTION: only same-day intraday inputs; published daily value is lagged by the repository loader,,READY_FOR_LOCAL_IMPLEMENTATION
CJ-G014-V04,CHANGJIANG-G014,4,4,长江__高频因子研究框架__26项全量清单.md,`5m/10m × 等权/成交量加权`,`5m/10m × 等权/成交量加权` :: 10m; volume_weighted,过去 21 日每天第一根 K 线收益的均值或成交量加权和；隔夜信息与开盘过度反应,derivable / extend_daily_aggregation,LOCAL_CONSTRUCTIBLE,READY_FOR_LOCAL_IMPLEMENTATION,公式可由本地 1 分钟 OHLCV/成交笔数或日线面板直接构造。,,LATENT_COMPONENT,True,PASS_BY_CONSTRUCTION: only same-day intraday inputs; published daily value is lagged by the repository loader,,READY_FOR_LOCAL_IMPLEMENTATION
CJ-G015-V01,CHANGJIANG-G015,1,4,长江__高频因子研究框架__26项全量清单.md,`5m/10m × 等权/成交量加权`,`5m/10m × 等权/成交量加权` :: 5m; equal,排除每天第一根 K 线后聚合收益；隔离连续交易时段反转,derivable / extend_daily_aggregation,LOCAL_CONSTRUCTIBLE,READY_FOR_LOCAL_IMPLEMENTATION,公式可由本地 1 分钟 OHLCV/成交笔数或日线面板直接构造。,,LATENT_COMPONENT,True,PASS_BY_CONSTRUCTION: only same-day intraday inputs; published daily value is lagged by the repository loader,,READY_FOR_LOCAL_IMPLEMENTATION
CJ-G015-V02,CHANGJIANG-G015,2,4,长江__高频因子研究框架__26项全量清单.md,`5m/10m × 等权/成交量加权`,`5m/10m × 等权/成交量加权` :: 5m; volume_weighted,排除每天第一根 K 线后聚合收益；隔离连续交易时段反转,derivable / extend_daily_aggregation,LOCAL_CONSTRUCTIBLE,READY_FOR_LOCAL_IMPLEMENTATION,公式可由本地 1 分钟 OHLCV/成交笔数或日线面板直接构造。,,LATENT_COMPONENT,True,PASS_BY_CONSTRUCTION: only same-day intraday inputs; published daily value is lagged by the repository loader,,READY_FOR_LOCAL_IMPLEMENTATION
CJ-G015-V03,CHANGJIANG-G015,3,4,长江__高频因子研究框架__26项全量清单.md,`5m/10m × 等权/成交量加权`,`5m/10m × 等权/成交量加权` :: 10m; equal,排除每天第一根 K 线后聚合收益；隔离连续交易时段反转,derivable / extend_daily_aggregation,LOCAL_CONSTRUCTIBLE,READY_FOR_LOCAL_IMPLEMENTATION,公式可由本地 1 分钟 OHLCV/成交笔数或日线面板直接构造。,,LATENT_COMPONENT,True,PASS_BY_CONSTRUCTION: only same-day intraday inputs; published daily value is lagged by the repository loader,,READY_FOR_LOCAL_IMPLEMENTATION
CJ-G015-V04,CHANGJIANG-G015,4,4,长江__高频因子研究框架__26项全量清单.md,`5m/10m × 等权/成交量加权`,`5m/10m × 等权/成交量加权` :: 10m; volume_weighted,排除每天第一根 K 线后聚合收益；隔离连续交易时段反转,derivable / extend_daily_aggregation,LOCAL_CONSTRUCTIBLE,READY_FOR_LOCAL_IMPLEMENTATION,公式可由本地 1 分钟 OHLCV/成交笔数或日线面板直接构造。,,LATENT_COMPONENT,True,PASS_BY_CONSTRUCTION: only same-day intraday inputs; published daily value is lagged by the repository loader,,READY_FOR_LOCAL_IMPLEMENTATION
CJ-G016-V01,CHANGJIANG-G016,1,6,长江__高频因子和交易行为__15项全量清单.md,`收益5分`、`收益日线`、`残差收益5分`、`残差收益日线`、`轨迹5分`、`轨迹日线`,`收益5分`、`收益日线`、`残差收益5分`、`残差收益日线`、`轨迹5分`、`轨迹日线` :: variant 01/06,Amihud：\(\operatorname{mean}(,/A_i)\)；残差版将 \(r_i\) 换为相对上证指数回归残差；轨迹版 \(\log\prod(1+,UNCLASSIFIED,BLOCKED_FORMULA_UNDERDETERMINED,报告清单不足以唯一冻结权重、窗口、归一化或被损坏的公式。,,LATENT_COMPONENT,True,PASS_BY_CONSTRUCTION: only same-day intraday inputs; published daily value is lagged by the repository loader,,BLOCKED_FORMULA_UNDERDETERMINED
CJ-G016-V02,CHANGJIANG-G016,2,6,长江__高频因子和交易行为__15项全量清单.md,`收益5分`、`收益日线`、`残差收益5分`、`残差收益日线`、`轨迹5分`、`轨迹日线`,`收益5分`、`收益日线`、`残差收益5分`、`残差收益日线`、`轨迹5分`、`轨迹日线` :: variant 02/06,Amihud：\(\operatorname{mean}(,/A_i)\)；残差版将 \(r_i\) 换为相对上证指数回归残差；轨迹版 \(\log\prod(1+,UNCLASSIFIED,BLOCKED_FORMULA_UNDERDETERMINED,报告清单不足以唯一冻结权重、窗口、归一化或被损坏的公式。,,LATENT_COMPONENT,True,PASS_BY_CONSTRUCTION: only same-day intraday inputs; published daily value is lagged by the repository loader,,BLOCKED_FORMULA_UNDERDETERMINED
CJ-G016-V03,CHANGJIANG-G016,3,6,长江__高频因子和交易行为__15项全量清单.md,`收益5分`、`收益日线`、`残差收益5分`、`残差收益日线`、`轨迹5分`、`轨迹日线`,`收益5分`、`收益日线`、`残差收益5分`、`残差收益日线`、`轨迹5分`、`轨迹日线` :: variant 03/06,Amihud：\(\operatorname{mean}(,/A_i)\)；残差版将 \(r_i\) 换为相对上证指数回归残差；轨迹版 \(\log\prod(1+,UNCLASSIFIED,BLOCKED_FORMULA_UNDERDETERMINED,报告清单不足以唯一冻结权重、窗口、归一化或被损坏的公式。,,LATENT_COMPONENT,True,PASS_BY_CONSTRUCTION: only same-day intraday inputs; published daily value is lagged by the repository loader,,BLOCKED_FORMULA_UNDERDETERMINED
CJ-G016-V04,CHANGJIANG-G016,4,6,长江__高频因子和交易行为__15项全量清单.md,`收益5分`、`收益日线`、`残差收益5分`、`残差收益日线`、`轨迹5分`、`轨迹日线`,`收益5分`、`收益日线`、`残差收益5分`、`残差收益日线`、`轨迹5分`、`轨迹日线` :: variant 04/06,Amihud：\(\operatorname{mean}(,/A_i)\)；残差版将 \(r_i\) 换为相对上证指数回归残差；轨迹版 \(\log\prod(1+,UNCLASSIFIED,BLOCKED_FORMULA_UNDERDETERMINED,报告清单不足以唯一冻结权重、窗口、归一化或被损坏的公式。,,LATENT_COMPONENT,True,PASS_BY_CONSTRUCTION: only same-day intraday inputs; published daily value is lagged by the repository loader,,BLOCKED_FORMULA_UNDERDETERMINED
CJ-G016-V05,CHANGJIANG-G016,5,6,长江__高频因子和交易行为__15项全量清单.md,`收益5分`、`收益日线`、`残差收益5分`、`残差收益日线`、`轨迹5分`、`轨迹日线`,`收益5分`、`收益日线`、`残差收益5分`、`残差收益日线`、`轨迹5分`、`轨迹日线` :: variant 05/06,Amihud：\(\operatorname{mean}(,/A_i)\)；残差版将 \(r_i\) 换为相对上证指数回归残差；轨迹版 \(\log\prod(1+,UNCLASSIFIED,BLOCKED_FORMULA_UNDERDETERMINED,报告清单不足以唯一冻结权重、窗口、归一化或被损坏的公式。,,LATENT_COMPONENT,True,PASS_BY_CONSTRUCTION: only same-day intraday inputs; published daily value is lagged by the repository loader,,BLOCKED_FORMULA_UNDERDETERMINED
CJ-G016-V06,CHANGJIANG-G016,6,6,长江__高频因子和交易行为__15项全量清单.md,`收益5分`、`收益日线`、`残差收益5分`、`残差收益日线`、`轨迹5分`、`轨迹日线`,`收益5分`、`收益日线`、`残差收益5分`、`残差收益日线`、`轨迹5分`、`轨迹日线` :: variant 06/06,Amihud：\(\operatorname{mean}(,/A_i)\)；残差版将 \(r_i\) 换为相对上证指数回归残差；轨迹版 \(\log\prod(1+,UNCLASSIFIED,BLOCKED_FORMULA_UNDERDETERMINED,报告清单不足以唯一冻结权重、窗口、归一化或被损坏的公式。,,LATENT_COMPONENT,True,PASS_BY_CONSTRUCTION: only same-day intraday inputs; published daily value is lagged by the repository loader,,BLOCKED_FORMULA_UNDERDETERMINED
CJ-G017-V01,CHANGJIANG-G017,1,6,长江__高频因子和交易行为__15项全量清单.md,`21天`、`42天`、`21天(21半衰)`、`42天(21半衰)`、`21天(42半衰)`、`42天(42半衰)`,`21天`、`42天`、`21天(21半衰)`、`42天(21半衰)`、`21天(42半衰)`、`42天(42半衰)` :: variant 01/06,逐笔成交价高于前一买一记主买、低于前一卖一记主卖；\(Stren=\sum w_tBuy_t/\sum w_tSell_t\)。主买远强于主卖代表交易异常及过度反应,unavailable / proxy_required,UNAVAILABLE_OR_BLOCKED,BLOCKED_TICK_OR_MODEL_DATA,需要逐笔委托/成交或报告外模型输出；本地分钟数据不能等价恢复。,,LATENT_COMPONENT,True,PASS_BY_CONSTRUCTION: only same-day intraday inputs; published daily value is lagged by the repository loader,,BLOCKED_TICK_OR_MODEL_DATA
CJ-G017-V02,CHANGJIANG-G017,2,6,长江__高频因子和交易行为__15项全量清单.md,`21天`、`42天`、`21天(21半衰)`、`42天(21半衰)`、`21天(42半衰)`、`42天(42半衰)`,`21天`、`42天`、`21天(21半衰)`、`42天(21半衰)`、`21天(42半衰)`、`42天(42半衰)` :: variant 02/06,逐笔成交价高于前一买一记主买、低于前一卖一记主卖；\(Stren=\sum w_tBuy_t/\sum w_tSell_t\)。主买远强于主卖代表交易异常及过度反应,unavailable / proxy_required,UNAVAILABLE_OR_BLOCKED,BLOCKED_TICK_OR_MODEL_DATA,需要逐笔委托/成交或报告外模型输出；本地分钟数据不能等价恢复。,,LATENT_COMPONENT,True,PASS_BY_CONSTRUCTION: only same-day intraday inputs; published daily value is lagged by the repository loader,,BLOCKED_TICK_OR_MODEL_DATA
CJ-G017-V03,CHANGJIANG-G017,3,6,长江__高频因子和交易行为__15项全量清单.md,`21天`、`42天`、`21天(21半衰)`、`42天(21半衰)`、`21天(42半衰)`、`42天(42半衰)`,`21天`、`42天`、`21天(21半衰)`、`42天(21半衰)`、`21天(42半衰)`、`42天(42半衰)` :: variant 03/06,逐笔成交价高于前一买一记主买、低于前一卖一记主卖；\(Stren=\sum w_tBuy_t/\sum w_tSell_t\)。主买远强于主卖代表交易异常及过度反应,unavailable / proxy_required,UNAVAILABLE_OR_BLOCKED,BLOCKED_TICK_OR_MODEL_DATA,需要逐笔委托/成交或报告外模型输出；本地分钟数据不能等价恢复。,,LATENT_COMPONENT,True,PASS_BY_CONSTRUCTION: only same-day intraday inputs; published daily value is lagged by the repository loader,,BLOCKED_TICK_OR_MODEL_DATA
CJ-G017-V04,CHANGJIANG-G017,4,6,长江__高频因子和交易行为__15项全量清单.md,`21天`、`42天`、`21天(21半衰)`、`42天(21半衰)`、`21天(42半衰)`、`42天(42半衰)`,`21天`、`42天`、`21天(21半衰)`、`42天(21半衰)`、`21天(42半衰)`、`42天(42半衰)` :: variant 04/06,逐笔成交价高于前一买一记主买、低于前一卖一记主卖；\(Stren=\sum w_tBuy_t/\sum w_tSell_t\)。主买远强于主卖代表交易异常及过度反应,unavailable / proxy_required,UNAVAILABLE_OR_BLOCKED,BLOCKED_TICK_OR_MODEL_DATA,需要逐笔委托/成交或报告外模型输出；本地分钟数据不能等价恢复。,,LATENT_COMPONENT,True,PASS_BY_CONSTRUCTION: only same-day intraday inputs; published daily value is lagged by the repository loader,,BLOCKED_TICK_OR_MODEL_DATA
CJ-G017-V05,CHANGJIANG-G017,5,6,长江__高频因子和交易行为__15项全量清单.md,`21天`、`42天`、`21天(21半衰)`、`42天(21半衰)`、`21天(42半衰)`、`42天(42半衰)`,`21天`、`42天`、`21天(21半衰)`、`42天(21半衰)`、`21天(42半衰)`、`42天(42半衰)` :: variant 05/06,逐笔成交价高于前一买一记主买、低于前一卖一记主卖；\(Stren=\sum w_tBuy_t/\sum w_tSell_t\)。主买远强于主卖代表交易异常及过度反应,unavailable / proxy_required,UNAVAILABLE_OR_BLOCKED,BLOCKED_TICK_OR_MODEL_DATA,需要逐笔委托/成交或报告外模型输出；本地分钟数据不能等价恢复。,,LATENT_COMPONENT,True,PASS_BY_CONSTRUCTION: only same-day intraday inputs; published daily value is lagged by the repository loader,,BLOCKED_TICK_OR_MODEL_DATA
CJ-G017-V06,CHANGJIANG-G017,6,6,长江__高频因子和交易行为__15项全量清单.md,`21天`、`42天`、`21天(21半衰)`、`42天(21半衰)`、`21天(42半衰)`、`42天(42半衰)`,`21天`、`42天`、`21天(21半衰)`、`42天(21半衰)`、`21天(42半衰)`、`42天(42半衰)` :: variant 06/06,逐笔成交价高于前一买一记主买、低于前一卖一记主卖；\(Stren=\sum w_tBuy_t/\sum w_tSell_t\)。主买远强于主卖代表交易异常及过度反应,unavailable / proxy_required,UNAVAILABLE_OR_BLOCKED,BLOCKED_TICK_OR_MODEL_DATA,需要逐笔委托/成交或报告外模型输出；本地分钟数据不能等价恢复。,,LATENT_COMPONENT,True,PASS_BY_CONSTRUCTION: only same-day intraday inputs; published daily value is lagged by the repository loader,,BLOCKED_TICK_OR_MODEL_DATA
CJ-G018-V01,CHANGJIANG-G018,1,2,长江__高频因子和交易行为__15项全量清单.md,`21天特异率`、`42天特异率`,`21天特异率`、`42天特异率` :: variant 01/02,对个股收益回归 MKT/SMB/HML，取 \(R^2\)（本篇定义；下一篇改用 \(1-R^2\)）。与市场共同成分越低，局部异常越多,derivable / platform_check_required,PLATFORM_CHECK,BLOCKED_PLATFORM_FACTOR_DATA,需要市场/风格/行业暴露、Fama-French 回归或报告外公共因子。,,LATENT_COMPONENT,True,PASS_BY_CONSTRUCTION: only same-day intraday inputs; published daily value is lagged by the repository loader,,BLOCKED_PLATFORM_FACTOR_DATA
CJ-G018-V02,CHANGJIANG-G018,2,2,长江__高频因子和交易行为__15项全量清单.md,`21天特异率`、`42天特异率`,`21天特异率`、`42天特异率` :: variant 02/02,对个股收益回归 MKT/SMB/HML，取 \(R^2\)（本篇定义；下一篇改用 \(1-R^2\)）。与市场共同成分越低，局部异常越多,derivable / platform_check_required,PLATFORM_CHECK,BLOCKED_PLATFORM_FACTOR_DATA,需要市场/风格/行业暴露、Fama-French 回归或报告外公共因子。,,LATENT_COMPONENT,True,PASS_BY_CONSTRUCTION: only same-day intraday inputs; published daily value is lagged by the repository loader,,BLOCKED_PLATFORM_FACTOR_DATA
CJ-G019-V01,CHANGJIANG-G019,1,1,长江__高频因子和交易行为__15项全量清单.md,高频合成因子,高频合成因子,对有效高频因子做 Barra 中性、方向统一和等权合成；分散单一交易行为风险,derivable / platform_check_required,PLATFORM_CHECK,BLOCKED_PLATFORM_FACTOR_DATA,需要市场/风格/行业暴露、Fama-French 回归或报告外公共因子。,,LATENT_COMPONENT,True,PASS_BY_CONSTRUCTION: only same-day intraday inputs; published daily value is lagged by the repository loader,,BLOCKED_PLATFORM_FACTOR_DATA
CJ-G020-V01,CHANGJIANG-G020,1,3,长江__特异视角下的波动率因子__29项全量清单.md,`5m`、`30m`、`日线`,`5m`、`30m`、`日线` :: 5m,\(Vol_f=sd(r^{f}_{21d})\)；高波多来自非理性交易,derivable / extend_daily_aggregation,LOCAL_CONSTRUCTIBLE,READY_FOR_LOCAL_IMPLEMENTATION,公式可由本地 1 分钟 OHLCV/成交笔数或日线面板直接构造。,,LATENT_COMPONENT,True,PASS_BY_CONSTRUCTION: only same-day intraday inputs; published daily value is lagged by the repository loader,,READY_FOR_LOCAL_IMPLEMENTATION
CJ-G020-V02,CHANGJIANG-G020,2,3,长江__特异视角下的波动率因子__29项全量清单.md,`5m`、`30m`、`日线`,`5m`、`30m`、`日线` :: 30m,\(Vol_f=sd(r^{f}_{21d})\)；高波多来自非理性交易,derivable / extend_daily_aggregation,LOCAL_CONSTRUCTIBLE,READY_FOR_LOCAL_IMPLEMENTATION,公式可由本地 1 分钟 OHLCV/成交笔数或日线面板直接构造。,,LATENT_COMPONENT,True,PASS_BY_CONSTRUCTION: only same-day intraday inputs; published daily value is lagged by the repository loader,,READY_FOR_LOCAL_IMPLEMENTATION
CJ-G020-V03,CHANGJIANG-G020,3,3,长江__特异视角下的波动率因子__29项全量清单.md,`5m`、`30m`、`日线`,`5m`、`30m`、`日线` :: daily,\(Vol_f=sd(r^{f}_{21d})\)；高波多来自非理性交易,derivable / extend_daily_aggregation,LOCAL_CONSTRUCTIBLE,READY_FOR_LOCAL_IMPLEMENTATION,公式可由本地 1 分钟 OHLCV/成交笔数或日线面板直接构造。,,LATENT_COMPONENT,True,PASS_BY_CONSTRUCTION: only same-day intraday inputs; published daily value is lagged by the repository loader,,READY_FOR_LOCAL_IMPLEMENTATION
CJ-G021-V01,CHANGJIANG-G021,1,4,长江__特异视角下的波动率因子__29项全量清单.md,特异波动率、特异率、新特异波动率、新特异率,特异波动率、特异率、新特异波动率、新特异率 :: variant 01/04,前两项来自三因子回归；后两项在回归中加入反转与流动性收益。相对市场异常比绝对波动更贴近低波逻辑,derivable / platform_check_required,PLATFORM_CHECK,BLOCKED_PLATFORM_FACTOR_DATA,需要市场/风格/行业暴露、Fama-French 回归或报告外公共因子。,,LATENT_COMPONENT,True,PASS_BY_CONSTRUCTION: only same-day intraday inputs; published daily value is lagged by the repository loader,,BLOCKED_PLATFORM_FACTOR_DATA
CJ-G021-V02,CHANGJIANG-G021,2,4,长江__特异视角下的波动率因子__29项全量清单.md,特异波动率、特异率、新特异波动率、新特异率,特异波动率、特异率、新特异波动率、新特异率 :: variant 02/04,前两项来自三因子回归；后两项在回归中加入反转与流动性收益。相对市场异常比绝对波动更贴近低波逻辑,derivable / platform_check_required,PLATFORM_CHECK,BLOCKED_PLATFORM_FACTOR_DATA,需要市场/风格/行业暴露、Fama-French 回归或报告外公共因子。,,LATENT_COMPONENT,True,PASS_BY_CONSTRUCTION: only same-day intraday inputs; published daily value is lagged by the repository loader,,BLOCKED_PLATFORM_FACTOR_DATA
CJ-G021-V03,CHANGJIANG-G021,3,4,长江__特异视角下的波动率因子__29项全量清单.md,特异波动率、特异率、新特异波动率、新特异率,特异波动率、特异率、新特异波动率、新特异率 :: variant 03/04,前两项来自三因子回归；后两项在回归中加入反转与流动性收益。相对市场异常比绝对波动更贴近低波逻辑,derivable / platform_check_required,PLATFORM_CHECK,BLOCKED_PLATFORM_FACTOR_DATA,需要市场/风格/行业暴露、Fama-French 回归或报告外公共因子。,,LATENT_COMPONENT,True,PASS_BY_CONSTRUCTION: only same-day intraday inputs; published daily value is lagged by the repository loader,,BLOCKED_PLATFORM_FACTOR_DATA
CJ-G021-V04,CHANGJIANG-G021,4,4,长江__特异视角下的波动率因子__29项全量清单.md,特异波动率、特异率、新特异波动率、新特异率,特异波动率、特异率、新特异波动率、新特异率 :: variant 04/04,前两项来自三因子回归；后两项在回归中加入反转与流动性收益。相对市场异常比绝对波动更贴近低波逻辑,derivable / platform_check_required,PLATFORM_CHECK,BLOCKED_PLATFORM_FACTOR_DATA,需要市场/风格/行业暴露、Fama-French 回归或报告外公共因子。,,LATENT_COMPONENT,True,PASS_BY_CONSTRUCTION: only same-day intraday inputs; published daily value is lagged by the repository loader,,BLOCKED_PLATFORM_FACTOR_DATA
CJ-G022-V01,CHANGJIANG-G022,1,3,长江__特异视角下的波动率因子__29项全量清单.md,`5m`、`30m`、`日线`,`5m`、`30m`、`日线` :: variant 01/03,\(HFVol_f=\sqrt{Iota_{new}}\cdot Vol_f\),derivable / platform_check_required,PLATFORM_CHECK,BLOCKED_PLATFORM_FACTOR_DATA,需要市场/风格/行业暴露、Fama-French 回归或报告外公共因子。,,LATENT_COMPONENT,True,PASS_BY_CONSTRUCTION: only same-day intraday inputs; published daily value is lagged by the repository loader,,BLOCKED_PLATFORM_FACTOR_DATA
CJ-G022-V02,CHANGJIANG-G022,2,3,长江__特异视角下的波动率因子__29项全量清单.md,`5m`、`30m`、`日线`,`5m`、`30m`、`日线` :: variant 02/03,\(HFVol_f=\sqrt{Iota_{new}}\cdot Vol_f\),derivable / platform_check_required,PLATFORM_CHECK,BLOCKED_PLATFORM_FACTOR_DATA,需要市场/风格/行业暴露、Fama-French 回归或报告外公共因子。,,LATENT_COMPONENT,True,PASS_BY_CONSTRUCTION: only same-day intraday inputs; published daily value is lagged by the repository loader,,BLOCKED_PLATFORM_FACTOR_DATA
CJ-G022-V03,CHANGJIANG-G022,3,3,长江__特异视角下的波动率因子__29项全量清单.md,`5m`、`30m`、`日线`,`5m`、`30m`、`日线` :: variant 03/03,\(HFVol_f=\sqrt{Iota_{new}}\cdot Vol_f\),derivable / platform_check_required,PLATFORM_CHECK,BLOCKED_PLATFORM_FACTOR_DATA,需要市场/风格/行业暴露、Fama-French 回归或报告外公共因子。,,LATENT_COMPONENT,True,PASS_BY_CONSTRUCTION: only same-day intraday inputs; published daily value is lagged by the repository loader,,BLOCKED_PLATFORM_FACTOR_DATA
CJ-G023-V01,CHANGJIANG-G023,1,3,长江__特异视角下的波动率因子__29项全量清单.md,`5m`、`30m`、`日线`,`5m`、`30m`、`日线` :: variant 01/03,\(z=(Vol-\min)/(max-\min)\)，\(NLVol_f=\sqrt{Iota_{new}}e^z\)；弱化低波端噪声、放大高波端,derivable / platform_check_required,PLATFORM_CHECK,BLOCKED_PLATFORM_FACTOR_DATA,需要市场/风格/行业暴露、Fama-French 回归或报告外公共因子。,,LATENT_COMPONENT,True,PASS_BY_CONSTRUCTION: only same-day intraday inputs; published daily value is lagged by the repository loader,,BLOCKED_PLATFORM_FACTOR_DATA
CJ-G023-V02,CHANGJIANG-G023,2,3,长江__特异视角下的波动率因子__29项全量清单.md,`5m`、`30m`、`日线`,`5m`、`30m`、`日线` :: variant 02/03,\(z=(Vol-\min)/(max-\min)\)，\(NLVol_f=\sqrt{Iota_{new}}e^z\)；弱化低波端噪声、放大高波端,derivable / platform_check_required,PLATFORM_CHECK,BLOCKED_PLATFORM_FACTOR_DATA,需要市场/风格/行业暴露、Fama-French 回归或报告外公共因子。,,LATENT_COMPONENT,True,PASS_BY_CONSTRUCTION: only same-day intraday inputs; published daily value is lagged by the repository loader,,BLOCKED_PLATFORM_FACTOR_DATA
CJ-G023-V03,CHANGJIANG-G023,3,3,长江__特异视角下的波动率因子__29项全量清单.md,`5m`、`30m`、`日线`,`5m`、`30m`、`日线` :: variant 03/03,\(z=(Vol-\min)/(max-\min)\)，\(NLVol_f=\sqrt{Iota_{new}}e^z\)；弱化低波端噪声、放大高波端,derivable / platform_check_required,PLATFORM_CHECK,BLOCKED_PLATFORM_FACTOR_DATA,需要市场/风格/行业暴露、Fama-French 回归或报告外公共因子。,,LATENT_COMPONENT,True,PASS_BY_CONSTRUCTION: only same-day intraday inputs; published daily value is lagged by the repository loader,,BLOCKED_PLATFORM_FACTOR_DATA
CJ-G024-V01,CHANGJIANG-G024,1,4,长江__特异视角下的波动率因子__29项全量清单.md,`60m`、`30m`、`10m`、`5m`（日线已计入特异率）,`60m`、`30m`、`10m`、`5m`（日线已计入特异率） :: variant 01/04,在对应频率做 Fama 回归取 \(1-R^2\)；检验跨标的同步误差,derivable / platform_check_required,PLATFORM_CHECK,BLOCKED_PLATFORM_FACTOR_DATA,需要市场/风格/行业暴露、Fama-French 回归或报告外公共因子。,,LATENT_COMPONENT,True,PASS_BY_CONSTRUCTION: only same-day intraday inputs; published daily value is lagged by the repository loader,,BLOCKED_PLATFORM_FACTOR_DATA
CJ-G024-V02,CHANGJIANG-G024,2,4,长江__特异视角下的波动率因子__29项全量清单.md,`60m`、`30m`、`10m`、`5m`（日线已计入特异率）,`60m`、`30m`、`10m`、`5m`（日线已计入特异率） :: variant 02/04,在对应频率做 Fama 回归取 \(1-R^2\)；检验跨标的同步误差,derivable / platform_check_required,PLATFORM_CHECK,BLOCKED_PLATFORM_FACTOR_DATA,需要市场/风格/行业暴露、Fama-French 回归或报告外公共因子。,,LATENT_COMPONENT,True,PASS_BY_CONSTRUCTION: only same-day intraday inputs; published daily value is lagged by the repository loader,,BLOCKED_PLATFORM_FACTOR_DATA
CJ-G024-V03,CHANGJIANG-G024,3,4,长江__特异视角下的波动率因子__29项全量清单.md,`60m`、`30m`、`10m`、`5m`（日线已计入特异率）,`60m`、`30m`、`10m`、`5m`（日线已计入特异率） :: variant 03/04,在对应频率做 Fama 回归取 \(1-R^2\)；检验跨标的同步误差,derivable / platform_check_required,PLATFORM_CHECK,BLOCKED_PLATFORM_FACTOR_DATA,需要市场/风格/行业暴露、Fama-French 回归或报告外公共因子。,,LATENT_COMPONENT,True,PASS_BY_CONSTRUCTION: only same-day intraday inputs; published daily value is lagged by the repository loader,,BLOCKED_PLATFORM_FACTOR_DATA
CJ-G024-V04,CHANGJIANG-G024,4,4,长江__特异视角下的波动率因子__29项全量清单.md,`60m`、`30m`、`10m`、`5m`（日线已计入特异率）,`60m`、`30m`、`10m`、`5m`（日线已计入特异率） :: variant 04/04,在对应频率做 Fama 回归取 \(1-R^2\)；检验跨标的同步误差,derivable / platform_check_required,PLATFORM_CHECK,BLOCKED_PLATFORM_FACTOR_DATA,需要市场/风格/行业暴露、Fama-French 回归或报告外公共因子。,,LATENT_COMPONENT,True,PASS_BY_CONSTRUCTION: only same-day intraday inputs; published daily value is lagged by the repository loader,,BLOCKED_PLATFORM_FACTOR_DATA
CJ-G025-V01,CHANGJIANG-G025,1,5,长江__特异视角下的波动率因子__29项全量清单.md,`5m`、`10m`、`30m`、`60m`、`日线`,`5m`、`10m`、`30m`、`60m`、`日线` :: 5m,\(\sum V_ir_i/\sum V_i\)；价量同标的匹配对高频更稳健,derivable / extend_daily_aggregation,LOCAL_CONSTRUCTIBLE,READY_FOR_LOCAL_IMPLEMENTATION,公式可由本地 1 分钟 OHLCV/成交笔数或日线面板直接构造。,,LATENT_COMPONENT,True,PASS_BY_CONSTRUCTION: only same-day intraday inputs; published daily value is lagged by the repository loader,,READY_FOR_LOCAL_IMPLEMENTATION
CJ-G025-V02,CHANGJIANG-G025,2,5,长江__特异视角下的波动率因子__29项全量清单.md,`5m`、`10m`、`30m`、`60m`、`日线`,`5m`、`10m`、`30m`、`60m`、`日线` :: 10m,\(\sum V_ir_i/\sum V_i\)；价量同标的匹配对高频更稳健,derivable / extend_daily_aggregation,LOCAL_CONSTRUCTIBLE,READY_FOR_LOCAL_IMPLEMENTATION,公式可由本地 1 分钟 OHLCV/成交笔数或日线面板直接构造。,,LATENT_COMPONENT,True,PASS_BY_CONSTRUCTION: only same-day intraday inputs; published daily value is lagged by the repository loader,,READY_FOR_LOCAL_IMPLEMENTATION
CJ-G025-V03,CHANGJIANG-G025,3,5,长江__特异视角下的波动率因子__29项全量清单.md,`5m`、`10m`、`30m`、`60m`、`日线`,`5m`、`10m`、`30m`、`60m`、`日线` :: 30m,\(\sum V_ir_i/\sum V_i\)；价量同标的匹配对高频更稳健,derivable / extend_daily_aggregation,LOCAL_CONSTRUCTIBLE,READY_FOR_LOCAL_IMPLEMENTATION,公式可由本地 1 分钟 OHLCV/成交笔数或日线面板直接构造。,,LATENT_COMPONENT,True,PASS_BY_CONSTRUCTION: only same-day intraday inputs; published daily value is lagged by the repository loader,,READY_FOR_LOCAL_IMPLEMENTATION
CJ-G025-V04,CHANGJIANG-G025,4,5,长江__特异视角下的波动率因子__29项全量清单.md,`5m`、`10m`、`30m`、`60m`、`日线`,`5m`、`10m`、`30m`、`60m`、`日线` :: 60m,\(\sum V_ir_i/\sum V_i\)；价量同标的匹配对高频更稳健,derivable / extend_daily_aggregation,LOCAL_CONSTRUCTIBLE,READY_FOR_LOCAL_IMPLEMENTATION,公式可由本地 1 分钟 OHLCV/成交笔数或日线面板直接构造。,,LATENT_COMPONENT,True,PASS_BY_CONSTRUCTION: only same-day intraday inputs; published daily value is lagged by the repository loader,,READY_FOR_LOCAL_IMPLEMENTATION
CJ-G025-V05,CHANGJIANG-G025,5,5,长江__特异视角下的波动率因子__29项全量清单.md,`5m`、`10m`、`30m`、`60m`、`日线`,`5m`、`10m`、`30m`、`60m`、`日线` :: daily,\(\sum V_ir_i/\sum V_i\)；价量同标的匹配对高频更稳健,derivable / extend_daily_aggregation,LOCAL_CONSTRUCTIBLE,READY_FOR_LOCAL_IMPLEMENTATION,公式可由本地 1 分钟 OHLCV/成交笔数或日线面板直接构造。,,LATENT_COMPONENT,True,PASS_BY_CONSTRUCTION: only same-day intraday inputs; published daily value is lagged by the repository loader,,READY_FOR_LOCAL_IMPLEMENTATION
CJ-G026-V01,CHANGJIANG-G026,1,4,长江__特异视角下的波动率因子__29项全量清单.md,纯基础波动率、纯特异波动率、纯高频波动率、纯非线性波动率,纯基础波动率、纯特异波动率、纯高频波动率、纯非线性波动率 :: variant 01/04,对含特异率的风格空间回归取残差；研究剥离异常后的风险溢价,derivable / platform_check_required,PLATFORM_CHECK,BLOCKED_PLATFORM_FACTOR_DATA,需要市场/风格/行业暴露、Fama-French 回归或报告外公共因子。,,LATENT_COMPONENT,True,PASS_BY_CONSTRUCTION: only same-day intraday inputs; published daily value is lagged by the repository loader,,BLOCKED_PLATFORM_FACTOR_DATA
CJ-G026-V02,CHANGJIANG-G026,2,4,长江__特异视角下的波动率因子__29项全量清单.md,纯基础波动率、纯特异波动率、纯高频波动率、纯非线性波动率,纯基础波动率、纯特异波动率、纯高频波动率、纯非线性波动率 :: variant 02/04,对含特异率的风格空间回归取残差；研究剥离异常后的风险溢价,derivable / platform_check_required,PLATFORM_CHECK,BLOCKED_PLATFORM_FACTOR_DATA,需要市场/风格/行业暴露、Fama-French 回归或报告外公共因子。,,LATENT_COMPONENT,True,PASS_BY_CONSTRUCTION: only same-day intraday inputs; published daily value is lagged by the repository loader,,BLOCKED_PLATFORM_FACTOR_DATA
CJ-G026-V03,CHANGJIANG-G026,3,4,长江__特异视角下的波动率因子__29项全量清单.md,纯基础波动率、纯特异波动率、纯高频波动率、纯非线性波动率,纯基础波动率、纯特异波动率、纯高频波动率、纯非线性波动率 :: variant 03/04,对含特异率的风格空间回归取残差；研究剥离异常后的风险溢价,derivable / platform_check_required,PLATFORM_CHECK,BLOCKED_PLATFORM_FACTOR_DATA,需要市场/风格/行业暴露、Fama-French 回归或报告外公共因子。,,LATENT_COMPONENT,True,PASS_BY_CONSTRUCTION: only same-day intraday inputs; published daily value is lagged by the repository loader,,BLOCKED_PLATFORM_FACTOR_DATA
CJ-G026-V04,CHANGJIANG-G026,4,4,长江__特异视角下的波动率因子__29项全量清单.md,纯基础波动率、纯特异波动率、纯高频波动率、纯非线性波动率,纯基础波动率、纯特异波动率、纯高频波动率、纯非线性波动率 :: variant 04/04,对含特异率的风格空间回归取残差；研究剥离异常后的风险溢价,derivable / platform_check_required,PLATFORM_CHECK,BLOCKED_PLATFORM_FACTOR_DATA,需要市场/风格/行业暴露、Fama-French 回归或报告外公共因子。,,LATENT_COMPONENT,True,PASS_BY_CONSTRUCTION: only same-day intraday inputs; published daily value is lagged by the repository loader,,BLOCKED_PLATFORM_FACTOR_DATA
CJ-G027-V01,CHANGJIANG-G027,1,3,长江__特异视角下的波动率因子__29项全量清单.md,非线性动量段、非线性反转段、非线性结构化反转,非线性动量段、非线性反转段、非线性结构化反转 :: variant 01/03,\(u_i=V_i/\sum V-\text{gap}\)，\(g_i=\log(1+u_i)\)，按 \(g_i\) 正负分别归一加权收益并合成；连续化原结构权重,derivable / extend_daily_aggregation,LOCAL_CONSTRUCTIBLE,BLOCKED_FORMULA_UNDERDETERMINED,报告清单不足以唯一冻结权重、窗口、归一化或被损坏的公式。,,LATENT_COMPONENT,True,PASS_BY_CONSTRUCTION: only same-day intraday inputs; published daily value is lagged by the repository loader,,BLOCKED_FORMULA_UNDERDETERMINED
CJ-G027-V02,CHANGJIANG-G027,2,3,长江__特异视角下的波动率因子__29项全量清单.md,非线性动量段、非线性反转段、非线性结构化反转,非线性动量段、非线性反转段、非线性结构化反转 :: variant 02/03,\(u_i=V_i/\sum V-\text{gap}\)，\(g_i=\log(1+u_i)\)，按 \(g_i\) 正负分别归一加权收益并合成；连续化原结构权重,derivable / extend_daily_aggregation,LOCAL_CONSTRUCTIBLE,BLOCKED_FORMULA_UNDERDETERMINED,报告清单不足以唯一冻结权重、窗口、归一化或被损坏的公式。,,LATENT_COMPONENT,True,PASS_BY_CONSTRUCTION: only same-day intraday inputs; published daily value is lagged by the repository loader,,BLOCKED_FORMULA_UNDERDETERMINED
CJ-G027-V03,CHANGJIANG-G027,3,3,长江__特异视角下的波动率因子__29项全量清单.md,非线性动量段、非线性反转段、非线性结构化反转,非线性动量段、非线性反转段、非线性结构化反转 :: variant 03/03,\(u_i=V_i/\sum V-\text{gap}\)，\(g_i=\log(1+u_i)\)，按 \(g_i\) 正负分别归一加权收益并合成；连续化原结构权重,derivable / extend_daily_aggregation,LOCAL_CONSTRUCTIBLE,BLOCKED_FORMULA_UNDERDETERMINED,报告清单不足以唯一冻结权重、窗口、归一化或被损坏的公式。,,LATENT_COMPONENT,True,PASS_BY_CONSTRUCTION: only same-day intraday inputs; published daily value is lagged by the repository loader,,BLOCKED_FORMULA_UNDERDETERMINED
CJ-G028-V01,CHANGJIANG-G028,1,2,长江__主动成交占比__17项全量清单.md,博弈因子、资金流向因子,博弈因子,"博弈为逐笔主买/主卖比；资金流 \(\sum A_i\,sign(C_i-C_{i-1})/\sum A_i\)。净买入越强，价格越可能被高估",博弈 unavailable / proxy_required；资金流 derivable / extend_daily_aggregation,UNAVAILABLE_OR_BLOCKED,BLOCKED_TICK_OR_MODEL_DATA,逐笔主买/主卖不可由分钟线无损恢复。,,LATENT_COMPONENT,True,PASS_BY_CONSTRUCTION: only same-day intraday inputs; published daily value is lagged by the repository loader,,BLOCKED_TICK_OR_MODEL_DATA
CJ-G028-V02,CHANGJIANG-G028,2,2,长江__主动成交占比__17项全量清单.md,博弈因子、资金流向因子,资金流向因子,"博弈为逐笔主买/主卖比；资金流 \(\sum A_i\,sign(C_i-C_{i-1})/\sum A_i\)。净买入越强，价格越可能被高估",博弈 unavailable / proxy_required；资金流 derivable / extend_daily_aggregation,UNAVAILABLE_OR_BLOCKED,READY_FOR_LOCAL_IMPLEMENTATION,分钟价格方向与成交额字段齐备。,,LATENT_COMPONENT,True,PASS_BY_CONSTRUCTION: only same-day intraday inputs; published daily value is lagged by the repository loader,,READY_FOR_LOCAL_IMPLEMENTATION
CJ-G029-V01,CHANGJIANG-G029,1,5,长江__主动成交占比__17项全量清单.md,朴素、T 分布、标准正态、置信正态、均匀分布主动占比,朴素、T 分布、标准正态、置信正态、均匀分布主动占比 :: naive_t_delta_close,"朴素 \(F=t((C_i-C_{i-1})/\sigma_{\Delta C},df)\)；T：\(F=t(r_i/\sigma_r,df)\)；标准正态：\(\Phi(r_i/\sigma_r)\)；置信正态：\(\Phi(r_i/(0.1\times1.96))\)；均匀：将 \([-0.1,0.1]\) 线性映到 \([0,1]\)",derivable / extend_daily_aggregation,LOCAL_CONSTRUCTIBLE,READY_FOR_LOCAL_IMPLEMENTATION,公式可由本地 1 分钟 OHLCV/成交笔数或日线面板直接构造。,,LATENT_COMPONENT,True,PASS_BY_CONSTRUCTION: only same-day intraday inputs; published daily value is lagged by the repository loader,,READY_FOR_LOCAL_IMPLEMENTATION
CJ-G029-V02,CHANGJIANG-G029,2,5,长江__主动成交占比__17项全量清单.md,朴素、T 分布、标准正态、置信正态、均匀分布主动占比,朴素、T 分布、标准正态、置信正态、均匀分布主动占比 :: t_return,"朴素 \(F=t((C_i-C_{i-1})/\sigma_{\Delta C},df)\)；T：\(F=t(r_i/\sigma_r,df)\)；标准正态：\(\Phi(r_i/\sigma_r)\)；置信正态：\(\Phi(r_i/(0.1\times1.96))\)；均匀：将 \([-0.1,0.1]\) 线性映到 \([0,1]\)",derivable / extend_daily_aggregation,LOCAL_CONSTRUCTIBLE,READY_FOR_LOCAL_IMPLEMENTATION,公式可由本地 1 分钟 OHLCV/成交笔数或日线面板直接构造。,,LATENT_COMPONENT,True,PASS_BY_CONSTRUCTION: only same-day intraday inputs; published daily value is lagged by the repository loader,,READY_FOR_LOCAL_IMPLEMENTATION
CJ-G029-V03,CHANGJIANG-G029,3,5,长江__主动成交占比__17项全量清单.md,朴素、T 分布、标准正态、置信正态、均匀分布主动占比,朴素、T 分布、标准正态、置信正态、均匀分布主动占比 :: standard_normal,"朴素 \(F=t((C_i-C_{i-1})/\sigma_{\Delta C},df)\)；T：\(F=t(r_i/\sigma_r,df)\)；标准正态：\(\Phi(r_i/\sigma_r)\)；置信正态：\(\Phi(r_i/(0.1\times1.96))\)；均匀：将 \([-0.1,0.1]\) 线性映到 \([0,1]\)",derivable / extend_daily_aggregation,LOCAL_CONSTRUCTIBLE,READY_FOR_LOCAL_IMPLEMENTATION,公式可由本地 1 分钟 OHLCV/成交笔数或日线面板直接构造。,,LATENT_COMPONENT,True,PASS_BY_CONSTRUCTION: only same-day intraday inputs; published daily value is lagged by the repository loader,,READY_FOR_LOCAL_IMPLEMENTATION
CJ-G029-V04,CHANGJIANG-G029,4,5,长江__主动成交占比__17项全量清单.md,朴素、T 分布、标准正态、置信正态、均匀分布主动占比,朴素、T 分布、标准正态、置信正态、均匀分布主动占比 :: confidence_normal,"朴素 \(F=t((C_i-C_{i-1})/\sigma_{\Delta C},df)\)；T：\(F=t(r_i/\sigma_r,df)\)；标准正态：\(\Phi(r_i/\sigma_r)\)；置信正态：\(\Phi(r_i/(0.1\times1.96))\)；均匀：将 \([-0.1,0.1]\) 线性映到 \([0,1]\)",derivable / extend_daily_aggregation,LOCAL_CONSTRUCTIBLE,READY_FOR_LOCAL_IMPLEMENTATION,公式可由本地 1 分钟 OHLCV/成交笔数或日线面板直接构造。,,LATENT_COMPONENT,True,PASS_BY_CONSTRUCTION: only same-day intraday inputs; published daily value is lagged by the repository loader,,READY_FOR_LOCAL_IMPLEMENTATION
CJ-G029-V05,CHANGJIANG-G029,5,5,长江__主动成交占比__17项全量清单.md,朴素、T 分布、标准正态、置信正态、均匀分布主动占比,朴素、T 分布、标准正态、置信正态、均匀分布主动占比 :: uniform,"朴素 \(F=t((C_i-C_{i-1})/\sigma_{\Delta C},df)\)；T：\(F=t(r_i/\sigma_r,df)\)；标准正态：\(\Phi(r_i/\sigma_r)\)；置信正态：\(\Phi(r_i/(0.1\times1.96))\)；均匀：将 \([-0.1,0.1]\) 线性映到 \([0,1]\)",derivable / extend_daily_aggregation,LOCAL_CONSTRUCTIBLE,READY_FOR_LOCAL_IMPLEMENTATION,公式可由本地 1 分钟 OHLCV/成交笔数或日线面板直接构造。,,LATENT_COMPONENT,True,PASS_BY_CONSTRUCTION: only same-day intraday inputs; published daily value is lagged by the repository loader,,READY_FOR_LOCAL_IMPLEMENTATION
CJ-G030-V01,CHANGJIANG-G030,1,5,长江__主动成交占比__17项全量清单.md,上述五类各一项,上述五类各一项 :: piecewise(naive_t_delta_close),对原因子 \(x\)：\(g(x)=x\) 若 \(x\ge0.1\)，否则 \(0.2-x\)；修正极低主买占比端非线性,derivable / extend_daily_aggregation,LOCAL_CONSTRUCTIBLE,READY_FOR_LOCAL_IMPLEMENTATION,公式可由本地 1 分钟 OHLCV/成交笔数或日线面板直接构造。,,LATENT_COMPONENT,True,PASS_BY_CONSTRUCTION: only same-day intraday inputs; published daily value is lagged by the repository loader,,READY_FOR_LOCAL_IMPLEMENTATION
CJ-G030-V02,CHANGJIANG-G030,2,5,长江__主动成交占比__17项全量清单.md,上述五类各一项,上述五类各一项 :: piecewise(t_return),对原因子 \(x\)：\(g(x)=x\) 若 \(x\ge0.1\)，否则 \(0.2-x\)；修正极低主买占比端非线性,derivable / extend_daily_aggregation,LOCAL_CONSTRUCTIBLE,READY_FOR_LOCAL_IMPLEMENTATION,公式可由本地 1 分钟 OHLCV/成交笔数或日线面板直接构造。,,LATENT_COMPONENT,True,PASS_BY_CONSTRUCTION: only same-day intraday inputs; published daily value is lagged by the repository loader,,READY_FOR_LOCAL_IMPLEMENTATION
CJ-G030-V03,CHANGJIANG-G030,3,5,长江__主动成交占比__17项全量清单.md,上述五类各一项,上述五类各一项 :: piecewise(standard_normal),对原因子 \(x\)：\(g(x)=x\) 若 \(x\ge0.1\)，否则 \(0.2-x\)；修正极低主买占比端非线性,derivable / extend_daily_aggregation,LOCAL_CONSTRUCTIBLE,READY_FOR_LOCAL_IMPLEMENTATION,公式可由本地 1 分钟 OHLCV/成交笔数或日线面板直接构造。,,LATENT_COMPONENT,True,PASS_BY_CONSTRUCTION: only same-day intraday inputs; published daily value is lagged by the repository loader,,READY_FOR_LOCAL_IMPLEMENTATION
CJ-G030-V04,CHANGJIANG-G030,4,5,长江__主动成交占比__17项全量清单.md,上述五类各一项,上述五类各一项 :: piecewise(confidence_normal),对原因子 \(x\)：\(g(x)=x\) 若 \(x\ge0.1\)，否则 \(0.2-x\)；修正极低主买占比端非线性,derivable / extend_daily_aggregation,LOCAL_CONSTRUCTIBLE,READY_FOR_LOCAL_IMPLEMENTATION,公式可由本地 1 分钟 OHLCV/成交笔数或日线面板直接构造。,,LATENT_COMPONENT,True,PASS_BY_CONSTRUCTION: only same-day intraday inputs; published daily value is lagged by the repository loader,,READY_FOR_LOCAL_IMPLEMENTATION
CJ-G030-V05,CHANGJIANG-G030,5,5,长江__主动成交占比__17项全量清单.md,上述五类各一项,上述五类各一项 :: piecewise(uniform),对原因子 \(x\)：\(g(x)=x\) 若 \(x\ge0.1\)，否则 \(0.2-x\)；修正极低主买占比端非线性,derivable / extend_daily_aggregation,LOCAL_CONSTRUCTIBLE,READY_FOR_LOCAL_IMPLEMENTATION,公式可由本地 1 分钟 OHLCV/成交笔数或日线面板直接构造。,,LATENT_COMPONENT,True,PASS_BY_CONSTRUCTION: only same-day intraday inputs; published daily value is lagged by the repository loader,,READY_FOR_LOCAL_IMPLEMENTATION
CJ-G031-V01,CHANGJIANG-G031,1,5,长江__主动成交占比__17项全量清单.md,上述五类各一项,上述五类各一项 :: checkmark(naive_t_delta_close),\(g(x)=0.01/(0.99x+0.01)+0.99x+0.01\)；以 10% 附近为极小值的平滑 U 型修正,derivable / extend_daily_aggregation,LOCAL_CONSTRUCTIBLE,READY_FOR_LOCAL_IMPLEMENTATION,公式可由本地 1 分钟 OHLCV/成交笔数或日线面板直接构造。,,LATENT_COMPONENT,True,PASS_BY_CONSTRUCTION: only same-day intraday inputs; published daily value is lagged by the repository loader,,READY_FOR_LOCAL_IMPLEMENTATION
CJ-G031-V02,CHANGJIANG-G031,2,5,长江__主动成交占比__17项全量清单.md,上述五类各一项,上述五类各一项 :: checkmark(t_return),\(g(x)=0.01/(0.99x+0.01)+0.99x+0.01\)；以 10% 附近为极小值的平滑 U 型修正,derivable / extend_daily_aggregation,LOCAL_CONSTRUCTIBLE,READY_FOR_LOCAL_IMPLEMENTATION,公式可由本地 1 分钟 OHLCV/成交笔数或日线面板直接构造。,,LATENT_COMPONENT,True,PASS_BY_CONSTRUCTION: only same-day intraday inputs; published daily value is lagged by the repository loader,,READY_FOR_LOCAL_IMPLEMENTATION
CJ-G031-V03,CHANGJIANG-G031,3,5,长江__主动成交占比__17项全量清单.md,上述五类各一项,上述五类各一项 :: checkmark(standard_normal),\(g(x)=0.01/(0.99x+0.01)+0.99x+0.01\)；以 10% 附近为极小值的平滑 U 型修正,derivable / extend_daily_aggregation,LOCAL_CONSTRUCTIBLE,READY_FOR_LOCAL_IMPLEMENTATION,公式可由本地 1 分钟 OHLCV/成交笔数或日线面板直接构造。,,LATENT_COMPONENT,True,PASS_BY_CONSTRUCTION: only same-day intraday inputs; published daily value is lagged by the repository loader,,READY_FOR_LOCAL_IMPLEMENTATION
CJ-G031-V04,CHANGJIANG-G031,4,5,长江__主动成交占比__17项全量清单.md,上述五类各一项,上述五类各一项 :: checkmark(confidence_normal),\(g(x)=0.01/(0.99x+0.01)+0.99x+0.01\)；以 10% 附近为极小值的平滑 U 型修正,derivable / extend_daily_aggregation,LOCAL_CONSTRUCTIBLE,READY_FOR_LOCAL_IMPLEMENTATION,公式可由本地 1 分钟 OHLCV/成交笔数或日线面板直接构造。,,LATENT_COMPONENT,True,PASS_BY_CONSTRUCTION: only same-day intraday inputs; published daily value is lagged by the repository loader,,READY_FOR_LOCAL_IMPLEMENTATION
CJ-G031-V05,CHANGJIANG-G031,5,5,长江__主动成交占比__17项全量清单.md,上述五类各一项,上述五类各一项 :: checkmark(uniform),\(g(x)=0.01/(0.99x+0.01)+0.99x+0.01\)；以 10% 附近为极小值的平滑 U 型修正,derivable / extend_daily_aggregation,LOCAL_CONSTRUCTIBLE,READY_FOR_LOCAL_IMPLEMENTATION,公式可由本地 1 分钟 OHLCV/成交笔数或日线面板直接构造。,,LATENT_COMPONENT,True,PASS_BY_CONSTRUCTION: only same-day intraday inputs; published daily value is lagged by the repository loader,,READY_FOR_LOCAL_IMPLEMENTATION
CJ-G032-V01,CHANGJIANG-G032,1,1,长江__高位成交因子__6项全量清单.md,量价相关性,量价相关性,"\(corr(V_t,C_t)\)",derivable / extend_daily_aggregation,LOCAL_CONSTRUCTIBLE,READY_FOR_LOCAL_IMPLEMENTATION,公式可由本地 1 分钟 OHLCV/成交笔数或日线面板直接构造。,,LATENT_COMPONENT,True,PASS_BY_CONSTRUCTION: only same-day intraday inputs; published daily value is lagged by the repository loader,,READY_FOR_LOCAL_IMPLEMENTATION
CJ-G033-V01,CHANGJIANG-G033,1,1,长江__高位成交因子__6项全量清单.md,加权收盘价比,加权收盘价比,\(\frac{\sum(V_t/V)C_t}{\sum C_t/T}\),derivable / extend_daily_aggregation,LOCAL_CONSTRUCTIBLE,READY_FOR_LOCAL_IMPLEMENTATION,公式可由本地 1 分钟 OHLCV/成交笔数或日线面板直接构造。,,LATENT_COMPONENT,True,PASS_BY_CONSTRUCTION: only same-day intraday inputs; published daily value is lagged by the repository loader,,READY_FOR_LOCAL_IMPLEMENTATION
CJ-G034-V01,CHANGJIANG-G034,1,1,长江__高位成交因子__6项全量清单.md,加权偏度,加权偏度,\(\sum(V_t/V)(C_t-\bar C)^3/s_C^3\),derivable / extend_daily_aggregation,LOCAL_CONSTRUCTIBLE,READY_FOR_LOCAL_IMPLEMENTATION,公式可由本地 1 分钟 OHLCV/成交笔数或日线面板直接构造。,,LATENT_COMPONENT,True,PASS_BY_CONSTRUCTION: only same-day intraday inputs; published daily value is lagged by the repository loader,,READY_FOR_LOCAL_IMPLEMENTATION
CJ-G035-V01,CHANGJIANG-G035,1,1,长江__高位成交因子__6项全量清单.md,单位一成交额占比熵,单位一成交额占比熵,\(H((V_t/V)(C_t/P))\),derivable / extend_daily_aggregation,LOCAL_CONSTRUCTIBLE,READY_FOR_LOCAL_IMPLEMENTATION,公式可由本地 1 分钟 OHLCV/成交笔数或日线面板直接构造。,,LATENT_COMPONENT,True,PASS_BY_CONSTRUCTION: only same-day intraday inputs; published daily value is lagged by the repository loader,,READY_FOR_LOCAL_IMPLEMENTATION
CJ-G036-V01,CHANGJIANG-G036,1,1,长江__高位成交因子__6项全量清单.md,成交额占比熵,成交额占比熵,\(H(A_t/\sum A)\),direct / extend_daily_aggregation,LOCAL_CONSTRUCTIBLE,READY_FOR_LOCAL_IMPLEMENTATION,公式可由本地 1 分钟 OHLCV/成交笔数或日线面板直接构造。,,LATENT_COMPONENT,True,PASS_BY_CONSTRUCTION: only same-day intraday inputs; published daily value is lagged by the repository loader,,READY_FOR_LOCAL_IMPLEMENTATION
CJ-G037-V01,CHANGJIANG-G037,1,1,长江__高位成交因子__6项全量清单.md,高位成交合成,高位成交合成,对 1、3、4 截面方向统一/标准化后等权,derivable / extend_daily_aggregation,LOCAL_CONSTRUCTIBLE,BLOCKED_FORMULA_UNDERDETERMINED,报告清单不足以唯一冻结权重、窗口、归一化或被损坏的公式。,,LATENT_COMPONENT,True,PASS_BY_CONSTRUCTION: only same-day intraday inputs; published daily value is lagged by the repository loader,,BLOCKED_FORMULA_UNDERDETERMINED
CJ-G038-V01,CHANGJIANG-G038,1,2,长江__高频波动时间序列信息__42项全量清单.md,日度收益波动、日度残差收益波动,日度收益波动,\(sd(r_d)\)、\(sd(\epsilon_d)\)；传统低波基准,direct；残差版 platform_check_required / ready,PLATFORM_CHECK,READY_FOR_LOCAL_IMPLEMENTATION,复权日收益可直接滚动计算。,,LATENT_COMPONENT,True,PASS_BY_CONSTRUCTION: only same-day intraday inputs; published daily value is lagged by the repository loader,,READY_FOR_LOCAL_IMPLEMENTATION
CJ-G038-V02,CHANGJIANG-G038,2,2,长江__高频波动时间序列信息__42项全量清单.md,日度收益波动、日度残差收益波动,日度残差收益波动,\(sd(r_d)\)、\(sd(\epsilon_d)\)；传统低波基准,direct；残差版 platform_check_required / ready,PLATFORM_CHECK,BLOCKED_PLATFORM_FACTOR_DATA,缺少冻结的市场/风格回归输入。,,LATENT_COMPONENT,True,PASS_BY_CONSTRUCTION: only same-day intraday inputs; published daily value is lagged by the repository loader,,BLOCKED_PLATFORM_FACTOR_DATA
CJ-G039-V01,CHANGJIANG-G039,1,18,长江__高频波动时间序列信息__42项全量清单.md,"数据 `{成交量,成交笔数,振幅}` × 5m 下方法 `{1,2,3,4}` 共 12；方法 4 在 `{1m,15m}` 各 3，共 6","数据 `{成交量,成交笔数,振幅}` × 5m 下方法 `{1,2,3,4}` 共 12；方法 4 在 `{1m,15m}` 各 3，共 6 :: 5m; volume; method=1",方法1：全分钟 \(sd/mean\)；方法2：日内 \(sd/mean\) 后跨日均值；方法3：日内 \(sd/mean\) 后跨日标准差；方法4：日内 \(sd\)，再跨日 \(sd/mean\)。同时刻画日内与日间异常,derivable / extend_daily_aggregation,LOCAL_CONSTRUCTIBLE,READY_FOR_LOCAL_IMPLEMENTATION,公式可由本地 1 分钟 OHLCV/成交笔数或日线面板直接构造。,,LATENT_COMPONENT,True,PASS_BY_CONSTRUCTION: only same-day intraday inputs; published daily value is lagged by the repository loader,,READY_FOR_LOCAL_IMPLEMENTATION
CJ-G039-V02,CHANGJIANG-G039,2,18,长江__高频波动时间序列信息__42项全量清单.md,"数据 `{成交量,成交笔数,振幅}` × 5m 下方法 `{1,2,3,4}` 共 12；方法 4 在 `{1m,15m}` 各 3，共 6","数据 `{成交量,成交笔数,振幅}` × 5m 下方法 `{1,2,3,4}` 共 12；方法 4 在 `{1m,15m}` 各 3，共 6 :: 5m; volume; method=2",方法1：全分钟 \(sd/mean\)；方法2：日内 \(sd/mean\) 后跨日均值；方法3：日内 \(sd/mean\) 后跨日标准差；方法4：日内 \(sd\)，再跨日 \(sd/mean\)。同时刻画日内与日间异常,derivable / extend_daily_aggregation,LOCAL_CONSTRUCTIBLE,READY_FOR_LOCAL_IMPLEMENTATION,公式可由本地 1 分钟 OHLCV/成交笔数或日线面板直接构造。,,LATENT_COMPONENT,True,PASS_BY_CONSTRUCTION: only same-day intraday inputs; published daily value is lagged by the repository loader,,READY_FOR_LOCAL_IMPLEMENTATION
CJ-G039-V03,CHANGJIANG-G039,3,18,长江__高频波动时间序列信息__42项全量清单.md,"数据 `{成交量,成交笔数,振幅}` × 5m 下方法 `{1,2,3,4}` 共 12；方法 4 在 `{1m,15m}` 各 3，共 6","数据 `{成交量,成交笔数,振幅}` × 5m 下方法 `{1,2,3,4}` 共 12；方法 4 在 `{1m,15m}` 各 3，共 6 :: 5m; volume; method=3",方法1：全分钟 \(sd/mean\)；方法2：日内 \(sd/mean\) 后跨日均值；方法3：日内 \(sd/mean\) 后跨日标准差；方法4：日内 \(sd\)，再跨日 \(sd/mean\)。同时刻画日内与日间异常,derivable / extend_daily_aggregation,LOCAL_CONSTRUCTIBLE,READY_FOR_LOCAL_IMPLEMENTATION,公式可由本地 1 分钟 OHLCV/成交笔数或日线面板直接构造。,,LATENT_COMPONENT,True,PASS_BY_CONSTRUCTION: only same-day intraday inputs; published daily value is lagged by the repository loader,,READY_FOR_LOCAL_IMPLEMENTATION
CJ-G039-V04,CHANGJIANG-G039,4,18,长江__高频波动时间序列信息__42项全量清单.md,"数据 `{成交量,成交笔数,振幅}` × 5m 下方法 `{1,2,3,4}` 共 12；方法 4 在 `{1m,15m}` 各 3，共 6","数据 `{成交量,成交笔数,振幅}` × 5m 下方法 `{1,2,3,4}` 共 12；方法 4 在 `{1m,15m}` 各 3，共 6 :: 5m; volume; method=4",方法1：全分钟 \(sd/mean\)；方法2：日内 \(sd/mean\) 后跨日均值；方法3：日内 \(sd/mean\) 后跨日标准差；方法4：日内 \(sd\)，再跨日 \(sd/mean\)。同时刻画日内与日间异常,derivable / extend_daily_aggregation,LOCAL_CONSTRUCTIBLE,READY_FOR_LOCAL_IMPLEMENTATION,公式可由本地 1 分钟 OHLCV/成交笔数或日线面板直接构造。,,LATENT_COMPONENT,True,PASS_BY_CONSTRUCTION: only same-day intraday inputs; published daily value is lagged by the repository loader,,READY_FOR_LOCAL_IMPLEMENTATION
CJ-G039-V05,CHANGJIANG-G039,5,18,长江__高频波动时间序列信息__42项全量清单.md,"数据 `{成交量,成交笔数,振幅}` × 5m 下方法 `{1,2,3,4}` 共 12；方法 4 在 `{1m,15m}` 各 3，共 6","数据 `{成交量,成交笔数,振幅}` × 5m 下方法 `{1,2,3,4}` 共 12；方法 4 在 `{1m,15m}` 各 3，共 6 :: 5m; deal_number; method=1",方法1：全分钟 \(sd/mean\)；方法2：日内 \(sd/mean\) 后跨日均值；方法3：日内 \(sd/mean\) 后跨日标准差；方法4：日内 \(sd\)，再跨日 \(sd/mean\)。同时刻画日内与日间异常,derivable / extend_daily_aggregation,LOCAL_CONSTRUCTIBLE,READY_FOR_LOCAL_IMPLEMENTATION,公式可由本地 1 分钟 OHLCV/成交笔数或日线面板直接构造。,,LATENT_COMPONENT,True,PASS_BY_CONSTRUCTION: only same-day intraday inputs; published daily value is lagged by the repository loader,,READY_FOR_LOCAL_IMPLEMENTATION
CJ-G039-V06,CHANGJIANG-G039,6,18,长江__高频波动时间序列信息__42项全量清单.md,"数据 `{成交量,成交笔数,振幅}` × 5m 下方法 `{1,2,3,4}` 共 12；方法 4 在 `{1m,15m}` 各 3，共 6","数据 `{成交量,成交笔数,振幅}` × 5m 下方法 `{1,2,3,4}` 共 12；方法 4 在 `{1m,15m}` 各 3，共 6 :: 5m; deal_number; method=2",方法1：全分钟 \(sd/mean\)；方法2：日内 \(sd/mean\) 后跨日均值；方法3：日内 \(sd/mean\) 后跨日标准差；方法4：日内 \(sd\)，再跨日 \(sd/mean\)。同时刻画日内与日间异常,derivable / extend_daily_aggregation,LOCAL_CONSTRUCTIBLE,READY_FOR_LOCAL_IMPLEMENTATION,公式可由本地 1 分钟 OHLCV/成交笔数或日线面板直接构造。,,LATENT_COMPONENT,True,PASS_BY_CONSTRUCTION: only same-day intraday inputs; published daily value is lagged by the repository loader,,READY_FOR_LOCAL_IMPLEMENTATION
CJ-G039-V07,CHANGJIANG-G039,7,18,长江__高频波动时间序列信息__42项全量清单.md,"数据 `{成交量,成交笔数,振幅}` × 5m 下方法 `{1,2,3,4}` 共 12；方法 4 在 `{1m,15m}` 各 3，共 6","数据 `{成交量,成交笔数,振幅}` × 5m 下方法 `{1,2,3,4}` 共 12；方法 4 在 `{1m,15m}` 各 3，共 6 :: 5m; deal_number; method=3",方法1：全分钟 \(sd/mean\)；方法2：日内 \(sd/mean\) 后跨日均值；方法3：日内 \(sd/mean\) 后跨日标准差；方法4：日内 \(sd\)，再跨日 \(sd/mean\)。同时刻画日内与日间异常,derivable / extend_daily_aggregation,LOCAL_CONSTRUCTIBLE,READY_FOR_LOCAL_IMPLEMENTATION,公式可由本地 1 分钟 OHLCV/成交笔数或日线面板直接构造。,,LATENT_COMPONENT,True,PASS_BY_CONSTRUCTION: only same-day intraday inputs; published daily value is lagged by the repository loader,,READY_FOR_LOCAL_IMPLEMENTATION
CJ-G039-V08,CHANGJIANG-G039,8,18,长江__高频波动时间序列信息__42项全量清单.md,"数据 `{成交量,成交笔数,振幅}` × 5m 下方法 `{1,2,3,4}` 共 12；方法 4 在 `{1m,15m}` 各 3，共 6","数据 `{成交量,成交笔数,振幅}` × 5m 下方法 `{1,2,3,4}` 共 12；方法 4 在 `{1m,15m}` 各 3，共 6 :: 5m; deal_number; method=4",方法1：全分钟 \(sd/mean\)；方法2：日内 \(sd/mean\) 后跨日均值；方法3：日内 \(sd/mean\) 后跨日标准差；方法4：日内 \(sd\)，再跨日 \(sd/mean\)。同时刻画日内与日间异常,derivable / extend_daily_aggregation,LOCAL_CONSTRUCTIBLE,READY_FOR_LOCAL_IMPLEMENTATION,公式可由本地 1 分钟 OHLCV/成交笔数或日线面板直接构造。,,LATENT_COMPONENT,True,PASS_BY_CONSTRUCTION: only same-day intraday inputs; published daily value is lagged by the repository loader,,READY_FOR_LOCAL_IMPLEMENTATION
CJ-G039-V09,CHANGJIANG-G039,9,18,长江__高频波动时间序列信息__42项全量清单.md,"数据 `{成交量,成交笔数,振幅}` × 5m 下方法 `{1,2,3,4}` 共 12；方法 4 在 `{1m,15m}` 各 3，共 6","数据 `{成交量,成交笔数,振幅}` × 5m 下方法 `{1,2,3,4}` 共 12；方法 4 在 `{1m,15m}` 各 3，共 6 :: 5m; amplitude; method=1",方法1：全分钟 \(sd/mean\)；方法2：日内 \(sd/mean\) 后跨日均值；方法3：日内 \(sd/mean\) 后跨日标准差；方法4：日内 \(sd\)，再跨日 \(sd/mean\)。同时刻画日内与日间异常,derivable / extend_daily_aggregation,LOCAL_CONSTRUCTIBLE,READY_FOR_LOCAL_IMPLEMENTATION,公式可由本地 1 分钟 OHLCV/成交笔数或日线面板直接构造。,,LATENT_COMPONENT,True,PASS_BY_CONSTRUCTION: only same-day intraday inputs; published daily value is lagged by the repository loader,,READY_FOR_LOCAL_IMPLEMENTATION
CJ-G039-V10,CHANGJIANG-G039,10,18,长江__高频波动时间序列信息__42项全量清单.md,"数据 `{成交量,成交笔数,振幅}` × 5m 下方法 `{1,2,3,4}` 共 12；方法 4 在 `{1m,15m}` 各 3，共 6","数据 `{成交量,成交笔数,振幅}` × 5m 下方法 `{1,2,3,4}` 共 12；方法 4 在 `{1m,15m}` 各 3，共 6 :: 5m; amplitude; method=2",方法1：全分钟 \(sd/mean\)；方法2：日内 \(sd/mean\) 后跨日均值；方法3：日内 \(sd/mean\) 后跨日标准差；方法4：日内 \(sd\)，再跨日 \(sd/mean\)。同时刻画日内与日间异常,derivable / extend_daily_aggregation,LOCAL_CONSTRUCTIBLE,READY_FOR_LOCAL_IMPLEMENTATION,公式可由本地 1 分钟 OHLCV/成交笔数或日线面板直接构造。,,LATENT_COMPONENT,True,PASS_BY_CONSTRUCTION: only same-day intraday inputs; published daily value is lagged by the repository loader,,READY_FOR_LOCAL_IMPLEMENTATION
CJ-G039-V11,CHANGJIANG-G039,11,18,长江__高频波动时间序列信息__42项全量清单.md,"数据 `{成交量,成交笔数,振幅}` × 5m 下方法 `{1,2,3,4}` 共 12；方法 4 在 `{1m,15m}` 各 3，共 6","数据 `{成交量,成交笔数,振幅}` × 5m 下方法 `{1,2,3,4}` 共 12；方法 4 在 `{1m,15m}` 各 3，共 6 :: 5m; amplitude; method=3",方法1：全分钟 \(sd/mean\)；方法2：日内 \(sd/mean\) 后跨日均值；方法3：日内 \(sd/mean\) 后跨日标准差；方法4：日内 \(sd\)，再跨日 \(sd/mean\)。同时刻画日内与日间异常,derivable / extend_daily_aggregation,LOCAL_CONSTRUCTIBLE,READY_FOR_LOCAL_IMPLEMENTATION,公式可由本地 1 分钟 OHLCV/成交笔数或日线面板直接构造。,,LATENT_COMPONENT,True,PASS_BY_CONSTRUCTION: only same-day intraday inputs; published daily value is lagged by the repository loader,,READY_FOR_LOCAL_IMPLEMENTATION
CJ-G039-V12,CHANGJIANG-G039,12,18,长江__高频波动时间序列信息__42项全量清单.md,"数据 `{成交量,成交笔数,振幅}` × 5m 下方法 `{1,2,3,4}` 共 12；方法 4 在 `{1m,15m}` 各 3，共 6","数据 `{成交量,成交笔数,振幅}` × 5m 下方法 `{1,2,3,4}` 共 12；方法 4 在 `{1m,15m}` 各 3，共 6 :: 5m; amplitude; method=4",方法1：全分钟 \(sd/mean\)；方法2：日内 \(sd/mean\) 后跨日均值；方法3：日内 \(sd/mean\) 后跨日标准差；方法4：日内 \(sd\)，再跨日 \(sd/mean\)。同时刻画日内与日间异常,derivable / extend_daily_aggregation,LOCAL_CONSTRUCTIBLE,READY_FOR_LOCAL_IMPLEMENTATION,公式可由本地 1 分钟 OHLCV/成交笔数或日线面板直接构造。,,LATENT_COMPONENT,True,PASS_BY_CONSTRUCTION: only same-day intraday inputs; published daily value is lagged by the repository loader,,READY_FOR_LOCAL_IMPLEMENTATION
CJ-G039-V13,CHANGJIANG-G039,13,18,长江__高频波动时间序列信息__42项全量清单.md,"数据 `{成交量,成交笔数,振幅}` × 5m 下方法 `{1,2,3,4}` 共 12；方法 4 在 `{1m,15m}` 各 3，共 6","数据 `{成交量,成交笔数,振幅}` × 5m 下方法 `{1,2,3,4}` 共 12；方法 4 在 `{1m,15m}` 各 3，共 6 :: 1m; volume; method=4",方法1：全分钟 \(sd/mean\)；方法2：日内 \(sd/mean\) 后跨日均值；方法3：日内 \(sd/mean\) 后跨日标准差；方法4：日内 \(sd\)，再跨日 \(sd/mean\)。同时刻画日内与日间异常,derivable / extend_daily_aggregation,LOCAL_CONSTRUCTIBLE,READY_FOR_LOCAL_IMPLEMENTATION,公式可由本地 1 分钟 OHLCV/成交笔数或日线面板直接构造。,,LATENT_COMPONENT,True,PASS_BY_CONSTRUCTION: only same-day intraday inputs; published daily value is lagged by the repository loader,,READY_FOR_LOCAL_IMPLEMENTATION
CJ-G039-V14,CHANGJIANG-G039,14,18,长江__高频波动时间序列信息__42项全量清单.md,"数据 `{成交量,成交笔数,振幅}` × 5m 下方法 `{1,2,3,4}` 共 12；方法 4 在 `{1m,15m}` 各 3，共 6","数据 `{成交量,成交笔数,振幅}` × 5m 下方法 `{1,2,3,4}` 共 12；方法 4 在 `{1m,15m}` 各 3，共 6 :: 1m; deal_number; method=4",方法1：全分钟 \(sd/mean\)；方法2：日内 \(sd/mean\) 后跨日均值；方法3：日内 \(sd/mean\) 后跨日标准差；方法4：日内 \(sd\)，再跨日 \(sd/mean\)。同时刻画日内与日间异常,derivable / extend_daily_aggregation,LOCAL_CONSTRUCTIBLE,READY_FOR_LOCAL_IMPLEMENTATION,公式可由本地 1 分钟 OHLCV/成交笔数或日线面板直接构造。,,LATENT_COMPONENT,True,PASS_BY_CONSTRUCTION: only same-day intraday inputs; published daily value is lagged by the repository loader,,READY_FOR_LOCAL_IMPLEMENTATION
CJ-G039-V15,CHANGJIANG-G039,15,18,长江__高频波动时间序列信息__42项全量清单.md,"数据 `{成交量,成交笔数,振幅}` × 5m 下方法 `{1,2,3,4}` 共 12；方法 4 在 `{1m,15m}` 各 3，共 6","数据 `{成交量,成交笔数,振幅}` × 5m 下方法 `{1,2,3,4}` 共 12；方法 4 在 `{1m,15m}` 各 3，共 6 :: 1m; amplitude; method=4",方法1：全分钟 \(sd/mean\)；方法2：日内 \(sd/mean\) 后跨日均值；方法3：日内 \(sd/mean\) 后跨日标准差；方法4：日内 \(sd\)，再跨日 \(sd/mean\)。同时刻画日内与日间异常,derivable / extend_daily_aggregation,LOCAL_CONSTRUCTIBLE,READY_FOR_LOCAL_IMPLEMENTATION,公式可由本地 1 分钟 OHLCV/成交笔数或日线面板直接构造。,,LATENT_COMPONENT,True,PASS_BY_CONSTRUCTION: only same-day intraday inputs; published daily value is lagged by the repository loader,,READY_FOR_LOCAL_IMPLEMENTATION
CJ-G039-V16,CHANGJIANG-G039,16,18,长江__高频波动时间序列信息__42项全量清单.md,"数据 `{成交量,成交笔数,振幅}` × 5m 下方法 `{1,2,3,4}` 共 12；方法 4 在 `{1m,15m}` 各 3，共 6","数据 `{成交量,成交笔数,振幅}` × 5m 下方法 `{1,2,3,4}` 共 12；方法 4 在 `{1m,15m}` 各 3，共 6 :: 15m; volume; method=4",方法1：全分钟 \(sd/mean\)；方法2：日内 \(sd/mean\) 后跨日均值；方法3：日内 \(sd/mean\) 后跨日标准差；方法4：日内 \(sd\)，再跨日 \(sd/mean\)。同时刻画日内与日间异常,derivable / extend_daily_aggregation,LOCAL_CONSTRUCTIBLE,READY_FOR_LOCAL_IMPLEMENTATION,公式可由本地 1 分钟 OHLCV/成交笔数或日线面板直接构造。,,LATENT_COMPONENT,True,PASS_BY_CONSTRUCTION: only same-day intraday inputs; published daily value is lagged by the repository loader,,READY_FOR_LOCAL_IMPLEMENTATION
CJ-G039-V17,CHANGJIANG-G039,17,18,长江__高频波动时间序列信息__42项全量清单.md,"数据 `{成交量,成交笔数,振幅}` × 5m 下方法 `{1,2,3,4}` 共 12；方法 4 在 `{1m,15m}` 各 3，共 6","数据 `{成交量,成交笔数,振幅}` × 5m 下方法 `{1,2,3,4}` 共 12；方法 4 在 `{1m,15m}` 各 3，共 6 :: 15m; deal_number; method=4",方法1：全分钟 \(sd/mean\)；方法2：日内 \(sd/mean\) 后跨日均值；方法3：日内 \(sd/mean\) 后跨日标准差；方法4：日内 \(sd\)，再跨日 \(sd/mean\)。同时刻画日内与日间异常,derivable / extend_daily_aggregation,LOCAL_CONSTRUCTIBLE,READY_FOR_LOCAL_IMPLEMENTATION,公式可由本地 1 分钟 OHLCV/成交笔数或日线面板直接构造。,,LATENT_COMPONENT,True,PASS_BY_CONSTRUCTION: only same-day intraday inputs; published daily value is lagged by the repository loader,,READY_FOR_LOCAL_IMPLEMENTATION
CJ-G039-V18,CHANGJIANG-G039,18,18,长江__高频波动时间序列信息__42项全量清单.md,"数据 `{成交量,成交笔数,振幅}` × 5m 下方法 `{1,2,3,4}` 共 12；方法 4 在 `{1m,15m}` 各 3，共 6","数据 `{成交量,成交笔数,振幅}` × 5m 下方法 `{1,2,3,4}` 共 12；方法 4 在 `{1m,15m}` 各 3，共 6 :: 15m; amplitude; method=4",方法1：全分钟 \(sd/mean\)；方法2：日内 \(sd/mean\) 后跨日均值；方法3：日内 \(sd/mean\) 后跨日标准差；方法4：日内 \(sd\)，再跨日 \(sd/mean\)。同时刻画日内与日间异常,derivable / extend_daily_aggregation,LOCAL_CONSTRUCTIBLE,READY_FOR_LOCAL_IMPLEMENTATION,公式可由本地 1 分钟 OHLCV/成交笔数或日线面板直接构造。,,LATENT_COMPONENT,True,PASS_BY_CONSTRUCTION: only same-day intraday inputs; published daily value is lagged by the repository loader,,READY_FOR_LOCAL_IMPLEMENTATION
CJ-G040-V01,CHANGJIANG-G040,1,1,长江__高频波动时间序列信息__42项全量清单.md,`1m`,`1m`,\(D_d=sd(\Delta(V/N))/mean(V/N)\)，再取 20 日均值；局部跳变刻画趋势/知情交易,derivable / extend_daily_aggregation,LOCAL_CONSTRUCTIBLE,READY_FOR_LOCAL_IMPLEMENTATION,公式可由本地 1 分钟 OHLCV/成交笔数或日线面板直接构造。,,LATENT_COMPONENT,True,PASS_BY_CONSTRUCTION: only same-day intraday inputs; published daily value is lagged by the repository loader,,READY_FOR_LOCAL_IMPLEMENTATION
CJ-G041-V01,CHANGJIANG-G041,1,12,长江__高频波动时间序列信息__42项全量清单.md,"数据 `{成交量,成交笔数,每笔成交量,振幅}` × `{1m,5m,15m}`","数据 `{成交量,成交笔数,每笔成交量,振幅}` × `{1m,5m,15m}` :: 1m; volume",\(M_d=mean(,/mean(x))\)，因子为 \(mean_{20}(M_d)\)；直接提取局部峰值，避免波动项抵消,UNCLASSIFIED,BLOCKED_FORMULA_UNDERDETERMINED,报告清单不足以唯一冻结权重、窗口、归一化或被损坏的公式。,,LATENT_COMPONENT,True,PASS_BY_CONSTRUCTION: only same-day intraday inputs; published daily value is lagged by the repository loader,,BLOCKED_FORMULA_UNDERDETERMINED
CJ-G041-V02,CHANGJIANG-G041,2,12,长江__高频波动时间序列信息__42项全量清单.md,"数据 `{成交量,成交笔数,每笔成交量,振幅}` × `{1m,5m,15m}`","数据 `{成交量,成交笔数,每笔成交量,振幅}` × `{1m,5m,15m}` :: 5m; volume",\(M_d=mean(,/mean(x))\)，因子为 \(mean_{20}(M_d)\)；直接提取局部峰值，避免波动项抵消,UNCLASSIFIED,BLOCKED_FORMULA_UNDERDETERMINED,报告清单不足以唯一冻结权重、窗口、归一化或被损坏的公式。,,LATENT_COMPONENT,True,PASS_BY_CONSTRUCTION: only same-day intraday inputs; published daily value is lagged by the repository loader,,BLOCKED_FORMULA_UNDERDETERMINED
CJ-G041-V03,CHANGJIANG-G041,3,12,长江__高频波动时间序列信息__42项全量清单.md,"数据 `{成交量,成交笔数,每笔成交量,振幅}` × `{1m,5m,15m}`","数据 `{成交量,成交笔数,每笔成交量,振幅}` × `{1m,5m,15m}` :: 15m; volume",\(M_d=mean(,/mean(x))\)，因子为 \(mean_{20}(M_d)\)；直接提取局部峰值，避免波动项抵消,UNCLASSIFIED,BLOCKED_FORMULA_UNDERDETERMINED,报告清单不足以唯一冻结权重、窗口、归一化或被损坏的公式。,,LATENT_COMPONENT,True,PASS_BY_CONSTRUCTION: only same-day intraday inputs; published daily value is lagged by the repository loader,,BLOCKED_FORMULA_UNDERDETERMINED
CJ-G041-V04,CHANGJIANG-G041,4,12,长江__高频波动时间序列信息__42项全量清单.md,"数据 `{成交量,成交笔数,每笔成交量,振幅}` × `{1m,5m,15m}`","数据 `{成交量,成交笔数,每笔成交量,振幅}` × `{1m,5m,15m}` :: 1m; deal_number",\(M_d=mean(,/mean(x))\)，因子为 \(mean_{20}(M_d)\)；直接提取局部峰值，避免波动项抵消,UNCLASSIFIED,BLOCKED_FORMULA_UNDERDETERMINED,报告清单不足以唯一冻结权重、窗口、归一化或被损坏的公式。,,LATENT_COMPONENT,True,PASS_BY_CONSTRUCTION: only same-day intraday inputs; published daily value is lagged by the repository loader,,BLOCKED_FORMULA_UNDERDETERMINED
CJ-G041-V05,CHANGJIANG-G041,5,12,长江__高频波动时间序列信息__42项全量清单.md,"数据 `{成交量,成交笔数,每笔成交量,振幅}` × `{1m,5m,15m}`","数据 `{成交量,成交笔数,每笔成交量,振幅}` × `{1m,5m,15m}` :: 5m; deal_number",\(M_d=mean(,/mean(x))\)，因子为 \(mean_{20}(M_d)\)；直接提取局部峰值，避免波动项抵消,UNCLASSIFIED,BLOCKED_FORMULA_UNDERDETERMINED,报告清单不足以唯一冻结权重、窗口、归一化或被损坏的公式。,,LATENT_COMPONENT,True,PASS_BY_CONSTRUCTION: only same-day intraday inputs; published daily value is lagged by the repository loader,,BLOCKED_FORMULA_UNDERDETERMINED
CJ-G041-V06,CHANGJIANG-G041,6,12,长江__高频波动时间序列信息__42项全量清单.md,"数据 `{成交量,成交笔数,每笔成交量,振幅}` × `{1m,5m,15m}`","数据 `{成交量,成交笔数,每笔成交量,振幅}` × `{1m,5m,15m}` :: 15m; deal_number",\(M_d=mean(,/mean(x))\)，因子为 \(mean_{20}(M_d)\)；直接提取局部峰值，避免波动项抵消,UNCLASSIFIED,BLOCKED_FORMULA_UNDERDETERMINED,报告清单不足以唯一冻结权重、窗口、归一化或被损坏的公式。,,LATENT_COMPONENT,True,PASS_BY_CONSTRUCTION: only same-day intraday inputs; published daily value is lagged by the repository loader,,BLOCKED_FORMULA_UNDERDETERMINED
CJ-G041-V07,CHANGJIANG-G041,7,12,长江__高频波动时间序列信息__42项全量清单.md,"数据 `{成交量,成交笔数,每笔成交量,振幅}` × `{1m,5m,15m}`","数据 `{成交量,成交笔数,每笔成交量,振幅}` × `{1m,5m,15m}` :: 1m; volume_per_deal",\(M_d=mean(,/mean(x))\)，因子为 \(mean_{20}(M_d)\)；直接提取局部峰值，避免波动项抵消,UNCLASSIFIED,BLOCKED_FORMULA_UNDERDETERMINED,报告清单不足以唯一冻结权重、窗口、归一化或被损坏的公式。,,LATENT_COMPONENT,True,PASS_BY_CONSTRUCTION: only same-day intraday inputs; published daily value is lagged by the repository loader,,BLOCKED_FORMULA_UNDERDETERMINED
CJ-G041-V08,CHANGJIANG-G041,8,12,长江__高频波动时间序列信息__42项全量清单.md,"数据 `{成交量,成交笔数,每笔成交量,振幅}` × `{1m,5m,15m}`","数据 `{成交量,成交笔数,每笔成交量,振幅}` × `{1m,5m,15m}` :: 5m; volume_per_deal",\(M_d=mean(,/mean(x))\)，因子为 \(mean_{20}(M_d)\)；直接提取局部峰值，避免波动项抵消,UNCLASSIFIED,BLOCKED_FORMULA_UNDERDETERMINED,报告清单不足以唯一冻结权重、窗口、归一化或被损坏的公式。,,LATENT_COMPONENT,True,PASS_BY_CONSTRUCTION: only same-day intraday inputs; published daily value is lagged by the repository loader,,BLOCKED_FORMULA_UNDERDETERMINED
CJ-G041-V09,CHANGJIANG-G041,9,12,长江__高频波动时间序列信息__42项全量清单.md,"数据 `{成交量,成交笔数,每笔成交量,振幅}` × `{1m,5m,15m}`","数据 `{成交量,成交笔数,每笔成交量,振幅}` × `{1m,5m,15m}` :: 15m; volume_per_deal",\(M_d=mean(,/mean(x))\)，因子为 \(mean_{20}(M_d)\)；直接提取局部峰值，避免波动项抵消,UNCLASSIFIED,BLOCKED_FORMULA_UNDERDETERMINED,报告清单不足以唯一冻结权重、窗口、归一化或被损坏的公式。,,LATENT_COMPONENT,True,PASS_BY_CONSTRUCTION: only same-day intraday inputs; published daily value is lagged by the repository loader,,BLOCKED_FORMULA_UNDERDETERMINED
CJ-G041-V10,CHANGJIANG-G041,10,12,长江__高频波动时间序列信息__42项全量清单.md,"数据 `{成交量,成交笔数,每笔成交量,振幅}` × `{1m,5m,15m}`","数据 `{成交量,成交笔数,每笔成交量,振幅}` × `{1m,5m,15m}` :: 1m; amplitude",\(M_d=mean(,/mean(x))\)，因子为 \(mean_{20}(M_d)\)；直接提取局部峰值，避免波动项抵消,UNCLASSIFIED,BLOCKED_FORMULA_UNDERDETERMINED,报告清单不足以唯一冻结权重、窗口、归一化或被损坏的公式。,,LATENT_COMPONENT,True,PASS_BY_CONSTRUCTION: only same-day intraday inputs; published daily value is lagged by the repository loader,,BLOCKED_FORMULA_UNDERDETERMINED
CJ-G041-V11,CHANGJIANG-G041,11,12,长江__高频波动时间序列信息__42项全量清单.md,"数据 `{成交量,成交笔数,每笔成交量,振幅}` × `{1m,5m,15m}`","数据 `{成交量,成交笔数,每笔成交量,振幅}` × `{1m,5m,15m}` :: 5m; amplitude",\(M_d=mean(,/mean(x))\)，因子为 \(mean_{20}(M_d)\)；直接提取局部峰值，避免波动项抵消,UNCLASSIFIED,BLOCKED_FORMULA_UNDERDETERMINED,报告清单不足以唯一冻结权重、窗口、归一化或被损坏的公式。,,LATENT_COMPONENT,True,PASS_BY_CONSTRUCTION: only same-day intraday inputs; published daily value is lagged by the repository loader,,BLOCKED_FORMULA_UNDERDETERMINED
CJ-G041-V12,CHANGJIANG-G041,12,12,长江__高频波动时间序列信息__42项全量清单.md,"数据 `{成交量,成交笔数,每笔成交量,振幅}` × `{1m,5m,15m}`","数据 `{成交量,成交笔数,每笔成交量,振幅}` × `{1m,5m,15m}` :: 15m; amplitude",\(M_d=mean(,/mean(x))\)，因子为 \(mean_{20}(M_d)\)；直接提取局部峰值，避免波动项抵消,UNCLASSIFIED,BLOCKED_FORMULA_UNDERDETERMINED,报告清单不足以唯一冻结权重、窗口、归一化或被损坏的公式。,,LATENT_COMPONENT,True,PASS_BY_CONSTRUCTION: only same-day intraday inputs; published daily value is lagged by the repository loader,,BLOCKED_FORMULA_UNDERDETERMINED
CJ-G042-V01,CHANGJIANG-G042,1,9,长江__高频波动时间序列信息__42项全量清单.md,"阈值倍数 `{0,1,2}σ` × 最小间隔 `{0,1,5}m`","阈值倍数 `{0,1,2}σ` × 最小间隔 `{0,1,5}m` :: threshold=0sigma; min_gap=0m",日内保留 \(V_i>\bar V+kσ\) 且距上一保留点超过 gap 的峰，取 20 日日均峰数；异常成交次数代理知情交易与流动性风险,direct / extend_daily_aggregation,LOCAL_CONSTRUCTIBLE,READY_FOR_LOCAL_IMPLEMENTATION,公式可由本地 1 分钟 OHLCV/成交笔数或日线面板直接构造。,,LATENT_COMPONENT,True,PASS_BY_CONSTRUCTION: only same-day intraday inputs; published daily value is lagged by the repository loader,,READY_FOR_LOCAL_IMPLEMENTATION
CJ-G042-V02,CHANGJIANG-G042,2,9,长江__高频波动时间序列信息__42项全量清单.md,"阈值倍数 `{0,1,2}σ` × 最小间隔 `{0,1,5}m`","阈值倍数 `{0,1,2}σ` × 最小间隔 `{0,1,5}m` :: threshold=0sigma; min_gap=1m",日内保留 \(V_i>\bar V+kσ\) 且距上一保留点超过 gap 的峰，取 20 日日均峰数；异常成交次数代理知情交易与流动性风险,direct / extend_daily_aggregation,LOCAL_CONSTRUCTIBLE,READY_FOR_LOCAL_IMPLEMENTATION,公式可由本地 1 分钟 OHLCV/成交笔数或日线面板直接构造。,,LATENT_COMPONENT,True,PASS_BY_CONSTRUCTION: only same-day intraday inputs; published daily value is lagged by the repository loader,,READY_FOR_LOCAL_IMPLEMENTATION
CJ-G042-V03,CHANGJIANG-G042,3,9,长江__高频波动时间序列信息__42项全量清单.md,"阈值倍数 `{0,1,2}σ` × 最小间隔 `{0,1,5}m`","阈值倍数 `{0,1,2}σ` × 最小间隔 `{0,1,5}m` :: threshold=0sigma; min_gap=5m",日内保留 \(V_i>\bar V+kσ\) 且距上一保留点超过 gap 的峰，取 20 日日均峰数；异常成交次数代理知情交易与流动性风险,direct / extend_daily_aggregation,LOCAL_CONSTRUCTIBLE,READY_FOR_LOCAL_IMPLEMENTATION,公式可由本地 1 分钟 OHLCV/成交笔数或日线面板直接构造。,,LATENT_COMPONENT,True,PASS_BY_CONSTRUCTION: only same-day intraday inputs; published daily value is lagged by the repository loader,,READY_FOR_LOCAL_IMPLEMENTATION
CJ-G042-V04,CHANGJIANG-G042,4,9,长江__高频波动时间序列信息__42项全量清单.md,"阈值倍数 `{0,1,2}σ` × 最小间隔 `{0,1,5}m`","阈值倍数 `{0,1,2}σ` × 最小间隔 `{0,1,5}m` :: threshold=1sigma; min_gap=0m",日内保留 \(V_i>\bar V+kσ\) 且距上一保留点超过 gap 的峰，取 20 日日均峰数；异常成交次数代理知情交易与流动性风险,direct / extend_daily_aggregation,LOCAL_CONSTRUCTIBLE,READY_FOR_LOCAL_IMPLEMENTATION,公式可由本地 1 分钟 OHLCV/成交笔数或日线面板直接构造。,,LATENT_COMPONENT,True,PASS_BY_CONSTRUCTION: only same-day intraday inputs; published daily value is lagged by the repository loader,,READY_FOR_LOCAL_IMPLEMENTATION
CJ-G042-V05,CHANGJIANG-G042,5,9,长江__高频波动时间序列信息__42项全量清单.md,"阈值倍数 `{0,1,2}σ` × 最小间隔 `{0,1,5}m`","阈值倍数 `{0,1,2}σ` × 最小间隔 `{0,1,5}m` :: threshold=1sigma; min_gap=1m",日内保留 \(V_i>\bar V+kσ\) 且距上一保留点超过 gap 的峰，取 20 日日均峰数；异常成交次数代理知情交易与流动性风险,direct / extend_daily_aggregation,LOCAL_CONSTRUCTIBLE,READY_FOR_LOCAL_IMPLEMENTATION,公式可由本地 1 分钟 OHLCV/成交笔数或日线面板直接构造。,,LATENT_COMPONENT,True,PASS_BY_CONSTRUCTION: only same-day intraday inputs; published daily value is lagged by the repository loader,,READY_FOR_LOCAL_IMPLEMENTATION
CJ-G042-V06,CHANGJIANG-G042,6,9,长江__高频波动时间序列信息__42项全量清单.md,"阈值倍数 `{0,1,2}σ` × 最小间隔 `{0,1,5}m`","阈值倍数 `{0,1,2}σ` × 最小间隔 `{0,1,5}m` :: threshold=1sigma; min_gap=5m",日内保留 \(V_i>\bar V+kσ\) 且距上一保留点超过 gap 的峰，取 20 日日均峰数；异常成交次数代理知情交易与流动性风险,direct / extend_daily_aggregation,LOCAL_CONSTRUCTIBLE,READY_FOR_LOCAL_IMPLEMENTATION,公式可由本地 1 分钟 OHLCV/成交笔数或日线面板直接构造。,,LATENT_COMPONENT,True,PASS_BY_CONSTRUCTION: only same-day intraday inputs; published daily value is lagged by the repository loader,,READY_FOR_LOCAL_IMPLEMENTATION
CJ-G042-V07,CHANGJIANG-G042,7,9,长江__高频波动时间序列信息__42项全量清单.md,"阈值倍数 `{0,1,2}σ` × 最小间隔 `{0,1,5}m`","阈值倍数 `{0,1,2}σ` × 最小间隔 `{0,1,5}m` :: threshold=2sigma; min_gap=0m",日内保留 \(V_i>\bar V+kσ\) 且距上一保留点超过 gap 的峰，取 20 日日均峰数；异常成交次数代理知情交易与流动性风险,direct / extend_daily_aggregation,LOCAL_CONSTRUCTIBLE,READY_FOR_LOCAL_IMPLEMENTATION,公式可由本地 1 分钟 OHLCV/成交笔数或日线面板直接构造。,,LATENT_COMPONENT,True,PASS_BY_CONSTRUCTION: only same-day intraday inputs; published daily value is lagged by the repository loader,,READY_FOR_LOCAL_IMPLEMENTATION
CJ-G042-V08,CHANGJIANG-G042,8,9,长江__高频波动时间序列信息__42项全量清单.md,"阈值倍数 `{0,1,2}σ` × 最小间隔 `{0,1,5}m`","阈值倍数 `{0,1,2}σ` × 最小间隔 `{0,1,5}m` :: threshold=2sigma; min_gap=1m",日内保留 \(V_i>\bar V+kσ\) 且距上一保留点超过 gap 的峰，取 20 日日均峰数；异常成交次数代理知情交易与流动性风险,direct / extend_daily_aggregation,LOCAL_CONSTRUCTIBLE,READY_FOR_LOCAL_IMPLEMENTATION,公式可由本地 1 分钟 OHLCV/成交笔数或日线面板直接构造。,,LATENT_COMPONENT,True,PASS_BY_CONSTRUCTION: only same-day intraday inputs; published daily value is lagged by the repository loader,,READY_FOR_LOCAL_IMPLEMENTATION
CJ-G042-V09,CHANGJIANG-G042,9,9,长江__高频波动时间序列信息__42项全量清单.md,"阈值倍数 `{0,1,2}σ` × 最小间隔 `{0,1,5}m`","阈值倍数 `{0,1,2}σ` × 最小间隔 `{0,1,5}m` :: threshold=2sigma; min_gap=5m",日内保留 \(V_i>\bar V+kσ\) 且距上一保留点超过 gap 的峰，取 20 日日均峰数；异常成交次数代理知情交易与流动性风险,direct / extend_daily_aggregation,LOCAL_CONSTRUCTIBLE,READY_FOR_LOCAL_IMPLEMENTATION,公式可由本地 1 分钟 OHLCV/成交笔数或日线面板直接构造。,,LATENT_COMPONENT,True,PASS_BY_CONSTRUCTION: only same-day intraday inputs; published daily value is lagged by the repository loader,,READY_FOR_LOCAL_IMPLEMENTATION
CJ-G043-V01,CHANGJIANG-G043,1,2,长江__反转微观结构__28项全量清单.md,传统反转、高频反转,传统反转、高频反转 :: variant 01/02,\(\sum r_i\)；\(\sum V_ir_i/\sum V_i\)。放量收益更接近过度反应,derivable / extend_daily_aggregation,LOCAL_CONSTRUCTIBLE,READY_FOR_LOCAL_IMPLEMENTATION,公式可由本地 1 分钟 OHLCV/成交笔数或日线面板直接构造。,CHANGJIANG-G004/G006,LATENT_COMPONENT,True,PASS_BY_CONSTRUCTION: only same-day intraday inputs; published daily value is lagged by the repository loader,,READY_FOR_LOCAL_IMPLEMENTATION
CJ-G043-V02,CHANGJIANG-G043,2,2,长江__反转微观结构__28项全量清单.md,传统反转、高频反转,传统反转、高频反转 :: variant 02/02,\(\sum r_i\)；\(\sum V_ir_i/\sum V_i\)。放量收益更接近过度反应,derivable / extend_daily_aggregation,LOCAL_CONSTRUCTIBLE,READY_FOR_LOCAL_IMPLEMENTATION,公式可由本地 1 分钟 OHLCV/成交笔数或日线面板直接构造。,CHANGJIANG-G004/G006,LATENT_COMPONENT,True,PASS_BY_CONSTRUCTION: only same-day intraday inputs; published daily value is lagged by the repository loader,,READY_FOR_LOCAL_IMPLEMENTATION
CJ-G044-V01,CHANGJIANG-G044,1,5,长江__反转微观结构__28项全量清单.md,`0–20/20–40/40–60/60–80/80–100%`,`0–20/20–40/40–60/60–80/80–100%` :: volume_quantile=0-20%,\(\sum r_i1[q_j(V)<V_i\le q_{j+1}(V)]\),derivable / extend_daily_aggregation,LOCAL_CONSTRUCTIBLE,READY_FOR_LOCAL_IMPLEMENTATION,公式可由本地 1 分钟 OHLCV/成交笔数或日线面板直接构造。,,LATENT_COMPONENT,True,PASS_BY_CONSTRUCTION: only same-day intraday inputs; published daily value is lagged by the repository loader,,READY_FOR_LOCAL_IMPLEMENTATION
CJ-G044-V02,CHANGJIANG-G044,2,5,长江__反转微观结构__28项全量清单.md,`0–20/20–40/40–60/60–80/80–100%`,`0–20/20–40/40–60/60–80/80–100%` :: volume_quantile=20-40%,\(\sum r_i1[q_j(V)<V_i\le q_{j+1}(V)]\),derivable / extend_daily_aggregation,LOCAL_CONSTRUCTIBLE,READY_FOR_LOCAL_IMPLEMENTATION,公式可由本地 1 分钟 OHLCV/成交笔数或日线面板直接构造。,,LATENT_COMPONENT,True,PASS_BY_CONSTRUCTION: only same-day intraday inputs; published daily value is lagged by the repository loader,,READY_FOR_LOCAL_IMPLEMENTATION
CJ-G044-V03,CHANGJIANG-G044,3,5,长江__反转微观结构__28项全量清单.md,`0–20/20–40/40–60/60–80/80–100%`,`0–20/20–40/40–60/60–80/80–100%` :: volume_quantile=40-60%,\(\sum r_i1[q_j(V)<V_i\le q_{j+1}(V)]\),derivable / extend_daily_aggregation,LOCAL_CONSTRUCTIBLE,READY_FOR_LOCAL_IMPLEMENTATION,公式可由本地 1 分钟 OHLCV/成交笔数或日线面板直接构造。,,LATENT_COMPONENT,True,PASS_BY_CONSTRUCTION: only same-day intraday inputs; published daily value is lagged by the repository loader,,READY_FOR_LOCAL_IMPLEMENTATION
CJ-G044-V04,CHANGJIANG-G044,4,5,长江__反转微观结构__28项全量清单.md,`0–20/20–40/40–60/60–80/80–100%`,`0–20/20–40/40–60/60–80/80–100%` :: volume_quantile=60-80%,\(\sum r_i1[q_j(V)<V_i\le q_{j+1}(V)]\),derivable / extend_daily_aggregation,LOCAL_CONSTRUCTIBLE,READY_FOR_LOCAL_IMPLEMENTATION,公式可由本地 1 分钟 OHLCV/成交笔数或日线面板直接构造。,,LATENT_COMPONENT,True,PASS_BY_CONSTRUCTION: only same-day intraday inputs; published daily value is lagged by the repository loader,,READY_FOR_LOCAL_IMPLEMENTATION
CJ-G044-V05,CHANGJIANG-G044,5,5,长江__反转微观结构__28项全量清单.md,`0–20/20–40/40–60/60–80/80–100%`,`0–20/20–40/40–60/60–80/80–100%` :: volume_quantile=80-100%,\(\sum r_i1[q_j(V)<V_i\le q_{j+1}(V)]\),derivable / extend_daily_aggregation,LOCAL_CONSTRUCTIBLE,READY_FOR_LOCAL_IMPLEMENTATION,公式可由本地 1 分钟 OHLCV/成交笔数或日线面板直接构造。,,LATENT_COMPONENT,True,PASS_BY_CONSTRUCTION: only same-day intraday inputs; published daily value is lagged by the repository loader,,READY_FOR_LOCAL_IMPLEMENTATION
CJ-G045-V01,CHANGJIANG-G045,1,5,长江__反转微观结构__28项全量清单.md,同五分位,同五分位 :: variant 01/05,将筛选变量换成 \(,\)；大变动段反转更强,UNCLASSIFIED,BLOCKED_FORMULA_UNDERDETERMINED,报告清单不足以唯一冻结权重、窗口、归一化或被损坏的公式。,,LATENT_COMPONENT,True,PASS_BY_CONSTRUCTION: only same-day intraday inputs; published daily value is lagged by the repository loader,,BLOCKED_FORMULA_UNDERDETERMINED
CJ-G045-V02,CHANGJIANG-G045,2,5,长江__反转微观结构__28项全量清单.md,同五分位,同五分位 :: variant 02/05,将筛选变量换成 \(,\)；大变动段反转更强,UNCLASSIFIED,BLOCKED_FORMULA_UNDERDETERMINED,报告清单不足以唯一冻结权重、窗口、归一化或被损坏的公式。,,LATENT_COMPONENT,True,PASS_BY_CONSTRUCTION: only same-day intraday inputs; published daily value is lagged by the repository loader,,BLOCKED_FORMULA_UNDERDETERMINED
CJ-G045-V03,CHANGJIANG-G045,3,5,长江__反转微观结构__28项全量清单.md,同五分位,同五分位 :: variant 03/05,将筛选变量换成 \(,\)；大变动段反转更强,UNCLASSIFIED,BLOCKED_FORMULA_UNDERDETERMINED,报告清单不足以唯一冻结权重、窗口、归一化或被损坏的公式。,,LATENT_COMPONENT,True,PASS_BY_CONSTRUCTION: only same-day intraday inputs; published daily value is lagged by the repository loader,,BLOCKED_FORMULA_UNDERDETERMINED
CJ-G045-V04,CHANGJIANG-G045,4,5,长江__反转微观结构__28项全量清单.md,同五分位,同五分位 :: variant 04/05,将筛选变量换成 \(,\)；大变动段反转更强,UNCLASSIFIED,BLOCKED_FORMULA_UNDERDETERMINED,报告清单不足以唯一冻结权重、窗口、归一化或被损坏的公式。,,LATENT_COMPONENT,True,PASS_BY_CONSTRUCTION: only same-day intraday inputs; published daily value is lagged by the repository loader,,BLOCKED_FORMULA_UNDERDETERMINED
CJ-G045-V05,CHANGJIANG-G045,5,5,长江__反转微观结构__28项全量清单.md,同五分位,同五分位 :: variant 05/05,将筛选变量换成 \(,\)；大变动段反转更强,UNCLASSIFIED,BLOCKED_FORMULA_UNDERDETERMINED,报告清单不足以唯一冻结权重、窗口、归一化或被损坏的公式。,,LATENT_COMPONENT,True,PASS_BY_CONSTRUCTION: only same-day intraday inputs; published daily value is lagged by the repository loader,,BLOCKED_FORMULA_UNDERDETERMINED
CJ-G046-V01,CHANGJIANG-G046,1,5,长江__反转微观结构__28项全量清单.md,同五分位,同五分位 :: volume_per_deal_quantile=0-20%,筛选变量 \(pvol_i=V_i/N_i\)；高每笔成交段反转、低每笔成交段动量,derivable / extend_daily_aggregation,LOCAL_CONSTRUCTIBLE,READY_FOR_LOCAL_IMPLEMENTATION,公式可由本地 1 分钟 OHLCV/成交笔数或日线面板直接构造。,,LATENT_COMPONENT,True,PASS_BY_CONSTRUCTION: only same-day intraday inputs; published daily value is lagged by the repository loader,,READY_FOR_LOCAL_IMPLEMENTATION
CJ-G046-V02,CHANGJIANG-G046,2,5,长江__反转微观结构__28项全量清单.md,同五分位,同五分位 :: volume_per_deal_quantile=20-40%,筛选变量 \(pvol_i=V_i/N_i\)；高每笔成交段反转、低每笔成交段动量,derivable / extend_daily_aggregation,LOCAL_CONSTRUCTIBLE,READY_FOR_LOCAL_IMPLEMENTATION,公式可由本地 1 分钟 OHLCV/成交笔数或日线面板直接构造。,,LATENT_COMPONENT,True,PASS_BY_CONSTRUCTION: only same-day intraday inputs; published daily value is lagged by the repository loader,,READY_FOR_LOCAL_IMPLEMENTATION
CJ-G046-V03,CHANGJIANG-G046,3,5,长江__反转微观结构__28项全量清单.md,同五分位,同五分位 :: volume_per_deal_quantile=40-60%,筛选变量 \(pvol_i=V_i/N_i\)；高每笔成交段反转、低每笔成交段动量,derivable / extend_daily_aggregation,LOCAL_CONSTRUCTIBLE,READY_FOR_LOCAL_IMPLEMENTATION,公式可由本地 1 分钟 OHLCV/成交笔数或日线面板直接构造。,,LATENT_COMPONENT,True,PASS_BY_CONSTRUCTION: only same-day intraday inputs; published daily value is lagged by the repository loader,,READY_FOR_LOCAL_IMPLEMENTATION
CJ-G046-V04,CHANGJIANG-G046,4,5,长江__反转微观结构__28项全量清单.md,同五分位,同五分位 :: volume_per_deal_quantile=60-80%,筛选变量 \(pvol_i=V_i/N_i\)；高每笔成交段反转、低每笔成交段动量,derivable / extend_daily_aggregation,LOCAL_CONSTRUCTIBLE,READY_FOR_LOCAL_IMPLEMENTATION,公式可由本地 1 分钟 OHLCV/成交笔数或日线面板直接构造。,,LATENT_COMPONENT,True,PASS_BY_CONSTRUCTION: only same-day intraday inputs; published daily value is lagged by the repository loader,,READY_FOR_LOCAL_IMPLEMENTATION
CJ-G046-V05,CHANGJIANG-G046,5,5,长江__反转微观结构__28项全量清单.md,同五分位,同五分位 :: volume_per_deal_quantile=80-100%,筛选变量 \(pvol_i=V_i/N_i\)；高每笔成交段反转、低每笔成交段动量,derivable / extend_daily_aggregation,LOCAL_CONSTRUCTIBLE,READY_FOR_LOCAL_IMPLEMENTATION,公式可由本地 1 分钟 OHLCV/成交笔数或日线面板直接构造。,,LATENT_COMPONENT,True,PASS_BY_CONSTRUCTION: only same-day intraday inputs; published daily value is lagged by the repository loader,,READY_FOR_LOCAL_IMPLEMENTATION
CJ-G047-V01,CHANGJIANG-G047,1,1,长江__反转微观结构__28项全量清单.md,振幅比率,振幅比率,\(,/(H-L)\)；区分单边趋势与多空拉锯，作为机制检验变量,UNCLASSIFIED,BLOCKED_FORMULA_UNDERDETERMINED,报告清单不足以唯一冻结权重、窗口、归一化或被损坏的公式。,,LATENT_COMPONENT,True,PASS_BY_CONSTRUCTION: only same-day intraday inputs; published daily value is lagged by the repository loader,,BLOCKED_FORMULA_UNDERDETERMINED
CJ-G048-V01,CHANGJIANG-G048,1,1,长江__反转微观结构__28项全量清单.md,复合反转,复合反转,高 20% 段收益和减低 20% 段收益和；结合反转与动量,derivable / extend_daily_aggregation,LOCAL_CONSTRUCTIBLE,READY_FOR_LOCAL_IMPLEMENTATION,公式可由本地 1 分钟 OHLCV/成交笔数或日线面板直接构造。,,LATENT_COMPONENT,True,PASS_BY_CONSTRUCTION: only same-day intraday inputs; published daily value is lagged by the repository loader,,READY_FOR_LOCAL_IMPLEMENTATION
CJ-G049-V01,CHANGJIANG-G049,1,1,长江__反转微观结构__28项全量清单.md,加权反转,加权反转,\(\sum(pvol_i-\bar pvol)r_i/\sum pvol_i\),derivable / extend_daily_aggregation,LOCAL_CONSTRUCTIBLE,READY_FOR_LOCAL_IMPLEMENTATION,公式可由本地 1 分钟 OHLCV/成交笔数或日线面板直接构造。,,LATENT_COMPONENT,True,PASS_BY_CONSTRUCTION: only same-day intraday inputs; published daily value is lagged by the repository loader,,READY_FOR_LOCAL_IMPLEMENTATION
CJ-G050-V01,CHANGJIANG-G050,1,1,长江__反转微观结构__28项全量清单.md,标准化加权反转,标准化加权反转,"\(corr(pvol_i,r_i)\)；完整整合各密度段正负信息",derivable / extend_daily_aggregation,LOCAL_CONSTRUCTIBLE,READY_FOR_LOCAL_IMPLEMENTATION,公式可由本地 1 分钟 OHLCV/成交笔数或日线面板直接构造。,,LATENT_COMPONENT,True,PASS_BY_CONSTRUCTION: only same-day intraday inputs; published daily value is lagged by the repository loader,,READY_FOR_LOCAL_IMPLEMENTATION
CJ-G051-V01,CHANGJIANG-G051,1,5,长江__反转微观结构__28项全量清单.md,`0–20/20–40/40–60/60–80/80–100%`,`0–20/20–40/40–60/60–80/80–100%` :: price_quantile=0-20%,\(\sum V_i1[q_j(C)<C_i\le q_{j+1}(C)]/\sum V_i\)；低价放量偏正、高价放量偏负,derivable / extend_daily_aggregation,LOCAL_CONSTRUCTIBLE,READY_FOR_LOCAL_IMPLEMENTATION,公式可由本地 1 分钟 OHLCV/成交笔数或日线面板直接构造。,,LATENT_COMPONENT,True,PASS_BY_CONSTRUCTION: only same-day intraday inputs; published daily value is lagged by the repository loader,,READY_FOR_LOCAL_IMPLEMENTATION
CJ-G051-V02,CHANGJIANG-G051,2,5,长江__反转微观结构__28项全量清单.md,`0–20/20–40/40–60/60–80/80–100%`,`0–20/20–40/40–60/60–80/80–100%` :: price_quantile=20-40%,\(\sum V_i1[q_j(C)<C_i\le q_{j+1}(C)]/\sum V_i\)；低价放量偏正、高价放量偏负,derivable / extend_daily_aggregation,LOCAL_CONSTRUCTIBLE,READY_FOR_LOCAL_IMPLEMENTATION,公式可由本地 1 分钟 OHLCV/成交笔数或日线面板直接构造。,,LATENT_COMPONENT,True,PASS_BY_CONSTRUCTION: only same-day intraday inputs; published daily value is lagged by the repository loader,,READY_FOR_LOCAL_IMPLEMENTATION
CJ-G051-V03,CHANGJIANG-G051,3,5,长江__反转微观结构__28项全量清单.md,`0–20/20–40/40–60/60–80/80–100%`,`0–20/20–40/40–60/60–80/80–100%` :: price_quantile=40-60%,\(\sum V_i1[q_j(C)<C_i\le q_{j+1}(C)]/\sum V_i\)；低价放量偏正、高价放量偏负,derivable / extend_daily_aggregation,LOCAL_CONSTRUCTIBLE,READY_FOR_LOCAL_IMPLEMENTATION,公式可由本地 1 分钟 OHLCV/成交笔数或日线面板直接构造。,,LATENT_COMPONENT,True,PASS_BY_CONSTRUCTION: only same-day intraday inputs; published daily value is lagged by the repository loader,,READY_FOR_LOCAL_IMPLEMENTATION
CJ-G051-V04,CHANGJIANG-G051,4,5,长江__反转微观结构__28项全量清单.md,`0–20/20–40/40–60/60–80/80–100%`,`0–20/20–40/40–60/60–80/80–100%` :: price_quantile=60-80%,\(\sum V_i1[q_j(C)<C_i\le q_{j+1}(C)]/\sum V_i\)；低价放量偏正、高价放量偏负,derivable / extend_daily_aggregation,LOCAL_CONSTRUCTIBLE,READY_FOR_LOCAL_IMPLEMENTATION,公式可由本地 1 分钟 OHLCV/成交笔数或日线面板直接构造。,,LATENT_COMPONENT,True,PASS_BY_CONSTRUCTION: only same-day intraday inputs; published daily value is lagged by the repository loader,,READY_FOR_LOCAL_IMPLEMENTATION
CJ-G051-V05,CHANGJIANG-G051,5,5,长江__反转微观结构__28项全量清单.md,`0–20/20–40/40–60/60–80/80–100%`,`0–20/20–40/40–60/60–80/80–100%` :: price_quantile=80-100%,\(\sum V_i1[q_j(C)<C_i\le q_{j+1}(C)]/\sum V_i\)；低价放量偏正、高价放量偏负,derivable / extend_daily_aggregation,LOCAL_CONSTRUCTIBLE,READY_FOR_LOCAL_IMPLEMENTATION,公式可由本地 1 分钟 OHLCV/成交笔数或日线面板直接构造。,,LATENT_COMPONENT,True,PASS_BY_CONSTRUCTION: only same-day intraday inputs; published daily value is lagged by the repository loader,,READY_FOR_LOCAL_IMPLEMENTATION
CJ-G052-V01,CHANGJIANG-G052,1,1,长江__反转微观结构__28项全量清单.md,量价相关性,量价相关性,"\(corr(V_i,C_i)\)；等价于以去均值价格加权成交量",derivable / extend_daily_aggregation,LOCAL_CONSTRUCTIBLE,READY_FOR_LOCAL_IMPLEMENTATION,公式可由本地 1 分钟 OHLCV/成交笔数或日线面板直接构造。,CHANGJIANG-G032,LATENT_COMPONENT,True,PASS_BY_CONSTRUCTION: only same-day intraday inputs; published daily value is lagged by the repository loader,CJ-G032-V01,STATIC_DUPLICATE_OR_REUSE
CJ-G053-V01,CHANGJIANG-G053,1,1,长江__反转微观结构__28项全量清单.md,反转微观结构合成,反转微观结构合成,局部反转高每笔组、每笔成交量收益相关性、量价相关性 winsorize/标准化后各 1/3,derivable / extend_daily_aggregation,LOCAL_CONSTRUCTIBLE,BLOCKED_FORMULA_UNDERDETERMINED,报告清单不足以唯一冻结权重、窗口、归一化或被损坏的公式。,,LATENT_COMPONENT,True,PASS_BY_CONSTRUCTION: only same-day intraday inputs; published daily value is lagged by the repository loader,,BLOCKED_FORMULA_UNDERDETERMINED
CJ-G054-V01,CHANGJIANG-G054,1,5,长江__高频数据微观划分__20项全量清单.md,每笔成交量五分位局部反转,每笔成交量五分位局部反转 :: volume_per_deal_quantile=0-20%,沿用前篇五分位收益和；展示从低密度动量到高密度反转,derivable / extend_daily_aggregation,LOCAL_CONSTRUCTIBLE,READY_FOR_LOCAL_IMPLEMENTATION,公式可由本地 1 分钟 OHLCV/成交笔数或日线面板直接构造。,CHANGJIANG-G046,LATENT_COMPONENT,True,PASS_BY_CONSTRUCTION: only same-day intraday inputs; published daily value is lagged by the repository loader,CJ-G046-V01,STATIC_DUPLICATE_OR_REUSE
CJ-G054-V02,CHANGJIANG-G054,2,5,长江__高频数据微观划分__20项全量清单.md,每笔成交量五分位局部反转,每笔成交量五分位局部反转 :: volume_per_deal_quantile=20-40%,沿用前篇五分位收益和；展示从低密度动量到高密度反转,derivable / extend_daily_aggregation,LOCAL_CONSTRUCTIBLE,READY_FOR_LOCAL_IMPLEMENTATION,公式可由本地 1 分钟 OHLCV/成交笔数或日线面板直接构造。,CHANGJIANG-G046,LATENT_COMPONENT,True,PASS_BY_CONSTRUCTION: only same-day intraday inputs; published daily value is lagged by the repository loader,CJ-G046-V02,STATIC_DUPLICATE_OR_REUSE
CJ-G054-V03,CHANGJIANG-G054,3,5,长江__高频数据微观划分__20项全量清单.md,每笔成交量五分位局部反转,每笔成交量五分位局部反转 :: volume_per_deal_quantile=40-60%,沿用前篇五分位收益和；展示从低密度动量到高密度反转,derivable / extend_daily_aggregation,LOCAL_CONSTRUCTIBLE,READY_FOR_LOCAL_IMPLEMENTATION,公式可由本地 1 分钟 OHLCV/成交笔数或日线面板直接构造。,CHANGJIANG-G046,LATENT_COMPONENT,True,PASS_BY_CONSTRUCTION: only same-day intraday inputs; published daily value is lagged by the repository loader,CJ-G046-V03,STATIC_DUPLICATE_OR_REUSE
CJ-G054-V04,CHANGJIANG-G054,4,5,长江__高频数据微观划分__20项全量清单.md,每笔成交量五分位局部反转,每笔成交量五分位局部反转 :: volume_per_deal_quantile=60-80%,沿用前篇五分位收益和；展示从低密度动量到高密度反转,derivable / extend_daily_aggregation,LOCAL_CONSTRUCTIBLE,READY_FOR_LOCAL_IMPLEMENTATION,公式可由本地 1 分钟 OHLCV/成交笔数或日线面板直接构造。,CHANGJIANG-G046,LATENT_COMPONENT,True,PASS_BY_CONSTRUCTION: only same-day intraday inputs; published daily value is lagged by the repository loader,CJ-G046-V04,STATIC_DUPLICATE_OR_REUSE
CJ-G054-V05,CHANGJIANG-G054,5,5,长江__高频数据微观划分__20项全量清单.md,每笔成交量五分位局部反转,每笔成交量五分位局部反转 :: volume_per_deal_quantile=80-100%,沿用前篇五分位收益和；展示从低密度动量到高密度反转,derivable / extend_daily_aggregation,LOCAL_CONSTRUCTIBLE,READY_FOR_LOCAL_IMPLEMENTATION,公式可由本地 1 分钟 OHLCV/成交笔数或日线面板直接构造。,CHANGJIANG-G046,LATENT_COMPONENT,True,PASS_BY_CONSTRUCTION: only same-day intraday inputs; published daily value is lagged by the repository loader,CJ-G046-V05,STATIC_DUPLICATE_OR_REUSE
CJ-G055-V01,CHANGJIANG-G055,1,1,长江__高频数据微观划分__20项全量清单.md,成交量波峰计数,成交量波峰计数,每日 `均值+1σ` 且相邻峰去重，取 20 日均值,direct / extend_daily_aggregation,LOCAL_CONSTRUCTIBLE,READY_FOR_LOCAL_IMPLEMENTATION,公式可由本地 1 分钟 OHLCV/成交笔数或日线面板直接构造。,"CHANGJIANG-G042 (k=1σ,gap=1m)",LATENT_COMPONENT,True,PASS_BY_CONSTRUCTION: only same-day intraday inputs; published daily value is lagged by the repository loader,CJ-G042-V05,STATIC_DUPLICATE_OR_REUSE
CJ-G056-V01,CHANGJIANG-G056,1,9,长江__高频数据微观划分__20项全量清单.md,"`{反转,波动率,轨迹非流动性}` × `{整体,异常,正常}`","`{反转,波动率,轨迹非流动性}` × `{整体,异常,正常}` :: variant 01/09",反转 \(\sum V_ir_i/\sum V_i\)；波动 \(sd(r_i)\)；流动性 \(\log\prod(1+,)/\sum A_i\)。异常段提纯低风险确定性机制，流动性则对划分不敏感,UNCLASSIFIED,BLOCKED_FORMULA_UNDERDETERMINED,报告清单不足以唯一冻结权重、窗口、归一化或被损坏的公式。,,LATENT_COMPONENT,True,PASS_BY_CONSTRUCTION: only same-day intraday inputs; published daily value is lagged by the repository loader,,BLOCKED_FORMULA_UNDERDETERMINED
CJ-G056-V02,CHANGJIANG-G056,2,9,长江__高频数据微观划分__20项全量清单.md,"`{反转,波动率,轨迹非流动性}` × `{整体,异常,正常}`","`{反转,波动率,轨迹非流动性}` × `{整体,异常,正常}` :: variant 02/09",反转 \(\sum V_ir_i/\sum V_i\)；波动 \(sd(r_i)\)；流动性 \(\log\prod(1+,)/\sum A_i\)。异常段提纯低风险确定性机制，流动性则对划分不敏感,UNCLASSIFIED,BLOCKED_FORMULA_UNDERDETERMINED,报告清单不足以唯一冻结权重、窗口、归一化或被损坏的公式。,,LATENT_COMPONENT,True,PASS_BY_CONSTRUCTION: only same-day intraday inputs; published daily value is lagged by the repository loader,,BLOCKED_FORMULA_UNDERDETERMINED
CJ-G056-V03,CHANGJIANG-G056,3,9,长江__高频数据微观划分__20项全量清单.md,"`{反转,波动率,轨迹非流动性}` × `{整体,异常,正常}`","`{反转,波动率,轨迹非流动性}` × `{整体,异常,正常}` :: variant 03/09",反转 \(\sum V_ir_i/\sum V_i\)；波动 \(sd(r_i)\)；流动性 \(\log\prod(1+,)/\sum A_i\)。异常段提纯低风险确定性机制，流动性则对划分不敏感,UNCLASSIFIED,BLOCKED_FORMULA_UNDERDETERMINED,报告清单不足以唯一冻结权重、窗口、归一化或被损坏的公式。,,LATENT_COMPONENT,True,PASS_BY_CONSTRUCTION: only same-day intraday inputs; published daily value is lagged by the repository loader,,BLOCKED_FORMULA_UNDERDETERMINED
CJ-G056-V04,CHANGJIANG-G056,4,9,长江__高频数据微观划分__20项全量清单.md,"`{反转,波动率,轨迹非流动性}` × `{整体,异常,正常}`","`{反转,波动率,轨迹非流动性}` × `{整体,异常,正常}` :: variant 04/09",反转 \(\sum V_ir_i/\sum V_i\)；波动 \(sd(r_i)\)；流动性 \(\log\prod(1+,)/\sum A_i\)。异常段提纯低风险确定性机制，流动性则对划分不敏感,UNCLASSIFIED,BLOCKED_FORMULA_UNDERDETERMINED,报告清单不足以唯一冻结权重、窗口、归一化或被损坏的公式。,,LATENT_COMPONENT,True,PASS_BY_CONSTRUCTION: only same-day intraday inputs; published daily value is lagged by the repository loader,,BLOCKED_FORMULA_UNDERDETERMINED
CJ-G056-V05,CHANGJIANG-G056,5,9,长江__高频数据微观划分__20项全量清单.md,"`{反转,波动率,轨迹非流动性}` × `{整体,异常,正常}`","`{反转,波动率,轨迹非流动性}` × `{整体,异常,正常}` :: variant 05/09",反转 \(\sum V_ir_i/\sum V_i\)；波动 \(sd(r_i)\)；流动性 \(\log\prod(1+,)/\sum A_i\)。异常段提纯低风险确定性机制，流动性则对划分不敏感,UNCLASSIFIED,BLOCKED_FORMULA_UNDERDETERMINED,报告清单不足以唯一冻结权重、窗口、归一化或被损坏的公式。,,LATENT_COMPONENT,True,PASS_BY_CONSTRUCTION: only same-day intraday inputs; published daily value is lagged by the repository loader,,BLOCKED_FORMULA_UNDERDETERMINED
CJ-G056-V06,CHANGJIANG-G056,6,9,长江__高频数据微观划分__20项全量清单.md,"`{反转,波动率,轨迹非流动性}` × `{整体,异常,正常}`","`{反转,波动率,轨迹非流动性}` × `{整体,异常,正常}` :: variant 06/09",反转 \(\sum V_ir_i/\sum V_i\)；波动 \(sd(r_i)\)；流动性 \(\log\prod(1+,)/\sum A_i\)。异常段提纯低风险确定性机制，流动性则对划分不敏感,UNCLASSIFIED,BLOCKED_FORMULA_UNDERDETERMINED,报告清单不足以唯一冻结权重、窗口、归一化或被损坏的公式。,,LATENT_COMPONENT,True,PASS_BY_CONSTRUCTION: only same-day intraday inputs; published daily value is lagged by the repository loader,,BLOCKED_FORMULA_UNDERDETERMINED
CJ-G056-V07,CHANGJIANG-G056,7,9,长江__高频数据微观划分__20项全量清单.md,"`{反转,波动率,轨迹非流动性}` × `{整体,异常,正常}`","`{反转,波动率,轨迹非流动性}` × `{整体,异常,正常}` :: variant 07/09",反转 \(\sum V_ir_i/\sum V_i\)；波动 \(sd(r_i)\)；流动性 \(\log\prod(1+,)/\sum A_i\)。异常段提纯低风险确定性机制，流动性则对划分不敏感,UNCLASSIFIED,BLOCKED_FORMULA_UNDERDETERMINED,报告清单不足以唯一冻结权重、窗口、归一化或被损坏的公式。,,LATENT_COMPONENT,True,PASS_BY_CONSTRUCTION: only same-day intraday inputs; published daily value is lagged by the repository loader,,BLOCKED_FORMULA_UNDERDETERMINED
CJ-G056-V08,CHANGJIANG-G056,8,9,长江__高频数据微观划分__20项全量清单.md,"`{反转,波动率,轨迹非流动性}` × `{整体,异常,正常}`","`{反转,波动率,轨迹非流动性}` × `{整体,异常,正常}` :: variant 08/09",反转 \(\sum V_ir_i/\sum V_i\)；波动 \(sd(r_i)\)；流动性 \(\log\prod(1+,)/\sum A_i\)。异常段提纯低风险确定性机制，流动性则对划分不敏感,UNCLASSIFIED,BLOCKED_FORMULA_UNDERDETERMINED,报告清单不足以唯一冻结权重、窗口、归一化或被损坏的公式。,,LATENT_COMPONENT,True,PASS_BY_CONSTRUCTION: only same-day intraday inputs; published daily value is lagged by the repository loader,,BLOCKED_FORMULA_UNDERDETERMINED
CJ-G056-V09,CHANGJIANG-G056,9,9,长江__高频数据微观划分__20项全量清单.md,"`{反转,波动率,轨迹非流动性}` × `{整体,异常,正常}`","`{反转,波动率,轨迹非流动性}` × `{整体,异常,正常}` :: variant 09/09",反转 \(\sum V_ir_i/\sum V_i\)；波动 \(sd(r_i)\)；流动性 \(\log\prod(1+,)/\sum A_i\)。异常段提纯低风险确定性机制，流动性则对划分不敏感,UNCLASSIFIED,BLOCKED_FORMULA_UNDERDETERMINED,报告清单不足以唯一冻结权重、窗口、归一化或被损坏的公式。,,LATENT_COMPONENT,True,PASS_BY_CONSTRUCTION: only same-day intraday inputs; published daily value is lagged by the repository loader,,BLOCKED_FORMULA_UNDERDETERMINED
CJ-G057-V01,CHANGJIANG-G057,1,2,长江__高频数据微观划分__20项全量清单.md,上行波动率、下行波动率（整体已在上一组）,上行波动率、下行波动率（整体已在上一组） :: upside_volatility,按 \(r_i\gtrless0\) 分样本计算标准差；检验上/下行风险属性,derivable / extend_daily_aggregation,LOCAL_CONSTRUCTIBLE,READY_FOR_LOCAL_IMPLEMENTATION,公式可由本地 1 分钟 OHLCV/成交笔数或日线面板直接构造。,,LATENT_COMPONENT,True,PASS_BY_CONSTRUCTION: only same-day intraday inputs; published daily value is lagged by the repository loader,,READY_FOR_LOCAL_IMPLEMENTATION
CJ-G057-V02,CHANGJIANG-G057,2,2,长江__高频数据微观划分__20项全量清单.md,上行波动率、下行波动率（整体已在上一组）,上行波动率、下行波动率（整体已在上一组） :: downside_volatility,按 \(r_i\gtrless0\) 分样本计算标准差；检验上/下行风险属性,derivable / extend_daily_aggregation,LOCAL_CONSTRUCTIBLE,READY_FOR_LOCAL_IMPLEMENTATION,公式可由本地 1 分钟 OHLCV/成交笔数或日线面板直接构造。,,LATENT_COMPONENT,True,PASS_BY_CONSTRUCTION: only same-day intraday inputs; published daily value is lagged by the repository loader,,READY_FOR_LOCAL_IMPLEMENTATION
CJ-G058-V01,CHANGJIANG-G058,1,2,长江__高频数据微观划分__20项全量清单.md,全市场活跃时段反转、平缓时段反转（整体已在上一组）,全市场活跃时段反转、平缓时段反转（整体已在上一组） :: market_active_period_reversal,活跃时段为 09:31–09:41、13:01、14:56、14:57、15:00；其余为平缓,direct / extend_daily_aggregation,LOCAL_CONSTRUCTIBLE,READY_FOR_LOCAL_IMPLEMENTATION,公式可由本地 1 分钟 OHLCV/成交笔数或日线面板直接构造。,,LATENT_COMPONENT,True,PASS_BY_CONSTRUCTION: only same-day intraday inputs; published daily value is lagged by the repository loader,,READY_FOR_LOCAL_IMPLEMENTATION
CJ-G058-V02,CHANGJIANG-G058,2,2,长江__高频数据微观划分__20项全量清单.md,全市场活跃时段反转、平缓时段反转（整体已在上一组）,全市场活跃时段反转、平缓时段反转（整体已在上一组） :: market_quiet_period_reversal,活跃时段为 09:31–09:41、13:01、14:56、14:57、15:00；其余为平缓,direct / extend_daily_aggregation,LOCAL_CONSTRUCTIBLE,READY_FOR_LOCAL_IMPLEMENTATION,公式可由本地 1 分钟 OHLCV/成交笔数或日线面板直接构造。,,LATENT_COMPONENT,True,PASS_BY_CONSTRUCTION: only same-day intraday inputs; published daily value is lagged by the repository loader,,READY_FOR_LOCAL_IMPLEMENTATION
CJ-G059-V01,CHANGJIANG-G059,1,1,长江__高频数据微观划分__20项全量清单.md,交易异常活跃剔除 09:31,交易异常活跃剔除 09:31,在 \(E_d\) 中剔除每日 09:31 后算成交量加权反转；去除隔夜信息动量污染,direct / extend_daily_aggregation,LOCAL_CONSTRUCTIBLE,READY_FOR_LOCAL_IMPLEMENTATION,公式可由本地 1 分钟 OHLCV/成交笔数或日线面板直接构造。,,LATENT_COMPONENT,True,PASS_BY_CONSTRUCTION: only same-day intraday inputs; published daily value is lagged by the repository loader,,READY_FOR_LOCAL_IMPLEMENTATION
CJ-G060-V01,CHANGJIANG-G060,1,3,长江__日内与日间__16项全量清单.md,整体、日内、日间高频反转,整体、日内、日间高频反转 :: overall,分钟版 \(\sum V_ir_i/\sum V_i\)；比较微观结构和跨日可比性,derivable / extend_daily_aggregation,LOCAL_CONSTRUCTIBLE,READY_FOR_LOCAL_IMPLEMENTATION,公式可由本地 1 分钟 OHLCV/成交笔数或日线面板直接构造。,,LATENT_COMPONENT,True,PASS_BY_CONSTRUCTION: only same-day intraday inputs; published daily value is lagged by the repository loader,,READY_FOR_LOCAL_IMPLEMENTATION
CJ-G060-V02,CHANGJIANG-G060,2,3,长江__日内与日间__16项全量清单.md,整体、日内、日间高频反转,整体、日内、日间高频反转 :: intraday,分钟版 \(\sum V_ir_i/\sum V_i\)；比较微观结构和跨日可比性,derivable / extend_daily_aggregation,LOCAL_CONSTRUCTIBLE,READY_FOR_LOCAL_IMPLEMENTATION,公式可由本地 1 分钟 OHLCV/成交笔数或日线面板直接构造。,,LATENT_COMPONENT,True,PASS_BY_CONSTRUCTION: only same-day intraday inputs; published daily value is lagged by the repository loader,,READY_FOR_LOCAL_IMPLEMENTATION
CJ-G060-V03,CHANGJIANG-G060,3,3,长江__日内与日间__16项全量清单.md,整体、日内、日间高频反转,整体、日内、日间高频反转 :: interday,分钟版 \(\sum V_ir_i/\sum V_i\)；比较微观结构和跨日可比性,derivable / extend_daily_aggregation,LOCAL_CONSTRUCTIBLE,READY_FOR_LOCAL_IMPLEMENTATION,公式可由本地 1 分钟 OHLCV/成交笔数或日线面板直接构造。,,LATENT_COMPONENT,True,PASS_BY_CONSTRUCTION: only same-day intraday inputs; published daily value is lagged by the repository loader,,READY_FOR_LOCAL_IMPLEMENTATION
CJ-G061-V01,CHANGJIANG-G061,1,2,长江__日内与日间__16项全量清单.md,整体、日内波峰,整体、日内波峰 :: overall_peak_count,在整体窗口或逐日以 `均值+1σ`、间隔 1m 计峰；日间法退化为零不计有效因子,direct / extend_daily_aggregation,LOCAL_CONSTRUCTIBLE,READY_FOR_LOCAL_IMPLEMENTATION,公式可由本地 1 分钟 OHLCV/成交笔数或日线面板直接构造。,,LATENT_COMPONENT,True,PASS_BY_CONSTRUCTION: only same-day intraday inputs; published daily value is lagged by the repository loader,,READY_FOR_LOCAL_IMPLEMENTATION
CJ-G061-V02,CHANGJIANG-G061,2,2,长江__日内与日间__16项全量清单.md,整体、日内波峰,整体、日内波峰 :: intraday_peak_count,在整体窗口或逐日以 `均值+1σ`、间隔 1m 计峰；日间法退化为零不计有效因子,direct / extend_daily_aggregation,LOCAL_CONSTRUCTIBLE,READY_FOR_LOCAL_IMPLEMENTATION,公式可由本地 1 分钟 OHLCV/成交笔数或日线面板直接构造。,,LATENT_COMPONENT,True,PASS_BY_CONSTRUCTION: only same-day intraday inputs; published daily value is lagged by the repository loader,,READY_FOR_LOCAL_IMPLEMENTATION
CJ-G062-V01,CHANGJIANG-G062,1,3,长江__日内与日间__16项全量清单.md,整体、日内、日间量价相关性,整体、日内、日间量价相关性 :: overall,"\(corr(V,C)\) 在三种聚合层次计算",derivable / extend_daily_aggregation,LOCAL_CONSTRUCTIBLE,READY_FOR_LOCAL_IMPLEMENTATION,公式可由本地 1 分钟 OHLCV/成交笔数或日线面板直接构造。,,LATENT_COMPONENT,True,PASS_BY_CONSTRUCTION: only same-day intraday inputs; published daily value is lagged by the repository loader,,READY_FOR_LOCAL_IMPLEMENTATION
CJ-G062-V02,CHANGJIANG-G062,2,3,长江__日内与日间__16项全量清单.md,整体、日内、日间量价相关性,整体、日内、日间量价相关性 :: intraday,"\(corr(V,C)\) 在三种聚合层次计算",derivable / extend_daily_aggregation,LOCAL_CONSTRUCTIBLE,READY_FOR_LOCAL_IMPLEMENTATION,公式可由本地 1 分钟 OHLCV/成交笔数或日线面板直接构造。,,LATENT_COMPONENT,True,PASS_BY_CONSTRUCTION: only same-day intraday inputs; published daily value is lagged by the repository loader,,READY_FOR_LOCAL_IMPLEMENTATION
CJ-G062-V03,CHANGJIANG-G062,3,3,长江__日内与日间__16项全量清单.md,整体、日内、日间量价相关性,整体、日内、日间量价相关性 :: interday,"\(corr(V,C)\) 在三种聚合层次计算",derivable / extend_daily_aggregation,LOCAL_CONSTRUCTIBLE,READY_FOR_LOCAL_IMPLEMENTATION,公式可由本地 1 分钟 OHLCV/成交笔数或日线面板直接构造。,,LATENT_COMPONENT,True,PASS_BY_CONSTRUCTION: only same-day intraday inputs; published daily value is lagged by the repository loader,,READY_FOR_LOCAL_IMPLEMENTATION
CJ-G063-V01,CHANGJIANG-G063,1,2,长江__日内与日间__16项全量清单.md,高频反转偏度、量价相关性标准差,高频反转偏度、量价相关性标准差 :: reversal_daily_skew_21d,先逐日计算高频反转/量价相关性，再取 21 日偏度/标准差；刻画日度属性分布与波动,derivable / extend_daily_aggregation,LOCAL_CONSTRUCTIBLE,READY_FOR_LOCAL_IMPLEMENTATION,公式可由本地 1 分钟 OHLCV/成交笔数或日线面板直接构造。,,LATENT_COMPONENT,True,PASS_BY_CONSTRUCTION: only same-day intraday inputs; published daily value is lagged by the repository loader,,READY_FOR_LOCAL_IMPLEMENTATION
CJ-G063-V02,CHANGJIANG-G063,2,2,长江__日内与日间__16项全量清单.md,高频反转偏度、量价相关性标准差,高频反转偏度、量价相关性标准差 :: price_volume_corr_daily_std_21d,先逐日计算高频反转/量价相关性，再取 21 日偏度/标准差；刻画日度属性分布与波动,derivable / extend_daily_aggregation,LOCAL_CONSTRUCTIBLE,READY_FOR_LOCAL_IMPLEMENTATION,公式可由本地 1 分钟 OHLCV/成交笔数或日线面板直接构造。,,LATENT_COMPONENT,True,PASS_BY_CONSTRUCTION: only same-day intraday inputs; published daily value is lagged by the repository loader,,READY_FOR_LOCAL_IMPLEMENTATION
CJ-G064-V01,CHANGJIANG-G064,1,3,长江__日内与日间__16项全量清单.md,开盘相对昨收、第一分钟收盘相对昨收、第一分钟收盘相对开盘,开盘相对昨收、第一分钟收盘相对昨收、第一分钟收盘相对开盘 :: open_vs_prev_close,对三段隔夜/开盘收益在 21 日聚合；分离集合竞价和连续交易的信息消化,direct / extend_daily_aggregation,LOCAL_CONSTRUCTIBLE,READY_FOR_LOCAL_IMPLEMENTATION,公式可由本地 1 分钟 OHLCV/成交笔数或日线面板直接构造。,,LATENT_COMPONENT,True,PASS_BY_CONSTRUCTION: only same-day intraday inputs; published daily value is lagged by the repository loader,,READY_FOR_LOCAL_IMPLEMENTATION
CJ-G064-V02,CHANGJIANG-G064,2,3,长江__日内与日间__16项全量清单.md,开盘相对昨收、第一分钟收盘相对昨收、第一分钟收盘相对开盘,开盘相对昨收、第一分钟收盘相对昨收、第一分钟收盘相对开盘 :: first_minute_close_vs_prev_close,对三段隔夜/开盘收益在 21 日聚合；分离集合竞价和连续交易的信息消化,direct / extend_daily_aggregation,LOCAL_CONSTRUCTIBLE,READY_FOR_LOCAL_IMPLEMENTATION,公式可由本地 1 分钟 OHLCV/成交笔数或日线面板直接构造。,,LATENT_COMPONENT,True,PASS_BY_CONSTRUCTION: only same-day intraday inputs; published daily value is lagged by the repository loader,,READY_FOR_LOCAL_IMPLEMENTATION
CJ-G064-V03,CHANGJIANG-G064,3,3,长江__日内与日间__16项全量清单.md,开盘相对昨收、第一分钟收盘相对昨收、第一分钟收盘相对开盘,开盘相对昨收、第一分钟收盘相对昨收、第一分钟收盘相对开盘 :: first_minute_close_vs_open,对三段隔夜/开盘收益在 21 日聚合；分离集合竞价和连续交易的信息消化,direct / extend_daily_aggregation,LOCAL_CONSTRUCTIBLE,READY_FOR_LOCAL_IMPLEMENTATION,公式可由本地 1 分钟 OHLCV/成交笔数或日线面板直接构造。,,LATENT_COMPONENT,True,PASS_BY_CONSTRUCTION: only same-day intraday inputs; published daily value is lagged by the repository loader,,READY_FOR_LOCAL_IMPLEMENTATION
CJ-G065-V01,CHANGJIANG-G065,1,3,长江__日内与日间__16项全量清单.md,全时段、今收相对开盘、今收相对第一分钟收盘,全时段、今收相对开盘、今收相对第一分钟收盘 :: full_session,在对应时间段内做成交量加权反转；剔除动量段后提纯反转,derivable / extend_daily_aggregation,LOCAL_CONSTRUCTIBLE,READY_FOR_LOCAL_IMPLEMENTATION,公式可由本地 1 分钟 OHLCV/成交笔数或日线面板直接构造。,,LATENT_COMPONENT,True,PASS_BY_CONSTRUCTION: only same-day intraday inputs; published daily value is lagged by the repository loader,,READY_FOR_LOCAL_IMPLEMENTATION
CJ-G065-V02,CHANGJIANG-G065,2,3,长江__日内与日间__16项全量清单.md,全时段、今收相对开盘、今收相对第一分钟收盘,全时段、今收相对开盘、今收相对第一分钟收盘 :: close_vs_open,在对应时间段内做成交量加权反转；剔除动量段后提纯反转,derivable / extend_daily_aggregation,LOCAL_CONSTRUCTIBLE,READY_FOR_LOCAL_IMPLEMENTATION,公式可由本地 1 分钟 OHLCV/成交笔数或日线面板直接构造。,,LATENT_COMPONENT,True,PASS_BY_CONSTRUCTION: only same-day intraday inputs; published daily value is lagged by the repository loader,,READY_FOR_LOCAL_IMPLEMENTATION
CJ-G065-V03,CHANGJIANG-G065,3,3,长江__日内与日间__16项全量清单.md,全时段、今收相对开盘、今收相对第一分钟收盘,全时段、今收相对开盘、今收相对第一分钟收盘 :: close_vs_first_minute_close,在对应时间段内做成交量加权反转；剔除动量段后提纯反转,derivable / extend_daily_aggregation,LOCAL_CONSTRUCTIBLE,READY_FOR_LOCAL_IMPLEMENTATION,公式可由本地 1 分钟 OHLCV/成交笔数或日线面板直接构造。,,LATENT_COMPONENT,True,PASS_BY_CONSTRUCTION: only same-day intraday inputs; published daily value is lagged by the repository loader,,READY_FOR_LOCAL_IMPLEMENTATION
CJ-G066-V01,CHANGJIANG-G066,1,1,长江__广义拥挤度__37项全量清单.md,开盘成交占比,开盘成交占比,开盘 5 分钟成交量/全区间成交量,direct / extend_daily_aggregation,LOCAL_CONSTRUCTIBLE,READY_FOR_LOCAL_IMPLEMENTATION,公式可由本地 1 分钟 OHLCV/成交笔数或日线面板直接构造。,,LATENT_COMPONENT,True,PASS_BY_CONSTRUCTION: only same-day intraday inputs; published daily value is lagged by the repository loader,,READY_FOR_LOCAL_IMPLEMENTATION
CJ-G067-V01,CHANGJIANG-G067,1,1,长江__广义拥挤度__37项全量清单.md,高价成交占比,高价成交占比,价格最高 20% 区间成交量占比,derivable / extend_daily_aggregation,LOCAL_CONSTRUCTIBLE,READY_FOR_LOCAL_IMPLEMENTATION,公式可由本地 1 分钟 OHLCV/成交笔数或日线面板直接构造。,,LATENT_COMPONENT,True,PASS_BY_CONSTRUCTION: only same-day intraday inputs; published daily value is lagged by the repository loader,,READY_FOR_LOCAL_IMPLEMENTATION
CJ-G068-V01,CHANGJIANG-G068,1,1,长江__广义拥挤度__37项全量清单.md,低价成交占比,低价成交占比,价格最低 20% 区间成交量占比,derivable / extend_daily_aggregation,LOCAL_CONSTRUCTIBLE,READY_FOR_LOCAL_IMPLEMENTATION,公式可由本地 1 分钟 OHLCV/成交笔数或日线面板直接构造。,,LATENT_COMPONENT,True,PASS_BY_CONSTRUCTION: only same-day intraday inputs; published daily value is lagged by the repository loader,,READY_FOR_LOCAL_IMPLEMENTATION
CJ-G069-V01,CHANGJIANG-G069,1,1,长江__广义拥挤度__37项全量清单.md,价主买相关性,价主买相关性,"\(corr(价格,主动流入占比)\)",adaptable / proxy_required,PROXY_OR_ADAPTABLE,BLOCKED_PROXY_NOT_EQUIVALENT,主动买卖方向不可由分钟 K 线无损恢复；不得以 proxy 冒充原式。,,LATENT_COMPONENT,True,PASS_BY_CONSTRUCTION: only same-day intraday inputs; published daily value is lagged by the repository loader,,BLOCKED_PROXY_NOT_EQUIVALENT
CJ-G070-V01,CHANGJIANG-G070,1,1,长江__广义拥挤度__37项全量清单.md,波动加权成交占比,波动加权成交占比,日度波动率加权成交量占比,derivable / extend_daily_aggregation,LOCAL_CONSTRUCTIBLE,BLOCKED_FORMULA_UNDERDETERMINED,报告清单不足以唯一冻结权重、窗口、归一化或被损坏的公式。,,LATENT_COMPONENT,True,PASS_BY_CONSTRUCTION: only same-day intraday inputs; published daily value is lagged by the repository loader,,BLOCKED_FORMULA_UNDERDETERMINED
CJ-G071-V01,CHANGJIANG-G071,1,1,长江__广义拥挤度__37项全量清单.md,波动价相关性,波动价相关性,"\(corr(日度波动率,均价)\)",derivable / extend_daily_aggregation,LOCAL_CONSTRUCTIBLE,READY_FOR_LOCAL_IMPLEMENTATION,公式可由本地 1 分钟 OHLCV/成交笔数或日线面板直接构造。,,LATENT_COMPONENT,True,PASS_BY_CONSTRUCTION: only same-day intraday inputs; published daily value is lagged by the repository loader,,READY_FOR_LOCAL_IMPLEMENTATION
CJ-G072-V01,CHANGJIANG-G072,1,1,长江__广义拥挤度__37项全量清单.md,高波动收益率,高波动收益率,波动率最高 20% 区间收益率和,derivable / extend_daily_aggregation,LOCAL_CONSTRUCTIBLE,READY_FOR_LOCAL_IMPLEMENTATION,公式可由本地 1 分钟 OHLCV/成交笔数或日线面板直接构造。,,LATENT_COMPONENT,True,PASS_BY_CONSTRUCTION: only same-day intraday inputs; published daily value is lagged by the repository loader,,READY_FOR_LOCAL_IMPLEMENTATION
CJ-G073-V01,CHANGJIANG-G073,1,1,长江__广义拥挤度__37项全量清单.md,高波动资金流入,高波动资金流入,高波动 20% 区间主动流入占比,adaptable / proxy_required,PROXY_OR_ADAPTABLE,BLOCKED_PROXY_NOT_EQUIVALENT,主动买卖方向不可由分钟 K 线无损恢复；不得以 proxy 冒充原式。,,LATENT_COMPONENT,True,PASS_BY_CONSTRUCTION: only same-day intraday inputs; published daily value is lagged by the repository loader,,BLOCKED_PROXY_NOT_EQUIVALENT
CJ-G074-V01,CHANGJIANG-G074,1,1,长江__广义拥挤度__37项全量清单.md,高成交量交易成本,高成交量交易成本,高成交量 20% 区间均价/全区间均价,derivable / extend_daily_aggregation,LOCAL_CONSTRUCTIBLE,READY_FOR_LOCAL_IMPLEMENTATION,公式可由本地 1 分钟 OHLCV/成交笔数或日线面板直接构造。,,LATENT_COMPONENT,True,PASS_BY_CONSTRUCTION: only same-day intraday inputs; published daily value is lagged by the repository loader,,READY_FOR_LOCAL_IMPLEMENTATION
CJ-G075-V01,CHANGJIANG-G075,1,1,长江__广义拥挤度__37项全量清单.md,低成交量交易成本,低成交量交易成本,低成交量 20% 区间均价/全区间均价,derivable / extend_daily_aggregation,LOCAL_CONSTRUCTIBLE,READY_FOR_LOCAL_IMPLEMENTATION,公式可由本地 1 分钟 OHLCV/成交笔数或日线面板直接构造。,,LATENT_COMPONENT,True,PASS_BY_CONSTRUCTION: only same-day intraday inputs; published daily value is lagged by the repository loader,,READY_FOR_LOCAL_IMPLEMENTATION
CJ-G076-V01,CHANGJIANG-G076,1,1,长江__广义拥挤度__37项全量清单.md,成交量加权收益率,成交量加权收益率,\(\sum V_ir_i/\sum V_i\),derivable / extend_daily_aggregation,LOCAL_CONSTRUCTIBLE,READY_FOR_LOCAL_IMPLEMENTATION,公式可由本地 1 分钟 OHLCV/成交笔数或日线面板直接构造。,CHANGJIANG-G006/G025,LATENT_COMPONENT,True,PASS_BY_CONSTRUCTION: only same-day intraday inputs; published daily value is lagged by the repository loader,,READY_FOR_LOCAL_IMPLEMENTATION
CJ-G077-V01,CHANGJIANG-G077,1,1,长江__广义拥挤度__37项全量清单.md,高成交量每笔成交,高成交量每笔成交,高成交量 20% 区间 \(V/N\) 相对全区间偏移,derivable / extend_daily_aggregation,LOCAL_CONSTRUCTIBLE,READY_FOR_LOCAL_IMPLEMENTATION,公式可由本地 1 分钟 OHLCV/成交笔数或日线面板直接构造。,,LATENT_COMPONENT,True,PASS_BY_CONSTRUCTION: only same-day intraday inputs; published daily value is lagged by the repository loader,,READY_FOR_LOCAL_IMPLEMENTATION
CJ-G078-V01,CHANGJIANG-G078,1,1,长江__广义拥挤度__37项全量清单.md,低成交量每笔成交,低成交量每笔成交,低成交量 20% 区间 \(V/N\) 相对全区间偏移,derivable / extend_daily_aggregation,LOCAL_CONSTRUCTIBLE,READY_FOR_LOCAL_IMPLEMENTATION,公式可由本地 1 分钟 OHLCV/成交笔数或日线面板直接构造。,,LATENT_COMPONENT,True,PASS_BY_CONSTRUCTION: only same-day intraday inputs; published daily value is lagged by the repository loader,,READY_FOR_LOCAL_IMPLEMENTATION
CJ-G079-V01,CHANGJIANG-G079,1,1,长江__广义拥挤度__37项全量清单.md,高每笔收益率,高每笔收益率,每笔成交量最高 20% 区间收益率,derivable / extend_daily_aggregation,LOCAL_CONSTRUCTIBLE,READY_FOR_LOCAL_IMPLEMENTATION,公式可由本地 1 分钟 OHLCV/成交笔数或日线面板直接构造。,,LATENT_COMPONENT,True,PASS_BY_CONSTRUCTION: only same-day intraday inputs; published daily value is lagged by the repository loader,,READY_FOR_LOCAL_IMPLEMENTATION
CJ-G080-V01,CHANGJIANG-G080,1,1,长江__广义拥挤度__37项全量清单.md,低每笔收益率,低每笔收益率,每笔成交量最低 20% 区间收益率,derivable / extend_daily_aggregation,LOCAL_CONSTRUCTIBLE,READY_FOR_LOCAL_IMPLEMENTATION,公式可由本地 1 分钟 OHLCV/成交笔数或日线面板直接构造。,,LATENT_COMPONENT,True,PASS_BY_CONSTRUCTION: only same-day intraday inputs; published daily value is lagged by the repository loader,,READY_FOR_LOCAL_IMPLEMENTATION
CJ-G081-V01,CHANGJIANG-G081,1,1,长江__广义拥挤度__37项全量清单.md,每笔主买相关性,每笔主买相关性,"\(corr(V/N,主动流入)\)",adaptable / proxy_required,PROXY_OR_ADAPTABLE,BLOCKED_PROXY_NOT_EQUIVALENT,主动买卖方向不可由分钟 K 线无损恢复；不得以 proxy 冒充原式。,,LATENT_COMPONENT,True,PASS_BY_CONSTRUCTION: only same-day intraday inputs; published daily value is lagged by the repository loader,,BLOCKED_PROXY_NOT_EQUIVALENT
CJ-G082-V01,CHANGJIANG-G082,1,1,长江__广义拥挤度__37项全量清单.md,主动资金流入,主动资金流入,主动流入金额/成交额,adaptable / proxy_required,PROXY_OR_ADAPTABLE,BLOCKED_PROXY_NOT_EQUIVALENT,主动买卖方向不可由分钟 K 线无损恢复；不得以 proxy 冒充原式。,,LATENT_COMPONENT,True,PASS_BY_CONSTRUCTION: only same-day intraday inputs; published daily value is lagged by the repository loader,,BLOCKED_PROXY_NOT_EQUIVALENT
CJ-G083-V01,CHANGJIANG-G083,1,1,长江__广义拥挤度__37项全量清单.md,低成交量收益率,低成交量收益率,\(Local_{low20\%}(r,,UNCLASSIFIED,READY_FOR_LOCAL_IMPLEMENTATION,公式可由本地 1 分钟 OHLCV/成交笔数或日线面板直接构造。,,LATENT_COMPONENT,True,PASS_BY_CONSTRUCTION: only same-day intraday inputs; published daily value is lagged by the repository loader,,READY_FOR_LOCAL_IMPLEMENTATION
CJ-G084-V01,CHANGJIANG-G084,1,1,长江__广义拥挤度__37项全量清单.md,收益成交量相关性,收益成交量相关性,"\(corr(r,V)\)",,UNCLASSIFIED,READY_FOR_LOCAL_IMPLEMENTATION,公式可由本地 1 分钟 OHLCV/成交笔数或日线面板直接构造。,same family as G043/G076; different weighting must be checked,LATENT_COMPONENT,True,PASS_BY_CONSTRUCTION: only same-day intraday inputs; published daily value is lagged by the repository loader,,READY_FOR_LOCAL_IMPLEMENTATION
CJ-G085-V01,CHANGJIANG-G085,1,1,长江__广义拥挤度__37项全量清单.md,每笔加权收益率,每笔加权收益率,"\(\sum \widetilde{V/N}\,r\)",,UNCLASSIFIED,READY_FOR_LOCAL_IMPLEMENTATION,公式可由本地 1 分钟 OHLCV/成交笔数或日线面板直接构造。,,LATENT_COMPONENT,True,PASS_BY_CONSTRUCTION: only same-day intraday inputs; published daily value is lagged by the repository loader,,READY_FOR_LOCAL_IMPLEMENTATION
CJ-G086-V01,CHANGJIANG-G086,1,1,长江__广义拥挤度__37项全量清单.md,收益每笔相关性,收益每笔相关性,"\(corr(r,V/N)\)",,UNCLASSIFIED,READY_FOR_LOCAL_IMPLEMENTATION,公式可由本地 1 分钟 OHLCV/成交笔数或日线面板直接构造。,,LATENT_COMPONENT,True,PASS_BY_CONSTRUCTION: only same-day intraday inputs; published daily value is lagged by the repository loader,,READY_FOR_LOCAL_IMPLEMENTATION
CJ-G087-V01,CHANGJIANG-G087,1,1,长江__广义拥挤度__37项全量清单.md,低波动收益率,低波动收益率,\(Local_{low20\%}(r,,UNCLASSIFIED,READY_FOR_LOCAL_IMPLEMENTATION,公式可由本地 1 分钟 OHLCV/成交笔数或日线面板直接构造。,,LATENT_COMPONENT,True,PASS_BY_CONSTRUCTION: only same-day intraday inputs; published daily value is lagged by the repository loader,,READY_FOR_LOCAL_IMPLEMENTATION
CJ-G088-V01,CHANGJIANG-G088,1,1,长江__广义拥挤度__37项全量清单.md,波动率加权收益率,波动率加权收益率,"\(\sum \widetilde{Vol}\,r\)",,UNCLASSIFIED,READY_FOR_LOCAL_IMPLEMENTATION,公式可由本地 1 分钟 OHLCV/成交笔数或日线面板直接构造。,,LATENT_COMPONENT,True,PASS_BY_CONSTRUCTION: only same-day intraday inputs; published daily value is lagged by the repository loader,,READY_FOR_LOCAL_IMPLEMENTATION
CJ-G089-V01,CHANGJIANG-G089,1,1,长江__广义拥挤度__37项全量清单.md,收益波动相关性,收益波动相关性,"\(corr(r,Vol)\)",,UNCLASSIFIED,READY_FOR_LOCAL_IMPLEMENTATION,公式可由本地 1 分钟 OHLCV/成交笔数或日线面板直接构造。,,LATENT_COMPONENT,True,PASS_BY_CONSTRUCTION: only same-day intraday inputs; published daily value is lagged by the repository loader,,READY_FOR_LOCAL_IMPLEMENTATION
CJ-G090-V01,CHANGJIANG-G090,1,1,长江__广义拥挤度__37项全量清单.md,低波动交易成本,低波动交易成本,\(Local_{low20\%}(VWAP,,UNCLASSIFIED,READY_FOR_LOCAL_IMPLEMENTATION,公式可由本地 1 分钟 OHLCV/成交笔数或日线面板直接构造。,,LATENT_COMPONENT,True,PASS_BY_CONSTRUCTION: only same-day intraday inputs; published daily value is lagged by the repository loader,,READY_FOR_LOCAL_IMPLEMENTATION
CJ-G091-V01,CHANGJIANG-G091,1,1,长江__广义拥挤度__37项全量清单.md,高波动交易成本,高波动交易成本,\(Local_{high20\%}(VWAP,,UNCLASSIFIED,READY_FOR_LOCAL_IMPLEMENTATION,公式可由本地 1 分钟 OHLCV/成交笔数或日线面板直接构造。,,LATENT_COMPONENT,True,PASS_BY_CONSTRUCTION: only same-day intraday inputs; published daily value is lagged by the repository loader,,READY_FOR_LOCAL_IMPLEMENTATION
CJ-G092-V01,CHANGJIANG-G092,1,1,长江__广义拥挤度__37项全量清单.md,波动率加权均价,波动率加权均价,"\(\sum\widetilde{Vol}\,VWAP\)",,UNCLASSIFIED,READY_FOR_LOCAL_IMPLEMENTATION,公式可由本地 1 分钟 OHLCV/成交笔数或日线面板直接构造。,,LATENT_COMPONENT,True,PASS_BY_CONSTRUCTION: only same-day intraday inputs; published daily value is lagged by the repository loader,,READY_FOR_LOCAL_IMPLEMENTATION
CJ-G093-V01,CHANGJIANG-G093,1,1,长江__广义拥挤度__37项全量清单.md,量流动性相关性,量流动性相关性,"\(corr(V,",同属性重复，报告验证弱；derivable,LOCAL_CONSTRUCTIBLE,BLOCKED_FORMULA_UNDERDETERMINED,报告清单不足以唯一冻结权重、窗口、归一化或被损坏的公式。,,LATENT_COMPONENT,True,PASS_BY_CONSTRUCTION: only same-day intraday inputs; published daily value is lagged by the repository loader,,BLOCKED_FORMULA_UNDERDETERMINED
CJ-G094-V01,CHANGJIANG-G094,1,1,长江__广义拥挤度__37项全量清单.md,收益主买占比相关性,收益主买占比相关性,"\(corr(r,BuyShare)\)",,UNCLASSIFIED,BLOCKED_PROXY_NOT_EQUIVALENT,主动买卖方向不可由分钟 K 线无损恢复；不得以 proxy 冒充原式。,,LATENT_COMPONENT,True,PASS_BY_CONSTRUCTION: only same-day intraday inputs; published daily value is lagged by the repository loader,,BLOCKED_PROXY_NOT_EQUIVALENT
CJ-G095-V01,CHANGJIANG-G095,1,1,长江__广义拥挤度__37项全量清单.md,成交量加权均价,成交量加权均价,\(\sum V_iVWAP_i/\sum V_i\) 相对全区间均价,,UNCLASSIFIED,READY_FOR_LOCAL_IMPLEMENTATION,公式可由本地 1 分钟 OHLCV/成交笔数或日线面板直接构造。,,LATENT_COMPONENT,True,PASS_BY_CONSTRUCTION: only same-day intraday inputs; published daily value is lagged by the repository loader,,READY_FOR_LOCAL_IMPLEMENTATION
CJ-G096-V01,CHANGJIANG-G096,1,1,长江__广义拥挤度__37项全量清单.md,成交量价相关性,成交量价相关性,"\(corr(V,VWAP)\)",,UNCLASSIFIED,READY_FOR_LOCAL_IMPLEMENTATION,公式可由本地 1 分钟 OHLCV/成交笔数或日线面板直接构造。,CHANGJIANG-G032/G052,LATENT_COMPONENT,True,PASS_BY_CONSTRUCTION: only same-day intraday inputs; published daily value is lagged by the repository loader,CJ-G032-V01,STATIC_DUPLICATE_OR_REUSE
CJ-G097-V01,CHANGJIANG-G097,1,1,长江__广义拥挤度__37项全量清单.md,低每笔交易成本,低每笔交易成本,\(Local_{low20\%}(VWAP,,UNCLASSIFIED,READY_FOR_LOCAL_IMPLEMENTATION,公式可由本地 1 分钟 OHLCV/成交笔数或日线面板直接构造。,,LATENT_COMPONENT,True,PASS_BY_CONSTRUCTION: only same-day intraday inputs; published daily value is lagged by the repository loader,,READY_FOR_LOCAL_IMPLEMENTATION
CJ-G098-V01,CHANGJIANG-G098,1,1,长江__广义拥挤度__37项全量清单.md,高每笔交易成本,高每笔交易成本,\(Local_{high20\%}(VWAP,,UNCLASSIFIED,READY_FOR_LOCAL_IMPLEMENTATION,公式可由本地 1 分钟 OHLCV/成交笔数或日线面板直接构造。,,LATENT_COMPONENT,True,PASS_BY_CONSTRUCTION: only same-day intraday inputs; published daily value is lagged by the repository loader,,READY_FOR_LOCAL_IMPLEMENTATION
CJ-G099-V01,CHANGJIANG-G099,1,1,长江__广义拥挤度__37项全量清单.md,每笔加权均价,每笔加权均价,"\(\sum\widetilde{V/N}\,VWAP\)",,UNCLASSIFIED,READY_FOR_LOCAL_IMPLEMENTATION,公式可由本地 1 分钟 OHLCV/成交笔数或日线面板直接构造。,,LATENT_COMPONENT,True,PASS_BY_CONSTRUCTION: only same-day intraday inputs; published daily value is lagged by the repository loader,,READY_FOR_LOCAL_IMPLEMENTATION
CJ-G100-V01,CHANGJIANG-G100,1,1,长江__广义拥挤度__37项全量清单.md,低价每笔成交,低价每笔成交,\(Local_{low20\%}(V/N,,UNCLASSIFIED,READY_FOR_LOCAL_IMPLEMENTATION,公式可由本地 1 分钟 OHLCV/成交笔数或日线面板直接构造。,,LATENT_COMPONENT,True,PASS_BY_CONSTRUCTION: only same-day intraday inputs; published daily value is lagged by the repository loader,,READY_FOR_LOCAL_IMPLEMENTATION
CJ-G101-V01,CHANGJIANG-G101,1,1,长江__广义拥挤度__37项全量清单.md,高价每笔成交,高价每笔成交,\(Local_{high20\%}(V/N,,UNCLASSIFIED,READY_FOR_LOCAL_IMPLEMENTATION,公式可由本地 1 分钟 OHLCV/成交笔数或日线面板直接构造。,,LATENT_COMPONENT,True,PASS_BY_CONSTRUCTION: only same-day intraday inputs; published daily value is lagged by the repository loader,,READY_FOR_LOCAL_IMPLEMENTATION
CJ-G102-V01,CHANGJIANG-G102,1,1,长江__广义拥挤度__37项全量清单.md,价每笔相关性,价每笔相关性,"\(corr(Price,V/N)\)",,UNCLASSIFIED,READY_FOR_LOCAL_IMPLEMENTATION,公式可由本地 1 分钟 OHLCV/成交笔数或日线面板直接构造。,,LATENT_COMPONENT,True,PASS_BY_CONSTRUCTION: only same-day intraday inputs; published daily value is lagged by the repository loader,,READY_FOR_LOCAL_IMPLEMENTATION
CJ-G103-V01,CHANGJIANG-G103,1,5,长江__交易行情收益来源__34项全量清单.md,非流动性 \(mean(,非流动性_mean_abs_r_over_amount,非流动性 \(mean(,/A)\)；回归非流动性 `slope(log,UNCLASSIFIED,READY_FOR_LOCAL_IMPLEMENTATION,分钟收益和成交额齐备。,,LATENT_COMPONENT,True,PASS_BY_CONSTRUCTION: only same-day intraday inputs; published daily value is lagged by the repository loader,,READY_FOR_LOCAL_IMPLEMENTATION
CJ-G103-V02,CHANGJIANG-G103,2,5,长江__交易行情收益来源__34项全量清单.md,非流动性 \(mean(,回归非流动性_slope_log_abs_r_on_log_amount,非流动性 \(mean(,/A)\)；回归非流动性 `slope(log,UNCLASSIFIED,READY_FOR_LOCAL_IMPLEMENTATION,分钟收益和成交额齐备。,,LATENT_COMPONENT,True,PASS_BY_CONSTRUCTION: only same-day intraday inputs; published daily value is lagged by the repository loader,,READY_FOR_LOCAL_IMPLEMENTATION
CJ-G103-V03,CHANGJIANG-G103,3,5,长江__交易行情收益来源__34项全量清单.md,非流动性 \(mean(,每笔成交额,非流动性 \(mean(,/A)\)；回归非流动性 `slope(log,UNCLASSIFIED,READY_FOR_LOCAL_IMPLEMENTATION,amount/deal_number 可直接构造。,,LATENT_COMPONENT,True,PASS_BY_CONSTRUCTION: only same-day intraday inputs; published daily value is lagged by the repository loader,,READY_FOR_LOCAL_IMPLEMENTATION
CJ-G103-V04,CHANGJIANG-G103,4,5,长江__交易行情收益来源__34项全量清单.md,非流动性 \(mean(,每笔成交额分位数,非流动性 \(mean(,/A)\)；回归非流动性 `slope(log,UNCLASSIFIED,READY_FOR_LOCAL_IMPLEMENTATION,报告给出 q15、q5 与 min 的确定表达式。,,LATENT_COMPONENT,True,PASS_BY_CONSTRUCTION: only same-day intraday inputs; published daily value is lagged by the repository loader,,READY_FOR_LOCAL_IMPLEMENTATION
CJ-G103-V05,CHANGJIANG-G103,5,5,长江__交易行情收益来源__34项全量清单.md,非流动性 \(mean(,成交量波峰,非流动性 \(mean(,/A)\)；回归非流动性 `slope(log,UNCLASSIFIED,READY_FOR_LOCAL_IMPLEMENTATION,1σ 阈值和去连续规则已给出。,,LATENT_COMPONENT,True,PASS_BY_CONSTRUCTION: only same-day intraday inputs; published daily value is lagged by the repository loader,,READY_FOR_LOCAL_IMPLEMENTATION
CJ-G104-V01,CHANGJIANG-G104,1,6,长江__交易行情收益来源__34项全量清单.md,每笔流出额占比；低量每笔成交；高量每笔成交；高密度每笔成交（以 \(\log(,每笔流出额占比,每笔流出额占比；低量每笔成交；高量每笔成交；高密度每笔成交（以 \(\log(,/V)\) 最高20%筛选）；量大每笔流出额占比；一致卖出占比（\((C-O)\) 与 \(0.95(H-L)\) 判方向）,UNCLASSIFIED,BLOCKED_PROXY_NOT_EQUIVALENT,需要主动流出方向。,,LATENT_COMPONENT,True,PASS_BY_CONSTRUCTION: only same-day intraday inputs; published daily value is lagged by the repository loader,,BLOCKED_PROXY_NOT_EQUIVALENT
CJ-G104-V02,CHANGJIANG-G104,2,6,长江__交易行情收益来源__34项全量清单.md,每笔流出额占比；低量每笔成交；高量每笔成交；高密度每笔成交（以 \(\log(,低量每笔成交,每笔流出额占比；低量每笔成交；高量每笔成交；高密度每笔成交（以 \(\log(,/V)\) 最高20%筛选）；量大每笔流出额占比；一致卖出占比（\((C-O)\) 与 \(0.95(H-L)\) 判方向）,UNCLASSIFIED,READY_FOR_LOCAL_IMPLEMENTATION,分钟量与成交笔数齐备。,,LATENT_COMPONENT,True,PASS_BY_CONSTRUCTION: only same-day intraday inputs; published daily value is lagged by the repository loader,,READY_FOR_LOCAL_IMPLEMENTATION
CJ-G104-V03,CHANGJIANG-G104,3,6,长江__交易行情收益来源__34项全量清单.md,每笔流出额占比；低量每笔成交；高量每笔成交；高密度每笔成交（以 \(\log(,高量每笔成交,每笔流出额占比；低量每笔成交；高量每笔成交；高密度每笔成交（以 \(\log(,/V)\) 最高20%筛选）；量大每笔流出额占比；一致卖出占比（\((C-O)\) 与 \(0.95(H-L)\) 判方向）,UNCLASSIFIED,READY_FOR_LOCAL_IMPLEMENTATION,分钟量与成交笔数齐备。,,LATENT_COMPONENT,True,PASS_BY_CONSTRUCTION: only same-day intraday inputs; published daily value is lagged by the repository loader,,READY_FOR_LOCAL_IMPLEMENTATION
CJ-G104-V04,CHANGJIANG-G104,4,6,长江__交易行情收益来源__34项全量清单.md,每笔流出额占比；低量每笔成交；高量每笔成交；高密度每笔成交（以 \(\log(,高密度每笔成交,每笔流出额占比；低量每笔成交；高量每笔成交；高密度每笔成交（以 \(\log(,/V)\) 最高20%筛选）；量大每笔流出额占比；一致卖出占比（\((C-O)\) 与 \(0.95(H-L)\) 判方向）,UNCLASSIFIED,READY_FOR_LOCAL_IMPLEMENTATION,报告明确以 log(|r|/V) 最高20%筛选。,,LATENT_COMPONENT,True,PASS_BY_CONSTRUCTION: only same-day intraday inputs; published daily value is lagged by the repository loader,,READY_FOR_LOCAL_IMPLEMENTATION
CJ-G104-V05,CHANGJIANG-G104,5,6,长江__交易行情收益来源__34项全量清单.md,每笔流出额占比；低量每笔成交；高量每笔成交；高密度每笔成交（以 \(\log(,量大每笔流出额占比,每笔流出额占比；低量每笔成交；高量每笔成交；高密度每笔成交（以 \(\log(,/V)\) 最高20%筛选）；量大每笔流出额占比；一致卖出占比（\((C-O)\) 与 \(0.95(H-L)\) 判方向）,UNCLASSIFIED,BLOCKED_PROXY_NOT_EQUIVALENT,需要主动流出与大单标识。,,LATENT_COMPONENT,True,PASS_BY_CONSTRUCTION: only same-day intraday inputs; published daily value is lagged by the repository loader,,BLOCKED_PROXY_NOT_EQUIVALENT
CJ-G104-V06,CHANGJIANG-G104,6,6,长江__交易行情收益来源__34项全量清单.md,每笔流出额占比；低量每笔成交；高量每笔成交；高密度每笔成交（以 \(\log(,一致卖出占比,每笔流出额占比；低量每笔成交；高量每笔成交；高密度每笔成交（以 \(\log(,/V)\) 最高20%筛选）；量大每笔流出额占比；一致卖出占比（\((C-O)\) 与 \(0.95(H-L)\) 判方向）,UNCLASSIFIED,BLOCKED_PROXY_NOT_EQUIVALENT,分钟 OHLC 只能做代理，不能等价逐笔卖出。,,LATENT_COMPONENT,True,PASS_BY_CONSTRUCTION: only same-day intraday inputs; published daily value is lagged by the repository loader,,BLOCKED_PROXY_NOT_EQUIVALENT
CJ-G105-V01,CHANGJIANG-G105,1,15,长江__交易行情收益来源__34项全量清单.md,残差波动率；特异率；非流动性变异系数；换手率波动率；换手率变异系数；成交占比熵；高价振幅；残差峰度；收益偏度；左右概率差 `右VaR-左VaR`；左右收益差 `右尾均值-左尾均值`；极端收益；积分相对价格位置 \((TWAP-L)/(H-L)\)；上下行波动占比；量大单买入强度,残差波动率,残差波动率；特异率；非流动性变异系数；换手率波动率；换手率变异系数；成交占比熵；高价振幅；残差峰度；收益偏度；左右概率差 `右VaR-左VaR`；左右收益差 `右尾均值-左尾均值`；极端收益；积分相对价格位置 \((TWAP-L)/(H-L)\)；上下行波动占比；量大单买入强度,普通价量 D；残差类 C；量大单买入 P,UNCLASSIFIED,BLOCKED_PLATFORM_FACTOR_DATA,缺少冻结的回归因子。,,LATENT_COMPONENT,True,PASS_BY_CONSTRUCTION: only same-day intraday inputs; published daily value is lagged by the repository loader,,BLOCKED_PLATFORM_FACTOR_DATA
CJ-G105-V02,CHANGJIANG-G105,2,15,长江__交易行情收益来源__34项全量清单.md,残差波动率；特异率；非流动性变异系数；换手率波动率；换手率变异系数；成交占比熵；高价振幅；残差峰度；收益偏度；左右概率差 `右VaR-左VaR`；左右收益差 `右尾均值-左尾均值`；极端收益；积分相对价格位置 \((TWAP-L)/(H-L)\)；上下行波动占比；量大单买入强度,特异率,残差波动率；特异率；非流动性变异系数；换手率波动率；换手率变异系数；成交占比熵；高价振幅；残差峰度；收益偏度；左右概率差 `右VaR-左VaR`；左右收益差 `右尾均值-左尾均值`；极端收益；积分相对价格位置 \((TWAP-L)/(H-L)\)；上下行波动占比；量大单买入强度,普通价量 D；残差类 C；量大单买入 P,UNCLASSIFIED,BLOCKED_PLATFORM_FACTOR_DATA,缺少冻结的回归因子。,,LATENT_COMPONENT,True,PASS_BY_CONSTRUCTION: only same-day intraday inputs; published daily value is lagged by the repository loader,,BLOCKED_PLATFORM_FACTOR_DATA
CJ-G105-V03,CHANGJIANG-G105,3,15,长江__交易行情收益来源__34项全量清单.md,残差波动率；特异率；非流动性变异系数；换手率波动率；换手率变异系数；成交占比熵；高价振幅；残差峰度；收益偏度；左右概率差 `右VaR-左VaR`；左右收益差 `右尾均值-左尾均值`；极端收益；积分相对价格位置 \((TWAP-L)/(H-L)\)；上下行波动占比；量大单买入强度,非流动性变异系数,残差波动率；特异率；非流动性变异系数；换手率波动率；换手率变异系数；成交占比熵；高价振幅；残差峰度；收益偏度；左右概率差 `右VaR-左VaR`；左右收益差 `右尾均值-左尾均值`；极端收益；积分相对价格位置 \((TWAP-L)/(H-L)\)；上下行波动占比；量大单买入强度,普通价量 D；残差类 C；量大单买入 P,UNCLASSIFIED,READY_FOR_LOCAL_IMPLEMENTATION,分钟 |r|/A 序列齐备。,,LATENT_COMPONENT,True,PASS_BY_CONSTRUCTION: only same-day intraday inputs; published daily value is lagged by the repository loader,,READY_FOR_LOCAL_IMPLEMENTATION
CJ-G105-V04,CHANGJIANG-G105,4,15,长江__交易行情收益来源__34项全量清单.md,残差波动率；特异率；非流动性变异系数；换手率波动率；换手率变异系数；成交占比熵；高价振幅；残差峰度；收益偏度；左右概率差 `右VaR-左VaR`；左右收益差 `右尾均值-左尾均值`；极端收益；积分相对价格位置 \((TWAP-L)/(H-L)\)；上下行波动占比；量大单买入强度,换手率波动率,残差波动率；特异率；非流动性变异系数；换手率波动率；换手率变异系数；成交占比熵；高价振幅；残差峰度；收益偏度；左右概率差 `右VaR-左VaR`；左右收益差 `右尾均值-左尾均值`；极端收益；积分相对价格位置 \((TWAP-L)/(H-L)\)；上下行波动占比；量大单买入强度,普通价量 D；残差类 C；量大单买入 P,UNCLASSIFIED,BLOCKED_TURNOVER_CONTRACT,缺少流通股本/自由流通股本口径。,,LATENT_COMPONENT,True,PASS_BY_CONSTRUCTION: only same-day intraday inputs; published daily value is lagged by the repository loader,,BLOCKED_TURNOVER_CONTRACT
CJ-G105-V05,CHANGJIANG-G105,5,15,长江__交易行情收益来源__34项全量清单.md,残差波动率；特异率；非流动性变异系数；换手率波动率；换手率变异系数；成交占比熵；高价振幅；残差峰度；收益偏度；左右概率差 `右VaR-左VaR`；左右收益差 `右尾均值-左尾均值`；极端收益；积分相对价格位置 \((TWAP-L)/(H-L)\)；上下行波动占比；量大单买入强度,换手率变异系数,残差波动率；特异率；非流动性变异系数；换手率波动率；换手率变异系数；成交占比熵；高价振幅；残差峰度；收益偏度；左右概率差 `右VaR-左VaR`；左右收益差 `右尾均值-左尾均值`；极端收益；积分相对价格位置 \((TWAP-L)/(H-L)\)；上下行波动占比；量大单买入强度,普通价量 D；残差类 C；量大单买入 P,UNCLASSIFIED,BLOCKED_TURNOVER_CONTRACT,缺少流通股本/自由流通股本口径。,,LATENT_COMPONENT,True,PASS_BY_CONSTRUCTION: only same-day intraday inputs; published daily value is lagged by the repository loader,,BLOCKED_TURNOVER_CONTRACT
CJ-G105-V06,CHANGJIANG-G105,6,15,长江__交易行情收益来源__34项全量清单.md,残差波动率；特异率；非流动性变异系数；换手率波动率；换手率变异系数；成交占比熵；高价振幅；残差峰度；收益偏度；左右概率差 `右VaR-左VaR`；左右收益差 `右尾均值-左尾均值`；极端收益；积分相对价格位置 \((TWAP-L)/(H-L)\)；上下行波动占比；量大单买入强度,成交占比熵,残差波动率；特异率；非流动性变异系数；换手率波动率；换手率变异系数；成交占比熵；高价振幅；残差峰度；收益偏度；左右概率差 `右VaR-左VaR`；左右收益差 `右尾均值-左尾均值`；极端收益；积分相对价格位置 \((TWAP-L)/(H-L)\)；上下行波动占比；量大单买入强度,普通价量 D；残差类 C；量大单买入 P,UNCLASSIFIED,READY_FOR_LOCAL_IMPLEMENTATION,分钟成交量占比可直接构造。,,LATENT_COMPONENT,True,PASS_BY_CONSTRUCTION: only same-day intraday inputs; published daily value is lagged by the repository loader,,READY_FOR_LOCAL_IMPLEMENTATION
CJ-G105-V07,CHANGJIANG-G105,7,15,长江__交易行情收益来源__34项全量清单.md,残差波动率；特异率；非流动性变异系数；换手率波动率；换手率变异系数；成交占比熵；高价振幅；残差峰度；收益偏度；左右概率差 `右VaR-左VaR`；左右收益差 `右尾均值-左尾均值`；极端收益；积分相对价格位置 \((TWAP-L)/(H-L)\)；上下行波动占比；量大单买入强度,高价振幅,残差波动率；特异率；非流动性变异系数；换手率波动率；换手率变异系数；成交占比熵；高价振幅；残差峰度；收益偏度；左右概率差 `右VaR-左VaR`；左右收益差 `右尾均值-左尾均值`；极端收益；积分相对价格位置 \((TWAP-L)/(H-L)\)；上下行波动占比；量大单买入强度,普通价量 D；残差类 C；量大单买入 P,UNCLASSIFIED,READY_FOR_LOCAL_IMPLEMENTATION,分钟 OHLC 与价格分位齐备。,,LATENT_COMPONENT,True,PASS_BY_CONSTRUCTION: only same-day intraday inputs; published daily value is lagged by the repository loader,,READY_FOR_LOCAL_IMPLEMENTATION
CJ-G105-V08,CHANGJIANG-G105,8,15,长江__交易行情收益来源__34项全量清单.md,残差波动率；特异率；非流动性变异系数；换手率波动率；换手率变异系数；成交占比熵；高价振幅；残差峰度；收益偏度；左右概率差 `右VaR-左VaR`；左右收益差 `右尾均值-左尾均值`；极端收益；积分相对价格位置 \((TWAP-L)/(H-L)\)；上下行波动占比；量大单买入强度,残差峰度,残差波动率；特异率；非流动性变异系数；换手率波动率；换手率变异系数；成交占比熵；高价振幅；残差峰度；收益偏度；左右概率差 `右VaR-左VaR`；左右收益差 `右尾均值-左尾均值`；极端收益；积分相对价格位置 \((TWAP-L)/(H-L)\)；上下行波动占比；量大单买入强度,普通价量 D；残差类 C；量大单买入 P,UNCLASSIFIED,BLOCKED_PLATFORM_FACTOR_DATA,缺少冻结的回归因子。,,LATENT_COMPONENT,True,PASS_BY_CONSTRUCTION: only same-day intraday inputs; published daily value is lagged by the repository loader,,BLOCKED_PLATFORM_FACTOR_DATA
CJ-G105-V09,CHANGJIANG-G105,9,15,长江__交易行情收益来源__34项全量清单.md,残差波动率；特异率；非流动性变异系数；换手率波动率；换手率变异系数；成交占比熵；高价振幅；残差峰度；收益偏度；左右概率差 `右VaR-左VaR`；左右收益差 `右尾均值-左尾均值`；极端收益；积分相对价格位置 \((TWAP-L)/(H-L)\)；上下行波动占比；量大单买入强度,收益偏度,残差波动率；特异率；非流动性变异系数；换手率波动率；换手率变异系数；成交占比熵；高价振幅；残差峰度；收益偏度；左右概率差 `右VaR-左VaR`；左右收益差 `右尾均值-左尾均值`；极端收益；积分相对价格位置 \((TWAP-L)/(H-L)\)；上下行波动占比；量大单买入强度,普通价量 D；残差类 C；量大单买入 P,UNCLASSIFIED,READY_FOR_LOCAL_IMPLEMENTATION,分钟收益序列齐备。,,LATENT_COMPONENT,True,PASS_BY_CONSTRUCTION: only same-day intraday inputs; published daily value is lagged by the repository loader,,READY_FOR_LOCAL_IMPLEMENTATION
CJ-G105-V10,CHANGJIANG-G105,10,15,长江__交易行情收益来源__34项全量清单.md,残差波动率；特异率；非流动性变异系数；换手率波动率；换手率变异系数；成交占比熵；高价振幅；残差峰度；收益偏度；左右概率差 `右VaR-左VaR`；左右收益差 `右尾均值-左尾均值`；极端收益；积分相对价格位置 \((TWAP-L)/(H-L)\)；上下行波动占比；量大单买入强度,左右概率差,残差波动率；特异率；非流动性变异系数；换手率波动率；换手率变异系数；成交占比熵；高价振幅；残差峰度；收益偏度；左右概率差 `右VaR-左VaR`；左右收益差 `右尾均值-左尾均值`；极端收益；积分相对价格位置 \((TWAP-L)/(H-L)\)；上下行波动占比；量大单买入强度,普通价量 D；残差类 C；量大单买入 P,UNCLASSIFIED,BLOCKED_FORMULA_UNDERDETERMINED,报告未披露 VaR 分位点。,,LATENT_COMPONENT,True,PASS_BY_CONSTRUCTION: only same-day intraday inputs; published daily value is lagged by the repository loader,,BLOCKED_FORMULA_UNDERDETERMINED
CJ-G105-V11,CHANGJIANG-G105,11,15,长江__交易行情收益来源__34项全量清单.md,残差波动率；特异率；非流动性变异系数；换手率波动率；换手率变异系数；成交占比熵；高价振幅；残差峰度；收益偏度；左右概率差 `右VaR-左VaR`；左右收益差 `右尾均值-左尾均值`；极端收益；积分相对价格位置 \((TWAP-L)/(H-L)\)；上下行波动占比；量大单买入强度,左右收益差,残差波动率；特异率；非流动性变异系数；换手率波动率；换手率变异系数；成交占比熵；高价振幅；残差峰度；收益偏度；左右概率差 `右VaR-左VaR`；左右收益差 `右尾均值-左尾均值`；极端收益；积分相对价格位置 \((TWAP-L)/(H-L)\)；上下行波动占比；量大单买入强度,普通价量 D；残差类 C；量大单买入 P,UNCLASSIFIED,BLOCKED_FORMULA_UNDERDETERMINED,报告未披露尾部阈值。,,LATENT_COMPONENT,True,PASS_BY_CONSTRUCTION: only same-day intraday inputs; published daily value is lagged by the repository loader,,BLOCKED_FORMULA_UNDERDETERMINED
CJ-G105-V12,CHANGJIANG-G105,12,15,长江__交易行情收益来源__34项全量清单.md,残差波动率；特异率；非流动性变异系数；换手率波动率；换手率变异系数；成交占比熵；高价振幅；残差峰度；收益偏度；左右概率差 `右VaR-左VaR`；左右收益差 `右尾均值-左尾均值`；极端收益；积分相对价格位置 \((TWAP-L)/(H-L)\)；上下行波动占比；量大单买入强度,极端收益,残差波动率；特异率；非流动性变异系数；换手率波动率；换手率变异系数；成交占比熵；高价振幅；残差峰度；收益偏度；左右概率差 `右VaR-左VaR`；左右收益差 `右尾均值-左尾均值`；极端收益；积分相对价格位置 \((TWAP-L)/(H-L)\)；上下行波动占比；量大单买入强度,普通价量 D；残差类 C；量大单买入 P,UNCLASSIFIED,BLOCKED_FORMULA_UNDERDETERMINED,报告未披露极端收益阈值。,,LATENT_COMPONENT,True,PASS_BY_CONSTRUCTION: only same-day intraday inputs; published daily value is lagged by the repository loader,,BLOCKED_FORMULA_UNDERDETERMINED
CJ-G105-V13,CHANGJIANG-G105,13,15,长江__交易行情收益来源__34项全量清单.md,残差波动率；特异率；非流动性变异系数；换手率波动率；换手率变异系数；成交占比熵；高价振幅；残差峰度；收益偏度；左右概率差 `右VaR-左VaR`；左右收益差 `右尾均值-左尾均值`；极端收益；积分相对价格位置 \((TWAP-L)/(H-L)\)；上下行波动占比；量大单买入强度,积分相对价格位置,残差波动率；特异率；非流动性变异系数；换手率波动率；换手率变异系数；成交占比熵；高价振幅；残差峰度；收益偏度；左右概率差 `右VaR-左VaR`；左右收益差 `右尾均值-左尾均值`；极端收益；积分相对价格位置 \((TWAP-L)/(H-L)\)；上下行波动占比；量大单买入强度,普通价量 D；残差类 C；量大单买入 P,UNCLASSIFIED,READY_FOR_LOCAL_IMPLEMENTATION,TWAP、日高低价齐备。,,LATENT_COMPONENT,True,PASS_BY_CONSTRUCTION: only same-day intraday inputs; published daily value is lagged by the repository loader,,READY_FOR_LOCAL_IMPLEMENTATION
CJ-G105-V14,CHANGJIANG-G105,14,15,长江__交易行情收益来源__34项全量清单.md,残差波动率；特异率；非流动性变异系数；换手率波动率；换手率变异系数；成交占比熵；高价振幅；残差峰度；收益偏度；左右概率差 `右VaR-左VaR`；左右收益差 `右尾均值-左尾均值`；极端收益；积分相对价格位置 \((TWAP-L)/(H-L)\)；上下行波动占比；量大单买入强度,上下行波动占比,残差波动率；特异率；非流动性变异系数；换手率波动率；换手率变异系数；成交占比熵；高价振幅；残差峰度；收益偏度；左右概率差 `右VaR-左VaR`；左右收益差 `右尾均值-左尾均值`；极端收益；积分相对价格位置 \((TWAP-L)/(H-L)\)；上下行波动占比；量大单买入强度,普通价量 D；残差类 C；量大单买入 P,UNCLASSIFIED,READY_FOR_LOCAL_IMPLEMENTATION,分钟正负收益平方和齐备。,,LATENT_COMPONENT,True,PASS_BY_CONSTRUCTION: only same-day intraday inputs; published daily value is lagged by the repository loader,,READY_FOR_LOCAL_IMPLEMENTATION
CJ-G105-V15,CHANGJIANG-G105,15,15,长江__交易行情收益来源__34项全量清单.md,残差波动率；特异率；非流动性变异系数；换手率波动率；换手率变异系数；成交占比熵；高价振幅；残差峰度；收益偏度；左右概率差 `右VaR-左VaR`；左右收益差 `右尾均值-左尾均值`；极端收益；积分相对价格位置 \((TWAP-L)/(H-L)\)；上下行波动占比；量大单买入强度,量大单买入强度,残差波动率；特异率；非流动性变异系数；换手率波动率；换手率变异系数；成交占比熵；高价振幅；残差峰度；收益偏度；左右概率差 `右VaR-左VaR`；左右收益差 `右尾均值-左尾均值`；极端收益；积分相对价格位置 \((TWAP-L)/(H-L)\)；上下行波动占比；量大单买入强度,普通价量 D；残差类 C；量大单买入 P,UNCLASSIFIED,BLOCKED_PROXY_NOT_EQUIVALENT,需要大小单与主动买入方向。,,LATENT_COMPONENT,True,PASS_BY_CONSTRUCTION: only same-day intraday inputs; published daily value is lagged by the repository loader,,BLOCKED_PROXY_NOT_EQUIVALENT
CJ-G106-V01,CHANGJIANG-G106,1,5,长江__交易行情收益来源__34项全量清单.md,量价秩相关性；成交量加权价格偏度；时量价比 `TWAP/VWAP`；高量交易成本；高价成交占比,量价秩相关性；成交量加权价格偏度；时量价比 `TWAP/VWAP`；高量交易成本；高价成交占比 :: variant 01/05,量价秩相关性；成交量加权价格偏度；时量价比 `TWAP/VWAP`；高量交易成本；高价成交占比,D,UNCLASSIFIED,READY_FOR_LOCAL_IMPLEMENTATION,公式可由本地 1 分钟 OHLCV/成交笔数或日线面板直接构造。,,LATENT_COMPONENT,True,PASS_BY_CONSTRUCTION: only same-day intraday inputs; published daily value is lagged by the repository loader,,READY_FOR_LOCAL_IMPLEMENTATION
CJ-G106-V02,CHANGJIANG-G106,2,5,长江__交易行情收益来源__34项全量清单.md,量价秩相关性；成交量加权价格偏度；时量价比 `TWAP/VWAP`；高量交易成本；高价成交占比,量价秩相关性；成交量加权价格偏度；时量价比 `TWAP/VWAP`；高量交易成本；高价成交占比 :: variant 02/05,量价秩相关性；成交量加权价格偏度；时量价比 `TWAP/VWAP`；高量交易成本；高价成交占比,D,UNCLASSIFIED,READY_FOR_LOCAL_IMPLEMENTATION,公式可由本地 1 分钟 OHLCV/成交笔数或日线面板直接构造。,,LATENT_COMPONENT,True,PASS_BY_CONSTRUCTION: only same-day intraday inputs; published daily value is lagged by the repository loader,CJ-G034-V01,STATIC_DUPLICATE_OR_REUSE
CJ-G106-V03,CHANGJIANG-G106,3,5,长江__交易行情收益来源__34项全量清单.md,量价秩相关性；成交量加权价格偏度；时量价比 `TWAP/VWAP`；高量交易成本；高价成交占比,量价秩相关性；成交量加权价格偏度；时量价比 `TWAP/VWAP`；高量交易成本；高价成交占比 :: variant 03/05,量价秩相关性；成交量加权价格偏度；时量价比 `TWAP/VWAP`；高量交易成本；高价成交占比,D,UNCLASSIFIED,READY_FOR_LOCAL_IMPLEMENTATION,公式可由本地 1 分钟 OHLCV/成交笔数或日线面板直接构造。,,LATENT_COMPONENT,True,PASS_BY_CONSTRUCTION: only same-day intraday inputs; published daily value is lagged by the repository loader,,READY_FOR_LOCAL_IMPLEMENTATION
CJ-G106-V04,CHANGJIANG-G106,4,5,长江__交易行情收益来源__34项全量清单.md,量价秩相关性；成交量加权价格偏度；时量价比 `TWAP/VWAP`；高量交易成本；高价成交占比,量价秩相关性；成交量加权价格偏度；时量价比 `TWAP/VWAP`；高量交易成本；高价成交占比 :: variant 04/05,量价秩相关性；成交量加权价格偏度；时量价比 `TWAP/VWAP`；高量交易成本；高价成交占比,D,UNCLASSIFIED,READY_FOR_LOCAL_IMPLEMENTATION,公式可由本地 1 分钟 OHLCV/成交笔数或日线面板直接构造。,,LATENT_COMPONENT,True,PASS_BY_CONSTRUCTION: only same-day intraday inputs; published daily value is lagged by the repository loader,CJ-G074-V01,STATIC_DUPLICATE_OR_REUSE
CJ-G106-V05,CHANGJIANG-G106,5,5,长江__交易行情收益来源__34项全量清单.md,量价秩相关性；成交量加权价格偏度；时量价比 `TWAP/VWAP`；高量交易成本；高价成交占比,量价秩相关性；成交量加权价格偏度；时量价比 `TWAP/VWAP`；高量交易成本；高价成交占比 :: variant 05/05,量价秩相关性；成交量加权价格偏度；时量价比 `TWAP/VWAP`；高量交易成本；高价成交占比,D,UNCLASSIFIED,READY_FOR_LOCAL_IMPLEMENTATION,公式可由本地 1 分钟 OHLCV/成交笔数或日线面板直接构造。,,LATENT_COMPONENT,True,PASS_BY_CONSTRUCTION: only same-day intraday inputs; published daily value is lagged by the repository loader,CJ-G067-V01,STATIC_DUPLICATE_OR_REUSE
CJ-G107-V01,CHANGJIANG-G107,1,2,长江__交易行情收益来源__34项全量清单.md,短期反转：每笔成交量后20%段对数收益和；每笔成交收益 Beta：`slope(r ~ 每笔成交额)`,短期反转：每笔成交量后20%段对数收益和；每笔成交收益 Beta：`slope(r ~ 每笔成交额)` :: variant 01/02,短期反转：每笔成交量后20%段对数收益和；每笔成交收益 Beta：`slope(r ~ 每笔成交额)`,D,UNCLASSIFIED,READY_FOR_LOCAL_IMPLEMENTATION,公式可由本地 1 分钟 OHLCV/成交笔数或日线面板直接构造。,,LATENT_COMPONENT,True,PASS_BY_CONSTRUCTION: only same-day intraday inputs; published daily value is lagged by the repository loader,,READY_FOR_LOCAL_IMPLEMENTATION
CJ-G107-V02,CHANGJIANG-G107,2,2,长江__交易行情收益来源__34项全量清单.md,短期反转：每笔成交量后20%段对数收益和；每笔成交收益 Beta：`slope(r ~ 每笔成交额)`,短期反转：每笔成交量后20%段对数收益和；每笔成交收益 Beta：`slope(r ~ 每笔成交额)` :: variant 02/02,短期反转：每笔成交量后20%段对数收益和；每笔成交收益 Beta：`slope(r ~ 每笔成交额)`,D,UNCLASSIFIED,READY_FOR_LOCAL_IMPLEMENTATION,公式可由本地 1 分钟 OHLCV/成交笔数或日线面板直接构造。,,LATENT_COMPONENT,True,PASS_BY_CONSTRUCTION: only same-day intraday inputs; published daily value is lagged by the repository loader,,READY_FOR_LOCAL_IMPLEMENTATION
CJ-G108-V01,CHANGJIANG-G108,1,1,长江__交易行情收益来源__34项全量清单.md,短期动量：每笔成交量前20%段对数收益和,短期动量：每笔成交量前20%段对数收益和,短期动量：每笔成交量前20%段对数收益和,D,UNCLASSIFIED,READY_FOR_LOCAL_IMPLEMENTATION,公式可由本地 1 分钟 OHLCV/成交笔数或日线面板直接构造。,,LATENT_COMPONENT,True,PASS_BY_CONSTRUCTION: only same-day intraday inputs; published daily value is lagged by the repository loader,,READY_FOR_LOCAL_IMPLEMENTATION
CJ-G109-V01,CHANGJIANG-G109,1,1,长江__高频与深度学习异同__12项全量清单.md,特异率,特异率,\(1-R^2\)，21 日 Fama-French 三因子回归,derivable / platform_check_required,PLATFORM_CHECK,BLOCKED_PLATFORM_FACTOR_DATA,需要市场/风格/行业暴露、Fama-French 回归或报告外公共因子。,,LATENT_COMPONENT,True,PASS_BY_CONSTRUCTION: only same-day intraday inputs; published daily value is lagged by the repository loader,,BLOCKED_PLATFORM_FACTOR_DATA
CJ-G110-V01,CHANGJIANG-G110,1,1,长江__高频与深度学习异同__12项全量清单.md,残差波动率,残差波动率,\(sd(\epsilon)\),derivable / platform_check_required,PLATFORM_CHECK,BLOCKED_PLATFORM_FACTOR_DATA,需要市场/风格/行业暴露、Fama-French 回归或报告外公共因子。,,LATENT_COMPONENT,True,PASS_BY_CONSTRUCTION: only same-day intraday inputs; published daily value is lagged by the repository loader,,BLOCKED_PLATFORM_FACTOR_DATA
CJ-G111-V01,CHANGJIANG-G111,1,1,长江__高频与深度学习异同__12项全量清单.md,空头意愿,空头意愿,5m 成交量后20%段每笔成交额/全段每笔成交额,derivable / extend_daily_aggregation,LOCAL_CONSTRUCTIBLE,READY_FOR_LOCAL_IMPLEMENTATION,公式可由本地 1 分钟 OHLCV/成交笔数或日线面板直接构造。,,LATENT_COMPONENT,True,PASS_BY_CONSTRUCTION: only same-day intraday inputs; published daily value is lagged by the repository loader,,READY_FOR_LOCAL_IMPLEMENTATION
CJ-G112-V01,CHANGJIANG-G112,1,1,长江__高频与深度学习异同__12项全量清单.md,量价相关性,量价相关性,21 日成交量与复权收盘价秩相关,derivable / extend_daily_aggregation,LOCAL_CONSTRUCTIBLE,READY_FOR_LOCAL_IMPLEMENTATION,公式可由本地 1 分钟 OHLCV/成交笔数或日线面板直接构造。,daily-frequency version; compare G032/G052,LATENT_COMPONENT,True,PASS_BY_CONSTRUCTION: only same-day intraday inputs; published daily value is lagged by the repository loader,,READY_FOR_LOCAL_IMPLEMENTATION
CJ-G113-V01,CHANGJIANG-G113,1,1,长江__高频与深度学习异同__12项全量清单.md,加权偏度,加权偏度,21 日成交量加权收盘价偏度,derivable / extend_daily_aggregation,LOCAL_CONSTRUCTIBLE,READY_FOR_LOCAL_IMPLEMENTATION,公式可由本地 1 分钟 OHLCV/成交笔数或日线面板直接构造。,,LATENT_COMPONENT,True,PASS_BY_CONSTRUCTION: only same-day intraday inputs; published daily value is lagged by the repository loader,CJ-G034-V01,STATIC_DUPLICATE_OR_REUSE
CJ-G114-V01,CHANGJIANG-G114,1,1,长江__高频与深度学习异同__12项全量清单.md,波峰,波峰,1m 成交量 `均值+1σ` 局部峰数的 20 日均值,direct / extend_daily_aggregation,LOCAL_CONSTRUCTIBLE,READY_FOR_LOCAL_IMPLEMENTATION,公式可由本地 1 分钟 OHLCV/成交笔数或日线面板直接构造。,CHANGJIANG-G055,LATENT_COMPONENT,True,PASS_BY_CONSTRUCTION: only same-day intraday inputs; published daily value is lagged by the repository loader,CJ-G055-V01,STATIC_DUPLICATE_OR_REUSE
CJ-G115-V01,CHANGJIANG-G115,1,1,长江__高频与深度学习异同__12项全量清单.md,非流动性,非流动性,收益轨迹路径/总成交额,derivable / extend_daily_aggregation,LOCAL_CONSTRUCTIBLE,READY_FOR_LOCAL_IMPLEMENTATION,公式可由本地 1 分钟 OHLCV/成交笔数或日线面板直接构造。,,LATENT_COMPONENT,True,PASS_BY_CONSTRUCTION: only same-day intraday inputs; published daily value is lagged by the repository loader,,READY_FOR_LOCAL_IMPLEMENTATION
CJ-G116-V01,CHANGJIANG-G116,1,1,长江__高频与深度学习异同__12项全量清单.md,短期动量,短期动量,5m \(V/N\) 前20%段对数收益和,derivable / extend_daily_aggregation,LOCAL_CONSTRUCTIBLE,READY_FOR_LOCAL_IMPLEMENTATION,公式可由本地 1 分钟 OHLCV/成交笔数或日线面板直接构造。,CHANGJIANG-G108,LATENT_COMPONENT,True,PASS_BY_CONSTRUCTION: only same-day intraday inputs; published daily value is lagged by the repository loader,CJ-G108-V01,STATIC_DUPLICATE_OR_REUSE
CJ-G117-V01,CHANGJIANG-G117,1,1,长江__高频与深度学习异同__12项全量清单.md,短期反转,短期反转,5m \(V/N\) 后20%段对数收益和,derivable / extend_daily_aggregation,LOCAL_CONSTRUCTIBLE,READY_FOR_LOCAL_IMPLEMENTATION,公式可由本地 1 分钟 OHLCV/成交笔数或日线面板直接构造。,CHANGJIANG-G107,LATENT_COMPONENT,True,PASS_BY_CONSTRUCTION: only same-day intraday inputs; published daily value is lagged by the repository loader,CJ-G107-V01,STATIC_DUPLICATE_OR_REUSE
CJ-G118-V01,CHANGJIANG-G118,1,1,长江__高频与深度学习异同__12项全量清单.md,高频动态合成,高频动态合成,单因子过去一年信息比排序权重占 70%，\(,动态集中于近期有效机制,UNCLASSIFIED,BLOCKED_FORMULA_UNDERDETERMINED,报告清单不足以唯一冻结权重、窗口、归一化或被损坏的公式。,,LATENT_COMPONENT,True,PASS_BY_CONSTRUCTION: only same-day intraday inputs; published daily value is lagged by the repository loader,,BLOCKED_FORMULA_UNDERDETERMINED
CJ-G119-V01,CHANGJIANG-G119,1,1,长江__高频与深度学习异同__12项全量清单.md,TCN 深度学习因子,TCN 深度学习因子,引用《神经网络因子挖掘——TCN 日频量价因子》的最终输出,unknown / blocked,UNAVAILABLE_OR_BLOCKED,BLOCKED_TICK_OR_MODEL_DATA,需要逐笔委托/成交或报告外模型输出；本地分钟数据不能等价恢复。,,LATENT_COMPONENT,True,PASS_BY_CONSTRUCTION: only same-day intraday inputs; published daily value is lagged by the repository loader,,BLOCKED_TICK_OR_MODEL_DATA
CJ-G120-V01,CHANGJIANG-G120,1,1,长江__高频与深度学习异同__12项全量清单.md,残差深度学习因子,残差深度学习因子,\(Residual(DL\sim 1\text{–}9)\),unknown / blocked,UNAVAILABLE_OR_BLOCKED,BLOCKED_TICK_OR_MODEL_DATA,需要逐笔委托/成交或报告外模型输出；本地分钟数据不能等价恢复。,,LATENT_COMPONENT,True,PASS_BY_CONSTRUCTION: only same-day intraday inputs; published daily value is lagged by the repository loader,,BLOCKED_TICK_OR_MODEL_DATA
CJ-G121-V01,CHANGJIANG-G121,1,5,长江__2024年有效因子__20项全量清单.md,特异率 \(1-R^2\)；残差波动率 \(sd(\epsilon)\)；换手率波动率 \(sd(turn)\)；换手率变异系数 \(sd(turn)/mean(turn)\)；残差峰度 \(kurt(\epsilon)\),特异率,特异率 \(1-R^2\)；残差波动率 \(sd(\epsilon)\)；换手率波动率 \(sd(turn)\)；换手率变异系数 \(sd(turn)/mean(turn)\)；残差峰度 \(kurt(\epsilon)\),普通换手 direct / ready；残差类 derivable / platform_check_required,PLATFORM_CHECK,BLOCKED_PLATFORM_FACTOR_DATA,缺少冻结的回归因子。,,LATENT_COMPONENT,True,PASS_BY_CONSTRUCTION: only same-day intraday inputs; published daily value is lagged by the repository loader,,BLOCKED_PLATFORM_FACTOR_DATA
CJ-G121-V02,CHANGJIANG-G121,2,5,长江__2024年有效因子__20项全量清单.md,特异率 \(1-R^2\)；残差波动率 \(sd(\epsilon)\)；换手率波动率 \(sd(turn)\)；换手率变异系数 \(sd(turn)/mean(turn)\)；残差峰度 \(kurt(\epsilon)\),残差波动率,特异率 \(1-R^2\)；残差波动率 \(sd(\epsilon)\)；换手率波动率 \(sd(turn)\)；换手率变异系数 \(sd(turn)/mean(turn)\)；残差峰度 \(kurt(\epsilon)\),普通换手 direct / ready；残差类 derivable / platform_check_required,PLATFORM_CHECK,BLOCKED_PLATFORM_FACTOR_DATA,缺少冻结的回归因子。,,LATENT_COMPONENT,True,PASS_BY_CONSTRUCTION: only same-day intraday inputs; published daily value is lagged by the repository loader,,BLOCKED_PLATFORM_FACTOR_DATA
CJ-G121-V03,CHANGJIANG-G121,3,5,长江__2024年有效因子__20项全量清单.md,特异率 \(1-R^2\)；残差波动率 \(sd(\epsilon)\)；换手率波动率 \(sd(turn)\)；换手率变异系数 \(sd(turn)/mean(turn)\)；残差峰度 \(kurt(\epsilon)\),换手率波动率,特异率 \(1-R^2\)；残差波动率 \(sd(\epsilon)\)；换手率波动率 \(sd(turn)\)；换手率变异系数 \(sd(turn)/mean(turn)\)；残差峰度 \(kurt(\epsilon)\),普通换手 direct / ready；残差类 derivable / platform_check_required,PLATFORM_CHECK,BLOCKED_TURNOVER_CONTRACT,缺少流通股本口径。,,LATENT_COMPONENT,True,PASS_BY_CONSTRUCTION: only same-day intraday inputs; published daily value is lagged by the repository loader,,BLOCKED_TURNOVER_CONTRACT
CJ-G121-V04,CHANGJIANG-G121,4,5,长江__2024年有效因子__20项全量清单.md,特异率 \(1-R^2\)；残差波动率 \(sd(\epsilon)\)；换手率波动率 \(sd(turn)\)；换手率变异系数 \(sd(turn)/mean(turn)\)；残差峰度 \(kurt(\epsilon)\),换手率变异系数,特异率 \(1-R^2\)；残差波动率 \(sd(\epsilon)\)；换手率波动率 \(sd(turn)\)；换手率变异系数 \(sd(turn)/mean(turn)\)；残差峰度 \(kurt(\epsilon)\),普通换手 direct / ready；残差类 derivable / platform_check_required,PLATFORM_CHECK,BLOCKED_TURNOVER_CONTRACT,缺少流通股本口径。,,LATENT_COMPONENT,True,PASS_BY_CONSTRUCTION: only same-day intraday inputs; published daily value is lagged by the repository loader,,BLOCKED_TURNOVER_CONTRACT
CJ-G121-V05,CHANGJIANG-G121,5,5,长江__2024年有效因子__20项全量清单.md,特异率 \(1-R^2\)；残差波动率 \(sd(\epsilon)\)；换手率波动率 \(sd(turn)\)；换手率变异系数 \(sd(turn)/mean(turn)\)；残差峰度 \(kurt(\epsilon)\),残差峰度,特异率 \(1-R^2\)；残差波动率 \(sd(\epsilon)\)；换手率波动率 \(sd(turn)\)；换手率变异系数 \(sd(turn)/mean(turn)\)；残差峰度 \(kurt(\epsilon)\),普通换手 direct / ready；残差类 derivable / platform_check_required,PLATFORM_CHECK,BLOCKED_PLATFORM_FACTOR_DATA,缺少冻结的回归因子。,,LATENT_COMPONENT,True,PASS_BY_CONSTRUCTION: only same-day intraday inputs; published daily value is lagged by the repository loader,,BLOCKED_PLATFORM_FACTOR_DATA
CJ-G122-V01,CHANGJIANG-G122,1,3,长江__2024年有效因子__20项全量清单.md,每笔成交 \(V/N\)；高量成交占比：5m 高量20%段每笔成交额/全段；低量成交占比：5m 低量20%段每笔成交额/全段,每笔成交 \(V/N\)；高量成交占比：5m 高量20%段每笔成交额/全段；低量成交占比：5m 低量20%段每笔成交额/全段 :: variant 01/03,每笔成交 \(V/N\)；高量成交占比：5m 高量20%段每笔成交额/全段；低量成交占比：5m 低量20%段每笔成交额/全段,derivable / extend_daily_aggregation,LOCAL_CONSTRUCTIBLE,READY_FOR_LOCAL_IMPLEMENTATION,公式可由本地 1 分钟 OHLCV/成交笔数或日线面板直接构造。,reuse G046/G077/G078 where parameter-identical,LATENT_COMPONENT,True,PASS_BY_CONSTRUCTION: only same-day intraday inputs; published daily value is lagged by the repository loader,,READY_FOR_LOCAL_IMPLEMENTATION
CJ-G122-V02,CHANGJIANG-G122,2,3,长江__2024年有效因子__20项全量清单.md,每笔成交 \(V/N\)；高量成交占比：5m 高量20%段每笔成交额/全段；低量成交占比：5m 低量20%段每笔成交额/全段,每笔成交 \(V/N\)；高量成交占比：5m 高量20%段每笔成交额/全段；低量成交占比：5m 低量20%段每笔成交额/全段 :: variant 02/03,每笔成交 \(V/N\)；高量成交占比：5m 高量20%段每笔成交额/全段；低量成交占比：5m 低量20%段每笔成交额/全段,derivable / extend_daily_aggregation,LOCAL_CONSTRUCTIBLE,READY_FOR_LOCAL_IMPLEMENTATION,公式可由本地 1 分钟 OHLCV/成交笔数或日线面板直接构造。,reuse G046/G077/G078 where parameter-identical,LATENT_COMPONENT,True,PASS_BY_CONSTRUCTION: only same-day intraday inputs; published daily value is lagged by the repository loader,,READY_FOR_LOCAL_IMPLEMENTATION
CJ-G122-V03,CHANGJIANG-G122,3,3,长江__2024年有效因子__20项全量清单.md,每笔成交 \(V/N\)；高量成交占比：5m 高量20%段每笔成交额/全段；低量成交占比：5m 低量20%段每笔成交额/全段,每笔成交 \(V/N\)；高量成交占比：5m 高量20%段每笔成交额/全段；低量成交占比：5m 低量20%段每笔成交额/全段 :: variant 03/03,每笔成交 \(V/N\)；高量成交占比：5m 高量20%段每笔成交额/全段；低量成交占比：5m 低量20%段每笔成交额/全段,derivable / extend_daily_aggregation,LOCAL_CONSTRUCTIBLE,READY_FOR_LOCAL_IMPLEMENTATION,公式可由本地 1 分钟 OHLCV/成交笔数或日线面板直接构造。,reuse G046/G077/G078 where parameter-identical,LATENT_COMPONENT,True,PASS_BY_CONSTRUCTION: only same-day intraday inputs; published daily value is lagged by the repository loader,,READY_FOR_LOCAL_IMPLEMENTATION
CJ-G123-V01,CHANGJIANG-G123,1,6,长江__2024年有效因子__20项全量清单.md,量价秩相关性；成交量加权价格偏度；时量价比 `TWAP/VWAP`；高量交易成本；高价成交占比；成交占比熵 \(H(V_i/\sum V)\),量价秩相关性；成交量加权价格偏度；时量价比 `TWAP/VWAP`；高量交易成本；高价成交占比；成交占比熵 \(H(V_i/\sum V)\) :: variant 01/06,量价秩相关性；成交量加权价格偏度；时量价比 `TWAP/VWAP`；高量交易成本；高价成交占比；成交占比熵 \(H(V_i/\sum V)\),derivable / extend_daily_aggregation,LOCAL_CONSTRUCTIBLE,READY_FOR_LOCAL_IMPLEMENTATION,公式可由本地 1 分钟 OHLCV/成交笔数或日线面板直接构造。,reuse G032-G036/G067/G074 where parameter-identical,LATENT_COMPONENT,True,PASS_BY_CONSTRUCTION: only same-day intraday inputs; published daily value is lagged by the repository loader,CJ-G106-V01,STATIC_DUPLICATE_OR_REUSE
CJ-G123-V02,CHANGJIANG-G123,2,6,长江__2024年有效因子__20项全量清单.md,量价秩相关性；成交量加权价格偏度；时量价比 `TWAP/VWAP`；高量交易成本；高价成交占比；成交占比熵 \(H(V_i/\sum V)\),量价秩相关性；成交量加权价格偏度；时量价比 `TWAP/VWAP`；高量交易成本；高价成交占比；成交占比熵 \(H(V_i/\sum V)\) :: variant 02/06,量价秩相关性；成交量加权价格偏度；时量价比 `TWAP/VWAP`；高量交易成本；高价成交占比；成交占比熵 \(H(V_i/\sum V)\),derivable / extend_daily_aggregation,LOCAL_CONSTRUCTIBLE,READY_FOR_LOCAL_IMPLEMENTATION,公式可由本地 1 分钟 OHLCV/成交笔数或日线面板直接构造。,reuse G032-G036/G067/G074 where parameter-identical,LATENT_COMPONENT,True,PASS_BY_CONSTRUCTION: only same-day intraday inputs; published daily value is lagged by the repository loader,CJ-G106-V02,STATIC_DUPLICATE_OR_REUSE
CJ-G123-V03,CHANGJIANG-G123,3,6,长江__2024年有效因子__20项全量清单.md,量价秩相关性；成交量加权价格偏度；时量价比 `TWAP/VWAP`；高量交易成本；高价成交占比；成交占比熵 \(H(V_i/\sum V)\),量价秩相关性；成交量加权价格偏度；时量价比 `TWAP/VWAP`；高量交易成本；高价成交占比；成交占比熵 \(H(V_i/\sum V)\) :: variant 03/06,量价秩相关性；成交量加权价格偏度；时量价比 `TWAP/VWAP`；高量交易成本；高价成交占比；成交占比熵 \(H(V_i/\sum V)\),derivable / extend_daily_aggregation,LOCAL_CONSTRUCTIBLE,READY_FOR_LOCAL_IMPLEMENTATION,公式可由本地 1 分钟 OHLCV/成交笔数或日线面板直接构造。,reuse G032-G036/G067/G074 where parameter-identical,LATENT_COMPONENT,True,PASS_BY_CONSTRUCTION: only same-day intraday inputs; published daily value is lagged by the repository loader,CJ-G106-V03,STATIC_DUPLICATE_OR_REUSE
CJ-G123-V04,CHANGJIANG-G123,4,6,长江__2024年有效因子__20项全量清单.md,量价秩相关性；成交量加权价格偏度；时量价比 `TWAP/VWAP`；高量交易成本；高价成交占比；成交占比熵 \(H(V_i/\sum V)\),量价秩相关性；成交量加权价格偏度；时量价比 `TWAP/VWAP`；高量交易成本；高价成交占比；成交占比熵 \(H(V_i/\sum V)\) :: variant 04/06,量价秩相关性；成交量加权价格偏度；时量价比 `TWAP/VWAP`；高量交易成本；高价成交占比；成交占比熵 \(H(V_i/\sum V)\),derivable / extend_daily_aggregation,LOCAL_CONSTRUCTIBLE,READY_FOR_LOCAL_IMPLEMENTATION,公式可由本地 1 分钟 OHLCV/成交笔数或日线面板直接构造。,reuse G032-G036/G067/G074 where parameter-identical,LATENT_COMPONENT,True,PASS_BY_CONSTRUCTION: only same-day intraday inputs; published daily value is lagged by the repository loader,CJ-G106-V04,STATIC_DUPLICATE_OR_REUSE
CJ-G123-V05,CHANGJIANG-G123,5,6,长江__2024年有效因子__20项全量清单.md,量价秩相关性；成交量加权价格偏度；时量价比 `TWAP/VWAP`；高量交易成本；高价成交占比；成交占比熵 \(H(V_i/\sum V)\),量价秩相关性；成交量加权价格偏度；时量价比 `TWAP/VWAP`；高量交易成本；高价成交占比；成交占比熵 \(H(V_i/\sum V)\) :: variant 05/06,量价秩相关性；成交量加权价格偏度；时量价比 `TWAP/VWAP`；高量交易成本；高价成交占比；成交占比熵 \(H(V_i/\sum V)\),derivable / extend_daily_aggregation,LOCAL_CONSTRUCTIBLE,READY_FOR_LOCAL_IMPLEMENTATION,公式可由本地 1 分钟 OHLCV/成交笔数或日线面板直接构造。,reuse G032-G036/G067/G074 where parameter-identical,LATENT_COMPONENT,True,PASS_BY_CONSTRUCTION: only same-day intraday inputs; published daily value is lagged by the repository loader,CJ-G106-V05,STATIC_DUPLICATE_OR_REUSE
CJ-G123-V06,CHANGJIANG-G123,6,6,长江__2024年有效因子__20项全量清单.md,量价秩相关性；成交量加权价格偏度；时量价比 `TWAP/VWAP`；高量交易成本；高价成交占比；成交占比熵 \(H(V_i/\sum V)\),量价秩相关性；成交量加权价格偏度；时量价比 `TWAP/VWAP`；高量交易成本；高价成交占比；成交占比熵 \(H(V_i/\sum V)\) :: variant 06/06,量价秩相关性；成交量加权价格偏度；时量价比 `TWAP/VWAP`；高量交易成本；高价成交占比；成交占比熵 \(H(V_i/\sum V)\),derivable / extend_daily_aggregation,LOCAL_CONSTRUCTIBLE,READY_FOR_LOCAL_IMPLEMENTATION,公式可由本地 1 分钟 OHLCV/成交笔数或日线面板直接构造。,reuse G032-G036/G067/G074 where parameter-identical,LATENT_COMPONENT,True,PASS_BY_CONSTRUCTION: only same-day intraday inputs; published daily value is lagged by the repository loader,CJ-G036-V01,STATIC_DUPLICATE_OR_REUSE
CJ-G124-V01,CHANGJIANG-G124,1,2,长江__2024年有效因子__20项全量清单.md,波峰；轨迹非流动性 \(\log\prod(1+,成交量波峰,波峰；轨迹非流动性 \(\log\prod(1+,)/\sum A\),UNCLASSIFIED,READY_FOR_LOCAL_IMPLEMENTATION,均值+1σ 及去连续规则可复现。,,LATENT_COMPONENT,True,PASS_BY_CONSTRUCTION: only same-day intraday inputs; published daily value is lagged by the repository loader,CJ-G055-V01,STATIC_DUPLICATE_OR_REUSE
CJ-G124-V02,CHANGJIANG-G124,2,2,长江__2024年有效因子__20项全量清单.md,波峰；轨迹非流动性 \(\log\prod(1+,轨迹非流动性,波峰；轨迹非流动性 \(\log\prod(1+,)/\sum A\),UNCLASSIFIED,READY_FOR_LOCAL_IMPLEMENTATION,log(1+|r|) 路径与成交额齐备。,,LATENT_COMPONENT,True,PASS_BY_CONSTRUCTION: only same-day intraday inputs; published daily value is lagged by the repository loader,CJ-G115-V01,STATIC_DUPLICATE_OR_REUSE
CJ-G125-V01,CHANGJIANG-G125,1,4,长江__2024年有效因子__20项全量清单.md,短期动量（低 \(V/N\) 20%收益和）；短期反转（高 \(V/N\) 20%收益和）；每笔成交收益 Beta `slope(r~A/N)`；收益偏度,短期动量（低 \(V/N\) 20%收益和）；短期反转（高 \(V/N\) 20%收益和）；每笔成交收益 Beta `slope(r~A/N)`；收益偏度 :: variant 01/04,短期动量（低 \(V/N\) 20%收益和）；短期反转（高 \(V/N\) 20%收益和）；每笔成交收益 Beta `slope(r~A/N)`；收益偏度,derivable / extend_daily_aggregation,LOCAL_CONSTRUCTIBLE,READY_FOR_LOCAL_IMPLEMENTATION,公式可由本地 1 分钟 OHLCV/成交笔数或日线面板直接构造。,reuse G046/G048-G050/G107-G108 where parameter-identical,LATENT_COMPONENT,True,PASS_BY_CONSTRUCTION: only same-day intraday inputs; published daily value is lagged by the repository loader,CJ-G108-V01,STATIC_DUPLICATE_OR_REUSE
CJ-G125-V02,CHANGJIANG-G125,2,4,长江__2024年有效因子__20项全量清单.md,短期动量（低 \(V/N\) 20%收益和）；短期反转（高 \(V/N\) 20%收益和）；每笔成交收益 Beta `slope(r~A/N)`；收益偏度,短期动量（低 \(V/N\) 20%收益和）；短期反转（高 \(V/N\) 20%收益和）；每笔成交收益 Beta `slope(r~A/N)`；收益偏度 :: variant 02/04,短期动量（低 \(V/N\) 20%收益和）；短期反转（高 \(V/N\) 20%收益和）；每笔成交收益 Beta `slope(r~A/N)`；收益偏度,derivable / extend_daily_aggregation,LOCAL_CONSTRUCTIBLE,READY_FOR_LOCAL_IMPLEMENTATION,公式可由本地 1 分钟 OHLCV/成交笔数或日线面板直接构造。,reuse G046/G048-G050/G107-G108 where parameter-identical,LATENT_COMPONENT,True,PASS_BY_CONSTRUCTION: only same-day intraday inputs; published daily value is lagged by the repository loader,CJ-G107-V01,STATIC_DUPLICATE_OR_REUSE
CJ-G125-V03,CHANGJIANG-G125,3,4,长江__2024年有效因子__20项全量清单.md,短期动量（低 \(V/N\) 20%收益和）；短期反转（高 \(V/N\) 20%收益和）；每笔成交收益 Beta `slope(r~A/N)`；收益偏度,短期动量（低 \(V/N\) 20%收益和）；短期反转（高 \(V/N\) 20%收益和）；每笔成交收益 Beta `slope(r~A/N)`；收益偏度 :: variant 03/04,短期动量（低 \(V/N\) 20%收益和）；短期反转（高 \(V/N\) 20%收益和）；每笔成交收益 Beta `slope(r~A/N)`；收益偏度,derivable / extend_daily_aggregation,LOCAL_CONSTRUCTIBLE,READY_FOR_LOCAL_IMPLEMENTATION,公式可由本地 1 分钟 OHLCV/成交笔数或日线面板直接构造。,reuse G046/G048-G050/G107-G108 where parameter-identical,LATENT_COMPONENT,True,PASS_BY_CONSTRUCTION: only same-day intraday inputs; published daily value is lagged by the repository loader,CJ-G107-V02,STATIC_DUPLICATE_OR_REUSE
CJ-G125-V04,CHANGJIANG-G125,4,4,长江__2024年有效因子__20项全量清单.md,短期动量（低 \(V/N\) 20%收益和）；短期反转（高 \(V/N\) 20%收益和）；每笔成交收益 Beta `slope(r~A/N)`；收益偏度,短期动量（低 \(V/N\) 20%收益和）；短期反转（高 \(V/N\) 20%收益和）；每笔成交收益 Beta `slope(r~A/N)`；收益偏度 :: variant 04/04,短期动量（低 \(V/N\) 20%收益和）；短期反转（高 \(V/N\) 20%收益和）；每笔成交收益 Beta `slope(r~A/N)`；收益偏度,derivable / extend_daily_aggregation,LOCAL_CONSTRUCTIBLE,READY_FOR_LOCAL_IMPLEMENTATION,公式可由本地 1 分钟 OHLCV/成交笔数或日线面板直接构造。,reuse G046/G048-G050/G107-G108 where parameter-identical,LATENT_COMPONENT,True,PASS_BY_CONSTRUCTION: only same-day intraday inputs; published daily value is lagged by the repository loader,CJ-G105-V09,STATIC_DUPLICATE_OR_REUSE
